<?xml version="1.0" encoding="UTF-8" standalone="no" ?>
<gpx xmlns="http://www.topografix.com/GPX/1/1" xmlns:xsi="http://www.w3.org/2001/XMLSchema-instance" xsi:schemaLocation="http://www.topografix.com/GPX/1/1 http://www.topografix.com/GPX/1/1/gpx.xsd" version="1.1" creator="EditGPX">
  <metadata>
    <name>TK1</name>
  </metadata>
  <trk>
    <name><![CDATA[KAPP complet v1 23]]></name>
    <desc><![CDATA[DEVELOPED

DEVELOPED_WITH_SIGNS

DEVELOPED

PLANNING

PLANNING

PLANNING

DEVELOPED

UNDER_DEVELOPMENT

DEVELOPED

DEVELOPED

UNDER_DEVELOPMENT





DEVELOPED

DEVELOPED_WITH_SIGNS

DEVELOPED

PLANNING

PLANNING

PLANNING

DEVELOPED

UNDER_DEVELOPMENT

DEVELOPED

DEVELOPED

UNDER_DEVELOPMENT]]></desc>
    <extensions>
      <line xmlns="http://www.topografix.com/GPX/gpx_style/0/2">
        <color>0432ff</color>
        <opacity>1</opacity>
        <width>4</width>
      </line>
    </extensions>
    <trkseg>
      <trkpt lat="36.042059" lon="-5.626712">
        <ele>2.9</ele>
      </trkpt>
      <trkpt lat="36.042323" lon="-5.626474">
        <ele>2.8</ele>
      </trkpt>
      <trkpt lat="36.042784" lon="-5.626152">
        <ele>2.1</ele>
      </trkpt>
      <trkpt lat="36.042990" lon="-5.626139">
        <ele>1.6</ele>
      </trkpt>
      <trkpt lat="36.043605" lon="-5.626197">
        <ele>1.2</ele>
      </trkpt>
      <trkpt lat="36.043760" lon="-5.626086">
        <ele>1.5</ele>
      </trkpt>
      <trkpt lat="36.044276" lon="-5.625222">
        <ele>2.4</ele>
      </trkpt>
      <trkpt lat="36.044574" lon="-5.624964">
        <ele>2.1</ele>
      </trkpt>
      <trkpt lat="36.045363" lon="-5.624366">
        <ele>1.1</ele>
      </trkpt>
      <trkpt lat="36.046959" lon="-5.623258">
        <ele>2.6</ele>
      </trkpt>
      <trkpt lat="36.047103" lon="-5.623198">
        <ele>3.9</ele>
      </trkpt>
      <trkpt lat="36.047254" lon="-5.623189">
        <ele>4.5</ele>
      </trkpt>
      <trkpt lat="36.047402" lon="-5.623233">
        <ele>3.4</ele>
      </trkpt>
      <trkpt lat="36.050197" lon="-5.624638">
        <ele>3.6</ele>
      </trkpt>
      <trkpt lat="36.053567" lon="-5.626608">
        <ele>2.1</ele>
      </trkpt>
      <trkpt lat="36.054170" lon="-5.627140">
        <ele>2.9</ele>
      </trkpt>
      <trkpt lat="36.056157" lon="-5.629417">
        <ele>2.2</ele>
      </trkpt>
      <trkpt lat="36.057179" lon="-5.630493">
        <ele>3.5</ele>
      </trkpt>
      <trkpt lat="36.057567" lon="-5.630729">
        <ele>4.3</ele>
      </trkpt>
      <trkpt lat="36.058176" lon="-5.631019">
        <ele>5.3</ele>
      </trkpt>
      <trkpt lat="36.059451" lon="-5.631571">
        <ele>5.7</ele>
      </trkpt>
      <trkpt lat="36.059577" lon="-5.631606">
        <ele>5.7</ele>
      </trkpt>
      <trkpt lat="36.060702" lon="-5.631524">
        <ele>5.7</ele>
      </trkpt>
      <trkpt lat="36.065309" lon="-5.630761">
        <ele>5.8</ele>
      </trkpt>
      <trkpt lat="36.065680" lon="-5.630773">
        <ele>6</ele>
      </trkpt>
      <trkpt lat="36.066684" lon="-5.631000">
        <ele>7.6</ele>
      </trkpt>
      <trkpt lat="36.068378" lon="-5.631102">
        <ele>9.2</ele>
      </trkpt>
      <trkpt lat="36.070921" lon="-5.631991">
        <ele>8.8</ele>
      </trkpt>
      <trkpt lat="36.071278" lon="-5.632060">
        <ele>8.9</ele>
      </trkpt>
      <trkpt lat="36.071989" lon="-5.631955">
        <ele>8.4</ele>
      </trkpt>
      <trkpt lat="36.072708" lon="-5.631716">
        <ele>9.2</ele>
      </trkpt>
      <trkpt lat="36.072900" lon="-5.631687">
        <ele>9.6</ele>
      </trkpt>
      <trkpt lat="36.073717" lon="-5.631876">
        <ele>9.4</ele>
      </trkpt>
      <trkpt lat="36.073852" lon="-5.631875">
        <ele>9.5</ele>
      </trkpt>
      <trkpt lat="36.074858" lon="-5.631649">
        <ele>10.6</ele>
      </trkpt>
      <trkpt lat="36.075091" lon="-5.631647">
        <ele>10.6</ele>
      </trkpt>
      <trkpt lat="36.076000" lon="-5.631858">
        <ele>10.8</ele>
      </trkpt>
      <trkpt lat="36.076263" lon="-5.632034">
        <ele>10.6</ele>
      </trkpt>
      <trkpt lat="36.076449" lon="-5.632254">
        <ele>10.1</ele>
      </trkpt>
      <trkpt lat="36.076617" lon="-5.632345">
        <ele>10.1</ele>
      </trkpt>
      <trkpt lat="36.076823" lon="-5.632353">
        <ele>9.9</ele>
      </trkpt>
      <trkpt lat="36.077254" lon="-5.632144">
        <ele>9.6</ele>
      </trkpt>
      <trkpt lat="36.077415" lon="-5.632012">
        <ele>9.9</ele>
      </trkpt>
      <trkpt lat="36.078052" lon="-5.631344">
        <ele>10.3</ele>
      </trkpt>
      <trkpt lat="36.078308" lon="-5.630718">
        <ele>10.8</ele>
      </trkpt>
      <trkpt lat="36.078946" lon="-5.629643">
        <ele>11.9</ele>
      </trkpt>
      <trkpt lat="36.079187" lon="-5.629391">
        <ele>12.5</ele>
      </trkpt>
      <trkpt lat="36.079400" lon="-5.629125">
        <ele>13.5</ele>
      </trkpt>
      <trkpt lat="36.079471" lon="-5.628988">
        <ele>13.5</ele>
      </trkpt>
      <trkpt lat="36.079610" lon="-5.628675">
        <ele>15.3</ele>
      </trkpt>
      <trkpt lat="36.079759" lon="-5.628152">
        <ele>20.2</ele>
      </trkpt>
      <trkpt lat="36.079900" lon="-5.627787">
        <ele>22.7</ele>
      </trkpt>
      <trkpt lat="36.080514" lon="-5.626587">
        <ele>34.5</ele>
      </trkpt>
      <trkpt lat="36.080611" lon="-5.626320">
        <ele>37.6</ele>
      </trkpt>
      <trkpt lat="36.080520" lon="-5.625502">
        <ele>37.6</ele>
      </trkpt>
      <trkpt lat="36.080540" lon="-5.625320">
        <ele>37.7</ele>
      </trkpt>
      <trkpt lat="36.081053" lon="-5.623951">
        <ele>45.8</ele>
      </trkpt>
      <trkpt lat="36.081181" lon="-5.623681">
        <ele>43.7</ele>
      </trkpt>
      <trkpt lat="36.081362" lon="-5.623463">
        <ele>44.8</ele>
      </trkpt>
      <trkpt lat="36.084416" lon="-5.620768">
        <ele>57</ele>
      </trkpt>
      <trkpt lat="36.084666" lon="-5.620736">
        <ele>57.1</ele>
      </trkpt>
      <trkpt lat="36.085298" lon="-5.621103">
        <ele>58.7</ele>
      </trkpt>
      <trkpt lat="36.085503" lon="-5.621131">
        <ele>58</ele>
      </trkpt>
      <trkpt lat="36.087252" lon="-5.619938">
        <ele>62.4</ele>
      </trkpt>
      <trkpt lat="36.087337" lon="-5.619936">
        <ele>61.3</ele>
      </trkpt>
      <trkpt lat="36.087488" lon="-5.620030">
        <ele>60.4</ele>
      </trkpt>
      <trkpt lat="36.087628" lon="-5.620240">
        <ele>57.7</ele>
      </trkpt>
      <trkpt lat="36.087694" lon="-5.620509">
        <ele>56.7</ele>
      </trkpt>
      <trkpt lat="36.087687" lon="-5.620650">
        <ele>56.7</ele>
      </trkpt>
      <trkpt lat="36.087454" lon="-5.621776">
        <ele>50.8</ele>
      </trkpt>
      <trkpt lat="36.087495" lon="-5.621971">
        <ele>48.8</ele>
      </trkpt>
      <trkpt lat="36.087610" lon="-5.622151">
        <ele>47.3</ele>
      </trkpt>
      <trkpt lat="36.087753" lon="-5.622221">
        <ele>47.3</ele>
      </trkpt>
      <trkpt lat="36.088664" lon="-5.622330">
        <ele>40.3</ele>
      </trkpt>
      <trkpt lat="36.088873" lon="-5.622436">
        <ele>38.1</ele>
      </trkpt>
      <trkpt lat="36.090012" lon="-5.623464">
        <ele>33.5</ele>
      </trkpt>
      <trkpt lat="36.090138" lon="-5.623480">
        <ele>32.1</ele>
      </trkpt>
      <trkpt lat="36.090233" lon="-5.623402">
        <ele>32.5</ele>
      </trkpt>
      <trkpt lat="36.090765" lon="-5.622394">
        <ele>28.9</ele>
      </trkpt>
      <trkpt lat="36.090837" lon="-5.622320">
        <ele>27.1</ele>
      </trkpt>
      <trkpt lat="36.090924" lon="-5.622277">
        <ele>27.1</ele>
      </trkpt>
      <trkpt lat="36.091317" lon="-5.622235">
        <ele>25.5</ele>
      </trkpt>
      <trkpt lat="36.091611" lon="-5.622308">
        <ele>25.5</ele>
      </trkpt>
      <trkpt lat="36.092519" lon="-5.623269">
        <ele>24</ele>
      </trkpt>
      <trkpt lat="36.095922" lon="-5.625662">
        <ele>32.6</ele>
      </trkpt>
      <trkpt lat="36.096123" lon="-5.625928">
        <ele>33.9</ele>
      </trkpt>
      <trkpt lat="36.096542" lon="-5.626622">
        <ele>34.6</ele>
      </trkpt>
      <trkpt lat="36.096810" lon="-5.626861">
        <ele>33.3</ele>
      </trkpt>
      <trkpt lat="36.096968" lon="-5.626927">
        <ele>33.6</ele>
      </trkpt>
      <trkpt lat="36.097035" lon="-5.626921">
        <ele>33.6</ele>
      </trkpt>
      <trkpt lat="36.097183" lon="-5.626826">
        <ele>33.8</ele>
      </trkpt>
      <trkpt lat="36.097679" lon="-5.626297">
        <ele>36.1</ele>
      </trkpt>
      <trkpt lat="36.097769" lon="-5.626235">
        <ele>36.1</ele>
      </trkpt>
      <trkpt lat="36.097867" lon="-5.626221">
        <ele>36.2</ele>
      </trkpt>
      <trkpt lat="36.099435" lon="-5.626917">
        <ele>49.9</ele>
      </trkpt>
      <trkpt lat="36.100033" lon="-5.627237">
        <ele>53.4</ele>
      </trkpt>
      <trkpt lat="36.100248" lon="-5.627484">
        <ele>54.8</ele>
      </trkpt>
      <trkpt lat="36.101093" lon="-5.628671">
        <ele>60.1</ele>
      </trkpt>
      <trkpt lat="36.102516" lon="-5.629579">
        <ele>67.8</ele>
      </trkpt>
      <trkpt lat="36.102675" lon="-5.629645">
        <ele>68.3</ele>
      </trkpt>
      <trkpt lat="36.102858" lon="-5.629597">
        <ele>68.8</ele>
      </trkpt>
      <trkpt lat="36.103658" lon="-5.628990">
        <ele>75.4</ele>
      </trkpt>
      <trkpt lat="36.104393" lon="-5.628673">
        <ele>78.5</ele>
      </trkpt>
      <trkpt lat="36.105177" lon="-5.628044">
        <ele>86.4</ele>
      </trkpt>
      <trkpt lat="36.106174" lon="-5.627523">
        <ele>81.1</ele>
      </trkpt>
      <trkpt lat="36.106646" lon="-5.626871">
        <ele>87.4</ele>
      </trkpt>
      <trkpt lat="36.106820" lon="-5.626750">
        <ele>85.8</ele>
      </trkpt>
      <trkpt lat="36.107414" lon="-5.626454">
        <ele>84.8</ele>
      </trkpt>
      <trkpt lat="36.107473" lon="-5.626313">
        <ele>87.2</ele>
      </trkpt>
      <trkpt lat="36.107486" lon="-5.625922">
        <ele>89.3</ele>
      </trkpt>
      <trkpt lat="36.107591" lon="-5.625733">
        <ele>89.8</ele>
      </trkpt>
      <trkpt lat="36.107913" lon="-5.625331">
        <ele>91.8</ele>
      </trkpt>
      <trkpt lat="36.108047" lon="-5.625239">
        <ele>91.4</ele>
      </trkpt>
      <trkpt lat="36.108153" lon="-5.625237">
        <ele>91.4</ele>
      </trkpt>
      <trkpt lat="36.108277" lon="-5.625333">
        <ele>92</ele>
      </trkpt>
      <trkpt lat="36.108323" lon="-5.625415">
        <ele>91.1</ele>
      </trkpt>
      <trkpt lat="36.108568" lon="-5.626192">
        <ele>89.9</ele>
      </trkpt>
      <trkpt lat="36.109146" lon="-5.627005">
        <ele>92.9</ele>
      </trkpt>
      <trkpt lat="36.109692" lon="-5.628719">
        <ele>91.4</ele>
      </trkpt>
      <trkpt lat="36.109849" lon="-5.628882">
        <ele>93.4</ele>
      </trkpt>
      <trkpt lat="36.110148" lon="-5.629035">
        <ele>95.7</ele>
      </trkpt>
      <trkpt lat="36.110194" lon="-5.629090">
        <ele>98.8</ele>
      </trkpt>
      <trkpt lat="36.110239" lon="-5.629236">
        <ele>97.5</ele>
      </trkpt>
      <trkpt lat="36.110200" lon="-5.629721">
        <ele>94.8</ele>
      </trkpt>
      <trkpt lat="36.110266" lon="-5.629942">
        <ele>93.6</ele>
      </trkpt>
      <trkpt lat="36.110658" lon="-5.630260">
        <ele>98</ele>
      </trkpt>
      <trkpt lat="36.111034" lon="-5.630913">
        <ele>97.2</ele>
      </trkpt>
      <trkpt lat="36.111558" lon="-5.631307">
        <ele>98</ele>
      </trkpt>
      <trkpt lat="36.112111" lon="-5.631608">
        <ele>95.9</ele>
      </trkpt>
      <trkpt lat="36.113231" lon="-5.632116">
        <ele>94.2</ele>
      </trkpt>
      <trkpt lat="36.113835" lon="-5.632334">
        <ele>99</ele>
      </trkpt>
      <trkpt lat="36.114164" lon="-5.632508">
        <ele>98.1</ele>
      </trkpt>
      <trkpt lat="36.114593" lon="-5.632553">
        <ele>102.6</ele>
      </trkpt>
      <trkpt lat="36.114698" lon="-5.632592">
        <ele>102.6</ele>
      </trkpt>
      <trkpt lat="36.114946" lon="-5.632805">
        <ele>101.7</ele>
      </trkpt>
      <trkpt lat="36.115240" lon="-5.633163">
        <ele>103.3</ele>
      </trkpt>
      <trkpt lat="36.115438" lon="-5.633324">
        <ele>100.7</ele>
      </trkpt>
      <trkpt lat="36.116149" lon="-5.633622">
        <ele>103.7</ele>
      </trkpt>
      <trkpt lat="36.116447" lon="-5.633635">
        <ele>106.3</ele>
      </trkpt>
      <trkpt lat="36.117265" lon="-5.633458">
        <ele>111.6</ele>
      </trkpt>
      <trkpt lat="36.117444" lon="-5.633533">
        <ele>112.8</ele>
      </trkpt>
      <trkpt lat="36.118162" lon="-5.634031">
        <ele>117.7</ele>
      </trkpt>
      <trkpt lat="36.118345" lon="-5.634279">
        <ele>119.6</ele>
      </trkpt>
      <trkpt lat="36.118391" lon="-5.634421">
        <ele>119.6</ele>
      </trkpt>
      <trkpt lat="36.118472" lon="-5.634912">
        <ele>117.5</ele>
      </trkpt>
      <trkpt lat="36.118511" lon="-5.635423">
        <ele>111.9</ele>
      </trkpt>
      <trkpt lat="36.118665" lon="-5.635718">
        <ele>110.4</ele>
      </trkpt>
      <trkpt lat="36.118865" lon="-5.635890">
        <ele>110</ele>
      </trkpt>
      <trkpt lat="36.119431" lon="-5.636125">
        <ele>111.1</ele>
      </trkpt>
      <trkpt lat="36.119663" lon="-5.636159">
        <ele>110.3</ele>
      </trkpt>
      <trkpt lat="36.120021" lon="-5.636028">
        <ele>113.4</ele>
      </trkpt>
      <trkpt lat="36.120156" lon="-5.636088">
        <ele>113.4</ele>
      </trkpt>
      <trkpt lat="36.120340" lon="-5.636515">
        <ele>114</ele>
      </trkpt>
      <trkpt lat="36.120503" lon="-5.637826">
        <ele>121.2</ele>
      </trkpt>
      <trkpt lat="36.120613" lon="-5.638238">
        <ele>120.5</ele>
      </trkpt>
      <trkpt lat="36.120743" lon="-5.638504">
        <ele>120.3</ele>
      </trkpt>
      <trkpt lat="36.121385" lon="-5.639193">
        <ele>121.3</ele>
      </trkpt>
      <trkpt lat="36.121963" lon="-5.639574">
        <ele>127.5</ele>
      </trkpt>
      <trkpt lat="36.122312" lon="-5.639868">
        <ele>127.8</ele>
      </trkpt>
      <trkpt lat="36.122579" lon="-5.640184">
        <ele>127.2</ele>
      </trkpt>
      <trkpt lat="36.123107" lon="-5.641108">
        <ele>134.8</ele>
      </trkpt>
      <trkpt lat="36.123665" lon="-5.641752">
        <ele>134.9</ele>
      </trkpt>
      <trkpt lat="36.124074" lon="-5.642100">
        <ele>133.7</ele>
      </trkpt>
      <trkpt lat="36.125183" lon="-5.642689">
        <ele>139.1</ele>
      </trkpt>
      <trkpt lat="36.125666" lon="-5.643140">
        <ele>147.4</ele>
      </trkpt>
      <trkpt lat="36.126168" lon="-5.643779">
        <ele>143</ele>
      </trkpt>
      <trkpt lat="36.126413" lon="-5.643979">
        <ele>146.8</ele>
      </trkpt>
      <trkpt lat="36.127111" lon="-5.644182">
        <ele>152.7</ele>
      </trkpt>
      <trkpt lat="36.127714" lon="-5.644567">
        <ele>150.2</ele>
      </trkpt>
      <trkpt lat="36.128020" lon="-5.644594">
        <ele>150.9</ele>
      </trkpt>
      <trkpt lat="36.128549" lon="-5.644855">
        <ele>150</ele>
      </trkpt>
      <trkpt lat="36.128877" lon="-5.645172">
        <ele>148.4</ele>
      </trkpt>
      <trkpt lat="36.129020" lon="-5.645376">
        <ele>146.9</ele>
      </trkpt>
      <trkpt lat="36.129082" lon="-5.645615">
        <ele>144.8</ele>
      </trkpt>
      <trkpt lat="36.129084" lon="-5.646019">
        <ele>142.7</ele>
      </trkpt>
      <trkpt lat="36.129180" lon="-5.646221">
        <ele>138.7</ele>
      </trkpt>
      <trkpt lat="36.129387" lon="-5.646389">
        <ele>133.7</ele>
      </trkpt>
      <trkpt lat="36.130019" lon="-5.646667">
        <ele>128.2</ele>
      </trkpt>
      <trkpt lat="36.130668" lon="-5.647011">
        <ele>130.5</ele>
      </trkpt>
      <trkpt lat="36.130831" lon="-5.647152">
        <ele>130.5</ele>
      </trkpt>
      <trkpt lat="36.131230" lon="-5.647663">
        <ele>124.3</ele>
      </trkpt>
      <trkpt lat="36.131439" lon="-5.647836">
        <ele>121.1</ele>
      </trkpt>
      <trkpt lat="36.131659" lon="-5.647947">
        <ele>121.7</ele>
      </trkpt>
      <trkpt lat="36.132020" lon="-5.648004">
        <ele>121.5</ele>
      </trkpt>
      <trkpt lat="36.132143" lon="-5.647991">
        <ele>124.9</ele>
      </trkpt>
      <trkpt lat="36.132514" lon="-5.647849">
        <ele>127.1</ele>
      </trkpt>
      <trkpt lat="36.132638" lon="-5.647842">
        <ele>128.2</ele>
      </trkpt>
      <trkpt lat="36.133745" lon="-5.648601">
        <ele>120.6</ele>
      </trkpt>
      <trkpt lat="36.133904" lon="-5.648792">
        <ele>120.6</ele>
      </trkpt>
      <trkpt lat="36.134203" lon="-5.649610">
        <ele>108.5</ele>
      </trkpt>
      <trkpt lat="36.134346" lon="-5.649839">
        <ele>105.7</ele>
      </trkpt>
      <trkpt lat="36.135098" lon="-5.650464">
        <ele>102.4</ele>
      </trkpt>
      <trkpt lat="36.135601" lon="-5.650691">
        <ele>103</ele>
      </trkpt>
      <trkpt lat="36.136032" lon="-5.650999">
        <ele>96.7</ele>
      </trkpt>
      <trkpt lat="36.136228" lon="-5.651097">
        <ele>96.2</ele>
      </trkpt>
      <trkpt lat="36.136441" lon="-5.651107">
        <ele>95.3</ele>
      </trkpt>
      <trkpt lat="36.136771" lon="-5.650981">
        <ele>94.4</ele>
      </trkpt>
      <trkpt lat="36.136895" lon="-5.651021">
        <ele>94.4</ele>
      </trkpt>
      <trkpt lat="36.136986" lon="-5.651162">
        <ele>94.7</ele>
      </trkpt>
      <trkpt lat="36.137987" lon="-5.653828">
        <ele>80.7</ele>
      </trkpt>
      <trkpt lat="36.138130" lon="-5.654053">
        <ele>78.6</ele>
      </trkpt>
      <trkpt lat="36.138819" lon="-5.654771">
        <ele>74.4</ele>
      </trkpt>
      <trkpt lat="36.139116" lon="-5.655037">
        <ele>73.4</ele>
      </trkpt>
      <trkpt lat="36.140604" lon="-5.656158">
        <ele>72.7</ele>
      </trkpt>
      <trkpt lat="36.140737" lon="-5.656332">
        <ele>71.8</ele>
      </trkpt>
      <trkpt lat="36.149554" lon="-5.670502">
        <ele>43.9</ele>
      </trkpt>
      <trkpt lat="36.156395" lon="-5.681314">
        <ele>29.3</ele>
      </trkpt>
      <trkpt lat="36.156447" lon="-5.681358">
        <ele>29.3</ele>
        <extensions>
          <visugpx:TrkExtension xmlns:visugpx="https://www.visugpx.com/editgpx/">
            <visugpx:node>1</visugpx:node>
          </visugpx:TrkExtension>
        </extensions>
      </trkpt>
      <trkpt lat="36.156468" lon="-5.681309">
        <ele>29.3</ele>
      </trkpt>
      <trkpt lat="36.156588" lon="-5.680496">
        <ele>29.2</ele>
      </trkpt>
      <trkpt lat="36.156678" lon="-5.680274">
        <ele>29.7</ele>
      </trkpt>
      <trkpt lat="36.156742" lon="-5.680193">
        <ele>29.7</ele>
      </trkpt>
      <trkpt lat="36.156757" lon="-5.680043">
        <ele>30.2</ele>
      </trkpt>
      <trkpt lat="36.156966" lon="-5.679548">
        <ele>30.1</ele>
      </trkpt>
      <trkpt lat="36.157414" lon="-5.678289">
        <ele>30.5</ele>
      </trkpt>
      <trkpt lat="36.157445" lon="-5.678185">
        <ele>30.5</ele>
      </trkpt>
      <trkpt lat="36.157335" lon="-5.678134">
        <ele>30.7</ele>
      </trkpt>
      <trkpt lat="36.157458" lon="-5.677748">
        <ele>30.7</ele>
      </trkpt>
      <trkpt lat="36.157697" lon="-5.677181">
        <ele>30.9</ele>
      </trkpt>
      <trkpt lat="36.157823" lon="-5.676953">
        <ele>31</ele>
      </trkpt>
      <trkpt lat="36.158366" lon="-5.676310">
        <ele>31.8</ele>
      </trkpt>
      <trkpt lat="36.159045" lon="-5.675760">
        <ele>30.7</ele>
      </trkpt>
      <trkpt lat="36.159284" lon="-5.675509">
        <ele>30.5</ele>
      </trkpt>
      <trkpt lat="36.159369" lon="-5.675220">
        <ele>30.4</ele>
      </trkpt>
      <trkpt lat="36.159380" lon="-5.674786">
        <ele>30.5</ele>
      </trkpt>
      <trkpt lat="36.159275" lon="-5.674411">
        <ele>30.4</ele>
      </trkpt>
      <trkpt lat="36.159048" lon="-5.673828">
        <ele>32.3</ele>
      </trkpt>
      <trkpt lat="36.158972" lon="-5.673290">
        <ele>34.4</ele>
      </trkpt>
      <trkpt lat="36.158913" lon="-5.673103">
        <ele>35</ele>
      </trkpt>
      <trkpt lat="36.158557" lon="-5.672584">
        <ele>37.8</ele>
      </trkpt>
      <trkpt lat="36.158408" lon="-5.672157">
        <ele>40.8</ele>
      </trkpt>
      <trkpt lat="36.157704" lon="-5.667468">
        <ele>47.3</ele>
      </trkpt>
      <trkpt lat="36.157597" lon="-5.666940">
        <ele>48.5</ele>
      </trkpt>
      <trkpt lat="36.157446" lon="-5.666644">
        <ele>49.7</ele>
      </trkpt>
      <trkpt lat="36.157045" lon="-5.666079">
        <ele>51.5</ele>
      </trkpt>
      <trkpt lat="36.156904" lon="-5.665804">
        <ele>51.6</ele>
      </trkpt>
      <trkpt lat="36.156847" lon="-5.665569">
        <ele>52.6</ele>
      </trkpt>
      <trkpt lat="36.156740" lon="-5.664132">
        <ele>57.3</ele>
      </trkpt>
      <trkpt lat="36.156655" lon="-5.663836">
        <ele>58.7</ele>
      </trkpt>
      <trkpt lat="36.156389" lon="-5.663174">
        <ele>60.5</ele>
      </trkpt>
      <trkpt lat="36.156173" lon="-5.661992">
        <ele>66.1</ele>
      </trkpt>
      <trkpt lat="36.156184" lon="-5.661654">
        <ele>67.1</ele>
      </trkpt>
      <trkpt lat="36.156670" lon="-5.658274">
        <ele>79.9</ele>
      </trkpt>
      <trkpt lat="36.156772" lon="-5.657799">
        <ele>80.7</ele>
      </trkpt>
      <trkpt lat="36.157063" lon="-5.657134">
        <ele>90</ele>
      </trkpt>
      <trkpt lat="36.157167" lon="-5.657001">
        <ele>90</ele>
      </trkpt>
      <trkpt lat="36.157418" lon="-5.656846">
        <ele>93</ele>
      </trkpt>
      <trkpt lat="36.158067" lon="-5.656595">
        <ele>94.6</ele>
      </trkpt>
      <trkpt lat="36.158542" lon="-5.656207">
        <ele>95.1</ele>
      </trkpt>
      <trkpt lat="36.159200" lon="-5.655875">
        <ele>98.8</ele>
      </trkpt>
      <trkpt lat="36.160071" lon="-5.655379">
        <ele>105.8</ele>
      </trkpt>
      <trkpt lat="36.160761" lon="-5.654578">
        <ele>106.8</ele>
      </trkpt>
      <trkpt lat="36.160846" lon="-5.654416">
        <ele>109</ele>
      </trkpt>
      <trkpt lat="36.161083" lon="-5.653771">
        <ele>111.6</ele>
      </trkpt>
      <trkpt lat="36.161459" lon="-5.653399">
        <ele>108.9</ele>
      </trkpt>
      <trkpt lat="36.161530" lon="-5.653207">
        <ele>110.1</ele>
      </trkpt>
      <trkpt lat="36.161515" lon="-5.652982">
        <ele>110</ele>
      </trkpt>
      <trkpt lat="36.161435" lon="-5.652808">
        <ele>109.2</ele>
      </trkpt>
      <trkpt lat="36.161077" lon="-5.652284">
        <ele>113.5</ele>
      </trkpt>
      <trkpt lat="36.160898" lon="-5.651915">
        <ele>112.5</ele>
      </trkpt>
      <trkpt lat="36.160051" lon="-5.649818">
        <ele>110.5</ele>
      </trkpt>
      <trkpt lat="36.159896" lon="-5.649639">
        <ele>112.2</ele>
      </trkpt>
      <trkpt lat="36.159368" lon="-5.649341">
        <ele>113.1</ele>
      </trkpt>
      <trkpt lat="36.159281" lon="-5.649230">
        <ele>113.1</ele>
      </trkpt>
      <trkpt lat="36.159134" lon="-5.649143">
        <ele>116.9</ele>
      </trkpt>
      <trkpt lat="36.158708" lon="-5.648780">
        <ele>117.9</ele>
      </trkpt>
      <trkpt lat="36.158594" lon="-5.648650">
        <ele>117.9</ele>
      </trkpt>
      <trkpt lat="36.158370" lon="-5.648261">
        <ele>112.5</ele>
      </trkpt>
      <trkpt lat="36.158228" lon="-5.647763">
        <ele>109.6</ele>
      </trkpt>
      <trkpt lat="36.157948" lon="-5.645089">
        <ele>96.6</ele>
      </trkpt>
      <trkpt lat="36.157936" lon="-5.644790">
        <ele>96.5</ele>
      </trkpt>
      <trkpt lat="36.157972" lon="-5.644377">
        <ele>97.2</ele>
      </trkpt>
      <trkpt lat="36.158163" lon="-5.643230">
        <ele>99.1</ele>
      </trkpt>
      <trkpt lat="36.158446" lon="-5.642090">
        <ele>99</ele>
      </trkpt>
      <trkpt lat="36.158615" lon="-5.641556">
        <ele>99.7</ele>
      </trkpt>
      <trkpt lat="36.158765" lon="-5.641186">
        <ele>100.9</ele>
      </trkpt>
      <trkpt lat="36.159438" lon="-5.639950">
        <ele>106.2</ele>
      </trkpt>
      <trkpt lat="36.159633" lon="-5.639482">
        <ele>109.3</ele>
      </trkpt>
      <trkpt lat="36.159719" lon="-5.639380">
        <ele>109.3</ele>
      </trkpt>
      <trkpt lat="36.159716" lon="-5.639305">
        <ele>110.3</ele>
      </trkpt>
      <trkpt lat="36.159892" lon="-5.638587">
        <ele>112.3</ele>
      </trkpt>
      <trkpt lat="36.159977" lon="-5.636130">
        <ele>108.1</ele>
      </trkpt>
      <trkpt lat="36.159962" lon="-5.635618">
        <ele>108.5</ele>
      </trkpt>
      <trkpt lat="36.159908" lon="-5.635390">
        <ele>109.1</ele>
      </trkpt>
      <trkpt lat="36.159770" lon="-5.635060">
        <ele>109.7</ele>
      </trkpt>
      <trkpt lat="36.159568" lon="-5.634744">
        <ele>109.8</ele>
      </trkpt>
      <trkpt lat="36.159400" lon="-5.634561">
        <ele>109.8</ele>
      </trkpt>
      <trkpt lat="36.159019" lon="-5.634331">
        <ele>108.9</ele>
      </trkpt>
      <trkpt lat="36.158632" lon="-5.634238">
        <ele>112.3</ele>
      </trkpt>
      <trkpt lat="36.158320" lon="-5.634266">
        <ele>111.4</ele>
      </trkpt>
      <trkpt lat="36.158017" lon="-5.634369">
        <ele>116.7</ele>
      </trkpt>
      <trkpt lat="36.157506" lon="-5.634700">
        <ele>120.8</ele>
      </trkpt>
      <trkpt lat="36.157128" lon="-5.635055">
        <ele>124.6</ele>
      </trkpt>
      <trkpt lat="36.156785" lon="-5.635291">
        <ele>123.8</ele>
      </trkpt>
      <trkpt lat="36.156313" lon="-5.635318">
        <ele>120.3</ele>
      </trkpt>
      <trkpt lat="36.156074" lon="-5.635265">
        <ele>118.9</ele>
      </trkpt>
      <trkpt lat="36.155860" lon="-5.635129">
        <ele>116.9</ele>
      </trkpt>
      <trkpt lat="36.155656" lon="-5.634900">
        <ele>113.8</ele>
      </trkpt>
      <trkpt lat="36.154707" lon="-5.633541">
        <ele>113</ele>
      </trkpt>
      <trkpt lat="36.154422" lon="-5.633280">
        <ele>112.1</ele>
      </trkpt>
      <trkpt lat="36.153937" lon="-5.632964">
        <ele>110.3</ele>
      </trkpt>
      <trkpt lat="36.153361" lon="-5.632735">
        <ele>110</ele>
      </trkpt>
      <trkpt lat="36.152605" lon="-5.632514">
        <ele>109</ele>
      </trkpt>
      <trkpt lat="36.152288" lon="-5.632309">
        <ele>111.9</ele>
      </trkpt>
      <trkpt lat="36.151937" lon="-5.631867">
        <ele>113.8</ele>
      </trkpt>
      <trkpt lat="36.151795" lon="-5.631634">
        <ele>117.1</ele>
      </trkpt>
      <trkpt lat="36.151732" lon="-5.631323">
        <ele>117.9</ele>
      </trkpt>
      <trkpt lat="36.151765" lon="-5.631048">
        <ele>122.1</ele>
      </trkpt>
      <trkpt lat="36.151804" lon="-5.630939">
        <ele>123.8</ele>
      </trkpt>
      <trkpt lat="36.152328" lon="-5.629829">
        <ele>131.9</ele>
      </trkpt>
      <trkpt lat="36.152327" lon="-5.629622">
        <ele>133.3</ele>
      </trkpt>
      <trkpt lat="36.152227" lon="-5.629462">
        <ele>133.3</ele>
      </trkpt>
      <trkpt lat="36.152102" lon="-5.629395">
        <ele>134.2</ele>
      </trkpt>
      <trkpt lat="36.151567" lon="-5.629413">
        <ele>132</ele>
      </trkpt>
      <trkpt lat="36.151192" lon="-5.629306">
        <ele>133.9</ele>
      </trkpt>
      <trkpt lat="36.150764" lon="-5.629130">
        <ele>132.2</ele>
      </trkpt>
      <trkpt lat="36.150476" lon="-5.628940">
        <ele>131.3</ele>
      </trkpt>
      <trkpt lat="36.150113" lon="-5.628621">
        <ele>132.8</ele>
      </trkpt>
      <trkpt lat="36.149956" lon="-5.628357">
        <ele>136.4</ele>
      </trkpt>
      <trkpt lat="36.149839" lon="-5.628000">
        <ele>142.3</ele>
      </trkpt>
      <trkpt lat="36.149813" lon="-5.627800">
        <ele>142.3</ele>
      </trkpt>
      <trkpt lat="36.149823" lon="-5.627304">
        <ele>147.2</ele>
      </trkpt>
      <trkpt lat="36.149723" lon="-5.627040">
        <ele>147.6</ele>
      </trkpt>
      <trkpt lat="36.149447" lon="-5.626666">
        <ele>149</ele>
      </trkpt>
      <trkpt lat="36.148858" lon="-5.625522">
        <ele>153.8</ele>
      </trkpt>
      <trkpt lat="36.148684" lon="-5.625243">
        <ele>155.3</ele>
      </trkpt>
      <trkpt lat="36.148587" lon="-5.625118">
        <ele>155.3</ele>
      </trkpt>
      <trkpt lat="36.148166" lon="-5.624774">
        <ele>158.1</ele>
      </trkpt>
      <trkpt lat="36.148062" lon="-5.624638">
        <ele>158.1</ele>
      </trkpt>
      <trkpt lat="36.148037" lon="-5.624350">
        <ele>158.5</ele>
      </trkpt>
      <trkpt lat="36.148076" lon="-5.624167">
        <ele>160.9</ele>
      </trkpt>
      <trkpt lat="36.148297" lon="-5.623757">
        <ele>163.2</ele>
      </trkpt>
      <trkpt lat="36.148243" lon="-5.623629">
        <ele>162.6</ele>
      </trkpt>
      <trkpt lat="36.148111" lon="-5.623570">
        <ele>162.6</ele>
      </trkpt>
      <trkpt lat="36.147984" lon="-5.623455">
        <ele>161.2</ele>
      </trkpt>
      <trkpt lat="36.147942" lon="-5.623361">
        <ele>161.2</ele>
      </trkpt>
      <trkpt lat="36.147879" lon="-5.622989">
        <ele>161.9</ele>
      </trkpt>
      <trkpt lat="36.147786" lon="-5.621886">
        <ele>166.8</ele>
      </trkpt>
      <trkpt lat="36.147834" lon="-5.621631">
        <ele>168.1</ele>
      </trkpt>
      <trkpt lat="36.148137" lon="-5.620798">
        <ele>173.3</ele>
      </trkpt>
      <trkpt lat="36.148139" lon="-5.620522">
        <ele>173.1</ele>
      </trkpt>
      <trkpt lat="36.148055" lon="-5.620317">
        <ele>170.1</ele>
      </trkpt>
      <trkpt lat="36.147433" lon="-5.619566">
        <ele>168.3</ele>
      </trkpt>
      <trkpt lat="36.147175" lon="-5.619153">
        <ele>169.5</ele>
      </trkpt>
      <trkpt lat="36.147144" lon="-5.618903">
        <ele>169.5</ele>
      </trkpt>
      <trkpt lat="36.147154" lon="-5.618659">
        <ele>172</ele>
      </trkpt>
      <trkpt lat="36.147098" lon="-5.618364">
        <ele>174.7</ele>
      </trkpt>
      <trkpt lat="36.146913" lon="-5.617976">
        <ele>177.2</ele>
      </trkpt>
      <trkpt lat="36.146808" lon="-5.616782">
        <ele>185.1</ele>
      </trkpt>
      <trkpt lat="36.146693" lon="-5.616455">
        <ele>187.3</ele>
      </trkpt>
      <trkpt lat="36.146658" lon="-5.616241">
        <ele>187.3</ele>
      </trkpt>
      <trkpt lat="36.146523" lon="-5.615975">
        <ele>188.5</ele>
      </trkpt>
      <trkpt lat="36.146495" lon="-5.615844">
        <ele>190</ele>
      </trkpt>
      <trkpt lat="36.146533" lon="-5.615483">
        <ele>191.6</ele>
      </trkpt>
      <trkpt lat="36.146630" lon="-5.615194">
        <ele>194</ele>
      </trkpt>
      <trkpt lat="36.146596" lon="-5.614952">
        <ele>195.7</ele>
      </trkpt>
      <trkpt lat="36.146533" lon="-5.614864">
        <ele>194.7</ele>
      </trkpt>
      <trkpt lat="36.146422" lon="-5.614451">
        <ele>196.6</ele>
      </trkpt>
      <trkpt lat="36.146487" lon="-5.613450">
        <ele>197.5</ele>
      </trkpt>
      <trkpt lat="36.146437" lon="-5.613222">
        <ele>198.2</ele>
      </trkpt>
      <trkpt lat="36.146359" lon="-5.613086">
        <ele>198.2</ele>
      </trkpt>
      <trkpt lat="36.146130" lon="-5.612904">
        <ele>197.6</ele>
      </trkpt>
      <trkpt lat="36.146029" lon="-5.612750">
        <ele>197.4</ele>
      </trkpt>
      <trkpt lat="36.145991" lon="-5.612523">
        <ele>199.2</ele>
      </trkpt>
      <trkpt lat="36.145995" lon="-5.611997">
        <ele>204.2</ele>
      </trkpt>
      <trkpt lat="36.146129" lon="-5.611144">
        <ele>212.1</ele>
      </trkpt>
      <trkpt lat="36.146176" lon="-5.610378">
        <ele>215.4</ele>
      </trkpt>
      <trkpt lat="36.146132" lon="-5.609813">
        <ele>217.5</ele>
      </trkpt>
      <trkpt lat="36.146003" lon="-5.609457">
        <ele>217.9</ele>
      </trkpt>
      <trkpt lat="36.145981" lon="-5.609135">
        <ele>219.3</ele>
      </trkpt>
      <trkpt lat="36.146012" lon="-5.608930">
        <ele>219.3</ele>
      </trkpt>
      <trkpt lat="36.146488" lon="-5.607774">
        <ele>227</ele>
      </trkpt>
      <trkpt lat="36.146531" lon="-5.607627">
        <ele>227</ele>
      </trkpt>
      <trkpt lat="36.146538" lon="-5.607432">
        <ele>228.7</ele>
      </trkpt>
      <trkpt lat="36.146432" lon="-5.607209">
        <ele>228.3</ele>
      </trkpt>
      <trkpt lat="36.146138" lon="-5.607161">
        <ele>227.1</ele>
      </trkpt>
      <trkpt lat="36.146072" lon="-5.607120">
        <ele>225.9</ele>
      </trkpt>
      <trkpt lat="36.145882" lon="-5.607138">
        <ele>224.8</ele>
      </trkpt>
      <trkpt lat="36.145585" lon="-5.607081">
        <ele>224.2</ele>
      </trkpt>
      <trkpt lat="36.145030" lon="-5.606623">
        <ele>227.8</ele>
      </trkpt>
      <trkpt lat="36.144882" lon="-5.606466">
        <ele>229.5</ele>
      </trkpt>
      <trkpt lat="36.144772" lon="-5.606260">
        <ele>229.6</ele>
      </trkpt>
      <trkpt lat="36.144586" lon="-5.605258">
        <ele>235.7</ele>
      </trkpt>
      <trkpt lat="36.144098" lon="-5.602061">
        <ele>243</ele>
      </trkpt>
      <trkpt lat="36.143406" lon="-5.598645">
        <ele>246</ele>
      </trkpt>
      <trkpt lat="36.143347" lon="-5.596821">
        <ele>239.9</ele>
      </trkpt>
      <trkpt lat="36.143405" lon="-5.596521">
        <ele>238.8</ele>
      </trkpt>
      <trkpt lat="36.143731" lon="-5.595334">
        <ele>240.3</ele>
      </trkpt>
      <trkpt lat="36.144023" lon="-5.594069">
        <ele>243.3</ele>
      </trkpt>
      <trkpt lat="36.144322" lon="-5.592472">
        <ele>238.4</ele>
      </trkpt>
      <trkpt lat="36.144454" lon="-5.592166">
        <ele>237.9</ele>
      </trkpt>
      <trkpt lat="36.144630" lon="-5.592021">
        <ele>240.2</ele>
      </trkpt>
      <trkpt lat="36.144963" lon="-5.591831">
        <ele>238.4</ele>
      </trkpt>
      <trkpt lat="36.145044" lon="-5.591641">
        <ele>237.1</ele>
      </trkpt>
      <trkpt lat="36.144903" lon="-5.590199">
        <ele>226.5</ele>
      </trkpt>
      <trkpt lat="36.144957" lon="-5.589261">
        <ele>226.5</ele>
      </trkpt>
      <trkpt lat="36.144799" lon="-5.588738">
        <ele>227.1</ele>
      </trkpt>
      <trkpt lat="36.144798" lon="-5.588324">
        <ele>226.7</ele>
      </trkpt>
      <trkpt lat="36.144841" lon="-5.588127">
        <ele>225.9</ele>
      </trkpt>
      <trkpt lat="36.144926" lon="-5.587982">
        <ele>225.9</ele>
      </trkpt>
      <trkpt lat="36.145136" lon="-5.587747">
        <ele>226.3</ele>
      </trkpt>
      <trkpt lat="36.145523" lon="-5.587373">
        <ele>227.2</ele>
      </trkpt>
      <trkpt lat="36.145766" lon="-5.586924">
        <ele>223.8</ele>
      </trkpt>
      <trkpt lat="36.145975" lon="-5.586668">
        <ele>222.7</ele>
      </trkpt>
      <trkpt lat="36.146159" lon="-5.586514">
        <ele>221.9</ele>
      </trkpt>
      <trkpt lat="36.147018" lon="-5.585964">
        <ele>223.1</ele>
      </trkpt>
      <trkpt lat="36.147199" lon="-5.585809">
        <ele>224.3</ele>
      </trkpt>
      <trkpt lat="36.147717" lon="-5.585494">
        <ele>222.6</ele>
      </trkpt>
      <trkpt lat="36.147935" lon="-5.585330">
        <ele>219.3</ele>
      </trkpt>
      <trkpt lat="36.148282" lon="-5.584993">
        <ele>215.8</ele>
      </trkpt>
      <trkpt lat="36.148413" lon="-5.584923">
        <ele>213.9</ele>
      </trkpt>
      <trkpt lat="36.148554" lon="-5.584923">
        <ele>213.7</ele>
      </trkpt>
      <trkpt lat="36.148987" lon="-5.585115">
        <ele>215.8</ele>
      </trkpt>
      <trkpt lat="36.149111" lon="-5.585095">
        <ele>215.8</ele>
      </trkpt>
      <trkpt lat="36.149209" lon="-5.585019">
        <ele>216.9</ele>
      </trkpt>
      <trkpt lat="36.149593" lon="-5.584177">
        <ele>217.4</ele>
      </trkpt>
      <trkpt lat="36.150190" lon="-5.583014">
        <ele>218.6</ele>
      </trkpt>
      <trkpt lat="36.150646" lon="-5.582220">
        <ele>221.5</ele>
      </trkpt>
      <trkpt lat="36.150935" lon="-5.581857">
        <ele>224.1</ele>
      </trkpt>
      <trkpt lat="36.151148" lon="-5.581824">
        <ele>226.1</ele>
      </trkpt>
      <trkpt lat="36.151514" lon="-5.581883">
        <ele>227.6</ele>
      </trkpt>
      <trkpt lat="36.151755" lon="-5.581881">
        <ele>228.2</ele>
      </trkpt>
      <trkpt lat="36.151928" lon="-5.581738">
        <ele>227.9</ele>
      </trkpt>
      <trkpt lat="36.152168" lon="-5.581458">
        <ele>223.4</ele>
      </trkpt>
      <trkpt lat="36.152477" lon="-5.581287">
        <ele>217.7</ele>
      </trkpt>
      <trkpt lat="36.153035" lon="-5.581057">
        <ele>214.1</ele>
      </trkpt>
      <trkpt lat="36.153676" lon="-5.580934">
        <ele>214.7</ele>
      </trkpt>
      <trkpt lat="36.154004" lon="-5.580912">
        <ele>213.4</ele>
      </trkpt>
      <trkpt lat="36.154571" lon="-5.581056">
        <ele>212.7</ele>
      </trkpt>
      <trkpt lat="36.155473" lon="-5.581345">
        <ele>210.2</ele>
      </trkpt>
      <trkpt lat="36.155725" lon="-5.581478">
        <ele>213</ele>
      </trkpt>
      <trkpt lat="36.155969" lon="-5.581657">
        <ele>212</ele>
      </trkpt>
      <trkpt lat="36.156275" lon="-5.581612">
        <ele>211.2</ele>
      </trkpt>
      <trkpt lat="36.156450" lon="-5.581652">
        <ele>210.9</ele>
      </trkpt>
      <trkpt lat="36.157044" lon="-5.581929">
        <ele>212.2</ele>
      </trkpt>
      <trkpt lat="36.157103" lon="-5.581927">
        <ele>212.2</ele>
      </trkpt>
      <trkpt lat="36.157221" lon="-5.581847">
        <ele>210.5</ele>
      </trkpt>
      <trkpt lat="36.157394" lon="-5.581518">
        <ele>208.1</ele>
      </trkpt>
      <trkpt lat="36.157540" lon="-5.581411">
        <ele>203.7</ele>
      </trkpt>
      <trkpt lat="36.158861" lon="-5.581703">
        <ele>195.7</ele>
      </trkpt>
      <trkpt lat="36.159477" lon="-5.581815">
        <ele>193.9</ele>
      </trkpt>
      <trkpt lat="36.159623" lon="-5.581814">
        <ele>194.5</ele>
      </trkpt>
      <trkpt lat="36.159840" lon="-5.581712">
        <ele>195.3</ele>
      </trkpt>
      <trkpt lat="36.160301" lon="-5.581049">
        <ele>189.4</ele>
      </trkpt>
      <trkpt lat="36.160448" lon="-5.580897">
        <ele>189.4</ele>
      </trkpt>
      <trkpt lat="36.160966" lon="-5.580925">
        <ele>187</ele>
      </trkpt>
      <trkpt lat="36.161620" lon="-5.581044">
        <ele>184.2</ele>
      </trkpt>
      <trkpt lat="36.162143" lon="-5.580917">
        <ele>181.8</ele>
      </trkpt>
      <trkpt lat="36.162393" lon="-5.580939">
        <ele>180.3</ele>
      </trkpt>
      <trkpt lat="36.162483" lon="-5.580968">
        <ele>178.5</ele>
      </trkpt>
      <trkpt lat="36.162589" lon="-5.581078">
        <ele>178.5</ele>
      </trkpt>
      <trkpt lat="36.162763" lon="-5.581333">
        <ele>177</ele>
      </trkpt>
      <trkpt lat="36.163387" lon="-5.582420">
        <ele>171.2</ele>
      </trkpt>
      <trkpt lat="36.163680" lon="-5.583155">
        <ele>174.4</ele>
      </trkpt>
      <trkpt lat="36.163873" lon="-5.583263">
        <ele>173.2</ele>
      </trkpt>
      <trkpt lat="36.164189" lon="-5.583242">
        <ele>172.6</ele>
      </trkpt>
      <trkpt lat="36.164484" lon="-5.583192">
        <ele>172.9</ele>
      </trkpt>
      <trkpt lat="36.164690" lon="-5.583036">
        <ele>172</ele>
      </trkpt>
      <trkpt lat="36.164878" lon="-5.582790">
        <ele>173.1</ele>
      </trkpt>
      <trkpt lat="36.165064" lon="-5.582711">
        <ele>172</ele>
      </trkpt>
      <trkpt lat="36.165299" lon="-5.582744">
        <ele>172.6</ele>
      </trkpt>
      <trkpt lat="36.165588" lon="-5.582883">
        <ele>175.8</ele>
      </trkpt>
      <trkpt lat="36.165792" lon="-5.582935">
        <ele>177.6</ele>
      </trkpt>
      <trkpt lat="36.165954" lon="-5.582831">
        <ele>179.8</ele>
      </trkpt>
      <trkpt lat="36.166013" lon="-5.582660">
        <ele>177.5</ele>
      </trkpt>
      <trkpt lat="36.166097" lon="-5.582537">
        <ele>177.5</ele>
      </trkpt>
      <trkpt lat="36.167331" lon="-5.581872">
        <ele>186.8</ele>
      </trkpt>
      <trkpt lat="36.167467" lon="-5.581733">
        <ele>190</ele>
      </trkpt>
      <trkpt lat="36.167526" lon="-5.581570">
        <ele>188.3</ele>
      </trkpt>
      <trkpt lat="36.167540" lon="-5.580747">
        <ele>186.5</ele>
      </trkpt>
      <trkpt lat="36.167608" lon="-5.580571">
        <ele>186.8</ele>
      </trkpt>
      <trkpt lat="36.167696" lon="-5.580518">
        <ele>188.4</ele>
      </trkpt>
      <trkpt lat="36.167792" lon="-5.580522">
        <ele>188.4</ele>
      </trkpt>
      <trkpt lat="36.167933" lon="-5.580621">
        <ele>190.2</ele>
      </trkpt>
      <trkpt lat="36.168318" lon="-5.581036">
        <ele>197.8</ele>
      </trkpt>
      <trkpt lat="36.168421" lon="-5.581082">
        <ele>197.8</ele>
      </trkpt>
      <trkpt lat="36.168659" lon="-5.580962">
        <ele>200.9</ele>
      </trkpt>
      <trkpt lat="36.168793" lon="-5.580786">
        <ele>200.3</ele>
      </trkpt>
      <trkpt lat="36.169000" lon="-5.580595">
        <ele>199.3</ele>
      </trkpt>
      <trkpt lat="36.169582" lon="-5.580354">
        <ele>200.6</ele>
      </trkpt>
      <trkpt lat="36.169745" lon="-5.580353">
        <ele>203.1</ele>
      </trkpt>
      <trkpt lat="36.169940" lon="-5.580436">
        <ele>208.9</ele>
      </trkpt>
      <trkpt lat="36.170296" lon="-5.580504">
        <ele>211.3</ele>
      </trkpt>
      <trkpt lat="36.170583" lon="-5.580499">
        <ele>212.2</ele>
      </trkpt>
      <trkpt lat="36.171726" lon="-5.579976">
        <ele>206.8</ele>
      </trkpt>
      <trkpt lat="36.172012" lon="-5.579884">
        <ele>209.2</ele>
      </trkpt>
      <trkpt lat="36.172357" lon="-5.579800">
        <ele>206.8</ele>
      </trkpt>
      <trkpt lat="36.173095" lon="-5.579816">
        <ele>223.8</ele>
      </trkpt>
      <trkpt lat="36.173421" lon="-5.579649">
        <ele>224</ele>
      </trkpt>
      <trkpt lat="36.174809" lon="-5.578326">
        <ele>231.3</ele>
      </trkpt>
      <trkpt lat="36.175075" lon="-5.578187">
        <ele>234.5</ele>
      </trkpt>
      <trkpt lat="36.175424" lon="-5.578064">
        <ele>236.8</ele>
      </trkpt>
      <trkpt lat="36.176555" lon="-5.577169">
        <ele>228.8</ele>
      </trkpt>
      <trkpt lat="36.176790" lon="-5.577143">
        <ele>228.6</ele>
      </trkpt>
      <trkpt lat="36.178060" lon="-5.577209">
        <ele>219.8</ele>
      </trkpt>
      <trkpt lat="36.178327" lon="-5.577291">
        <ele>217.6</ele>
      </trkpt>
      <trkpt lat="36.178623" lon="-5.577446">
        <ele>219.5</ele>
      </trkpt>
      <trkpt lat="36.178807" lon="-5.577426">
        <ele>219.6</ele>
      </trkpt>
      <trkpt lat="36.178906" lon="-5.577245">
        <ele>217.3</ele>
      </trkpt>
      <trkpt lat="36.178902" lon="-5.577105">
        <ele>214.9</ele>
      </trkpt>
      <trkpt lat="36.178826" lon="-5.576753">
        <ele>212.2</ele>
      </trkpt>
      <trkpt lat="36.178827" lon="-5.576646">
        <ele>212.2</ele>
      </trkpt>
      <trkpt lat="36.178875" lon="-5.576496">
        <ele>209.1</ele>
      </trkpt>
      <trkpt lat="36.179012" lon="-5.576407">
        <ele>210</ele>
      </trkpt>
      <trkpt lat="36.179320" lon="-5.576366">
        <ele>211</ele>
      </trkpt>
      <trkpt lat="36.179582" lon="-5.576239">
        <ele>209.7</ele>
      </trkpt>
      <trkpt lat="36.179841" lon="-5.576020">
        <ele>211.1</ele>
      </trkpt>
      <trkpt lat="36.180938" lon="-5.574902">
        <ele>205.8</ele>
      </trkpt>
      <trkpt lat="36.181105" lon="-5.574774">
        <ele>205.8</ele>
      </trkpt>
      <trkpt lat="36.181301" lon="-5.574723">
        <ele>208</ele>
      </trkpt>
      <trkpt lat="36.181695" lon="-5.574711">
        <ele>213.2</ele>
      </trkpt>
      <trkpt lat="36.181841" lon="-5.574623">
        <ele>213</ele>
      </trkpt>
      <trkpt lat="36.181982" lon="-5.574434">
        <ele>213</ele>
      </trkpt>
      <trkpt lat="36.182227" lon="-5.573867">
        <ele>210.4</ele>
      </trkpt>
      <trkpt lat="36.182309" lon="-5.573774">
        <ele>210.4</ele>
      </trkpt>
      <trkpt lat="36.183134" lon="-5.573463">
        <ele>202.4</ele>
      </trkpt>
      <trkpt lat="36.183348" lon="-5.573313">
        <ele>196.6</ele>
      </trkpt>
      <trkpt lat="36.183469" lon="-5.573177">
        <ele>196.6</ele>
      </trkpt>
      <trkpt lat="36.183568" lon="-5.573020">
        <ele>191.9</ele>
      </trkpt>
      <trkpt lat="36.183737" lon="-5.572455">
        <ele>187.2</ele>
      </trkpt>
      <trkpt lat="36.183813" lon="-5.572311">
        <ele>187.5</ele>
      </trkpt>
      <trkpt lat="36.183946" lon="-5.572243">
        <ele>186</ele>
      </trkpt>
      <trkpt lat="36.184174" lon="-5.572246">
        <ele>186.8</ele>
      </trkpt>
      <trkpt lat="36.185344" lon="-5.572575">
        <ele>193.7</ele>
      </trkpt>
      <trkpt lat="36.185452" lon="-5.572568">
        <ele>193.7</ele>
      </trkpt>
      <trkpt lat="36.185612" lon="-5.572442">
        <ele>191.9</ele>
      </trkpt>
      <trkpt lat="36.186717" lon="-5.571154">
        <ele>181.9</ele>
      </trkpt>
      <trkpt lat="36.186966" lon="-5.570920">
        <ele>180</ele>
      </trkpt>
      <trkpt lat="36.187236" lon="-5.570826">
        <ele>185.4</ele>
      </trkpt>
      <trkpt lat="36.187570" lon="-5.570812">
        <ele>187.4</ele>
      </trkpt>
      <trkpt lat="36.187711" lon="-5.570744">
        <ele>188.9</ele>
      </trkpt>
      <trkpt lat="36.187821" lon="-5.570616">
        <ele>183.3</ele>
      </trkpt>
      <trkpt lat="36.188122" lon="-5.570108">
        <ele>176.4</ele>
      </trkpt>
      <trkpt lat="36.188256" lon="-5.569950">
        <ele>176.4</ele>
      </trkpt>
      <trkpt lat="36.188751" lon="-5.569614">
        <ele>179.6</ele>
      </trkpt>
      <trkpt lat="36.188951" lon="-5.569302">
        <ele>174</ele>
      </trkpt>
      <trkpt lat="36.189083" lon="-5.568960">
        <ele>175</ele>
      </trkpt>
      <trkpt lat="36.189613" lon="-5.567880">
        <ele>173.9</ele>
      </trkpt>
      <trkpt lat="36.189682" lon="-5.567557">
        <ele>170.9</ele>
      </trkpt>
      <trkpt lat="36.189762" lon="-5.566811">
        <ele>163.9</ele>
      </trkpt>
      <trkpt lat="36.189820" lon="-5.566600">
        <ele>161.3</ele>
      </trkpt>
      <trkpt lat="36.190046" lon="-5.566336">
        <ele>160.5</ele>
      </trkpt>
      <trkpt lat="36.190576" lon="-5.565872">
        <ele>160</ele>
      </trkpt>
      <trkpt lat="36.190932" lon="-5.565745">
        <ele>156</ele>
      </trkpt>
      <trkpt lat="36.191096" lon="-5.565606">
        <ele>156</ele>
      </trkpt>
      <trkpt lat="36.191452" lon="-5.565092">
        <ele>147.9</ele>
      </trkpt>
      <trkpt lat="36.191615" lon="-5.564696">
        <ele>142.2</ele>
      </trkpt>
      <trkpt lat="36.191671" lon="-5.564273">
        <ele>140.3</ele>
      </trkpt>
      <trkpt lat="36.191650" lon="-5.564104">
        <ele>139.5</ele>
      </trkpt>
      <trkpt lat="36.191503" lon="-5.563775">
        <ele>138.1</ele>
      </trkpt>
      <trkpt lat="36.191154" lon="-5.563256">
        <ele>137.1</ele>
      </trkpt>
      <trkpt lat="36.190967" lon="-5.562889">
        <ele>133.3</ele>
      </trkpt>
      <trkpt lat="36.190930" lon="-5.562719">
        <ele>132.3</ele>
      </trkpt>
      <trkpt lat="36.190912" lon="-5.562280">
        <ele>124.1</ele>
      </trkpt>
      <trkpt lat="36.190926" lon="-5.562095">
        <ele>128</ele>
      </trkpt>
      <trkpt lat="36.191000" lon="-5.561824">
        <ele>125.1</ele>
      </trkpt>
      <trkpt lat="36.191181" lon="-5.561514">
        <ele>123.9</ele>
      </trkpt>
      <trkpt lat="36.191430" lon="-5.561200">
        <ele>119.3</ele>
      </trkpt>
      <trkpt lat="36.191627" lon="-5.560841">
        <ele>119.2</ele>
      </trkpt>
      <trkpt lat="36.191721" lon="-5.560386">
        <ele>117.2</ele>
      </trkpt>
      <trkpt lat="36.191678" lon="-5.560003">
        <ele>117</ele>
      </trkpt>
      <trkpt lat="36.191566" lon="-5.559589">
        <ele>117.4</ele>
      </trkpt>
      <trkpt lat="36.191438" lon="-5.559380">
        <ele>117.4</ele>
      </trkpt>
      <trkpt lat="36.191231" lon="-5.559248">
        <ele>117.2</ele>
      </trkpt>
      <trkpt lat="36.190487" lon="-5.558911">
        <ele>109.6</ele>
      </trkpt>
      <trkpt lat="36.190255" lon="-5.558692">
        <ele>101.2</ele>
      </trkpt>
      <trkpt lat="36.190078" lon="-5.558273">
        <ele>101.2</ele>
      </trkpt>
      <trkpt lat="36.190058" lon="-5.557689">
        <ele>96.4</ele>
      </trkpt>
      <trkpt lat="36.190109" lon="-5.557277">
        <ele>93.3</ele>
      </trkpt>
      <trkpt lat="36.190244" lon="-5.557004">
        <ele>89.5</ele>
      </trkpt>
      <trkpt lat="36.190517" lon="-5.556749">
        <ele>89.6</ele>
      </trkpt>
      <trkpt lat="36.190828" lon="-5.556603">
        <ele>85.1</ele>
      </trkpt>
      <trkpt lat="36.191401" lon="-5.556553">
        <ele>92.3</ele>
      </trkpt>
      <trkpt lat="36.191570" lon="-5.556409">
        <ele>96.1</ele>
      </trkpt>
      <trkpt lat="36.191610" lon="-5.556335">
        <ele>92.2</ele>
      </trkpt>
      <trkpt lat="36.191727" lon="-5.555805">
        <ele>86.9</ele>
      </trkpt>
      <trkpt lat="36.191733" lon="-5.555622">
        <ele>86.9</ele>
      </trkpt>
      <trkpt lat="36.191559" lon="-5.555072">
        <ele>77.5</ele>
      </trkpt>
      <trkpt lat="36.191360" lon="-5.554756">
        <ele>77.2</ele>
      </trkpt>
      <trkpt lat="36.191328" lon="-5.554603">
        <ele>71.7</ele>
      </trkpt>
      <trkpt lat="36.191361" lon="-5.554358">
        <ele>76.1</ele>
      </trkpt>
      <trkpt lat="36.191682" lon="-5.553836">
        <ele>78.1</ele>
      </trkpt>
      <trkpt lat="36.191856" lon="-5.553347">
        <ele>77.5</ele>
      </trkpt>
      <trkpt lat="36.192027" lon="-5.552972">
        <ele>79.2</ele>
      </trkpt>
      <trkpt lat="36.192305" lon="-5.552568">
        <ele>75.6</ele>
      </trkpt>
      <trkpt lat="36.192808" lon="-5.551987">
        <ele>79</ele>
      </trkpt>
      <trkpt lat="36.192998" lon="-5.551682">
        <ele>81.3</ele>
      </trkpt>
      <trkpt lat="36.193146" lon="-5.551248">
        <ele>80</ele>
      </trkpt>
      <trkpt lat="36.193194" lon="-5.550267">
        <ele>70.6</ele>
      </trkpt>
      <trkpt lat="36.193283" lon="-5.549974">
        <ele>67.3</ele>
      </trkpt>
      <trkpt lat="36.193500" lon="-5.549570">
        <ele>64.5</ele>
      </trkpt>
      <trkpt lat="36.193629" lon="-5.549202">
        <ele>65.6</ele>
      </trkpt>
      <trkpt lat="36.193673" lon="-5.548969">
        <ele>63.5</ele>
      </trkpt>
      <trkpt lat="36.193670" lon="-5.548355">
        <ele>60.1</ele>
      </trkpt>
      <trkpt lat="36.193694" lon="-5.548230">
        <ele>58.3</ele>
      </trkpt>
      <trkpt lat="36.194075" lon="-5.547470">
        <ele>59.1</ele>
      </trkpt>
      <trkpt lat="36.194326" lon="-5.546649">
        <ele>53.1</ele>
      </trkpt>
      <trkpt lat="36.194591" lon="-5.546273">
        <ele>53.6</ele>
      </trkpt>
      <trkpt lat="36.195091" lon="-5.545663">
        <ele>58.7</ele>
      </trkpt>
      <trkpt lat="36.195287" lon="-5.545109">
        <ele>57.9</ele>
      </trkpt>
      <trkpt lat="36.195442" lon="-5.544397">
        <ele>52.4</ele>
      </trkpt>
      <trkpt lat="36.195670" lon="-5.544002">
        <ele>56.1</ele>
      </trkpt>
      <trkpt lat="36.195710" lon="-5.543589">
        <ele>59.9</ele>
      </trkpt>
      <trkpt lat="36.195808" lon="-5.543208">
        <ele>59.7</ele>
      </trkpt>
      <trkpt lat="36.195958" lon="-5.542967">
        <ele>62.7</ele>
      </trkpt>
      <trkpt lat="36.196747" lon="-5.542378">
        <ele>62.3</ele>
      </trkpt>
      <trkpt lat="36.196931" lon="-5.542360">
        <ele>61.3</ele>
      </trkpt>
      <trkpt lat="36.197306" lon="-5.542501">
        <ele>58.7</ele>
      </trkpt>
      <trkpt lat="36.197493" lon="-5.542535">
        <ele>57.8</ele>
      </trkpt>
      <trkpt lat="36.198238" lon="-5.542454">
        <ele>56.6</ele>
      </trkpt>
      <trkpt lat="36.198414" lon="-5.542338">
        <ele>52.4</ele>
      </trkpt>
      <trkpt lat="36.198643" lon="-5.542126">
        <ele>51.6</ele>
      </trkpt>
      <trkpt lat="36.199381" lon="-5.541725">
        <ele>43.5</ele>
      </trkpt>
      <trkpt lat="36.200229" lon="-5.541112">
        <ele>41.5</ele>
      </trkpt>
      <trkpt lat="36.200557" lon="-5.540972">
        <ele>37.1</ele>
      </trkpt>
      <trkpt lat="36.200906" lon="-5.540935">
        <ele>36</ele>
      </trkpt>
      <trkpt lat="36.201178" lon="-5.540948">
        <ele>34.3</ele>
      </trkpt>
      <trkpt lat="36.201307" lon="-5.540991">
        <ele>34.3</ele>
      </trkpt>
      <trkpt lat="36.201939" lon="-5.541315">
        <ele>31.1</ele>
      </trkpt>
      <trkpt lat="36.202841" lon="-5.541641">
        <ele>33.4</ele>
      </trkpt>
      <trkpt lat="36.203178" lon="-5.541651">
        <ele>35</ele>
      </trkpt>
      <trkpt lat="36.204002" lon="-5.541495">
        <ele>27.5</ele>
      </trkpt>
      <trkpt lat="36.204332" lon="-5.541495">
        <ele>25.5</ele>
      </trkpt>
      <trkpt lat="36.204512" lon="-5.541620">
        <ele>25.5</ele>
      </trkpt>
      <trkpt lat="36.204587" lon="-5.541711">
        <ele>25.5</ele>
      </trkpt>
      <trkpt lat="36.205328" lon="-5.543150">
        <ele>21.9</ele>
      </trkpt>
      <trkpt lat="36.205864" lon="-5.543666">
        <ele>22</ele>
      </trkpt>
      <trkpt lat="36.206083" lon="-5.543801">
        <ele>22.9</ele>
      </trkpt>
      <trkpt lat="36.206234" lon="-5.543802">
        <ele>22.8</ele>
      </trkpt>
      <trkpt lat="36.206365" lon="-5.543737">
        <ele>23.1</ele>
      </trkpt>
      <trkpt lat="36.206505" lon="-5.543614">
        <ele>21.3</ele>
      </trkpt>
      <trkpt lat="36.206637" lon="-5.543627">
        <ele>20.8</ele>
      </trkpt>
      <trkpt lat="36.207029" lon="-5.543811">
        <ele>21.5</ele>
      </trkpt>
      <trkpt lat="36.207630" lon="-5.544207">
        <ele>22.3</ele>
      </trkpt>
      <trkpt lat="36.207864" lon="-5.544295">
        <ele>23.2</ele>
      </trkpt>
      <trkpt lat="36.208038" lon="-5.544296">
        <ele>22.9</ele>
      </trkpt>
      <trkpt lat="36.208779" lon="-5.544082">
        <ele>21.1</ele>
      </trkpt>
      <trkpt lat="36.208892" lon="-5.544085">
        <ele>21.1</ele>
      </trkpt>
      <trkpt lat="36.209062" lon="-5.543952">
        <ele>20.1</ele>
      </trkpt>
      <trkpt lat="36.209131" lon="-5.543980">
        <ele>21.9</ele>
      </trkpt>
      <trkpt lat="36.209524" lon="-5.543744">
        <ele>22.6</ele>
      </trkpt>
      <trkpt lat="36.209565" lon="-5.543700">
        <ele>21.2</ele>
      </trkpt>
      <trkpt lat="36.209603" lon="-5.543534">
        <ele>21.2</ele>
      </trkpt>
      <trkpt lat="36.209478" lon="-5.543418">
        <ele>20.2</ele>
      </trkpt>
      <trkpt lat="36.208940" lon="-5.543137">
        <ele>16.4</ele>
      </trkpt>
      <trkpt lat="36.208227" lon="-5.542587">
        <ele>18.7</ele>
      </trkpt>
      <trkpt lat="36.207770" lon="-5.542106">
        <ele>20</ele>
      </trkpt>
      <trkpt lat="36.207344" lon="-5.541493">
        <ele>22.2</ele>
      </trkpt>
      <trkpt lat="36.206390" lon="-5.539844">
        <ele>35</ele>
      </trkpt>
      <trkpt lat="36.205875" lon="-5.538572">
        <ele>40.8</ele>
      </trkpt>
      <trkpt lat="36.205790" lon="-5.538258">
        <ele>42.9</ele>
      </trkpt>
      <trkpt lat="36.205717" lon="-5.537694">
        <ele>45.3</ele>
      </trkpt>
      <trkpt lat="36.205723" lon="-5.537421">
        <ele>45.7</ele>
      </trkpt>
      <trkpt lat="36.205796" lon="-5.537051">
        <ele>45</ele>
      </trkpt>
      <trkpt lat="36.207671" lon="-5.531582">
        <ele>31.7</ele>
      </trkpt>
      <trkpt lat="36.207822" lon="-5.530970">
        <ele>29.8</ele>
      </trkpt>
      <trkpt lat="36.208185" lon="-5.528433">
        <ele>21.5</ele>
      </trkpt>
      <trkpt lat="36.208288" lon="-5.527922">
        <ele>19.8</ele>
      </trkpt>
      <trkpt lat="36.208458" lon="-5.527631">
        <ele>20.1</ele>
      </trkpt>
      <trkpt lat="36.209141" lon="-5.527074">
        <ele>20.3</ele>
      </trkpt>
      <trkpt lat="36.209591" lon="-5.526651">
        <ele>19.5</ele>
      </trkpt>
      <trkpt lat="36.209637" lon="-5.526571">
        <ele>20.7</ele>
      </trkpt>
      <trkpt lat="36.209730" lon="-5.526218">
        <ele>20.3</ele>
      </trkpt>
      <trkpt lat="36.209687" lon="-5.525878">
        <ele>19.9</ele>
      </trkpt>
      <trkpt lat="36.209275" lon="-5.524311">
        <ele>17.4</ele>
      </trkpt>
      <trkpt lat="36.209233" lon="-5.523787">
        <ele>18.4</ele>
      </trkpt>
      <trkpt lat="36.209291" lon="-5.521891">
        <ele>19.3</ele>
      </trkpt>
      <trkpt lat="36.209242" lon="-5.521376">
        <ele>20.4</ele>
      </trkpt>
      <trkpt lat="36.209015" lon="-5.520796">
        <ele>20.6</ele>
      </trkpt>
      <trkpt lat="36.208839" lon="-5.520514">
        <ele>19.8</ele>
      </trkpt>
      <trkpt lat="36.208510" lon="-5.520168">
        <ele>17.9</ele>
      </trkpt>
      <trkpt lat="36.208057" lon="-5.519846">
        <ele>16</ele>
      </trkpt>
      <trkpt lat="36.207492" lon="-5.520850">
        <ele>8.7</ele>
      </trkpt>
      <trkpt lat="36.206794" lon="-5.521525">
        <ele>8.3</ele>
      </trkpt>
      <trkpt lat="36.205838" lon="-5.522383">
        <ele>9</ele>
      </trkpt>
      <trkpt lat="36.205255" lon="-5.523139">
        <ele>10.6</ele>
      </trkpt>
      <trkpt lat="36.204150" lon="-5.524216">
        <ele>15.5</ele>
      </trkpt>
      <trkpt lat="36.203983" lon="-5.524341">
        <ele>16</ele>
      </trkpt>
      <trkpt lat="36.203766" lon="-5.524326">
        <ele>16.5</ele>
      </trkpt>
      <trkpt lat="36.203559" lon="-5.524241">
        <ele>16</ele>
      </trkpt>
      <trkpt lat="36.203248" lon="-5.523953">
        <ele>15.9</ele>
      </trkpt>
      <trkpt lat="36.203001" lon="-5.523428">
        <ele>16.4</ele>
      </trkpt>
      <trkpt lat="36.202703" lon="-5.522965">
        <ele>17.2</ele>
      </trkpt>
      <trkpt lat="36.202311" lon="-5.522722">
        <ele>17.9</ele>
      </trkpt>
      <trkpt lat="36.201787" lon="-5.522588">
        <ele>18.2</ele>
      </trkpt>
      <trkpt lat="36.201441" lon="-5.522564">
        <ele>18</ele>
      </trkpt>
      <trkpt lat="36.201126" lon="-5.522595">
        <ele>17</ele>
      </trkpt>
      <trkpt lat="36.200412" lon="-5.522788">
        <ele>16.7</ele>
      </trkpt>
      <trkpt lat="36.200273" lon="-5.522789">
        <ele>16.7</ele>
      </trkpt>
      <trkpt lat="36.200141" lon="-5.522736">
        <ele>16.4</ele>
      </trkpt>
      <trkpt lat="36.200029" lon="-5.522634">
        <ele>14.9</ele>
      </trkpt>
      <trkpt lat="36.199599" lon="-5.521949">
        <ele>13.7</ele>
      </trkpt>
      <trkpt lat="36.199455" lon="-5.521835">
        <ele>12.8</ele>
      </trkpt>
      <trkpt lat="36.199289" lon="-5.521781">
        <ele>13.7</ele>
      </trkpt>
      <trkpt lat="36.198551" lon="-5.521700">
        <ele>15.4</ele>
      </trkpt>
      <trkpt lat="36.198126" lon="-5.521539">
        <ele>14.9</ele>
      </trkpt>
      <trkpt lat="36.197351" lon="-5.521542">
        <ele>15.6</ele>
      </trkpt>
      <trkpt lat="36.197023" lon="-5.521577">
        <ele>15.9</ele>
      </trkpt>
      <trkpt lat="36.196681" lon="-5.521669">
        <ele>18.4</ele>
      </trkpt>
      <trkpt lat="36.196166" lon="-5.521861">
        <ele>17.9</ele>
      </trkpt>
      <trkpt lat="36.195661" lon="-5.522120">
        <ele>15</ele>
      </trkpt>
      <trkpt lat="36.195448" lon="-5.522298">
        <ele>13.5</ele>
      </trkpt>
      <trkpt lat="36.195343" lon="-5.522516">
        <ele>13.9</ele>
      </trkpt>
      <trkpt lat="36.195260" lon="-5.522874">
        <ele>13.2</ele>
      </trkpt>
      <trkpt lat="36.195090" lon="-5.523301">
        <ele>15.4</ele>
      </trkpt>
      <trkpt lat="36.194945" lon="-5.523551">
        <ele>15.3</ele>
      </trkpt>
      <trkpt lat="36.194655" lon="-5.523819">
        <ele>15.7</ele>
      </trkpt>
      <trkpt lat="36.192145" lon="-5.524925">
        <ele>15.3</ele>
      </trkpt>
      <trkpt lat="36.191279" lon="-5.525100">
        <ele>11.2</ele>
      </trkpt>
      <trkpt lat="36.190316" lon="-5.525615">
        <ele>13.3</ele>
      </trkpt>
      <trkpt lat="36.190211" lon="-5.525639">
        <ele>13.1</ele>
      </trkpt>
      <trkpt lat="36.189284" lon="-5.524906">
        <ele>11.3</ele>
      </trkpt>
      <trkpt lat="36.185479" lon="-5.523121">
        <ele>11.2</ele>
      </trkpt>
      <trkpt lat="36.184161" lon="-5.522245">
        <ele>13</ele>
      </trkpt>
      <trkpt lat="36.184015" lon="-5.521847">
        <ele>10.4</ele>
      </trkpt>
      <trkpt lat="36.183609" lon="-5.521447">
        <ele>10.9</ele>
      </trkpt>
      <trkpt lat="36.183194" lon="-5.520620">
        <ele>8</ele>
      </trkpt>
      <trkpt lat="36.182743" lon="-5.519902">
        <ele>8.6</ele>
      </trkpt>
      <trkpt lat="36.182570" lon="-5.519172">
        <ele>9.9</ele>
      </trkpt>
      <trkpt lat="36.182946" lon="-5.518160">
        <ele>10.2</ele>
      </trkpt>
      <trkpt lat="36.183346" lon="-5.517539">
        <ele>10.9</ele>
      </trkpt>
      <trkpt lat="36.183801" lon="-5.517058">
        <ele>8.8</ele>
      </trkpt>
      <trkpt lat="36.184437" lon="-5.515985">
        <ele>7.8</ele>
      </trkpt>
      <trkpt lat="36.185236" lon="-5.514904">
        <ele>7.3</ele>
      </trkpt>
      <trkpt lat="36.186754" lon="-5.513176">
        <ele>4.9</ele>
      </trkpt>
      <trkpt lat="36.187247" lon="-5.512559">
        <ele>2.9</ele>
      </trkpt>
      <trkpt lat="36.188872" lon="-5.510837">
        <ele>4.8</ele>
      </trkpt>
      <trkpt lat="36.189185" lon="-5.510415">
        <ele>6.6</ele>
      </trkpt>
      <trkpt lat="36.189363" lon="-5.510010">
        <ele>6.9</ele>
      </trkpt>
      <trkpt lat="36.189380" lon="-5.509888">
        <ele>6.9</ele>
      </trkpt>
      <trkpt lat="36.189321" lon="-5.509412">
        <ele>7.4</ele>
      </trkpt>
      <trkpt lat="36.189402" lon="-5.509201">
        <ele>8.7</ele>
      </trkpt>
      <trkpt lat="36.189267" lon="-5.508486">
        <ele>8</ele>
      </trkpt>
      <trkpt lat="36.189161" lon="-5.508104">
        <ele>7.4</ele>
      </trkpt>
      <trkpt lat="36.188889" lon="-5.507795">
        <ele>6.1</ele>
      </trkpt>
      <trkpt lat="36.188473" lon="-5.506968">
        <ele>5.3</ele>
      </trkpt>
      <trkpt lat="36.187709" lon="-5.505103">
        <ele>4.4</ele>
      </trkpt>
      <trkpt lat="36.187359" lon="-5.504096">
        <ele>3.9</ele>
      </trkpt>
      <trkpt lat="36.187208" lon="-5.503907">
        <ele>3.4</ele>
      </trkpt>
      <trkpt lat="36.186878" lon="-5.502660">
        <ele>3</ele>
      </trkpt>
      <trkpt lat="36.186721" lon="-5.502326">
        <ele>3.5</ele>
      </trkpt>
      <trkpt lat="36.186492" lon="-5.502115">
        <ele>3.8</ele>
      </trkpt>
      <trkpt lat="36.186350" lon="-5.502067">
        <ele>3.8</ele>
      </trkpt>
      <trkpt lat="36.185980" lon="-5.502077">
        <ele>3.6</ele>
      </trkpt>
      <trkpt lat="36.184852" lon="-5.502223">
        <ele>3.1</ele>
      </trkpt>
      <trkpt lat="36.184013" lon="-5.502396">
        <ele>4</ele>
      </trkpt>
      <trkpt lat="36.183374" lon="-5.502479">
        <ele>6.7</ele>
      </trkpt>
      <trkpt lat="36.182897" lon="-5.502442">
        <ele>2.9</ele>
      </trkpt>
      <trkpt lat="36.182788" lon="-5.502376">
        <ele>5.7</ele>
      </trkpt>
      <trkpt lat="36.182700" lon="-5.502270">
        <ele>5.7</ele>
      </trkpt>
      <trkpt lat="36.182592" lon="-5.502060">
        <ele>4.9</ele>
      </trkpt>
      <trkpt lat="36.181766" lon="-5.501269">
        <ele>6.8</ele>
      </trkpt>
      <trkpt lat="36.181606" lon="-5.501208">
        <ele>6.8</ele>
      </trkpt>
      <trkpt lat="36.181492" lon="-5.501240">
        <ele>10.3</ele>
      </trkpt>
      <trkpt lat="36.180518" lon="-5.500377">
        <ele>8.7</ele>
      </trkpt>
      <trkpt lat="36.180262" lon="-5.500199">
        <ele>7.2</ele>
      </trkpt>
      <trkpt lat="36.180090" lon="-5.500256">
        <ele>7.1</ele>
      </trkpt>
      <trkpt lat="36.179504" lon="-5.501106">
        <ele>8.7</ele>
      </trkpt>
      <trkpt lat="36.179282" lon="-5.501361">
        <ele>9.1</ele>
      </trkpt>
      <trkpt lat="36.179170" lon="-5.501375">
        <ele>8.4</ele>
      </trkpt>
      <trkpt lat="36.178982" lon="-5.501237">
        <ele>8.4</ele>
      </trkpt>
      <trkpt lat="36.178523" lon="-5.500728">
        <ele>5.5</ele>
      </trkpt>
      <trkpt lat="36.178384" lon="-5.500502">
        <ele>4.2</ele>
      </trkpt>
      <trkpt lat="36.178111" lon="-5.500417">
        <ele>3.9</ele>
      </trkpt>
      <trkpt lat="36.177397" lon="-5.500449">
        <ele>3.4</ele>
      </trkpt>
      <trkpt lat="36.177202" lon="-5.500497">
        <ele>3.6</ele>
      </trkpt>
      <trkpt lat="36.176775" lon="-5.500773">
        <ele>4.4</ele>
      </trkpt>
      <trkpt lat="36.176573" lon="-5.500025">
        <ele>3.3</ele>
      </trkpt>
      <trkpt lat="36.175977" lon="-5.497313">
        <ele>4.4</ele>
      </trkpt>
      <trkpt lat="36.175761" lon="-5.496959">
        <ele>4.4</ele>
      </trkpt>
      <trkpt lat="36.173329" lon="-5.493913">
        <ele>4.3</ele>
      </trkpt>
      <trkpt lat="36.173505" lon="-5.493681">
        <ele>5</ele>
      </trkpt>
      <trkpt lat="36.174124" lon="-5.491880">
        <ele>6.9</ele>
      </trkpt>
      <trkpt lat="36.174661" lon="-5.491632">
        <ele>7.8</ele>
      </trkpt>
      <trkpt lat="36.175261" lon="-5.491301">
        <ele>8.8</ele>
      </trkpt>
      <trkpt lat="36.175687" lon="-5.491135">
        <ele>10</ele>
      </trkpt>
      <trkpt lat="36.177089" lon="-5.490825">
        <ele>8.1</ele>
      </trkpt>
      <trkpt lat="36.177782" lon="-5.490470">
        <ele>8.8</ele>
      </trkpt>
      <trkpt lat="36.177954" lon="-5.490428">
        <ele>8.8</ele>
      </trkpt>
      <trkpt lat="36.178005" lon="-5.490206">
        <ele>9.1</ele>
      </trkpt>
      <trkpt lat="36.178012" lon="-5.489906">
        <ele>9.6</ele>
      </trkpt>
      <trkpt lat="36.177953" lon="-5.489603">
        <ele>10.2</ele>
      </trkpt>
      <trkpt lat="36.177886" lon="-5.489425">
        <ele>10.9</ele>
      </trkpt>
      <trkpt lat="36.177775" lon="-5.489295">
        <ele>11.6</ele>
      </trkpt>
      <trkpt lat="36.177751" lon="-5.489132">
        <ele>12.5</ele>
      </trkpt>
      <trkpt lat="36.177786" lon="-5.489046">
        <ele>12.5</ele>
      </trkpt>
      <trkpt lat="36.177961" lon="-5.488938">
        <ele>12.8</ele>
      </trkpt>
      <trkpt lat="36.178148" lon="-5.488474">
        <ele>13.5</ele>
      </trkpt>
      <trkpt lat="36.178319" lon="-5.488182">
        <ele>16.8</ele>
      </trkpt>
      <trkpt lat="36.178514" lon="-5.487973">
        <ele>16.8</ele>
      </trkpt>
      <trkpt lat="36.178903" lon="-5.487815">
        <ele>18.8</ele>
      </trkpt>
      <trkpt lat="36.179077" lon="-5.487799">
        <ele>19</ele>
      </trkpt>
      <trkpt lat="36.179672" lon="-5.487850">
        <ele>19.1</ele>
      </trkpt>
      <trkpt lat="36.179759" lon="-5.487821">
        <ele>19.1</ele>
      </trkpt>
      <trkpt lat="36.180113" lon="-5.487626">
        <ele>19.8</ele>
      </trkpt>
      <trkpt lat="36.180235" lon="-5.487412">
        <ele>19.8</ele>
      </trkpt>
      <trkpt lat="36.180449" lon="-5.487383">
        <ele>19.2</ele>
      </trkpt>
      <trkpt lat="36.180945" lon="-5.487062">
        <ele>17.9</ele>
      </trkpt>
      <trkpt lat="36.181015" lon="-5.486880">
        <ele>17.9</ele>
      </trkpt>
      <trkpt lat="36.181078" lon="-5.486872">
        <ele>17.9</ele>
      </trkpt>
      <trkpt lat="36.181166" lon="-5.486923">
        <ele>17.8</ele>
      </trkpt>
      <trkpt lat="36.182091" lon="-5.486413">
        <ele>19.2</ele>
      </trkpt>
      <trkpt lat="36.182524" lon="-5.486359">
        <ele>19.7</ele>
      </trkpt>
      <trkpt lat="36.182663" lon="-5.486380">
        <ele>20.2</ele>
      </trkpt>
      <trkpt lat="36.183404" lon="-5.486704">
        <ele>21</ele>
      </trkpt>
      <trkpt lat="36.183423" lon="-5.486704">
        <ele>21</ele>
      </trkpt>
      <trkpt lat="36.183450" lon="-5.486548">
        <ele>21.9</ele>
      </trkpt>
      <trkpt lat="36.183772" lon="-5.483668">
        <ele>33</ele>
      </trkpt>
      <trkpt lat="36.183715" lon="-5.483448">
        <ele>35.4</ele>
      </trkpt>
      <trkpt lat="36.183801" lon="-5.483264">
        <ele>37.6</ele>
      </trkpt>
      <trkpt lat="36.184168" lon="-5.479942">
        <ele>60.3</ele>
      </trkpt>
      <trkpt lat="36.183969" lon="-5.479814">
        <ele>58.1</ele>
      </trkpt>
      <trkpt lat="36.183732" lon="-5.479598">
        <ele>58.8</ele>
      </trkpt>
      <trkpt lat="36.183268" lon="-5.478562">
        <ele>49.1</ele>
      </trkpt>
      <trkpt lat="36.183108" lon="-5.478139">
        <ele>43.3</ele>
      </trkpt>
      <trkpt lat="36.182793" lon="-5.477507">
        <ele>36.4</ele>
      </trkpt>
      <trkpt lat="36.182684" lon="-5.477012">
        <ele>30.9</ele>
      </trkpt>
      <trkpt lat="36.182711" lon="-5.476568">
        <ele>25.3</ele>
      </trkpt>
      <trkpt lat="36.182365" lon="-5.475591">
        <ele>19</ele>
      </trkpt>
      <trkpt lat="36.182078" lon="-5.474935">
        <ele>15.6</ele>
      </trkpt>
      <trkpt lat="36.181978" lon="-5.474373">
        <ele>13.8</ele>
      </trkpt>
      <trkpt lat="36.182010" lon="-5.472698">
        <ele>11.1</ele>
      </trkpt>
      <trkpt lat="36.181975" lon="-5.472056">
        <ele>10.1</ele>
      </trkpt>
      <trkpt lat="36.181897" lon="-5.471828">
        <ele>10</ele>
      </trkpt>
      <trkpt lat="36.181789" lon="-5.471667">
        <ele>9.9</ele>
      </trkpt>
      <trkpt lat="36.181144" lon="-5.471024">
        <ele>8.9</ele>
      </trkpt>
      <trkpt lat="36.180851" lon="-5.470778">
        <ele>9.3</ele>
      </trkpt>
      <trkpt lat="36.180679" lon="-5.470560">
        <ele>9.6</ele>
      </trkpt>
      <trkpt lat="36.180607" lon="-5.470412">
        <ele>9.6</ele>
      </trkpt>
      <trkpt lat="36.179935" lon="-5.468465">
        <ele>19.4</ele>
      </trkpt>
      <trkpt lat="36.179790" lon="-5.467666">
        <ele>26.4</ele>
      </trkpt>
      <trkpt lat="36.179788" lon="-5.466885">
        <ele>36.3</ele>
      </trkpt>
      <trkpt lat="36.179738" lon="-5.466614">
        <ele>40</ele>
      </trkpt>
      <trkpt lat="36.179178" lon="-5.465126">
        <ele>49.3</ele>
      </trkpt>
      <trkpt lat="36.178777" lon="-5.463737">
        <ele>38.4</ele>
      </trkpt>
      <trkpt lat="36.178711" lon="-5.463389">
        <ele>32</ele>
      </trkpt>
      <trkpt lat="36.178705" lon="-5.462644">
        <ele>29.3</ele>
      </trkpt>
      <trkpt lat="36.178635" lon="-5.462493">
        <ele>27.7</ele>
      </trkpt>
      <trkpt lat="36.178676" lon="-5.462091">
        <ele>25.9</ele>
      </trkpt>
      <trkpt lat="36.178597" lon="-5.461274">
        <ele>20.1</ele>
      </trkpt>
      <trkpt lat="36.178590" lon="-5.460914">
        <ele>16.1</ele>
      </trkpt>
      <trkpt lat="36.178632" lon="-5.460442">
        <ele>14.4</ele>
      </trkpt>
      <trkpt lat="36.179149" lon="-5.458325">
        <ele>5</ele>
      </trkpt>
      <trkpt lat="36.179375" lon="-5.457207">
        <ele>4.5</ele>
      </trkpt>
      <trkpt lat="36.179802" lon="-5.456914">
        <ele>4.6</ele>
      </trkpt>
      <trkpt lat="36.180021" lon="-5.456681">
        <ele>4.5</ele>
      </trkpt>
      <trkpt lat="36.181055" lon="-5.455065">
        <ele>3.9</ele>
      </trkpt>
      <trkpt lat="36.181149" lon="-5.454867">
        <ele>3.8</ele>
      </trkpt>
      <trkpt lat="36.181243" lon="-5.454509">
        <ele>3.9</ele>
      </trkpt>
      <trkpt lat="36.181202" lon="-5.454030">
        <ele>3.9</ele>
      </trkpt>
      <trkpt lat="36.180994" lon="-5.452931">
        <ele>3.9</ele>
      </trkpt>
      <trkpt lat="36.180858" lon="-5.451882">
        <ele>4.9</ele>
      </trkpt>
      <trkpt lat="36.183066" lon="-5.453280">
        <ele>7.6</ele>
      </trkpt>
      <trkpt lat="36.183856" lon="-5.453572">
        <ele>8.1</ele>
      </trkpt>
      <trkpt lat="36.186929" lon="-5.453625">
        <ele>11.1</ele>
      </trkpt>
      <trkpt lat="36.187256" lon="-5.453602">
        <ele>11.2</ele>
      </trkpt>
      <trkpt lat="36.189510" lon="-5.453022">
        <ele>12.6</ele>
      </trkpt>
      <trkpt lat="36.189664" lon="-5.453017">
        <ele>12.7</ele>
      </trkpt>
      <trkpt lat="36.194171" lon="-5.455187">
        <ele>12.9</ele>
      </trkpt>
      <trkpt lat="36.196217" lon="-5.456213">
        <ele>14.6</ele>
      </trkpt>
      <trkpt lat="36.196705" lon="-5.456532">
        <ele>15.3</ele>
      </trkpt>
      <trkpt lat="36.196989" lon="-5.456769">
        <ele>15</ele>
      </trkpt>
      <trkpt lat="36.197449" lon="-5.457039">
        <ele>15.1</ele>
      </trkpt>
      <trkpt lat="36.197643" lon="-5.457116">
        <ele>15.1</ele>
      </trkpt>
      <trkpt lat="36.200096" lon="-5.457706">
        <ele>18.5</ele>
      </trkpt>
      <trkpt lat="36.200378" lon="-5.457817">
        <ele>17.7</ele>
      </trkpt>
      <trkpt lat="36.202164" lon="-5.458754">
        <ele>20.9</ele>
      </trkpt>
      <trkpt lat="36.202254" lon="-5.458877">
        <ele>20.9</ele>
      </trkpt>
      <trkpt lat="36.202389" lon="-5.459433">
        <ele>20.4</ele>
      </trkpt>
      <trkpt lat="36.202556" lon="-5.459826">
        <ele>21.2</ele>
      </trkpt>
      <trkpt lat="36.203642" lon="-5.461747">
        <ele>24.6</ele>
      </trkpt>
      <trkpt lat="36.203992" lon="-5.462312">
        <ele>26.3</ele>
      </trkpt>
      <trkpt lat="36.204384" lon="-5.462638">
        <ele>24.5</ele>
      </trkpt>
      <trkpt lat="36.204575" lon="-5.462965">
        <ele>24.7</ele>
      </trkpt>
      <trkpt lat="36.205101" lon="-5.463553">
        <ele>25.7</ele>
      </trkpt>
      <trkpt lat="36.205200" lon="-5.463626">
        <ele>25.7</ele>
      </trkpt>
      <trkpt lat="36.205567" lon="-5.463732">
        <ele>25.3</ele>
      </trkpt>
      <trkpt lat="36.205662" lon="-5.463831">
        <ele>25.3</ele>
      </trkpt>
      <trkpt lat="36.206180" lon="-5.463635">
        <ele>29.3</ele>
      </trkpt>
      <trkpt lat="36.206347" lon="-5.463554">
        <ele>29.3</ele>
      </trkpt>
      <trkpt lat="36.206493" lon="-5.463437">
        <ele>29</ele>
      </trkpt>
      <trkpt lat="36.206591" lon="-5.463293">
        <ele>31.1</ele>
      </trkpt>
      <trkpt lat="36.206713" lon="-5.462988">
        <ele>33.6</ele>
      </trkpt>
      <trkpt lat="36.206880" lon="-5.462415">
        <ele>38</ele>
      </trkpt>
      <trkpt lat="36.207238" lon="-5.461420">
        <ele>49.4</ele>
      </trkpt>
      <trkpt lat="36.207381" lon="-5.461211">
        <ele>52.3</ele>
      </trkpt>
      <trkpt lat="36.207498" lon="-5.461146">
        <ele>52.8</ele>
      </trkpt>
      <trkpt lat="36.207633" lon="-5.461188">
        <ele>52.8</ele>
      </trkpt>
      <trkpt lat="36.207755" lon="-5.461324">
        <ele>52.5</ele>
      </trkpt>
      <trkpt lat="36.207807" lon="-5.461498">
        <ele>52.5</ele>
      </trkpt>
      <trkpt lat="36.207805" lon="-5.462124">
        <ele>45.9</ele>
      </trkpt>
      <trkpt lat="36.207843" lon="-5.462270">
        <ele>45.9</ele>
      </trkpt>
      <trkpt lat="36.207954" lon="-5.462465">
        <ele>47</ele>
      </trkpt>
      <trkpt lat="36.208425" lon="-5.462682">
        <ele>51.5</ele>
      </trkpt>
      <trkpt lat="36.208516" lon="-5.462685">
        <ele>51.5</ele>
      </trkpt>
      <trkpt lat="36.208624" lon="-5.462640">
        <ele>54.5</ele>
      </trkpt>
      <trkpt lat="36.208958" lon="-5.462384">
        <ele>60.6</ele>
      </trkpt>
      <trkpt lat="36.209305" lon="-5.462062">
        <ele>69.3</ele>
      </trkpt>
      <trkpt lat="36.209661" lon="-5.461892">
        <ele>75</ele>
      </trkpt>
      <trkpt lat="36.209739" lon="-5.461834">
        <ele>75</ele>
      </trkpt>
      <trkpt lat="36.209776" lon="-5.461757">
        <ele>78.4</ele>
      </trkpt>
      <trkpt lat="36.209762" lon="-5.461667">
        <ele>78.4</ele>
      </trkpt>
      <trkpt lat="36.209626" lon="-5.461636">
        <ele>78.4</ele>
      </trkpt>
      <trkpt lat="36.209433" lon="-5.461667">
        <ele>77.6</ele>
      </trkpt>
      <trkpt lat="36.209071" lon="-5.461804">
        <ele>70.8</ele>
      </trkpt>
      <trkpt lat="36.208861" lon="-5.461788">
        <ele>67.9</ele>
      </trkpt>
      <trkpt lat="36.208779" lon="-5.461694">
        <ele>71.4</ele>
      </trkpt>
      <trkpt lat="36.208770" lon="-5.461614">
        <ele>71.4</ele>
      </trkpt>
      <trkpt lat="36.208855" lon="-5.461435">
        <ele>74.7</ele>
      </trkpt>
      <trkpt lat="36.209507" lon="-5.461225">
        <ele>84.9</ele>
      </trkpt>
      <trkpt lat="36.209766" lon="-5.461017">
        <ele>85.6</ele>
      </trkpt>
      <trkpt lat="36.210095" lon="-5.461000">
        <ele>85.3</ele>
      </trkpt>
      <trkpt lat="36.210210" lon="-5.460928">
        <ele>88.8</ele>
      </trkpt>
      <trkpt lat="36.210257" lon="-5.460838">
        <ele>88.8</ele>
      </trkpt>
      <trkpt lat="36.210347" lon="-5.460488">
        <ele>92.1</ele>
      </trkpt>
      <trkpt lat="36.210264" lon="-5.459892">
        <ele>100.1</ele>
      </trkpt>
      <trkpt lat="36.210272" lon="-5.459755">
        <ele>103.5</ele>
      </trkpt>
      <trkpt lat="36.210334" lon="-5.459650">
        <ele>103.5</ele>
      </trkpt>
      <trkpt lat="36.210547" lon="-5.459553">
        <ele>107.3</ele>
      </trkpt>
      <trkpt lat="36.210567" lon="-5.459479">
        <ele>107.3</ele>
      </trkpt>
      <trkpt lat="36.210248" lon="-5.458991">
        <ele>111</ele>
      </trkpt>
      <trkpt lat="36.210256" lon="-5.458818">
        <ele>111</ele>
      </trkpt>
      <trkpt lat="36.210576" lon="-5.457707">
        <ele>113.2</ele>
      </trkpt>
      <trkpt lat="36.210684" lon="-5.457480">
        <ele>113.2</ele>
      </trkpt>
      <trkpt lat="36.210805" lon="-5.457440">
        <ele>110.5</ele>
      </trkpt>
      <trkpt lat="36.211294" lon="-5.457558">
        <ele>106.9</ele>
      </trkpt>
      <trkpt lat="36.211965" lon="-5.457587">
        <ele>99.1</ele>
      </trkpt>
      <trkpt lat="36.212248" lon="-5.457426">
        <ele>92.6</ele>
      </trkpt>
      <trkpt lat="36.212564" lon="-5.457031">
        <ele>88.2</ele>
      </trkpt>
      <trkpt lat="36.212893" lon="-5.456964">
        <ele>90.8</ele>
      </trkpt>
      <trkpt lat="36.212993" lon="-5.456838">
        <ele>87.2</ele>
      </trkpt>
      <trkpt lat="36.212982" lon="-5.456139">
        <ele>80.6</ele>
      </trkpt>
      <trkpt lat="36.213126" lon="-5.455480">
        <ele>75.5</ele>
      </trkpt>
      <trkpt lat="36.213146" lon="-5.454156">
        <ele>63.2</ele>
      </trkpt>
      <trkpt lat="36.213136" lon="-5.453840">
        <ele>62</ele>
      </trkpt>
      <trkpt lat="36.212945" lon="-5.451974">
        <ele>48.1</ele>
      </trkpt>
      <trkpt lat="36.213039" lon="-5.450941">
        <ele>39.9</ele>
      </trkpt>
      <trkpt lat="36.213036" lon="-5.450712">
        <ele>37.8</ele>
      </trkpt>
      <trkpt lat="36.212945" lon="-5.450490">
        <ele>37.8</ele>
      </trkpt>
      <trkpt lat="36.212399" lon="-5.449770">
        <ele>33.4</ele>
      </trkpt>
      <trkpt lat="36.212269" lon="-5.449649">
        <ele>31.7</ele>
      </trkpt>
      <trkpt lat="36.211942" lon="-5.449495">
        <ele>34</ele>
      </trkpt>
      <trkpt lat="36.211752" lon="-5.449321">
        <ele>34</ele>
      </trkpt>
      <trkpt lat="36.211721" lon="-5.449142">
        <ele>34</ele>
      </trkpt>
      <trkpt lat="36.211871" lon="-5.448537">
        <ele>29.2</ele>
      </trkpt>
      <trkpt lat="36.211885" lon="-5.448347">
        <ele>29.2</ele>
      </trkpt>
      <trkpt lat="36.211872" lon="-5.448224">
        <ele>28.2</ele>
      </trkpt>
      <trkpt lat="36.211737" lon="-5.447907">
        <ele>27.8</ele>
      </trkpt>
      <trkpt lat="36.211638" lon="-5.447523">
        <ele>27.4</ele>
      </trkpt>
      <trkpt lat="36.211599" lon="-5.447004">
        <ele>27.1</ele>
      </trkpt>
      <trkpt lat="36.211612" lon="-5.446909">
        <ele>26.8</ele>
      </trkpt>
      <trkpt lat="36.211705" lon="-5.446733">
        <ele>26.8</ele>
      </trkpt>
      <trkpt lat="36.212716" lon="-5.446150">
        <ele>26.5</ele>
      </trkpt>
      <trkpt lat="36.213286" lon="-5.445863">
        <ele>27.6</ele>
      </trkpt>
      <trkpt lat="36.214127" lon="-5.445172">
        <ele>20.6</ele>
      </trkpt>
      <trkpt lat="36.214248" lon="-5.445028">
        <ele>17.3</ele>
      </trkpt>
      <trkpt lat="36.214559" lon="-5.444515">
        <ele>14.8</ele>
      </trkpt>
      <trkpt lat="36.214722" lon="-5.444482">
        <ele>13.5</ele>
      </trkpt>
      <trkpt lat="36.216029" lon="-5.445077">
        <ele>12</ele>
      </trkpt>
      <trkpt lat="36.216739" lon="-5.445443">
        <ele>16.4</ele>
      </trkpt>
      <trkpt lat="36.216853" lon="-5.445606">
        <ele>18.8</ele>
      </trkpt>
      <trkpt lat="36.216898" lon="-5.446459">
        <ele>23</ele>
      </trkpt>
      <trkpt lat="36.217010" lon="-5.446660">
        <ele>23</ele>
      </trkpt>
      <trkpt lat="36.217171" lon="-5.446842">
        <ele>24.4</ele>
      </trkpt>
      <trkpt lat="36.217436" lon="-5.447067">
        <ele>25.2</ele>
      </trkpt>
      <trkpt lat="36.217954" lon="-5.447149">
        <ele>27.1</ele>
      </trkpt>
      <trkpt lat="36.218815" lon="-5.447644">
        <ele>23</ele>
      </trkpt>
      <trkpt lat="36.218938" lon="-5.447650">
        <ele>23</ele>
      </trkpt>
      <trkpt lat="36.219250" lon="-5.447543">
        <ele>21.3</ele>
      </trkpt>
      <trkpt lat="36.219391" lon="-5.447592">
        <ele>21.3</ele>
      </trkpt>
      <trkpt lat="36.219555" lon="-5.447754">
        <ele>20.8</ele>
      </trkpt>
      <trkpt lat="36.219839" lon="-5.448480">
        <ele>22.1</ele>
      </trkpt>
      <trkpt lat="36.220008" lon="-5.448559">
        <ele>22.1</ele>
      </trkpt>
      <trkpt lat="36.220928" lon="-5.447542">
        <ele>27.3</ele>
      </trkpt>
      <trkpt lat="36.221405" lon="-5.446889">
        <ele>22.6</ele>
      </trkpt>
      <trkpt lat="36.221811" lon="-5.446712">
        <ele>20.4</ele>
      </trkpt>
      <trkpt lat="36.222533" lon="-5.446056">
        <ele>14.2</ele>
      </trkpt>
      <trkpt lat="36.222791" lon="-5.445680">
        <ele>12.6</ele>
      </trkpt>
      <trkpt lat="36.223655" lon="-5.443979">
        <ele>4.6</ele>
      </trkpt>
      <trkpt lat="36.223828" lon="-5.443714">
        <ele>3.4</ele>
      </trkpt>
      <trkpt lat="36.224266" lon="-5.443219">
        <ele>3</ele>
      </trkpt>
      <trkpt lat="36.224417" lon="-5.442965">
        <ele>3.3</ele>
      </trkpt>
      <trkpt lat="36.224429" lon="-5.442811">
        <ele>3.8</ele>
      </trkpt>
      <trkpt lat="36.224373" lon="-5.442354">
        <ele>4.8</ele>
      </trkpt>
      <trkpt lat="36.224060" lon="-5.440755">
        <ele>5.4</ele>
      </trkpt>
      <trkpt lat="36.223901" lon="-5.439791">
        <ele>5.5</ele>
      </trkpt>
      <trkpt lat="36.223932" lon="-5.439381">
        <ele>6</ele>
      </trkpt>
      <trkpt lat="36.224389" lon="-5.437692">
        <ele>5.3</ele>
      </trkpt>
      <trkpt lat="36.224473" lon="-5.437232">
        <ele>5.9</ele>
      </trkpt>
      <trkpt lat="36.224561" lon="-5.437246">
        <ele>5.9</ele>
      </trkpt>
      <trkpt lat="36.224578" lon="-5.437130">
        <ele>5.9</ele>
      </trkpt>
      <trkpt lat="36.225354" lon="-5.434905">
        <ele>5.7</ele>
      </trkpt>
      <trkpt lat="36.225362" lon="-5.434444">
        <ele>7.7</ele>
      </trkpt>
      <trkpt lat="36.225288" lon="-5.433674">
        <ele>11.6</ele>
      </trkpt>
      <trkpt lat="36.225322" lon="-5.433387">
        <ele>13.5</ele>
      </trkpt>
      <trkpt lat="36.225452" lon="-5.433088">
        <ele>15.6</ele>
      </trkpt>
      <trkpt lat="36.225535" lon="-5.432980">
        <ele>14.7</ele>
      </trkpt>
      <trkpt lat="36.225917" lon="-5.432698">
        <ele>16</ele>
      </trkpt>
      <trkpt lat="36.226067" lon="-5.432542">
        <ele>17.4</ele>
      </trkpt>
      <trkpt lat="36.226401" lon="-5.431910">
        <ele>17.9</ele>
      </trkpt>
      <trkpt lat="36.226460" lon="-5.431670">
        <ele>18.8</ele>
      </trkpt>
      <trkpt lat="36.226462" lon="-5.431528">
        <ele>19.1</ele>
      </trkpt>
      <trkpt lat="36.226420" lon="-5.431267">
        <ele>19.1</ele>
      </trkpt>
      <trkpt lat="36.226311" lon="-5.430943">
        <ele>18.4</ele>
      </trkpt>
      <trkpt lat="36.226260" lon="-5.430595">
        <ele>18.1</ele>
      </trkpt>
      <trkpt lat="36.226306" lon="-5.430354">
        <ele>18.3</ele>
      </trkpt>
      <trkpt lat="36.226397" lon="-5.430146">
        <ele>19.6</ele>
      </trkpt>
      <trkpt lat="36.226608" lon="-5.429851">
        <ele>21.5</ele>
      </trkpt>
      <trkpt lat="36.226753" lon="-5.429585">
        <ele>22.7</ele>
      </trkpt>
      <trkpt lat="36.226810" lon="-5.429392">
        <ele>24.3</ele>
      </trkpt>
      <trkpt lat="36.227562" lon="-5.425682">
        <ele>26.2</ele>
      </trkpt>
      <trkpt lat="36.227563" lon="-5.425522">
        <ele>26.7</ele>
      </trkpt>
      <trkpt lat="36.227565" lon="-5.425524">
        <ele>26.7</ele>
      </trkpt>
      <trkpt lat="36.227722" lon="-5.425180">
        <ele>28.9</ele>
      </trkpt>
      <trkpt lat="36.228017" lon="-5.424746">
        <ele>32.5</ele>
      </trkpt>
      <trkpt lat="36.228381" lon="-5.425162">
        <ele>35.5</ele>
      </trkpt>
      <trkpt lat="36.228468" lon="-5.425223">
        <ele>35.5</ele>
      </trkpt>
      <trkpt lat="36.228667" lon="-5.425273">
        <ele>38.3</ele>
      </trkpt>
      <trkpt lat="36.228801" lon="-5.425236">
        <ele>40.7</ele>
      </trkpt>
      <trkpt lat="36.228927" lon="-5.425118">
        <ele>41.7</ele>
      </trkpt>
      <trkpt lat="36.229319" lon="-5.424598">
        <ele>45.5</ele>
      </trkpt>
      <trkpt lat="36.230773" lon="-5.422515">
        <ele>51.5</ele>
      </trkpt>
      <trkpt lat="36.231046" lon="-5.422233">
        <ele>51.4</ele>
      </trkpt>
      <trkpt lat="36.231113" lon="-5.422233">
        <ele>51.4</ele>
      </trkpt>
      <trkpt lat="36.231173" lon="-5.422277">
        <ele>52.7</ele>
      </trkpt>
      <trkpt lat="36.232280" lon="-5.423997">
        <ele>50.2</ele>
      </trkpt>
      <trkpt lat="36.232528" lon="-5.424298">
        <ele>48.2</ele>
      </trkpt>
      <trkpt lat="36.232714" lon="-5.424379">
        <ele>46.4</ele>
      </trkpt>
      <trkpt lat="36.232826" lon="-5.424387">
        <ele>46.4</ele>
      </trkpt>
      <trkpt lat="36.234225" lon="-5.424281">
        <ele>52.4</ele>
      </trkpt>
      <trkpt lat="36.234470" lon="-5.424329">
        <ele>51.1</ele>
      </trkpt>
      <trkpt lat="36.234696" lon="-5.424447">
        <ele>52.5</ele>
      </trkpt>
      <trkpt lat="36.235141" lon="-5.424829">
        <ele>53.2</ele>
      </trkpt>
      <trkpt lat="36.235561" lon="-5.425122">
        <ele>55</ele>
      </trkpt>
      <trkpt lat="36.235851" lon="-5.425208">
        <ele>53.6</ele>
      </trkpt>
      <trkpt lat="36.236364" lon="-5.425130">
        <ele>50.2</ele>
      </trkpt>
      <trkpt lat="36.236547" lon="-5.425007">
        <ele>53.4</ele>
      </trkpt>
      <trkpt lat="36.236725" lon="-5.424827">
        <ele>54.6</ele>
      </trkpt>
      <trkpt lat="36.237457" lon="-5.423826">
        <ele>53.7</ele>
      </trkpt>
      <trkpt lat="36.237724" lon="-5.423713">
        <ele>54.3</ele>
      </trkpt>
      <trkpt lat="36.237883" lon="-5.423694">
        <ele>53.8</ele>
      </trkpt>
      <trkpt lat="36.238062" lon="-5.423775">
        <ele>53.8</ele>
      </trkpt>
      <trkpt lat="36.238168" lon="-5.423885">
        <ele>53.3</ele>
      </trkpt>
      <trkpt lat="36.238267" lon="-5.424056">
        <ele>52.9</ele>
      </trkpt>
      <trkpt lat="36.238360" lon="-5.424382">
        <ele>54.4</ele>
      </trkpt>
      <trkpt lat="36.238341" lon="-5.425058">
        <ele>55.1</ele>
      </trkpt>
      <trkpt lat="36.238281" lon="-5.425500">
        <ele>51.8</ele>
      </trkpt>
      <trkpt lat="36.238296" lon="-5.425790">
        <ele>50.9</ele>
      </trkpt>
      <trkpt lat="36.238389" lon="-5.426058">
        <ele>51.4</ele>
      </trkpt>
      <trkpt lat="36.238543" lon="-5.426267">
        <ele>51</ele>
      </trkpt>
      <trkpt lat="36.238682" lon="-5.426376">
        <ele>51</ele>
      </trkpt>
      <trkpt lat="36.238934" lon="-5.426476">
        <ele>50.9</ele>
      </trkpt>
      <trkpt lat="36.240124" lon="-5.426409">
        <ele>56.1</ele>
      </trkpt>
      <trkpt lat="36.240382" lon="-5.426258">
        <ele>54.1</ele>
      </trkpt>
      <trkpt lat="36.240750" lon="-5.425715">
        <ele>54.2</ele>
      </trkpt>
      <trkpt lat="36.241240" lon="-5.424857">
        <ele>56.3</ele>
      </trkpt>
      <trkpt lat="36.241706" lon="-5.424452">
        <ele>55.1</ele>
      </trkpt>
      <trkpt lat="36.242034" lon="-5.424338">
        <ele>53.3</ele>
      </trkpt>
      <trkpt lat="36.242404" lon="-5.424306">
        <ele>54.8</ele>
      </trkpt>
      <trkpt lat="36.243060" lon="-5.424449">
        <ele>51.7</ele>
      </trkpt>
      <trkpt lat="36.243504" lon="-5.424470">
        <ele>51.3</ele>
      </trkpt>
      <trkpt lat="36.243794" lon="-5.424301">
        <ele>51.1</ele>
      </trkpt>
      <trkpt lat="36.243995" lon="-5.424079">
        <ele>49.6</ele>
      </trkpt>
      <trkpt lat="36.244138" lon="-5.423739">
        <ele>51.2</ele>
      </trkpt>
      <trkpt lat="36.244268" lon="-5.422572">
        <ele>54.5</ele>
      </trkpt>
      <trkpt lat="36.244408" lon="-5.422171">
        <ele>55.5</ele>
      </trkpt>
      <trkpt lat="36.244497" lon="-5.422036">
        <ele>57.2</ele>
      </trkpt>
      <trkpt lat="36.244906" lon="-5.422016">
        <ele>57.9</ele>
      </trkpt>
      <trkpt lat="36.246356" lon="-5.423171">
        <ele>50.6</ele>
      </trkpt>
      <trkpt lat="36.246845" lon="-5.423481">
        <ele>48.5</ele>
      </trkpt>
      <trkpt lat="36.247389" lon="-5.423579">
        <ele>47.6</ele>
      </trkpt>
      <trkpt lat="36.249510" lon="-5.423832">
        <ele>48.4</ele>
      </trkpt>
      <trkpt lat="36.249608" lon="-5.423923">
        <ele>48.4</ele>
      </trkpt>
      <trkpt lat="36.249640" lon="-5.424015">
        <ele>47.4</ele>
      </trkpt>
      <trkpt lat="36.249690" lon="-5.424686">
        <ele>45.6</ele>
      </trkpt>
      <trkpt lat="36.249771" lon="-5.425279">
        <ele>43.9</ele>
      </trkpt>
      <trkpt lat="36.249886" lon="-5.425794">
        <ele>40.5</ele>
      </trkpt>
      <trkpt lat="36.250044" lon="-5.426143">
        <ele>39.3</ele>
      </trkpt>
      <trkpt lat="36.250301" lon="-5.426437">
        <ele>36</ele>
      </trkpt>
      <trkpt lat="36.250568" lon="-5.426646">
        <ele>34.2</ele>
      </trkpt>
      <trkpt lat="36.250717" lon="-5.426711">
        <ele>34.1</ele>
      </trkpt>
      <trkpt lat="36.250901" lon="-5.426709">
        <ele>34.1</ele>
      </trkpt>
      <trkpt lat="36.250996" lon="-5.426654">
        <ele>34.4</ele>
      </trkpt>
      <trkpt lat="36.251221" lon="-5.426430">
        <ele>36.2</ele>
      </trkpt>
      <trkpt lat="36.251591" lon="-5.425794">
        <ele>39.3</ele>
      </trkpt>
      <trkpt lat="36.251747" lon="-5.425387">
        <ele>39.6</ele>
      </trkpt>
      <trkpt lat="36.251734" lon="-5.424782">
        <ele>40.8</ele>
      </trkpt>
      <trkpt lat="36.251797" lon="-5.424475">
        <ele>42.9</ele>
      </trkpt>
      <trkpt lat="36.251885" lon="-5.424275">
        <ele>44</ele>
      </trkpt>
      <trkpt lat="36.252335" lon="-5.423572">
        <ele>48.7</ele>
      </trkpt>
      <trkpt lat="36.252658" lon="-5.422928">
        <ele>55.2</ele>
      </trkpt>
      <trkpt lat="36.252914" lon="-5.422768">
        <ele>54.6</ele>
      </trkpt>
      <trkpt lat="36.253330" lon="-5.422621">
        <ele>54.8</ele>
      </trkpt>
      <trkpt lat="36.253605" lon="-5.422467">
        <ele>53.9</ele>
      </trkpt>
      <trkpt lat="36.253813" lon="-5.421985">
        <ele>53.3</ele>
      </trkpt>
      <trkpt lat="36.253767" lon="-5.421517">
        <ele>51.8</ele>
      </trkpt>
      <trkpt lat="36.253551" lon="-5.420946">
        <ele>50.8</ele>
      </trkpt>
      <trkpt lat="36.253487" lon="-5.420670">
        <ele>52.2</ele>
      </trkpt>
      <trkpt lat="36.253481" lon="-5.420197">
        <ele>50.5</ele>
      </trkpt>
      <trkpt lat="36.253604" lon="-5.419802">
        <ele>49.5</ele>
      </trkpt>
      <trkpt lat="36.254142" lon="-5.419413">
        <ele>51.1</ele>
      </trkpt>
      <trkpt lat="36.254320" lon="-5.419393">
        <ele>51</ele>
      </trkpt>
      <trkpt lat="36.254510" lon="-5.419424">
        <ele>51.6</ele>
      </trkpt>
      <trkpt lat="36.254789" lon="-5.419583">
        <ele>51.6</ele>
      </trkpt>
      <trkpt lat="36.255207" lon="-5.420080">
        <ele>52.2</ele>
      </trkpt>
      <trkpt lat="36.255430" lon="-5.420176">
        <ele>53.7</ele>
      </trkpt>
      <trkpt lat="36.255574" lon="-5.420162">
        <ele>54.4</ele>
      </trkpt>
      <trkpt lat="36.255747" lon="-5.420025">
        <ele>54.3</ele>
      </trkpt>
      <trkpt lat="36.255891" lon="-5.419777">
        <ele>55.1</ele>
      </trkpt>
      <trkpt lat="36.255934" lon="-5.419576">
        <ele>55.2</ele>
      </trkpt>
      <trkpt lat="36.255930" lon="-5.419263">
        <ele>55.7</ele>
      </trkpt>
      <trkpt lat="36.255834" lon="-5.418436">
        <ele>57.1</ele>
      </trkpt>
      <trkpt lat="36.256100" lon="-5.416359">
        <ele>58</ele>
      </trkpt>
      <trkpt lat="36.256213" lon="-5.415694">
        <ele>56.9</ele>
      </trkpt>
      <trkpt lat="36.256312" lon="-5.415440">
        <ele>56.1</ele>
      </trkpt>
      <trkpt lat="36.256750" lon="-5.414785">
        <ele>54</ele>
      </trkpt>
      <trkpt lat="36.257022" lon="-5.414637">
        <ele>54.8</ele>
      </trkpt>
      <trkpt lat="36.257339" lon="-5.414678">
        <ele>55.4</ele>
      </trkpt>
      <trkpt lat="36.257832" lon="-5.415041">
        <ele>55.3</ele>
      </trkpt>
      <trkpt lat="36.258005" lon="-5.415088">
        <ele>55.9</ele>
      </trkpt>
      <trkpt lat="36.258184" lon="-5.415090">
        <ele>56.9</ele>
      </trkpt>
      <trkpt lat="36.258433" lon="-5.415013">
        <ele>58.4</ele>
      </trkpt>
      <trkpt lat="36.260553" lon="-5.413515">
        <ele>55.7</ele>
      </trkpt>
      <trkpt lat="36.260659" lon="-5.413510">
        <ele>55.7</ele>
      </trkpt>
      <trkpt lat="36.262181" lon="-5.413992">
        <ele>52.5</ele>
      </trkpt>
      <trkpt lat="36.262403" lon="-5.413905">
        <ele>52.5</ele>
      </trkpt>
      <trkpt lat="36.262513" lon="-5.413816">
        <ele>52.3</ele>
      </trkpt>
      <trkpt lat="36.262621" lon="-5.413636">
        <ele>53</ele>
      </trkpt>
      <trkpt lat="36.262790" lon="-5.413172">
        <ele>53.5</ele>
      </trkpt>
      <trkpt lat="36.262815" lon="-5.412987">
        <ele>53.8</ele>
      </trkpt>
      <trkpt lat="36.262688" lon="-5.411015">
        <ele>56.3</ele>
      </trkpt>
      <trkpt lat="36.262709" lon="-5.410576">
        <ele>57.8</ele>
      </trkpt>
      <trkpt lat="36.262766" lon="-5.410365">
        <ele>59.6</ele>
      </trkpt>
      <trkpt lat="36.262846" lon="-5.410221">
        <ele>61.3</ele>
      </trkpt>
      <trkpt lat="36.262959" lon="-5.410101">
        <ele>59.7</ele>
      </trkpt>
      <trkpt lat="36.263721" lon="-5.409376">
        <ele>55.2</ele>
      </trkpt>
      <trkpt lat="36.264234" lon="-5.408934">
        <ele>54.8</ele>
      </trkpt>
      <trkpt lat="36.264389" lon="-5.408846">
        <ele>54.8</ele>
      </trkpt>
      <trkpt lat="36.264540" lon="-5.408814">
        <ele>54.6</ele>
      </trkpt>
      <trkpt lat="36.264683" lon="-5.408830">
        <ele>54.7</ele>
      </trkpt>
      <trkpt lat="36.264806" lon="-5.408913">
        <ele>54.7</ele>
      </trkpt>
      <trkpt lat="36.264966" lon="-5.409214">
        <ele>54.4</ele>
      </trkpt>
      <trkpt lat="36.265216" lon="-5.409861">
        <ele>50.3</ele>
      </trkpt>
      <trkpt lat="36.265568" lon="-5.410408">
        <ele>50.3</ele>
      </trkpt>
      <trkpt lat="36.266074" lon="-5.410774">
        <ele>51.7</ele>
      </trkpt>
      <trkpt lat="36.266445" lon="-5.410993">
        <ele>52</ele>
      </trkpt>
      <trkpt lat="36.266999" lon="-5.411148">
        <ele>54.7</ele>
      </trkpt>
      <trkpt lat="36.267115" lon="-5.411143">
        <ele>57.2</ele>
      </trkpt>
      <trkpt lat="36.267507" lon="-5.410883">
        <ele>61.4</ele>
      </trkpt>
      <trkpt lat="36.267760" lon="-5.410623">
        <ele>61.9</ele>
      </trkpt>
      <trkpt lat="36.268259" lon="-5.410332">
        <ele>58.4</ele>
      </trkpt>
      <trkpt lat="36.268677" lon="-5.410151">
        <ele>56.2</ele>
      </trkpt>
      <trkpt lat="36.268950" lon="-5.410168">
        <ele>55.2</ele>
      </trkpt>
      <trkpt lat="36.269428" lon="-5.410448">
        <ele>55.2</ele>
      </trkpt>
      <trkpt lat="36.271018" lon="-5.411530">
        <ele>56.5</ele>
      </trkpt>
      <trkpt lat="36.271417" lon="-5.412054">
        <ele>57.1</ele>
      </trkpt>
      <trkpt lat="36.271546" lon="-5.412602">
        <ele>57</ele>
      </trkpt>
      <trkpt lat="36.271520" lon="-5.412950">
        <ele>57.1</ele>
      </trkpt>
      <trkpt lat="36.271250" lon="-5.413733">
        <ele>56.1</ele>
      </trkpt>
      <trkpt lat="36.271241" lon="-5.414044">
        <ele>56.1</ele>
      </trkpt>
      <trkpt lat="36.271428" lon="-5.414675">
        <ele>59.4</ele>
      </trkpt>
      <trkpt lat="36.271456" lon="-5.414947">
        <ele>60.3</ele>
      </trkpt>
      <trkpt lat="36.271333" lon="-5.415393">
        <ele>59.6</ele>
      </trkpt>
      <trkpt lat="36.270872" lon="-5.416268">
        <ele>56.4</ele>
      </trkpt>
      <trkpt lat="36.270848" lon="-5.416603">
        <ele>55</ele>
      </trkpt>
      <trkpt lat="36.270891" lon="-5.416805">
        <ele>53.2</ele>
      </trkpt>
      <trkpt lat="36.271051" lon="-5.417097">
        <ele>52.9</ele>
      </trkpt>
      <trkpt lat="36.271774" lon="-5.418076">
        <ele>53.4</ele>
      </trkpt>
      <trkpt lat="36.272740" lon="-5.419307">
        <ele>57.2</ele>
      </trkpt>
      <trkpt lat="36.273172" lon="-5.419380">
        <ele>57.9</ele>
      </trkpt>
      <trkpt lat="36.273281" lon="-5.419343">
        <ele>57.9</ele>
      </trkpt>
      <trkpt lat="36.273944" lon="-5.418825">
        <ele>57.4</ele>
      </trkpt>
      <trkpt lat="36.274079" lon="-5.418413">
        <ele>55.7</ele>
      </trkpt>
      <trkpt lat="36.274056" lon="-5.418177">
        <ele>55.3</ele>
      </trkpt>
      <trkpt lat="36.273760" lon="-5.417524">
        <ele>56.8</ele>
      </trkpt>
      <trkpt lat="36.273716" lon="-5.417199">
        <ele>59.6</ele>
      </trkpt>
      <trkpt lat="36.273759" lon="-5.416886">
        <ele>58.6</ele>
      </trkpt>
      <trkpt lat="36.273910" lon="-5.416720">
        <ele>59.5</ele>
      </trkpt>
      <trkpt lat="36.274160" lon="-5.416666">
        <ele>57.6</ele>
      </trkpt>
      <trkpt lat="36.274361" lon="-5.416732">
        <ele>56.5</ele>
      </trkpt>
      <trkpt lat="36.274870" lon="-5.417026">
        <ele>53.2</ele>
      </trkpt>
      <trkpt lat="36.275145" lon="-5.417111">
        <ele>50.4</ele>
      </trkpt>
      <trkpt lat="36.275595" lon="-5.416769">
        <ele>51</ele>
      </trkpt>
      <trkpt lat="36.275650" lon="-5.416298">
        <ele>52.2</ele>
      </trkpt>
      <trkpt lat="36.275455" lon="-5.414162">
        <ele>57.6</ele>
      </trkpt>
      <trkpt lat="36.275460" lon="-5.413941">
        <ele>58.2</ele>
      </trkpt>
      <trkpt lat="36.275645" lon="-5.413717">
        <ele>58.1</ele>
      </trkpt>
      <trkpt lat="36.275828" lon="-5.413699">
        <ele>57.8</ele>
      </trkpt>
      <trkpt lat="36.276105" lon="-5.413839">
        <ele>57</ele>
      </trkpt>
      <trkpt lat="36.276478" lon="-5.414704">
        <ele>57.9</ele>
      </trkpt>
      <trkpt lat="36.277051" lon="-5.416323">
        <ele>60.9</ele>
      </trkpt>
      <trkpt lat="36.277193" lon="-5.416581">
        <ele>60</ele>
      </trkpt>
      <trkpt lat="36.277304" lon="-5.416672">
        <ele>61.5</ele>
      </trkpt>
      <trkpt lat="36.277461" lon="-5.416737">
        <ele>62.2</ele>
      </trkpt>
      <trkpt lat="36.277672" lon="-5.416729">
        <ele>62.4</ele>
      </trkpt>
      <trkpt lat="36.277846" lon="-5.416674">
        <ele>62.4</ele>
      </trkpt>
      <trkpt lat="36.278065" lon="-5.416521">
        <ele>62.5</ele>
      </trkpt>
      <trkpt lat="36.278276" lon="-5.416343">
        <ele>62.7</ele>
      </trkpt>
      <trkpt lat="36.278456" lon="-5.416132">
        <ele>62.3</ele>
      </trkpt>
      <trkpt lat="36.278872" lon="-5.415506">
        <ele>61.4</ele>
      </trkpt>
      <trkpt lat="36.279129" lon="-5.415390">
        <ele>61.8</ele>
      </trkpt>
      <trkpt lat="36.279240" lon="-5.415419">
        <ele>61.4</ele>
      </trkpt>
      <trkpt lat="36.279497" lon="-5.415581">
        <ele>59.7</ele>
      </trkpt>
      <trkpt lat="36.279804" lon="-5.416356">
        <ele>55.7</ele>
      </trkpt>
      <trkpt lat="36.279992" lon="-5.416525">
        <ele>55.2</ele>
      </trkpt>
      <trkpt lat="36.280093" lon="-5.416563">
        <ele>57.2</ele>
      </trkpt>
      <trkpt lat="36.280283" lon="-5.416559">
        <ele>59.4</ele>
      </trkpt>
      <trkpt lat="36.280438" lon="-5.416492">
        <ele>60.6</ele>
      </trkpt>
      <trkpt lat="36.281776" lon="-5.415676">
        <ele>55.5</ele>
      </trkpt>
      <trkpt lat="36.281894" lon="-5.415459">
        <ele>52.7</ele>
      </trkpt>
      <trkpt lat="36.281942" lon="-5.415283">
        <ele>53.4</ele>
      </trkpt>
      <trkpt lat="36.281906" lon="-5.415096">
        <ele>53.6</ele>
      </trkpt>
      <trkpt lat="36.281725" lon="-5.414789">
        <ele>55.5</ele>
      </trkpt>
      <trkpt lat="36.281190" lon="-5.414089">
        <ele>58</ele>
      </trkpt>
      <trkpt lat="36.281321" lon="-5.413637">
        <ele>56.8</ele>
      </trkpt>
      <trkpt lat="36.281312" lon="-5.413353">
        <ele>55.3</ele>
      </trkpt>
      <trkpt lat="36.281181" lon="-5.412960">
        <ele>52.5</ele>
      </trkpt>
      <trkpt lat="36.280865" lon="-5.412198">
        <ele>54.7</ele>
      </trkpt>
      <trkpt lat="36.280772" lon="-5.411904">
        <ele>55.5</ele>
      </trkpt>
      <trkpt lat="36.280736" lon="-5.411626">
        <ele>56.6</ele>
      </trkpt>
      <trkpt lat="36.280781" lon="-5.411397">
        <ele>56.6</ele>
      </trkpt>
      <trkpt lat="36.280890" lon="-5.411162">
        <ele>57.6</ele>
      </trkpt>
      <trkpt lat="36.281913" lon="-5.409711">
        <ele>58</ele>
      </trkpt>
      <trkpt lat="36.281969" lon="-5.409667">
        <ele>58</ele>
      </trkpt>
      <trkpt lat="36.282260" lon="-5.409239">
        <ele>56.4</ele>
      </trkpt>
      <trkpt lat="36.282489" lon="-5.408814">
        <ele>53.6</ele>
      </trkpt>
      <trkpt lat="36.282525" lon="-5.408598">
        <ele>54</ele>
      </trkpt>
      <trkpt lat="36.282376" lon="-5.407834">
        <ele>61.1</ele>
      </trkpt>
      <trkpt lat="36.282398" lon="-5.407641">
        <ele>61.1</ele>
      </trkpt>
      <trkpt lat="36.282581" lon="-5.407400">
        <ele>60.6</ele>
      </trkpt>
      <trkpt lat="36.282708" lon="-5.407359">
        <ele>59.7</ele>
      </trkpt>
      <trkpt lat="36.282967" lon="-5.407439">
        <ele>59.6</ele>
      </trkpt>
      <trkpt lat="36.283350" lon="-5.407636">
        <ele>57.6</ele>
      </trkpt>
      <trkpt lat="36.283755" lon="-5.407674">
        <ele>58.8</ele>
      </trkpt>
      <trkpt lat="36.283931" lon="-5.407588">
        <ele>61.8</ele>
      </trkpt>
      <trkpt lat="36.284136" lon="-5.407430">
        <ele>61.4</ele>
      </trkpt>
      <trkpt lat="36.284370" lon="-5.407085">
        <ele>62</ele>
      </trkpt>
      <trkpt lat="36.284679" lon="-5.406444">
        <ele>62.2</ele>
      </trkpt>
      <trkpt lat="36.284837" lon="-5.406336">
        <ele>60.1</ele>
      </trkpt>
      <trkpt lat="36.285007" lon="-5.406313">
        <ele>60.1</ele>
      </trkpt>
      <trkpt lat="36.285125" lon="-5.406361">
        <ele>59.5</ele>
      </trkpt>
      <trkpt lat="36.285325" lon="-5.406639">
        <ele>59</ele>
      </trkpt>
      <trkpt lat="36.285382" lon="-5.406833">
        <ele>57.9</ele>
      </trkpt>
      <trkpt lat="36.285463" lon="-5.407548">
        <ele>55.3</ele>
      </trkpt>
      <trkpt lat="36.285551" lon="-5.407898">
        <ele>52.9</ele>
      </trkpt>
      <trkpt lat="36.285769" lon="-5.408163">
        <ele>51.5</ele>
      </trkpt>
      <trkpt lat="36.286078" lon="-5.408314">
        <ele>53.1</ele>
      </trkpt>
      <trkpt lat="36.286314" lon="-5.408321">
        <ele>54.9</ele>
      </trkpt>
      <trkpt lat="36.286562" lon="-5.408264">
        <ele>58.1</ele>
      </trkpt>
      <trkpt lat="36.286914" lon="-5.408103">
        <ele>62</ele>
      </trkpt>
      <trkpt lat="36.287080" lon="-5.408095">
        <ele>60.2</ele>
      </trkpt>
      <trkpt lat="36.287301" lon="-5.408013">
        <ele>57.8</ele>
      </trkpt>
      <trkpt lat="36.288864" lon="-5.407232">
        <ele>60.4</ele>
      </trkpt>
      <trkpt lat="36.288981" lon="-5.407211">
        <ele>58.3</ele>
      </trkpt>
      <trkpt lat="36.289217" lon="-5.407237">
        <ele>57</ele>
      </trkpt>
      <trkpt lat="36.289317" lon="-5.407287">
        <ele>57</ele>
      </trkpt>
      <trkpt lat="36.289422" lon="-5.407395">
        <ele>57.4</ele>
      </trkpt>
      <trkpt lat="36.289536" lon="-5.407602">
        <ele>57.4</ele>
      </trkpt>
      <trkpt lat="36.291242" lon="-5.406234">
        <ele>60.7</ele>
      </trkpt>
      <trkpt lat="36.291791" lon="-5.405832">
        <ele>64.7</ele>
      </trkpt>
      <trkpt lat="36.293514" lon="-5.405007">
        <ele>78</ele>
      </trkpt>
      <trkpt lat="36.295688" lon="-5.403902">
        <ele>74.4</ele>
      </trkpt>
      <trkpt lat="36.296397" lon="-5.403519">
        <ele>73.1</ele>
      </trkpt>
      <trkpt lat="36.296864" lon="-5.403172">
        <ele>72.3</ele>
      </trkpt>
      <trkpt lat="36.298291" lon="-5.401596">
        <ele>75</ele>
      </trkpt>
      <trkpt lat="36.298733" lon="-5.401051">
        <ele>77</ele>
      </trkpt>
      <trkpt lat="36.299078" lon="-5.400698">
        <ele>78</ele>
      </trkpt>
      <trkpt lat="36.299948" lon="-5.399689">
        <ele>80.3</ele>
      </trkpt>
      <trkpt lat="36.301502" lon="-5.398135">
        <ele>82.5</ele>
      </trkpt>
      <trkpt lat="36.302041" lon="-5.397371">
        <ele>82.2</ele>
      </trkpt>
      <trkpt lat="36.302438" lon="-5.396936">
        <ele>84.1</ele>
      </trkpt>
      <trkpt lat="36.302856" lon="-5.396621">
        <ele>84.2</ele>
      </trkpt>
      <trkpt lat="36.303193" lon="-5.396422">
        <ele>84.6</ele>
      </trkpt>
      <trkpt lat="36.303898" lon="-5.395821">
        <ele>84.3</ele>
        <extensions>
          <visugpx:TrkExtension xmlns:visugpx="https://www.visugpx.com/editgpx/">
            <visugpx:node>2</visugpx:node>
          </visugpx:TrkExtension>
        </extensions>
      </trkpt>
      <trkpt lat="36.304132" lon="-5.395668">
        <ele>82.6</ele>
        <extensions>
          <visugpx:TrkExtension xmlns:visugpx="https://www.visugpx.com/editgpx/">
            <visugpx:node>3</visugpx:node>
          </visugpx:TrkExtension>
        </extensions>
      </trkpt>
      <trkpt lat="36.304156" lon="-5.395723">
        <ele>82.4</ele>
      </trkpt>
      <trkpt lat="36.304052" lon="-5.395785">
        <ele>82.5</ele>
      </trkpt>
      <trkpt lat="36.303958" lon="-5.395846">
        <ele>82.7</ele>
      </trkpt>
      <trkpt lat="36.303702" lon="-5.396060">
        <ele>82.7</ele>
      </trkpt>
      <trkpt lat="36.303381" lon="-5.396365">
        <ele>82.7</ele>
      </trkpt>
      <trkpt lat="36.303235" lon="-5.396461">
        <ele>82.3</ele>
      </trkpt>
      <trkpt lat="36.303081" lon="-5.396564">
        <ele>82</ele>
      </trkpt>
      <trkpt lat="36.302777" lon="-5.396739">
        <ele>82.7</ele>
      </trkpt>
      <trkpt lat="36.302512" lon="-5.396980">
        <ele>83.9</ele>
      </trkpt>
      <trkpt lat="36.302479" lon="-5.397062">
        <ele>83.9</ele>
      </trkpt>
      <trkpt lat="36.302468" lon="-5.397128">
        <ele>83.9</ele>
      </trkpt>
      <trkpt lat="36.302474" lon="-5.397191">
        <ele>83.9</ele>
      </trkpt>
      <trkpt lat="36.302488" lon="-5.397221">
        <ele>84</ele>
      </trkpt>
      <trkpt lat="36.302518" lon="-5.397275">
        <ele>83.4</ele>
      </trkpt>
      <trkpt lat="36.302538" lon="-5.397336">
        <ele>82.8</ele>
      </trkpt>
      <trkpt lat="36.302741" lon="-5.397652">
        <ele>80.5</ele>
      </trkpt>
      <trkpt lat="36.302928" lon="-5.397948">
        <ele>80.6</ele>
      </trkpt>
      <trkpt lat="36.303053" lon="-5.398137">
        <ele>83.4</ele>
      </trkpt>
      <trkpt lat="36.303189" lon="-5.398352">
        <ele>79.5</ele>
      </trkpt>
      <trkpt lat="36.303312" lon="-5.398608">
        <ele>79.6</ele>
      </trkpt>
      <trkpt lat="36.303420" lon="-5.398923">
        <ele>76.7</ele>
      </trkpt>
      <trkpt lat="36.303508" lon="-5.399250">
        <ele>74.6</ele>
      </trkpt>
      <trkpt lat="36.303634" lon="-5.399767">
        <ele>74.9</ele>
      </trkpt>
      <trkpt lat="36.303699" lon="-5.400049">
        <ele>74.3</ele>
      </trkpt>
      <trkpt lat="36.303757" lon="-5.400298">
        <ele>74.5</ele>
      </trkpt>
      <trkpt lat="36.303791" lon="-5.400378">
        <ele>74.6</ele>
      </trkpt>
      <trkpt lat="36.303825" lon="-5.400483">
        <ele>74.8</ele>
      </trkpt>
      <trkpt lat="36.303863" lon="-5.400531">
        <ele>74.9</ele>
      </trkpt>
      <trkpt lat="36.303914" lon="-5.400572">
        <ele>74.9</ele>
      </trkpt>
      <trkpt lat="36.303973" lon="-5.400598">
        <ele>74.7</ele>
      </trkpt>
      <trkpt lat="36.304076" lon="-5.400613">
        <ele>74.7</ele>
      </trkpt>
      <trkpt lat="36.304223" lon="-5.400606">
        <ele>74.9</ele>
      </trkpt>
      <trkpt lat="36.304317" lon="-5.400640">
        <ele>74.9</ele>
      </trkpt>
      <trkpt lat="36.305194" lon="-5.400617">
        <ele>76.9</ele>
      </trkpt>
      <trkpt lat="36.305404" lon="-5.400621">
        <ele>77.4</ele>
      </trkpt>
      <trkpt lat="36.305517" lon="-5.400626">
        <ele>77.6</ele>
      </trkpt>
      <trkpt lat="36.305598" lon="-5.400645">
        <ele>77.9</ele>
      </trkpt>
      <trkpt lat="36.305624" lon="-5.400652">
        <ele>78</ele>
      </trkpt>
      <trkpt lat="36.308256" lon="-5.400564">
        <ele>84</ele>
      </trkpt>
      <trkpt lat="36.309667" lon="-5.400517">
        <ele>83.9</ele>
      </trkpt>
      <trkpt lat="36.310532" lon="-5.400480">
        <ele>84.4</ele>
      </trkpt>
      <trkpt lat="36.311874" lon="-5.400422">
        <ele>84.5</ele>
      </trkpt>
      <trkpt lat="36.312397" lon="-5.400400">
        <ele>84.4</ele>
      </trkpt>
      <trkpt lat="36.312813" lon="-5.400385">
        <ele>85.4</ele>
      </trkpt>
      <trkpt lat="36.314633" lon="-5.400320">
        <ele>86.6</ele>
      </trkpt>
      <trkpt lat="36.315152" lon="-5.400298">
        <ele>88.2</ele>
      </trkpt>
      <trkpt lat="36.315383" lon="-5.400294">
        <ele>88.2</ele>
      </trkpt>
      <trkpt lat="36.315559" lon="-5.400304">
        <ele>88.3</ele>
      </trkpt>
      <trkpt lat="36.315662" lon="-5.400323">
        <ele>88</ele>
      </trkpt>
      <trkpt lat="36.315785" lon="-5.400362">
        <ele>87.8</ele>
      </trkpt>
      <trkpt lat="36.315887" lon="-5.400403">
        <ele>87.6</ele>
      </trkpt>
      <trkpt lat="36.318802" lon="-5.402417">
        <ele>62.6</ele>
      </trkpt>
      <trkpt lat="36.319216" lon="-5.402722">
        <ele>58.5</ele>
      </trkpt>
      <trkpt lat="36.319932" lon="-5.403516">
        <ele>51</ele>
      </trkpt>
      <trkpt lat="36.320968" lon="-5.404646">
        <ele>41.9</ele>
      </trkpt>
      <trkpt lat="36.321140" lon="-5.404814">
        <ele>40.4</ele>
      </trkpt>
      <trkpt lat="36.321286" lon="-5.404931">
        <ele>39.2</ele>
      </trkpt>
      <trkpt lat="36.321439" lon="-5.405026">
        <ele>37.6</ele>
      </trkpt>
      <trkpt lat="36.321583" lon="-5.405080">
        <ele>36.7</ele>
      </trkpt>
      <trkpt lat="36.321730" lon="-5.405112">
        <ele>35.6</ele>
      </trkpt>
      <trkpt lat="36.321886" lon="-5.405126">
        <ele>34.1</ele>
      </trkpt>
      <trkpt lat="36.322054" lon="-5.405119">
        <ele>33</ele>
      </trkpt>
      <trkpt lat="36.322528" lon="-5.405065">
        <ele>30.6</ele>
      </trkpt>
      <trkpt lat="36.325380" lon="-5.404687">
        <ele>22.6</ele>
      </trkpt>
      <trkpt lat="36.327158" lon="-5.404457">
        <ele>19.2</ele>
      </trkpt>
      <trkpt lat="36.328312" lon="-5.404303">
        <ele>18.4</ele>
      </trkpt>
      <trkpt lat="36.328587" lon="-5.404206">
        <ele>19.5</ele>
      </trkpt>
      <trkpt lat="36.328783" lon="-5.404117">
        <ele>19.1</ele>
      </trkpt>
      <trkpt lat="36.329726" lon="-5.403598">
        <ele>21.6</ele>
      </trkpt>
      <trkpt lat="36.330109" lon="-5.403386">
        <ele>18.6</ele>
      </trkpt>
      <trkpt lat="36.330434" lon="-5.403197">
        <ele>19.4</ele>
      </trkpt>
      <trkpt lat="36.330603" lon="-5.403120">
        <ele>19.3</ele>
      </trkpt>
      <trkpt lat="36.330796" lon="-5.403040">
        <ele>19.8</ele>
      </trkpt>
      <trkpt lat="36.330929" lon="-5.403002">
        <ele>18.9</ele>
      </trkpt>
      <trkpt lat="36.331183" lon="-5.402932">
        <ele>17.6</ele>
      </trkpt>
      <trkpt lat="36.331376" lon="-5.402876">
        <ele>17</ele>
      </trkpt>
      <trkpt lat="36.331545" lon="-5.402798">
        <ele>17.1</ele>
      </trkpt>
      <trkpt lat="36.331780" lon="-5.402669">
        <ele>12.6</ele>
      </trkpt>
      <trkpt lat="36.331764" lon="-5.402620">
        <ele>12.5</ele>
      </trkpt>
      <trkpt lat="36.332222" lon="-5.402391">
        <ele>15.6</ele>
      </trkpt>
      <trkpt lat="36.332237" lon="-5.402436">
        <ele>15.9</ele>
      </trkpt>
      <trkpt lat="36.332285" lon="-5.402393">
        <ele>16.1</ele>
      </trkpt>
      <trkpt lat="36.332345" lon="-5.402371">
        <ele>16.6</ele>
      </trkpt>
      <trkpt lat="36.332400" lon="-5.402361">
        <ele>17.1</ele>
      </trkpt>
      <trkpt lat="36.332453" lon="-5.402362">
        <ele>17.6</ele>
      </trkpt>
      <trkpt lat="36.332527" lon="-5.402367">
        <ele>18.2</ele>
      </trkpt>
      <trkpt lat="36.332612" lon="-5.402416">
        <ele>18.7</ele>
      </trkpt>
      <trkpt lat="36.332681" lon="-5.402485">
        <ele>18.5</ele>
      </trkpt>
      <trkpt lat="36.332735" lon="-5.402571">
        <ele>18.4</ele>
      </trkpt>
      <trkpt lat="36.332800" lon="-5.402705">
        <ele>18.8</ele>
      </trkpt>
      <trkpt lat="36.332956" lon="-5.403068">
        <ele>19.2</ele>
      </trkpt>
      <trkpt lat="36.333185" lon="-5.403584">
        <ele>18.2</ele>
      </trkpt>
      <trkpt lat="36.333349" lon="-5.403963">
        <ele>17.1</ele>
      </trkpt>
      <trkpt lat="36.333573" lon="-5.404463">
        <ele>17.7</ele>
      </trkpt>
      <trkpt lat="36.333718" lon="-5.404788">
        <ele>18.1</ele>
      </trkpt>
      <trkpt lat="36.333740" lon="-5.404877">
        <ele>17.9</ele>
      </trkpt>
      <trkpt lat="36.333868" lon="-5.405153">
        <ele>17.9</ele>
      </trkpt>
      <trkpt lat="36.334621" lon="-5.406778">
        <ele>22.3</ele>
      </trkpt>
      <trkpt lat="36.334719" lon="-5.406968">
        <ele>21.8</ele>
      </trkpt>
      <trkpt lat="36.334825" lon="-5.407079">
        <ele>22.3</ele>
      </trkpt>
      <trkpt lat="36.334894" lon="-5.407133">
        <ele>22.5</ele>
      </trkpt>
      <trkpt lat="36.335015" lon="-5.407202">
        <ele>22.4</ele>
      </trkpt>
      <trkpt lat="36.335105" lon="-5.407234">
        <ele>22.2</ele>
      </trkpt>
      <trkpt lat="36.335268" lon="-5.407269">
        <ele>22.5</ele>
      </trkpt>
      <trkpt lat="36.336266" lon="-5.407385">
        <ele>28.2</ele>
      </trkpt>
      <trkpt lat="36.336749" lon="-5.407462">
        <ele>28.7</ele>
      </trkpt>
      <trkpt lat="36.337243" lon="-5.407589">
        <ele>26.5</ele>
      </trkpt>
      <trkpt lat="36.338078" lon="-5.408087">
        <ele>21.7</ele>
      </trkpt>
      <trkpt lat="36.339103" lon="-5.408758">
        <ele>21.4</ele>
      </trkpt>
      <trkpt lat="36.341446" lon="-5.410209">
        <ele>19.5</ele>
      </trkpt>
      <trkpt lat="36.341799" lon="-5.410431">
        <ele>18.6</ele>
      </trkpt>
      <trkpt lat="36.342225" lon="-5.410614">
        <ele>19.4</ele>
      </trkpt>
      <trkpt lat="36.343533" lon="-5.411041">
        <ele>18.8</ele>
      </trkpt>
      <trkpt lat="36.343604" lon="-5.411043">
        <ele>19</ele>
      </trkpt>
      <trkpt lat="36.344160" lon="-5.411225">
        <ele>18.6</ele>
      </trkpt>
      <trkpt lat="36.345850" lon="-5.411754">
        <ele>20.7</ele>
      </trkpt>
      <trkpt lat="36.346300" lon="-5.411912">
        <ele>21.3</ele>
      </trkpt>
      <trkpt lat="36.346609" lon="-5.412012">
        <ele>21.3</ele>
      </trkpt>
      <trkpt lat="36.348146" lon="-5.412507">
        <ele>20</ele>
      </trkpt>
      <trkpt lat="36.348211" lon="-5.412553">
        <ele>19.7</ele>
      </trkpt>
      <trkpt lat="36.348342" lon="-5.412595">
        <ele>19.7</ele>
      </trkpt>
      <trkpt lat="36.348525" lon="-5.412654">
        <ele>19.8</ele>
      </trkpt>
      <trkpt lat="36.349588" lon="-5.413006">
        <ele>19.6</ele>
      </trkpt>
      <trkpt lat="36.350209" lon="-5.413256">
        <ele>19.1</ele>
      </trkpt>
      <trkpt lat="36.350840" lon="-5.413556">
        <ele>19.2</ele>
      </trkpt>
      <trkpt lat="36.352130" lon="-5.414178">
        <ele>20</ele>
      </trkpt>
      <trkpt lat="36.353540" lon="-5.414848">
        <ele>20.5</ele>
      </trkpt>
      <trkpt lat="36.355917" lon="-5.415995">
        <ele>21.1</ele>
      </trkpt>
      <trkpt lat="36.358402" lon="-5.417181">
        <ele>23.4</ele>
      </trkpt>
      <trkpt lat="36.360987" lon="-5.418403">
        <ele>24.8</ele>
      </trkpt>
      <trkpt lat="36.361595" lon="-5.418599">
        <ele>24.1</ele>
      </trkpt>
      <trkpt lat="36.362267" lon="-5.418657">
        <ele>23.8</ele>
      </trkpt>
      <trkpt lat="36.363635" lon="-5.418742">
        <ele>23.5</ele>
      </trkpt>
      <trkpt lat="36.366374" lon="-5.418931">
        <ele>23.7</ele>
      </trkpt>
      <trkpt lat="36.367130" lon="-5.418974">
        <ele>24.1</ele>
      </trkpt>
      <trkpt lat="36.367871" lon="-5.419030">
        <ele>24.5</ele>
      </trkpt>
      <trkpt lat="36.369308" lon="-5.419123">
        <ele>23.7</ele>
      </trkpt>
      <trkpt lat="36.370243" lon="-5.419187">
        <ele>23.9</ele>
      </trkpt>
      <trkpt lat="36.371280" lon="-5.419269">
        <ele>23.6</ele>
      </trkpt>
      <trkpt lat="36.372006" lon="-5.419253">
        <ele>24.9</ele>
      </trkpt>
      <trkpt lat="36.373009" lon="-5.419101">
        <ele>24.2</ele>
      </trkpt>
      <trkpt lat="36.373133" lon="-5.419439">
        <ele>23.6</ele>
      </trkpt>
      <trkpt lat="36.373509" lon="-5.419637">
        <ele>23.4</ele>
      </trkpt>
      <trkpt lat="36.374779" lon="-5.419187">
        <ele>22.7</ele>
      </trkpt>
      <trkpt lat="36.374929" lon="-5.418885">
        <ele>23</ele>
      </trkpt>
      <trkpt lat="36.375214" lon="-5.418985">
        <ele>22.7</ele>
      </trkpt>
      <trkpt lat="36.375985" lon="-5.419492">
        <ele>21.8</ele>
      </trkpt>
      <trkpt lat="36.378331" lon="-5.421136">
        <ele>22</ele>
      </trkpt>
      <trkpt lat="36.379460" lon="-5.421910">
        <ele>22</ele>
      </trkpt>
      <trkpt lat="36.380577" lon="-5.422690">
        <ele>22</ele>
      </trkpt>
      <trkpt lat="36.380897" lon="-5.422948">
        <ele>21.2</ele>
      </trkpt>
      <trkpt lat="36.381247" lon="-5.423317">
        <ele>18.6</ele>
      </trkpt>
      <trkpt lat="36.381491" lon="-5.423592">
        <ele>18.5</ele>
      </trkpt>
      <trkpt lat="36.381736" lon="-5.423889">
        <ele>20.8</ele>
      </trkpt>
      <trkpt lat="36.382069" lon="-5.424335">
        <ele>22</ele>
      </trkpt>
      <trkpt lat="36.382776" lon="-5.425545">
        <ele>23</ele>
      </trkpt>
      <trkpt lat="36.383502" lon="-5.426766">
        <ele>22.9</ele>
      </trkpt>
      <trkpt lat="36.384278" lon="-5.427925">
        <ele>23</ele>
      </trkpt>
      <trkpt lat="36.385132" lon="-5.428986">
        <ele>23.8</ele>
      </trkpt>
      <trkpt lat="36.385388" lon="-5.428756">
        <ele>24.8</ele>
      </trkpt>
      <trkpt lat="36.385870" lon="-5.428683">
        <ele>28.2</ele>
      </trkpt>
      <trkpt lat="36.386468" lon="-5.428588">
        <ele>29.9</ele>
      </trkpt>
      <trkpt lat="36.386824" lon="-5.428397">
        <ele>28.7</ele>
      </trkpt>
      <trkpt lat="36.387142" lon="-5.428156">
        <ele>27.4</ele>
      </trkpt>
      <trkpt lat="36.387430" lon="-5.427782">
        <ele>26</ele>
      </trkpt>
      <trkpt lat="36.387507" lon="-5.427697">
        <ele>25.7</ele>
      </trkpt>
      <trkpt lat="36.387689" lon="-5.427596">
        <ele>25.8</ele>
      </trkpt>
      <trkpt lat="36.387960" lon="-5.427528">
        <ele>25.3</ele>
      </trkpt>
      <trkpt lat="36.388032" lon="-5.427539">
        <ele>25.1</ele>
      </trkpt>
      <trkpt lat="36.388348" lon="-5.427445">
        <ele>25</ele>
      </trkpt>
      <trkpt lat="36.388410" lon="-5.427436">
        <ele>25</ele>
      </trkpt>
      <trkpt lat="36.390581" lon="-5.426031">
        <ele>26.8</ele>
      </trkpt>
      <trkpt lat="36.391839" lon="-5.425127">
        <ele>30.2</ele>
      </trkpt>
      <trkpt lat="36.392954" lon="-5.423733">
        <ele>32</ele>
      </trkpt>
      <trkpt lat="36.393164" lon="-5.420840">
        <ele>31.8</ele>
      </trkpt>
      <trkpt lat="36.393706" lon="-5.418598">
        <ele>28</ele>
      </trkpt>
      <trkpt lat="36.393731" lon="-5.418494">
        <ele>28.2</ele>
      </trkpt>
      <trkpt lat="36.394220" lon="-5.418056">
        <ele>29</ele>
      </trkpt>
      <trkpt lat="36.395558" lon="-5.417651">
        <ele>30</ele>
      </trkpt>
      <trkpt lat="36.397976" lon="-5.416239">
        <ele>33.7</ele>
      </trkpt>
      <trkpt lat="36.402112" lon="-5.414924">
        <ele>43.6</ele>
      </trkpt>
      <trkpt lat="36.405075" lon="-5.414121">
        <ele>51.5</ele>
      </trkpt>
      <trkpt lat="36.405947" lon="-5.413577">
        <ele>55.7</ele>
      </trkpt>
      <trkpt lat="36.406410" lon="-5.412988">
        <ele>62</ele>
      </trkpt>
      <trkpt lat="36.406700" lon="-5.412745">
        <ele>66.2</ele>
      </trkpt>
      <trkpt lat="36.407038" lon="-5.412613">
        <ele>70.1</ele>
      </trkpt>
      <trkpt lat="36.407541" lon="-5.412549">
        <ele>75</ele>
      </trkpt>
      <trkpt lat="36.408043" lon="-5.412523">
        <ele>81.2</ele>
      </trkpt>
      <trkpt lat="36.408322" lon="-5.412347">
        <ele>85.8</ele>
      </trkpt>
      <trkpt lat="36.408550" lon="-5.412172">
        <ele>89.9</ele>
      </trkpt>
      <trkpt lat="36.409056" lon="-5.411927">
        <ele>89.7</ele>
      </trkpt>
      <trkpt lat="36.409270" lon="-5.411664">
        <ele>86</ele>
      </trkpt>
      <trkpt lat="36.409651" lon="-5.410554">
        <ele>70.5</ele>
      </trkpt>
      <trkpt lat="36.410324" lon="-5.409521">
        <ele>59.8</ele>
      </trkpt>
      <trkpt lat="36.410728" lon="-5.408948">
        <ele>53.3</ele>
      </trkpt>
      <trkpt lat="36.411089" lon="-5.408566">
        <ele>50.6</ele>
      </trkpt>
      <trkpt lat="36.411548" lon="-5.407669">
        <ele>43.9</ele>
      </trkpt>
      <trkpt lat="36.411992" lon="-5.406745">
        <ele>40.5</ele>
      </trkpt>
      <trkpt lat="36.412123" lon="-5.406236">
        <ele>40</ele>
      </trkpt>
      <trkpt lat="36.412412" lon="-5.401934">
        <ele>37</ele>
      </trkpt>
      <trkpt lat="36.412516" lon="-5.401689">
        <ele>37.4</ele>
      </trkpt>
      <trkpt lat="36.413324" lon="-5.400882">
        <ele>40.5</ele>
      </trkpt>
      <trkpt lat="36.413626" lon="-5.400731">
        <ele>38.5</ele>
      </trkpt>
      <trkpt lat="36.414370" lon="-5.400570">
        <ele>32.6</ele>
      </trkpt>
      <trkpt lat="36.414465" lon="-5.400478">
        <ele>31.1</ele>
      </trkpt>
      <trkpt lat="36.415408" lon="-5.399635">
        <ele>28</ele>
      </trkpt>
      <trkpt lat="36.415919" lon="-5.399155">
        <ele>28</ele>
      </trkpt>
      <trkpt lat="36.416908" lon="-5.398227">
        <ele>28.3</ele>
      </trkpt>
      <trkpt lat="36.416948" lon="-5.398268">
        <ele>28.3</ele>
      </trkpt>
      <trkpt lat="36.417217" lon="-5.398489">
        <ele>28.4</ele>
      </trkpt>
      <trkpt lat="36.418811" lon="-5.399967">
        <ele>28.8</ele>
      </trkpt>
      <trkpt lat="36.419005" lon="-5.400107">
        <ele>28.8</ele>
      </trkpt>
      <trkpt lat="36.419346" lon="-5.400276">
        <ele>29</ele>
      </trkpt>
      <trkpt lat="36.419823" lon="-5.400420">
        <ele>29</ele>
      </trkpt>
      <trkpt lat="36.420428" lon="-5.400556">
        <ele>30</ele>
      </trkpt>
      <trkpt lat="36.420723" lon="-5.400569">
        <ele>30</ele>
      </trkpt>
      <trkpt lat="36.420882" lon="-5.400545">
        <ele>30</ele>
      </trkpt>
      <trkpt lat="36.421026" lon="-5.400492">
        <ele>30.1</ele>
      </trkpt>
      <trkpt lat="36.421238" lon="-5.400375">
        <ele>29.8</ele>
      </trkpt>
      <trkpt lat="36.422154" lon="-5.399648">
        <ele>30.3</ele>
      </trkpt>
      <trkpt lat="36.422485" lon="-5.399348">
        <ele>30.7</ele>
      </trkpt>
      <trkpt lat="36.423054" lon="-5.398712">
        <ele>31</ele>
      </trkpt>
      <trkpt lat="36.423224" lon="-5.398487">
        <ele>30.8</ele>
      </trkpt>
      <trkpt lat="36.423302" lon="-5.398339">
        <ele>31.1</ele>
      </trkpt>
      <trkpt lat="36.423364" lon="-5.398181">
        <ele>31.5</ele>
      </trkpt>
      <trkpt lat="36.423482" lon="-5.397765">
        <ele>32.9</ele>
      </trkpt>
      <trkpt lat="36.423605" lon="-5.397410">
        <ele>31.8</ele>
      </trkpt>
      <trkpt lat="36.423736" lon="-5.397132">
        <ele>32.2</ele>
      </trkpt>
      <trkpt lat="36.423876" lon="-5.396903">
        <ele>32.2</ele>
      </trkpt>
      <trkpt lat="36.424094" lon="-5.396657">
        <ele>32.3</ele>
      </trkpt>
      <trkpt lat="36.424225" lon="-5.396542">
        <ele>32.2</ele>
      </trkpt>
      <trkpt lat="36.424556" lon="-5.396301">
        <ele>32.3</ele>
      </trkpt>
      <trkpt lat="36.425043" lon="-5.396052">
        <ele>32.6</ele>
      </trkpt>
      <trkpt lat="36.425305" lon="-5.395940">
        <ele>33.2</ele>
      </trkpt>
      <trkpt lat="36.425919" lon="-5.395719">
        <ele>32.3</ele>
      </trkpt>
      <trkpt lat="36.427500" lon="-5.395066">
        <ele>33</ele>
      </trkpt>
      <trkpt lat="36.427998" lon="-5.394912">
        <ele>33</ele>
      </trkpt>
      <trkpt lat="36.428707" lon="-5.394784">
        <ele>33.9</ele>
      </trkpt>
      <trkpt lat="36.429008" lon="-5.394748">
        <ele>34.4</ele>
      </trkpt>
      <trkpt lat="36.429743" lon="-5.394750">
        <ele>35</ele>
      </trkpt>
      <trkpt lat="36.429929" lon="-5.394770">
        <ele>35</ele>
      </trkpt>
      <trkpt lat="36.431257" lon="-5.394792">
        <ele>36.4</ele>
      </trkpt>
      <trkpt lat="36.431539" lon="-5.394754">
        <ele>36.9</ele>
      </trkpt>
      <trkpt lat="36.431814" lon="-5.394672">
        <ele>37</ele>
      </trkpt>
      <trkpt lat="36.432179" lon="-5.394532">
        <ele>37.6</ele>
      </trkpt>
      <trkpt lat="36.432382" lon="-5.394418">
        <ele>38.1</ele>
      </trkpt>
      <trkpt lat="36.432521" lon="-5.394297">
        <ele>38.5</ele>
      </trkpt>
      <trkpt lat="36.432694" lon="-5.394107">
        <ele>39.6</ele>
      </trkpt>
      <trkpt lat="36.432927" lon="-5.393801">
        <ele>40.5</ele>
      </trkpt>
      <trkpt lat="36.433284" lon="-5.393248">
        <ele>41</ele>
      </trkpt>
      <trkpt lat="36.433652" lon="-5.392749">
        <ele>42.2</ele>
      </trkpt>
      <trkpt lat="36.433868" lon="-5.392489">
        <ele>42.4</ele>
      </trkpt>
      <trkpt lat="36.434101" lon="-5.392247">
        <ele>42.6</ele>
      </trkpt>
      <trkpt lat="36.434410" lon="-5.391985">
        <ele>43</ele>
      </trkpt>
      <trkpt lat="36.434615" lon="-5.391855">
        <ele>43.4</ele>
      </trkpt>
      <trkpt lat="36.435334" lon="-5.391550">
        <ele>42.4</ele>
      </trkpt>
      <trkpt lat="36.435537" lon="-5.391443">
        <ele>42.8</ele>
      </trkpt>
      <trkpt lat="36.435693" lon="-5.391428">
        <ele>42.9</ele>
      </trkpt>
      <trkpt lat="36.435887" lon="-5.391564">
        <ele>42.5</ele>
      </trkpt>
      <trkpt lat="36.436063" lon="-5.391764">
        <ele>42.8</ele>
      </trkpt>
      <trkpt lat="36.436188" lon="-5.391964">
        <ele>43</ele>
      </trkpt>
      <trkpt lat="36.436296" lon="-5.392211">
        <ele>43</ele>
      </trkpt>
      <trkpt lat="36.436446" lon="-5.392679">
        <ele>43.2</ele>
      </trkpt>
      <trkpt lat="36.436561" lon="-5.392677">
        <ele>44.4</ele>
      </trkpt>
      <trkpt lat="36.436971" lon="-5.392679">
        <ele>46.7</ele>
      </trkpt>
      <trkpt lat="36.437156" lon="-5.392773">
        <ele>46.7</ele>
      </trkpt>
      <trkpt lat="36.437442" lon="-5.392978">
        <ele>47.5</ele>
      </trkpt>
      <trkpt lat="36.437540" lon="-5.393025">
        <ele>47.6</ele>
      </trkpt>
      <trkpt lat="36.437682" lon="-5.393039">
        <ele>47.8</ele>
      </trkpt>
      <trkpt lat="36.437760" lon="-5.393023">
        <ele>47.6</ele>
      </trkpt>
      <trkpt lat="36.437866" lon="-5.392946">
        <ele>47.8</ele>
      </trkpt>
      <trkpt lat="36.438283" lon="-5.392365">
        <ele>48</ele>
      </trkpt>
      <trkpt lat="36.438386" lon="-5.392277">
        <ele>47.7</ele>
      </trkpt>
      <trkpt lat="36.438687" lon="-5.392113">
        <ele>46.6</ele>
      </trkpt>
      <trkpt lat="36.439116" lon="-5.391840">
        <ele>47.1</ele>
      </trkpt>
      <trkpt lat="36.439357" lon="-5.391730">
        <ele>47.6</ele>
      </trkpt>
      <trkpt lat="36.439821" lon="-5.391595">
        <ele>48</ele>
      </trkpt>
      <trkpt lat="36.440357" lon="-5.391409">
        <ele>48.4</ele>
      </trkpt>
      <trkpt lat="36.440626" lon="-5.391339">
        <ele>48.6</ele>
      </trkpt>
      <trkpt lat="36.440861" lon="-5.391242">
        <ele>49</ele>
      </trkpt>
      <trkpt lat="36.440972" lon="-5.391169">
        <ele>49.1</ele>
      </trkpt>
      <trkpt lat="36.441111" lon="-5.391047">
        <ele>49</ele>
      </trkpt>
      <trkpt lat="36.441194" lon="-5.390946">
        <ele>49.1</ele>
      </trkpt>
      <trkpt lat="36.441596" lon="-5.390355">
        <ele>49.5</ele>
      </trkpt>
      <trkpt lat="36.441926" lon="-5.389906">
        <ele>50</ele>
      </trkpt>
      <trkpt lat="36.442068" lon="-5.389771">
        <ele>50.7</ele>
      </trkpt>
      <trkpt lat="36.442174" lon="-5.389713">
        <ele>50.8</ele>
      </trkpt>
      <trkpt lat="36.442391" lon="-5.389663">
        <ele>51.4</ele>
      </trkpt>
      <trkpt lat="36.443565" lon="-5.389750">
        <ele>52.9</ele>
      </trkpt>
      <trkpt lat="36.443652" lon="-5.389732">
        <ele>53</ele>
      </trkpt>
      <trkpt lat="36.443776" lon="-5.389667">
        <ele>52.7</ele>
      </trkpt>
      <trkpt lat="36.444125" lon="-5.389447">
        <ele>52.7</ele>
      </trkpt>
      <trkpt lat="36.444582" lon="-5.389305">
        <ele>53.7</ele>
      </trkpt>
      <trkpt lat="36.445090" lon="-5.389172">
        <ele>54.3</ele>
      </trkpt>
      <trkpt lat="36.445198" lon="-5.389122">
        <ele>54.5</ele>
      </trkpt>
      <trkpt lat="36.445314" lon="-5.389040">
        <ele>54.2</ele>
      </trkpt>
      <trkpt lat="36.445492" lon="-5.388854">
        <ele>54.7</ele>
      </trkpt>
      <trkpt lat="36.446092" lon="-5.387996">
        <ele>56.9</ele>
      </trkpt>
      <trkpt lat="36.446400" lon="-5.387657">
        <ele>57.6</ele>
      </trkpt>
      <trkpt lat="36.446533" lon="-5.387549">
        <ele>58.1</ele>
      </trkpt>
      <trkpt lat="36.446612" lon="-5.387507">
        <ele>58.6</ele>
      </trkpt>
      <trkpt lat="36.446810" lon="-5.387456">
        <ele>59.4</ele>
      </trkpt>
      <trkpt lat="36.447060" lon="-5.387442">
        <ele>60.4</ele>
      </trkpt>
      <trkpt lat="36.447188" lon="-5.387401">
        <ele>60.9</ele>
      </trkpt>
      <trkpt lat="36.447340" lon="-5.387287">
        <ele>61.5</ele>
      </trkpt>
      <trkpt lat="36.447487" lon="-5.387097">
        <ele>62</ele>
      </trkpt>
      <trkpt lat="36.447862" lon="-5.386436">
        <ele>63.2</ele>
      </trkpt>
      <trkpt lat="36.448273" lon="-5.385767">
        <ele>63</ele>
      </trkpt>
      <trkpt lat="36.448401" lon="-5.385582">
        <ele>64.3</ele>
      </trkpt>
      <trkpt lat="36.448492" lon="-5.385492">
        <ele>65.1</ele>
      </trkpt>
      <trkpt lat="36.448633" lon="-5.385408">
        <ele>66.1</ele>
      </trkpt>
      <trkpt lat="36.448897" lon="-5.385380">
        <ele>67.1</ele>
      </trkpt>
      <trkpt lat="36.449136" lon="-5.385403">
        <ele>69</ele>
      </trkpt>
      <trkpt lat="36.449689" lon="-5.385504">
        <ele>73.2</ele>
      </trkpt>
      <trkpt lat="36.449903" lon="-5.385520">
        <ele>75.2</ele>
      </trkpt>
      <trkpt lat="36.449991" lon="-5.385508">
        <ele>75.9</ele>
      </trkpt>
      <trkpt lat="36.450124" lon="-5.385449">
        <ele>76.2</ele>
      </trkpt>
      <trkpt lat="36.450520" lon="-5.385201">
        <ele>81.4</ele>
      </trkpt>
      <trkpt lat="36.450699" lon="-5.385018">
        <ele>84.1</ele>
      </trkpt>
      <trkpt lat="36.450847" lon="-5.384843">
        <ele>85.6</ele>
      </trkpt>
      <trkpt lat="36.451058" lon="-5.384512">
        <ele>86.7</ele>
      </trkpt>
      <trkpt lat="36.451621" lon="-5.383525">
        <ele>87</ele>
      </trkpt>
      <trkpt lat="36.451805" lon="-5.383270">
        <ele>88.8</ele>
      </trkpt>
      <trkpt lat="36.451983" lon="-5.383092">
        <ele>89.4</ele>
      </trkpt>
      <trkpt lat="36.452120" lon="-5.383012">
        <ele>90</ele>
      </trkpt>
      <trkpt lat="36.452305" lon="-5.382978">
        <ele>90.7</ele>
      </trkpt>
      <trkpt lat="36.452494" lon="-5.382973">
        <ele>91.4</ele>
      </trkpt>
      <trkpt lat="36.453128" lon="-5.383057">
        <ele>95.3</ele>
      </trkpt>
      <trkpt lat="36.453763" lon="-5.383088">
        <ele>94.9</ele>
      </trkpt>
      <trkpt lat="36.454502" lon="-5.383254">
        <ele>90.1</ele>
      </trkpt>
      <trkpt lat="36.454636" lon="-5.383248">
        <ele>89</ele>
      </trkpt>
      <trkpt lat="36.455158" lon="-5.383093">
        <ele>91.6</ele>
      </trkpt>
      <trkpt lat="36.455255" lon="-5.383080">
        <ele>92.5</ele>
      </trkpt>
      <trkpt lat="36.455758" lon="-5.383083">
        <ele>97.5</ele>
      </trkpt>
      <trkpt lat="36.456299" lon="-5.383145">
        <ele>103.2</ele>
      </trkpt>
      <trkpt lat="36.456514" lon="-5.383146">
        <ele>105.1</ele>
      </trkpt>
      <trkpt lat="36.456875" lon="-5.383049">
        <ele>104.9</ele>
      </trkpt>
      <trkpt lat="36.457166" lon="-5.382879">
        <ele>103.4</ele>
      </trkpt>
      <trkpt lat="36.457434" lon="-5.382682">
        <ele>101.5</ele>
      </trkpt>
      <trkpt lat="36.457718" lon="-5.382417">
        <ele>98.8</ele>
      </trkpt>
      <trkpt lat="36.458064" lon="-5.381984">
        <ele>99.9</ele>
      </trkpt>
      <trkpt lat="36.458506" lon="-5.381277">
        <ele>100.8</ele>
      </trkpt>
      <trkpt lat="36.459027" lon="-5.380759">
        <ele>100</ele>
      </trkpt>
      <trkpt lat="36.459171" lon="-5.380577">
        <ele>99.1</ele>
      </trkpt>
      <trkpt lat="36.459473" lon="-5.380141">
        <ele>94.7</ele>
      </trkpt>
      <trkpt lat="36.459604" lon="-5.380026">
        <ele>94</ele>
      </trkpt>
      <trkpt lat="36.459867" lon="-5.379891">
        <ele>92.8</ele>
      </trkpt>
      <trkpt lat="36.461223" lon="-5.379421">
        <ele>96</ele>
      </trkpt>
      <trkpt lat="36.462197" lon="-5.379038">
        <ele>99.1</ele>
      </trkpt>
      <trkpt lat="36.462342" lon="-5.378956">
        <ele>98.7</ele>
      </trkpt>
      <trkpt lat="36.462559" lon="-5.378799">
        <ele>98.8</ele>
      </trkpt>
      <trkpt lat="36.463798" lon="-5.377754">
        <ele>100.3</ele>
      </trkpt>
      <trkpt lat="36.464146" lon="-5.377506">
        <ele>101.9</ele>
      </trkpt>
      <trkpt lat="36.464695" lon="-5.377260">
        <ele>101.1</ele>
      </trkpt>
      <trkpt lat="36.465047" lon="-5.377054">
        <ele>99.9</ele>
      </trkpt>
      <trkpt lat="36.465569" lon="-5.376800">
        <ele>104</ele>
      </trkpt>
      <trkpt lat="36.466084" lon="-5.376567">
        <ele>103.3</ele>
      </trkpt>
      <trkpt lat="36.467324" lon="-5.376061">
        <ele>107.8</ele>
      </trkpt>
      <trkpt lat="36.467547" lon="-5.375950">
        <ele>108.1</ele>
      </trkpt>
      <trkpt lat="36.467700" lon="-5.375822">
        <ele>108.6</ele>
      </trkpt>
      <trkpt lat="36.467808" lon="-5.375651">
        <ele>108.4</ele>
      </trkpt>
      <trkpt lat="36.467837" lon="-5.375512">
        <ele>108.6</ele>
      </trkpt>
      <trkpt lat="36.467877" lon="-5.375450">
        <ele>109.3</ele>
      </trkpt>
      <trkpt lat="36.467931" lon="-5.375411">
        <ele>109.9</ele>
      </trkpt>
      <trkpt lat="36.467972" lon="-5.375402">
        <ele>110.2</ele>
      </trkpt>
      <trkpt lat="36.468421" lon="-5.375451">
        <ele>111.7</ele>
      </trkpt>
      <trkpt lat="36.468747" lon="-5.375434">
        <ele>112.5</ele>
      </trkpt>
      <trkpt lat="36.469327" lon="-5.375364">
        <ele>112.6</ele>
      </trkpt>
      <trkpt lat="36.469739" lon="-5.375363">
        <ele>114.1</ele>
      </trkpt>
      <trkpt lat="36.469901" lon="-5.375367">
        <ele>114.7</ele>
      </trkpt>
      <trkpt lat="36.470102" lon="-5.375451">
        <ele>114.1</ele>
      </trkpt>
      <trkpt lat="36.470523" lon="-5.375697">
        <ele>114.8</ele>
      </trkpt>
      <trkpt lat="36.470643" lon="-5.375767">
        <ele>115.1</ele>
      </trkpt>
      <trkpt lat="36.471145" lon="-5.376284">
        <ele>116.4</ele>
      </trkpt>
      <trkpt lat="36.471972" lon="-5.377412">
        <ele>118.1</ele>
      </trkpt>
      <trkpt lat="36.472299" lon="-5.377740">
        <ele>119.3</ele>
      </trkpt>
      <trkpt lat="36.473734" lon="-5.378701">
        <ele>126.7</ele>
      </trkpt>
      <trkpt lat="36.474023" lon="-5.378880">
        <ele>128.5</ele>
      </trkpt>
      <trkpt lat="36.474470" lon="-5.379113">
        <ele>131.5</ele>
      </trkpt>
      <trkpt lat="36.474544" lon="-5.379016">
        <ele>132.6</ele>
      </trkpt>
      <trkpt lat="36.474674" lon="-5.378909">
        <ele>134.4</ele>
      </trkpt>
      <trkpt lat="36.474806" lon="-5.378830">
        <ele>136.4</ele>
      </trkpt>
      <trkpt lat="36.475065" lon="-5.378736">
        <ele>138.6</ele>
      </trkpt>
      <trkpt lat="36.475273" lon="-5.378661">
        <ele>139.3</ele>
      </trkpt>
      <trkpt lat="36.475464" lon="-5.378542">
        <ele>140.2</ele>
      </trkpt>
      <trkpt lat="36.476094" lon="-5.378033">
        <ele>145.6</ele>
      </trkpt>
      <trkpt lat="36.476459" lon="-5.377738">
        <ele>148.3</ele>
      </trkpt>
      <trkpt lat="36.476961" lon="-5.377261">
        <ele>153.2</ele>
      </trkpt>
      <trkpt lat="36.477784" lon="-5.376377">
        <ele>161.2</ele>
      </trkpt>
      <trkpt lat="36.478001" lon="-5.376166">
        <ele>162.8</ele>
      </trkpt>
      <trkpt lat="36.478092" lon="-5.376099">
        <ele>163.4</ele>
      </trkpt>
      <trkpt lat="36.478223" lon="-5.376037">
        <ele>164.8</ele>
      </trkpt>
      <trkpt lat="36.478278" lon="-5.376028">
        <ele>164.9</ele>
      </trkpt>
      <trkpt lat="36.478380" lon="-5.376010">
        <ele>165.7</ele>
      </trkpt>
      <trkpt lat="36.478503" lon="-5.376031">
        <ele>166.9</ele>
      </trkpt>
      <trkpt lat="36.478581" lon="-5.376061">
        <ele>167.4</ele>
      </trkpt>
      <trkpt lat="36.478647" lon="-5.376086">
        <ele>167.9</ele>
      </trkpt>
      <trkpt lat="36.478926" lon="-5.376230">
        <ele>170.4</ele>
      </trkpt>
      <trkpt lat="36.479064" lon="-5.376274">
        <ele>172.2</ele>
      </trkpt>
      <trkpt lat="36.479126" lon="-5.376277">
        <ele>173.1</ele>
      </trkpt>
      <trkpt lat="36.479304" lon="-5.376284">
        <ele>173.5</ele>
      </trkpt>
      <trkpt lat="36.481275" lon="-5.376015">
        <ele>187</ele>
      </trkpt>
      <trkpt lat="36.482038" lon="-5.375911">
        <ele>192.5</ele>
      </trkpt>
      <trkpt lat="36.482520" lon="-5.375812">
        <ele>196.3</ele>
      </trkpt>
      <trkpt lat="36.484127" lon="-5.374782">
        <ele>209.2</ele>
      </trkpt>
      <trkpt lat="36.484358" lon="-5.374712">
        <ele>211.4</ele>
      </trkpt>
      <trkpt lat="36.484592" lon="-5.374788">
        <ele>213.4</ele>
      </trkpt>
      <trkpt lat="36.485015" lon="-5.375055">
        <ele>218.1</ele>
      </trkpt>
      <trkpt lat="36.485238" lon="-5.375062">
        <ele>219.5</ele>
      </trkpt>
      <trkpt lat="36.485468" lon="-5.374937">
        <ele>221.2</ele>
      </trkpt>
      <trkpt lat="36.487430" lon="-5.373127">
        <ele>241.8</ele>
      </trkpt>
      <trkpt lat="36.487621" lon="-5.373028">
        <ele>242</ele>
      </trkpt>
      <trkpt lat="36.487898" lon="-5.372885">
        <ele>245.8</ele>
      </trkpt>
      <trkpt lat="36.488408" lon="-5.372753">
        <ele>249.6</ele>
      </trkpt>
      <trkpt lat="36.488657" lon="-5.372840">
        <ele>249.9</ele>
      </trkpt>
      <trkpt lat="36.489192" lon="-5.373292">
        <ele>255.5</ele>
      </trkpt>
      <trkpt lat="36.489422" lon="-5.373370">
        <ele>256</ele>
      </trkpt>
      <trkpt lat="36.489647" lon="-5.373342">
        <ele>259</ele>
      </trkpt>
      <trkpt lat="36.489837" lon="-5.373215">
        <ele>261.1</ele>
      </trkpt>
      <trkpt lat="36.489970" lon="-5.372995">
        <ele>262.4</ele>
      </trkpt>
      <trkpt lat="36.490247" lon="-5.371905">
        <ele>268.9</ele>
      </trkpt>
      <trkpt lat="36.490427" lon="-5.371680">
        <ele>267.7</ele>
      </trkpt>
      <trkpt lat="36.490685" lon="-5.371575">
        <ele>268.2</ele>
      </trkpt>
      <trkpt lat="36.491838" lon="-5.371520">
        <ele>276.7</ele>
      </trkpt>
      <trkpt lat="36.492247" lon="-5.371707">
        <ele>279.2</ele>
      </trkpt>
      <trkpt lat="36.493186" lon="-5.372370">
        <ele>285.6</ele>
      </trkpt>
      <trkpt lat="36.493521" lon="-5.372563">
        <ele>287.6</ele>
      </trkpt>
      <trkpt lat="36.494435" lon="-5.373033">
        <ele>294</ele>
      </trkpt>
      <trkpt lat="36.494960" lon="-5.373197">
        <ele>296.6</ele>
      </trkpt>
      <trkpt lat="36.496563" lon="-5.372982">
        <ele>307.4</ele>
      </trkpt>
      <trkpt lat="36.496773" lon="-5.372838">
        <ele>308</ele>
      </trkpt>
      <trkpt lat="36.497172" lon="-5.372238">
        <ele>310.1</ele>
      </trkpt>
      <trkpt lat="36.497733" lon="-5.371877">
        <ele>314.1</ele>
      </trkpt>
      <trkpt lat="36.498110" lon="-5.371800">
        <ele>315.1</ele>
      </trkpt>
      <trkpt lat="36.498457" lon="-5.371895">
        <ele>316.7</ele>
      </trkpt>
      <trkpt lat="36.498973" lon="-5.372192">
        <ele>318.9</ele>
      </trkpt>
      <trkpt lat="36.499101" lon="-5.372195">
        <ele>319.7</ele>
      </trkpt>
      <trkpt lat="36.499148" lon="-5.372165">
        <ele>320.3</ele>
      </trkpt>
      <trkpt lat="36.499188" lon="-5.372114">
        <ele>320.3</ele>
      </trkpt>
      <trkpt lat="36.499222" lon="-5.372067">
        <ele>320.1</ele>
      </trkpt>
      <trkpt lat="36.499246" lon="-5.371992">
        <ele>320.6</ele>
      </trkpt>
      <trkpt lat="36.499228" lon="-5.371830">
        <ele>323.1</ele>
      </trkpt>
      <trkpt lat="36.499132" lon="-5.371662">
        <ele>326</ele>
      </trkpt>
      <trkpt lat="36.498497" lon="-5.371307">
        <ele>328.8</ele>
      </trkpt>
      <trkpt lat="36.498112" lon="-5.371320">
        <ele>329.1</ele>
      </trkpt>
      <trkpt lat="36.497595" lon="-5.371305">
        <ele>332.2</ele>
      </trkpt>
      <trkpt lat="36.497238" lon="-5.371150">
        <ele>333.2</ele>
      </trkpt>
      <trkpt lat="36.497092" lon="-5.370932">
        <ele>336.1</ele>
      </trkpt>
      <trkpt lat="36.497092" lon="-5.370668">
        <ele>339.3</ele>
      </trkpt>
      <trkpt lat="36.497155" lon="-5.370563">
        <ele>340.7</ele>
      </trkpt>
      <trkpt lat="36.497252" lon="-5.370500">
        <ele>341.8</ele>
      </trkpt>
      <trkpt lat="36.497370" lon="-5.370477">
        <ele>342.9</ele>
      </trkpt>
      <trkpt lat="36.497768" lon="-5.370515">
        <ele>344.7</ele>
      </trkpt>
      <trkpt lat="36.498587" lon="-5.370337">
        <ele>347.8</ele>
      </trkpt>
      <trkpt lat="36.498913" lon="-5.370148">
        <ele>350.6</ele>
      </trkpt>
      <trkpt lat="36.499040" lon="-5.369922">
        <ele>351.5</ele>
      </trkpt>
      <trkpt lat="36.499068" lon="-5.369653">
        <ele>353.7</ele>
      </trkpt>
      <trkpt lat="36.498992" lon="-5.369397">
        <ele>355.7</ele>
      </trkpt>
      <trkpt lat="36.498845" lon="-5.369215">
        <ele>356.8</ele>
      </trkpt>
      <trkpt lat="36.498662" lon="-5.369122">
        <ele>358</ele>
      </trkpt>
      <trkpt lat="36.498465" lon="-5.369128">
        <ele>358.4</ele>
      </trkpt>
      <trkpt lat="36.497880" lon="-5.369465">
        <ele>359.9</ele>
      </trkpt>
      <trkpt lat="36.497685" lon="-5.369532">
        <ele>359.3</ele>
      </trkpt>
      <trkpt lat="36.497587" lon="-5.369513">
        <ele>359.6</ele>
      </trkpt>
      <trkpt lat="36.497500" lon="-5.369453">
        <ele>360.8</ele>
      </trkpt>
      <trkpt lat="36.497437" lon="-5.369358">
        <ele>361</ele>
      </trkpt>
      <trkpt lat="36.497405" lon="-5.369135">
        <ele>363.6</ele>
      </trkpt>
      <trkpt lat="36.497484" lon="-5.368929">
        <ele>365.7</ele>
      </trkpt>
      <trkpt lat="36.497588" lon="-5.368821">
        <ele>369.6</ele>
      </trkpt>
      <trkpt lat="36.497860" lon="-5.368799">
        <ele>371.9</ele>
      </trkpt>
      <trkpt lat="36.498186" lon="-5.368676">
        <ele>372.4</ele>
      </trkpt>
      <trkpt lat="36.498780" lon="-5.368052">
        <ele>377.5</ele>
      </trkpt>
      <trkpt lat="36.499132" lon="-5.367615">
        <ele>379.9</ele>
      </trkpt>
      <trkpt lat="36.499645" lon="-5.366210">
        <ele>391.2</ele>
      </trkpt>
      <trkpt lat="36.499989" lon="-5.365719">
        <ele>393.3</ele>
      </trkpt>
      <trkpt lat="36.500167" lon="-5.365480">
        <ele>395.2</ele>
      </trkpt>
      <trkpt lat="36.500271" lon="-5.365253">
        <ele>395.2</ele>
      </trkpt>
      <trkpt lat="36.500362" lon="-5.364895">
        <ele>394.5</ele>
      </trkpt>
      <trkpt lat="36.500388" lon="-5.364622">
        <ele>395.1</ele>
      </trkpt>
      <trkpt lat="36.500265" lon="-5.364041">
        <ele>397.4</ele>
      </trkpt>
      <trkpt lat="36.500267" lon="-5.363808">
        <ele>397.9</ele>
      </trkpt>
      <trkpt lat="36.500308" lon="-5.363575">
        <ele>398.7</ele>
      </trkpt>
      <trkpt lat="36.500924" lon="-5.362343">
        <ele>404.9</ele>
      </trkpt>
      <trkpt lat="36.501019" lon="-5.362223">
        <ele>404.7</ele>
      </trkpt>
      <trkpt lat="36.501148" lon="-5.362092">
        <ele>404.8</ele>
      </trkpt>
      <trkpt lat="36.501295" lon="-5.361970">
        <ele>406</ele>
      </trkpt>
      <trkpt lat="36.501418" lon="-5.361883">
        <ele>407</ele>
      </trkpt>
      <trkpt lat="36.501563" lon="-5.361813">
        <ele>407.4</ele>
      </trkpt>
      <trkpt lat="36.501669" lon="-5.361788">
        <ele>407.3</ele>
      </trkpt>
      <trkpt lat="36.501757" lon="-5.361789">
        <ele>408.7</ele>
      </trkpt>
      <trkpt lat="36.501843" lon="-5.361806">
        <ele>409.8</ele>
      </trkpt>
      <trkpt lat="36.501950" lon="-5.361851">
        <ele>410.8</ele>
      </trkpt>
      <trkpt lat="36.502072" lon="-5.361933">
        <ele>411.1</ele>
      </trkpt>
      <trkpt lat="36.502512" lon="-5.362342">
        <ele>415.1</ele>
      </trkpt>
      <trkpt lat="36.502608" lon="-5.362399">
        <ele>415.8</ele>
      </trkpt>
      <trkpt lat="36.502695" lon="-5.362423">
        <ele>416.9</ele>
      </trkpt>
      <trkpt lat="36.502782" lon="-5.362429">
        <ele>418.3</ele>
      </trkpt>
      <trkpt lat="36.502865" lon="-5.362414">
        <ele>418.7</ele>
      </trkpt>
      <trkpt lat="36.502952" lon="-5.362367">
        <ele>419.4</ele>
      </trkpt>
      <trkpt lat="36.503028" lon="-5.362309">
        <ele>420.1</ele>
      </trkpt>
      <trkpt lat="36.503091" lon="-5.362222">
        <ele>419.9</ele>
      </trkpt>
      <trkpt lat="36.503133" lon="-5.362136">
        <ele>420.2</ele>
      </trkpt>
      <trkpt lat="36.503167" lon="-5.362021">
        <ele>421.2</ele>
      </trkpt>
      <trkpt lat="36.503375" lon="-5.360853">
        <ele>428.9</ele>
      </trkpt>
      <trkpt lat="36.503396" lon="-5.360662">
        <ele>429.3</ele>
      </trkpt>
      <trkpt lat="36.503438" lon="-5.359955">
        <ele>438.1</ele>
      </trkpt>
      <trkpt lat="36.503454" lon="-5.359828">
        <ele>439.9</ele>
      </trkpt>
      <trkpt lat="36.503482" lon="-5.359721">
        <ele>440.5</ele>
      </trkpt>
      <trkpt lat="36.503531" lon="-5.359624">
        <ele>440.6</ele>
      </trkpt>
      <trkpt lat="36.503584" lon="-5.359565">
        <ele>439.2</ele>
      </trkpt>
      <trkpt lat="36.503649" lon="-5.359525">
        <ele>438.7</ele>
      </trkpt>
      <trkpt lat="36.503723" lon="-5.359503">
        <ele>439.3</ele>
      </trkpt>
      <trkpt lat="36.503803" lon="-5.359502">
        <ele>439.2</ele>
      </trkpt>
      <trkpt lat="36.503887" lon="-5.359530">
        <ele>438.8</ele>
      </trkpt>
      <trkpt lat="36.503952" lon="-5.359572">
        <ele>440.9</ele>
      </trkpt>
      <trkpt lat="36.504030" lon="-5.359653">
        <ele>443.1</ele>
      </trkpt>
      <trkpt lat="36.504081" lon="-5.359753">
        <ele>444.3</ele>
      </trkpt>
      <trkpt lat="36.504115" lon="-5.359885">
        <ele>445.7</ele>
      </trkpt>
      <trkpt lat="36.504198" lon="-5.360618">
        <ele>447.5</ele>
      </trkpt>
      <trkpt lat="36.504226" lon="-5.360828">
        <ele>447.8</ele>
      </trkpt>
      <trkpt lat="36.504262" lon="-5.360983">
        <ele>447.3</ele>
      </trkpt>
      <trkpt lat="36.504323" lon="-5.361140">
        <ele>447.3</ele>
      </trkpt>
      <trkpt lat="36.504411" lon="-5.361278">
        <ele>448.6</ele>
      </trkpt>
      <trkpt lat="36.504511" lon="-5.361382">
        <ele>449.1</ele>
      </trkpt>
      <trkpt lat="36.504609" lon="-5.361457">
        <ele>449</ele>
      </trkpt>
      <trkpt lat="36.504720" lon="-5.361514">
        <ele>449.7</ele>
      </trkpt>
      <trkpt lat="36.504827" lon="-5.361546">
        <ele>451</ele>
      </trkpt>
      <trkpt lat="36.504923" lon="-5.361559">
        <ele>452.2</ele>
      </trkpt>
      <trkpt lat="36.505007" lon="-5.361551">
        <ele>453.7</ele>
      </trkpt>
      <trkpt lat="36.505095" lon="-5.361526">
        <ele>454.2</ele>
      </trkpt>
      <trkpt lat="36.505165" lon="-5.361483">
        <ele>454.8</ele>
      </trkpt>
      <trkpt lat="36.505229" lon="-5.361414">
        <ele>455.3</ele>
      </trkpt>
      <trkpt lat="36.505293" lon="-5.361317">
        <ele>455.4</ele>
      </trkpt>
      <trkpt lat="36.505450" lon="-5.360979">
        <ele>456.2</ele>
      </trkpt>
      <trkpt lat="36.505525" lon="-5.360881">
        <ele>457.1</ele>
      </trkpt>
      <trkpt lat="36.505587" lon="-5.360815">
        <ele>458.5</ele>
      </trkpt>
      <trkpt lat="36.505669" lon="-5.360753">
        <ele>460.2</ele>
      </trkpt>
      <trkpt lat="36.505745" lon="-5.360710">
        <ele>461.7</ele>
      </trkpt>
      <trkpt lat="36.505834" lon="-5.360680">
        <ele>463.3</ele>
      </trkpt>
      <trkpt lat="36.505939" lon="-5.360662">
        <ele>463.4</ele>
      </trkpt>
      <trkpt lat="36.506049" lon="-5.360663">
        <ele>463.1</ele>
      </trkpt>
      <trkpt lat="36.506148" lon="-5.360674">
        <ele>463.1</ele>
      </trkpt>
      <trkpt lat="36.506252" lon="-5.360711">
        <ele>463.7</ele>
      </trkpt>
      <trkpt lat="36.506633" lon="-5.360908">
        <ele>467.8</ele>
      </trkpt>
      <trkpt lat="36.506738" lon="-5.360942">
        <ele>468.8</ele>
      </trkpt>
      <trkpt lat="36.506841" lon="-5.360953">
        <ele>469.6</ele>
      </trkpt>
      <trkpt lat="36.506931" lon="-5.360945">
        <ele>470.5</ele>
      </trkpt>
      <trkpt lat="36.507035" lon="-5.360916">
        <ele>470.2</ele>
      </trkpt>
      <trkpt lat="36.507136" lon="-5.360872">
        <ele>470.4</ele>
      </trkpt>
      <trkpt lat="36.507232" lon="-5.360806">
        <ele>471.6</ele>
      </trkpt>
      <trkpt lat="36.507319" lon="-5.360722">
        <ele>472.1</ele>
      </trkpt>
      <trkpt lat="36.507384" lon="-5.360642">
        <ele>473</ele>
      </trkpt>
      <trkpt lat="36.507441" lon="-5.360545">
        <ele>474.4</ele>
      </trkpt>
      <trkpt lat="36.507504" lon="-5.360402">
        <ele>473.9</ele>
      </trkpt>
      <trkpt lat="36.507555" lon="-5.360215">
        <ele>473.9</ele>
      </trkpt>
      <trkpt lat="36.507649" lon="-5.359786">
        <ele>477.5</ele>
      </trkpt>
      <trkpt lat="36.507696" lon="-5.359654">
        <ele>478.6</ele>
      </trkpt>
      <trkpt lat="36.507748" lon="-5.359544">
        <ele>479.1</ele>
      </trkpt>
      <trkpt lat="36.507810" lon="-5.359452">
        <ele>479.3</ele>
      </trkpt>
      <trkpt lat="36.507898" lon="-5.359345">
        <ele>480.5</ele>
      </trkpt>
      <trkpt lat="36.508150" lon="-5.359076">
        <ele>482.2</ele>
      </trkpt>
      <trkpt lat="36.508219" lon="-5.358966">
        <ele>483.8</ele>
      </trkpt>
      <trkpt lat="36.508260" lon="-5.358870">
        <ele>485.3</ele>
      </trkpt>
      <trkpt lat="36.508283" lon="-5.358761">
        <ele>485.9</ele>
      </trkpt>
      <trkpt lat="36.508291" lon="-5.358648">
        <ele>487</ele>
      </trkpt>
      <trkpt lat="36.508284" lon="-5.358510">
        <ele>488</ele>
      </trkpt>
      <trkpt lat="36.508221" lon="-5.358153">
        <ele>488.4</ele>
      </trkpt>
      <trkpt lat="36.508213" lon="-5.358012">
        <ele>487.6</ele>
      </trkpt>
      <trkpt lat="36.508227" lon="-5.357907">
        <ele>486.9</ele>
      </trkpt>
      <trkpt lat="36.508253" lon="-5.357803">
        <ele>486.4</ele>
      </trkpt>
      <trkpt lat="36.508298" lon="-5.357703">
        <ele>488</ele>
      </trkpt>
      <trkpt lat="36.508487" lon="-5.357362">
        <ele>494.5</ele>
      </trkpt>
      <trkpt lat="36.508561" lon="-5.357177">
        <ele>496.9</ele>
      </trkpt>
      <trkpt lat="36.508668" lon="-5.356841">
        <ele>498.2</ele>
      </trkpt>
      <trkpt lat="36.508718" lon="-5.356763">
        <ele>499</ele>
      </trkpt>
      <trkpt lat="36.508767" lon="-5.356716">
        <ele>499</ele>
      </trkpt>
      <trkpt lat="36.508830" lon="-5.356684">
        <ele>498.1</ele>
      </trkpt>
      <trkpt lat="36.508905" lon="-5.356682">
        <ele>497.2</ele>
      </trkpt>
      <trkpt lat="36.508972" lon="-5.356697">
        <ele>499.6</ele>
      </trkpt>
      <trkpt lat="36.509038" lon="-5.356733">
        <ele>501.4</ele>
      </trkpt>
      <trkpt lat="36.509107" lon="-5.356800">
        <ele>502.5</ele>
      </trkpt>
      <trkpt lat="36.509156" lon="-5.356882">
        <ele>502.3</ele>
      </trkpt>
      <trkpt lat="36.509188" lon="-5.356998">
        <ele>502.6</ele>
      </trkpt>
      <trkpt lat="36.509191" lon="-5.357019">
        <ele>502.9</ele>
      </trkpt>
      <trkpt lat="36.509247" lon="-5.357384">
        <ele>507.4</ele>
      </trkpt>
      <trkpt lat="36.509283" lon="-5.357552">
        <ele>507.7</ele>
      </trkpt>
      <trkpt lat="36.509348" lon="-5.357718">
        <ele>506.3</ele>
      </trkpt>
      <trkpt lat="36.509423" lon="-5.357855">
        <ele>506.6</ele>
      </trkpt>
      <trkpt lat="36.509496" lon="-5.357955">
        <ele>508</ele>
      </trkpt>
      <trkpt lat="36.509586" lon="-5.358056">
        <ele>508.1</ele>
      </trkpt>
      <trkpt lat="36.510072" lon="-5.358514">
        <ele>511.1</ele>
      </trkpt>
      <trkpt lat="36.510187" lon="-5.358610">
        <ele>511.1</ele>
      </trkpt>
      <trkpt lat="36.510283" lon="-5.358661">
        <ele>512.5</ele>
      </trkpt>
      <trkpt lat="36.510383" lon="-5.358680">
        <ele>513.2</ele>
      </trkpt>
      <trkpt lat="36.510478" lon="-5.358679">
        <ele>514.1</ele>
      </trkpt>
      <trkpt lat="36.510606" lon="-5.358647">
        <ele>515</ele>
      </trkpt>
      <trkpt lat="36.510752" lon="-5.358571">
        <ele>516.9</ele>
      </trkpt>
      <trkpt lat="36.510944" lon="-5.358449">
        <ele>518.7</ele>
      </trkpt>
      <trkpt lat="36.511054" lon="-5.358351">
        <ele>520.3</ele>
      </trkpt>
      <trkpt lat="36.511147" lon="-5.358242">
        <ele>521.4</ele>
      </trkpt>
      <trkpt lat="36.511340" lon="-5.357982">
        <ele>523.2</ele>
      </trkpt>
      <trkpt lat="36.511407" lon="-5.357911">
        <ele>523</ele>
      </trkpt>
      <trkpt lat="36.511474" lon="-5.357865">
        <ele>523.7</ele>
      </trkpt>
      <trkpt lat="36.511555" lon="-5.357837">
        <ele>524.2</ele>
      </trkpt>
      <trkpt lat="36.511640" lon="-5.357829">
        <ele>524.2</ele>
      </trkpt>
      <trkpt lat="36.511733" lon="-5.357846">
        <ele>525.9</ele>
      </trkpt>
      <trkpt lat="36.511917" lon="-5.357922">
        <ele>529.8</ele>
      </trkpt>
      <trkpt lat="36.512008" lon="-5.357940">
        <ele>530.3</ele>
      </trkpt>
      <trkpt lat="36.512097" lon="-5.357940">
        <ele>530.6</ele>
      </trkpt>
      <trkpt lat="36.512187" lon="-5.357915">
        <ele>531.5</ele>
      </trkpt>
      <trkpt lat="36.512270" lon="-5.357877">
        <ele>531.6</ele>
      </trkpt>
      <trkpt lat="36.512369" lon="-5.357799">
        <ele>532.2</ele>
      </trkpt>
      <trkpt lat="36.512970" lon="-5.357209">
        <ele>539</ele>
      </trkpt>
      <trkpt lat="36.513049" lon="-5.357127">
        <ele>540.2</ele>
      </trkpt>
      <trkpt lat="36.513099" lon="-5.357047">
        <ele>541.2</ele>
      </trkpt>
      <trkpt lat="36.513150" lon="-5.356946">
        <ele>542.3</ele>
      </trkpt>
      <trkpt lat="36.513192" lon="-5.356813">
        <ele>543</ele>
      </trkpt>
      <trkpt lat="36.513253" lon="-5.356513">
        <ele>544.3</ele>
      </trkpt>
      <trkpt lat="36.513289" lon="-5.356381">
        <ele>544.2</ele>
      </trkpt>
      <trkpt lat="36.513333" lon="-5.356285">
        <ele>543.9</ele>
      </trkpt>
      <trkpt lat="36.513390" lon="-5.356193">
        <ele>544.3</ele>
      </trkpt>
      <trkpt lat="36.513459" lon="-5.356099">
        <ele>546.1</ele>
      </trkpt>
      <trkpt lat="36.513677" lon="-5.355888">
        <ele>548</ele>
      </trkpt>
      <trkpt lat="36.513759" lon="-5.355786">
        <ele>549.9</ele>
      </trkpt>
      <trkpt lat="36.513816" lon="-5.355688">
        <ele>551.3</ele>
      </trkpt>
      <trkpt lat="36.513872" lon="-5.355556">
        <ele>551.8</ele>
      </trkpt>
      <trkpt lat="36.513953" lon="-5.355296">
        <ele>552.2</ele>
      </trkpt>
      <trkpt lat="36.514072" lon="-5.354833">
        <ele>555.8</ele>
      </trkpt>
      <trkpt lat="36.514111" lon="-5.354723">
        <ele>554.8</ele>
      </trkpt>
      <trkpt lat="36.514151" lon="-5.354649">
        <ele>556</ele>
      </trkpt>
      <trkpt lat="36.514204" lon="-5.354592">
        <ele>558.1</ele>
      </trkpt>
      <trkpt lat="36.514266" lon="-5.354562">
        <ele>559.5</ele>
      </trkpt>
      <trkpt lat="36.514334" lon="-5.354552">
        <ele>560</ele>
      </trkpt>
      <trkpt lat="36.514410" lon="-5.354556">
        <ele>559.8</ele>
      </trkpt>
      <trkpt lat="36.514488" lon="-5.354575">
        <ele>560.3</ele>
      </trkpt>
      <trkpt lat="36.514566" lon="-5.354613">
        <ele>561.2</ele>
      </trkpt>
      <trkpt lat="36.514638" lon="-5.354681">
        <ele>561.2</ele>
      </trkpt>
      <trkpt lat="36.514836" lon="-5.354923">
        <ele>563.6</ele>
      </trkpt>
      <trkpt lat="36.514922" lon="-5.354996">
        <ele>563.9</ele>
      </trkpt>
      <trkpt lat="36.514999" lon="-5.355046">
        <ele>565</ele>
      </trkpt>
      <trkpt lat="36.515076" lon="-5.355077">
        <ele>565.2</ele>
      </trkpt>
      <trkpt lat="36.515151" lon="-5.355084">
        <ele>565.8</ele>
      </trkpt>
      <trkpt lat="36.515219" lon="-5.355072">
        <ele>566.8</ele>
      </trkpt>
      <trkpt lat="36.515283" lon="-5.355037">
        <ele>568</ele>
      </trkpt>
      <trkpt lat="36.515346" lon="-5.354981">
        <ele>567.7</ele>
      </trkpt>
      <trkpt lat="36.515395" lon="-5.354916">
        <ele>568.4</ele>
      </trkpt>
      <trkpt lat="36.515445" lon="-5.354822">
        <ele>569.8</ele>
      </trkpt>
      <trkpt lat="36.515599" lon="-5.354413">
        <ele>571.7</ele>
      </trkpt>
      <trkpt lat="36.515635" lon="-5.354287">
        <ele>572.8</ele>
      </trkpt>
      <trkpt lat="36.515655" lon="-5.354174">
        <ele>574.5</ele>
      </trkpt>
      <trkpt lat="36.515662" lon="-5.354038">
        <ele>575.5</ele>
      </trkpt>
      <trkpt lat="36.515652" lon="-5.353904">
        <ele>577.1</ele>
      </trkpt>
      <trkpt lat="36.515583" lon="-5.353377">
        <ele>577.4</ele>
      </trkpt>
      <trkpt lat="36.515518" lon="-5.352692">
        <ele>584.3</ele>
      </trkpt>
      <trkpt lat="36.515493" lon="-5.352466">
        <ele>586</ele>
      </trkpt>
      <trkpt lat="36.515462" lon="-5.352321">
        <ele>586.9</ele>
      </trkpt>
      <trkpt lat="36.515419" lon="-5.352198">
        <ele>587.5</ele>
      </trkpt>
      <trkpt lat="36.515338" lon="-5.352073">
        <ele>586.8</ele>
      </trkpt>
      <trkpt lat="36.515228" lon="-5.351952">
        <ele>587.4</ele>
      </trkpt>
      <trkpt lat="36.514670" lon="-5.351461">
        <ele>593.9</ele>
      </trkpt>
      <trkpt lat="36.514509" lon="-5.351336">
        <ele>593.9</ele>
      </trkpt>
      <trkpt lat="36.514056" lon="-5.351065">
        <ele>598.4</ele>
      </trkpt>
      <trkpt lat="36.513932" lon="-5.350963">
        <ele>600.1</ele>
      </trkpt>
      <trkpt lat="36.513799" lon="-5.350828">
        <ele>601.8</ele>
      </trkpt>
      <trkpt lat="36.513082" lon="-5.349946">
        <ele>608.4</ele>
      </trkpt>
      <trkpt lat="36.513020" lon="-5.349852">
        <ele>610.1</ele>
      </trkpt>
      <trkpt lat="36.512978" lon="-5.349758">
        <ele>611.1</ele>
      </trkpt>
      <trkpt lat="36.512945" lon="-5.349640">
        <ele>611.7</ele>
      </trkpt>
      <trkpt lat="36.512930" lon="-5.349515">
        <ele>611.8</ele>
      </trkpt>
      <trkpt lat="36.512933" lon="-5.349380">
        <ele>612.2</ele>
      </trkpt>
      <trkpt lat="36.512971" lon="-5.349244">
        <ele>612.8</ele>
      </trkpt>
      <trkpt lat="36.513051" lon="-5.349102">
        <ele>611.9</ele>
      </trkpt>
      <trkpt lat="36.513118" lon="-5.349033">
        <ele>611.3</ele>
      </trkpt>
      <trkpt lat="36.513204" lon="-5.348970">
        <ele>611.6</ele>
      </trkpt>
      <trkpt lat="36.513283" lon="-5.348938">
        <ele>612.5</ele>
      </trkpt>
      <trkpt lat="36.513401" lon="-5.348903">
        <ele>614.2</ele>
      </trkpt>
      <trkpt lat="36.513731" lon="-5.348875">
        <ele>617.7</ele>
      </trkpt>
      <trkpt lat="36.513812" lon="-5.348850">
        <ele>619.1</ele>
      </trkpt>
      <trkpt lat="36.513899" lon="-5.348813">
        <ele>620.3</ele>
      </trkpt>
      <trkpt lat="36.513978" lon="-5.348758">
        <ele>620.9</ele>
      </trkpt>
      <trkpt lat="36.514048" lon="-5.348683">
        <ele>621.7</ele>
      </trkpt>
      <trkpt lat="36.514097" lon="-5.348611">
        <ele>622.5</ele>
      </trkpt>
      <trkpt lat="36.514148" lon="-5.348505">
        <ele>623.1</ele>
      </trkpt>
      <trkpt lat="36.514221" lon="-5.348304">
        <ele>623</ele>
      </trkpt>
      <trkpt lat="36.514438" lon="-5.347627">
        <ele>627.2</ele>
      </trkpt>
      <trkpt lat="36.514474" lon="-5.347498">
        <ele>627.2</ele>
      </trkpt>
      <trkpt lat="36.514493" lon="-5.347386">
        <ele>627.8</ele>
      </trkpt>
      <trkpt lat="36.514502" lon="-5.347252">
        <ele>628.8</ele>
      </trkpt>
      <trkpt lat="36.514489" lon="-5.347107">
        <ele>629.6</ele>
      </trkpt>
      <trkpt lat="36.514417" lon="-5.346739">
        <ele>633.1</ele>
      </trkpt>
      <trkpt lat="36.514406" lon="-5.346608">
        <ele>633.7</ele>
      </trkpt>
      <trkpt lat="36.514413" lon="-5.346498">
        <ele>633.9</ele>
      </trkpt>
      <trkpt lat="36.514434" lon="-5.346370">
        <ele>634.2</ele>
      </trkpt>
      <trkpt lat="36.514468" lon="-5.346261">
        <ele>634.5</ele>
      </trkpt>
      <trkpt lat="36.514514" lon="-5.346148">
        <ele>634.9</ele>
      </trkpt>
      <trkpt lat="36.514579" lon="-5.346039">
        <ele>634.4</ele>
      </trkpt>
      <trkpt lat="36.514702" lon="-5.345871">
        <ele>636.8</ele>
      </trkpt>
      <trkpt lat="36.514751" lon="-5.345803">
        <ele>638.2</ele>
      </trkpt>
      <trkpt lat="36.514797" lon="-5.345741">
        <ele>638.8</ele>
      </trkpt>
      <trkpt lat="36.514787" lon="-5.345685">
        <ele>638.7</ele>
      </trkpt>
      <trkpt lat="36.514810" lon="-5.345609">
        <ele>639.2</ele>
      </trkpt>
      <trkpt lat="36.514841" lon="-5.345475">
        <ele>640</ele>
      </trkpt>
      <trkpt lat="36.514847" lon="-5.345325">
        <ele>640.1</ele>
      </trkpt>
      <trkpt lat="36.514839" lon="-5.345189">
        <ele>640.9</ele>
      </trkpt>
      <trkpt lat="36.514804" lon="-5.345069">
        <ele>641</ele>
      </trkpt>
      <trkpt lat="36.514735" lon="-5.344943">
        <ele>640.3</ele>
      </trkpt>
      <trkpt lat="36.514642" lon="-5.344849">
        <ele>640</ele>
      </trkpt>
      <trkpt lat="36.514544" lon="-5.344770">
        <ele>639.7</ele>
      </trkpt>
      <trkpt lat="36.514290" lon="-5.344605">
        <ele>639.8</ele>
      </trkpt>
      <trkpt lat="36.514151" lon="-5.344466">
        <ele>639.2</ele>
      </trkpt>
      <trkpt lat="36.514089" lon="-5.344239">
        <ele>639</ele>
      </trkpt>
      <trkpt lat="36.513987" lon="-5.343762">
        <ele>639.1</ele>
      </trkpt>
      <trkpt lat="36.513930" lon="-5.343411">
        <ele>641.2</ele>
      </trkpt>
      <trkpt lat="36.513878" lon="-5.343211">
        <ele>640.1</ele>
      </trkpt>
      <trkpt lat="36.513783" lon="-5.343024">
        <ele>639.1</ele>
      </trkpt>
      <trkpt lat="36.513721" lon="-5.342847">
        <ele>641.6</ele>
      </trkpt>
      <trkpt lat="36.513628" lon="-5.342685">
        <ele>640.9</ele>
      </trkpt>
      <trkpt lat="36.513580" lon="-5.342538">
        <ele>640.5</ele>
      </trkpt>
      <trkpt lat="36.513564" lon="-5.342411">
        <ele>640.5</ele>
      </trkpt>
      <trkpt lat="36.513589" lon="-5.342269">
        <ele>641.2</ele>
      </trkpt>
      <trkpt lat="36.513653" lon="-5.342045">
        <ele>641.6</ele>
      </trkpt>
      <trkpt lat="36.513699" lon="-5.341810">
        <ele>642.5</ele>
      </trkpt>
      <trkpt lat="36.513676" lon="-5.341650">
        <ele>642.3</ele>
      </trkpt>
      <trkpt lat="36.513612" lon="-5.341514">
        <ele>641.7</ele>
      </trkpt>
      <trkpt lat="36.513482" lon="-5.341250">
        <ele>643.5</ele>
      </trkpt>
      <trkpt lat="36.513350" lon="-5.341004">
        <ele>643</ele>
      </trkpt>
      <trkpt lat="36.513307" lon="-5.340819">
        <ele>641.9</ele>
      </trkpt>
      <trkpt lat="36.513293" lon="-5.340580">
        <ele>642.2</ele>
      </trkpt>
      <trkpt lat="36.513310" lon="-5.340145">
        <ele>641.5</ele>
      </trkpt>
      <trkpt lat="36.513439" lon="-5.339775">
        <ele>641.6</ele>
      </trkpt>
      <trkpt lat="36.513548" lon="-5.339587">
        <ele>641.6</ele>
      </trkpt>
      <trkpt lat="36.513733" lon="-5.339336">
        <ele>641.5</ele>
      </trkpt>
      <trkpt lat="36.513851" lon="-5.339121">
        <ele>641.9</ele>
      </trkpt>
      <trkpt lat="36.513969" lon="-5.338788">
        <ele>645.4</ele>
      </trkpt>
      <trkpt lat="36.513978" lon="-5.338699">
        <ele>644.9</ele>
      </trkpt>
      <trkpt lat="36.513971" lon="-5.338394">
        <ele>642</ele>
      </trkpt>
      <trkpt lat="36.513903" lon="-5.338086">
        <ele>643.2</ele>
      </trkpt>
      <trkpt lat="36.513817" lon="-5.337846">
        <ele>642.4</ele>
      </trkpt>
      <trkpt lat="36.513682" lon="-5.337544">
        <ele>644</ele>
      </trkpt>
      <trkpt lat="36.513544" lon="-5.337182">
        <ele>642</ele>
      </trkpt>
      <trkpt lat="36.513307" lon="-5.336578">
        <ele>642.5</ele>
      </trkpt>
      <trkpt lat="36.513239" lon="-5.336352">
        <ele>642.1</ele>
      </trkpt>
      <trkpt lat="36.513214" lon="-5.336074">
        <ele>642.1</ele>
      </trkpt>
      <trkpt lat="36.513255" lon="-5.335852">
        <ele>640.8</ele>
      </trkpt>
      <trkpt lat="36.513337" lon="-5.335559">
        <ele>642.1</ele>
      </trkpt>
      <trkpt lat="36.513480" lon="-5.335164">
        <ele>640.8</ele>
      </trkpt>
      <trkpt lat="36.513621" lon="-5.334682">
        <ele>642.2</ele>
      </trkpt>
      <trkpt lat="36.513703" lon="-5.334249">
        <ele>642.8</ele>
      </trkpt>
      <trkpt lat="36.513710" lon="-5.334053">
        <ele>643.1</ele>
      </trkpt>
      <trkpt lat="36.513763" lon="-5.333753">
        <ele>644.3</ele>
      </trkpt>
      <trkpt lat="36.513792" lon="-5.333798">
        <ele>644.6</ele>
      </trkpt>
      <trkpt lat="36.513829" lon="-5.333613">
        <ele>644</ele>
      </trkpt>
      <trkpt lat="36.513869" lon="-5.333498">
        <ele>643.9</ele>
      </trkpt>
      <trkpt lat="36.513927" lon="-5.333388">
        <ele>644.6</ele>
      </trkpt>
      <trkpt lat="36.513993" lon="-5.333283">
        <ele>644.6</ele>
      </trkpt>
      <trkpt lat="36.514098" lon="-5.333186">
        <ele>644.4</ele>
      </trkpt>
      <trkpt lat="36.514203" lon="-5.333111">
        <ele>644.1</ele>
      </trkpt>
      <trkpt lat="36.514331" lon="-5.333029">
        <ele>643.6</ele>
      </trkpt>
      <trkpt lat="36.514860" lon="-5.332763">
        <ele>643.2</ele>
      </trkpt>
      <trkpt lat="36.515093" lon="-5.332628">
        <ele>643.5</ele>
      </trkpt>
      <trkpt lat="36.515369" lon="-5.332441">
        <ele>643.3</ele>
      </trkpt>
      <trkpt lat="36.515594" lon="-5.332269">
        <ele>643.3</ele>
      </trkpt>
      <trkpt lat="36.515747" lon="-5.332131">
        <ele>643.2</ele>
      </trkpt>
      <trkpt lat="36.516509" lon="-5.331436">
        <ele>643.3</ele>
      </trkpt>
      <trkpt lat="36.516670" lon="-5.331297">
        <ele>643.1</ele>
      </trkpt>
      <trkpt lat="36.516799" lon="-5.331211">
        <ele>643.4</ele>
      </trkpt>
      <trkpt lat="36.516920" lon="-5.331147">
        <ele>643.7</ele>
      </trkpt>
      <trkpt lat="36.517292" lon="-5.331004">
        <ele>644</ele>
      </trkpt>
      <trkpt lat="36.517404" lon="-5.330943">
        <ele>644.6</ele>
      </trkpt>
      <trkpt lat="36.517489" lon="-5.330874">
        <ele>643.1</ele>
      </trkpt>
      <trkpt lat="36.517566" lon="-5.330782">
        <ele>641</ele>
      </trkpt>
      <trkpt lat="36.517617" lon="-5.330690">
        <ele>640.6</ele>
      </trkpt>
      <trkpt lat="36.517661" lon="-5.330593">
        <ele>640.8</ele>
      </trkpt>
      <trkpt lat="36.517691" lon="-5.330509">
        <ele>641.9</ele>
      </trkpt>
      <trkpt lat="36.517711" lon="-5.330361">
        <ele>643.7</ele>
      </trkpt>
      <trkpt lat="36.517705" lon="-5.330086">
        <ele>644.2</ele>
      </trkpt>
      <trkpt lat="36.517708" lon="-5.329957">
        <ele>644</ele>
      </trkpt>
      <trkpt lat="36.517723" lon="-5.329844">
        <ele>643.5</ele>
      </trkpt>
      <trkpt lat="36.517764" lon="-5.329682">
        <ele>642.6</ele>
      </trkpt>
      <trkpt lat="36.517830" lon="-5.329528">
        <ele>641.9</ele>
      </trkpt>
      <trkpt lat="36.518646" lon="-5.328143">
        <ele>638.7</ele>
      </trkpt>
      <trkpt lat="36.518710" lon="-5.328017">
        <ele>638.5</ele>
      </trkpt>
      <trkpt lat="36.518744" lon="-5.327908">
        <ele>637.6</ele>
      </trkpt>
      <trkpt lat="36.518827" lon="-5.327521">
        <ele>636.4</ele>
      </trkpt>
      <trkpt lat="36.518879" lon="-5.327379">
        <ele>636.9</ele>
      </trkpt>
      <trkpt lat="36.518943" lon="-5.327267">
        <ele>637.5</ele>
      </trkpt>
      <trkpt lat="36.519032" lon="-5.327156">
        <ele>637</ele>
      </trkpt>
      <trkpt lat="36.519120" lon="-5.327082">
        <ele>636.4</ele>
      </trkpt>
      <trkpt lat="36.519328" lon="-5.326929">
        <ele>633.9</ele>
      </trkpt>
      <trkpt lat="36.519427" lon="-5.326833">
        <ele>634.3</ele>
      </trkpt>
      <trkpt lat="36.519499" lon="-5.326736">
        <ele>635.6</ele>
      </trkpt>
      <trkpt lat="36.519619" lon="-5.326540">
        <ele>635.7</ele>
      </trkpt>
      <trkpt lat="36.519775" lon="-5.326277">
        <ele>633.7</ele>
      </trkpt>
      <trkpt lat="36.519849" lon="-5.326116">
        <ele>633.3</ele>
      </trkpt>
      <trkpt lat="36.519885" lon="-5.325992">
        <ele>632.8</ele>
      </trkpt>
      <trkpt lat="36.519928" lon="-5.325730">
        <ele>631.6</ele>
      </trkpt>
      <trkpt lat="36.519939" lon="-5.325373">
        <ele>631.1</ele>
      </trkpt>
      <trkpt lat="36.519953" lon="-5.325134">
        <ele>631.2</ele>
      </trkpt>
      <trkpt lat="36.519962" lon="-5.325066">
        <ele>631.1</ele>
      </trkpt>
      <trkpt lat="36.519932" lon="-5.325040">
        <ele>631</ele>
      </trkpt>
      <trkpt lat="36.519910" lon="-5.325003">
        <ele>631</ele>
      </trkpt>
      <trkpt lat="36.519898" lon="-5.324960">
        <ele>631</ele>
      </trkpt>
      <trkpt lat="36.519897" lon="-5.324918">
        <ele>631</ele>
      </trkpt>
      <trkpt lat="36.519893" lon="-5.324868">
        <ele>631</ele>
      </trkpt>
      <trkpt lat="36.519879" lon="-5.324815">
        <ele>631</ele>
      </trkpt>
      <trkpt lat="36.519860" lon="-5.324743">
        <ele>631</ele>
      </trkpt>
      <trkpt lat="36.519498" lon="-5.323964">
        <ele>630.1</ele>
      </trkpt>
      <trkpt lat="36.519273" lon="-5.323422">
        <ele>633.2</ele>
      </trkpt>
      <trkpt lat="36.519196" lon="-5.323153">
        <ele>629.3</ele>
      </trkpt>
      <trkpt lat="36.519230" lon="-5.322791">
        <ele>624.7</ele>
      </trkpt>
      <trkpt lat="36.519230" lon="-5.322193">
        <ele>619.6</ele>
      </trkpt>
      <trkpt lat="36.519258" lon="-5.321722">
        <ele>619.2</ele>
      </trkpt>
      <trkpt lat="36.519279" lon="-5.321318">
        <ele>618.7</ele>
      </trkpt>
      <trkpt lat="36.519313" lon="-5.321228">
        <ele>618.4</ele>
      </trkpt>
      <trkpt lat="36.519404" lon="-5.321117">
        <ele>617.2</ele>
      </trkpt>
      <trkpt lat="36.519531" lon="-5.321051">
        <ele>617.1</ele>
      </trkpt>
      <trkpt lat="36.519621" lon="-5.320990">
        <ele>617.9</ele>
      </trkpt>
      <trkpt lat="36.519631" lon="-5.320887">
        <ele>616.7</ele>
      </trkpt>
      <trkpt lat="36.519641" lon="-5.320794">
        <ele>616.1</ele>
      </trkpt>
      <trkpt lat="36.519657" lon="-5.320401">
        <ele>613.2</ele>
      </trkpt>
      <trkpt lat="36.519701" lon="-5.320247">
        <ele>611.8</ele>
      </trkpt>
      <trkpt lat="36.519809" lon="-5.320152">
        <ele>612.6</ele>
      </trkpt>
      <trkpt lat="36.519905" lon="-5.320091">
        <ele>614.5</ele>
      </trkpt>
      <trkpt lat="36.519929" lon="-5.320011">
        <ele>614.5</ele>
      </trkpt>
      <trkpt lat="36.519910" lon="-5.319812">
        <ele>612.6</ele>
      </trkpt>
      <trkpt lat="36.519870" lon="-5.319564">
        <ele>611.1</ele>
      </trkpt>
      <trkpt lat="36.519828" lon="-5.319115">
        <ele>612.1</ele>
      </trkpt>
      <trkpt lat="36.519814" lon="-5.319031">
        <ele>612.3</ele>
      </trkpt>
      <trkpt lat="36.519766" lon="-5.318902">
        <ele>611.6</ele>
      </trkpt>
      <trkpt lat="36.519518" lon="-5.318501">
        <ele>608.2</ele>
      </trkpt>
      <trkpt lat="36.519464" lon="-5.318385">
        <ele>608</ele>
      </trkpt>
      <trkpt lat="36.519419" lon="-5.318306">
        <ele>608.1</ele>
      </trkpt>
      <trkpt lat="36.519388" lon="-5.318249">
        <ele>608.5</ele>
      </trkpt>
      <trkpt lat="36.519394" lon="-5.318219">
        <ele>609</ele>
      </trkpt>
      <trkpt lat="36.519393" lon="-5.318131">
        <ele>610.2</ele>
      </trkpt>
      <trkpt lat="36.519425" lon="-5.318031">
        <ele>611.2</ele>
      </trkpt>
      <trkpt lat="36.519453" lon="-5.317859">
        <ele>611.8</ele>
      </trkpt>
      <trkpt lat="36.519580" lon="-5.317685">
        <ele>609.9</ele>
      </trkpt>
      <trkpt lat="36.519563" lon="-5.317650">
        <ele>609.3</ele>
      </trkpt>
      <trkpt lat="36.519523" lon="-5.317570">
        <ele>608.6</ele>
      </trkpt>
      <trkpt lat="36.519441" lon="-5.317294">
        <ele>608.6</ele>
      </trkpt>
      <trkpt lat="36.519556" lon="-5.317060">
        <ele>604.6</ele>
      </trkpt>
      <trkpt lat="36.519627" lon="-5.316881">
        <ele>604.5</ele>
      </trkpt>
      <trkpt lat="36.519662" lon="-5.316830">
        <ele>604.5</ele>
      </trkpt>
      <trkpt lat="36.519749" lon="-5.316685">
        <ele>605.4</ele>
      </trkpt>
      <trkpt lat="36.519839" lon="-5.316635">
        <ele>606</ele>
      </trkpt>
      <trkpt lat="36.519994" lon="-5.316646">
        <ele>604.5</ele>
      </trkpt>
      <trkpt lat="36.520175" lon="-5.316648">
        <ele>605.2</ele>
      </trkpt>
      <trkpt lat="36.520270" lon="-5.316662">
        <ele>605.1</ele>
      </trkpt>
      <trkpt lat="36.520458" lon="-5.316589">
        <ele>607.6</ele>
      </trkpt>
      <trkpt lat="36.520581" lon="-5.316498">
        <ele>611.5</ele>
      </trkpt>
      <trkpt lat="36.520689" lon="-5.316403">
        <ele>613.1</ele>
      </trkpt>
      <trkpt lat="36.520765" lon="-5.316240">
        <ele>615.6</ele>
      </trkpt>
      <trkpt lat="36.520790" lon="-5.316162">
        <ele>617.2</ele>
      </trkpt>
      <trkpt lat="36.520814" lon="-5.316057">
        <ele>618.1</ele>
      </trkpt>
      <trkpt lat="36.520798" lon="-5.316045">
        <ele>618.2</ele>
      </trkpt>
      <trkpt lat="36.520784" lon="-5.316025">
        <ele>618.3</ele>
      </trkpt>
      <trkpt lat="36.520783" lon="-5.315967">
        <ele>618.1</ele>
      </trkpt>
      <trkpt lat="36.520792" lon="-5.315945">
        <ele>617.9</ele>
      </trkpt>
      <trkpt lat="36.520804" lon="-5.315934">
        <ele>617.7</ele>
      </trkpt>
      <trkpt lat="36.520838" lon="-5.315936">
        <ele>617.4</ele>
      </trkpt>
      <trkpt lat="36.520867" lon="-5.315959">
        <ele>617.6</ele>
      </trkpt>
      <trkpt lat="36.521245" lon="-5.315776">
        <ele>618.5</ele>
      </trkpt>
      <trkpt lat="36.521293" lon="-5.315752">
        <ele>618.4</ele>
      </trkpt>
      <trkpt lat="36.521696" lon="-5.315547">
        <ele>618.9</ele>
      </trkpt>
      <trkpt lat="36.521917" lon="-5.315462">
        <ele>618.2</ele>
      </trkpt>
      <trkpt lat="36.522107" lon="-5.315388">
        <ele>615.9</ele>
      </trkpt>
      <trkpt lat="36.522614" lon="-5.315278">
        <ele>614.6</ele>
      </trkpt>
      <trkpt lat="36.522810" lon="-5.315217">
        <ele>612.7</ele>
      </trkpt>
      <trkpt lat="36.522951" lon="-5.315178">
        <ele>612.1</ele>
      </trkpt>
      <trkpt lat="36.523052" lon="-5.315157">
        <ele>611.8</ele>
      </trkpt>
      <trkpt lat="36.523160" lon="-5.315190">
        <ele>612.9</ele>
      </trkpt>
      <trkpt lat="36.523249" lon="-5.315124">
        <ele>612.8</ele>
      </trkpt>
      <trkpt lat="36.523388" lon="-5.314998">
        <ele>613.3</ele>
      </trkpt>
      <trkpt lat="36.523488" lon="-5.314864">
        <ele>611.9</ele>
      </trkpt>
      <trkpt lat="36.523850" lon="-5.314240">
        <ele>613.1</ele>
      </trkpt>
      <trkpt lat="36.524264" lon="-5.313521">
        <ele>613.6</ele>
      </trkpt>
      <trkpt lat="36.524482" lon="-5.313222">
        <ele>613.5</ele>
      </trkpt>
      <trkpt lat="36.524593" lon="-5.313113">
        <ele>614</ele>
      </trkpt>
      <trkpt lat="36.524677" lon="-5.313023">
        <ele>616.2</ele>
      </trkpt>
      <trkpt lat="36.524967" lon="-5.312780">
        <ele>619.9</ele>
      </trkpt>
      <trkpt lat="36.525024" lon="-5.312724">
        <ele>619.7</ele>
      </trkpt>
      <trkpt lat="36.525133" lon="-5.312641">
        <ele>620.9</ele>
      </trkpt>
      <trkpt lat="36.525258" lon="-5.312529">
        <ele>622</ele>
      </trkpt>
      <trkpt lat="36.525386" lon="-5.312391">
        <ele>623.5</ele>
      </trkpt>
      <trkpt lat="36.525593" lon="-5.312100">
        <ele>626.7</ele>
      </trkpt>
      <trkpt lat="36.525866" lon="-5.311683">
        <ele>630.2</ele>
      </trkpt>
      <trkpt lat="36.526134" lon="-5.311495">
        <ele>631.5</ele>
      </trkpt>
      <trkpt lat="36.526510" lon="-5.311326">
        <ele>634.9</ele>
      </trkpt>
      <trkpt lat="36.526860" lon="-5.311133">
        <ele>638.7</ele>
      </trkpt>
      <trkpt lat="36.527171" lon="-5.310927">
        <ele>642.3</ele>
      </trkpt>
      <trkpt lat="36.527302" lon="-5.310783">
        <ele>643.8</ele>
      </trkpt>
      <trkpt lat="36.527371" lon="-5.310635">
        <ele>644.5</ele>
      </trkpt>
      <trkpt lat="36.527561" lon="-5.310222">
        <ele>646.3</ele>
      </trkpt>
      <trkpt lat="36.527658" lon="-5.310107">
        <ele>646.3</ele>
      </trkpt>
      <trkpt lat="36.527780" lon="-5.310040">
        <ele>647.8</ele>
      </trkpt>
      <trkpt lat="36.528332" lon="-5.309824">
        <ele>653.2</ele>
      </trkpt>
      <trkpt lat="36.528457" lon="-5.309731">
        <ele>654.7</ele>
      </trkpt>
      <trkpt lat="36.528513" lon="-5.309648">
        <ele>655.3</ele>
      </trkpt>
      <trkpt lat="36.528648" lon="-5.309413">
        <ele>657.1</ele>
      </trkpt>
      <trkpt lat="36.528790" lon="-5.309143">
        <ele>658.1</ele>
      </trkpt>
      <trkpt lat="36.528964" lon="-5.308944">
        <ele>660.5</ele>
      </trkpt>
      <trkpt lat="36.529255" lon="-5.308728">
        <ele>662.3</ele>
      </trkpt>
      <trkpt lat="36.529479" lon="-5.308396">
        <ele>665.9</ele>
      </trkpt>
      <trkpt lat="36.529776" lon="-5.307867">
        <ele>669.7</ele>
      </trkpt>
      <trkpt lat="36.529968" lon="-5.307643">
        <ele>672.2</ele>
      </trkpt>
      <trkpt lat="36.530415" lon="-5.307499">
        <ele>674.9</ele>
      </trkpt>
      <trkpt lat="36.530714" lon="-5.307342">
        <ele>677.7</ele>
      </trkpt>
      <trkpt lat="36.531090" lon="-5.306950">
        <ele>681.4</ele>
      </trkpt>
      <trkpt lat="36.531228" lon="-5.306721">
        <ele>684</ele>
      </trkpt>
      <trkpt lat="36.531294" lon="-5.306594">
        <ele>685.1</ele>
      </trkpt>
      <trkpt lat="36.531339" lon="-5.306489">
        <ele>685.9</ele>
      </trkpt>
      <trkpt lat="36.531406" lon="-5.306048">
        <ele>688.6</ele>
      </trkpt>
      <trkpt lat="36.531241" lon="-5.305667">
        <ele>693.2</ele>
      </trkpt>
      <trkpt lat="36.531162" lon="-5.305401">
        <ele>693.2</ele>
      </trkpt>
      <trkpt lat="36.531239" lon="-5.304859">
        <ele>694.5</ele>
      </trkpt>
      <trkpt lat="36.531361" lon="-5.304421">
        <ele>696.6</ele>
      </trkpt>
      <trkpt lat="36.531474" lon="-5.304175">
        <ele>697.6</ele>
      </trkpt>
      <trkpt lat="36.531657" lon="-5.304066">
        <ele>698.2</ele>
      </trkpt>
      <trkpt lat="36.532093" lon="-5.303915">
        <ele>703.5</ele>
      </trkpt>
      <trkpt lat="36.532260" lon="-5.303792">
        <ele>703.7</ele>
      </trkpt>
      <trkpt lat="36.532362" lon="-5.303666">
        <ele>704.8</ele>
      </trkpt>
      <trkpt lat="36.532575" lon="-5.303339">
        <ele>710.2</ele>
      </trkpt>
      <trkpt lat="36.532823" lon="-5.303206">
        <ele>708.7</ele>
      </trkpt>
      <trkpt lat="36.533260" lon="-5.303139">
        <ele>717.1</ele>
      </trkpt>
      <trkpt lat="36.533474" lon="-5.303035">
        <ele>717.4</ele>
      </trkpt>
      <trkpt lat="36.533646" lon="-5.302799">
        <ele>720.2</ele>
      </trkpt>
      <trkpt lat="36.533892" lon="-5.301994">
        <ele>725.2</ele>
      </trkpt>
      <trkpt lat="36.534065" lon="-5.301636">
        <ele>726</ele>
      </trkpt>
      <trkpt lat="36.534311" lon="-5.301467">
        <ele>731.7</ele>
      </trkpt>
      <trkpt lat="36.534546" lon="-5.301494">
        <ele>733.5</ele>
      </trkpt>
      <trkpt lat="36.534694" lon="-5.301618">
        <ele>733.6</ele>
      </trkpt>
      <trkpt lat="36.534904" lon="-5.301794">
        <ele>735.5</ele>
      </trkpt>
      <trkpt lat="36.535135" lon="-5.301884">
        <ele>737.8</ele>
      </trkpt>
      <trkpt lat="36.535370" lon="-5.301870">
        <ele>740.6</ele>
      </trkpt>
      <trkpt lat="36.535578" lon="-5.301722">
        <ele>742.8</ele>
      </trkpt>
      <trkpt lat="36.535827" lon="-5.301608">
        <ele>743</ele>
      </trkpt>
      <trkpt lat="36.536107" lon="-5.301582">
        <ele>746.5</ele>
      </trkpt>
      <trkpt lat="36.536370" lon="-5.301669">
        <ele>749.9</ele>
      </trkpt>
      <trkpt lat="36.536673" lon="-5.301731">
        <ele>751.4</ele>
      </trkpt>
      <trkpt lat="36.537037" lon="-5.301714">
        <ele>754.6</ele>
      </trkpt>
      <trkpt lat="36.537641" lon="-5.301414">
        <ele>761.2</ele>
      </trkpt>
      <trkpt lat="36.538115" lon="-5.301273">
        <ele>766.1</ele>
      </trkpt>
      <trkpt lat="36.538738" lon="-5.301225">
        <ele>771.6</ele>
      </trkpt>
      <trkpt lat="36.539013" lon="-5.301326">
        <ele>774.1</ele>
      </trkpt>
      <trkpt lat="36.539316" lon="-5.301676">
        <ele>775.6</ele>
      </trkpt>
      <trkpt lat="36.539780" lon="-5.302190">
        <ele>781.1</ele>
      </trkpt>
      <trkpt lat="36.539946" lon="-5.302353">
        <ele>783.4</ele>
      </trkpt>
      <trkpt lat="36.540074" lon="-5.302442">
        <ele>785.1</ele>
      </trkpt>
      <trkpt lat="36.540188" lon="-5.302500">
        <ele>785</ele>
      </trkpt>
      <trkpt lat="36.540352" lon="-5.302569">
        <ele>785.2</ele>
      </trkpt>
      <trkpt lat="36.540541" lon="-5.302639">
        <ele>786.7</ele>
      </trkpt>
      <trkpt lat="36.540838" lon="-5.302733">
        <ele>789.7</ele>
      </trkpt>
      <trkpt lat="36.541079" lon="-5.302773">
        <ele>790.9</ele>
      </trkpt>
      <trkpt lat="36.541433" lon="-5.302704">
        <ele>792.5</ele>
      </trkpt>
      <trkpt lat="36.541804" lon="-5.302447">
        <ele>793.9</ele>
      </trkpt>
      <trkpt lat="36.543122" lon="-5.300649">
        <ele>791</ele>
      </trkpt>
      <trkpt lat="36.543159" lon="-5.300605">
        <ele>790.9</ele>
      </trkpt>
      <trkpt lat="36.543565" lon="-5.300121">
        <ele>789.8</ele>
      </trkpt>
      <trkpt lat="36.544182" lon="-5.299692">
        <ele>790.2</ele>
      </trkpt>
      <trkpt lat="36.545714" lon="-5.299186">
        <ele>788.1</ele>
      </trkpt>
      <trkpt lat="36.546609" lon="-5.298488">
        <ele>786</ele>
      </trkpt>
      <trkpt lat="36.546847" lon="-5.298385">
        <ele>786.4</ele>
      </trkpt>
      <trkpt lat="36.547037" lon="-5.298344">
        <ele>786.6</ele>
      </trkpt>
      <trkpt lat="36.547217" lon="-5.298307">
        <ele>787.5</ele>
      </trkpt>
      <trkpt lat="36.547406" lon="-5.298297">
        <ele>787.5</ele>
      </trkpt>
      <trkpt lat="36.547669" lon="-5.298337">
        <ele>787.5</ele>
      </trkpt>
      <trkpt lat="36.547916" lon="-5.298373">
        <ele>786.9</ele>
      </trkpt>
      <trkpt lat="36.548023" lon="-5.298378">
        <ele>787</ele>
      </trkpt>
      <trkpt lat="36.548091" lon="-5.298375">
        <ele>787.5</ele>
      </trkpt>
      <trkpt lat="36.548193" lon="-5.298369">
        <ele>788.6</ele>
      </trkpt>
      <trkpt lat="36.548273" lon="-5.298353">
        <ele>789.5</ele>
      </trkpt>
      <trkpt lat="36.548345" lon="-5.298323">
        <ele>790.2</ele>
      </trkpt>
      <trkpt lat="36.548393" lon="-5.298291">
        <ele>791.2</ele>
      </trkpt>
      <trkpt lat="36.548441" lon="-5.298272">
        <ele>792.3</ele>
      </trkpt>
      <trkpt lat="36.548492" lon="-5.298223">
        <ele>792.9</ele>
      </trkpt>
      <trkpt lat="36.548611" lon="-5.298051">
        <ele>791.9</ele>
      </trkpt>
      <trkpt lat="36.548697" lon="-5.297890">
        <ele>794.5</ele>
      </trkpt>
      <trkpt lat="36.548797" lon="-5.297608">
        <ele>792.6</ele>
      </trkpt>
      <trkpt lat="36.548878" lon="-5.297437">
        <ele>792.3</ele>
      </trkpt>
      <trkpt lat="36.549026" lon="-5.297231">
        <ele>793.2</ele>
      </trkpt>
      <trkpt lat="36.549235" lon="-5.297034">
        <ele>795.4</ele>
      </trkpt>
      <trkpt lat="36.549349" lon="-5.296874">
        <ele>796</ele>
      </trkpt>
      <trkpt lat="36.549422" lon="-5.296704">
        <ele>794.9</ele>
      </trkpt>
      <trkpt lat="36.549537" lon="-5.296284">
        <ele>796.5</ele>
      </trkpt>
      <trkpt lat="36.549606" lon="-5.296109">
        <ele>795.9</ele>
      </trkpt>
      <trkpt lat="36.549733" lon="-5.295936">
        <ele>797.1</ele>
      </trkpt>
      <trkpt lat="36.550007" lon="-5.295634">
        <ele>798.3</ele>
      </trkpt>
      <trkpt lat="36.550140" lon="-5.295453">
        <ele>800.4</ele>
      </trkpt>
      <trkpt lat="36.550393" lon="-5.295042">
        <ele>801.5</ele>
      </trkpt>
      <trkpt lat="36.550917" lon="-5.294456">
        <ele>807</ele>
      </trkpt>
      <trkpt lat="36.552011" lon="-5.292926">
        <ele>811.8</ele>
      </trkpt>
      <trkpt lat="36.552175" lon="-5.292783">
        <ele>812.8</ele>
      </trkpt>
      <trkpt lat="36.552511" lon="-5.292555">
        <ele>816.7</ele>
      </trkpt>
      <trkpt lat="36.552796" lon="-5.292170">
        <ele>819.8</ele>
      </trkpt>
      <trkpt lat="36.552955" lon="-5.292029">
        <ele>823.2</ele>
      </trkpt>
      <trkpt lat="36.553143" lon="-5.291936">
        <ele>822.3</ele>
      </trkpt>
      <trkpt lat="36.553732" lon="-5.291743">
        <ele>827.8</ele>
      </trkpt>
      <trkpt lat="36.554009" lon="-5.291685">
        <ele>829.3</ele>
      </trkpt>
      <trkpt lat="36.554883" lon="-5.291659">
        <ele>828.5</ele>
      </trkpt>
      <trkpt lat="36.555708" lon="-5.291637">
        <ele>828.7</ele>
      </trkpt>
      <trkpt lat="36.556158" lon="-5.291626">
        <ele>830.3</ele>
      </trkpt>
      <trkpt lat="36.556450" lon="-5.291619">
        <ele>833.6</ele>
      </trkpt>
      <trkpt lat="36.556557" lon="-5.291593">
        <ele>834.7</ele>
      </trkpt>
      <trkpt lat="36.556648" lon="-5.291562">
        <ele>835.8</ele>
      </trkpt>
      <trkpt lat="36.556730" lon="-5.291510">
        <ele>835.9</ele>
      </trkpt>
      <trkpt lat="36.556808" lon="-5.291436">
        <ele>836.5</ele>
      </trkpt>
      <trkpt lat="36.556881" lon="-5.291349">
        <ele>837.3</ele>
      </trkpt>
      <trkpt lat="36.556944" lon="-5.291247">
        <ele>837</ele>
      </trkpt>
      <trkpt lat="36.556995" lon="-5.291141">
        <ele>835.5</ele>
      </trkpt>
      <trkpt lat="36.557056" lon="-5.290995">
        <ele>837.1</ele>
      </trkpt>
      <trkpt lat="36.557137" lon="-5.290831">
        <ele>839.4</ele>
      </trkpt>
      <trkpt lat="36.557220" lon="-5.290710">
        <ele>838.8</ele>
      </trkpt>
      <trkpt lat="36.557305" lon="-5.290619">
        <ele>839.9</ele>
      </trkpt>
      <trkpt lat="36.557442" lon="-5.290486">
        <ele>842.8</ele>
      </trkpt>
      <trkpt lat="36.557539" lon="-5.290392">
        <ele>843</ele>
      </trkpt>
      <trkpt lat="36.557623" lon="-5.290294">
        <ele>843</ele>
      </trkpt>
      <trkpt lat="36.557685" lon="-5.290204">
        <ele>843.5</ele>
      </trkpt>
      <trkpt lat="36.557728" lon="-5.290122">
        <ele>843.6</ele>
      </trkpt>
      <trkpt lat="36.557971" lon="-5.289600">
        <ele>843.8</ele>
      </trkpt>
      <trkpt lat="36.557994" lon="-5.289522">
        <ele>844.7</ele>
      </trkpt>
      <trkpt lat="36.558105" lon="-5.289307">
        <ele>845.5</ele>
      </trkpt>
      <trkpt lat="36.558227" lon="-5.289113">
        <ele>846.6</ele>
      </trkpt>
      <trkpt lat="36.558405" lon="-5.288897">
        <ele>845.1</ele>
      </trkpt>
      <trkpt lat="36.558601" lon="-5.288690">
        <ele>843.8</ele>
      </trkpt>
      <trkpt lat="36.558793" lon="-5.288530">
        <ele>841.6</ele>
      </trkpt>
      <trkpt lat="36.558942" lon="-5.288427">
        <ele>841.1</ele>
      </trkpt>
      <trkpt lat="36.559227" lon="-5.288240">
        <ele>836.9</ele>
      </trkpt>
      <trkpt lat="36.559279" lon="-5.288221">
        <ele>837.1</ele>
      </trkpt>
      <trkpt lat="36.559404" lon="-5.288136">
        <ele>836.3</ele>
      </trkpt>
      <trkpt lat="36.559836" lon="-5.287822">
        <ele>834.6</ele>
      </trkpt>
      <trkpt lat="36.560029" lon="-5.287692">
        <ele>833.9</ele>
      </trkpt>
      <trkpt lat="36.560298" lon="-5.287543">
        <ele>835</ele>
      </trkpt>
      <trkpt lat="36.560645" lon="-5.287395">
        <ele>835.3</ele>
      </trkpt>
      <trkpt lat="36.560763" lon="-5.287336">
        <ele>835.5</ele>
      </trkpt>
      <trkpt lat="36.560888" lon="-5.287264">
        <ele>835</ele>
      </trkpt>
      <trkpt lat="36.561039" lon="-5.287154">
        <ele>834.2</ele>
      </trkpt>
      <trkpt lat="36.561179" lon="-5.287002">
        <ele>833.7</ele>
      </trkpt>
      <trkpt lat="36.561610" lon="-5.286490">
        <ele>828.8</ele>
      </trkpt>
      <trkpt lat="36.561669" lon="-5.286401">
        <ele>827.6</ele>
      </trkpt>
      <trkpt lat="36.561709" lon="-5.286309">
        <ele>828.1</ele>
      </trkpt>
      <trkpt lat="36.561785" lon="-5.286065">
        <ele>827.1</ele>
      </trkpt>
      <trkpt lat="36.561878" lon="-5.285768">
        <ele>823.8</ele>
      </trkpt>
      <trkpt lat="36.561938" lon="-5.285597">
        <ele>822.7</ele>
      </trkpt>
      <trkpt lat="36.562004" lon="-5.285454">
        <ele>821.5</ele>
      </trkpt>
      <trkpt lat="36.562093" lon="-5.285302">
        <ele>820.1</ele>
      </trkpt>
      <trkpt lat="36.562410" lon="-5.284875">
        <ele>818.8</ele>
      </trkpt>
      <trkpt lat="36.562502" lon="-5.284756">
        <ele>817.4</ele>
      </trkpt>
      <trkpt lat="36.562552" lon="-5.284653">
        <ele>815.5</ele>
      </trkpt>
      <trkpt lat="36.562584" lon="-5.284545">
        <ele>813.4</ele>
      </trkpt>
      <trkpt lat="36.562606" lon="-5.284410">
        <ele>810.9</ele>
      </trkpt>
      <trkpt lat="36.562620" lon="-5.284175">
        <ele>809.3</ele>
      </trkpt>
      <trkpt lat="36.562637" lon="-5.284053">
        <ele>810.1</ele>
      </trkpt>
      <trkpt lat="36.562662" lon="-5.283940">
        <ele>811.3</ele>
      </trkpt>
      <trkpt lat="36.562701" lon="-5.283861">
        <ele>812.7</ele>
      </trkpt>
      <trkpt lat="36.562749" lon="-5.283786">
        <ele>813.5</ele>
      </trkpt>
      <trkpt lat="36.562817" lon="-5.283713">
        <ele>813.7</ele>
      </trkpt>
      <trkpt lat="36.562885" lon="-5.283669">
        <ele>812.6</ele>
      </trkpt>
      <trkpt lat="36.562975" lon="-5.283640">
        <ele>811.2</ele>
      </trkpt>
      <trkpt lat="36.563102" lon="-5.283628">
        <ele>808.7</ele>
      </trkpt>
      <trkpt lat="36.563164" lon="-5.283630">
        <ele>807.2</ele>
      </trkpt>
      <trkpt lat="36.563389" lon="-5.283695">
        <ele>803.7</ele>
      </trkpt>
      <trkpt lat="36.563495" lon="-5.283719">
        <ele>802.1</ele>
      </trkpt>
      <trkpt lat="36.563605" lon="-5.283728">
        <ele>800</ele>
      </trkpt>
      <trkpt lat="36.563706" lon="-5.283695">
        <ele>801.6</ele>
      </trkpt>
      <trkpt lat="36.563776" lon="-5.283660">
        <ele>802.9</ele>
      </trkpt>
      <trkpt lat="36.563847" lon="-5.283595">
        <ele>803.7</ele>
      </trkpt>
      <trkpt lat="36.563909" lon="-5.283514">
        <ele>804.5</ele>
      </trkpt>
      <trkpt lat="36.563972" lon="-5.283383">
        <ele>804.5</ele>
      </trkpt>
      <trkpt lat="36.564065" lon="-5.283131">
        <ele>803.9</ele>
      </trkpt>
      <trkpt lat="36.564145" lon="-5.282960">
        <ele>803.5</ele>
      </trkpt>
      <trkpt lat="36.564227" lon="-5.282844">
        <ele>803.2</ele>
      </trkpt>
      <trkpt lat="36.564332" lon="-5.282748">
        <ele>802.8</ele>
      </trkpt>
      <trkpt lat="36.564439" lon="-5.282700">
        <ele>804.7</ele>
      </trkpt>
      <trkpt lat="36.564542" lon="-5.282692">
        <ele>803.7</ele>
      </trkpt>
      <trkpt lat="36.564637" lon="-5.282703">
        <ele>802.6</ele>
      </trkpt>
      <trkpt lat="36.564740" lon="-5.282753">
        <ele>800.8</ele>
      </trkpt>
      <trkpt lat="36.564792" lon="-5.282811">
        <ele>799.9</ele>
      </trkpt>
      <trkpt lat="36.564854" lon="-5.282880">
        <ele>799.1</ele>
      </trkpt>
      <trkpt lat="36.564920" lon="-5.282985">
        <ele>798.1</ele>
      </trkpt>
      <trkpt lat="36.564969" lon="-5.283109">
        <ele>797.5</ele>
      </trkpt>
      <trkpt lat="36.565050" lon="-5.283353">
        <ele>795.8</ele>
      </trkpt>
      <trkpt lat="36.565096" lon="-5.283474">
        <ele>796.7</ele>
      </trkpt>
      <trkpt lat="36.565160" lon="-5.283569">
        <ele>796.3</ele>
      </trkpt>
      <trkpt lat="36.565250" lon="-5.283655">
        <ele>795.5</ele>
      </trkpt>
      <trkpt lat="36.565335" lon="-5.283718">
        <ele>795.5</ele>
      </trkpt>
      <trkpt lat="36.565454" lon="-5.283746">
        <ele>793.1</ele>
      </trkpt>
      <trkpt lat="36.565578" lon="-5.283742">
        <ele>789.7</ele>
      </trkpt>
      <trkpt lat="36.565794" lon="-5.283707">
        <ele>789.5</ele>
      </trkpt>
      <trkpt lat="36.565928" lon="-5.283713">
        <ele>788.7</ele>
      </trkpt>
      <trkpt lat="36.566062" lon="-5.283750">
        <ele>787.9</ele>
      </trkpt>
      <trkpt lat="36.566208" lon="-5.283822">
        <ele>786.5</ele>
      </trkpt>
      <trkpt lat="36.566364" lon="-5.283870">
        <ele>784.6</ele>
      </trkpt>
      <trkpt lat="36.566518" lon="-5.283880">
        <ele>785.5</ele>
      </trkpt>
      <trkpt lat="36.566674" lon="-5.283829">
        <ele>783.9</ele>
      </trkpt>
      <trkpt lat="36.566903" lon="-5.283703">
        <ele>784.5</ele>
      </trkpt>
      <trkpt lat="36.567005" lon="-5.283663">
        <ele>782.2</ele>
      </trkpt>
      <trkpt lat="36.567101" lon="-5.283667">
        <ele>781.2</ele>
      </trkpt>
      <trkpt lat="36.567193" lon="-5.283692">
        <ele>781.2</ele>
      </trkpt>
      <trkpt lat="36.567387" lon="-5.283780">
        <ele>776.8</ele>
      </trkpt>
      <trkpt lat="36.567472" lon="-5.283805">
        <ele>773.8</ele>
      </trkpt>
      <trkpt lat="36.567548" lon="-5.283807">
        <ele>773.8</ele>
      </trkpt>
      <trkpt lat="36.567633" lon="-5.283790">
        <ele>775.6</ele>
      </trkpt>
      <trkpt lat="36.567703" lon="-5.283750">
        <ele>775.8</ele>
      </trkpt>
      <trkpt lat="36.567770" lon="-5.283690">
        <ele>775.2</ele>
      </trkpt>
      <trkpt lat="36.567844" lon="-5.283589">
        <ele>773.7</ele>
      </trkpt>
      <trkpt lat="36.567930" lon="-5.283452">
        <ele>770.9</ele>
      </trkpt>
      <trkpt lat="36.568024" lon="-5.283310">
        <ele>769.4</ele>
      </trkpt>
      <trkpt lat="36.568112" lon="-5.283208">
        <ele>769.6</ele>
      </trkpt>
      <trkpt lat="36.568202" lon="-5.283141">
        <ele>769.3</ele>
      </trkpt>
      <trkpt lat="36.568317" lon="-5.283082">
        <ele>768.6</ele>
      </trkpt>
      <trkpt lat="36.568536" lon="-5.283000">
        <ele>765.8</ele>
      </trkpt>
      <trkpt lat="36.568645" lon="-5.282937">
        <ele>764.9</ele>
      </trkpt>
      <trkpt lat="36.568725" lon="-5.282865">
        <ele>764.8</ele>
      </trkpt>
      <trkpt lat="36.568806" lon="-5.282738">
        <ele>762.6</ele>
      </trkpt>
      <trkpt lat="36.568988" lon="-5.282393">
        <ele>760</ele>
      </trkpt>
      <trkpt lat="36.569112" lon="-5.282176">
        <ele>757.1</ele>
      </trkpt>
      <trkpt lat="36.569209" lon="-5.282062">
        <ele>756.5</ele>
      </trkpt>
      <trkpt lat="36.569311" lon="-5.281975">
        <ele>754.7</ele>
      </trkpt>
      <trkpt lat="36.569507" lon="-5.281878">
        <ele>752.9</ele>
      </trkpt>
      <trkpt lat="36.569616" lon="-5.281817">
        <ele>751.4</ele>
      </trkpt>
      <trkpt lat="36.569694" lon="-5.281754">
        <ele>750.6</ele>
      </trkpt>
      <trkpt lat="36.569760" lon="-5.281662">
        <ele>751.4</ele>
      </trkpt>
      <trkpt lat="36.569885" lon="-5.281297">
        <ele>747.7</ele>
      </trkpt>
      <trkpt lat="36.569986" lon="-5.281051">
        <ele>744.3</ele>
      </trkpt>
      <trkpt lat="36.570120" lon="-5.280830">
        <ele>743.5</ele>
      </trkpt>
      <trkpt lat="36.570326" lon="-5.280570">
        <ele>742.6</ele>
      </trkpt>
      <trkpt lat="36.570618" lon="-5.280251">
        <ele>738.9</ele>
      </trkpt>
      <trkpt lat="36.570815" lon="-5.280057">
        <ele>736.2</ele>
      </trkpt>
      <trkpt lat="36.570939" lon="-5.279954">
        <ele>734.3</ele>
      </trkpt>
      <trkpt lat="36.571034" lon="-5.279909">
        <ele>734.3</ele>
      </trkpt>
      <trkpt lat="36.571223" lon="-5.279848">
        <ele>734.5</ele>
      </trkpt>
      <trkpt lat="36.571303" lon="-5.279805">
        <ele>733.9</ele>
      </trkpt>
      <trkpt lat="36.571680" lon="-5.279346">
        <ele>729.5</ele>
      </trkpt>
      <trkpt lat="36.571715" lon="-5.279269">
        <ele>729</ele>
      </trkpt>
      <trkpt lat="36.571747" lon="-5.279153">
        <ele>728</ele>
      </trkpt>
      <trkpt lat="36.571770" lon="-5.278860">
        <ele>725.9</ele>
      </trkpt>
      <trkpt lat="36.571778" lon="-5.278749">
        <ele>723.8</ele>
      </trkpt>
      <trkpt lat="36.571804" lon="-5.278646">
        <ele>722.4</ele>
      </trkpt>
      <trkpt lat="36.571846" lon="-5.278570">
        <ele>721.7</ele>
      </trkpt>
      <trkpt lat="36.571924" lon="-5.278502">
        <ele>721.7</ele>
      </trkpt>
      <trkpt lat="36.572169" lon="-5.278395">
        <ele>720</ele>
      </trkpt>
      <trkpt lat="36.572254" lon="-5.278350">
        <ele>719.1</ele>
      </trkpt>
      <trkpt lat="36.572314" lon="-5.278295">
        <ele>719.5</ele>
      </trkpt>
      <trkpt lat="36.572420" lon="-5.278115">
        <ele>718.5</ele>
      </trkpt>
      <trkpt lat="36.572505" lon="-5.277944">
        <ele>717.3</ele>
      </trkpt>
      <trkpt lat="36.572707" lon="-5.277618">
        <ele>721.4</ele>
      </trkpt>
      <trkpt lat="36.573054" lon="-5.277333">
        <ele>727.7</ele>
      </trkpt>
      <trkpt lat="36.573190" lon="-5.277035">
        <ele>722.7</ele>
      </trkpt>
      <trkpt lat="36.573285" lon="-5.276794">
        <ele>720.8</ele>
      </trkpt>
      <trkpt lat="36.573315" lon="-5.276723">
        <ele>720.5</ele>
      </trkpt>
      <trkpt lat="36.573402" lon="-5.276480">
        <ele>719.1</ele>
      </trkpt>
      <trkpt lat="36.573429" lon="-5.276410">
        <ele>718.6</ele>
      </trkpt>
      <trkpt lat="36.573534" lon="-5.276216">
        <ele>720.5</ele>
      </trkpt>
      <trkpt lat="36.573597" lon="-5.276097">
        <ele>721.4</ele>
      </trkpt>
      <trkpt lat="36.573647" lon="-5.276002">
        <ele>723.5</ele>
      </trkpt>
      <trkpt lat="36.573681" lon="-5.275828">
        <ele>723.9</ele>
      </trkpt>
      <trkpt lat="36.573775" lon="-5.275698">
        <ele>725.4</ele>
      </trkpt>
      <trkpt lat="36.573798" lon="-5.275640">
        <ele>725.4</ele>
      </trkpt>
      <trkpt lat="36.573867" lon="-5.275472">
        <ele>725.6</ele>
      </trkpt>
      <trkpt lat="36.573928" lon="-5.275323">
        <ele>724.4</ele>
      </trkpt>
      <trkpt lat="36.573976" lon="-5.275332">
        <ele>725.3</ele>
      </trkpt>
      <trkpt lat="36.574016" lon="-5.275237">
        <ele>724.3</ele>
      </trkpt>
      <trkpt lat="36.574083" lon="-5.275090">
        <ele>722.6</ele>
      </trkpt>
      <trkpt lat="36.574173" lon="-5.275163">
        <ele>724.2</ele>
      </trkpt>
      <trkpt lat="36.574239" lon="-5.275316">
        <ele>725</ele>
      </trkpt>
      <trkpt lat="36.574317" lon="-5.275425">
        <ele>726.3</ele>
      </trkpt>
      <trkpt lat="36.574424" lon="-5.275579">
        <ele>730.8</ele>
      </trkpt>
      <trkpt lat="36.574444" lon="-5.275632">
        <ele>731.7</ele>
      </trkpt>
      <trkpt lat="36.574426" lon="-5.275674">
        <ele>733</ele>
      </trkpt>
      <trkpt lat="36.574518" lon="-5.275744">
        <ele>732.2</ele>
      </trkpt>
      <trkpt lat="36.574590" lon="-5.275786">
        <ele>732.1</ele>
      </trkpt>
      <trkpt lat="36.574625" lon="-5.275799">
        <ele>731.9</ele>
      </trkpt>
      <trkpt lat="36.574678" lon="-5.275807">
        <ele>731.4</ele>
      </trkpt>
      <trkpt lat="36.574733" lon="-5.275808">
        <ele>731.2</ele>
      </trkpt>
      <trkpt lat="36.574785" lon="-5.275789">
        <ele>732.8</ele>
      </trkpt>
      <trkpt lat="36.574846" lon="-5.275751">
        <ele>734.1</ele>
      </trkpt>
      <trkpt lat="36.574902" lon="-5.275699">
        <ele>734.4</ele>
      </trkpt>
      <trkpt lat="36.574997" lon="-5.275574">
        <ele>733.7</ele>
      </trkpt>
      <trkpt lat="36.575171" lon="-5.275283">
        <ele>734.1</ele>
      </trkpt>
      <trkpt lat="36.575265" lon="-5.275193">
        <ele>735.9</ele>
      </trkpt>
      <trkpt lat="36.575325" lon="-5.275153">
        <ele>736.8</ele>
      </trkpt>
      <trkpt lat="36.575472" lon="-5.275084">
        <ele>738.5</ele>
      </trkpt>
      <trkpt lat="36.575976" lon="-5.275042">
        <ele>743.2</ele>
      </trkpt>
      <trkpt lat="36.576202" lon="-5.275006">
        <ele>746</ele>
      </trkpt>
      <trkpt lat="36.576313" lon="-5.274898">
        <ele>744.8</ele>
      </trkpt>
      <trkpt lat="36.576413" lon="-5.274802">
        <ele>745.5</ele>
      </trkpt>
      <trkpt lat="36.576637" lon="-5.274662">
        <ele>747.6</ele>
      </trkpt>
      <trkpt lat="36.577282" lon="-5.274732">
        <ele>751.6</ele>
      </trkpt>
      <trkpt lat="36.577515" lon="-5.274865">
        <ele>756.5</ele>
      </trkpt>
      <trkpt lat="36.577678" lon="-5.275122">
        <ele>757.3</ele>
      </trkpt>
      <trkpt lat="36.577890" lon="-5.275743">
        <ele>761.8</ele>
      </trkpt>
      <trkpt lat="36.578188" lon="-5.276277">
        <ele>765.9</ele>
      </trkpt>
      <trkpt lat="36.578296" lon="-5.276606">
        <ele>767.6</ele>
      </trkpt>
      <trkpt lat="36.578371" lon="-5.276955">
        <ele>767.7</ele>
      </trkpt>
      <trkpt lat="36.578419" lon="-5.277097">
        <ele>771.2</ele>
      </trkpt>
      <trkpt lat="36.578476" lon="-5.277205">
        <ele>772.6</ele>
      </trkpt>
      <trkpt lat="36.578551" lon="-5.277302">
        <ele>771.8</ele>
      </trkpt>
      <trkpt lat="36.578638" lon="-5.277368">
        <ele>770.7</ele>
      </trkpt>
      <trkpt lat="36.578716" lon="-5.277410">
        <ele>770.9</ele>
      </trkpt>
      <trkpt lat="36.578812" lon="-5.277439">
        <ele>770.7</ele>
      </trkpt>
      <trkpt lat="36.579041" lon="-5.277478">
        <ele>772.2</ele>
      </trkpt>
      <trkpt lat="36.579144" lon="-5.277513">
        <ele>774.6</ele>
      </trkpt>
      <trkpt lat="36.579240" lon="-5.277576">
        <ele>774.6</ele>
      </trkpt>
      <trkpt lat="36.579309" lon="-5.277653">
        <ele>774.9</ele>
      </trkpt>
      <trkpt lat="36.579373" lon="-5.277754">
        <ele>775.9</ele>
      </trkpt>
      <trkpt lat="36.579432" lon="-5.277883">
        <ele>775.5</ele>
      </trkpt>
      <trkpt lat="36.579556" lon="-5.278265">
        <ele>777.4</ele>
      </trkpt>
      <trkpt lat="36.579615" lon="-5.278396">
        <ele>778.3</ele>
      </trkpt>
      <trkpt lat="36.579677" lon="-5.278498">
        <ele>778.6</ele>
      </trkpt>
      <trkpt lat="36.579750" lon="-5.278589">
        <ele>779.1</ele>
      </trkpt>
      <trkpt lat="36.579825" lon="-5.278655">
        <ele>780.3</ele>
      </trkpt>
      <trkpt lat="36.579910" lon="-5.278710">
        <ele>780.8</ele>
      </trkpt>
      <trkpt lat="36.580003" lon="-5.278747">
        <ele>780.4</ele>
      </trkpt>
      <trkpt lat="36.580099" lon="-5.278774">
        <ele>781.4</ele>
      </trkpt>
      <trkpt lat="36.580194" lon="-5.278783">
        <ele>781.9</ele>
      </trkpt>
      <trkpt lat="36.580285" lon="-5.278778">
        <ele>782.1</ele>
      </trkpt>
      <trkpt lat="36.580408" lon="-5.278754">
        <ele>782.8</ele>
      </trkpt>
      <trkpt lat="36.580611" lon="-5.278697">
        <ele>783</ele>
      </trkpt>
      <trkpt lat="36.582604" lon="-5.278138">
        <ele>787.7</ele>
      </trkpt>
      <trkpt lat="36.582729" lon="-5.278125">
        <ele>787.9</ele>
      </trkpt>
      <trkpt lat="36.582840" lon="-5.278121">
        <ele>787.5</ele>
      </trkpt>
      <trkpt lat="36.582944" lon="-5.278132">
        <ele>787.1</ele>
      </trkpt>
      <trkpt lat="36.583067" lon="-5.278165">
        <ele>786.9</ele>
      </trkpt>
      <trkpt lat="36.583185" lon="-5.278212">
        <ele>786.6</ele>
      </trkpt>
      <trkpt lat="36.583290" lon="-5.278279">
        <ele>786.1</ele>
      </trkpt>
      <trkpt lat="36.583408" lon="-5.278376">
        <ele>784.8</ele>
      </trkpt>
      <trkpt lat="36.583536" lon="-5.278522">
        <ele>783.7</ele>
      </trkpt>
      <trkpt lat="36.583990" lon="-5.279151">
        <ele>784.6</ele>
      </trkpt>
      <trkpt lat="36.584123" lon="-5.279306">
        <ele>783.4</ele>
      </trkpt>
      <trkpt lat="36.584284" lon="-5.279464">
        <ele>783.6</ele>
      </trkpt>
      <trkpt lat="36.584421" lon="-5.279579">
        <ele>784.7</ele>
      </trkpt>
      <trkpt lat="36.584577" lon="-5.279690">
        <ele>785.5</ele>
      </trkpt>
      <trkpt lat="36.584780" lon="-5.279798">
        <ele>786.2</ele>
      </trkpt>
      <trkpt lat="36.584934" lon="-5.279865">
        <ele>787</ele>
      </trkpt>
      <trkpt lat="36.585013" lon="-5.279893">
        <ele>787.3</ele>
      </trkpt>
      <trkpt lat="36.585154" lon="-5.279932">
        <ele>788.1</ele>
      </trkpt>
      <trkpt lat="36.585357" lon="-5.279968">
        <ele>789.3</ele>
      </trkpt>
      <trkpt lat="36.585491" lon="-5.279982">
        <ele>790.4</ele>
      </trkpt>
      <trkpt lat="36.585745" lon="-5.279996">
        <ele>790.9</ele>
      </trkpt>
      <trkpt lat="36.587180" lon="-5.279966">
        <ele>796.2</ele>
      </trkpt>
      <trkpt lat="36.587648" lon="-5.279892">
        <ele>796.9</ele>
      </trkpt>
      <trkpt lat="36.588270" lon="-5.279433">
        <ele>802.1</ele>
      </trkpt>
      <trkpt lat="36.588868" lon="-5.278515">
        <ele>806.4</ele>
      </trkpt>
      <trkpt lat="36.589184" lon="-5.278169">
        <ele>806.1</ele>
      </trkpt>
      <trkpt lat="36.589990" lon="-5.277770">
        <ele>811.6</ele>
      </trkpt>
      <trkpt lat="36.590867" lon="-5.277180">
        <ele>818.3</ele>
      </trkpt>
      <trkpt lat="36.591377" lon="-5.276702">
        <ele>821.7</ele>
      </trkpt>
      <trkpt lat="36.591656" lon="-5.276042">
        <ele>822.9</ele>
      </trkpt>
      <trkpt lat="36.591945" lon="-5.275805">
        <ele>823.4</ele>
      </trkpt>
      <trkpt lat="36.592958" lon="-5.275232">
        <ele>826.6</ele>
      </trkpt>
      <trkpt lat="36.593163" lon="-5.274885">
        <ele>829.6</ele>
      </trkpt>
      <trkpt lat="36.593265" lon="-5.274339">
        <ele>828.3</ele>
      </trkpt>
      <trkpt lat="36.593306" lon="-5.274183">
        <ele>828.4</ele>
      </trkpt>
      <trkpt lat="36.593361" lon="-5.274031">
        <ele>829.5</ele>
      </trkpt>
      <trkpt lat="36.593440" lon="-5.273896">
        <ele>831.1</ele>
      </trkpt>
      <trkpt lat="36.593548" lon="-5.273746">
        <ele>829.7</ele>
      </trkpt>
      <trkpt lat="36.593656" lon="-5.273614">
        <ele>829.2</ele>
      </trkpt>
      <trkpt lat="36.593813" lon="-5.273471">
        <ele>829</ele>
      </trkpt>
      <trkpt lat="36.594401" lon="-5.273001">
        <ele>824.4</ele>
      </trkpt>
      <trkpt lat="36.594443" lon="-5.272951">
        <ele>823.9</ele>
      </trkpt>
      <trkpt lat="36.594671" lon="-5.272788">
        <ele>823.4</ele>
      </trkpt>
      <trkpt lat="36.594772" lon="-5.272737">
        <ele>824.4</ele>
      </trkpt>
      <trkpt lat="36.594885" lon="-5.272694">
        <ele>824.5</ele>
      </trkpt>
      <trkpt lat="36.595012" lon="-5.272663">
        <ele>824</ele>
      </trkpt>
      <trkpt lat="36.595172" lon="-5.272641">
        <ele>820.7</ele>
      </trkpt>
      <trkpt lat="36.595291" lon="-5.272649">
        <ele>818.9</ele>
      </trkpt>
      <trkpt lat="36.595570" lon="-5.272709">
        <ele>820.9</ele>
      </trkpt>
      <trkpt lat="36.595627" lon="-5.272737">
        <ele>821.7</ele>
      </trkpt>
      <trkpt lat="36.595982" lon="-5.272812">
        <ele>822.3</ele>
      </trkpt>
      <trkpt lat="36.596092" lon="-5.272820">
        <ele>821.7</ele>
      </trkpt>
      <trkpt lat="36.596183" lon="-5.272808">
        <ele>820.8</ele>
      </trkpt>
      <trkpt lat="36.596259" lon="-5.272779">
        <ele>819.5</ele>
      </trkpt>
      <trkpt lat="36.596329" lon="-5.272736">
        <ele>818</ele>
      </trkpt>
      <trkpt lat="36.596406" lon="-5.272661">
        <ele>816.7</ele>
      </trkpt>
      <trkpt lat="36.596841" lon="-5.272114">
        <ele>818.8</ele>
      </trkpt>
      <trkpt lat="36.597020" lon="-5.271915">
        <ele>816</ele>
      </trkpt>
      <trkpt lat="36.597140" lon="-5.271810">
        <ele>815.4</ele>
      </trkpt>
      <trkpt lat="36.597245" lon="-5.271739">
        <ele>814.7</ele>
      </trkpt>
      <trkpt lat="36.597352" lon="-5.271691">
        <ele>813.1</ele>
      </trkpt>
      <trkpt lat="36.597459" lon="-5.271667">
        <ele>812</ele>
      </trkpt>
      <trkpt lat="36.597573" lon="-5.271664">
        <ele>811.4</ele>
      </trkpt>
      <trkpt lat="36.597684" lon="-5.271680">
        <ele>811.2</ele>
      </trkpt>
      <trkpt lat="36.597793" lon="-5.271718">
        <ele>811.1</ele>
      </trkpt>
      <trkpt lat="36.598116" lon="-5.271835">
        <ele>807.2</ele>
      </trkpt>
      <trkpt lat="36.598393" lon="-5.271842">
        <ele>806.7</ele>
      </trkpt>
      <trkpt lat="36.598892" lon="-5.271503">
        <ele>805.1</ele>
      </trkpt>
      <trkpt lat="36.599557" lon="-5.271237">
        <ele>799</ele>
      </trkpt>
      <trkpt lat="36.600022" lon="-5.270663">
        <ele>797</ele>
      </trkpt>
      <trkpt lat="36.600105" lon="-5.270248">
        <ele>795.1</ele>
      </trkpt>
      <trkpt lat="36.600120" lon="-5.269870">
        <ele>798.6</ele>
      </trkpt>
      <trkpt lat="36.600006" lon="-5.269504">
        <ele>788.4</ele>
      </trkpt>
      <trkpt lat="36.599729" lon="-5.269144">
        <ele>786.3</ele>
      </trkpt>
      <trkpt lat="36.599674" lon="-5.268807">
        <ele>783.8</ele>
      </trkpt>
      <trkpt lat="36.599754" lon="-5.268522">
        <ele>781.4</ele>
      </trkpt>
      <trkpt lat="36.600073" lon="-5.268087">
        <ele>776.4</ele>
      </trkpt>
      <trkpt lat="36.600334" lon="-5.268064">
        <ele>777.6</ele>
      </trkpt>
      <trkpt lat="36.600807" lon="-5.268270">
        <ele>770.4</ele>
      </trkpt>
      <trkpt lat="36.601006" lon="-5.268286">
        <ele>771.6</ele>
      </trkpt>
      <trkpt lat="36.601185" lon="-5.268183">
        <ele>773.1</ele>
      </trkpt>
      <trkpt lat="36.601491" lon="-5.267848">
        <ele>768.6</ele>
      </trkpt>
      <trkpt lat="36.601803" lon="-5.267557">
        <ele>768</ele>
      </trkpt>
      <trkpt lat="36.602157" lon="-5.267160">
        <ele>758.8</ele>
      </trkpt>
      <trkpt lat="36.602455" lon="-5.267013">
        <ele>760.5</ele>
      </trkpt>
      <trkpt lat="36.602759" lon="-5.266961">
        <ele>758.9</ele>
      </trkpt>
      <trkpt lat="36.603017" lon="-5.267107">
        <ele>756.2</ele>
      </trkpt>
      <trkpt lat="36.603395" lon="-5.267703">
        <ele>749.7</ele>
      </trkpt>
      <trkpt lat="36.603428" lon="-5.267950">
        <ele>747.9</ele>
      </trkpt>
      <trkpt lat="36.603300" lon="-5.268393">
        <ele>747.5</ele>
      </trkpt>
      <trkpt lat="36.603259" lon="-5.268658">
        <ele>749.6</ele>
      </trkpt>
      <trkpt lat="36.603253" lon="-5.268945">
        <ele>749.2</ele>
      </trkpt>
      <trkpt lat="36.603277" lon="-5.269181">
        <ele>747.8</ele>
      </trkpt>
      <trkpt lat="36.603344" lon="-5.269345">
        <ele>742.9</ele>
      </trkpt>
      <trkpt lat="36.603404" lon="-5.269427">
        <ele>740.9</ele>
      </trkpt>
      <trkpt lat="36.603495" lon="-5.269496">
        <ele>739.6</ele>
      </trkpt>
      <trkpt lat="36.603618" lon="-5.269559">
        <ele>738.7</ele>
      </trkpt>
      <trkpt lat="36.603665" lon="-5.269568">
        <ele>739.2</ele>
      </trkpt>
      <trkpt lat="36.603773" lon="-5.269589">
        <ele>740.3</ele>
      </trkpt>
      <trkpt lat="36.603985" lon="-5.269603">
        <ele>738.7</ele>
      </trkpt>
      <trkpt lat="36.604110" lon="-5.269650">
        <ele>736.7</ele>
      </trkpt>
      <trkpt lat="36.604217" lon="-5.269692">
        <ele>734.9</ele>
      </trkpt>
      <trkpt lat="36.604343" lon="-5.269784">
        <ele>734.2</ele>
      </trkpt>
      <trkpt lat="36.604879" lon="-5.270414">
        <ele>731.3</ele>
      </trkpt>
      <trkpt lat="36.605000" lon="-5.270475">
        <ele>728.3</ele>
      </trkpt>
      <trkpt lat="36.605136" lon="-5.270501">
        <ele>728</ele>
      </trkpt>
      <trkpt lat="36.605440" lon="-5.270569">
        <ele>728.3</ele>
      </trkpt>
      <trkpt lat="36.605540" lon="-5.270568">
        <ele>727.5</ele>
      </trkpt>
      <trkpt lat="36.605711" lon="-5.270567">
        <ele>726.8</ele>
      </trkpt>
      <trkpt lat="36.606443" lon="-5.270278">
        <ele>723.4</ele>
      </trkpt>
      <trkpt lat="36.607146" lon="-5.269920">
        <ele>723.1</ele>
      </trkpt>
      <trkpt lat="36.607281" lon="-5.269865">
        <ele>723.8</ele>
      </trkpt>
      <trkpt lat="36.607665" lon="-5.269710">
        <ele>723.5</ele>
      </trkpt>
      <trkpt lat="36.607880" lon="-5.269638">
        <ele>724.2</ele>
      </trkpt>
      <trkpt lat="36.608098" lon="-5.269600">
        <ele>725</ele>
      </trkpt>
      <trkpt lat="36.608592" lon="-5.269572">
        <ele>725.7</ele>
      </trkpt>
      <trkpt lat="36.608752" lon="-5.269580">
        <ele>727.4</ele>
      </trkpt>
      <trkpt lat="36.608886" lon="-5.269609">
        <ele>729.9</ele>
      </trkpt>
      <trkpt lat="36.608988" lon="-5.269658">
        <ele>729.4</ele>
      </trkpt>
      <trkpt lat="36.609080" lon="-5.269724">
        <ele>729.9</ele>
      </trkpt>
      <trkpt lat="36.609238" lon="-5.269881">
        <ele>730.4</ele>
      </trkpt>
      <trkpt lat="36.609940" lon="-5.270772">
        <ele>729.8</ele>
      </trkpt>
      <trkpt lat="36.610353" lon="-5.271062">
        <ele>731.2</ele>
      </trkpt>
      <trkpt lat="36.611327" lon="-5.271527">
        <ele>739.2</ele>
      </trkpt>
      <trkpt lat="36.612448" lon="-5.272717">
        <ele>748.8</ele>
      </trkpt>
      <trkpt lat="36.612640" lon="-5.272812">
        <ele>748.9</ele>
      </trkpt>
      <trkpt lat="36.612850" lon="-5.272817">
        <ele>748.9</ele>
      </trkpt>
      <trkpt lat="36.613055" lon="-5.272725">
        <ele>749.1</ele>
      </trkpt>
      <trkpt lat="36.613480" lon="-5.272452">
        <ele>752.2</ele>
      </trkpt>
      <trkpt lat="36.613847" lon="-5.272418">
        <ele>752.6</ele>
      </trkpt>
      <trkpt lat="36.614650" lon="-5.272583">
        <ele>756.5</ele>
      </trkpt>
      <trkpt lat="36.614930" lon="-5.272710">
        <ele>757.8</ele>
      </trkpt>
      <trkpt lat="36.615230" lon="-5.273068">
        <ele>761.7</ele>
      </trkpt>
      <trkpt lat="36.615985" lon="-5.273585">
        <ele>767.6</ele>
      </trkpt>
      <trkpt lat="36.617295" lon="-5.274035">
        <ele>777.7</ele>
      </trkpt>
      <trkpt lat="36.617735" lon="-5.273938">
        <ele>778.2</ele>
      </trkpt>
      <trkpt lat="36.618642" lon="-5.273498">
        <ele>786.5</ele>
      </trkpt>
      <trkpt lat="36.618932" lon="-5.273100">
        <ele>787.9</ele>
      </trkpt>
      <trkpt lat="36.619330" lon="-5.272354">
        <ele>791.2</ele>
      </trkpt>
      <trkpt lat="36.619913" lon="-5.271260">
        <ele>795.6</ele>
      </trkpt>
      <trkpt lat="36.620703" lon="-5.270675">
        <ele>792.4</ele>
      </trkpt>
      <trkpt lat="36.621003" lon="-5.270563">
        <ele>792.3</ele>
      </trkpt>
      <trkpt lat="36.621403" lon="-5.270608">
        <ele>793</ele>
      </trkpt>
      <trkpt lat="36.621698" lon="-5.270613">
        <ele>791.9</ele>
      </trkpt>
      <trkpt lat="36.621877" lon="-5.270520">
        <ele>790.4</ele>
      </trkpt>
      <trkpt lat="36.622240" lon="-5.270137">
        <ele>794.2</ele>
      </trkpt>
      <trkpt lat="36.622410" lon="-5.270065">
        <ele>793.3</ele>
      </trkpt>
      <trkpt lat="36.622916" lon="-5.269925">
        <ele>791.9</ele>
      </trkpt>
      <trkpt lat="36.622965" lon="-5.269912">
        <ele>791.9</ele>
      </trkpt>
      <trkpt lat="36.623108" lon="-5.269772">
        <ele>793.3</ele>
      </trkpt>
      <trkpt lat="36.623240" lon="-5.269604">
        <ele>793.8</ele>
      </trkpt>
      <trkpt lat="36.623367" lon="-5.269391">
        <ele>795.9</ele>
      </trkpt>
      <trkpt lat="36.623481" lon="-5.269145">
        <ele>797</ele>
      </trkpt>
      <trkpt lat="36.623669" lon="-5.268647">
        <ele>799.6</ele>
      </trkpt>
      <trkpt lat="36.623761" lon="-5.268472">
        <ele>801.4</ele>
      </trkpt>
      <trkpt lat="36.623992" lon="-5.268135">
        <ele>802.3</ele>
      </trkpt>
      <trkpt lat="36.624080" lon="-5.267978">
        <ele>803.8</ele>
      </trkpt>
      <trkpt lat="36.624238" lon="-5.267608">
        <ele>804.8</ele>
      </trkpt>
      <trkpt lat="36.624349" lon="-5.267432">
        <ele>806</ele>
      </trkpt>
      <trkpt lat="36.625147" lon="-5.266369">
        <ele>812.9</ele>
      </trkpt>
      <trkpt lat="36.625267" lon="-5.266173">
        <ele>812.4</ele>
      </trkpt>
      <trkpt lat="36.625459" lon="-5.265808">
        <ele>812.9</ele>
      </trkpt>
      <trkpt lat="36.625656" lon="-5.265373">
        <ele>809.5</ele>
      </trkpt>
      <trkpt lat="36.625966" lon="-5.264697">
        <ele>808</ele>
      </trkpt>
      <trkpt lat="36.626188" lon="-5.264175">
        <ele>811.2</ele>
      </trkpt>
      <trkpt lat="36.626372" lon="-5.263660">
        <ele>809.8</ele>
      </trkpt>
      <trkpt lat="36.626585" lon="-5.263023">
        <ele>806.6</ele>
      </trkpt>
      <trkpt lat="36.626660" lon="-5.262853">
        <ele>804.5</ele>
      </trkpt>
      <trkpt lat="36.626775" lon="-5.262673">
        <ele>802</ele>
      </trkpt>
      <trkpt lat="36.627423" lon="-5.261957">
        <ele>800.9</ele>
      </trkpt>
      <trkpt lat="36.627508" lon="-5.261841">
        <ele>802.3</ele>
      </trkpt>
      <trkpt lat="36.627566" lon="-5.261744">
        <ele>802.2</ele>
      </trkpt>
      <trkpt lat="36.627635" lon="-5.261602">
        <ele>802.8</ele>
      </trkpt>
      <trkpt lat="36.627698" lon="-5.261433">
        <ele>804</ele>
      </trkpt>
      <trkpt lat="36.627910" lon="-5.260670">
        <ele>809.1</ele>
      </trkpt>
      <trkpt lat="36.628006" lon="-5.260392">
        <ele>810.3</ele>
      </trkpt>
      <trkpt lat="36.628153" lon="-5.260033">
        <ele>811.8</ele>
      </trkpt>
      <trkpt lat="36.628338" lon="-5.259620">
        <ele>812.8</ele>
      </trkpt>
      <trkpt lat="36.628623" lon="-5.258997">
        <ele>818.6</ele>
      </trkpt>
      <trkpt lat="36.628887" lon="-5.258509">
        <ele>818.8</ele>
      </trkpt>
      <trkpt lat="36.628970" lon="-5.258339">
        <ele>819.4</ele>
      </trkpt>
      <trkpt lat="36.629023" lon="-5.258183">
        <ele>819.2</ele>
      </trkpt>
      <trkpt lat="36.629058" lon="-5.258014">
        <ele>819.4</ele>
      </trkpt>
      <trkpt lat="36.629106" lon="-5.257613">
        <ele>823.2</ele>
      </trkpt>
      <trkpt lat="36.629143" lon="-5.257444">
        <ele>824.1</ele>
      </trkpt>
      <trkpt lat="36.629192" lon="-5.257313">
        <ele>825.8</ele>
      </trkpt>
      <trkpt lat="36.629259" lon="-5.257193">
        <ele>826.9</ele>
      </trkpt>
      <trkpt lat="36.629327" lon="-5.257110">
        <ele>826.8</ele>
      </trkpt>
      <trkpt lat="36.629442" lon="-5.257012">
        <ele>826</ele>
      </trkpt>
      <trkpt lat="36.630110" lon="-5.256559">
        <ele>822.4</ele>
      </trkpt>
      <trkpt lat="36.630284" lon="-5.256414">
        <ele>821.1</ele>
      </trkpt>
      <trkpt lat="36.630459" lon="-5.256246">
        <ele>820</ele>
      </trkpt>
      <trkpt lat="36.630611" lon="-5.256071">
        <ele>818.2</ele>
      </trkpt>
      <trkpt lat="36.630743" lon="-5.255893">
        <ele>817.2</ele>
      </trkpt>
      <trkpt lat="36.630879" lon="-5.255677">
        <ele>816.5</ele>
      </trkpt>
      <trkpt lat="36.630994" lon="-5.255470">
        <ele>814.5</ele>
      </trkpt>
      <trkpt lat="36.631461" lon="-5.254440">
        <ele>810.2</ele>
      </trkpt>
      <trkpt lat="36.631578" lon="-5.254226">
        <ele>810.1</ele>
      </trkpt>
      <trkpt lat="36.631679" lon="-5.254054">
        <ele>811.1</ele>
      </trkpt>
      <trkpt lat="36.631928" lon="-5.253713">
        <ele>811.4</ele>
      </trkpt>
      <trkpt lat="36.632126" lon="-5.253415">
        <ele>810.8</ele>
      </trkpt>
      <trkpt lat="36.632241" lon="-5.253223">
        <ele>810.3</ele>
      </trkpt>
      <trkpt lat="36.632341" lon="-5.253015">
        <ele>810.4</ele>
      </trkpt>
      <trkpt lat="36.632673" lon="-5.252230">
        <ele>806.9</ele>
      </trkpt>
      <trkpt lat="36.632742" lon="-5.252041">
        <ele>804.9</ele>
      </trkpt>
      <trkpt lat="36.632780" lon="-5.251905">
        <ele>803.5</ele>
      </trkpt>
      <trkpt lat="36.632811" lon="-5.251734">
        <ele>802.6</ele>
      </trkpt>
      <trkpt lat="36.632826" lon="-5.251546">
        <ele>801.4</ele>
      </trkpt>
      <trkpt lat="36.632828" lon="-5.251062">
        <ele>799.3</ele>
      </trkpt>
      <trkpt lat="36.632840" lon="-5.250910">
        <ele>799.7</ele>
      </trkpt>
      <trkpt lat="36.632865" lon="-5.250783">
        <ele>799.8</ele>
      </trkpt>
      <trkpt lat="36.632908" lon="-5.250668">
        <ele>799.1</ele>
      </trkpt>
      <trkpt lat="36.632969" lon="-5.250564">
        <ele>798.7</ele>
      </trkpt>
      <trkpt lat="36.633046" lon="-5.250465">
        <ele>797.8</ele>
      </trkpt>
      <trkpt lat="36.633135" lon="-5.250380">
        <ele>796.7</ele>
      </trkpt>
      <trkpt lat="36.633545" lon="-5.250032">
        <ele>794.2</ele>
      </trkpt>
      <trkpt lat="36.633635" lon="-5.249941">
        <ele>793.3</ele>
      </trkpt>
      <trkpt lat="36.633729" lon="-5.249818">
        <ele>791.7</ele>
      </trkpt>
      <trkpt lat="36.633782" lon="-5.249712">
        <ele>789.6</ele>
      </trkpt>
      <trkpt lat="36.633830" lon="-5.249582">
        <ele>789.9</ele>
      </trkpt>
      <trkpt lat="36.634022" lon="-5.248939">
        <ele>789.9</ele>
      </trkpt>
      <trkpt lat="36.634074" lon="-5.248788">
        <ele>788.4</ele>
      </trkpt>
      <trkpt lat="36.634126" lon="-5.248659">
        <ele>786.5</ele>
      </trkpt>
      <trkpt lat="36.634210" lon="-5.248491">
        <ele>785</ele>
      </trkpt>
      <trkpt lat="36.634298" lon="-5.248339">
        <ele>784.9</ele>
      </trkpt>
      <trkpt lat="36.634386" lon="-5.248215">
        <ele>784.7</ele>
      </trkpt>
      <trkpt lat="36.634482" lon="-5.248099">
        <ele>784.7</ele>
      </trkpt>
      <trkpt lat="36.634581" lon="-5.248011">
        <ele>785</ele>
      </trkpt>
      <trkpt lat="36.634672" lon="-5.247953">
        <ele>785.5</ele>
      </trkpt>
      <trkpt lat="36.634786" lon="-5.247903">
        <ele>784.1</ele>
      </trkpt>
      <trkpt lat="36.634936" lon="-5.247867">
        <ele>780.2</ele>
      </trkpt>
      <trkpt lat="36.635431" lon="-5.247840">
        <ele>773.9</ele>
      </trkpt>
      <trkpt lat="36.635566" lon="-5.247846">
        <ele>775.2</ele>
      </trkpt>
      <trkpt lat="36.635684" lon="-5.247864">
        <ele>775.2</ele>
      </trkpt>
      <trkpt lat="36.635795" lon="-5.247904">
        <ele>775.5</ele>
      </trkpt>
      <trkpt lat="36.635900" lon="-5.247966">
        <ele>774.7</ele>
      </trkpt>
      <trkpt lat="36.636002" lon="-5.248052">
        <ele>773.1</ele>
      </trkpt>
      <trkpt lat="36.636104" lon="-5.248168">
        <ele>771.1</ele>
      </trkpt>
      <trkpt lat="36.636562" lon="-5.248788">
        <ele>766.3</ele>
      </trkpt>
      <trkpt lat="36.636841" lon="-5.249143">
        <ele>763.6</ele>
      </trkpt>
      <trkpt lat="36.636989" lon="-5.249301">
        <ele>760.1</ele>
      </trkpt>
      <trkpt lat="36.637149" lon="-5.249441">
        <ele>759.9</ele>
      </trkpt>
      <trkpt lat="36.637271" lon="-5.249525">
        <ele>760.6</ele>
      </trkpt>
      <trkpt lat="36.637408" lon="-5.249603">
        <ele>760.4</ele>
      </trkpt>
      <trkpt lat="36.637505" lon="-5.249627">
        <ele>759.2</ele>
      </trkpt>
      <trkpt lat="36.637678" lon="-5.249686">
        <ele>757.5</ele>
      </trkpt>
      <trkpt lat="36.637872" lon="-5.249733">
        <ele>756.3</ele>
      </trkpt>
      <trkpt lat="36.638012" lon="-5.249748">
        <ele>755.1</ele>
      </trkpt>
      <trkpt lat="36.638099" lon="-5.249747">
        <ele>754.4</ele>
      </trkpt>
      <trkpt lat="36.638231" lon="-5.249749">
        <ele>754.2</ele>
      </trkpt>
      <trkpt lat="36.638331" lon="-5.249730">
        <ele>753.3</ele>
      </trkpt>
      <trkpt lat="36.638386" lon="-5.249721">
        <ele>752.8</ele>
      </trkpt>
      <trkpt lat="36.638464" lon="-5.249708">
        <ele>752.4</ele>
      </trkpt>
      <trkpt lat="36.638696" lon="-5.249626">
        <ele>752.4</ele>
      </trkpt>
      <trkpt lat="36.638855" lon="-5.249542">
        <ele>751.8</ele>
      </trkpt>
      <trkpt lat="36.638982" lon="-5.249461">
        <ele>750.4</ele>
      </trkpt>
      <trkpt lat="36.639154" lon="-5.249342">
        <ele>748.6</ele>
      </trkpt>
      <trkpt lat="36.639373" lon="-5.249171">
        <ele>746.1</ele>
      </trkpt>
      <trkpt lat="36.639811" lon="-5.248828">
        <ele>743.8</ele>
      </trkpt>
      <trkpt lat="36.640115" lon="-5.248584">
        <ele>745.2</ele>
      </trkpt>
      <trkpt lat="36.640176" lon="-5.248478">
        <ele>744.7</ele>
      </trkpt>
      <trkpt lat="36.640201" lon="-5.248415">
        <ele>744.4</ele>
      </trkpt>
      <trkpt lat="36.640206" lon="-5.248390">
        <ele>744.2</ele>
      </trkpt>
      <trkpt lat="36.640207" lon="-5.248348">
        <ele>743.7</ele>
      </trkpt>
      <trkpt lat="36.640204" lon="-5.248302">
        <ele>743</ele>
      </trkpt>
      <trkpt lat="36.640195" lon="-5.248236">
        <ele>742.1</ele>
      </trkpt>
      <trkpt lat="36.640191" lon="-5.248168">
        <ele>741.2</ele>
      </trkpt>
      <trkpt lat="36.640194" lon="-5.248099">
        <ele>740.4</ele>
      </trkpt>
      <trkpt lat="36.640204" lon="-5.248048">
        <ele>740.1</ele>
      </trkpt>
      <trkpt lat="36.640220" lon="-5.247985">
        <ele>740</ele>
      </trkpt>
      <trkpt lat="36.640225" lon="-5.247696">
        <ele>738.1</ele>
      </trkpt>
      <trkpt lat="36.640224" lon="-5.247690">
        <ele>738</ele>
      </trkpt>
      <trkpt lat="36.640122" lon="-5.247041">
        <ele>736.2</ele>
      </trkpt>
      <trkpt lat="36.640093" lon="-5.246695">
        <ele>736.9</ele>
      </trkpt>
      <trkpt lat="36.640098" lon="-5.246507">
        <ele>738.1</ele>
      </trkpt>
      <trkpt lat="36.640123" lon="-5.246261">
        <ele>739.2</ele>
      </trkpt>
      <trkpt lat="36.640132" lon="-5.246048">
        <ele>739.7</ele>
      </trkpt>
      <trkpt lat="36.640158" lon="-5.245666">
        <ele>742.5</ele>
      </trkpt>
      <trkpt lat="36.640171" lon="-5.245498">
        <ele>743.7</ele>
      </trkpt>
      <trkpt lat="36.640212" lon="-5.245361">
        <ele>744.6</ele>
      </trkpt>
      <trkpt lat="36.640233" lon="-5.245326">
        <ele>744.8</ele>
      </trkpt>
      <trkpt lat="36.640282" lon="-5.245240">
        <ele>744.8</ele>
      </trkpt>
      <trkpt lat="36.640367" lon="-5.245135">
        <ele>744.1</ele>
      </trkpt>
      <trkpt lat="36.640528" lon="-5.245007">
        <ele>742.2</ele>
      </trkpt>
      <trkpt lat="36.640604" lon="-5.244942">
        <ele>741.9</ele>
      </trkpt>
      <trkpt lat="36.640681" lon="-5.244876">
        <ele>741.8</ele>
      </trkpt>
      <trkpt lat="36.640734" lon="-5.244830">
        <ele>741.7</ele>
      </trkpt>
      <trkpt lat="36.640940" lon="-5.244673">
        <ele>742</ele>
      </trkpt>
      <trkpt lat="36.641069" lon="-5.244579">
        <ele>742.1</ele>
      </trkpt>
      <trkpt lat="36.641286" lon="-5.244495">
        <ele>742.8</ele>
      </trkpt>
      <trkpt lat="36.641372" lon="-5.244431">
        <ele>742.8</ele>
      </trkpt>
      <trkpt lat="36.641397" lon="-5.244394">
        <ele>743.3</ele>
      </trkpt>
      <trkpt lat="36.641425" lon="-5.244352">
        <ele>744.3</ele>
      </trkpt>
      <trkpt lat="36.641436" lon="-5.244264">
        <ele>744.7</ele>
      </trkpt>
      <trkpt lat="36.641410" lon="-5.244177">
        <ele>743.8</ele>
      </trkpt>
      <trkpt lat="36.641399" lon="-5.244055">
        <ele>743.8</ele>
      </trkpt>
      <trkpt lat="36.641415" lon="-5.243953">
        <ele>744.7</ele>
      </trkpt>
      <trkpt lat="36.641476" lon="-5.243739">
        <ele>746.4</ele>
      </trkpt>
      <trkpt lat="36.641511" lon="-5.243594">
        <ele>747.3</ele>
      </trkpt>
      <trkpt lat="36.641531" lon="-5.243453">
        <ele>748.7</ele>
      </trkpt>
      <trkpt lat="36.641534" lon="-5.243336">
        <ele>749.3</ele>
      </trkpt>
      <trkpt lat="36.641509" lon="-5.243070">
        <ele>749.5</ele>
      </trkpt>
      <trkpt lat="36.641504" lon="-5.242922">
        <ele>750.4</ele>
      </trkpt>
      <trkpt lat="36.641498" lon="-5.242822">
        <ele>751</ele>
      </trkpt>
      <trkpt lat="36.641505" lon="-5.242703">
        <ele>751.4</ele>
      </trkpt>
      <trkpt lat="36.641527" lon="-5.242573">
        <ele>752.1</ele>
      </trkpt>
      <trkpt lat="36.641566" lon="-5.242446">
        <ele>753.3</ele>
      </trkpt>
      <trkpt lat="36.641620" lon="-5.242200">
        <ele>754.5</ele>
      </trkpt>
      <trkpt lat="36.641668" lon="-5.242023">
        <ele>756.4</ele>
      </trkpt>
      <trkpt lat="36.641732" lon="-5.241783">
        <ele>757.7</ele>
      </trkpt>
      <trkpt lat="36.641776" lon="-5.241683">
        <ele>759.1</ele>
      </trkpt>
      <trkpt lat="36.641925" lon="-5.241086">
        <ele>762</ele>
      </trkpt>
      <trkpt lat="36.642072" lon="-5.240527">
        <ele>767.2</ele>
      </trkpt>
      <trkpt lat="36.642132" lon="-5.240365">
        <ele>767.1</ele>
      </trkpt>
      <trkpt lat="36.642197" lon="-5.240244">
        <ele>767.5</ele>
      </trkpt>
      <trkpt lat="36.642276" lon="-5.240159">
        <ele>770.1</ele>
      </trkpt>
      <trkpt lat="36.642380" lon="-5.240066">
        <ele>771.5</ele>
      </trkpt>
      <trkpt lat="36.642493" lon="-5.240000">
        <ele>770.9</ele>
      </trkpt>
      <trkpt lat="36.642676" lon="-5.239928">
        <ele>773.6</ele>
      </trkpt>
      <trkpt lat="36.642815" lon="-5.239858">
        <ele>774.8</ele>
      </trkpt>
      <trkpt lat="36.642889" lon="-5.239796">
        <ele>774.4</ele>
      </trkpt>
      <trkpt lat="36.642961" lon="-5.239714">
        <ele>773.9</ele>
      </trkpt>
      <trkpt lat="36.643023" lon="-5.239631">
        <ele>774.2</ele>
      </trkpt>
      <trkpt lat="36.643228" lon="-5.239457">
        <ele>782.9</ele>
      </trkpt>
      <trkpt lat="36.643228" lon="-5.239061">
        <ele>789.2</ele>
      </trkpt>
      <trkpt lat="36.643041" lon="-5.238505">
        <ele>793.7</ele>
      </trkpt>
      <trkpt lat="36.642753" lon="-5.237975">
        <ele>795.8</ele>
      </trkpt>
      <trkpt lat="36.642709" lon="-5.237607">
        <ele>803.6</ele>
      </trkpt>
      <trkpt lat="36.642846" lon="-5.237131">
        <ele>811.6</ele>
      </trkpt>
      <trkpt lat="36.643091" lon="-5.236574">
        <ele>811.6</ele>
      </trkpt>
      <trkpt lat="36.643487" lon="-5.236323">
        <ele>813.6</ele>
      </trkpt>
      <trkpt lat="36.643913" lon="-5.236305">
        <ele>815.4</ele>
      </trkpt>
      <trkpt lat="36.644266" lon="-5.236386">
        <ele>820</ele>
      </trkpt>
      <trkpt lat="36.644547" lon="-5.236251">
        <ele>826.2</ele>
      </trkpt>
      <trkpt lat="36.644662" lon="-5.235766">
        <ele>829.2</ele>
      </trkpt>
      <trkpt lat="36.644964" lon="-5.235479">
        <ele>836.6</ele>
      </trkpt>
      <trkpt lat="36.645490" lon="-5.235299">
        <ele>842</ele>
      </trkpt>
      <trkpt lat="36.645930" lon="-5.235281">
        <ele>845.5</ele>
      </trkpt>
      <trkpt lat="36.646139" lon="-5.235057">
        <ele>849.1</ele>
      </trkpt>
      <trkpt lat="36.646319" lon="-5.234437">
        <ele>858.5</ele>
      </trkpt>
      <trkpt lat="36.646542" lon="-5.233899">
        <ele>869.5</ele>
      </trkpt>
      <trkpt lat="36.647018" lon="-5.233521">
        <ele>879.1</ele>
      </trkpt>
      <trkpt lat="36.647241" lon="-5.233539">
        <ele>883.6</ele>
      </trkpt>
      <trkpt lat="36.647183" lon="-5.233827">
        <ele>888.6</ele>
      </trkpt>
      <trkpt lat="36.647183" lon="-5.233952">
        <ele>890.9</ele>
      </trkpt>
      <trkpt lat="36.647558" lon="-5.233925">
        <ele>897.6</ele>
      </trkpt>
      <trkpt lat="36.647997" lon="-5.234042">
        <ele>903</ele>
      </trkpt>
      <trkpt lat="36.648502" lon="-5.234680">
        <ele>908.2</ele>
      </trkpt>
      <trkpt lat="36.649330" lon="-5.235488">
        <ele>901.4</ele>
      </trkpt>
      <trkpt lat="36.649870" lon="-5.235874">
        <ele>892.6</ele>
      </trkpt>
      <trkpt lat="36.650139" lon="-5.235987">
        <ele>887.4</ele>
      </trkpt>
      <trkpt lat="36.651009" lon="-5.236413">
        <ele>873.9</ele>
      </trkpt>
      <trkpt lat="36.651419" lon="-5.236844">
        <ele>871.9</ele>
      </trkpt>
      <trkpt lat="36.652039" lon="-5.237499">
        <ele>866.3</ele>
      </trkpt>
      <trkpt lat="36.652298" lon="-5.237607">
        <ele>863.9</ele>
      </trkpt>
      <trkpt lat="36.652399" lon="-5.237508">
        <ele>863</ele>
      </trkpt>
      <trkpt lat="36.652493" lon="-5.237014">
        <ele>861.2</ele>
      </trkpt>
      <trkpt lat="36.652521" lon="-5.236520">
        <ele>861.9</ele>
      </trkpt>
      <trkpt lat="36.652773" lon="-5.236233">
        <ele>867.6</ele>
      </trkpt>
      <trkpt lat="36.653177" lon="-5.235955">
        <ele>875.6</ele>
      </trkpt>
      <trkpt lat="36.653659" lon="-5.235497">
        <ele>886.7</ele>
      </trkpt>
      <trkpt lat="36.654171" lon="-5.235209">
        <ele>897.9</ele>
      </trkpt>
      <trkpt lat="36.654394" lon="-5.235344">
        <ele>903.9</ele>
      </trkpt>
      <trkpt lat="36.655323" lon="-5.234509">
        <ele>933.1</ele>
      </trkpt>
      <trkpt lat="36.655413" lon="-5.234470">
        <ele>933.5</ele>
      </trkpt>
      <trkpt lat="36.656001" lon="-5.234213">
        <ele>934.3</ele>
      </trkpt>
      <trkpt lat="36.656562" lon="-5.234051">
        <ele>933.8</ele>
      </trkpt>
      <trkpt lat="36.657420" lon="-5.234671">
        <ele>939.6</ele>
      </trkpt>
      <trkpt lat="36.657902" lon="-5.234976">
        <ele>937</ele>
      </trkpt>
      <trkpt lat="36.658158" lon="-5.235681">
        <ele>953.1</ele>
      </trkpt>
      <trkpt lat="36.658277" lon="-5.235533">
        <ele>952.6</ele>
      </trkpt>
      <trkpt lat="36.658507" lon="-5.235156">
        <ele>951.8</ele>
      </trkpt>
      <trkpt lat="36.658830" lon="-5.234837">
        <ele>960</ele>
      </trkpt>
      <trkpt lat="36.658928" lon="-5.234577">
        <ele>964</ele>
      </trkpt>
      <trkpt lat="36.658967" lon="-5.234378">
        <ele>965.3</ele>
      </trkpt>
      <trkpt lat="36.659083" lon="-5.234362">
        <ele>967.5</ele>
      </trkpt>
      <trkpt lat="36.659292" lon="-5.234536">
        <ele>970</ele>
      </trkpt>
      <trkpt lat="36.659421" lon="-5.234492">
        <ele>970</ele>
      </trkpt>
      <trkpt lat="36.659692" lon="-5.234610">
        <ele>967.8</ele>
      </trkpt>
      <trkpt lat="36.659790" lon="-5.234586">
        <ele>967.8</ele>
      </trkpt>
      <trkpt lat="36.659907" lon="-5.234571">
        <ele>968.7</ele>
      </trkpt>
      <trkpt lat="36.660020" lon="-5.234569">
        <ele>969.8</ele>
      </trkpt>
      <trkpt lat="36.660359" lon="-5.234567">
        <ele>971.2</ele>
      </trkpt>
      <trkpt lat="36.660506" lon="-5.234561">
        <ele>971.3</ele>
      </trkpt>
      <trkpt lat="36.660659" lon="-5.234543">
        <ele>969.6</ele>
      </trkpt>
      <trkpt lat="36.660790" lon="-5.234514">
        <ele>967.3</ele>
      </trkpt>
      <trkpt lat="36.660912" lon="-5.234469">
        <ele>965.5</ele>
      </trkpt>
      <trkpt lat="36.661034" lon="-5.234417">
        <ele>963.7</ele>
      </trkpt>
      <trkpt lat="36.661176" lon="-5.234337">
        <ele>961.9</ele>
      </trkpt>
      <trkpt lat="36.661292" lon="-5.234259">
        <ele>962.6</ele>
      </trkpt>
      <trkpt lat="36.662092" lon="-5.233659">
        <ele>963.2</ele>
      </trkpt>
      <trkpt lat="36.662181" lon="-5.233564">
        <ele>962.3</ele>
      </trkpt>
      <trkpt lat="36.662258" lon="-5.233454">
        <ele>962.9</ele>
      </trkpt>
      <trkpt lat="36.662321" lon="-5.233340">
        <ele>963.4</ele>
      </trkpt>
      <trkpt lat="36.662506" lon="-5.232919">
        <ele>961.8</ele>
      </trkpt>
      <trkpt lat="36.662593" lon="-5.232750">
        <ele>961.9</ele>
      </trkpt>
      <trkpt lat="36.663029" lon="-5.232123">
        <ele>956.5</ele>
      </trkpt>
      <trkpt lat="36.663245" lon="-5.231803">
        <ele>956.1</ele>
      </trkpt>
      <trkpt lat="36.663306" lon="-5.231686">
        <ele>954.8</ele>
      </trkpt>
      <trkpt lat="36.663353" lon="-5.231557">
        <ele>954.4</ele>
      </trkpt>
      <trkpt lat="36.663590" lon="-5.230713">
        <ele>949.9</ele>
      </trkpt>
      <trkpt lat="36.663654" lon="-5.230522">
        <ele>949.3</ele>
      </trkpt>
      <trkpt lat="36.663712" lon="-5.230391">
        <ele>949.1</ele>
      </trkpt>
      <trkpt lat="36.663791" lon="-5.230245">
        <ele>948.5</ele>
      </trkpt>
      <trkpt lat="36.663867" lon="-5.230135">
        <ele>948</ele>
      </trkpt>
      <trkpt lat="36.663957" lon="-5.230026">
        <ele>947.2</ele>
      </trkpt>
      <trkpt lat="36.664066" lon="-5.229918">
        <ele>946.3</ele>
      </trkpt>
      <trkpt lat="36.664174" lon="-5.229826">
        <ele>945.1</ele>
      </trkpt>
      <trkpt lat="36.664703" lon="-5.229463">
        <ele>940.4</ele>
      </trkpt>
      <trkpt lat="36.664913" lon="-5.229313">
        <ele>940.1</ele>
      </trkpt>
      <trkpt lat="36.665149" lon="-5.229142">
        <ele>938.3</ele>
      </trkpt>
      <trkpt lat="36.665335" lon="-5.228990">
        <ele>937.3</ele>
      </trkpt>
      <trkpt lat="36.665695" lon="-5.228687">
        <ele>935.2</ele>
      </trkpt>
      <trkpt lat="36.666039" lon="-5.228383">
        <ele>931</ele>
      </trkpt>
      <trkpt lat="36.666292" lon="-5.228147">
        <ele>929.9</ele>
      </trkpt>
      <trkpt lat="36.666896" lon="-5.227552">
        <ele>924.6</ele>
      </trkpt>
      <trkpt lat="36.667118" lon="-5.227309">
        <ele>922.6</ele>
      </trkpt>
      <trkpt lat="36.667267" lon="-5.227117">
        <ele>921.7</ele>
      </trkpt>
      <trkpt lat="36.667340" lon="-5.227008">
        <ele>921.7</ele>
      </trkpt>
      <trkpt lat="36.667415" lon="-5.226877">
        <ele>922.1</ele>
      </trkpt>
      <trkpt lat="36.667527" lon="-5.226659">
        <ele>922.8</ele>
      </trkpt>
      <trkpt lat="36.667603" lon="-5.226480">
        <ele>926</ele>
      </trkpt>
      <trkpt lat="36.667674" lon="-5.226291">
        <ele>926.2</ele>
      </trkpt>
      <trkpt lat="36.667946" lon="-5.225445">
        <ele>923.7</ele>
      </trkpt>
      <trkpt lat="36.668004" lon="-5.225287">
        <ele>920.2</ele>
      </trkpt>
      <trkpt lat="36.668046" lon="-5.225175">
        <ele>919.2</ele>
      </trkpt>
      <trkpt lat="36.668147" lon="-5.224950">
        <ele>917.9</ele>
      </trkpt>
      <trkpt lat="36.668302" lon="-5.224666">
        <ele>920.3</ele>
      </trkpt>
      <trkpt lat="36.668423" lon="-5.224479">
        <ele>924.5</ele>
      </trkpt>
      <trkpt lat="36.668574" lon="-5.224274">
        <ele>922.7</ele>
      </trkpt>
      <trkpt lat="36.668984" lon="-5.223749">
        <ele>921.1</ele>
      </trkpt>
      <trkpt lat="36.669065" lon="-5.223621">
        <ele>920.4</ele>
      </trkpt>
      <trkpt lat="36.669110" lon="-5.223524">
        <ele>919.9</ele>
      </trkpt>
      <trkpt lat="36.669156" lon="-5.223395">
        <ele>920.1</ele>
      </trkpt>
      <trkpt lat="36.669184" lon="-5.223280">
        <ele>920.7</ele>
      </trkpt>
      <trkpt lat="36.669203" lon="-5.223156">
        <ele>921.9</ele>
      </trkpt>
      <trkpt lat="36.669235" lon="-5.222653">
        <ele>926.7</ele>
      </trkpt>
      <trkpt lat="36.669260" lon="-5.222501">
        <ele>928.7</ele>
      </trkpt>
      <trkpt lat="36.669304" lon="-5.222370">
        <ele>929.5</ele>
      </trkpt>
      <trkpt lat="36.669377" lon="-5.222229">
        <ele>929.4</ele>
      </trkpt>
      <trkpt lat="36.669470" lon="-5.222107">
        <ele>931.6</ele>
      </trkpt>
      <trkpt lat="36.669604" lon="-5.221990">
        <ele>933</ele>
      </trkpt>
      <trkpt lat="36.669680" lon="-5.221948">
        <ele>932.1</ele>
      </trkpt>
      <trkpt lat="36.670049" lon="-5.221808">
        <ele>936</ele>
      </trkpt>
      <trkpt lat="36.670161" lon="-5.221749">
        <ele>935.9</ele>
      </trkpt>
      <trkpt lat="36.670252" lon="-5.221680">
        <ele>935.8</ele>
      </trkpt>
      <trkpt lat="36.670331" lon="-5.221603">
        <ele>935.8</ele>
      </trkpt>
      <trkpt lat="36.670400" lon="-5.221515">
        <ele>936.5</ele>
      </trkpt>
      <trkpt lat="36.670465" lon="-5.221400">
        <ele>938.3</ele>
      </trkpt>
      <trkpt lat="36.670511" lon="-5.221288">
        <ele>939.1</ele>
      </trkpt>
      <trkpt lat="36.670911" lon="-5.220001">
        <ele>949.5</ele>
      </trkpt>
      <trkpt lat="36.670984" lon="-5.219810">
        <ele>951.8</ele>
      </trkpt>
      <trkpt lat="36.671052" lon="-5.219680">
        <ele>950.5</ele>
      </trkpt>
      <trkpt lat="36.671110" lon="-5.219600">
        <ele>948.7</ele>
      </trkpt>
      <trkpt lat="36.671190" lon="-5.219511">
        <ele>948.6</ele>
      </trkpt>
      <trkpt lat="36.671303" lon="-5.219429">
        <ele>947.4</ele>
      </trkpt>
      <trkpt lat="36.671464" lon="-5.219349">
        <ele>947.1</ele>
      </trkpt>
      <trkpt lat="36.671882" lon="-5.219194">
        <ele>948.1</ele>
      </trkpt>
      <trkpt lat="36.672474" lon="-5.218974">
        <ele>952.2</ele>
      </trkpt>
      <trkpt lat="36.672592" lon="-5.218937">
        <ele>951.8</ele>
      </trkpt>
      <trkpt lat="36.672681" lon="-5.218925">
        <ele>952.1</ele>
      </trkpt>
      <trkpt lat="36.672754" lon="-5.218932">
        <ele>953.4</ele>
      </trkpt>
      <trkpt lat="36.672830" lon="-5.218950">
        <ele>953</ele>
      </trkpt>
      <trkpt lat="36.672916" lon="-5.218993">
        <ele>952.7</ele>
      </trkpt>
      <trkpt lat="36.673109" lon="-5.219145">
        <ele>956</ele>
      </trkpt>
      <trkpt lat="36.673193" lon="-5.219203">
        <ele>958.7</ele>
      </trkpt>
      <trkpt lat="36.673282" lon="-5.219241">
        <ele>959.6</ele>
      </trkpt>
      <trkpt lat="36.673365" lon="-5.219255">
        <ele>959.9</ele>
      </trkpt>
      <trkpt lat="36.673452" lon="-5.219250">
        <ele>961.1</ele>
      </trkpt>
      <trkpt lat="36.673542" lon="-5.219223">
        <ele>960.8</ele>
      </trkpt>
      <trkpt lat="36.673662" lon="-5.219166">
        <ele>959.8</ele>
      </trkpt>
      <trkpt lat="36.673775" lon="-5.219089">
        <ele>960</ele>
      </trkpt>
      <trkpt lat="36.673892" lon="-5.218984">
        <ele>960.3</ele>
      </trkpt>
      <trkpt lat="36.673982" lon="-5.218876">
        <ele>960</ele>
      </trkpt>
      <trkpt lat="36.674066" lon="-5.218744">
        <ele>960</ele>
      </trkpt>
      <trkpt lat="36.674120" lon="-5.218617">
        <ele>958.3</ele>
      </trkpt>
      <trkpt lat="36.674144" lon="-5.218548">
        <ele>959.1</ele>
      </trkpt>
      <trkpt lat="36.674161" lon="-5.218460">
        <ele>959.8</ele>
      </trkpt>
      <trkpt lat="36.674167" lon="-5.218338">
        <ele>960</ele>
      </trkpt>
      <trkpt lat="36.674152" lon="-5.218204">
        <ele>960</ele>
      </trkpt>
      <trkpt lat="36.674082" lon="-5.217820">
        <ele>960.4</ele>
      </trkpt>
      <trkpt lat="36.674067" lon="-5.217622">
        <ele>960</ele>
      </trkpt>
      <trkpt lat="36.674066" lon="-5.217463">
        <ele>959.7</ele>
      </trkpt>
      <trkpt lat="36.674084" lon="-5.217311">
        <ele>960</ele>
      </trkpt>
      <trkpt lat="36.674117" lon="-5.217144">
        <ele>960.1</ele>
      </trkpt>
      <trkpt lat="36.674171" lon="-5.217016">
        <ele>960.9</ele>
      </trkpt>
      <trkpt lat="36.674231" lon="-5.216922">
        <ele>962.7</ele>
      </trkpt>
      <trkpt lat="36.674569" lon="-5.216529">
        <ele>963.1</ele>
      </trkpt>
      <trkpt lat="36.675006" lon="-5.216015">
        <ele>966.2</ele>
      </trkpt>
      <trkpt lat="36.675113" lon="-5.215907">
        <ele>966.6</ele>
      </trkpt>
      <trkpt lat="36.675211" lon="-5.215828">
        <ele>967.1</ele>
      </trkpt>
      <trkpt lat="36.675479" lon="-5.215661">
        <ele>972.3</ele>
      </trkpt>
      <trkpt lat="36.676309" lon="-5.215200">
        <ele>979.6</ele>
      </trkpt>
      <trkpt lat="36.676454" lon="-5.215099">
        <ele>980.9</ele>
      </trkpt>
      <trkpt lat="36.676592" lon="-5.214997">
        <ele>980.5</ele>
      </trkpt>
      <trkpt lat="36.677155" lon="-5.214507">
        <ele>986.6</ele>
      </trkpt>
      <trkpt lat="36.677316" lon="-5.214357">
        <ele>989.3</ele>
      </trkpt>
      <trkpt lat="36.677989" lon="-5.213649">
        <ele>993.2</ele>
      </trkpt>
      <trkpt lat="36.678073" lon="-5.213548">
        <ele>994.3</ele>
      </trkpt>
      <trkpt lat="36.678168" lon="-5.213410">
        <ele>995.6</ele>
      </trkpt>
      <trkpt lat="36.678329" lon="-5.213136">
        <ele>997.5</ele>
      </trkpt>
      <trkpt lat="36.678388" lon="-5.213057">
        <ele>998.2</ele>
      </trkpt>
      <trkpt lat="36.678464" lon="-5.212982">
        <ele>998.1</ele>
      </trkpt>
      <trkpt lat="36.678723" lon="-5.212787">
        <ele>1001.4</ele>
      </trkpt>
      <trkpt lat="36.678815" lon="-5.212698">
        <ele>1002.3</ele>
      </trkpt>
      <trkpt lat="36.678878" lon="-5.212608">
        <ele>1002.8</ele>
      </trkpt>
      <trkpt lat="36.678923" lon="-5.212508">
        <ele>1003.3</ele>
      </trkpt>
      <trkpt lat="36.679085" lon="-5.212128">
        <ele>1005.6</ele>
      </trkpt>
      <trkpt lat="36.679304" lon="-5.211657">
        <ele>1007.4</ele>
      </trkpt>
      <trkpt lat="36.679430" lon="-5.211395">
        <ele>1007.8</ele>
      </trkpt>
      <trkpt lat="36.679774" lon="-5.210661">
        <ele>1005.8</ele>
      </trkpt>
      <trkpt lat="36.679826" lon="-5.210527">
        <ele>1005.4</ele>
      </trkpt>
      <trkpt lat="36.679864" lon="-5.210400">
        <ele>1005.5</ele>
      </trkpt>
      <trkpt lat="36.679890" lon="-5.210239">
        <ele>1005</ele>
      </trkpt>
      <trkpt lat="36.679895" lon="-5.210130">
        <ele>1004</ele>
      </trkpt>
      <trkpt lat="36.679888" lon="-5.210034">
        <ele>1003.3</ele>
      </trkpt>
      <trkpt lat="36.679860" lon="-5.209893">
        <ele>1001.6</ele>
      </trkpt>
      <trkpt lat="36.679821" lon="-5.209769">
        <ele>999.6</ele>
      </trkpt>
      <trkpt lat="36.679762" lon="-5.209634">
        <ele>998.5</ele>
      </trkpt>
      <trkpt lat="36.679665" lon="-5.209483">
        <ele>998</ele>
      </trkpt>
      <trkpt lat="36.678988" lon="-5.208567">
        <ele>994.7</ele>
      </trkpt>
      <trkpt lat="36.678939" lon="-5.208504">
        <ele>994.9</ele>
      </trkpt>
      <trkpt lat="36.678847" lon="-5.208401">
        <ele>994.9</ele>
      </trkpt>
      <trkpt lat="36.678735" lon="-5.208282">
        <ele>995.1</ele>
      </trkpt>
      <trkpt lat="36.678609" lon="-5.208177">
        <ele>995.6</ele>
      </trkpt>
      <trkpt lat="36.678493" lon="-5.208087">
        <ele>996.6</ele>
      </trkpt>
      <trkpt lat="36.678342" lon="-5.208002">
        <ele>998.3</ele>
      </trkpt>
      <trkpt lat="36.678211" lon="-5.207949">
        <ele>998.7</ele>
      </trkpt>
      <trkpt lat="36.678053" lon="-5.207903">
        <ele>999.2</ele>
      </trkpt>
      <trkpt lat="36.677680" lon="-5.207833">
        <ele>1002.5</ele>
      </trkpt>
      <trkpt lat="36.677523" lon="-5.207796">
        <ele>1003.7</ele>
      </trkpt>
      <trkpt lat="36.677432" lon="-5.207758">
        <ele>1004.5</ele>
      </trkpt>
      <trkpt lat="36.677348" lon="-5.207700">
        <ele>1005.2</ele>
      </trkpt>
      <trkpt lat="36.677286" lon="-5.207625">
        <ele>1005.7</ele>
      </trkpt>
      <trkpt lat="36.677220" lon="-5.207508">
        <ele>1005.9</ele>
      </trkpt>
      <trkpt lat="36.677175" lon="-5.207372">
        <ele>1005.8</ele>
      </trkpt>
      <trkpt lat="36.677151" lon="-5.207257">
        <ele>1005.8</ele>
      </trkpt>
      <trkpt lat="36.677105" lon="-5.207006">
        <ele>1005.4</ele>
      </trkpt>
      <trkpt lat="36.677060" lon="-5.206842">
        <ele>1005.4</ele>
      </trkpt>
      <trkpt lat="36.677003" lon="-5.206724">
        <ele>1005.5</ele>
      </trkpt>
      <trkpt lat="36.676937" lon="-5.206621">
        <ele>1005.7</ele>
      </trkpt>
      <trkpt lat="36.676372" lon="-5.205755">
        <ele>1006.5</ele>
      </trkpt>
      <trkpt lat="36.676285" lon="-5.205635">
        <ele>1006.6</ele>
      </trkpt>
      <trkpt lat="36.676215" lon="-5.205562">
        <ele>1007</ele>
      </trkpt>
      <trkpt lat="36.676129" lon="-5.205486">
        <ele>1007.7</ele>
      </trkpt>
      <trkpt lat="36.676039" lon="-5.205425">
        <ele>1008.4</ele>
      </trkpt>
      <trkpt lat="36.675939" lon="-5.205377">
        <ele>1008.8</ele>
      </trkpt>
      <trkpt lat="36.675805" lon="-5.205341">
        <ele>1008.9</ele>
      </trkpt>
      <trkpt lat="36.675672" lon="-5.205326">
        <ele>1009.5</ele>
      </trkpt>
      <trkpt lat="36.674994" lon="-5.205350">
        <ele>1011.9</ele>
      </trkpt>
      <trkpt lat="36.674719" lon="-5.205343">
        <ele>1013.4</ele>
      </trkpt>
      <trkpt lat="36.674480" lon="-5.205323">
        <ele>1013.7</ele>
      </trkpt>
      <trkpt lat="36.674143" lon="-5.205275">
        <ele>1015.1</ele>
      </trkpt>
      <trkpt lat="36.673900" lon="-5.205217">
        <ele>1017.2</ele>
      </trkpt>
      <trkpt lat="36.673609" lon="-5.205133">
        <ele>1017.6</ele>
      </trkpt>
      <trkpt lat="36.673321" lon="-5.205025">
        <ele>1018</ele>
      </trkpt>
      <trkpt lat="36.673173" lon="-5.204959">
        <ele>1019.8</ele>
      </trkpt>
      <trkpt lat="36.673050" lon="-5.204880">
        <ele>1020.9</ele>
      </trkpt>
      <trkpt lat="36.672946" lon="-5.204784">
        <ele>1020.8</ele>
      </trkpt>
      <trkpt lat="36.672862" lon="-5.204652">
        <ele>1022</ele>
      </trkpt>
      <trkpt lat="36.672775" lon="-5.204436">
        <ele>1022</ele>
      </trkpt>
      <trkpt lat="36.672714" lon="-5.204210">
        <ele>1021.6</ele>
      </trkpt>
      <trkpt lat="36.672674" lon="-5.203968">
        <ele>1022.6</ele>
      </trkpt>
      <trkpt lat="36.672651" lon="-5.203746">
        <ele>1024.3</ele>
      </trkpt>
      <trkpt lat="36.672648" lon="-5.203550">
        <ele>1025.6</ele>
      </trkpt>
      <trkpt lat="36.672667" lon="-5.203339">
        <ele>1025.8</ele>
      </trkpt>
      <trkpt lat="36.672716" lon="-5.203131">
        <ele>1024.7</ele>
      </trkpt>
      <trkpt lat="36.672776" lon="-5.202980">
        <ele>1024.2</ele>
      </trkpt>
      <trkpt lat="36.672868" lon="-5.202801">
        <ele>1024</ele>
      </trkpt>
      <trkpt lat="36.673023" lon="-5.202532">
        <ele>1022</ele>
      </trkpt>
      <trkpt lat="36.673172" lon="-5.202310">
        <ele>1020.1</ele>
      </trkpt>
      <trkpt lat="36.673317" lon="-5.202122">
        <ele>1018.3</ele>
      </trkpt>
      <trkpt lat="36.673446" lon="-5.201967">
        <ele>1018</ele>
      </trkpt>
      <trkpt lat="36.673574" lon="-5.201834">
        <ele>1017.4</ele>
      </trkpt>
      <trkpt lat="36.673707" lon="-5.201703">
        <ele>1016.9</ele>
      </trkpt>
      <trkpt lat="36.673848" lon="-5.201576">
        <ele>1015.8</ele>
      </trkpt>
      <trkpt lat="36.674012" lon="-5.201447">
        <ele>1015</ele>
      </trkpt>
      <trkpt lat="36.674195" lon="-5.201318">
        <ele>1013</ele>
      </trkpt>
      <trkpt lat="36.674938" lon="-5.200874">
        <ele>1008.9</ele>
      </trkpt>
      <trkpt lat="36.675106" lon="-5.200754">
        <ele>1008.7</ele>
      </trkpt>
      <trkpt lat="36.675216" lon="-5.200656">
        <ele>1008.8</ele>
      </trkpt>
      <trkpt lat="36.675394" lon="-5.200445">
        <ele>1008.4</ele>
      </trkpt>
      <trkpt lat="36.676361" lon="-5.199165">
        <ele>1003.6</ele>
      </trkpt>
      <trkpt lat="36.676412" lon="-5.199071">
        <ele>1003.1</ele>
      </trkpt>
      <trkpt lat="36.676725" lon="-5.198694">
        <ele>1002.5</ele>
      </trkpt>
      <trkpt lat="36.676914" lon="-5.198514">
        <ele>1001.2</ele>
      </trkpt>
      <trkpt lat="36.677211" lon="-5.198279">
        <ele>999.8</ele>
      </trkpt>
      <trkpt lat="36.677248" lon="-5.198250">
        <ele>1000.1</ele>
      </trkpt>
      <trkpt lat="36.677326" lon="-5.198190">
        <ele>1000.4</ele>
      </trkpt>
      <trkpt lat="36.677576" lon="-5.197997">
        <ele>999</ele>
      </trkpt>
      <trkpt lat="36.677972" lon="-5.197730">
        <ele>998.3</ele>
      </trkpt>
      <trkpt lat="36.678083" lon="-5.197640">
        <ele>997.5</ele>
      </trkpt>
      <trkpt lat="36.678131" lon="-5.197617">
        <ele>998.5</ele>
      </trkpt>
      <trkpt lat="36.678225" lon="-5.197509">
        <ele>998.2</ele>
      </trkpt>
      <trkpt lat="36.678315" lon="-5.197365">
        <ele>997.9</ele>
      </trkpt>
      <trkpt lat="36.678409" lon="-5.197174">
        <ele>997.2</ele>
      </trkpt>
      <trkpt lat="36.678678" lon="-5.196611">
        <ele>994.6</ele>
      </trkpt>
      <trkpt lat="36.678749" lon="-5.196498">
        <ele>993.8</ele>
      </trkpt>
      <trkpt lat="36.678836" lon="-5.196404">
        <ele>993.4</ele>
      </trkpt>
      <trkpt lat="36.679458" lon="-5.195799">
        <ele>989.5</ele>
      </trkpt>
      <trkpt lat="36.679609" lon="-5.195629">
        <ele>988.7</ele>
      </trkpt>
      <trkpt lat="36.679787" lon="-5.195392">
        <ele>987.7</ele>
      </trkpt>
      <trkpt lat="36.679898" lon="-5.195207">
        <ele>986.8</ele>
      </trkpt>
      <trkpt lat="36.680006" lon="-5.194997">
        <ele>985.2</ele>
      </trkpt>
      <trkpt lat="36.680151" lon="-5.194657">
        <ele>985.1</ele>
      </trkpt>
      <trkpt lat="36.680756" lon="-5.193172">
        <ele>978.7</ele>
      </trkpt>
      <trkpt lat="36.680836" lon="-5.193013">
        <ele>977.5</ele>
      </trkpt>
      <trkpt lat="36.680922" lon="-5.192890">
        <ele>977.5</ele>
      </trkpt>
      <trkpt lat="36.681018" lon="-5.192778">
        <ele>976</ele>
      </trkpt>
      <trkpt lat="36.681158" lon="-5.192654">
        <ele>976.5</ele>
      </trkpt>
      <trkpt lat="36.681452" lon="-5.192415">
        <ele>974.4</ele>
      </trkpt>
      <trkpt lat="36.681582" lon="-5.192292">
        <ele>973.1</ele>
      </trkpt>
      <trkpt lat="36.681725" lon="-5.192137">
        <ele>970.8</ele>
      </trkpt>
      <trkpt lat="36.682227" lon="-5.191510">
        <ele>966.2</ele>
      </trkpt>
      <trkpt lat="36.682838" lon="-5.190713">
        <ele>961.6</ele>
      </trkpt>
      <trkpt lat="36.683004" lon="-5.190473">
        <ele>959.7</ele>
      </trkpt>
      <trkpt lat="36.683123" lon="-5.190254">
        <ele>958.6</ele>
      </trkpt>
      <trkpt lat="36.683195" lon="-5.190080">
        <ele>958.1</ele>
      </trkpt>
      <trkpt lat="36.683245" lon="-5.189924">
        <ele>956.1</ele>
      </trkpt>
      <trkpt lat="36.683270" lon="-5.189773">
        <ele>953.7</ele>
      </trkpt>
      <trkpt lat="36.683283" lon="-5.189608">
        <ele>952.1</ele>
      </trkpt>
      <trkpt lat="36.683284" lon="-5.189224">
        <ele>949.4</ele>
      </trkpt>
      <trkpt lat="36.683296" lon="-5.189080">
        <ele>948.5</ele>
      </trkpt>
      <trkpt lat="36.683320" lon="-5.188957">
        <ele>947.6</ele>
      </trkpt>
      <trkpt lat="36.683369" lon="-5.188833">
        <ele>947.1</ele>
      </trkpt>
      <trkpt lat="36.683446" lon="-5.188690">
        <ele>946.8</ele>
      </trkpt>
      <trkpt lat="36.684098" lon="-5.187772">
        <ele>942.5</ele>
      </trkpt>
      <trkpt lat="36.684186" lon="-5.187685">
        <ele>941.7</ele>
      </trkpt>
      <trkpt lat="36.684275" lon="-5.187629">
        <ele>941.1</ele>
      </trkpt>
      <trkpt lat="36.684390" lon="-5.187586">
        <ele>939.5</ele>
      </trkpt>
      <trkpt lat="36.684658" lon="-5.187521">
        <ele>935.5</ele>
      </trkpt>
      <trkpt lat="36.684737" lon="-5.187483">
        <ele>934.3</ele>
      </trkpt>
      <trkpt lat="36.684825" lon="-5.187418">
        <ele>935.6</ele>
      </trkpt>
      <trkpt lat="36.685116" lon="-5.187071">
        <ele>932.3</ele>
      </trkpt>
      <trkpt lat="36.685174" lon="-5.186983">
        <ele>930.9</ele>
      </trkpt>
      <trkpt lat="36.685256" lon="-5.186833">
        <ele>928.9</ele>
      </trkpt>
      <trkpt lat="36.685328" lon="-5.186662">
        <ele>928.1</ele>
      </trkpt>
      <trkpt lat="36.685377" lon="-5.186493">
        <ele>927</ele>
      </trkpt>
      <trkpt lat="36.685448" lon="-5.186110">
        <ele>923.1</ele>
      </trkpt>
      <trkpt lat="36.685487" lon="-5.185982">
        <ele>922.1</ele>
      </trkpt>
      <trkpt lat="36.685542" lon="-5.185878">
        <ele>920.9</ele>
      </trkpt>
      <trkpt lat="36.685617" lon="-5.185794">
        <ele>919.9</ele>
      </trkpt>
      <trkpt lat="36.685702" lon="-5.185732">
        <ele>918.9</ele>
      </trkpt>
      <trkpt lat="36.685954" lon="-5.185591">
        <ele>917.5</ele>
      </trkpt>
      <trkpt lat="36.686034" lon="-5.185528">
        <ele>917</ele>
      </trkpt>
      <trkpt lat="36.686111" lon="-5.185443">
        <ele>916.4</ele>
      </trkpt>
      <trkpt lat="36.686168" lon="-5.185349">
        <ele>917.3</ele>
      </trkpt>
      <trkpt lat="36.686208" lon="-5.185246">
        <ele>916.9</ele>
      </trkpt>
      <trkpt lat="36.686242" lon="-5.185105">
        <ele>916.2</ele>
      </trkpt>
      <trkpt lat="36.686293" lon="-5.184495">
        <ele>910.5</ele>
      </trkpt>
      <trkpt lat="36.686328" lon="-5.184255">
        <ele>907.3</ele>
      </trkpt>
      <trkpt lat="36.686365" lon="-5.184031">
        <ele>904.5</ele>
      </trkpt>
      <trkpt lat="36.686445" lon="-5.183716">
        <ele>903</ele>
      </trkpt>
      <trkpt lat="36.686547" lon="-5.183399">
        <ele>899.8</ele>
      </trkpt>
      <trkpt lat="36.686677" lon="-5.183077">
        <ele>897.9</ele>
      </trkpt>
      <trkpt lat="36.686797" lon="-5.182801">
        <ele>896.3</ele>
      </trkpt>
      <trkpt lat="36.686858" lon="-5.182706">
        <ele>895</ele>
      </trkpt>
      <trkpt lat="36.686942" lon="-5.182609">
        <ele>893.9</ele>
      </trkpt>
      <trkpt lat="36.687043" lon="-5.182528">
        <ele>892.6</ele>
      </trkpt>
      <trkpt lat="36.687186" lon="-5.182458">
        <ele>891.4</ele>
      </trkpt>
      <trkpt lat="36.687876" lon="-5.182186">
        <ele>886.6</ele>
      </trkpt>
      <trkpt lat="36.687969" lon="-5.182136">
        <ele>886.1</ele>
      </trkpt>
      <trkpt lat="36.688055" lon="-5.182072">
        <ele>884.3</ele>
      </trkpt>
      <trkpt lat="36.688136" lon="-5.181996">
        <ele>882.8</ele>
      </trkpt>
      <trkpt lat="36.688600" lon="-5.181541">
        <ele>879.1</ele>
      </trkpt>
      <trkpt lat="36.688838" lon="-5.181353">
        <ele>876.9</ele>
      </trkpt>
      <trkpt lat="36.689399" lon="-5.180908">
        <ele>872.4</ele>
      </trkpt>
      <trkpt lat="36.689537" lon="-5.180811">
        <ele>869.6</ele>
      </trkpt>
      <trkpt lat="36.690820" lon="-5.180208">
        <ele>859.3</ele>
      </trkpt>
      <trkpt lat="36.691310" lon="-5.179980">
        <ele>855.9</ele>
      </trkpt>
      <trkpt lat="36.691487" lon="-5.179915">
        <ele>854.3</ele>
      </trkpt>
      <trkpt lat="36.691627" lon="-5.179878">
        <ele>853.4</ele>
      </trkpt>
      <trkpt lat="36.691755" lon="-5.179864">
        <ele>852.1</ele>
      </trkpt>
      <trkpt lat="36.691900" lon="-5.179868">
        <ele>850.7</ele>
      </trkpt>
      <trkpt lat="36.692053" lon="-5.179892">
        <ele>849.3</ele>
      </trkpt>
      <trkpt lat="36.692211" lon="-5.179944">
        <ele>848.5</ele>
      </trkpt>
      <trkpt lat="36.692765" lon="-5.180132">
        <ele>846.1</ele>
      </trkpt>
      <trkpt lat="36.692917" lon="-5.180169">
        <ele>844.1</ele>
      </trkpt>
      <trkpt lat="36.693058" lon="-5.180190">
        <ele>841.8</ele>
      </trkpt>
      <trkpt lat="36.693193" lon="-5.180191">
        <ele>840.5</ele>
      </trkpt>
      <trkpt lat="36.693334" lon="-5.180175">
        <ele>838.8</ele>
      </trkpt>
      <trkpt lat="36.693514" lon="-5.180132">
        <ele>837.9</ele>
      </trkpt>
      <trkpt lat="36.693866" lon="-5.179988">
        <ele>835.8</ele>
      </trkpt>
      <trkpt lat="36.694035" lon="-5.179921">
        <ele>833.7</ele>
      </trkpt>
      <trkpt lat="36.694552" lon="-5.179685">
        <ele>829.9</ele>
      </trkpt>
      <trkpt lat="36.695707" lon="-5.179184">
        <ele>824</ele>
      </trkpt>
      <trkpt lat="36.696484" lon="-5.178841">
        <ele>823.7</ele>
      </trkpt>
      <trkpt lat="36.696843" lon="-5.178664">
        <ele>823.5</ele>
      </trkpt>
      <trkpt lat="36.698248" lon="-5.177863">
        <ele>820</ele>
      </trkpt>
      <trkpt lat="36.698513" lon="-5.177703">
        <ele>819.6</ele>
      </trkpt>
      <trkpt lat="36.698918" lon="-5.177403">
        <ele>819.2</ele>
      </trkpt>
      <trkpt lat="36.699689" lon="-5.176819">
        <ele>815.4</ele>
      </trkpt>
      <trkpt lat="36.699884" lon="-5.176685">
        <ele>815</ele>
      </trkpt>
      <trkpt lat="36.700046" lon="-5.176608">
        <ele>814.7</ele>
      </trkpt>
      <trkpt lat="36.700173" lon="-5.176560">
        <ele>814.7</ele>
      </trkpt>
      <trkpt lat="36.700343" lon="-5.176517">
        <ele>814.2</ele>
      </trkpt>
      <trkpt lat="36.700501" lon="-5.176498">
        <ele>813.4</ele>
      </trkpt>
      <trkpt lat="36.700700" lon="-5.176498">
        <ele>813</ele>
      </trkpt>
      <trkpt lat="36.701159" lon="-5.176541">
        <ele>813.4</ele>
      </trkpt>
      <trkpt lat="36.701736" lon="-5.176596">
        <ele>813</ele>
      </trkpt>
      <trkpt lat="36.701969" lon="-5.176602">
        <ele>812.8</ele>
      </trkpt>
      <trkpt lat="36.702094" lon="-5.176592">
        <ele>812.4</ele>
      </trkpt>
      <trkpt lat="36.702298" lon="-5.176549">
        <ele>811.7</ele>
      </trkpt>
      <trkpt lat="36.703524" lon="-5.176214">
        <ele>811.7</ele>
      </trkpt>
      <trkpt lat="36.703698" lon="-5.176156">
        <ele>811.4</ele>
      </trkpt>
      <trkpt lat="36.703861" lon="-5.176081">
        <ele>811</ele>
      </trkpt>
      <trkpt lat="36.704688" lon="-5.175630">
        <ele>809.4</ele>
      </trkpt>
      <trkpt lat="36.704842" lon="-5.175565">
        <ele>809.5</ele>
      </trkpt>
      <trkpt lat="36.705080" lon="-5.175493">
        <ele>809.9</ele>
      </trkpt>
      <trkpt lat="36.705537" lon="-5.175403">
        <ele>810.2</ele>
      </trkpt>
      <trkpt lat="36.705934" lon="-5.175325">
        <ele>812.6</ele>
      </trkpt>
      <trkpt lat="36.706184" lon="-5.175292">
        <ele>814.3</ele>
      </trkpt>
      <trkpt lat="36.706467" lon="-5.175300">
        <ele>815.1</ele>
      </trkpt>
      <trkpt lat="36.707263" lon="-5.175427">
        <ele>815.1</ele>
      </trkpt>
      <trkpt lat="36.707626" lon="-5.175484">
        <ele>815.9</ele>
      </trkpt>
      <trkpt lat="36.707812" lon="-5.175499">
        <ele>816.6</ele>
      </trkpt>
      <trkpt lat="36.707964" lon="-5.175496">
        <ele>816.7</ele>
      </trkpt>
      <trkpt lat="36.708084" lon="-5.175481">
        <ele>816.9</ele>
      </trkpt>
      <trkpt lat="36.708204" lon="-5.175456">
        <ele>817.5</ele>
      </trkpt>
      <trkpt lat="36.708353" lon="-5.175402">
        <ele>818</ele>
      </trkpt>
      <trkpt lat="36.708491" lon="-5.175327">
        <ele>818.5</ele>
      </trkpt>
      <trkpt lat="36.708676" lon="-5.175199">
        <ele>819.3</ele>
      </trkpt>
      <trkpt lat="36.708921" lon="-5.174960">
        <ele>818.9</ele>
      </trkpt>
      <trkpt lat="36.709492" lon="-5.174281">
        <ele>820.5</ele>
      </trkpt>
      <trkpt lat="36.709733" lon="-5.174032">
        <ele>821.2</ele>
      </trkpt>
      <trkpt lat="36.709926" lon="-5.173863">
        <ele>821.9</ele>
      </trkpt>
      <trkpt lat="36.710135" lon="-5.173698">
        <ele>823.2</ele>
      </trkpt>
      <trkpt lat="36.710319" lon="-5.173563">
        <ele>824</ele>
      </trkpt>
      <trkpt lat="36.710558" lon="-5.173424">
        <ele>825.7</ele>
      </trkpt>
      <trkpt lat="36.710842" lon="-5.173294">
        <ele>825.4</ele>
      </trkpt>
      <trkpt lat="36.711025" lon="-5.173259">
        <ele>826.2</ele>
      </trkpt>
      <trkpt lat="36.711199" lon="-5.173244">
        <ele>827.2</ele>
      </trkpt>
      <trkpt lat="36.712046" lon="-5.173180">
        <ele>830.3</ele>
      </trkpt>
      <trkpt lat="36.712165" lon="-5.173150">
        <ele>830.4</ele>
      </trkpt>
      <trkpt lat="36.712252" lon="-5.173111">
        <ele>830.3</ele>
      </trkpt>
      <trkpt lat="36.712334" lon="-5.173055">
        <ele>830.2</ele>
      </trkpt>
      <trkpt lat="36.712408" lon="-5.172976">
        <ele>830</ele>
      </trkpt>
      <trkpt lat="36.712475" lon="-5.172878">
        <ele>830.2</ele>
      </trkpt>
      <trkpt lat="36.712625" lon="-5.172632">
        <ele>830.7</ele>
      </trkpt>
      <trkpt lat="36.712669" lon="-5.172574">
        <ele>830.4</ele>
      </trkpt>
      <trkpt lat="36.712746" lon="-5.172498">
        <ele>829.7</ele>
      </trkpt>
      <trkpt lat="36.712850" lon="-5.172439">
        <ele>829.7</ele>
      </trkpt>
      <trkpt lat="36.712939" lon="-5.172411">
        <ele>829.6</ele>
      </trkpt>
      <trkpt lat="36.713192" lon="-5.172388">
        <ele>829.8</ele>
      </trkpt>
      <trkpt lat="36.713272" lon="-5.172365">
        <ele>829.5</ele>
      </trkpt>
      <trkpt lat="36.713343" lon="-5.172325">
        <ele>828.8</ele>
      </trkpt>
      <trkpt lat="36.713446" lon="-5.172248">
        <ele>827.5</ele>
      </trkpt>
      <trkpt lat="36.713693" lon="-5.172002">
        <ele>825.7</ele>
      </trkpt>
      <trkpt lat="36.713810" lon="-5.171924">
        <ele>824.8</ele>
      </trkpt>
      <trkpt lat="36.713918" lon="-5.171889">
        <ele>824.3</ele>
      </trkpt>
      <trkpt lat="36.714016" lon="-5.171884">
        <ele>823.5</ele>
      </trkpt>
      <trkpt lat="36.714100" lon="-5.171894">
        <ele>822.8</ele>
      </trkpt>
      <trkpt lat="36.714245" lon="-5.171927">
        <ele>821.5</ele>
      </trkpt>
      <trkpt lat="36.714434" lon="-5.171978">
        <ele>820.2</ele>
      </trkpt>
      <trkpt lat="36.714541" lon="-5.171991">
        <ele>819.8</ele>
      </trkpt>
      <trkpt lat="36.714649" lon="-5.171987">
        <ele>818.8</ele>
      </trkpt>
      <trkpt lat="36.714769" lon="-5.171957">
        <ele>817.5</ele>
      </trkpt>
      <trkpt lat="36.714917" lon="-5.171887">
        <ele>816.5</ele>
      </trkpt>
      <trkpt lat="36.715766" lon="-5.171319">
        <ele>809.7</ele>
      </trkpt>
      <trkpt lat="36.715877" lon="-5.171269">
        <ele>809</ele>
      </trkpt>
      <trkpt lat="36.715985" lon="-5.171252">
        <ele>807.9</ele>
      </trkpt>
      <trkpt lat="36.716100" lon="-5.171253">
        <ele>807.1</ele>
      </trkpt>
      <trkpt lat="36.716328" lon="-5.171284">
        <ele>804.6</ele>
      </trkpt>
      <trkpt lat="36.716432" lon="-5.171282">
        <ele>803.7</ele>
      </trkpt>
      <trkpt lat="36.716545" lon="-5.171251">
        <ele>803.3</ele>
      </trkpt>
      <trkpt lat="36.716637" lon="-5.171200">
        <ele>802.8</ele>
      </trkpt>
      <trkpt lat="36.716741" lon="-5.171104">
        <ele>803.5</ele>
      </trkpt>
      <trkpt lat="36.716834" lon="-5.171003">
        <ele>802.9</ele>
      </trkpt>
      <trkpt lat="36.716930" lon="-5.170877">
        <ele>800.3</ele>
      </trkpt>
      <trkpt lat="36.717030" lon="-5.170758">
        <ele>800.2</ele>
      </trkpt>
      <trkpt lat="36.717208" lon="-5.170586">
        <ele>798</ele>
      </trkpt>
      <trkpt lat="36.717350" lon="-5.170507">
        <ele>797</ele>
      </trkpt>
      <trkpt lat="36.717490" lon="-5.170452">
        <ele>796.5</ele>
      </trkpt>
      <trkpt lat="36.717612" lon="-5.170432">
        <ele>795.9</ele>
      </trkpt>
      <trkpt lat="36.717735" lon="-5.170423">
        <ele>795.3</ele>
      </trkpt>
      <trkpt lat="36.717836" lon="-5.170423">
        <ele>794.4</ele>
      </trkpt>
      <trkpt lat="36.717926" lon="-5.170423">
        <ele>793.2</ele>
      </trkpt>
      <trkpt lat="36.718034" lon="-5.170425">
        <ele>791.9</ele>
      </trkpt>
      <trkpt lat="36.718524" lon="-5.170435">
        <ele>788.4</ele>
      </trkpt>
      <trkpt lat="36.718845" lon="-5.170445">
        <ele>786.9</ele>
      </trkpt>
      <trkpt lat="36.719122" lon="-5.170474">
        <ele>785</ele>
      </trkpt>
      <trkpt lat="36.719313" lon="-5.170514">
        <ele>784.2</ele>
      </trkpt>
      <trkpt lat="36.719755" lon="-5.170643">
        <ele>781.5</ele>
      </trkpt>
      <trkpt lat="36.720850" lon="-5.170972">
        <ele>772.4</ele>
      </trkpt>
      <trkpt lat="36.721017" lon="-5.171246">
        <ele>771.8</ele>
      </trkpt>
      <trkpt lat="36.721148" lon="-5.171405">
        <ele>770.7</ele>
      </trkpt>
      <trkpt lat="36.721283" lon="-5.171532">
        <ele>769.2</ele>
      </trkpt>
      <trkpt lat="36.721424" lon="-5.171641">
        <ele>768</ele>
      </trkpt>
      <trkpt lat="36.721685" lon="-5.171818">
        <ele>766.4</ele>
      </trkpt>
      <trkpt lat="36.722017" lon="-5.172000">
        <ele>763.9</ele>
      </trkpt>
      <trkpt lat="36.722265" lon="-5.172095">
        <ele>763.4</ele>
      </trkpt>
      <trkpt lat="36.722983" lon="-5.172314">
        <ele>756.2</ele>
      </trkpt>
      <trkpt lat="36.723355" lon="-5.172333">
        <ele>753.3</ele>
      </trkpt>
      <trkpt lat="36.723620" lon="-5.172322">
        <ele>752.3</ele>
      </trkpt>
      <trkpt lat="36.724137" lon="-5.172276">
        <ele>751.1</ele>
      </trkpt>
      <trkpt lat="36.724368" lon="-5.172233">
        <ele>750.3</ele>
      </trkpt>
      <trkpt lat="36.724579" lon="-5.172173">
        <ele>749.9</ele>
      </trkpt>
      <trkpt lat="36.724732" lon="-5.172117">
        <ele>749.6</ele>
      </trkpt>
      <trkpt lat="36.724905" lon="-5.172045">
        <ele>748.7</ele>
      </trkpt>
      <trkpt lat="36.725097" lon="-5.171926">
        <ele>747.8</ele>
      </trkpt>
      <trkpt lat="36.725215" lon="-5.171840">
        <ele>747.7</ele>
      </trkpt>
      <trkpt lat="36.725467" lon="-5.171646">
        <ele>746.6</ele>
      </trkpt>
      <trkpt lat="36.725610" lon="-5.171502">
        <ele>745.7</ele>
      </trkpt>
      <trkpt lat="36.725968" lon="-5.171266">
        <ele>744.1</ele>
      </trkpt>
      <trkpt lat="36.726784" lon="-5.170484">
        <ele>741.1</ele>
      </trkpt>
      <trkpt lat="36.727583" lon="-5.169724">
        <ele>738.3</ele>
      </trkpt>
      <trkpt lat="36.728396" lon="-5.168979">
        <ele>733.2</ele>
      </trkpt>
      <trkpt lat="36.728479" lon="-5.168902">
        <ele>732.5</ele>
      </trkpt>
      <trkpt lat="36.728551" lon="-5.168833">
        <ele>732</ele>
      </trkpt>
      <trkpt lat="36.728627" lon="-5.168761">
        <ele>731.6</ele>
      </trkpt>
      <trkpt lat="36.728735" lon="-5.168660">
        <ele>731.7</ele>
      </trkpt>
      <trkpt lat="36.728771" lon="-5.168627">
        <ele>731.7</ele>
      </trkpt>
      <trkpt lat="36.729256" lon="-5.168175">
        <ele>729.5</ele>
      </trkpt>
      <trkpt lat="36.729342" lon="-5.168099">
        <ele>729.3</ele>
      </trkpt>
      <trkpt lat="36.729327" lon="-5.168078">
        <ele>729.4</ele>
      </trkpt>
      <trkpt lat="36.729316" lon="-5.168040">
        <ele>729.4</ele>
      </trkpt>
      <trkpt lat="36.729316" lon="-5.168011">
        <ele>729.4</ele>
      </trkpt>
      <trkpt lat="36.729323" lon="-5.167986">
        <ele>729.3</ele>
      </trkpt>
      <trkpt lat="36.729337" lon="-5.167960">
        <ele>729.3</ele>
      </trkpt>
      <trkpt lat="36.729353" lon="-5.167944">
        <ele>729.2</ele>
      </trkpt>
      <trkpt lat="36.729379" lon="-5.167933">
        <ele>729.1</ele>
      </trkpt>
      <trkpt lat="36.729409" lon="-5.167934">
        <ele>729.1</ele>
      </trkpt>
      <trkpt lat="36.729428" lon="-5.167944">
        <ele>729</ele>
      </trkpt>
      <trkpt lat="36.729449" lon="-5.167964">
        <ele>729</ele>
      </trkpt>
      <trkpt lat="36.729468" lon="-5.168000">
        <ele>729.1</ele>
      </trkpt>
      <trkpt lat="36.729565" lon="-5.167904">
        <ele>729</ele>
      </trkpt>
      <trkpt lat="36.730054" lon="-5.167419">
        <ele>727.3</ele>
      </trkpt>
      <trkpt lat="36.730197" lon="-5.167267">
        <ele>726.2</ele>
      </trkpt>
      <trkpt lat="36.730311" lon="-5.167129">
        <ele>725.4</ele>
      </trkpt>
      <trkpt lat="36.730427" lon="-5.166975">
        <ele>725.1</ele>
      </trkpt>
      <trkpt lat="36.730480" lon="-5.166887">
        <ele>724.2</ele>
      </trkpt>
      <trkpt lat="36.730563" lon="-5.166881">
        <ele>723.6</ele>
      </trkpt>
      <trkpt lat="36.730732" lon="-5.166625">
        <ele>724.1</ele>
      </trkpt>
      <trkpt lat="36.730788" lon="-5.166533">
        <ele>723.6</ele>
      </trkpt>
      <trkpt lat="36.730857" lon="-5.166434">
        <ele>722.7</ele>
      </trkpt>
      <trkpt lat="36.731081" lon="-5.166315">
        <ele>721.5</ele>
      </trkpt>
      <trkpt lat="36.731264" lon="-5.166268">
        <ele>719.4</ele>
      </trkpt>
      <trkpt lat="36.731528" lon="-5.166226">
        <ele>715.5</ele>
      </trkpt>
      <trkpt lat="36.731647" lon="-5.166185">
        <ele>713.5</ele>
      </trkpt>
      <trkpt lat="36.731750" lon="-5.166115">
        <ele>712.1</ele>
      </trkpt>
      <trkpt lat="36.731960" lon="-5.165995">
        <ele>709.3</ele>
      </trkpt>
      <trkpt lat="36.732340" lon="-5.165741">
        <ele>704.6</ele>
      </trkpt>
      <trkpt lat="36.732464" lon="-5.165662">
        <ele>703.6</ele>
      </trkpt>
      <trkpt lat="36.732490" lon="-5.165596">
        <ele>703.8</ele>
      </trkpt>
      <trkpt lat="36.732608" lon="-5.165551">
        <ele>703.2</ele>
      </trkpt>
      <trkpt lat="36.732659" lon="-5.165530">
        <ele>702.7</ele>
      </trkpt>
      <trkpt lat="36.732966" lon="-5.165410">
        <ele>701.2</ele>
      </trkpt>
      <trkpt lat="36.732857" lon="-5.164981">
        <ele>699.2</ele>
      </trkpt>
      <trkpt lat="36.732857" lon="-5.164930">
        <ele>699.1</ele>
      </trkpt>
      <trkpt lat="36.732807" lon="-5.164628">
        <ele>699.2</ele>
      </trkpt>
      <trkpt lat="36.732821" lon="-5.164283">
        <ele>700.7</ele>
      </trkpt>
      <trkpt lat="36.733079" lon="-5.164277">
        <ele>701.3</ele>
      </trkpt>
      <trkpt lat="36.733189" lon="-5.164219">
        <ele>701.5</ele>
      </trkpt>
      <trkpt lat="36.733447" lon="-5.164232">
        <ele>699.8</ele>
      </trkpt>
      <trkpt lat="36.733699" lon="-5.164278">
        <ele>698.4</ele>
      </trkpt>
      <trkpt lat="36.733932" lon="-5.164330">
        <ele>698</ele>
      </trkpt>
      <trkpt lat="36.734262" lon="-5.164387">
        <ele>698.3</ele>
      </trkpt>
      <trkpt lat="36.734325" lon="-5.164453">
        <ele>698.6</ele>
      </trkpt>
      <trkpt lat="36.734373" lon="-5.164513">
        <ele>699</ele>
      </trkpt>
      <trkpt lat="36.734385" lon="-5.164513">
        <ele>699</ele>
      </trkpt>
      <trkpt lat="36.734413" lon="-5.164519">
        <ele>699.2</ele>
      </trkpt>
      <trkpt lat="36.734428" lon="-5.164528">
        <ele>699.2</ele>
      </trkpt>
      <trkpt lat="36.734439" lon="-5.164536">
        <ele>699.3</ele>
      </trkpt>
      <trkpt lat="36.734460" lon="-5.164561">
        <ele>699.5</ele>
      </trkpt>
      <trkpt lat="36.734474" lon="-5.164593">
        <ele>699.7</ele>
      </trkpt>
      <trkpt lat="36.734477" lon="-5.164608">
        <ele>699.8</ele>
      </trkpt>
      <trkpt lat="36.734479" lon="-5.164642">
        <ele>699.9</ele>
      </trkpt>
      <trkpt lat="36.734474" lon="-5.164674">
        <ele>700</ele>
      </trkpt>
      <trkpt lat="36.734470" lon="-5.164742">
        <ele>700.1</ele>
      </trkpt>
      <trkpt lat="36.734470" lon="-5.164769">
        <ele>700.1</ele>
      </trkpt>
      <trkpt lat="36.734483" lon="-5.164813">
        <ele>700.2</ele>
      </trkpt>
      <trkpt lat="36.734520" lon="-5.164881">
        <ele>700.4</ele>
      </trkpt>
      <trkpt lat="36.734571" lon="-5.164964">
        <ele>700.9</ele>
      </trkpt>
      <trkpt lat="36.734695" lon="-5.165089">
        <ele>700.6</ele>
      </trkpt>
      <trkpt lat="36.734772" lon="-5.165142">
        <ele>700.5</ele>
      </trkpt>
      <trkpt lat="36.734836" lon="-5.165162">
        <ele>700.9</ele>
      </trkpt>
      <trkpt lat="36.734898" lon="-5.165163">
        <ele>701.6</ele>
      </trkpt>
      <trkpt lat="36.734979" lon="-5.165124">
        <ele>703</ele>
      </trkpt>
      <trkpt lat="36.735070" lon="-5.165001">
        <ele>706</ele>
      </trkpt>
      <trkpt lat="36.735162" lon="-5.164678">
        <ele>709.3</ele>
      </trkpt>
      <trkpt lat="36.735253" lon="-5.164489">
        <ele>709.8</ele>
      </trkpt>
      <trkpt lat="36.735330" lon="-5.164410">
        <ele>712.1</ele>
      </trkpt>
      <trkpt lat="36.735485" lon="-5.164213">
        <ele>712.4</ele>
      </trkpt>
      <trkpt lat="36.735516" lon="-5.164185">
        <ele>712</ele>
      </trkpt>
      <trkpt lat="36.735564" lon="-5.164167">
        <ele>712</ele>
      </trkpt>
      <trkpt lat="36.735688" lon="-5.164196">
        <ele>713.3</ele>
      </trkpt>
      <trkpt lat="36.735798" lon="-5.164223">
        <ele>714.6</ele>
      </trkpt>
      <trkpt lat="36.735962" lon="-5.164253">
        <ele>714.6</ele>
      </trkpt>
      <trkpt lat="36.736115" lon="-5.164288">
        <ele>715</ele>
      </trkpt>
      <trkpt lat="36.736222" lon="-5.164318">
        <ele>715.8</ele>
      </trkpt>
      <trkpt lat="36.736328" lon="-5.164376">
        <ele>717.7</ele>
      </trkpt>
      <trkpt lat="36.736430" lon="-5.164460">
        <ele>720.2</ele>
      </trkpt>
      <trkpt lat="36.736484" lon="-5.164514">
        <ele>721.1</ele>
      </trkpt>
      <trkpt lat="36.736518" lon="-5.164540">
        <ele>721.3</ele>
      </trkpt>
      <trkpt lat="36.736561" lon="-5.164561">
        <ele>721.3</ele>
      </trkpt>
      <trkpt lat="36.736716" lon="-5.164611">
        <ele>721</ele>
      </trkpt>
      <trkpt lat="36.736874" lon="-5.164647">
        <ele>721.9</ele>
      </trkpt>
      <trkpt lat="36.737128" lon="-5.164701">
        <ele>723.3</ele>
      </trkpt>
      <trkpt lat="36.737265" lon="-5.164746">
        <ele>724.3</ele>
      </trkpt>
      <trkpt lat="36.737346" lon="-5.164763">
        <ele>724.6</ele>
      </trkpt>
      <trkpt lat="36.737403" lon="-5.164762">
        <ele>724.6</ele>
      </trkpt>
      <trkpt lat="36.737625" lon="-5.164678">
        <ele>723.7</ele>
      </trkpt>
      <trkpt lat="36.737678" lon="-5.164664">
        <ele>723.6</ele>
      </trkpt>
      <trkpt lat="36.737736" lon="-5.164670">
        <ele>723.6</ele>
      </trkpt>
      <trkpt lat="36.737816" lon="-5.164689">
        <ele>724</ele>
      </trkpt>
      <trkpt lat="36.737879" lon="-5.164711">
        <ele>724.6</ele>
      </trkpt>
      <trkpt lat="36.737950" lon="-5.164745">
        <ele>725.4</ele>
      </trkpt>
      <trkpt lat="36.738007" lon="-5.164779">
        <ele>726.1</ele>
      </trkpt>
      <trkpt lat="36.738144" lon="-5.164886">
        <ele>727.4</ele>
      </trkpt>
      <trkpt lat="36.738362" lon="-5.165042">
        <ele>728.4</ele>
      </trkpt>
      <trkpt lat="36.738447" lon="-5.165095">
        <ele>729.1</ele>
      </trkpt>
      <trkpt lat="36.738532" lon="-5.165119">
        <ele>729.6</ele>
      </trkpt>
      <trkpt lat="36.738664" lon="-5.165136">
        <ele>730</ele>
      </trkpt>
      <trkpt lat="36.738699" lon="-5.165138">
        <ele>730</ele>
      </trkpt>
      <trkpt lat="36.738769" lon="-5.165147">
        <ele>730</ele>
      </trkpt>
      <trkpt lat="36.738961" lon="-5.165171">
        <ele>729.8</ele>
      </trkpt>
      <trkpt lat="36.738991" lon="-5.165181">
        <ele>729.7</ele>
      </trkpt>
      <trkpt lat="36.739184" lon="-5.165276">
        <ele>729.9</ele>
      </trkpt>
      <trkpt lat="36.739832" lon="-5.165547">
        <ele>727.1</ele>
      </trkpt>
      <trkpt lat="36.739938" lon="-5.165581">
        <ele>726.2</ele>
      </trkpt>
      <trkpt lat="36.740015" lon="-5.165607">
        <ele>725.1</ele>
      </trkpt>
      <trkpt lat="36.740246" lon="-5.165699">
        <ele>713.6</ele>
      </trkpt>
      <trkpt lat="36.740411" lon="-5.165679">
        <ele>693.3</ele>
      </trkpt>
      <trkpt lat="36.740490" lon="-5.165710">
        <ele>679.6</ele>
      </trkpt>
      <trkpt lat="36.740515" lon="-5.165728">
        <ele>674.9</ele>
      </trkpt>
      <trkpt lat="36.740685" lon="-5.165854">
        <ele>657.7</ele>
      </trkpt>
      <trkpt lat="36.740947" lon="-5.166053">
        <ele>693.9</ele>
      </trkpt>
      <trkpt lat="36.741120" lon="-5.166106">
        <ele>722.9</ele>
      </trkpt>
      <trkpt lat="36.741185" lon="-5.166126">
        <ele>723</ele>
      </trkpt>
      <trkpt lat="36.741215" lon="-5.166085">
        <ele>722.8</ele>
      </trkpt>
      <trkpt lat="36.741223" lon="-5.166023">
        <ele>722.4</ele>
      </trkpt>
      <trkpt lat="36.741353" lon="-5.165369">
        <ele>715.6</ele>
      </trkpt>
      <trkpt lat="36.741490" lon="-5.164733">
        <ele>721.7</ele>
      </trkpt>
      <trkpt lat="36.741223" lon="-5.164584">
        <ele>718.2</ele>
      </trkpt>
      <trkpt lat="36.741173" lon="-5.164499">
        <ele>717.8</ele>
      </trkpt>
      <trkpt lat="36.741133" lon="-5.164435">
        <ele>717.4</ele>
      </trkpt>
      <trkpt lat="36.741022" lon="-5.164188">
        <ele>716.9</ele>
      </trkpt>
      <trkpt lat="36.741008" lon="-5.164154">
        <ele>716.8</ele>
        <extensions>
          <visugpx:TrkExtension xmlns:visugpx="https://www.visugpx.com/editgpx/">
            <visugpx:node>4</visugpx:node>
          </visugpx:TrkExtension>
        </extensions>
      </trkpt>
      <trkpt lat="36.741008" lon="-5.164154">
        <ele>716.8</ele>
      </trkpt>
      <trkpt lat="36.740951" lon="-5.164018">
        <ele>714.9</ele>
      </trkpt>
      <trkpt lat="36.740945" lon="-5.163811">
        <ele>712.6</ele>
      </trkpt>
      <trkpt lat="36.741085" lon="-5.163080">
        <ele>702.1</ele>
      </trkpt>
      <trkpt lat="36.741106" lon="-5.162920">
        <ele>700.5</ele>
      </trkpt>
      <trkpt lat="36.741183" lon="-5.162893">
        <ele>701</ele>
      </trkpt>
      <trkpt lat="36.741258" lon="-5.162886">
        <ele>701.6</ele>
      </trkpt>
      <trkpt lat="36.741342" lon="-5.162884">
        <ele>702.4</ele>
      </trkpt>
      <trkpt lat="36.741406" lon="-5.162893">
        <ele>703.2</ele>
      </trkpt>
      <trkpt lat="36.741483" lon="-5.162902">
        <ele>703.9</ele>
      </trkpt>
      <trkpt lat="36.741616" lon="-5.162937">
        <ele>705.4</ele>
      </trkpt>
      <trkpt lat="36.741750" lon="-5.162933">
        <ele>706.9</ele>
      </trkpt>
      <trkpt lat="36.741789" lon="-5.162928">
        <ele>707.4</ele>
      </trkpt>
      <trkpt lat="36.741959" lon="-5.162891">
        <ele>709.3</ele>
      </trkpt>
      <trkpt lat="36.742335" lon="-5.162660">
        <ele>712.6</ele>
      </trkpt>
      <trkpt lat="36.742399" lon="-5.162694">
        <ele>714.3</ele>
      </trkpt>
      <trkpt lat="36.742519" lon="-5.162899">
        <ele>717.6</ele>
      </trkpt>
      <trkpt lat="36.742613" lon="-5.163104">
        <ele>718.5</ele>
      </trkpt>
      <trkpt lat="36.742708" lon="-5.163008">
        <ele>718.8</ele>
      </trkpt>
      <trkpt lat="36.743347" lon="-5.162365">
        <ele>726.1</ele>
      </trkpt>
      <trkpt lat="36.743410" lon="-5.162302">
        <ele>726.6</ele>
      </trkpt>
      <trkpt lat="36.743545" lon="-5.162129">
        <ele>727.8</ele>
      </trkpt>
      <trkpt lat="36.743626" lon="-5.162027">
        <ele>728.7</ele>
      </trkpt>
      <trkpt lat="36.743758" lon="-5.161860">
        <ele>729.3</ele>
      </trkpt>
      <trkpt lat="36.743839" lon="-5.161723">
        <ele>729.8</ele>
      </trkpt>
      <trkpt lat="36.743849" lon="-5.161707">
        <ele>729.9</ele>
      </trkpt>
      <trkpt lat="36.743884" lon="-5.161656">
        <ele>730.1</ele>
      </trkpt>
      <trkpt lat="36.744101" lon="-5.161305">
        <ele>732</ele>
      </trkpt>
      <trkpt lat="36.744425" lon="-5.160765">
        <ele>734.1</ele>
      </trkpt>
      <trkpt lat="36.744487" lon="-5.160673">
        <ele>735.6</ele>
      </trkpt>
      <trkpt lat="36.744874" lon="-5.160033">
        <ele>734.5</ele>
      </trkpt>
      <trkpt lat="36.744913" lon="-5.159967">
        <ele>734.8</ele>
      </trkpt>
      <trkpt lat="36.745190" lon="-5.159604">
        <ele>737.7</ele>
      </trkpt>
      <trkpt lat="36.745257" lon="-5.159529">
        <ele>738.5</ele>
      </trkpt>
      <trkpt lat="36.745392" lon="-5.159380">
        <ele>740.7</ele>
      </trkpt>
      <trkpt lat="36.745648" lon="-5.159063">
        <ele>743.1</ele>
      </trkpt>
      <trkpt lat="36.745891" lon="-5.158782">
        <ele>744.7</ele>
      </trkpt>
      <trkpt lat="36.745999" lon="-5.158594">
        <ele>745.6</ele>
      </trkpt>
      <trkpt lat="36.746493" lon="-5.157763">
        <ele>748.2</ele>
      </trkpt>
      <trkpt lat="36.746602" lon="-5.157617">
        <ele>747.3</ele>
      </trkpt>
      <trkpt lat="36.746728" lon="-5.157511">
        <ele>747.3</ele>
      </trkpt>
      <trkpt lat="36.746782" lon="-5.157470">
        <ele>747.3</ele>
      </trkpt>
      <trkpt lat="36.746904" lon="-5.157380">
        <ele>747.1</ele>
      </trkpt>
      <trkpt lat="36.747008" lon="-5.157303">
        <ele>746.4</ele>
      </trkpt>
      <trkpt lat="36.747280" lon="-5.157098">
        <ele>745.7</ele>
      </trkpt>
      <trkpt lat="36.747419" lon="-5.156970">
        <ele>744.6</ele>
      </trkpt>
      <trkpt lat="36.747528" lon="-5.156878">
        <ele>744.1</ele>
      </trkpt>
      <trkpt lat="36.747615" lon="-5.156707">
        <ele>744.1</ele>
      </trkpt>
      <trkpt lat="36.747663" lon="-5.156685">
        <ele>744</ele>
      </trkpt>
      <trkpt lat="36.747679" lon="-5.156680">
        <ele>744</ele>
      </trkpt>
      <trkpt lat="36.747703" lon="-5.156700">
        <ele>744.1</ele>
      </trkpt>
      <trkpt lat="36.747752" lon="-5.156611">
        <ele>744</ele>
      </trkpt>
      <trkpt lat="36.747809" lon="-5.156509">
        <ele>744</ele>
      </trkpt>
      <trkpt lat="36.747945" lon="-5.156267">
        <ele>743.6</ele>
      </trkpt>
      <trkpt lat="36.747964" lon="-5.156233">
        <ele>743.4</ele>
      </trkpt>
      <trkpt lat="36.747987" lon="-5.156191">
        <ele>743.3</ele>
      </trkpt>
      <trkpt lat="36.748066" lon="-5.156050">
        <ele>743</ele>
      </trkpt>
      <trkpt lat="36.748090" lon="-5.156007">
        <ele>743.1</ele>
      </trkpt>
      <trkpt lat="36.748129" lon="-5.155937">
        <ele>743.3</ele>
      </trkpt>
      <trkpt lat="36.748369" lon="-5.155508">
        <ele>743.2</ele>
      </trkpt>
      <trkpt lat="36.748422" lon="-5.155412">
        <ele>743.3</ele>
      </trkpt>
      <trkpt lat="36.748406" lon="-5.155395">
        <ele>743.2</ele>
      </trkpt>
      <trkpt lat="36.748394" lon="-5.155374">
        <ele>743.2</ele>
      </trkpt>
      <trkpt lat="36.748384" lon="-5.155343">
        <ele>743.1</ele>
      </trkpt>
      <trkpt lat="36.748383" lon="-5.155309">
        <ele>743</ele>
      </trkpt>
      <trkpt lat="36.748390" lon="-5.155277">
        <ele>743</ele>
      </trkpt>
      <trkpt lat="36.748404" lon="-5.155249">
        <ele>743</ele>
      </trkpt>
      <trkpt lat="36.748428" lon="-5.155225">
        <ele>743</ele>
      </trkpt>
      <trkpt lat="36.748456" lon="-5.155213">
        <ele>743</ele>
      </trkpt>
      <trkpt lat="36.748606" lon="-5.154939">
        <ele>743</ele>
      </trkpt>
      <trkpt lat="36.748738" lon="-5.154690">
        <ele>742.9</ele>
      </trkpt>
      <trkpt lat="36.748818" lon="-5.154533">
        <ele>742.3</ele>
      </trkpt>
      <trkpt lat="36.748845" lon="-5.154480">
        <ele>742.1</ele>
      </trkpt>
      <trkpt lat="36.748988" lon="-5.154206">
        <ele>742.1</ele>
      </trkpt>
      <trkpt lat="36.749386" lon="-5.153463">
        <ele>739.5</ele>
      </trkpt>
      <trkpt lat="36.749443" lon="-5.153385">
        <ele>739.2</ele>
      </trkpt>
      <trkpt lat="36.749612" lon="-5.153083">
        <ele>737.5</ele>
      </trkpt>
      <trkpt lat="36.749694" lon="-5.153020">
        <ele>737.1</ele>
      </trkpt>
      <trkpt lat="36.749900" lon="-5.152737">
        <ele>736.2</ele>
      </trkpt>
      <trkpt lat="36.750435" lon="-5.152052">
        <ele>732.1</ele>
      </trkpt>
      <trkpt lat="36.750802" lon="-5.151679">
        <ele>730.1</ele>
      </trkpt>
      <trkpt lat="36.750950" lon="-5.151551">
        <ele>729.6</ele>
      </trkpt>
      <trkpt lat="36.751175" lon="-5.151360">
        <ele>728.7</ele>
      </trkpt>
      <trkpt lat="36.751220" lon="-5.151321">
        <ele>728.4</ele>
      </trkpt>
      <trkpt lat="36.751349" lon="-5.151206">
        <ele>727.5</ele>
      </trkpt>
      <trkpt lat="36.751367" lon="-5.151183">
        <ele>727.3</ele>
      </trkpt>
      <trkpt lat="36.751443" lon="-5.151084">
        <ele>726.9</ele>
      </trkpt>
      <trkpt lat="36.751448" lon="-5.151055">
        <ele>726.8</ele>
      </trkpt>
      <trkpt lat="36.751460" lon="-5.151030">
        <ele>726.6</ele>
      </trkpt>
      <trkpt lat="36.751478" lon="-5.151010">
        <ele>726.5</ele>
      </trkpt>
      <trkpt lat="36.751499" lon="-5.150997">
        <ele>726.4</ele>
      </trkpt>
      <trkpt lat="36.751523" lon="-5.150993">
        <ele>726.4</ele>
      </trkpt>
      <trkpt lat="36.751546" lon="-5.150997">
        <ele>726.4</ele>
      </trkpt>
      <trkpt lat="36.751562" lon="-5.151006">
        <ele>726.4</ele>
      </trkpt>
      <trkpt lat="36.751577" lon="-5.151020">
        <ele>726.4</ele>
      </trkpt>
      <trkpt lat="36.751688" lon="-5.150973">
        <ele>726</ele>
      </trkpt>
      <trkpt lat="36.751753" lon="-5.150920">
        <ele>725.8</ele>
      </trkpt>
      <trkpt lat="36.752047" lon="-5.150677">
        <ele>725.6</ele>
      </trkpt>
      <trkpt lat="36.752443" lon="-5.150373">
        <ele>725.3</ele>
      </trkpt>
      <trkpt lat="36.752518" lon="-5.150316">
        <ele>725.1</ele>
      </trkpt>
      <trkpt lat="36.752844" lon="-5.150069">
        <ele>724.2</ele>
      </trkpt>
      <trkpt lat="36.752963" lon="-5.149976">
        <ele>724</ele>
      </trkpt>
      <trkpt lat="36.753044" lon="-5.149911">
        <ele>724</ele>
      </trkpt>
      <trkpt lat="36.753110" lon="-5.149879">
        <ele>724</ele>
      </trkpt>
      <trkpt lat="36.753175" lon="-5.149863">
        <ele>724</ele>
      </trkpt>
      <trkpt lat="36.753181" lon="-5.149824">
        <ele>723.9</ele>
      </trkpt>
      <trkpt lat="36.753196" lon="-5.149790">
        <ele>723.7</ele>
      </trkpt>
      <trkpt lat="36.753220" lon="-5.149764">
        <ele>723.6</ele>
      </trkpt>
      <trkpt lat="36.753250" lon="-5.149750">
        <ele>723.4</ele>
      </trkpt>
      <trkpt lat="36.753281" lon="-5.149749">
        <ele>723.3</ele>
      </trkpt>
      <trkpt lat="36.753339" lon="-5.149662">
        <ele>723</ele>
      </trkpt>
      <trkpt lat="36.753461" lon="-5.149464">
        <ele>722.6</ele>
      </trkpt>
      <trkpt lat="36.753576" lon="-5.149233">
        <ele>722.9</ele>
      </trkpt>
      <trkpt lat="36.753597" lon="-5.149172">
        <ele>723</ele>
      </trkpt>
      <trkpt lat="36.753611" lon="-5.148748">
        <ele>721</ele>
      </trkpt>
      <trkpt lat="36.753627" lon="-5.148487">
        <ele>721.3</ele>
      </trkpt>
      <trkpt lat="36.753656" lon="-5.148379">
        <ele>721.7</ele>
      </trkpt>
      <trkpt lat="36.753692" lon="-5.148311">
        <ele>722.1</ele>
      </trkpt>
      <trkpt lat="36.753733" lon="-5.148252">
        <ele>722.4</ele>
      </trkpt>
      <trkpt lat="36.753782" lon="-5.148209">
        <ele>722.6</ele>
      </trkpt>
      <trkpt lat="36.753860" lon="-5.148170">
        <ele>723</ele>
      </trkpt>
      <trkpt lat="36.753925" lon="-5.148162">
        <ele>723.5</ele>
      </trkpt>
      <trkpt lat="36.753996" lon="-5.148164">
        <ele>724</ele>
      </trkpt>
      <trkpt lat="36.754052" lon="-5.148195">
        <ele>724.4</ele>
      </trkpt>
      <trkpt lat="36.754090" lon="-5.148233">
        <ele>724.3</ele>
      </trkpt>
      <trkpt lat="36.754218" lon="-5.148378">
        <ele>723.3</ele>
      </trkpt>
      <trkpt lat="36.754307" lon="-5.148408">
        <ele>723.7</ele>
      </trkpt>
      <trkpt lat="36.754380" lon="-5.148417">
        <ele>724.1</ele>
      </trkpt>
      <trkpt lat="36.754448" lon="-5.148402">
        <ele>724.5</ele>
      </trkpt>
      <trkpt lat="36.754527" lon="-5.148354">
        <ele>724.3</ele>
      </trkpt>
      <trkpt lat="36.754635" lon="-5.148265">
        <ele>724.2</ele>
      </trkpt>
      <trkpt lat="36.754746" lon="-5.148085">
        <ele>724.4</ele>
      </trkpt>
      <trkpt lat="36.754836" lon="-5.147899">
        <ele>724.5</ele>
      </trkpt>
      <trkpt lat="36.754923" lon="-5.147691">
        <ele>725.4</ele>
      </trkpt>
      <trkpt lat="36.754989" lon="-5.147515">
        <ele>726</ele>
      </trkpt>
      <trkpt lat="36.755071" lon="-5.147282">
        <ele>726.8</ele>
      </trkpt>
      <trkpt lat="36.755179" lon="-5.147000">
        <ele>727.3</ele>
      </trkpt>
      <trkpt lat="36.755205" lon="-5.146899">
        <ele>727.4</ele>
      </trkpt>
      <trkpt lat="36.755352" lon="-5.146576">
        <ele>728.3</ele>
      </trkpt>
      <trkpt lat="36.755735" lon="-5.145822">
        <ele>729.5</ele>
      </trkpt>
      <trkpt lat="36.755808" lon="-5.145746">
        <ele>728.9</ele>
      </trkpt>
      <trkpt lat="36.755990" lon="-5.145409">
        <ele>729.9</ele>
      </trkpt>
      <trkpt lat="36.756045" lon="-5.145363">
        <ele>729.5</ele>
      </trkpt>
      <trkpt lat="36.756072" lon="-5.145357">
        <ele>729.2</ele>
      </trkpt>
      <trkpt lat="36.756106" lon="-5.145368">
        <ele>728.7</ele>
      </trkpt>
      <trkpt lat="36.756194" lon="-5.145421">
        <ele>727.6</ele>
      </trkpt>
      <trkpt lat="36.756255" lon="-5.145471">
        <ele>726.8</ele>
      </trkpt>
      <trkpt lat="36.756328" lon="-5.145438">
        <ele>726.1</ele>
      </trkpt>
      <trkpt lat="36.756405" lon="-5.145378">
        <ele>725.5</ele>
      </trkpt>
      <trkpt lat="36.756512" lon="-5.145271">
        <ele>725.1</ele>
      </trkpt>
      <trkpt lat="36.756602" lon="-5.145152">
        <ele>724</ele>
      </trkpt>
      <trkpt lat="36.756664" lon="-5.145034">
        <ele>722.3</ele>
      </trkpt>
      <trkpt lat="36.756714" lon="-5.144915">
        <ele>721.6</ele>
      </trkpt>
      <trkpt lat="36.756763" lon="-5.144780">
        <ele>721</ele>
      </trkpt>
      <trkpt lat="36.756848" lon="-5.144583">
        <ele>720.2</ele>
      </trkpt>
      <trkpt lat="36.756952" lon="-5.144431">
        <ele>718</ele>
      </trkpt>
      <trkpt lat="36.757066" lon="-5.144317">
        <ele>717.2</ele>
      </trkpt>
      <trkpt lat="36.757505" lon="-5.144009">
        <ele>714.6</ele>
      </trkpt>
      <trkpt lat="36.757632" lon="-5.143934">
        <ele>713.8</ele>
      </trkpt>
      <trkpt lat="36.757980" lon="-5.143795">
        <ele>712.3</ele>
      </trkpt>
      <trkpt lat="36.758079" lon="-5.143733">
        <ele>711.7</ele>
      </trkpt>
      <trkpt lat="36.758271" lon="-5.143528">
        <ele>710.2</ele>
      </trkpt>
      <trkpt lat="36.758440" lon="-5.143384">
        <ele>709.9</ele>
      </trkpt>
      <trkpt lat="36.758632" lon="-5.143305">
        <ele>708.3</ele>
      </trkpt>
      <trkpt lat="36.758802" lon="-5.143256">
        <ele>707.7</ele>
      </trkpt>
      <trkpt lat="36.759037" lon="-5.143183">
        <ele>706.5</ele>
      </trkpt>
      <trkpt lat="36.759172" lon="-5.143177">
        <ele>706.1</ele>
      </trkpt>
      <trkpt lat="36.759272" lon="-5.143200">
        <ele>705.9</ele>
      </trkpt>
      <trkpt lat="36.759349" lon="-5.143227">
        <ele>705.5</ele>
      </trkpt>
      <trkpt lat="36.759893" lon="-5.143503">
        <ele>703.9</ele>
      </trkpt>
      <trkpt lat="36.760207" lon="-5.143629">
        <ele>701.3</ele>
      </trkpt>
      <trkpt lat="36.760365" lon="-5.143606">
        <ele>700.4</ele>
      </trkpt>
      <trkpt lat="36.760472" lon="-5.143544">
        <ele>700</ele>
      </trkpt>
      <trkpt lat="36.760661" lon="-5.143295">
        <ele>699.2</ele>
      </trkpt>
      <trkpt lat="36.760753" lon="-5.143186">
        <ele>698.6</ele>
      </trkpt>
      <trkpt lat="36.760856" lon="-5.143125">
        <ele>698.1</ele>
      </trkpt>
      <trkpt lat="36.761047" lon="-5.143110">
        <ele>698.6</ele>
      </trkpt>
      <trkpt lat="36.761522" lon="-5.143194">
        <ele>699</ele>
      </trkpt>
      <trkpt lat="36.761670" lon="-5.143188">
        <ele>699</ele>
      </trkpt>
      <trkpt lat="36.762065" lon="-5.142729">
        <ele>697.9</ele>
      </trkpt>
      <trkpt lat="36.762150" lon="-5.142660">
        <ele>697.9</ele>
      </trkpt>
      <trkpt lat="36.762251" lon="-5.142610">
        <ele>697.9</ele>
      </trkpt>
      <trkpt lat="36.762488" lon="-5.142547">
        <ele>698</ele>
      </trkpt>
      <trkpt lat="36.762633" lon="-5.142484">
        <ele>698.3</ele>
      </trkpt>
      <trkpt lat="36.762737" lon="-5.142409">
        <ele>698.6</ele>
      </trkpt>
      <trkpt lat="36.762891" lon="-5.142253">
        <ele>699</ele>
      </trkpt>
      <trkpt lat="36.763040" lon="-5.142134">
        <ele>698.4</ele>
      </trkpt>
      <trkpt lat="36.763203" lon="-5.142042">
        <ele>698.3</ele>
      </trkpt>
      <trkpt lat="36.763512" lon="-5.141899">
        <ele>698.1</ele>
      </trkpt>
      <trkpt lat="36.763735" lon="-5.141782">
        <ele>697.9</ele>
      </trkpt>
      <trkpt lat="36.764044" lon="-5.141625">
        <ele>697.3</ele>
      </trkpt>
      <trkpt lat="36.764401" lon="-5.141453">
        <ele>696.6</ele>
      </trkpt>
      <trkpt lat="36.764673" lon="-5.141291">
        <ele>695.3</ele>
      </trkpt>
      <trkpt lat="36.765023" lon="-5.141165">
        <ele>696.3</ele>
      </trkpt>
      <trkpt lat="36.765224" lon="-5.141093">
        <ele>696.4</ele>
      </trkpt>
      <trkpt lat="36.765359" lon="-5.141020">
        <ele>696.6</ele>
      </trkpt>
      <trkpt lat="36.765456" lon="-5.140943">
        <ele>696.7</ele>
      </trkpt>
      <trkpt lat="36.765588" lon="-5.140805">
        <ele>696.7</ele>
      </trkpt>
      <trkpt lat="36.765710" lon="-5.140622">
        <ele>696.9</ele>
      </trkpt>
      <trkpt lat="36.765808" lon="-5.140479">
        <ele>697.1</ele>
      </trkpt>
      <trkpt lat="36.765913" lon="-5.140348">
        <ele>697.1</ele>
      </trkpt>
      <trkpt lat="36.765990" lon="-5.140278">
        <ele>696.7</ele>
      </trkpt>
      <trkpt lat="36.766072" lon="-5.140221">
        <ele>696.3</ele>
      </trkpt>
      <trkpt lat="36.766194" lon="-5.140171">
        <ele>696.1</ele>
      </trkpt>
      <trkpt lat="36.766384" lon="-5.140123">
        <ele>695.7</ele>
      </trkpt>
      <trkpt lat="36.766518" lon="-5.140107">
        <ele>695.7</ele>
      </trkpt>
      <trkpt lat="36.766645" lon="-5.140102">
        <ele>695.6</ele>
      </trkpt>
      <trkpt lat="36.766777" lon="-5.140118">
        <ele>694.7</ele>
      </trkpt>
      <trkpt lat="36.766905" lon="-5.140141">
        <ele>693.7</ele>
      </trkpt>
      <trkpt lat="36.767436" lon="-5.140274">
        <ele>689.3</ele>
      </trkpt>
      <trkpt lat="36.767850" lon="-5.140347">
        <ele>685.2</ele>
      </trkpt>
      <trkpt lat="36.768128" lon="-5.140402">
        <ele>682.8</ele>
      </trkpt>
      <trkpt lat="36.768205" lon="-5.140402">
        <ele>682.8</ele>
      </trkpt>
      <trkpt lat="36.768572" lon="-5.140464">
        <ele>680.2</ele>
      </trkpt>
      <trkpt lat="36.768827" lon="-5.140489">
        <ele>677.7</ele>
      </trkpt>
      <trkpt lat="36.769080" lon="-5.140509">
        <ele>674.8</ele>
      </trkpt>
      <trkpt lat="36.769301" lon="-5.140512">
        <ele>672.4</ele>
      </trkpt>
      <trkpt lat="36.769547" lon="-5.140505">
        <ele>670.4</ele>
      </trkpt>
      <trkpt lat="36.769641" lon="-5.140516">
        <ele>669.4</ele>
      </trkpt>
      <trkpt lat="36.769786" lon="-5.140493">
        <ele>668.4</ele>
      </trkpt>
      <trkpt lat="36.769955" lon="-5.140456">
        <ele>666.8</ele>
      </trkpt>
      <trkpt lat="36.770128" lon="-5.140412">
        <ele>664.8</ele>
      </trkpt>
      <trkpt lat="36.770857" lon="-5.140142">
        <ele>658.9</ele>
      </trkpt>
      <trkpt lat="36.771013" lon="-5.140102">
        <ele>658.5</ele>
      </trkpt>
      <trkpt lat="36.771175" lon="-5.140078">
        <ele>658.6</ele>
      </trkpt>
      <trkpt lat="36.771352" lon="-5.140071">
        <ele>659.1</ele>
      </trkpt>
      <trkpt lat="36.771530" lon="-5.140077">
        <ele>660.1</ele>
      </trkpt>
      <trkpt lat="36.771948" lon="-5.140116">
        <ele>662.1</ele>
      </trkpt>
      <trkpt lat="36.773415" lon="-5.140217">
        <ele>658</ele>
      </trkpt>
      <trkpt lat="36.773652" lon="-5.140226">
        <ele>656.4</ele>
      </trkpt>
      <trkpt lat="36.773841" lon="-5.140218">
        <ele>654.7</ele>
      </trkpt>
      <trkpt lat="36.774139" lon="-5.140179">
        <ele>652.9</ele>
      </trkpt>
      <trkpt lat="36.775556" lon="-5.139969">
        <ele>651.4</ele>
      </trkpt>
      <trkpt lat="36.776076" lon="-5.139890">
        <ele>650.1</ele>
      </trkpt>
      <trkpt lat="36.777783" lon="-5.139614">
        <ele>644.4</ele>
      </trkpt>
      <trkpt lat="36.778495" lon="-5.139503">
        <ele>645.3</ele>
      </trkpt>
      <trkpt lat="36.778945" lon="-5.139472">
        <ele>644.7</ele>
      </trkpt>
      <trkpt lat="36.779260" lon="-5.139492">
        <ele>643.8</ele>
      </trkpt>
      <trkpt lat="36.779427" lon="-5.139527">
        <ele>643.7</ele>
      </trkpt>
      <trkpt lat="36.779550" lon="-5.139566">
        <ele>643.2</ele>
      </trkpt>
      <trkpt lat="36.780138" lon="-5.139866">
        <ele>641.4</ele>
      </trkpt>
      <trkpt lat="36.781220" lon="-5.140535">
        <ele>637.9</ele>
      </trkpt>
      <trkpt lat="36.781800" lon="-5.140903">
        <ele>636.8</ele>
      </trkpt>
      <trkpt lat="36.782314" lon="-5.141198">
        <ele>633.4</ele>
      </trkpt>
      <trkpt lat="36.782767" lon="-5.141483">
        <ele>631</ele>
      </trkpt>
      <trkpt lat="36.783645" lon="-5.142035">
        <ele>626.8</ele>
      </trkpt>
      <trkpt lat="36.784100" lon="-5.142324">
        <ele>628.8</ele>
      </trkpt>
      <trkpt lat="36.784299" lon="-5.142442">
        <ele>629.1</ele>
      </trkpt>
      <trkpt lat="36.784548" lon="-5.142574">
        <ele>628.8</ele>
      </trkpt>
      <trkpt lat="36.784683" lon="-5.142615">
        <ele>629</ele>
      </trkpt>
      <trkpt lat="36.784827" lon="-5.142645">
        <ele>628.6</ele>
      </trkpt>
      <trkpt lat="36.785090" lon="-5.142632">
        <ele>627.4</ele>
      </trkpt>
      <trkpt lat="36.785642" lon="-5.142561">
        <ele>626.3</ele>
      </trkpt>
      <trkpt lat="36.785970" lon="-5.142518">
        <ele>626</ele>
      </trkpt>
      <trkpt lat="36.786457" lon="-5.142446">
        <ele>627.2</ele>
      </trkpt>
      <trkpt lat="36.786497" lon="-5.142440">
        <ele>627.3</ele>
      </trkpt>
      <trkpt lat="36.786641" lon="-5.142419">
        <ele>627.6</ele>
      </trkpt>
      <trkpt lat="36.786992" lon="-5.142370">
        <ele>627.5</ele>
      </trkpt>
      <trkpt lat="36.787078" lon="-5.142358">
        <ele>627.8</ele>
      </trkpt>
      <trkpt lat="36.787961" lon="-5.142240">
        <ele>627.3</ele>
      </trkpt>
      <trkpt lat="36.788389" lon="-5.142169">
        <ele>626.1</ele>
      </trkpt>
      <trkpt lat="36.788561" lon="-5.142130">
        <ele>625</ele>
      </trkpt>
      <trkpt lat="36.788698" lon="-5.142083">
        <ele>623.9</ele>
      </trkpt>
      <trkpt lat="36.788988" lon="-5.141942">
        <ele>621.9</ele>
      </trkpt>
      <trkpt lat="36.789245" lon="-5.141772">
        <ele>620.8</ele>
      </trkpt>
      <trkpt lat="36.789515" lon="-5.141521">
        <ele>618.4</ele>
      </trkpt>
      <trkpt lat="36.789658" lon="-5.141355">
        <ele>618.8</ele>
      </trkpt>
      <trkpt lat="36.789754" lon="-5.141237">
        <ele>619.4</ele>
      </trkpt>
      <trkpt lat="36.790704" lon="-5.140078">
        <ele>624.4</ele>
      </trkpt>
      <trkpt lat="36.790844" lon="-5.139923">
        <ele>624.4</ele>
      </trkpt>
      <trkpt lat="36.790943" lon="-5.139845">
        <ele>624</ele>
      </trkpt>
      <trkpt lat="36.791088" lon="-5.139745">
        <ele>624.6</ele>
      </trkpt>
      <trkpt lat="36.791685" lon="-5.139382">
        <ele>624.1</ele>
      </trkpt>
      <trkpt lat="36.791996" lon="-5.139194">
        <ele>622</ele>
      </trkpt>
      <trkpt lat="36.792231" lon="-5.139065">
        <ele>620.3</ele>
      </trkpt>
      <trkpt lat="36.792473" lon="-5.138957">
        <ele>618.5</ele>
      </trkpt>
      <trkpt lat="36.792630" lon="-5.138905">
        <ele>618.3</ele>
      </trkpt>
      <trkpt lat="36.792746" lon="-5.138875">
        <ele>618.2</ele>
      </trkpt>
      <trkpt lat="36.792998" lon="-5.138819">
        <ele>617.1</ele>
      </trkpt>
      <trkpt lat="36.793300" lon="-5.138799">
        <ele>616.1</ele>
      </trkpt>
      <trkpt lat="36.793536" lon="-5.138805">
        <ele>615</ele>
      </trkpt>
      <trkpt lat="36.793748" lon="-5.138827">
        <ele>614</ele>
      </trkpt>
      <trkpt lat="36.794719" lon="-5.139087">
        <ele>608.3</ele>
      </trkpt>
      <trkpt lat="36.794787" lon="-5.139106">
        <ele>608</ele>
      </trkpt>
      <trkpt lat="36.794878" lon="-5.139132">
        <ele>607.6</ele>
      </trkpt>
      <trkpt lat="36.794951" lon="-5.139161">
        <ele>607.2</ele>
      </trkpt>
      <trkpt lat="36.795054" lon="-5.139234">
        <ele>607.3</ele>
      </trkpt>
      <trkpt lat="36.795124" lon="-5.139322">
        <ele>607.3</ele>
      </trkpt>
      <trkpt lat="36.795307" lon="-5.139528">
        <ele>606.4</ele>
      </trkpt>
      <trkpt lat="36.795514" lon="-5.139765">
        <ele>605.4</ele>
      </trkpt>
      <trkpt lat="36.795568" lon="-5.139833">
        <ele>605.4</ele>
      </trkpt>
      <trkpt lat="36.796135" lon="-5.140029">
        <ele>605.1</ele>
      </trkpt>
      <trkpt lat="36.796364" lon="-5.140109">
        <ele>606.1</ele>
      </trkpt>
      <trkpt lat="36.796431" lon="-5.140132">
        <ele>606.2</ele>
      </trkpt>
      <trkpt lat="36.796813" lon="-5.140244">
        <ele>605.7</ele>
      </trkpt>
      <trkpt lat="36.797449" lon="-5.140432">
        <ele>604.9</ele>
      </trkpt>
      <trkpt lat="36.798049" lon="-5.140522">
        <ele>601.3</ele>
      </trkpt>
      <trkpt lat="36.798138" lon="-5.140548">
        <ele>600.7</ele>
      </trkpt>
      <trkpt lat="36.798340" lon="-5.140433">
        <ele>600.4</ele>
      </trkpt>
      <trkpt lat="36.798398" lon="-5.140476">
        <ele>599.5</ele>
      </trkpt>
      <trkpt lat="36.798473" lon="-5.140473">
        <ele>598.6</ele>
      </trkpt>
      <trkpt lat="36.798564" lon="-5.140415">
        <ele>598</ele>
      </trkpt>
      <trkpt lat="36.798707" lon="-5.140319">
        <ele>595.8</ele>
      </trkpt>
      <trkpt lat="36.798895" lon="-5.140194">
        <ele>593.9</ele>
      </trkpt>
      <trkpt lat="36.799011" lon="-5.140088">
        <ele>593.2</ele>
      </trkpt>
      <trkpt lat="36.799127" lon="-5.139896">
        <ele>591.1</ele>
      </trkpt>
      <trkpt lat="36.799185" lon="-5.139752">
        <ele>590.4</ele>
      </trkpt>
      <trkpt lat="36.799221" lon="-5.139617">
        <ele>590.7</ele>
      </trkpt>
      <trkpt lat="36.799389" lon="-5.139462">
        <ele>590.2</ele>
      </trkpt>
      <trkpt lat="36.799410" lon="-5.139441">
        <ele>590.2</ele>
      </trkpt>
      <trkpt lat="36.799508" lon="-5.139323">
        <ele>590</ele>
      </trkpt>
      <trkpt lat="36.799603" lon="-5.139261">
        <ele>591</ele>
      </trkpt>
      <trkpt lat="36.799634" lon="-5.139253">
        <ele>591.4</ele>
      </trkpt>
      <trkpt lat="36.799682" lon="-5.139262">
        <ele>592.1</ele>
      </trkpt>
      <trkpt lat="36.799724" lon="-5.139304">
        <ele>593.1</ele>
      </trkpt>
      <trkpt lat="36.799740" lon="-5.139357">
        <ele>594.3</ele>
      </trkpt>
      <trkpt lat="36.799739" lon="-5.139504">
        <ele>596.2</ele>
      </trkpt>
      <trkpt lat="36.799718" lon="-5.139968">
        <ele>600.6</ele>
      </trkpt>
      <trkpt lat="36.799785" lon="-5.140179">
        <ele>602.1</ele>
      </trkpt>
      <trkpt lat="36.799830" lon="-5.140311">
        <ele>601.7</ele>
      </trkpt>
      <trkpt lat="36.799872" lon="-5.140397">
        <ele>600.5</ele>
      </trkpt>
      <trkpt lat="36.799989" lon="-5.140572">
        <ele>601.2</ele>
      </trkpt>
      <trkpt lat="36.800075" lon="-5.140681">
        <ele>600.6</ele>
      </trkpt>
      <trkpt lat="36.800164" lon="-5.140782">
        <ele>600.8</ele>
      </trkpt>
      <trkpt lat="36.800321" lon="-5.141026">
        <ele>602.7</ele>
      </trkpt>
      <trkpt lat="36.800393" lon="-5.141242">
        <ele>602.7</ele>
      </trkpt>
      <trkpt lat="36.800548" lon="-5.141748">
        <ele>602.9</ele>
      </trkpt>
      <trkpt lat="36.800727" lon="-5.141840">
        <ele>603.6</ele>
      </trkpt>
      <trkpt lat="36.800861" lon="-5.141898">
        <ele>603.9</ele>
      </trkpt>
      <trkpt lat="36.800998" lon="-5.141937">
        <ele>603.4</ele>
      </trkpt>
      <trkpt lat="36.801161" lon="-5.141985">
        <ele>602.7</ele>
      </trkpt>
      <trkpt lat="36.801247" lon="-5.142007">
        <ele>603.3</ele>
      </trkpt>
      <trkpt lat="36.801495" lon="-5.142146">
        <ele>604.8</ele>
      </trkpt>
      <trkpt lat="36.801583" lon="-5.142146">
        <ele>605.3</ele>
      </trkpt>
      <trkpt lat="36.801996" lon="-5.141947">
        <ele>609.6</ele>
      </trkpt>
      <trkpt lat="36.802102" lon="-5.141903">
        <ele>610.8</ele>
      </trkpt>
      <trkpt lat="36.802298" lon="-5.141874">
        <ele>612.7</ele>
      </trkpt>
      <trkpt lat="36.802660" lon="-5.141842">
        <ele>616</ele>
      </trkpt>
      <trkpt lat="36.802961" lon="-5.141816">
        <ele>618.3</ele>
      </trkpt>
      <trkpt lat="36.803280" lon="-5.141828">
        <ele>621.1</ele>
      </trkpt>
      <trkpt lat="36.803596" lon="-5.141845">
        <ele>624.8</ele>
      </trkpt>
      <trkpt lat="36.804073" lon="-5.141902">
        <ele>630.9</ele>
      </trkpt>
      <trkpt lat="36.804378" lon="-5.141937">
        <ele>633.5</ele>
      </trkpt>
      <trkpt lat="36.804672" lon="-5.141953">
        <ele>634</ele>
      </trkpt>
      <trkpt lat="36.805334" lon="-5.142013">
        <ele>630.6</ele>
      </trkpt>
      <trkpt lat="36.805884" lon="-5.142047">
        <ele>628.3</ele>
      </trkpt>
      <trkpt lat="36.806118" lon="-5.142066">
        <ele>627.8</ele>
      </trkpt>
      <trkpt lat="36.806347" lon="-5.142020">
        <ele>626</ele>
      </trkpt>
      <trkpt lat="36.806694" lon="-5.141856">
        <ele>625.5</ele>
      </trkpt>
      <trkpt lat="36.806779" lon="-5.141844">
        <ele>626.3</ele>
      </trkpt>
      <trkpt lat="36.806963" lon="-5.141854">
        <ele>627.6</ele>
      </trkpt>
      <trkpt lat="36.807111" lon="-5.141849">
        <ele>627.3</ele>
      </trkpt>
      <trkpt lat="36.807560" lon="-5.141697">
        <ele>624.7</ele>
      </trkpt>
      <trkpt lat="36.808010" lon="-5.141558">
        <ele>620.8</ele>
      </trkpt>
      <trkpt lat="36.808840" lon="-5.141486">
        <ele>618.8</ele>
      </trkpt>
      <trkpt lat="36.809398" lon="-5.141414">
        <ele>616</ele>
      </trkpt>
      <trkpt lat="36.809734" lon="-5.141372">
        <ele>612.3</ele>
      </trkpt>
      <trkpt lat="36.809865" lon="-5.141355">
        <ele>613.1</ele>
      </trkpt>
      <trkpt lat="36.810049" lon="-5.141344">
        <ele>613.5</ele>
      </trkpt>
      <trkpt lat="36.810500" lon="-5.141291">
        <ele>612.6</ele>
      </trkpt>
      <trkpt lat="36.810904" lon="-5.141221">
        <ele>612.2</ele>
      </trkpt>
      <trkpt lat="36.811144" lon="-5.141071">
        <ele>613.4</ele>
      </trkpt>
      <trkpt lat="36.811468" lon="-5.140851">
        <ele>613.2</ele>
      </trkpt>
      <trkpt lat="36.811592" lon="-5.140852">
        <ele>612.5</ele>
      </trkpt>
      <trkpt lat="36.811717" lon="-5.140919">
        <ele>613.1</ele>
      </trkpt>
      <trkpt lat="36.811856" lon="-5.140875">
        <ele>615.7</ele>
      </trkpt>
      <trkpt lat="36.811933" lon="-5.140714">
        <ele>618.2</ele>
      </trkpt>
      <trkpt lat="36.812049" lon="-5.140533">
        <ele>620.6</ele>
      </trkpt>
      <trkpt lat="36.812154" lon="-5.140159">
        <ele>626.8</ele>
      </trkpt>
      <trkpt lat="36.812349" lon="-5.139301">
        <ele>631.2</ele>
      </trkpt>
      <trkpt lat="36.812403" lon="-5.139092">
        <ele>631.3</ele>
      </trkpt>
      <trkpt lat="36.812752" lon="-5.138171">
        <ele>631.8</ele>
      </trkpt>
      <trkpt lat="36.812825" lon="-5.137121">
        <ele>631</ele>
      </trkpt>
      <trkpt lat="36.813363" lon="-5.136624">
        <ele>637.3</ele>
      </trkpt>
      <trkpt lat="36.814045" lon="-5.135817">
        <ele>645.7</ele>
      </trkpt>
      <trkpt lat="36.814666" lon="-5.134983">
        <ele>655.8</ele>
      </trkpt>
      <trkpt lat="36.815184" lon="-5.134828">
        <ele>661.5</ele>
      </trkpt>
      <trkpt lat="36.815448" lon="-5.134753">
        <ele>662.5</ele>
      </trkpt>
      <trkpt lat="36.815701" lon="-5.134735">
        <ele>664</ele>
      </trkpt>
      <trkpt lat="36.816009" lon="-5.134833">
        <ele>665.8</ele>
      </trkpt>
      <trkpt lat="36.816313" lon="-5.134873">
        <ele>666.7</ele>
      </trkpt>
      <trkpt lat="36.816933" lon="-5.134731">
        <ele>670.8</ele>
      </trkpt>
      <trkpt lat="36.817235" lon="-5.134724">
        <ele>672.1</ele>
      </trkpt>
      <trkpt lat="36.817559" lon="-5.134855">
        <ele>673.3</ele>
      </trkpt>
      <trkpt lat="36.818027" lon="-5.135159">
        <ele>674.8</ele>
      </trkpt>
      <trkpt lat="36.818249" lon="-5.135307">
        <ele>674.6</ele>
      </trkpt>
      <trkpt lat="36.818499" lon="-5.135399">
        <ele>675.1</ele>
      </trkpt>
      <trkpt lat="36.818707" lon="-5.135391">
        <ele>676.3</ele>
      </trkpt>
      <trkpt lat="36.820003" lon="-5.135405">
        <ele>680.3</ele>
      </trkpt>
      <trkpt lat="36.820217" lon="-5.135424">
        <ele>680.3</ele>
      </trkpt>
      <trkpt lat="36.820802" lon="-5.135436">
        <ele>681.9</ele>
      </trkpt>
      <trkpt lat="36.821331" lon="-5.135436">
        <ele>682.5</ele>
      </trkpt>
      <trkpt lat="36.822164" lon="-5.135273">
        <ele>686.3</ele>
      </trkpt>
      <trkpt lat="36.822664" lon="-5.135119">
        <ele>687.8</ele>
      </trkpt>
      <trkpt lat="36.823310" lon="-5.134877">
        <ele>691.2</ele>
      </trkpt>
      <trkpt lat="36.823679" lon="-5.134780">
        <ele>691.7</ele>
      </trkpt>
      <trkpt lat="36.823966" lon="-5.134705">
        <ele>691.4</ele>
      </trkpt>
      <trkpt lat="36.824414" lon="-5.134701">
        <ele>692.9</ele>
      </trkpt>
      <trkpt lat="36.824525" lon="-5.134678">
        <ele>693.4</ele>
      </trkpt>
      <trkpt lat="36.824703" lon="-5.134608">
        <ele>694.3</ele>
      </trkpt>
      <trkpt lat="36.824783" lon="-5.134584">
        <ele>695.3</ele>
      </trkpt>
      <trkpt lat="36.824899" lon="-5.134550">
        <ele>696.8</ele>
      </trkpt>
      <trkpt lat="36.825089" lon="-5.134272">
        <ele>700.4</ele>
      </trkpt>
      <trkpt lat="36.825185" lon="-5.134112">
        <ele>703.2</ele>
      </trkpt>
      <trkpt lat="36.825272" lon="-5.133898">
        <ele>705.8</ele>
      </trkpt>
      <trkpt lat="36.825297" lon="-5.133776">
        <ele>707.8</ele>
      </trkpt>
      <trkpt lat="36.825275" lon="-5.133641">
        <ele>708.6</ele>
      </trkpt>
      <trkpt lat="36.825223" lon="-5.133481">
        <ele>709.8</ele>
      </trkpt>
      <trkpt lat="36.825174" lon="-5.133375">
        <ele>710</ele>
      </trkpt>
      <trkpt lat="36.825079" lon="-5.133238">
        <ele>709.2</ele>
      </trkpt>
      <trkpt lat="36.825016" lon="-5.133126">
        <ele>708.6</ele>
      </trkpt>
      <trkpt lat="36.824992" lon="-5.133044">
        <ele>708.9</ele>
      </trkpt>
      <trkpt lat="36.824978" lon="-5.132985">
        <ele>708.9</ele>
      </trkpt>
      <trkpt lat="36.824977" lon="-5.132868">
        <ele>709.3</ele>
      </trkpt>
      <trkpt lat="36.824988" lon="-5.132668">
        <ele>709.8</ele>
      </trkpt>
      <trkpt lat="36.825005" lon="-5.132441">
        <ele>711.1</ele>
      </trkpt>
      <trkpt lat="36.825000" lon="-5.132360">
        <ele>712</ele>
      </trkpt>
      <trkpt lat="36.824976" lon="-5.132258">
        <ele>713</ele>
      </trkpt>
      <trkpt lat="36.824938" lon="-5.132151">
        <ele>713.8</ele>
      </trkpt>
      <trkpt lat="36.824878" lon="-5.132018">
        <ele>714.4</ele>
      </trkpt>
      <trkpt lat="36.824826" lon="-5.131903">
        <ele>714.6</ele>
      </trkpt>
      <trkpt lat="36.824764" lon="-5.131806">
        <ele>713.9</ele>
      </trkpt>
      <trkpt lat="36.824714" lon="-5.131684">
        <ele>713.7</ele>
      </trkpt>
      <trkpt lat="36.824693" lon="-5.131504">
        <ele>714.3</ele>
      </trkpt>
      <trkpt lat="36.824719" lon="-5.131400">
        <ele>714.9</ele>
      </trkpt>
      <trkpt lat="36.824776" lon="-5.131279">
        <ele>715.8</ele>
      </trkpt>
      <trkpt lat="36.824869" lon="-5.131186">
        <ele>716.6</ele>
      </trkpt>
      <trkpt lat="36.825018" lon="-5.131119">
        <ele>717.5</ele>
      </trkpt>
      <trkpt lat="36.825218" lon="-5.130994">
        <ele>719.5</ele>
      </trkpt>
      <trkpt lat="36.825339" lon="-5.130876">
        <ele>720</ele>
      </trkpt>
      <trkpt lat="36.825430" lon="-5.130751">
        <ele>720.8</ele>
      </trkpt>
      <trkpt lat="36.825522" lon="-5.130615">
        <ele>721.2</ele>
      </trkpt>
      <trkpt lat="36.825619" lon="-5.130472">
        <ele>722.3</ele>
      </trkpt>
      <trkpt lat="36.825747" lon="-5.130280">
        <ele>723.5</ele>
      </trkpt>
      <trkpt lat="36.825837" lon="-5.130189">
        <ele>724.1</ele>
      </trkpt>
      <trkpt lat="36.826074" lon="-5.129984">
        <ele>724.6</ele>
      </trkpt>
      <trkpt lat="36.826197" lon="-5.129863">
        <ele>726.2</ele>
      </trkpt>
      <trkpt lat="36.826294" lon="-5.129750">
        <ele>726.9</ele>
      </trkpt>
      <trkpt lat="36.826332" lon="-5.129689">
        <ele>727.1</ele>
      </trkpt>
      <trkpt lat="36.826408" lon="-5.129536">
        <ele>727.8</ele>
      </trkpt>
      <trkpt lat="36.826476" lon="-5.129430">
        <ele>728.8</ele>
      </trkpt>
      <trkpt lat="36.826597" lon="-5.129328">
        <ele>729.9</ele>
      </trkpt>
      <trkpt lat="36.826698" lon="-5.129278">
        <ele>730.4</ele>
      </trkpt>
      <trkpt lat="36.826807" lon="-5.129231">
        <ele>730.5</ele>
      </trkpt>
      <trkpt lat="36.826936" lon="-5.129208">
        <ele>731.1</ele>
      </trkpt>
      <trkpt lat="36.827033" lon="-5.129199">
        <ele>731.2</ele>
      </trkpt>
      <trkpt lat="36.827116" lon="-5.129222">
        <ele>732</ele>
      </trkpt>
      <trkpt lat="36.827192" lon="-5.129276">
        <ele>733.3</ele>
      </trkpt>
      <trkpt lat="36.827315" lon="-5.129361">
        <ele>734.4</ele>
      </trkpt>
      <trkpt lat="36.827427" lon="-5.129411">
        <ele>733.8</ele>
      </trkpt>
      <trkpt lat="36.827596" lon="-5.129420">
        <ele>733.6</ele>
      </trkpt>
      <trkpt lat="36.827760" lon="-5.129420">
        <ele>734.9</ele>
      </trkpt>
      <trkpt lat="36.827865" lon="-5.129385">
        <ele>735.3</ele>
      </trkpt>
      <trkpt lat="36.827944" lon="-5.129335">
        <ele>735.6</ele>
      </trkpt>
      <trkpt lat="36.828009" lon="-5.129259">
        <ele>735.8</ele>
      </trkpt>
      <trkpt lat="36.828058" lon="-5.129205">
        <ele>736</ele>
      </trkpt>
      <trkpt lat="36.828244" lon="-5.129144">
        <ele>736.4</ele>
      </trkpt>
      <trkpt lat="36.828377" lon="-5.129085">
        <ele>737.3</ele>
      </trkpt>
      <trkpt lat="36.828615" lon="-5.128966">
        <ele>739.2</ele>
      </trkpt>
      <trkpt lat="36.828865" lon="-5.128833">
        <ele>740.3</ele>
      </trkpt>
      <trkpt lat="36.829115" lon="-5.128694">
        <ele>741.2</ele>
      </trkpt>
      <trkpt lat="36.829342" lon="-5.128533">
        <ele>742.4</ele>
      </trkpt>
      <trkpt lat="36.829517" lon="-5.128363">
        <ele>743.9</ele>
      </trkpt>
      <trkpt lat="36.829623" lon="-5.128253">
        <ele>744.7</ele>
      </trkpt>
      <trkpt lat="36.829704" lon="-5.128171">
        <ele>745.2</ele>
      </trkpt>
      <trkpt lat="36.829852" lon="-5.128068">
        <ele>745.4</ele>
      </trkpt>
      <trkpt lat="36.830035" lon="-5.127966">
        <ele>745.5</ele>
      </trkpt>
      <trkpt lat="36.830196" lon="-5.127888">
        <ele>746.2</ele>
      </trkpt>
      <trkpt lat="36.830318" lon="-5.127846">
        <ele>746</ele>
      </trkpt>
      <trkpt lat="36.830446" lon="-5.127770">
        <ele>746</ele>
      </trkpt>
      <trkpt lat="36.830604" lon="-5.127652">
        <ele>748</ele>
      </trkpt>
      <trkpt lat="36.830791" lon="-5.127534">
        <ele>749</ele>
      </trkpt>
      <trkpt lat="36.830959" lon="-5.127425">
        <ele>749.4</ele>
      </trkpt>
      <trkpt lat="36.831207" lon="-5.127278">
        <ele>750.4</ele>
      </trkpt>
      <trkpt lat="36.831384" lon="-5.127195">
        <ele>750.4</ele>
      </trkpt>
      <trkpt lat="36.831570" lon="-5.127094">
        <ele>751.2</ele>
      </trkpt>
      <trkpt lat="36.831756" lon="-5.126976">
        <ele>752</ele>
      </trkpt>
      <trkpt lat="36.831891" lon="-5.126838">
        <ele>752.2</ele>
      </trkpt>
      <trkpt lat="36.832001" lon="-5.126617">
        <ele>753.4</ele>
      </trkpt>
      <trkpt lat="36.831998" lon="-5.126596">
        <ele>753.7</ele>
      </trkpt>
      <trkpt lat="36.832319" lon="-5.126575">
        <ele>753.5</ele>
      </trkpt>
      <trkpt lat="36.832410" lon="-5.126558">
        <ele>753.6</ele>
      </trkpt>
      <trkpt lat="36.832522" lon="-5.126571">
        <ele>753.5</ele>
      </trkpt>
      <trkpt lat="36.832618" lon="-5.126587">
        <ele>753.8</ele>
      </trkpt>
      <trkpt lat="36.832655" lon="-5.126562">
        <ele>754.1</ele>
      </trkpt>
      <trkpt lat="36.832765" lon="-5.126487">
        <ele>755.2</ele>
      </trkpt>
      <trkpt lat="36.832960" lon="-5.126353">
        <ele>756</ele>
      </trkpt>
      <trkpt lat="36.833146" lon="-5.126614">
        <ele>755.7</ele>
      </trkpt>
      <trkpt lat="36.833268" lon="-5.126539">
        <ele>756.3</ele>
      </trkpt>
      <trkpt lat="36.833430" lon="-5.126509">
        <ele>756.6</ele>
      </trkpt>
      <trkpt lat="36.833872" lon="-5.126448">
        <ele>757.9</ele>
      </trkpt>
      <trkpt lat="36.833974" lon="-5.126435">
        <ele>758.3</ele>
      </trkpt>
      <trkpt lat="36.834046" lon="-5.126396">
        <ele>758.6</ele>
      </trkpt>
      <trkpt lat="36.834198" lon="-5.126346">
        <ele>759</ele>
      </trkpt>
      <trkpt lat="36.834296" lon="-5.126302">
        <ele>759.3</ele>
      </trkpt>
      <trkpt lat="36.834769" lon="-5.126087">
        <ele>762.4</ele>
      </trkpt>
      <trkpt lat="36.834894" lon="-5.126037">
        <ele>763.5</ele>
      </trkpt>
      <trkpt lat="36.835010" lon="-5.125998">
        <ele>764.5</ele>
      </trkpt>
      <trkpt lat="36.835524" lon="-5.125809">
        <ele>767</ele>
      </trkpt>
      <trkpt lat="36.836081" lon="-5.125638">
        <ele>768.1</ele>
      </trkpt>
      <trkpt lat="36.836333" lon="-5.125568">
        <ele>768.8</ele>
      </trkpt>
      <trkpt lat="36.837798" lon="-5.125154">
        <ele>772.9</ele>
      </trkpt>
      <trkpt lat="36.838015" lon="-5.124917">
        <ele>773.4</ele>
      </trkpt>
      <trkpt lat="36.838360" lon="-5.124647">
        <ele>773.3</ele>
      </trkpt>
      <trkpt lat="36.838800" lon="-5.124299">
        <ele>774.5</ele>
      </trkpt>
      <trkpt lat="36.839394" lon="-5.123948">
        <ele>776.8</ele>
      </trkpt>
      <trkpt lat="36.839559" lon="-5.123868">
        <ele>777.1</ele>
      </trkpt>
      <trkpt lat="36.839617" lon="-5.123867">
        <ele>777.1</ele>
      </trkpt>
      <trkpt lat="36.839699" lon="-5.123827">
        <ele>777.2</ele>
      </trkpt>
      <trkpt lat="36.839759" lon="-5.123770">
        <ele>777.5</ele>
      </trkpt>
      <trkpt lat="36.839837" lon="-5.123691">
        <ele>777.8</ele>
      </trkpt>
      <trkpt lat="36.839947" lon="-5.123595">
        <ele>778.1</ele>
      </trkpt>
      <trkpt lat="36.840096" lon="-5.123525">
        <ele>778.5</ele>
      </trkpt>
      <trkpt lat="36.840796" lon="-5.123009">
        <ele>780</ele>
      </trkpt>
      <trkpt lat="36.840966" lon="-5.122908">
        <ele>780.2</ele>
      </trkpt>
      <trkpt lat="36.841786" lon="-5.122279">
        <ele>781</ele>
      </trkpt>
      <trkpt lat="36.842177" lon="-5.121954">
        <ele>780.8</ele>
      </trkpt>
      <trkpt lat="36.842466" lon="-5.121655">
        <ele>780.8</ele>
      </trkpt>
      <trkpt lat="36.842938" lon="-5.121222">
        <ele>782.6</ele>
      </trkpt>
      <trkpt lat="36.843333" lon="-5.120887">
        <ele>783.6</ele>
      </trkpt>
      <trkpt lat="36.843561" lon="-5.120713">
        <ele>784.7</ele>
      </trkpt>
      <trkpt lat="36.843659" lon="-5.120633">
        <ele>784.8</ele>
      </trkpt>
      <trkpt lat="36.844093" lon="-5.120437">
        <ele>786.2</ele>
      </trkpt>
      <trkpt lat="36.844135" lon="-5.120370">
        <ele>785.8</ele>
      </trkpt>
      <trkpt lat="36.844130" lon="-5.120293">
        <ele>785</ele>
      </trkpt>
      <trkpt lat="36.844099" lon="-5.120137">
        <ele>784.9</ele>
      </trkpt>
      <trkpt lat="36.844124" lon="-5.120023">
        <ele>785</ele>
      </trkpt>
      <trkpt lat="36.844179" lon="-5.119979">
        <ele>785.3</ele>
      </trkpt>
      <trkpt lat="36.844249" lon="-5.119962">
        <ele>785.7</ele>
      </trkpt>
      <trkpt lat="36.844669" lon="-5.119887">
        <ele>786.8</ele>
      </trkpt>
      <trkpt lat="36.844962" lon="-5.119768">
        <ele>787.1</ele>
      </trkpt>
      <trkpt lat="36.845191" lon="-5.119635">
        <ele>788.2</ele>
      </trkpt>
      <trkpt lat="36.845538" lon="-5.119499">
        <ele>788.8</ele>
      </trkpt>
      <trkpt lat="36.845650" lon="-5.119381">
        <ele>789.4</ele>
      </trkpt>
      <trkpt lat="36.846010" lon="-5.119077">
        <ele>790.3</ele>
      </trkpt>
      <trkpt lat="36.846232" lon="-5.118857">
        <ele>791.4</ele>
      </trkpt>
      <trkpt lat="36.846423" lon="-5.118648">
        <ele>792.3</ele>
      </trkpt>
      <trkpt lat="36.846628" lon="-5.118387">
        <ele>793.4</ele>
      </trkpt>
      <trkpt lat="36.846841" lon="-5.118188">
        <ele>792.6</ele>
      </trkpt>
      <trkpt lat="36.846884" lon="-5.118095">
        <ele>793.1</ele>
      </trkpt>
      <trkpt lat="36.847044" lon="-5.117952">
        <ele>792.4</ele>
      </trkpt>
      <trkpt lat="36.847246" lon="-5.117676">
        <ele>792.5</ele>
      </trkpt>
      <trkpt lat="36.847437" lon="-5.117416">
        <ele>791.2</ele>
      </trkpt>
      <trkpt lat="36.847474" lon="-5.117325">
        <ele>791</ele>
      </trkpt>
      <trkpt lat="36.847556" lon="-5.117137">
        <ele>790.8</ele>
      </trkpt>
      <trkpt lat="36.847646" lon="-5.117002">
        <ele>789.9</ele>
      </trkpt>
      <trkpt lat="36.847751" lon="-5.116883">
        <ele>788.6</ele>
      </trkpt>
      <trkpt lat="36.847833" lon="-5.116785">
        <ele>788.4</ele>
      </trkpt>
      <trkpt lat="36.847932" lon="-5.116592">
        <ele>787.9</ele>
      </trkpt>
      <trkpt lat="36.848048" lon="-5.116406">
        <ele>787.1</ele>
      </trkpt>
      <trkpt lat="36.848210" lon="-5.116217">
        <ele>786.4</ele>
      </trkpt>
      <trkpt lat="36.849171" lon="-5.115491">
        <ele>784.5</ele>
      </trkpt>
      <trkpt lat="36.852209" lon="-5.114350">
        <ele>781</ele>
      </trkpt>
      <trkpt lat="36.852966" lon="-5.113996">
        <ele>782.7</ele>
      </trkpt>
      <trkpt lat="36.855175" lon="-5.112978">
        <ele>784</ele>
      </trkpt>
      <trkpt lat="36.855823" lon="-5.112716">
        <ele>784</ele>
      </trkpt>
      <trkpt lat="36.856479" lon="-5.112470">
        <ele>783.9</ele>
      </trkpt>
      <trkpt lat="36.856620" lon="-5.112448">
        <ele>783.8</ele>
      </trkpt>
      <trkpt lat="36.856735" lon="-5.112439">
        <ele>783.6</ele>
      </trkpt>
      <trkpt lat="36.857061" lon="-5.112331">
        <ele>783</ele>
      </trkpt>
      <trkpt lat="36.857200" lon="-5.112227">
        <ele>783</ele>
      </trkpt>
      <trkpt lat="36.857319" lon="-5.112224">
        <ele>783</ele>
      </trkpt>
      <trkpt lat="36.858321" lon="-5.111809">
        <ele>782</ele>
      </trkpt>
      <trkpt lat="36.858779" lon="-5.111583">
        <ele>782</ele>
      </trkpt>
      <trkpt lat="36.859295" lon="-5.111409">
        <ele>781</ele>
      </trkpt>
      <trkpt lat="36.859388" lon="-5.111392">
        <ele>781</ele>
      </trkpt>
      <trkpt lat="36.859476" lon="-5.111355">
        <ele>781.1</ele>
      </trkpt>
      <trkpt lat="36.860014" lon="-5.111144">
        <ele>782.1</ele>
      </trkpt>
      <trkpt lat="36.860378" lon="-5.110961">
        <ele>782.8</ele>
      </trkpt>
      <trkpt lat="36.860932" lon="-5.110775">
        <ele>783.3</ele>
      </trkpt>
      <trkpt lat="36.861007" lon="-5.110769">
        <ele>783.5</ele>
      </trkpt>
      <trkpt lat="36.861366" lon="-5.110742">
        <ele>784.3</ele>
      </trkpt>
      <trkpt lat="36.861590" lon="-5.110767">
        <ele>784.5</ele>
      </trkpt>
      <trkpt lat="36.862386" lon="-5.110831">
        <ele>784</ele>
      </trkpt>
      <trkpt lat="36.863397" lon="-5.110906">
        <ele>786</ele>
      </trkpt>
      <trkpt lat="36.863885" lon="-5.108708">
        <ele>799.3</ele>
      </trkpt>
      <trkpt lat="36.863989" lon="-5.108384">
        <ele>800.4</ele>
      </trkpt>
      <trkpt lat="36.864129" lon="-5.108079">
        <ele>801.8</ele>
      </trkpt>
      <trkpt lat="36.864465" lon="-5.107378">
        <ele>804.9</ele>
      </trkpt>
      <trkpt lat="36.865325" lon="-5.105603">
        <ele>811.2</ele>
      </trkpt>
      <trkpt lat="36.865417" lon="-5.105308">
        <ele>811.9</ele>
      </trkpt>
      <trkpt lat="36.865424" lon="-5.104965">
        <ele>812</ele>
      </trkpt>
      <trkpt lat="36.865203" lon="-5.104108">
        <ele>810.9</ele>
      </trkpt>
      <trkpt lat="36.865092" lon="-5.103800">
        <ele>809.6</ele>
      </trkpt>
      <trkpt lat="36.864707" lon="-5.103139">
        <ele>805.6</ele>
      </trkpt>
      <trkpt lat="36.864530" lon="-5.102856">
        <ele>804</ele>
      </trkpt>
      <trkpt lat="36.864380" lon="-5.102518">
        <ele>803.1</ele>
      </trkpt>
      <trkpt lat="36.864166" lon="-5.101404">
        <ele>803.9</ele>
      </trkpt>
      <trkpt lat="36.863763" lon="-5.099270">
        <ele>812.2</ele>
      </trkpt>
      <trkpt lat="36.863359" lon="-5.097171">
        <ele>825.6</ele>
      </trkpt>
      <trkpt lat="36.863285" lon="-5.096905">
        <ele>827.2</ele>
      </trkpt>
      <trkpt lat="36.863139" lon="-5.096580">
        <ele>829.4</ele>
      </trkpt>
      <trkpt lat="36.863063" lon="-5.096352">
        <ele>831.2</ele>
      </trkpt>
      <trkpt lat="36.863017" lon="-5.096147">
        <ele>831.6</ele>
      </trkpt>
      <trkpt lat="36.862963" lon="-5.095747">
        <ele>834</ele>
      </trkpt>
      <trkpt lat="36.862923" lon="-5.095455">
        <ele>835.6</ele>
      </trkpt>
      <trkpt lat="36.862868" lon="-5.095131">
        <ele>837.4</ele>
      </trkpt>
      <trkpt lat="36.862708" lon="-5.094583">
        <ele>840.8</ele>
      </trkpt>
      <trkpt lat="36.862613" lon="-5.094218">
        <ele>843</ele>
      </trkpt>
      <trkpt lat="36.862529" lon="-5.093699">
        <ele>846.4</ele>
      </trkpt>
      <trkpt lat="36.862472" lon="-5.093167">
        <ele>847.6</ele>
      </trkpt>
      <trkpt lat="36.862443" lon="-5.092732">
        <ele>846.1</ele>
      </trkpt>
      <trkpt lat="36.862430" lon="-5.092228">
        <ele>843.5</ele>
      </trkpt>
      <trkpt lat="36.862440" lon="-5.091983">
        <ele>842.6</ele>
      </trkpt>
      <trkpt lat="36.862467" lon="-5.091795">
        <ele>841.8</ele>
      </trkpt>
      <trkpt lat="36.862509" lon="-5.091641">
        <ele>840.8</ele>
      </trkpt>
      <trkpt lat="36.862576" lon="-5.091415">
        <ele>839</ele>
      </trkpt>
      <trkpt lat="36.862976" lon="-5.090282">
        <ele>832</ele>
      </trkpt>
      <trkpt lat="36.863057" lon="-5.090095">
        <ele>831.3</ele>
      </trkpt>
      <trkpt lat="36.863824" lon="-5.088700">
        <ele>821.6</ele>
      </trkpt>
      <trkpt lat="36.864015" lon="-5.088385">
        <ele>819.1</ele>
      </trkpt>
      <trkpt lat="36.864105" lon="-5.088260">
        <ele>818.5</ele>
      </trkpt>
      <trkpt lat="36.864210" lon="-5.088162">
        <ele>817.7</ele>
      </trkpt>
      <trkpt lat="36.864777" lon="-5.087757">
        <ele>814.5</ele>
      </trkpt>
      <trkpt lat="36.864855" lon="-5.087691">
        <ele>814</ele>
      </trkpt>
      <trkpt lat="36.865277" lon="-5.087233">
        <ele>811.9</ele>
      </trkpt>
      <trkpt lat="36.866258" lon="-5.086106">
        <ele>809</ele>
      </trkpt>
      <trkpt lat="36.866885" lon="-5.085381">
        <ele>806.9</ele>
      </trkpt>
      <trkpt lat="36.867241" lon="-5.084971">
        <ele>806</ele>
      </trkpt>
      <trkpt lat="36.867609" lon="-5.084541">
        <ele>805.9</ele>
      </trkpt>
      <trkpt lat="36.868007" lon="-5.084092">
        <ele>804.6</ele>
      </trkpt>
      <trkpt lat="36.868290" lon="-5.083763">
        <ele>804.7</ele>
      </trkpt>
      <trkpt lat="36.868473" lon="-5.083593">
        <ele>804.6</ele>
      </trkpt>
      <trkpt lat="36.868598" lon="-5.083505">
        <ele>804.4</ele>
      </trkpt>
      <trkpt lat="36.868945" lon="-5.083295">
        <ele>803.8</ele>
      </trkpt>
      <trkpt lat="36.871379" lon="-5.081873">
        <ele>800</ele>
      </trkpt>
      <trkpt lat="36.871832" lon="-5.081598">
        <ele>798</ele>
      </trkpt>
      <trkpt lat="36.872205" lon="-5.081378">
        <ele>797</ele>
      </trkpt>
      <trkpt lat="36.872797" lon="-5.081032">
        <ele>795</ele>
      </trkpt>
      <trkpt lat="36.873173" lon="-5.080817">
        <ele>794.6</ele>
      </trkpt>
      <trkpt lat="36.873553" lon="-5.080589">
        <ele>794.1</ele>
      </trkpt>
      <trkpt lat="36.873954" lon="-5.080364">
        <ele>793.5</ele>
      </trkpt>
      <trkpt lat="36.874193" lon="-5.080215">
        <ele>793.1</ele>
      </trkpt>
      <trkpt lat="36.874305" lon="-5.080127">
        <ele>792.8</ele>
      </trkpt>
      <trkpt lat="36.874399" lon="-5.080027">
        <ele>792.3</ele>
      </trkpt>
      <trkpt lat="36.874477" lon="-5.079904">
        <ele>791.7</ele>
      </trkpt>
      <trkpt lat="36.874544" lon="-5.079770">
        <ele>791.2</ele>
      </trkpt>
      <trkpt lat="36.874679" lon="-5.079471">
        <ele>790.9</ele>
      </trkpt>
      <trkpt lat="36.874777" lon="-5.079262">
        <ele>790</ele>
      </trkpt>
      <trkpt lat="36.874854" lon="-5.079041">
        <ele>789.3</ele>
      </trkpt>
      <trkpt lat="36.874890" lon="-5.078903">
        <ele>789</ele>
      </trkpt>
      <trkpt lat="36.874905" lon="-5.078749">
        <ele>788.5</ele>
      </trkpt>
      <trkpt lat="36.874906" lon="-5.078566">
        <ele>787.8</ele>
      </trkpt>
      <trkpt lat="36.874875" lon="-5.078384">
        <ele>786.8</ele>
      </trkpt>
      <trkpt lat="36.874805" lon="-5.078185">
        <ele>786.1</ele>
      </trkpt>
      <trkpt lat="36.874731" lon="-5.078013">
        <ele>785.5</ele>
      </trkpt>
      <trkpt lat="36.874669" lon="-5.077856">
        <ele>784.1</ele>
      </trkpt>
      <trkpt lat="36.874634" lon="-5.077740">
        <ele>783.6</ele>
      </trkpt>
      <trkpt lat="36.874621" lon="-5.077653">
        <ele>783.7</ele>
      </trkpt>
      <trkpt lat="36.874621" lon="-5.077544">
        <ele>783.7</ele>
      </trkpt>
      <trkpt lat="36.874642" lon="-5.077451">
        <ele>783.6</ele>
      </trkpt>
      <trkpt lat="36.874669" lon="-5.077384">
        <ele>783.4</ele>
      </trkpt>
      <trkpt lat="36.874719" lon="-5.077289">
        <ele>783</ele>
      </trkpt>
      <trkpt lat="36.874989" lon="-5.076907">
        <ele>782</ele>
      </trkpt>
      <trkpt lat="36.875032" lon="-5.076831">
        <ele>781.6</ele>
      </trkpt>
      <trkpt lat="36.875070" lon="-5.076749">
        <ele>781.1</ele>
      </trkpt>
      <trkpt lat="36.875110" lon="-5.076615">
        <ele>780.3</ele>
      </trkpt>
      <trkpt lat="36.875138" lon="-5.076492">
        <ele>779.7</ele>
      </trkpt>
      <trkpt lat="36.875167" lon="-5.076233">
        <ele>779.2</ele>
      </trkpt>
      <trkpt lat="36.875196" lon="-5.075973">
        <ele>778.7</ele>
      </trkpt>
      <trkpt lat="36.875216" lon="-5.075747">
        <ele>778.1</ele>
      </trkpt>
      <trkpt lat="36.875223" lon="-5.075438">
        <ele>776.9</ele>
      </trkpt>
      <trkpt lat="36.875214" lon="-5.075282">
        <ele>776.2</ele>
      </trkpt>
      <trkpt lat="36.875175" lon="-5.075120">
        <ele>775.2</ele>
      </trkpt>
      <trkpt lat="36.875136" lon="-5.074982">
        <ele>774.4</ele>
      </trkpt>
      <trkpt lat="36.875081" lon="-5.074826">
        <ele>773.9</ele>
      </trkpt>
      <trkpt lat="36.874966" lon="-5.074483">
        <ele>772.4</ele>
      </trkpt>
      <trkpt lat="36.874901" lon="-5.074282">
        <ele>771.6</ele>
      </trkpt>
      <trkpt lat="36.874865" lon="-5.074146">
        <ele>771.4</ele>
      </trkpt>
      <trkpt lat="36.874852" lon="-5.074048">
        <ele>771.4</ele>
      </trkpt>
      <trkpt lat="36.874847" lon="-5.073985">
        <ele>771.4</ele>
      </trkpt>
      <trkpt lat="36.874854" lon="-5.073860">
        <ele>771.3</ele>
      </trkpt>
      <trkpt lat="36.874867" lon="-5.073784">
        <ele>771.5</ele>
      </trkpt>
      <trkpt lat="36.874896" lon="-5.073706">
        <ele>771.6</ele>
      </trkpt>
      <trkpt lat="36.874946" lon="-5.073604">
        <ele>771.6</ele>
      </trkpt>
      <trkpt lat="36.875305" lon="-5.072995">
        <ele>772.2</ele>
      </trkpt>
      <trkpt lat="36.875595" lon="-5.072521">
        <ele>772.2</ele>
      </trkpt>
      <trkpt lat="36.875741" lon="-5.072276">
        <ele>771</ele>
      </trkpt>
      <trkpt lat="36.875805" lon="-5.072154">
        <ele>770.9</ele>
      </trkpt>
      <trkpt lat="36.875866" lon="-5.072024">
        <ele>770.7</ele>
      </trkpt>
      <trkpt lat="36.875908" lon="-5.071869">
        <ele>770.2</ele>
      </trkpt>
      <trkpt lat="36.875931" lon="-5.071711">
        <ele>769.8</ele>
      </trkpt>
      <trkpt lat="36.875963" lon="-5.071465">
        <ele>769.2</ele>
      </trkpt>
      <trkpt lat="36.876009" lon="-5.070995">
        <ele>768.1</ele>
      </trkpt>
      <trkpt lat="36.876041" lon="-5.070678">
        <ele>767.1</ele>
      </trkpt>
      <trkpt lat="36.876180" lon="-5.069378">
        <ele>766.5</ele>
      </trkpt>
      <trkpt lat="36.876222" lon="-5.068969">
        <ele>765.9</ele>
      </trkpt>
      <trkpt lat="36.876281" lon="-5.068456">
        <ele>766.6</ele>
      </trkpt>
      <trkpt lat="36.876306" lon="-5.068217">
        <ele>766.7</ele>
      </trkpt>
      <trkpt lat="36.876383" lon="-5.067519">
        <ele>764.2</ele>
      </trkpt>
      <trkpt lat="36.876462" lon="-5.066819">
        <ele>763.6</ele>
      </trkpt>
      <trkpt lat="36.876490" lon="-5.066655">
        <ele>762.8</ele>
      </trkpt>
      <trkpt lat="36.876535" lon="-5.066500">
        <ele>762.5</ele>
      </trkpt>
      <trkpt lat="36.876580" lon="-5.066394">
        <ele>762.6</ele>
      </trkpt>
      <trkpt lat="36.876651" lon="-5.066265">
        <ele>763</ele>
      </trkpt>
      <trkpt lat="36.876745" lon="-5.066132">
        <ele>763</ele>
      </trkpt>
      <trkpt lat="36.876947" lon="-5.065873">
        <ele>764.4</ele>
      </trkpt>
      <trkpt lat="36.876997" lon="-5.065798">
        <ele>764.7</ele>
      </trkpt>
      <trkpt lat="36.877048" lon="-5.065705">
        <ele>764.8</ele>
      </trkpt>
      <trkpt lat="36.877101" lon="-5.065568">
        <ele>765.2</ele>
      </trkpt>
      <trkpt lat="36.877122" lon="-5.065459">
        <ele>765.4</ele>
      </trkpt>
      <trkpt lat="36.877130" lon="-5.065351">
        <ele>765.7</ele>
      </trkpt>
      <trkpt lat="36.877136" lon="-5.065194">
        <ele>765.7</ele>
      </trkpt>
      <trkpt lat="36.877135" lon="-5.065009">
        <ele>765.3</ele>
      </trkpt>
      <trkpt lat="36.877096" lon="-5.064686">
        <ele>764.9</ele>
      </trkpt>
      <trkpt lat="36.877013" lon="-5.064311">
        <ele>762.6</ele>
      </trkpt>
      <trkpt lat="36.876838" lon="-5.063726">
        <ele>758</ele>
      </trkpt>
      <trkpt lat="36.876707" lon="-5.063226">
        <ele>757.8</ele>
      </trkpt>
      <trkpt lat="36.876437" lon="-5.062061">
        <ele>756</ele>
      </trkpt>
      <trkpt lat="36.876413" lon="-5.061976">
        <ele>755.9</ele>
      </trkpt>
      <trkpt lat="36.876386" lon="-5.061897">
        <ele>755.7</ele>
      </trkpt>
      <trkpt lat="36.876329" lon="-5.061745">
        <ele>754.8</ele>
      </trkpt>
      <trkpt lat="36.876292" lon="-5.061658">
        <ele>754.3</ele>
      </trkpt>
      <trkpt lat="36.876074" lon="-5.061256">
        <ele>751.1</ele>
      </trkpt>
      <trkpt lat="36.874701" lon="-5.058647">
        <ele>736.2</ele>
      </trkpt>
      <trkpt lat="36.874679" lon="-5.058603">
        <ele>736.1</ele>
      </trkpt>
      <trkpt lat="36.873946" lon="-5.057071">
        <ele>732.3</ele>
      </trkpt>
      <trkpt lat="36.873541" lon="-5.056215">
        <ele>730.5</ele>
      </trkpt>
      <trkpt lat="36.872853" lon="-5.054861">
        <ele>729.4</ele>
      </trkpt>
      <trkpt lat="36.872705" lon="-5.054411">
        <ele>728.9</ele>
      </trkpt>
      <trkpt lat="36.872576" lon="-5.053768">
        <ele>728.7</ele>
      </trkpt>
      <trkpt lat="36.872268" lon="-5.051902">
        <ele>730.8</ele>
      </trkpt>
      <trkpt lat="36.872253" lon="-5.051782">
        <ele>730.9</ele>
      </trkpt>
      <trkpt lat="36.872259" lon="-5.051647">
        <ele>730.9</ele>
      </trkpt>
      <trkpt lat="36.872268" lon="-5.051448">
        <ele>730.8</ele>
      </trkpt>
      <trkpt lat="36.872341" lon="-5.050921">
        <ele>731</ele>
      </trkpt>
      <trkpt lat="36.872430" lon="-5.050341">
        <ele>732.2</ele>
      </trkpt>
      <trkpt lat="36.872218" lon="-5.050243">
        <ele>734</ele>
      </trkpt>
      <trkpt lat="36.872212" lon="-5.050180">
        <ele>734</ele>
      </trkpt>
      <trkpt lat="36.872201" lon="-5.050075">
        <ele>734.1</ele>
      </trkpt>
      <trkpt lat="36.872286" lon="-5.050062">
        <ele>733.7</ele>
      </trkpt>
      <trkpt lat="36.872426" lon="-5.050041">
        <ele>733.2</ele>
      </trkpt>
      <trkpt lat="36.872614" lon="-5.050013">
        <ele>732.5</ele>
      </trkpt>
      <trkpt lat="36.872702" lon="-5.050000">
        <ele>732.3</ele>
      </trkpt>
      <trkpt lat="36.872966" lon="-5.049960">
        <ele>730.6</ele>
      </trkpt>
      <trkpt lat="36.873096" lon="-5.049942">
        <ele>729.8</ele>
      </trkpt>
      <trkpt lat="36.873554" lon="-5.049875">
        <ele>727.2</ele>
      </trkpt>
      <trkpt lat="36.873753" lon="-5.049846">
        <ele>726.5</ele>
      </trkpt>
      <trkpt lat="36.874165" lon="-5.049776">
        <ele>726.4</ele>
      </trkpt>
      <trkpt lat="36.874350" lon="-5.049736">
        <ele>726.8</ele>
      </trkpt>
      <trkpt lat="36.874477" lon="-5.049701">
        <ele>726.5</ele>
      </trkpt>
      <trkpt lat="36.874623" lon="-5.049654">
        <ele>725.2</ele>
      </trkpt>
      <trkpt lat="36.874766" lon="-5.049596">
        <ele>725</ele>
      </trkpt>
      <trkpt lat="36.874851" lon="-5.049559">
        <ele>725.9</ele>
      </trkpt>
      <trkpt lat="36.874957" lon="-5.049513">
        <ele>727.2</ele>
      </trkpt>
      <trkpt lat="36.875006" lon="-5.049488">
        <ele>727.9</ele>
      </trkpt>
      <trkpt lat="36.875153" lon="-5.049413">
        <ele>728.1</ele>
      </trkpt>
      <trkpt lat="36.875174" lon="-5.049402">
        <ele>728</ele>
      </trkpt>
      <trkpt lat="36.875296" lon="-5.049324">
        <ele>728.3</ele>
      </trkpt>
      <trkpt lat="36.875463" lon="-5.049210">
        <ele>729.2</ele>
      </trkpt>
      <trkpt lat="36.875634" lon="-5.049078">
        <ele>729.4</ele>
      </trkpt>
      <trkpt lat="36.875825" lon="-5.048912">
        <ele>729.2</ele>
      </trkpt>
      <trkpt lat="36.876127" lon="-5.048622">
        <ele>729.4</ele>
      </trkpt>
      <trkpt lat="36.876959" lon="-5.047785">
        <ele>726.3</ele>
      </trkpt>
      <trkpt lat="36.877200" lon="-5.047546">
        <ele>724.7</ele>
      </trkpt>
      <trkpt lat="36.878826" lon="-5.045915">
        <ele>715.1</ele>
      </trkpt>
      <trkpt lat="36.879635" lon="-5.045100">
        <ele>711.8</ele>
      </trkpt>
      <trkpt lat="36.879790" lon="-5.044944">
        <ele>711.8</ele>
      </trkpt>
      <trkpt lat="36.880824" lon="-5.043902">
        <ele>708.2</ele>
      </trkpt>
      <trkpt lat="36.880904" lon="-5.043821">
        <ele>707.4</ele>
      </trkpt>
      <trkpt lat="36.881924" lon="-5.042801">
        <ele>705.2</ele>
      </trkpt>
      <trkpt lat="36.882372" lon="-5.042356">
        <ele>703.6</ele>
      </trkpt>
      <trkpt lat="36.882598" lon="-5.042103">
        <ele>701.7</ele>
      </trkpt>
      <trkpt lat="36.882728" lon="-5.041936">
        <ele>701.4</ele>
      </trkpt>
      <trkpt lat="36.882883" lon="-5.041697">
        <ele>700.5</ele>
      </trkpt>
      <trkpt lat="36.883001" lon="-5.041461">
        <ele>700.4</ele>
      </trkpt>
      <trkpt lat="36.883112" lon="-5.041173">
        <ele>700.4</ele>
      </trkpt>
      <trkpt lat="36.883194" lon="-5.040900">
        <ele>698.5</ele>
      </trkpt>
      <trkpt lat="36.883237" lon="-5.040715">
        <ele>698.7</ele>
      </trkpt>
      <trkpt lat="36.883265" lon="-5.040503">
        <ele>699.6</ele>
      </trkpt>
      <trkpt lat="36.883289" lon="-5.040245">
        <ele>700.4</ele>
      </trkpt>
      <trkpt lat="36.883293" lon="-5.039955">
        <ele>700.4</ele>
      </trkpt>
      <trkpt lat="36.883214" lon="-5.038340">
        <ele>696.9</ele>
      </trkpt>
      <trkpt lat="36.883160" lon="-5.037367">
        <ele>694.3</ele>
      </trkpt>
      <trkpt lat="36.883123" lon="-5.036827">
        <ele>693.7</ele>
      </trkpt>
      <trkpt lat="36.883083" lon="-5.036513">
        <ele>693.3</ele>
      </trkpt>
      <trkpt lat="36.883006" lon="-5.036070">
        <ele>692.3</ele>
      </trkpt>
      <trkpt lat="36.882828" lon="-5.035311">
        <ele>692</ele>
      </trkpt>
      <trkpt lat="36.882793" lon="-5.035113">
        <ele>691.3</ele>
      </trkpt>
      <trkpt lat="36.882763" lon="-5.034924">
        <ele>690.5</ele>
      </trkpt>
      <trkpt lat="36.882746" lon="-5.034756">
        <ele>689.7</ele>
      </trkpt>
      <trkpt lat="36.882738" lon="-5.034588">
        <ele>689.4</ele>
      </trkpt>
      <trkpt lat="36.882738" lon="-5.034398">
        <ele>689.3</ele>
      </trkpt>
      <trkpt lat="36.882755" lon="-5.034154">
        <ele>688.6</ele>
      </trkpt>
      <trkpt lat="36.882840" lon="-5.033393">
        <ele>686.9</ele>
      </trkpt>
      <trkpt lat="36.882981" lon="-5.032205">
        <ele>682.4</ele>
      </trkpt>
      <trkpt lat="36.883101" lon="-5.031279">
        <ele>683.2</ele>
      </trkpt>
      <trkpt lat="36.883146" lon="-5.030999">
        <ele>683.6</ele>
      </trkpt>
      <trkpt lat="36.883194" lon="-5.030727">
        <ele>684.5</ele>
      </trkpt>
      <trkpt lat="36.883260" lon="-5.030434">
        <ele>684</ele>
      </trkpt>
      <trkpt lat="36.883296" lon="-5.030320">
        <ele>683.3</ele>
      </trkpt>
      <trkpt lat="36.883359" lon="-5.030130">
        <ele>682.9</ele>
      </trkpt>
      <trkpt lat="36.883442" lon="-5.029916">
        <ele>682.5</ele>
      </trkpt>
      <trkpt lat="36.883581" lon="-5.029624">
        <ele>681.4</ele>
      </trkpt>
      <trkpt lat="36.884148" lon="-5.028534">
        <ele>677.5</ele>
      </trkpt>
      <trkpt lat="36.884321" lon="-5.028191">
        <ele>676.6</ele>
      </trkpt>
      <trkpt lat="36.884452" lon="-5.027892">
        <ele>676.5</ele>
      </trkpt>
      <trkpt lat="36.884594" lon="-5.027550">
        <ele>675.4</ele>
      </trkpt>
      <trkpt lat="36.884706" lon="-5.027249">
        <ele>674.9</ele>
      </trkpt>
      <trkpt lat="36.884816" lon="-5.026939">
        <ele>674</ele>
      </trkpt>
      <trkpt lat="36.884924" lon="-5.026597">
        <ele>672.1</ele>
      </trkpt>
      <trkpt lat="36.885290" lon="-5.025331">
        <ele>669</ele>
      </trkpt>
      <trkpt lat="36.885424" lon="-5.024896">
        <ele>666</ele>
      </trkpt>
      <trkpt lat="36.885541" lon="-5.024578">
        <ele>666.3</ele>
      </trkpt>
      <trkpt lat="36.885636" lon="-5.024354">
        <ele>665.9</ele>
      </trkpt>
      <trkpt lat="36.885780" lon="-5.024030">
        <ele>665</ele>
      </trkpt>
      <trkpt lat="36.885951" lon="-5.023695">
        <ele>663.6</ele>
      </trkpt>
      <trkpt lat="36.886096" lon="-5.023442">
        <ele>662.7</ele>
      </trkpt>
      <trkpt lat="36.886292" lon="-5.023140">
        <ele>661</ele>
      </trkpt>
      <trkpt lat="36.886427" lon="-5.022957">
        <ele>660</ele>
      </trkpt>
      <trkpt lat="36.886553" lon="-5.022797">
        <ele>658.8</ele>
      </trkpt>
      <trkpt lat="36.886754" lon="-5.022546">
        <ele>657.3</ele>
      </trkpt>
      <trkpt lat="36.887224" lon="-5.022031">
        <ele>655.3</ele>
      </trkpt>
      <trkpt lat="36.887540" lon="-5.021682">
        <ele>653.2</ele>
      </trkpt>
      <trkpt lat="36.888018" lon="-5.021166">
        <ele>651.2</ele>
      </trkpt>
      <trkpt lat="36.888440" lon="-5.020708">
        <ele>648.3</ele>
      </trkpt>
      <trkpt lat="36.890151" lon="-5.018879">
        <ele>640.4</ele>
      </trkpt>
      <trkpt lat="36.890511" lon="-5.018513">
        <ele>636.8</ele>
      </trkpt>
      <trkpt lat="36.890892" lon="-5.018164">
        <ele>635.8</ele>
      </trkpt>
      <trkpt lat="36.891384" lon="-5.017752">
        <ele>632.3</ele>
      </trkpt>
      <trkpt lat="36.892646" lon="-5.016773">
        <ele>624.7</ele>
      </trkpt>
      <trkpt lat="36.893242" lon="-5.016315">
        <ele>622.4</ele>
      </trkpt>
      <trkpt lat="36.893816" lon="-5.015880">
        <ele>620.6</ele>
      </trkpt>
      <trkpt lat="36.894223" lon="-5.015562">
        <ele>617.9</ele>
      </trkpt>
      <trkpt lat="36.894425" lon="-5.015396">
        <ele>616.3</ele>
      </trkpt>
      <trkpt lat="36.894609" lon="-5.015239">
        <ele>614.8</ele>
      </trkpt>
      <trkpt lat="36.894798" lon="-5.015069">
        <ele>613.7</ele>
      </trkpt>
      <trkpt lat="36.894991" lon="-5.014859">
        <ele>612.9</ele>
      </trkpt>
      <trkpt lat="36.895180" lon="-5.014622">
        <ele>610.6</ele>
      </trkpt>
      <trkpt lat="36.895359" lon="-5.014362">
        <ele>610.4</ele>
      </trkpt>
      <trkpt lat="36.895520" lon="-5.014088">
        <ele>608.9</ele>
      </trkpt>
      <trkpt lat="36.896108" lon="-5.012895">
        <ele>604.2</ele>
      </trkpt>
      <trkpt lat="36.896237" lon="-5.012624">
        <ele>602.5</ele>
      </trkpt>
      <trkpt lat="36.896525" lon="-5.012023">
        <ele>600.5</ele>
      </trkpt>
      <trkpt lat="36.896766" lon="-5.011520">
        <ele>599.2</ele>
      </trkpt>
      <trkpt lat="36.897011" lon="-5.011012">
        <ele>596.5</ele>
      </trkpt>
      <trkpt lat="36.897228" lon="-5.010525">
        <ele>594.7</ele>
      </trkpt>
      <trkpt lat="36.897420" lon="-5.010064">
        <ele>591.3</ele>
      </trkpt>
      <trkpt lat="36.897649" lon="-5.009459">
        <ele>590.8</ele>
      </trkpt>
      <trkpt lat="36.897805" lon="-5.008963">
        <ele>589.7</ele>
      </trkpt>
      <trkpt lat="36.897876" lon="-5.008694">
        <ele>589.8</ele>
      </trkpt>
      <trkpt lat="36.897936" lon="-5.008449">
        <ele>588.2</ele>
      </trkpt>
      <trkpt lat="36.898017" lon="-5.008010">
        <ele>585.5</ele>
      </trkpt>
      <trkpt lat="36.898069" lon="-5.007642">
        <ele>584.4</ele>
      </trkpt>
      <trkpt lat="36.898094" lon="-5.007332">
        <ele>584.6</ele>
      </trkpt>
      <trkpt lat="36.898110" lon="-5.006860">
        <ele>582.8</ele>
      </trkpt>
      <trkpt lat="36.898101" lon="-5.006390">
        <ele>581.1</ele>
      </trkpt>
      <trkpt lat="36.898070" lon="-5.006071">
        <ele>579.5</ele>
      </trkpt>
      <trkpt lat="36.898008" lon="-5.005651">
        <ele>577.3</ele>
      </trkpt>
      <trkpt lat="36.897947" lon="-5.005355">
        <ele>576.9</ele>
      </trkpt>
      <trkpt lat="36.897855" lon="-5.004990">
        <ele>576.7</ele>
      </trkpt>
      <trkpt lat="36.897734" lon="-5.004625">
        <ele>575.7</ele>
      </trkpt>
      <trkpt lat="36.897663" lon="-5.004424">
        <ele>576.4</ele>
      </trkpt>
      <trkpt lat="36.897437" lon="-5.003901">
        <ele>576.2</ele>
      </trkpt>
      <trkpt lat="36.897097" lon="-5.003239">
        <ele>576.2</ele>
      </trkpt>
      <trkpt lat="36.896979" lon="-5.003001">
        <ele>575.9</ele>
      </trkpt>
      <trkpt lat="36.896873" lon="-5.002747">
        <ele>574.9</ele>
      </trkpt>
      <trkpt lat="36.896810" lon="-5.002508">
        <ele>575.5</ele>
      </trkpt>
      <trkpt lat="36.896757" lon="-5.002236">
        <ele>575</ele>
      </trkpt>
      <trkpt lat="36.896743" lon="-5.001978">
        <ele>574.6</ele>
      </trkpt>
      <trkpt lat="36.896748" lon="-5.001725">
        <ele>574</ele>
      </trkpt>
      <trkpt lat="36.896785" lon="-5.001443">
        <ele>573.9</ele>
      </trkpt>
      <trkpt lat="36.896849" lon="-5.001180">
        <ele>572.4</ele>
      </trkpt>
      <trkpt lat="36.896911" lon="-5.000998">
        <ele>571.8</ele>
      </trkpt>
      <trkpt lat="36.896992" lon="-5.000830">
        <ele>572.6</ele>
      </trkpt>
      <trkpt lat="36.897092" lon="-5.000652">
        <ele>570.9</ele>
      </trkpt>
      <trkpt lat="36.897215" lon="-5.000489">
        <ele>569.9</ele>
      </trkpt>
      <trkpt lat="36.897349" lon="-5.000331">
        <ele>569</ele>
      </trkpt>
      <trkpt lat="36.897498" lon="-5.000192">
        <ele>568.1</ele>
      </trkpt>
      <trkpt lat="36.897649" lon="-5.000089">
        <ele>568.1</ele>
      </trkpt>
      <trkpt lat="36.897774" lon="-5.000017">
        <ele>569.9</ele>
      </trkpt>
      <trkpt lat="36.897949" lon="-4.999945">
        <ele>569.6</ele>
      </trkpt>
      <trkpt lat="36.898151" lon="-4.999896">
        <ele>570</ele>
      </trkpt>
      <trkpt lat="36.898363" lon="-4.999865">
        <ele>570.3</ele>
      </trkpt>
      <trkpt lat="36.899710" lon="-4.999900">
        <ele>563.2</ele>
      </trkpt>
      <trkpt lat="36.899776" lon="-4.999884">
        <ele>563</ele>
      </trkpt>
      <trkpt lat="36.900702" lon="-4.999906">
        <ele>562.3</ele>
      </trkpt>
      <trkpt lat="36.901023" lon="-4.999914">
        <ele>561.5</ele>
      </trkpt>
      <trkpt lat="36.901140" lon="-4.999919">
        <ele>561.2</ele>
      </trkpt>
      <trkpt lat="36.901746" lon="-4.999944">
        <ele>558.9</ele>
      </trkpt>
      <trkpt lat="36.902231" lon="-4.999957">
        <ele>557.4</ele>
      </trkpt>
      <trkpt lat="36.902400" lon="-4.999956">
        <ele>557</ele>
      </trkpt>
      <trkpt lat="36.902554" lon="-4.999949">
        <ele>556.7</ele>
      </trkpt>
      <trkpt lat="36.902729" lon="-4.999921">
        <ele>556.6</ele>
      </trkpt>
      <trkpt lat="36.902878" lon="-4.999886">
        <ele>556.7</ele>
      </trkpt>
      <trkpt lat="36.902933" lon="-4.999888">
        <ele>556.4</ele>
      </trkpt>
      <trkpt lat="36.903112" lon="-4.999816">
        <ele>555.3</ele>
      </trkpt>
      <trkpt lat="36.903279" lon="-4.999724">
        <ele>552.8</ele>
      </trkpt>
      <trkpt lat="36.903447" lon="-4.999601">
        <ele>552.2</ele>
      </trkpt>
      <trkpt lat="36.903590" lon="-4.999472">
        <ele>550.4</ele>
      </trkpt>
      <trkpt lat="36.903739" lon="-4.999303">
        <ele>550.2</ele>
      </trkpt>
      <trkpt lat="36.903894" lon="-4.999093">
        <ele>548.2</ele>
      </trkpt>
      <trkpt lat="36.904311" lon="-4.998429">
        <ele>545.1</ele>
      </trkpt>
      <trkpt lat="36.904461" lon="-4.998226">
        <ele>545</ele>
      </trkpt>
      <trkpt lat="36.904655" lon="-4.998008">
        <ele>543</ele>
      </trkpt>
      <trkpt lat="36.904856" lon="-4.997825">
        <ele>540</ele>
      </trkpt>
      <trkpt lat="36.905043" lon="-4.997688">
        <ele>537.6</ele>
      </trkpt>
      <trkpt lat="36.905204" lon="-4.997595">
        <ele>536.7</ele>
      </trkpt>
      <trkpt lat="36.905391" lon="-4.997509">
        <ele>537.4</ele>
      </trkpt>
      <trkpt lat="36.905611" lon="-4.997437">
        <ele>535.8</ele>
      </trkpt>
      <trkpt lat="36.905817" lon="-4.997396">
        <ele>533.4</ele>
      </trkpt>
      <trkpt lat="36.906021" lon="-4.997382">
        <ele>532.1</ele>
      </trkpt>
      <trkpt lat="36.906225" lon="-4.997389">
        <ele>531.5</ele>
      </trkpt>
      <trkpt lat="36.906468" lon="-4.997422">
        <ele>531.6</ele>
      </trkpt>
      <trkpt lat="36.906639" lon="-4.997468">
        <ele>532</ele>
      </trkpt>
      <trkpt lat="36.906833" lon="-4.997544">
        <ele>530.4</ele>
      </trkpt>
      <trkpt lat="36.907519" lon="-4.997855">
        <ele>527.6</ele>
      </trkpt>
      <trkpt lat="36.907711" lon="-4.997919">
        <ele>526.8</ele>
      </trkpt>
      <trkpt lat="36.907898" lon="-4.997961">
        <ele>526.7</ele>
      </trkpt>
      <trkpt lat="36.908067" lon="-4.997977">
        <ele>526.7</ele>
      </trkpt>
      <trkpt lat="36.908243" lon="-4.997973">
        <ele>526.4</ele>
      </trkpt>
      <trkpt lat="36.908422" lon="-4.997945">
        <ele>525.4</ele>
      </trkpt>
      <trkpt lat="36.908580" lon="-4.997900">
        <ele>524.2</ele>
      </trkpt>
      <trkpt lat="36.908723" lon="-4.997848">
        <ele>523.8</ele>
      </trkpt>
      <trkpt lat="36.908892" lon="-4.997766">
        <ele>524</ele>
      </trkpt>
      <trkpt lat="36.909070" lon="-4.997648">
        <ele>522.3</ele>
      </trkpt>
      <trkpt lat="36.909222" lon="-4.997519">
        <ele>521.7</ele>
      </trkpt>
      <trkpt lat="36.909361" lon="-4.997374">
        <ele>520.6</ele>
      </trkpt>
      <trkpt lat="36.909490" lon="-4.997204">
        <ele>520.3</ele>
      </trkpt>
      <trkpt lat="36.909614" lon="-4.997011">
        <ele>519.6</ele>
      </trkpt>
      <trkpt lat="36.909863" lon="-4.996550">
        <ele>517.5</ele>
      </trkpt>
      <trkpt lat="36.910154" lon="-4.996032">
        <ele>515.4</ele>
      </trkpt>
      <trkpt lat="36.910318" lon="-4.995760">
        <ele>515.7</ele>
      </trkpt>
      <trkpt lat="36.910451" lon="-4.995563">
        <ele>514.8</ele>
      </trkpt>
      <trkpt lat="36.910564" lon="-4.995405">
        <ele>513.4</ele>
      </trkpt>
      <trkpt lat="36.910803" lon="-4.995106">
        <ele>511.1</ele>
      </trkpt>
      <trkpt lat="36.911059" lon="-4.994818">
        <ele>508.5</ele>
      </trkpt>
      <trkpt lat="36.911284" lon="-4.994594">
        <ele>506.1</ele>
      </trkpt>
      <trkpt lat="36.911759" lon="-4.994136">
        <ele>503.6</ele>
      </trkpt>
      <trkpt lat="36.911942" lon="-4.993932">
        <ele>503.4</ele>
      </trkpt>
      <trkpt lat="36.912069" lon="-4.993760">
        <ele>502.9</ele>
      </trkpt>
      <trkpt lat="36.912197" lon="-4.993548">
        <ele>502.3</ele>
      </trkpt>
      <trkpt lat="36.912294" lon="-4.993346">
        <ele>500</ele>
      </trkpt>
      <trkpt lat="36.912379" lon="-4.993113">
        <ele>499.9</ele>
      </trkpt>
      <trkpt lat="36.912443" lon="-4.992855">
        <ele>499.5</ele>
      </trkpt>
      <trkpt lat="36.912483" lon="-4.992602">
        <ele>498.6</ele>
      </trkpt>
      <trkpt lat="36.912496" lon="-4.992364">
        <ele>497.6</ele>
      </trkpt>
      <trkpt lat="36.912493" lon="-4.992141">
        <ele>496.8</ele>
      </trkpt>
      <trkpt lat="36.912463" lon="-4.991885">
        <ele>496.2</ele>
      </trkpt>
      <trkpt lat="36.912422" lon="-4.991669">
        <ele>495.9</ele>
      </trkpt>
      <trkpt lat="36.912364" lon="-4.991444">
        <ele>495.7</ele>
      </trkpt>
      <trkpt lat="36.912055" lon="-4.990553">
        <ele>494.8</ele>
      </trkpt>
      <trkpt lat="36.911514" lon="-4.989051">
        <ele>492.3</ele>
      </trkpt>
      <trkpt lat="36.911401" lon="-4.988704">
        <ele>491.2</ele>
      </trkpt>
      <trkpt lat="36.911324" lon="-4.988431">
        <ele>490.4</ele>
      </trkpt>
      <trkpt lat="36.911267" lon="-4.988157">
        <ele>489.7</ele>
      </trkpt>
      <trkpt lat="36.911234" lon="-4.987902">
        <ele>489.7</ele>
      </trkpt>
      <trkpt lat="36.911219" lon="-4.987683">
        <ele>489.8</ele>
      </trkpt>
      <trkpt lat="36.911230" lon="-4.987445">
        <ele>489.7</ele>
      </trkpt>
      <trkpt lat="36.911254" lon="-4.987213">
        <ele>489.4</ele>
      </trkpt>
      <trkpt lat="36.911296" lon="-4.986994">
        <ele>489.2</ele>
      </trkpt>
      <trkpt lat="36.911352" lon="-4.986794">
        <ele>488.5</ele>
      </trkpt>
      <trkpt lat="36.911438" lon="-4.986553">
        <ele>487.6</ele>
      </trkpt>
      <trkpt lat="36.911545" lon="-4.986315">
        <ele>487</ele>
      </trkpt>
      <trkpt lat="36.911678" lon="-4.986056">
        <ele>487.1</ele>
      </trkpt>
      <trkpt lat="36.912079" lon="-4.985339">
        <ele>485.4</ele>
      </trkpt>
      <trkpt lat="36.912174" lon="-4.985163">
        <ele>484.8</ele>
      </trkpt>
      <trkpt lat="36.912274" lon="-4.984921">
        <ele>484.7</ele>
      </trkpt>
      <trkpt lat="36.912351" lon="-4.984692">
        <ele>485.7</ele>
      </trkpt>
      <trkpt lat="36.912401" lon="-4.984496">
        <ele>485.9</ele>
      </trkpt>
      <trkpt lat="36.912436" lon="-4.984310">
        <ele>484.4</ele>
      </trkpt>
      <trkpt lat="36.912464" lon="-4.984057">
        <ele>482.7</ele>
      </trkpt>
      <trkpt lat="36.912471" lon="-4.983792">
        <ele>481.8</ele>
      </trkpt>
      <trkpt lat="36.912452" lon="-4.982993">
        <ele>479.3</ele>
      </trkpt>
      <trkpt lat="36.912465" lon="-4.982732">
        <ele>477.9</ele>
      </trkpt>
      <trkpt lat="36.912493" lon="-4.982468">
        <ele>476.9</ele>
      </trkpt>
      <trkpt lat="36.912549" lon="-4.982199">
        <ele>475.5</ele>
      </trkpt>
      <trkpt lat="36.912621" lon="-4.981967">
        <ele>473.7</ele>
      </trkpt>
      <trkpt lat="36.912714" lon="-4.981740">
        <ele>474.7</ele>
      </trkpt>
      <trkpt lat="36.912831" lon="-4.981534">
        <ele>474.6</ele>
      </trkpt>
      <trkpt lat="36.912946" lon="-4.981357">
        <ele>474</ele>
      </trkpt>
      <trkpt lat="36.913093" lon="-4.981192">
        <ele>474.1</ele>
      </trkpt>
      <trkpt lat="36.913288" lon="-4.981007">
        <ele>473.2</ele>
      </trkpt>
      <trkpt lat="36.913457" lon="-4.980887">
        <ele>472.8</ele>
      </trkpt>
      <trkpt lat="36.913665" lon="-4.980772">
        <ele>472.3</ele>
      </trkpt>
      <trkpt lat="36.914076" lon="-4.980593">
        <ele>471.4</ele>
      </trkpt>
      <trkpt lat="36.915949" lon="-4.979771">
        <ele>466.8</ele>
      </trkpt>
      <trkpt lat="36.916167" lon="-4.979664">
        <ele>467.2</ele>
      </trkpt>
      <trkpt lat="36.916344" lon="-4.979560">
        <ele>466.6</ele>
      </trkpt>
      <trkpt lat="36.916516" lon="-4.979445">
        <ele>466.1</ele>
      </trkpt>
      <trkpt lat="36.916669" lon="-4.979330">
        <ele>465.8</ele>
      </trkpt>
      <trkpt lat="36.916868" lon="-4.979132">
        <ele>465.1</ele>
      </trkpt>
      <trkpt lat="36.917657" lon="-4.978186">
        <ele>463.6</ele>
      </trkpt>
      <trkpt lat="36.918035" lon="-4.977761">
        <ele>462.5</ele>
      </trkpt>
      <trkpt lat="36.918246" lon="-4.977544">
        <ele>462.4</ele>
      </trkpt>
      <trkpt lat="36.918527" lon="-4.977281">
        <ele>461.2</ele>
      </trkpt>
      <trkpt lat="36.918892" lon="-4.976966">
        <ele>460.9</ele>
      </trkpt>
      <trkpt lat="36.919203" lon="-4.976726">
        <ele>459.2</ele>
      </trkpt>
      <trkpt lat="36.919558" lon="-4.976472">
        <ele>460.2</ele>
      </trkpt>
      <trkpt lat="36.919990" lon="-4.976200">
        <ele>459.3</ele>
      </trkpt>
      <trkpt lat="36.920245" lon="-4.976057">
        <ele>459</ele>
      </trkpt>
      <trkpt lat="36.920465" lon="-4.975939">
        <ele>458.8</ele>
      </trkpt>
      <trkpt lat="36.920821" lon="-4.975771">
        <ele>458</ele>
      </trkpt>
      <trkpt lat="36.921312" lon="-4.975571">
        <ele>457.1</ele>
      </trkpt>
      <trkpt lat="36.922356" lon="-4.975178">
        <ele>455.1</ele>
      </trkpt>
      <trkpt lat="36.922609" lon="-4.975058">
        <ele>455.2</ele>
      </trkpt>
      <trkpt lat="36.922839" lon="-4.974918">
        <ele>455.2</ele>
      </trkpt>
      <trkpt lat="36.923042" lon="-4.974768">
        <ele>455.7</ele>
      </trkpt>
      <trkpt lat="36.923276" lon="-4.974549">
        <ele>455.7</ele>
      </trkpt>
      <trkpt lat="36.925004" lon="-4.972668">
        <ele>454.6</ele>
      </trkpt>
      <trkpt lat="36.925053" lon="-4.972615">
        <ele>454.6</ele>
      </trkpt>
      <trkpt lat="36.926202" lon="-4.971367">
        <ele>453.9</ele>
      </trkpt>
      <trkpt lat="36.926598" lon="-4.970951">
        <ele>454.2</ele>
      </trkpt>
      <trkpt lat="36.928718" lon="-4.968790">
        <ele>451.8</ele>
      </trkpt>
      <trkpt lat="36.930906" lon="-4.966556">
        <ele>446</ele>
      </trkpt>
      <trkpt lat="36.932481" lon="-4.964943">
        <ele>444</ele>
      </trkpt>
      <trkpt lat="36.932665" lon="-4.964733">
        <ele>443.4</ele>
      </trkpt>
      <trkpt lat="36.932833" lon="-4.964517">
        <ele>442.7</ele>
      </trkpt>
      <trkpt lat="36.932959" lon="-4.964323">
        <ele>442.3</ele>
      </trkpt>
      <trkpt lat="36.933088" lon="-4.964084">
        <ele>441.6</ele>
      </trkpt>
      <trkpt lat="36.933206" lon="-4.963830">
        <ele>440.6</ele>
      </trkpt>
      <trkpt lat="36.933393" lon="-4.963382">
        <ele>440.1</ele>
      </trkpt>
      <trkpt lat="36.933649" lon="-4.962746">
        <ele>439.7</ele>
      </trkpt>
      <trkpt lat="36.934304" lon="-4.961105">
        <ele>436.5</ele>
      </trkpt>
      <trkpt lat="36.934454" lon="-4.960698">
        <ele>437.5</ele>
      </trkpt>
      <trkpt lat="36.934524" lon="-4.960452">
        <ele>436.6</ele>
      </trkpt>
      <trkpt lat="36.934576" lon="-4.960218">
        <ele>436.4</ele>
      </trkpt>
      <trkpt lat="36.934606" lon="-4.959973">
        <ele>436.2</ele>
      </trkpt>
      <trkpt lat="36.934615" lon="-4.959761">
        <ele>436.2</ele>
      </trkpt>
      <trkpt lat="36.934610" lon="-4.959555">
        <ele>436.2</ele>
      </trkpt>
      <trkpt lat="36.934595" lon="-4.959405">
        <ele>436.2</ele>
      </trkpt>
      <trkpt lat="36.934557" lon="-4.959167">
        <ele>436.8</ele>
      </trkpt>
      <trkpt lat="36.934508" lon="-4.958969">
        <ele>437.3</ele>
      </trkpt>
      <trkpt lat="36.934428" lon="-4.958740">
        <ele>437.3</ele>
      </trkpt>
      <trkpt lat="36.934305" lon="-4.958480">
        <ele>436.9</ele>
      </trkpt>
      <trkpt lat="36.934191" lon="-4.958293">
        <ele>437.7</ele>
      </trkpt>
      <trkpt lat="36.934073" lon="-4.958128">
        <ele>438.7</ele>
      </trkpt>
      <trkpt lat="36.933901" lon="-4.957938">
        <ele>438.9</ele>
      </trkpt>
      <trkpt lat="36.933706" lon="-4.957756">
        <ele>438.7</ele>
      </trkpt>
      <trkpt lat="36.933472" lon="-4.957573">
        <ele>438.3</ele>
      </trkpt>
      <trkpt lat="36.933081" lon="-4.957298">
        <ele>436.7</ele>
      </trkpt>
      <trkpt lat="36.932239" lon="-4.956735">
        <ele>435.3</ele>
      </trkpt>
      <trkpt lat="36.931942" lon="-4.956510">
        <ele>436.2</ele>
      </trkpt>
      <trkpt lat="36.931752" lon="-4.956341">
        <ele>437</ele>
      </trkpt>
      <trkpt lat="36.931544" lon="-4.956129">
        <ele>435.1</ele>
      </trkpt>
      <trkpt lat="36.931159" lon="-4.955691">
        <ele>434.3</ele>
      </trkpt>
      <trkpt lat="36.930482" lon="-4.954898">
        <ele>433.7</ele>
      </trkpt>
      <trkpt lat="36.929148" lon="-4.953335">
        <ele>430.9</ele>
      </trkpt>
      <trkpt lat="36.928922" lon="-4.953050">
        <ele>430.2</ele>
      </trkpt>
      <trkpt lat="36.928803" lon="-4.952871">
        <ele>429.5</ele>
      </trkpt>
      <trkpt lat="36.928687" lon="-4.952682">
        <ele>429.6</ele>
      </trkpt>
      <trkpt lat="36.928576" lon="-4.952438">
        <ele>428.8</ele>
      </trkpt>
      <trkpt lat="36.928488" lon="-4.952190">
        <ele>428.8</ele>
      </trkpt>
      <trkpt lat="36.928412" lon="-4.951929">
        <ele>429.1</ele>
      </trkpt>
      <trkpt lat="36.928363" lon="-4.951661">
        <ele>427.7</ele>
      </trkpt>
      <trkpt lat="36.928334" lon="-4.951436">
        <ele>427</ele>
      </trkpt>
      <trkpt lat="36.928325" lon="-4.951167">
        <ele>426.1</ele>
      </trkpt>
      <trkpt lat="36.928334" lon="-4.950868">
        <ele>426</ele>
      </trkpt>
      <trkpt lat="36.928370" lon="-4.950580">
        <ele>425</ele>
      </trkpt>
      <trkpt lat="36.928435" lon="-4.950261">
        <ele>423.7</ele>
      </trkpt>
      <trkpt lat="36.928649" lon="-4.949345">
        <ele>425.1</ele>
      </trkpt>
      <trkpt lat="36.928950" lon="-4.948105">
        <ele>427.1</ele>
      </trkpt>
      <trkpt lat="36.929034" lon="-4.947799">
        <ele>427.6</ele>
      </trkpt>
      <trkpt lat="36.929115" lon="-4.947532">
        <ele>428.2</ele>
      </trkpt>
      <trkpt lat="36.929211" lon="-4.947265">
        <ele>429.7</ele>
      </trkpt>
      <trkpt lat="36.929506" lon="-4.946553">
        <ele>430.3</ele>
      </trkpt>
      <trkpt lat="36.929603" lon="-4.946283">
        <ele>430.9</ele>
      </trkpt>
      <trkpt lat="36.929677" lon="-4.946011">
        <ele>431.3</ele>
      </trkpt>
      <trkpt lat="36.929746" lon="-4.945714">
        <ele>431.9</ele>
      </trkpt>
      <trkpt lat="36.929800" lon="-4.945402">
        <ele>432.2</ele>
      </trkpt>
      <trkpt lat="36.929839" lon="-4.945024">
        <ele>433.1</ele>
      </trkpt>
      <trkpt lat="36.929940" lon="-4.943605">
        <ele>429.9</ele>
      </trkpt>
      <trkpt lat="36.929978" lon="-4.943243">
        <ele>429.6</ele>
      </trkpt>
      <trkpt lat="36.930025" lon="-4.942970">
        <ele>430</ele>
      </trkpt>
      <trkpt lat="36.930093" lon="-4.942699">
        <ele>429.2</ele>
      </trkpt>
      <trkpt lat="36.930166" lon="-4.942491">
        <ele>427.5</ele>
      </trkpt>
      <trkpt lat="36.930270" lon="-4.942271">
        <ele>427.9</ele>
      </trkpt>
      <trkpt lat="36.930373" lon="-4.942079">
        <ele>427.5</ele>
      </trkpt>
      <trkpt lat="36.930511" lon="-4.941880">
        <ele>426.1</ele>
      </trkpt>
      <trkpt lat="36.930695" lon="-4.941664">
        <ele>425.5</ele>
      </trkpt>
      <trkpt lat="36.931289" lon="-4.941055">
        <ele>423.7</ele>
      </trkpt>
      <trkpt lat="36.931486" lon="-4.940833">
        <ele>423.7</ele>
      </trkpt>
      <trkpt lat="36.931660" lon="-4.940607">
        <ele>423.3</ele>
      </trkpt>
      <trkpt lat="36.931826" lon="-4.940366">
        <ele>421.6</ele>
      </trkpt>
      <trkpt lat="36.931961" lon="-4.940140">
        <ele>420.9</ele>
      </trkpt>
      <trkpt lat="36.932101" lon="-4.939879">
        <ele>420.4</ele>
      </trkpt>
      <trkpt lat="36.932221" lon="-4.939618">
        <ele>421.6</ele>
      </trkpt>
      <trkpt lat="36.932308" lon="-4.939405">
        <ele>421.5</ele>
      </trkpt>
      <trkpt lat="36.932419" lon="-4.939103">
        <ele>421.3</ele>
      </trkpt>
      <trkpt lat="36.932513" lon="-4.938784">
        <ele>421.8</ele>
      </trkpt>
      <trkpt lat="36.932582" lon="-4.938491">
        <ele>421</ele>
      </trkpt>
      <trkpt lat="36.932642" lon="-4.938162">
        <ele>419.9</ele>
      </trkpt>
      <trkpt lat="36.932684" lon="-4.937863">
        <ele>419.6</ele>
      </trkpt>
      <trkpt lat="36.932712" lon="-4.937541">
        <ele>419</ele>
      </trkpt>
      <trkpt lat="36.932800" lon="-4.936268">
        <ele>419.3</ele>
      </trkpt>
      <trkpt lat="36.932831" lon="-4.935619">
        <ele>419.4</ele>
      </trkpt>
      <trkpt lat="36.932849" lon="-4.935040">
        <ele>419.3</ele>
      </trkpt>
      <trkpt lat="36.932852" lon="-4.934764">
        <ele>419.3</ele>
      </trkpt>
      <trkpt lat="36.932849" lon="-4.934598">
        <ele>418.8</ele>
      </trkpt>
      <trkpt lat="36.932835" lon="-4.934353">
        <ele>418</ele>
      </trkpt>
      <trkpt lat="36.932780" lon="-4.934006">
        <ele>417.6</ele>
      </trkpt>
      <trkpt lat="36.932711" lon="-4.933755">
        <ele>416.3</ele>
      </trkpt>
      <trkpt lat="36.932627" lon="-4.933512">
        <ele>415.4</ele>
      </trkpt>
      <trkpt lat="36.932414" lon="-4.933066">
        <ele>415.4</ele>
      </trkpt>
      <trkpt lat="36.932104" lon="-4.932514">
        <ele>414.8</ele>
      </trkpt>
      <trkpt lat="36.931994" lon="-4.932300">
        <ele>415.8</ele>
      </trkpt>
      <trkpt lat="36.931880" lon="-4.932018">
        <ele>415.1</ele>
      </trkpt>
      <trkpt lat="36.931795" lon="-4.931729">
        <ele>415.2</ele>
      </trkpt>
      <trkpt lat="36.931732" lon="-4.931453">
        <ele>415.6</ele>
      </trkpt>
      <trkpt lat="36.931699" lon="-4.931196">
        <ele>415.3</ele>
      </trkpt>
      <trkpt lat="36.931686" lon="-4.930963">
        <ele>415.1</ele>
      </trkpt>
      <trkpt lat="36.931686" lon="-4.930742">
        <ele>415.1</ele>
      </trkpt>
      <trkpt lat="36.931701" lon="-4.930484">
        <ele>414.9</ele>
      </trkpt>
      <trkpt lat="36.931744" lon="-4.930228">
        <ele>414</ele>
      </trkpt>
      <trkpt lat="36.931796" lon="-4.929992">
        <ele>413.4</ele>
      </trkpt>
      <trkpt lat="36.931876" lon="-4.929712">
        <ele>414.2</ele>
      </trkpt>
      <trkpt lat="36.932006" lon="-4.929403">
        <ele>414.3</ele>
      </trkpt>
      <trkpt lat="36.932166" lon="-4.929064">
        <ele>413.6</ele>
      </trkpt>
      <trkpt lat="36.932300" lon="-4.928817">
        <ele>413.6</ele>
      </trkpt>
      <trkpt lat="36.932565" lon="-4.928315">
        <ele>414.7</ele>
      </trkpt>
      <trkpt lat="36.932674" lon="-4.928071">
        <ele>413.6</ele>
      </trkpt>
      <trkpt lat="36.932755" lon="-4.927831">
        <ele>414.4</ele>
      </trkpt>
      <trkpt lat="36.932813" lon="-4.927600">
        <ele>415.4</ele>
      </trkpt>
      <trkpt lat="36.932854" lon="-4.927367">
        <ele>414.6</ele>
      </trkpt>
      <trkpt lat="36.932881" lon="-4.927114">
        <ele>414.1</ele>
      </trkpt>
      <trkpt lat="36.932889" lon="-4.926877">
        <ele>414.4</ele>
      </trkpt>
      <trkpt lat="36.932875" lon="-4.926661">
        <ele>415.1</ele>
      </trkpt>
      <trkpt lat="36.932853" lon="-4.926438">
        <ele>416.5</ele>
      </trkpt>
      <trkpt lat="36.932773" lon="-4.926082">
        <ele>418</ele>
      </trkpt>
      <trkpt lat="36.932656" lon="-4.925745">
        <ele>417.1</ele>
      </trkpt>
      <trkpt lat="36.932535" lon="-4.925461">
        <ele>418.9</ele>
      </trkpt>
      <trkpt lat="36.932345" lon="-4.925045">
        <ele>418.8</ele>
      </trkpt>
      <trkpt lat="36.932204" lon="-4.924699">
        <ele>420.2</ele>
      </trkpt>
      <trkpt lat="36.932159" lon="-4.924535">
        <ele>419.2</ele>
      </trkpt>
      <trkpt lat="36.932133" lon="-4.924335">
        <ele>419.5</ele>
      </trkpt>
      <trkpt lat="36.932133" lon="-4.924146">
        <ele>420.8</ele>
      </trkpt>
      <trkpt lat="36.932158" lon="-4.923951">
        <ele>421.8</ele>
      </trkpt>
      <trkpt lat="36.932196" lon="-4.923812">
        <ele>422.3</ele>
      </trkpt>
      <trkpt lat="36.932245" lon="-4.923686">
        <ele>423.2</ele>
      </trkpt>
      <trkpt lat="36.932387" lon="-4.923449">
        <ele>422.8</ele>
      </trkpt>
      <trkpt lat="36.932548" lon="-4.923258">
        <ele>422.4</ele>
      </trkpt>
      <trkpt lat="36.933274" lon="-4.922495">
        <ele>420.2</ele>
      </trkpt>
      <trkpt lat="36.933400" lon="-4.922380">
        <ele>420.1</ele>
      </trkpt>
      <trkpt lat="36.933543" lon="-4.922276">
        <ele>421.1</ele>
      </trkpt>
      <trkpt lat="36.933677" lon="-4.922201">
        <ele>421.3</ele>
      </trkpt>
      <trkpt lat="36.933793" lon="-4.922155">
        <ele>420.3</ele>
      </trkpt>
      <trkpt lat="36.933942" lon="-4.922116">
        <ele>419.4</ele>
      </trkpt>
      <trkpt lat="36.934124" lon="-4.922102">
        <ele>418.5</ele>
      </trkpt>
      <trkpt lat="36.934302" lon="-4.922128">
        <ele>417.5</ele>
      </trkpt>
      <trkpt lat="36.934484" lon="-4.922180">
        <ele>417.1</ele>
      </trkpt>
      <trkpt lat="36.934653" lon="-4.922245">
        <ele>417.6</ele>
      </trkpt>
      <trkpt lat="36.934790" lon="-4.922325">
        <ele>416.3</ele>
      </trkpt>
      <trkpt lat="36.934892" lon="-4.922389">
        <ele>415</ele>
      </trkpt>
      <trkpt lat="36.934964" lon="-4.922416">
        <ele>414.1</ele>
      </trkpt>
      <trkpt lat="36.935144" lon="-4.922546">
        <ele>413.3</ele>
      </trkpt>
      <trkpt lat="36.935517" lon="-4.922860">
        <ele>412</ele>
      </trkpt>
      <trkpt lat="36.935635" lon="-4.922922">
        <ele>410.7</ele>
      </trkpt>
      <trkpt lat="36.935733" lon="-4.922962">
        <ele>410</ele>
      </trkpt>
      <trkpt lat="36.935935" lon="-4.923012">
        <ele>409.3</ele>
      </trkpt>
      <trkpt lat="36.936191" lon="-4.923043">
        <ele>408</ele>
      </trkpt>
      <trkpt lat="36.936357" lon="-4.923054">
        <ele>407.2</ele>
      </trkpt>
      <trkpt lat="36.936470" lon="-4.923054">
        <ele>406.7</ele>
      </trkpt>
      <trkpt lat="36.936724" lon="-4.922965">
        <ele>404.7</ele>
      </trkpt>
      <trkpt lat="36.936963" lon="-4.922838">
        <ele>405.1</ele>
      </trkpt>
      <trkpt lat="36.937127" lon="-4.922732">
        <ele>403.2</ele>
      </trkpt>
      <trkpt lat="36.937324" lon="-4.922569">
        <ele>402.2</ele>
      </trkpt>
      <trkpt lat="36.937494" lon="-4.922396">
        <ele>401.4</ele>
      </trkpt>
      <trkpt lat="36.937658" lon="-4.922192">
        <ele>400.6</ele>
      </trkpt>
      <trkpt lat="36.937774" lon="-4.922029">
        <ele>399.4</ele>
      </trkpt>
      <trkpt lat="36.937972" lon="-4.921659">
        <ele>395.1</ele>
      </trkpt>
      <trkpt lat="36.938213" lon="-4.921160">
        <ele>395.5</ele>
      </trkpt>
      <trkpt lat="36.938384" lon="-4.920858">
        <ele>396.5</ele>
      </trkpt>
      <trkpt lat="36.938507" lon="-4.920690">
        <ele>395.7</ele>
      </trkpt>
      <trkpt lat="36.938624" lon="-4.920568">
        <ele>395.2</ele>
      </trkpt>
      <trkpt lat="36.938768" lon="-4.920437">
        <ele>394.7</ele>
      </trkpt>
      <trkpt lat="36.938991" lon="-4.920279">
        <ele>394.4</ele>
      </trkpt>
      <trkpt lat="36.939186" lon="-4.920168">
        <ele>393.6</ele>
      </trkpt>
      <trkpt lat="36.939438" lon="-4.920027">
        <ele>394.3</ele>
      </trkpt>
      <trkpt lat="36.939732" lon="-4.919854">
        <ele>393.5</ele>
      </trkpt>
      <trkpt lat="36.940001" lon="-4.919674">
        <ele>393.3</ele>
      </trkpt>
      <trkpt lat="36.940198" lon="-4.919527">
        <ele>393.3</ele>
      </trkpt>
      <trkpt lat="36.940467" lon="-4.919296">
        <ele>391.6</ele>
      </trkpt>
      <trkpt lat="36.940762" lon="-4.918992">
        <ele>391.6</ele>
      </trkpt>
      <trkpt lat="36.941087" lon="-4.918607">
        <ele>391.4</ele>
      </trkpt>
      <trkpt lat="36.941295" lon="-4.918342">
        <ele>390.5</ele>
      </trkpt>
      <trkpt lat="36.941683" lon="-4.917863">
        <ele>391.7</ele>
      </trkpt>
      <trkpt lat="36.941730" lon="-4.917763">
        <ele>391.3</ele>
      </trkpt>
      <trkpt lat="36.942106" lon="-4.917255">
        <ele>389</ele>
      </trkpt>
      <trkpt lat="36.942379" lon="-4.916915">
        <ele>389.4</ele>
      </trkpt>
      <trkpt lat="36.942614" lon="-4.916648">
        <ele>388.5</ele>
      </trkpt>
      <trkpt lat="36.942912" lon="-4.916334">
        <ele>387.4</ele>
      </trkpt>
      <trkpt lat="36.943348" lon="-4.915883">
        <ele>386</ele>
      </trkpt>
      <trkpt lat="36.943429" lon="-4.915827">
        <ele>386</ele>
      </trkpt>
      <trkpt lat="36.943942" lon="-4.915282">
        <ele>385</ele>
      </trkpt>
      <trkpt lat="36.944957" lon="-4.914205">
        <ele>383.6</ele>
      </trkpt>
      <trkpt lat="36.945205" lon="-4.913916">
        <ele>382.5</ele>
      </trkpt>
      <trkpt lat="36.945417" lon="-4.913621">
        <ele>381.5</ele>
      </trkpt>
      <trkpt lat="36.945578" lon="-4.913368">
        <ele>381.9</ele>
      </trkpt>
      <trkpt lat="36.945746" lon="-4.913079">
        <ele>381.4</ele>
      </trkpt>
      <trkpt lat="36.946187" lon="-4.912228">
        <ele>380</ele>
      </trkpt>
      <trkpt lat="36.946428" lon="-4.911775">
        <ele>380.3</ele>
      </trkpt>
      <trkpt lat="36.947830" lon="-4.909103">
        <ele>379.6</ele>
      </trkpt>
      <trkpt lat="36.948438" lon="-4.907910">
        <ele>378.9</ele>
      </trkpt>
      <trkpt lat="36.948477" lon="-4.907793">
        <ele>378.6</ele>
      </trkpt>
      <trkpt lat="36.948755" lon="-4.907228">
        <ele>377.5</ele>
      </trkpt>
      <trkpt lat="36.948859" lon="-4.907015">
        <ele>377.9</ele>
      </trkpt>
      <trkpt lat="36.949018" lon="-4.906651">
        <ele>376.3</ele>
      </trkpt>
      <trkpt lat="36.949115" lon="-4.906411">
        <ele>377.1</ele>
      </trkpt>
      <trkpt lat="36.949194" lon="-4.906175">
        <ele>376.5</ele>
      </trkpt>
      <trkpt lat="36.949243" lon="-4.905972">
        <ele>375.3</ele>
      </trkpt>
      <trkpt lat="36.949292" lon="-4.905699">
        <ele>375</ele>
      </trkpt>
      <trkpt lat="36.949317" lon="-4.905449">
        <ele>375.2</ele>
      </trkpt>
      <trkpt lat="36.949327" lon="-4.905124">
        <ele>375.3</ele>
      </trkpt>
      <trkpt lat="36.949310" lon="-4.904852">
        <ele>374.8</ele>
      </trkpt>
      <trkpt lat="36.949277" lon="-4.904556">
        <ele>374.4</ele>
      </trkpt>
      <trkpt lat="36.949192" lon="-4.904057">
        <ele>375.7</ele>
      </trkpt>
      <trkpt lat="36.949054" lon="-4.903270">
        <ele>373.9</ele>
      </trkpt>
      <trkpt lat="36.949003" lon="-4.902878">
        <ele>372</ele>
      </trkpt>
      <trkpt lat="36.949011" lon="-4.902774">
        <ele>371.9</ele>
      </trkpt>
      <trkpt lat="36.948889" lon="-4.902106">
        <ele>374.8</ele>
      </trkpt>
      <trkpt lat="36.948753" lon="-4.901336">
        <ele>375.4</ele>
      </trkpt>
      <trkpt lat="36.948572" lon="-4.901405">
        <ele>376.8</ele>
      </trkpt>
      <trkpt lat="36.948443" lon="-4.901488">
        <ele>376.2</ele>
      </trkpt>
      <trkpt lat="36.948308" lon="-4.901606">
        <ele>376.7</ele>
      </trkpt>
      <trkpt lat="36.948234" lon="-4.901714">
        <ele>376.9</ele>
      </trkpt>
      <trkpt lat="36.948193" lon="-4.901841">
        <ele>376.1</ele>
      </trkpt>
      <trkpt lat="36.948187" lon="-4.902036">
        <ele>374.8</ele>
      </trkpt>
      <trkpt lat="36.948201" lon="-4.902608">
        <ele>375.1</ele>
      </trkpt>
      <trkpt lat="36.948256" lon="-4.903214">
        <ele>375.6</ele>
      </trkpt>
      <trkpt lat="36.948267" lon="-4.903344">
        <ele>375.4</ele>
      </trkpt>
      <trkpt lat="36.948257" lon="-4.903461">
        <ele>375.1</ele>
      </trkpt>
      <trkpt lat="36.948219" lon="-4.903573">
        <ele>375</ele>
      </trkpt>
      <trkpt lat="36.948150" lon="-4.903670">
        <ele>375.3</ele>
      </trkpt>
      <trkpt lat="36.948037" lon="-4.903734">
        <ele>376.1</ele>
      </trkpt>
      <trkpt lat="36.947921" lon="-4.903729">
        <ele>376.8</ele>
      </trkpt>
      <trkpt lat="36.946294" lon="-4.903033">
        <ele>389.2</ele>
      </trkpt>
      <trkpt lat="36.945471" lon="-4.902693">
        <ele>391.8</ele>
      </trkpt>
      <trkpt lat="36.945205" lon="-4.902583">
        <ele>394</ele>
      </trkpt>
      <trkpt lat="36.944948" lon="-4.902445">
        <ele>395.3</ele>
      </trkpt>
      <trkpt lat="36.944760" lon="-4.902226">
        <ele>395.6</ele>
      </trkpt>
      <trkpt lat="36.944510" lon="-4.901800">
        <ele>397.3</ele>
      </trkpt>
      <trkpt lat="36.943921" lon="-4.900767">
        <ele>405.5</ele>
      </trkpt>
      <trkpt lat="36.943708" lon="-4.900354">
        <ele>409.8</ele>
      </trkpt>
      <trkpt lat="36.943439" lon="-4.899953">
        <ele>413.4</ele>
      </trkpt>
      <trkpt lat="36.943151" lon="-4.899665">
        <ele>417.4</ele>
      </trkpt>
      <trkpt lat="36.942819" lon="-4.899396">
        <ele>420.5</ele>
      </trkpt>
      <trkpt lat="36.942387" lon="-4.899221">
        <ele>422.6</ele>
      </trkpt>
      <trkpt lat="36.941318" lon="-4.898927">
        <ele>431.4</ele>
      </trkpt>
      <trkpt lat="36.941041" lon="-4.898851">
        <ele>433.7</ele>
      </trkpt>
      <trkpt lat="36.940165" lon="-4.898626">
        <ele>442.3</ele>
      </trkpt>
      <trkpt lat="36.939169" lon="-4.898369">
        <ele>450.4</ele>
      </trkpt>
      <trkpt lat="36.938978" lon="-4.898310">
        <ele>450.5</ele>
      </trkpt>
      <trkpt lat="36.938518" lon="-4.898169">
        <ele>453</ele>
      </trkpt>
      <trkpt lat="36.938205" lon="-4.898000">
        <ele>451.6</ele>
      </trkpt>
      <trkpt lat="36.937591" lon="-4.897536">
        <ele>442.3</ele>
      </trkpt>
      <trkpt lat="36.937053" lon="-4.897035">
        <ele>449.8</ele>
      </trkpt>
      <trkpt lat="36.936890" lon="-4.896760">
        <ele>453.1</ele>
      </trkpt>
      <trkpt lat="36.936796" lon="-4.896416">
        <ele>455.7</ele>
      </trkpt>
      <trkpt lat="36.936721" lon="-4.895095">
        <ele>463.2</ele>
      </trkpt>
      <trkpt lat="36.936771" lon="-4.894688">
        <ele>467.4</ele>
      </trkpt>
      <trkpt lat="36.936915" lon="-4.894387">
        <ele>470.2</ele>
      </trkpt>
      <trkpt lat="36.937116" lon="-4.894099">
        <ele>473.4</ele>
      </trkpt>
      <trkpt lat="36.937391" lon="-4.893717">
        <ele>473.7</ele>
      </trkpt>
      <trkpt lat="36.937566" lon="-4.893498">
        <ele>472.3</ele>
      </trkpt>
      <trkpt lat="36.937698" lon="-4.893223">
        <ele>471.8</ele>
      </trkpt>
      <trkpt lat="36.937785" lon="-4.892728">
        <ele>473</ele>
      </trkpt>
      <trkpt lat="36.937804" lon="-4.891607">
        <ele>476.7</ele>
      </trkpt>
      <trkpt lat="36.937804" lon="-4.891063">
        <ele>478.5</ele>
      </trkpt>
      <trkpt lat="36.937754" lon="-4.890656">
        <ele>480.2</ele>
      </trkpt>
      <trkpt lat="36.937591" lon="-4.890186">
        <ele>479</ele>
      </trkpt>
      <trkpt lat="36.937134" lon="-4.888827">
        <ele>484.5</ele>
      </trkpt>
      <trkpt lat="36.936690" lon="-4.887544">
        <ele>487</ele>
      </trkpt>
      <trkpt lat="36.936389" lon="-4.886617">
        <ele>485.8</ele>
      </trkpt>
      <trkpt lat="36.936200" lon="-4.885709">
        <ele>484.3</ele>
      </trkpt>
      <trkpt lat="36.935987" lon="-4.884385">
        <ele>486.8</ele>
      </trkpt>
      <trkpt lat="36.935866" lon="-4.883903">
        <ele>486.8</ele>
      </trkpt>
      <trkpt lat="36.935707" lon="-4.883571">
        <ele>488.2</ele>
      </trkpt>
      <trkpt lat="36.935117" lon="-4.882642">
        <ele>484.3</ele>
      </trkpt>
      <trkpt lat="36.934951" lon="-4.882354">
        <ele>482.8</ele>
      </trkpt>
      <trkpt lat="36.934907" lon="-4.882117">
        <ele>481.6</ele>
      </trkpt>
      <trkpt lat="36.934922" lon="-4.881655">
        <ele>479.1</ele>
      </trkpt>
      <trkpt lat="36.935003" lon="-4.881232">
        <ele>478</ele>
      </trkpt>
      <trkpt lat="36.935102" lon="-4.880780">
        <ele>474.3</ele>
      </trkpt>
      <trkpt lat="36.935105" lon="-4.880536">
        <ele>473.3</ele>
      </trkpt>
      <trkpt lat="36.935062" lon="-4.880277">
        <ele>472.1</ele>
      </trkpt>
      <trkpt lat="36.934939" lon="-4.880041">
        <ele>471.5</ele>
      </trkpt>
      <trkpt lat="36.934736" lon="-4.879833">
        <ele>470.1</ele>
      </trkpt>
      <trkpt lat="36.934479" lon="-4.879753">
        <ele>470.3</ele>
      </trkpt>
      <trkpt lat="36.933416" lon="-4.879804">
        <ele>468.2</ele>
      </trkpt>
      <trkpt lat="36.932860" lon="-4.879858">
        <ele>470.5</ele>
      </trkpt>
      <trkpt lat="36.932496" lon="-4.879986">
        <ele>471.8</ele>
      </trkpt>
      <trkpt lat="36.932184" lon="-4.880183">
        <ele>472.7</ele>
      </trkpt>
      <trkpt lat="36.931864" lon="-4.880536">
        <ele>472.1</ele>
      </trkpt>
      <trkpt lat="36.931666" lon="-4.880788">
        <ele>469.7</ele>
      </trkpt>
      <trkpt lat="36.931339" lon="-4.881243">
        <ele>468.3</ele>
      </trkpt>
      <trkpt lat="36.931176" lon="-4.881403">
        <ele>467.2</ele>
      </trkpt>
      <trkpt lat="36.930981" lon="-4.881527">
        <ele>466.6</ele>
      </trkpt>
      <trkpt lat="36.930719" lon="-4.881516">
        <ele>464</ele>
      </trkpt>
      <trkpt lat="36.930648" lon="-4.881485">
        <ele>463.6</ele>
      </trkpt>
      <trkpt lat="36.930503" lon="-4.881422">
        <ele>462.4</ele>
      </trkpt>
      <trkpt lat="36.930297" lon="-4.881210">
        <ele>461.5</ele>
      </trkpt>
      <trkpt lat="36.930169" lon="-4.880933">
        <ele>464.7</ele>
      </trkpt>
      <trkpt lat="36.930139" lon="-4.880598">
        <ele>465.5</ele>
      </trkpt>
      <trkpt lat="36.930177" lon="-4.880274">
        <ele>464.8</ele>
      </trkpt>
      <trkpt lat="36.930585" lon="-4.877443">
        <ele>464.5</ele>
      </trkpt>
      <trkpt lat="36.930629" lon="-4.877045">
        <ele>465.9</ele>
      </trkpt>
      <trkpt lat="36.930623" lon="-4.876601">
        <ele>466.8</ele>
      </trkpt>
      <trkpt lat="36.930553" lon="-4.876240">
        <ele>468</ele>
      </trkpt>
      <trkpt lat="36.930422" lon="-4.875854">
        <ele>469</ele>
      </trkpt>
      <trkpt lat="36.930247" lon="-4.875515">
        <ele>469.2</ele>
      </trkpt>
      <trkpt lat="36.930067" lon="-4.875260">
        <ele>468.3</ele>
      </trkpt>
      <trkpt lat="36.928904" lon="-4.873846">
        <ele>467.4</ele>
      </trkpt>
      <trkpt lat="36.928724" lon="-4.873660">
        <ele>468.8</ele>
      </trkpt>
      <trkpt lat="36.928500" lon="-4.873529">
        <ele>471.2</ele>
      </trkpt>
      <trkpt lat="36.928296" lon="-4.873471">
        <ele>473</ele>
      </trkpt>
      <trkpt lat="36.928083" lon="-4.873485">
        <ele>473.2</ele>
      </trkpt>
      <trkpt lat="36.927902" lon="-4.873536">
        <ele>473.5</ele>
      </trkpt>
      <trkpt lat="36.927562" lon="-4.873602">
        <ele>474.8</ele>
      </trkpt>
      <trkpt lat="36.927247" lon="-4.873577">
        <ele>474.3</ele>
      </trkpt>
      <trkpt lat="36.926889" lon="-4.873449">
        <ele>475.5</ele>
      </trkpt>
      <trkpt lat="36.926595" lon="-4.873227">
        <ele>476.6</ele>
      </trkpt>
      <trkpt lat="36.926394" lon="-4.872983">
        <ele>477.4</ele>
      </trkpt>
      <trkpt lat="36.926233" lon="-4.872604">
        <ele>477.6</ele>
      </trkpt>
      <trkpt lat="36.926140" lon="-4.872268">
        <ele>477.7</ele>
      </trkpt>
      <trkpt lat="36.926120" lon="-4.871798">
        <ele>476.3</ele>
      </trkpt>
      <trkpt lat="36.926166" lon="-4.871299">
        <ele>474.4</ele>
      </trkpt>
      <trkpt lat="36.926458" lon="-4.869111">
        <ele>473.4</ele>
      </trkpt>
      <trkpt lat="36.926714" lon="-4.866859">
        <ele>478.6</ele>
      </trkpt>
      <trkpt lat="36.927047" lon="-4.864323">
        <ele>479.7</ele>
      </trkpt>
      <trkpt lat="36.927186" lon="-4.862563">
        <ele>478</ele>
      </trkpt>
      <trkpt lat="36.927262" lon="-4.861044">
        <ele>476.7</ele>
      </trkpt>
      <trkpt lat="36.927250" lon="-4.860570">
        <ele>476.7</ele>
      </trkpt>
      <trkpt lat="36.927146" lon="-4.859936">
        <ele>475.8</ele>
      </trkpt>
      <trkpt lat="36.927023" lon="-4.859564">
        <ele>475.1</ele>
      </trkpt>
      <trkpt lat="36.926755" lon="-4.859010">
        <ele>474.4</ele>
      </trkpt>
      <trkpt lat="36.926458" lon="-4.858595">
        <ele>473.7</ele>
      </trkpt>
      <trkpt lat="36.925934" lon="-4.857859">
        <ele>471.9</ele>
      </trkpt>
      <trkpt lat="36.924796" lon="-4.856336">
        <ele>469.9</ele>
      </trkpt>
      <trkpt lat="36.923400" lon="-4.854448">
        <ele>460.2</ele>
      </trkpt>
      <trkpt lat="36.923068" lon="-4.853953">
        <ele>454.1</ele>
      </trkpt>
      <trkpt lat="36.922829" lon="-4.853406">
        <ele>449.1</ele>
      </trkpt>
      <trkpt lat="36.922194" lon="-4.851621">
        <ele>439.6</ele>
      </trkpt>
      <trkpt lat="36.922112" lon="-4.851227">
        <ele>437</ele>
      </trkpt>
      <trkpt lat="36.922118" lon="-4.850725">
        <ele>435</ele>
      </trkpt>
      <trkpt lat="36.922240" lon="-4.850222">
        <ele>433.9</ele>
      </trkpt>
      <trkpt lat="36.922567" lon="-4.849595">
        <ele>427.3</ele>
      </trkpt>
      <trkpt lat="36.922904" lon="-4.849012">
        <ele>425.3</ele>
      </trkpt>
      <trkpt lat="36.923341" lon="-4.848422">
        <ele>421.6</ele>
      </trkpt>
      <trkpt lat="36.923470" lon="-4.848145">
        <ele>419.2</ele>
      </trkpt>
      <trkpt lat="36.923534" lon="-4.847853">
        <ele>417.3</ele>
      </trkpt>
      <trkpt lat="36.923504" lon="-4.847474">
        <ele>413.6</ele>
      </trkpt>
      <trkpt lat="36.923411" lon="-4.847218">
        <ele>411.1</ele>
      </trkpt>
      <trkpt lat="36.923210" lon="-4.846921">
        <ele>408.2</ele>
      </trkpt>
      <trkpt lat="36.922923" lon="-4.846720">
        <ele>405.8</ele>
      </trkpt>
      <trkpt lat="36.922559" lon="-4.846576">
        <ele>402.2</ele>
      </trkpt>
      <trkpt lat="36.922291" lon="-4.846337">
        <ele>399.9</ele>
      </trkpt>
      <trkpt lat="36.922042" lon="-4.845992">
        <ele>397.3</ele>
      </trkpt>
      <trkpt lat="36.921860" lon="-4.845581">
        <ele>399.1</ele>
      </trkpt>
      <trkpt lat="36.921813" lon="-4.845265">
        <ele>399.1</ele>
      </trkpt>
      <trkpt lat="36.921959" lon="-4.844928">
        <ele>399.8</ele>
      </trkpt>
      <trkpt lat="36.921253" lon="-4.844288">
        <ele>399.4</ele>
      </trkpt>
      <trkpt lat="36.920436" lon="-4.843608">
        <ele>396.9</ele>
      </trkpt>
      <trkpt lat="36.919335" lon="-4.842968">
        <ele>395.1</ele>
      </trkpt>
      <trkpt lat="36.918230" lon="-4.842444">
        <ele>394.5</ele>
      </trkpt>
      <trkpt lat="36.916949" lon="-4.842039">
        <ele>394.7</ele>
      </trkpt>
      <trkpt lat="36.916658" lon="-4.841857">
        <ele>393.4</ele>
      </trkpt>
      <trkpt lat="36.916265" lon="-4.841669">
        <ele>394</ele>
      </trkpt>
      <trkpt lat="36.915851" lon="-4.841487">
        <ele>393.6</ele>
      </trkpt>
      <trkpt lat="36.915483" lon="-4.841383">
        <ele>394.7</ele>
      </trkpt>
      <trkpt lat="36.915158" lon="-4.841309">
        <ele>392.9</ele>
      </trkpt>
      <trkpt lat="36.914751" lon="-4.841143">
        <ele>392</ele>
      </trkpt>
      <trkpt lat="36.914377" lon="-4.841183">
        <ele>390.3</ele>
      </trkpt>
      <trkpt lat="36.914079" lon="-4.841366">
        <ele>386</ele>
      </trkpt>
      <trkpt lat="36.913668" lon="-4.841503">
        <ele>383.5</ele>
      </trkpt>
      <trkpt lat="36.913357" lon="-4.841697">
        <ele>380.3</ele>
      </trkpt>
      <trkpt lat="36.912563" lon="-4.841770">
        <ele>374.8</ele>
      </trkpt>
      <trkpt lat="36.911604" lon="-4.841857">
        <ele>367.9</ele>
      </trkpt>
      <trkpt lat="36.911394" lon="-4.841808">
        <ele>366.5</ele>
      </trkpt>
      <trkpt lat="36.911100" lon="-4.841790">
        <ele>365.5</ele>
      </trkpt>
      <trkpt lat="36.910802" lon="-4.841768">
        <ele>364</ele>
      </trkpt>
      <trkpt lat="36.910364" lon="-4.841746">
        <ele>361.5</ele>
      </trkpt>
      <trkpt lat="36.910123" lon="-4.841738">
        <ele>360.3</ele>
      </trkpt>
      <trkpt lat="36.909790" lon="-4.841731">
        <ele>358</ele>
      </trkpt>
      <trkpt lat="36.909635" lon="-4.841628">
        <ele>356.4</ele>
      </trkpt>
      <trkpt lat="36.909493" lon="-4.841477">
        <ele>355</ele>
      </trkpt>
      <trkpt lat="36.909296" lon="-4.841201">
        <ele>352.8</ele>
      </trkpt>
      <trkpt lat="36.909120" lon="-4.840888">
        <ele>351.3</ele>
      </trkpt>
      <trkpt lat="36.908943" lon="-4.840719">
        <ele>350.2</ele>
      </trkpt>
      <trkpt lat="36.908734" lon="-4.840598">
        <ele>348.7</ele>
      </trkpt>
      <trkpt lat="36.908573" lon="-4.840583">
        <ele>347.6</ele>
      </trkpt>
      <trkpt lat="36.908346" lon="-4.840576">
        <ele>346</ele>
      </trkpt>
      <trkpt lat="36.908028" lon="-4.840631">
        <ele>342.7</ele>
      </trkpt>
      <trkpt lat="36.907778" lon="-4.840686">
        <ele>342.5</ele>
      </trkpt>
      <trkpt lat="36.907549" lon="-4.840708">
        <ele>343</ele>
      </trkpt>
      <trkpt lat="36.907299" lon="-4.840771">
        <ele>343.4</ele>
      </trkpt>
      <trkpt lat="36.907052" lon="-4.840796">
        <ele>343.6</ele>
      </trkpt>
      <trkpt lat="36.906828" lon="-4.840749">
        <ele>343.5</ele>
      </trkpt>
      <trkpt lat="36.906549" lon="-4.840642">
        <ele>344</ele>
      </trkpt>
      <trkpt lat="36.906269" lon="-4.840539">
        <ele>345</ele>
      </trkpt>
      <trkpt lat="36.906022" lon="-4.840443">
        <ele>345</ele>
      </trkpt>
      <trkpt lat="36.905675" lon="-4.840314">
        <ele>344.6</ele>
      </trkpt>
      <trkpt lat="36.905478" lon="-4.840226">
        <ele>345.6</ele>
      </trkpt>
      <trkpt lat="36.905287" lon="-4.840046">
        <ele>346.4</ele>
      </trkpt>
      <trkpt lat="36.905131" lon="-4.839854">
        <ele>346</ele>
      </trkpt>
      <trkpt lat="36.904931" lon="-4.839498">
        <ele>345.1</ele>
      </trkpt>
      <trkpt lat="36.904757" lon="-4.839236">
        <ele>345.1</ele>
      </trkpt>
      <trkpt lat="36.904566" lon="-4.838949">
        <ele>345</ele>
      </trkpt>
      <trkpt lat="36.904401" lon="-4.838791">
        <ele>346.2</ele>
      </trkpt>
      <trkpt lat="36.904198" lon="-4.838666">
        <ele>346.8</ele>
      </trkpt>
      <trkpt lat="36.903954" lon="-4.838611">
        <ele>345.2</ele>
      </trkpt>
      <trkpt lat="36.903763" lon="-4.838611">
        <ele>344.1</ele>
      </trkpt>
      <trkpt lat="36.903580" lon="-4.838670">
        <ele>343.6</ele>
      </trkpt>
      <trkpt lat="36.903313" lon="-4.838762">
        <ele>342.5</ele>
      </trkpt>
      <trkpt lat="36.902965" lon="-4.838927">
        <ele>341.9</ele>
      </trkpt>
      <trkpt lat="36.902603" lon="-4.839049">
        <ele>341.5</ele>
      </trkpt>
      <trkpt lat="36.902289" lon="-4.839170">
        <ele>342</ele>
      </trkpt>
      <trkpt lat="36.902030" lon="-4.839255">
        <ele>342.4</ele>
      </trkpt>
      <trkpt lat="36.901768" lon="-4.839336">
        <ele>343.1</ele>
      </trkpt>
      <trkpt lat="36.901550" lon="-4.839424">
        <ele>343</ele>
      </trkpt>
      <trkpt lat="36.901303" lon="-4.839518">
        <ele>341.6</ele>
      </trkpt>
      <trkpt lat="36.901063" lon="-4.839606">
        <ele>340.3</ele>
      </trkpt>
      <trkpt lat="36.900953" lon="-4.839644">
        <ele>341.2</ele>
      </trkpt>
      <trkpt lat="36.900707" lon="-4.839730">
        <ele>344</ele>
      </trkpt>
      <trkpt lat="36.900473" lon="-4.839823">
        <ele>346.5</ele>
      </trkpt>
      <trkpt lat="36.900327" lon="-4.839885">
        <ele>348.2</ele>
      </trkpt>
      <trkpt lat="36.900160" lon="-4.839955">
        <ele>348.8</ele>
      </trkpt>
      <trkpt lat="36.899969" lon="-4.840006">
        <ele>348.9</ele>
      </trkpt>
      <trkpt lat="36.899784" lon="-4.840089">
        <ele>348.5</ele>
      </trkpt>
      <trkpt lat="36.899585" lon="-4.840167">
        <ele>348.9</ele>
      </trkpt>
      <trkpt lat="36.899411" lon="-4.840212">
        <ele>349.6</ele>
      </trkpt>
      <trkpt lat="36.899216" lon="-4.840293">
        <ele>350.9</ele>
      </trkpt>
      <trkpt lat="36.899060" lon="-4.840360">
        <ele>351.3</ele>
      </trkpt>
      <trkpt lat="36.898895" lon="-4.840481">
        <ele>351.7</ele>
      </trkpt>
      <trkpt lat="36.898772" lon="-4.840644">
        <ele>351.2</ele>
      </trkpt>
      <trkpt lat="36.898672" lon="-4.840778">
        <ele>351.1</ele>
      </trkpt>
      <trkpt lat="36.898582" lon="-4.840998">
        <ele>350.4</ele>
      </trkpt>
      <trkpt lat="36.898517" lon="-4.841234">
        <ele>348.2</ele>
      </trkpt>
      <trkpt lat="36.898474" lon="-4.841570">
        <ele>348.7</ele>
      </trkpt>
      <trkpt lat="36.898429" lon="-4.841791">
        <ele>349.3</ele>
      </trkpt>
      <trkpt lat="36.898412" lon="-4.841986">
        <ele>350.3</ele>
      </trkpt>
      <trkpt lat="36.898416" lon="-4.842139">
        <ele>350.6</ele>
      </trkpt>
      <trkpt lat="36.898464" lon="-4.842367">
        <ele>351.7</ele>
      </trkpt>
      <trkpt lat="36.898515" lon="-4.842590">
        <ele>352.4</ele>
      </trkpt>
      <trkpt lat="36.898541" lon="-4.842813">
        <ele>351.9</ele>
      </trkpt>
      <trkpt lat="36.898515" lon="-4.843078">
        <ele>350.5</ele>
      </trkpt>
      <trkpt lat="36.898461" lon="-4.843255">
        <ele>348.9</ele>
      </trkpt>
      <trkpt lat="36.898376" lon="-4.843456">
        <ele>347.7</ele>
      </trkpt>
      <trkpt lat="36.898251" lon="-4.843641">
        <ele>347</ele>
      </trkpt>
      <trkpt lat="36.898129" lon="-4.843826">
        <ele>346.6</ele>
      </trkpt>
      <trkpt lat="36.898024" lon="-4.843974">
        <ele>346</ele>
      </trkpt>
      <trkpt lat="36.897891" lon="-4.844154">
        <ele>345.7</ele>
      </trkpt>
      <trkpt lat="36.897745" lon="-4.844374">
        <ele>346.3</ele>
      </trkpt>
      <trkpt lat="36.897646" lon="-4.844535">
        <ele>346.5</ele>
      </trkpt>
      <trkpt lat="36.897573" lon="-4.844730">
        <ele>346.8</ele>
      </trkpt>
      <trkpt lat="36.897507" lon="-4.844907">
        <ele>346.8</ele>
      </trkpt>
      <trkpt lat="36.897432" lon="-4.845160">
        <ele>346.7</ele>
      </trkpt>
      <trkpt lat="36.897391" lon="-4.845455">
        <ele>347.5</ele>
      </trkpt>
      <trkpt lat="36.897370" lon="-4.845744">
        <ele>348.7</ele>
      </trkpt>
      <trkpt lat="36.897383" lon="-4.845919">
        <ele>349.5</ele>
      </trkpt>
      <trkpt lat="36.897393" lon="-4.846173">
        <ele>349.6</ele>
      </trkpt>
      <trkpt lat="36.897350" lon="-4.846361">
        <ele>348.8</ele>
      </trkpt>
      <trkpt lat="36.897250" lon="-4.846544">
        <ele>347.5</ele>
      </trkpt>
      <trkpt lat="36.897164" lon="-4.846691">
        <ele>346.2</ele>
      </trkpt>
      <trkpt lat="36.897054" lon="-4.846860">
        <ele>346.1</ele>
      </trkpt>
      <trkpt lat="36.896900" lon="-4.847034">
        <ele>345.5</ele>
      </trkpt>
      <trkpt lat="36.896724" lon="-4.847233">
        <ele>345.7</ele>
      </trkpt>
      <trkpt lat="36.896552" lon="-4.847423">
        <ele>345.4</ele>
      </trkpt>
      <trkpt lat="36.896499" lon="-4.847495">
        <ele>345.7</ele>
      </trkpt>
      <trkpt lat="36.896432" lon="-4.847584">
        <ele>346</ele>
      </trkpt>
      <trkpt lat="36.896289" lon="-4.847772">
        <ele>346.2</ele>
      </trkpt>
      <trkpt lat="36.896160" lon="-4.847960">
        <ele>347.3</ele>
      </trkpt>
      <trkpt lat="36.896027" lon="-4.848115">
        <ele>347.3</ele>
      </trkpt>
      <trkpt lat="36.895855" lon="-4.848255">
        <ele>347.7</ele>
      </trkpt>
      <trkpt lat="36.895660" lon="-4.848349">
        <ele>347.8</ele>
      </trkpt>
      <trkpt lat="36.895433" lon="-4.848456">
        <ele>346.9</ele>
      </trkpt>
      <trkpt lat="36.895152" lon="-4.848574">
        <ele>347.6</ele>
      </trkpt>
      <trkpt lat="36.894910" lon="-4.848665">
        <ele>347.7</ele>
      </trkpt>
      <trkpt lat="36.894701" lon="-4.848722">
        <ele>347.2</ele>
      </trkpt>
      <trkpt lat="36.894485" lon="-4.848738">
        <ele>347.3</ele>
      </trkpt>
      <trkpt lat="36.894268" lon="-4.848738">
        <ele>347</ele>
      </trkpt>
      <trkpt lat="36.894049" lon="-4.848711">
        <ele>347</ele>
      </trkpt>
      <trkpt lat="36.893831" lon="-4.848626">
        <ele>347.3</ele>
      </trkpt>
      <trkpt lat="36.893537" lon="-4.848479">
        <ele>346.7</ele>
      </trkpt>
      <trkpt lat="36.893331" lon="-4.848353">
        <ele>345.3</ele>
      </trkpt>
      <trkpt lat="36.893065" lon="-4.848287">
        <ele>345</ele>
      </trkpt>
      <trkpt lat="36.892801" lon="-4.848227">
        <ele>345.9</ele>
      </trkpt>
      <trkpt lat="36.892587" lon="-4.848165">
        <ele>346.1</ele>
      </trkpt>
      <trkpt lat="36.892311" lon="-4.848036">
        <ele>345.1</ele>
      </trkpt>
      <trkpt lat="36.892014" lon="-4.847929">
        <ele>346.5</ele>
      </trkpt>
      <trkpt lat="36.891720" lon="-4.847763">
        <ele>345.9</ele>
      </trkpt>
      <trkpt lat="36.891527" lon="-4.847668">
        <ele>346.9</ele>
      </trkpt>
      <trkpt lat="36.891188" lon="-4.847483">
        <ele>347.8</ele>
      </trkpt>
      <trkpt lat="36.890869" lon="-4.847364">
        <ele>348.9</ele>
      </trkpt>
      <trkpt lat="36.890484" lon="-4.847188">
        <ele>348.3</ele>
      </trkpt>
      <trkpt lat="36.890123" lon="-4.846993">
        <ele>348.6</ele>
      </trkpt>
      <trkpt lat="36.889922" lon="-4.846874">
        <ele>348.8</ele>
      </trkpt>
      <trkpt lat="36.889653" lon="-4.846698">
        <ele>349</ele>
      </trkpt>
      <trkpt lat="36.889482" lon="-4.846534">
        <ele>349.8</ele>
      </trkpt>
      <trkpt lat="36.889354" lon="-4.846393">
        <ele>348.7</ele>
      </trkpt>
      <trkpt lat="36.889193" lon="-4.846274">
        <ele>346.5</ele>
      </trkpt>
      <trkpt lat="36.888914" lon="-4.845947">
        <ele>348.1</ele>
      </trkpt>
      <trkpt lat="36.888753" lon="-4.845790">
        <ele>349.5</ele>
      </trkpt>
      <trkpt lat="36.888557" lon="-4.845570">
        <ele>349.1</ele>
      </trkpt>
      <trkpt lat="36.888334" lon="-4.845362">
        <ele>350.9</ele>
      </trkpt>
      <trkpt lat="36.888183" lon="-4.845209">
        <ele>352.4</ele>
      </trkpt>
      <trkpt lat="36.887984" lon="-4.845086">
        <ele>354.3</ele>
      </trkpt>
      <trkpt lat="36.887819" lon="-4.844951">
        <ele>354.9</ele>
      </trkpt>
      <trkpt lat="36.887741" lon="-4.844847">
        <ele>355.2</ele>
      </trkpt>
      <trkpt lat="36.887726" lon="-4.844740">
        <ele>355.2</ele>
      </trkpt>
      <trkpt lat="36.887723" lon="-4.844571">
        <ele>355.2</ele>
      </trkpt>
      <trkpt lat="36.887736" lon="-4.844310">
        <ele>355.2</ele>
      </trkpt>
      <trkpt lat="36.887748" lon="-4.844121">
        <ele>355.5</ele>
      </trkpt>
      <trkpt lat="36.887947" lon="-4.843923">
        <ele>355.7</ele>
      </trkpt>
      <trkpt lat="36.888153" lon="-4.843632">
        <ele>355</ele>
      </trkpt>
      <trkpt lat="36.888432" lon="-4.843148">
        <ele>353.2</ele>
      </trkpt>
      <trkpt lat="36.888854" lon="-4.842367">
        <ele>350.7</ele>
      </trkpt>
      <trkpt lat="36.889046" lon="-4.841967">
        <ele>350.8</ele>
      </trkpt>
      <trkpt lat="36.889137" lon="-4.841851">
        <ele>350.5</ele>
      </trkpt>
      <trkpt lat="36.889284" lon="-4.841740">
        <ele>350.7</ele>
      </trkpt>
      <trkpt lat="36.889501" lon="-4.841626">
        <ele>351.2</ele>
      </trkpt>
      <trkpt lat="36.889596" lon="-4.841579">
        <ele>351.5</ele>
      </trkpt>
      <trkpt lat="36.889693" lon="-4.841473">
        <ele>351.9</ele>
      </trkpt>
      <trkpt lat="36.890204" lon="-4.840760">
        <ele>354.2</ele>
      </trkpt>
      <trkpt lat="36.890513" lon="-4.840330">
        <ele>355.7</ele>
      </trkpt>
      <trkpt lat="36.891146" lon="-4.839406">
        <ele>357.9</ele>
      </trkpt>
      <trkpt lat="36.891455" lon="-4.839146">
        <ele>359</ele>
      </trkpt>
      <trkpt lat="36.891889" lon="-4.838952">
        <ele>361</ele>
      </trkpt>
      <trkpt lat="36.892164" lon="-4.838802">
        <ele>363.4</ele>
      </trkpt>
      <trkpt lat="36.892463" lon="-4.838492">
        <ele>367.6</ele>
      </trkpt>
      <trkpt lat="36.892705" lon="-4.838196">
        <ele>369.4</ele>
      </trkpt>
      <trkpt lat="36.893102" lon="-4.837354">
        <ele>371.4</ele>
      </trkpt>
      <trkpt lat="36.893180" lon="-4.837159">
        <ele>371.1</ele>
      </trkpt>
      <trkpt lat="36.893216" lon="-4.836973">
        <ele>369.3</ele>
      </trkpt>
      <trkpt lat="36.893162" lon="-4.836712">
        <ele>368.3</ele>
      </trkpt>
      <trkpt lat="36.893054" lon="-4.836469">
        <ele>367.5</ele>
      </trkpt>
      <trkpt lat="36.893013" lon="-4.836169">
        <ele>366.6</ele>
      </trkpt>
      <trkpt lat="36.892841" lon="-4.835574">
        <ele>362.3</ele>
      </trkpt>
      <trkpt lat="36.892777" lon="-4.835443">
        <ele>362.8</ele>
      </trkpt>
      <trkpt lat="36.892618" lon="-4.835233">
        <ele>364.3</ele>
      </trkpt>
      <trkpt lat="36.892579" lon="-4.835086">
        <ele>362.8</ele>
      </trkpt>
      <trkpt lat="36.892602" lon="-4.834957">
        <ele>361.2</ele>
      </trkpt>
      <trkpt lat="36.892674" lon="-4.834874">
        <ele>360.8</ele>
      </trkpt>
      <trkpt lat="36.892773" lon="-4.834874">
        <ele>359.3</ele>
      </trkpt>
      <trkpt lat="36.892879" lon="-4.834926">
        <ele>359.9</ele>
      </trkpt>
      <trkpt lat="36.893125" lon="-4.835192">
        <ele>357</ele>
      </trkpt>
      <trkpt lat="36.893273" lon="-4.835236">
        <ele>356.9</ele>
      </trkpt>
      <trkpt lat="36.893422" lon="-4.835145">
        <ele>356</ele>
      </trkpt>
      <trkpt lat="36.893815" lon="-4.834497">
        <ele>355.4</ele>
      </trkpt>
      <trkpt lat="36.893883" lon="-4.834337">
        <ele>354.5</ele>
      </trkpt>
      <trkpt lat="36.893953" lon="-4.833926">
        <ele>354.3</ele>
      </trkpt>
      <trkpt lat="36.894392" lon="-4.833137">
        <ele>353.9</ele>
      </trkpt>
      <trkpt lat="36.894493" lon="-4.832962">
        <ele>354.1</ele>
      </trkpt>
      <trkpt lat="36.894526" lon="-4.832776">
        <ele>355.1</ele>
      </trkpt>
      <trkpt lat="36.894530" lon="-4.832571">
        <ele>354.8</ele>
      </trkpt>
      <trkpt lat="36.894561" lon="-4.832383">
        <ele>355.3</ele>
      </trkpt>
      <trkpt lat="36.894617" lon="-4.832279">
        <ele>355.6</ele>
      </trkpt>
      <trkpt lat="36.894821" lon="-4.832031">
        <ele>357.8</ele>
      </trkpt>
      <trkpt lat="36.894981" lon="-4.831773">
        <ele>359.8</ele>
      </trkpt>
      <trkpt lat="36.895100" lon="-4.831651">
        <ele>360.4</ele>
      </trkpt>
      <trkpt lat="36.896295" lon="-4.830843">
        <ele>362.6</ele>
      </trkpt>
      <trkpt lat="36.896584" lon="-4.830392">
        <ele>360.6</ele>
      </trkpt>
      <trkpt lat="36.896636" lon="-4.830242">
        <ele>359.8</ele>
      </trkpt>
      <trkpt lat="36.896653" lon="-4.830060">
        <ele>358.8</ele>
      </trkpt>
      <trkpt lat="36.896635" lon="-4.829757">
        <ele>358.4</ele>
      </trkpt>
      <trkpt lat="36.896653" lon="-4.829615">
        <ele>357.4</ele>
      </trkpt>
      <trkpt lat="36.896705" lon="-4.829381">
        <ele>354.6</ele>
      </trkpt>
      <trkpt lat="36.896683" lon="-4.829157">
        <ele>356.6</ele>
      </trkpt>
      <trkpt lat="36.896644" lon="-4.828924">
        <ele>356.8</ele>
      </trkpt>
      <trkpt lat="36.896648" lon="-4.828679">
        <ele>357.5</ele>
      </trkpt>
      <trkpt lat="36.896656" lon="-4.828625">
        <ele>357.4</ele>
      </trkpt>
      <trkpt lat="36.896719" lon="-4.828233">
        <ele>356.2</ele>
      </trkpt>
      <trkpt lat="36.896842" lon="-4.827769">
        <ele>356.7</ele>
      </trkpt>
      <trkpt lat="36.896853" lon="-4.827615">
        <ele>356.1</ele>
      </trkpt>
      <trkpt lat="36.896823" lon="-4.827380">
        <ele>356.9</ele>
      </trkpt>
      <trkpt lat="36.896832" lon="-4.827247">
        <ele>356.1</ele>
      </trkpt>
      <trkpt lat="36.896898" lon="-4.826876">
        <ele>354.7</ele>
      </trkpt>
      <trkpt lat="36.896900" lon="-4.826677">
        <ele>353.2</ele>
      </trkpt>
      <trkpt lat="36.896855" lon="-4.826563">
        <ele>352.9</ele>
      </trkpt>
      <trkpt lat="36.896748" lon="-4.826404">
        <ele>351.7</ele>
      </trkpt>
      <trkpt lat="36.896707" lon="-4.826295">
        <ele>351.1</ele>
      </trkpt>
      <trkpt lat="36.896711" lon="-4.826183">
        <ele>349.8</ele>
      </trkpt>
      <trkpt lat="36.896740" lon="-4.826140">
        <ele>349.3</ele>
      </trkpt>
      <trkpt lat="36.896793" lon="-4.826061">
        <ele>349.9</ele>
      </trkpt>
      <trkpt lat="36.896838" lon="-4.825994">
        <ele>351.3</ele>
      </trkpt>
      <trkpt lat="36.896941" lon="-4.825949">
        <ele>353.1</ele>
      </trkpt>
      <trkpt lat="36.897028" lon="-4.825947">
        <ele>356.1</ele>
      </trkpt>
      <trkpt lat="36.897112" lon="-4.826001">
        <ele>357.2</ele>
      </trkpt>
      <trkpt lat="36.897373" lon="-4.826302">
        <ele>357.2</ele>
      </trkpt>
      <trkpt lat="36.897485" lon="-4.826502">
        <ele>357.1</ele>
      </trkpt>
      <trkpt lat="36.897504" lon="-4.826670">
        <ele>357.5</ele>
      </trkpt>
      <trkpt lat="36.897457" lon="-4.827172">
        <ele>358.2</ele>
      </trkpt>
      <trkpt lat="36.897444" lon="-4.827585">
        <ele>359.3</ele>
      </trkpt>
      <trkpt lat="36.897457" lon="-4.827795">
        <ele>360.2</ele>
      </trkpt>
      <trkpt lat="36.897497" lon="-4.827904">
        <ele>362.9</ele>
      </trkpt>
      <trkpt lat="36.897582" lon="-4.827977">
        <ele>362.6</ele>
      </trkpt>
      <trkpt lat="36.897696" lon="-4.827981">
        <ele>362.6</ele>
      </trkpt>
      <trkpt lat="36.897827" lon="-4.827909">
        <ele>363.3</ele>
      </trkpt>
      <trkpt lat="36.898152" lon="-4.827562">
        <ele>366</ele>
      </trkpt>
      <trkpt lat="36.898288" lon="-4.827396">
        <ele>367.3</ele>
      </trkpt>
      <trkpt lat="36.898702" lon="-4.826782">
        <ele>370.2</ele>
      </trkpt>
      <trkpt lat="36.899027" lon="-4.826297">
        <ele>369.7</ele>
      </trkpt>
      <trkpt lat="36.899137" lon="-4.826071">
        <ele>371.1</ele>
      </trkpt>
      <trkpt lat="36.899256" lon="-4.825690">
        <ele>373.3</ele>
      </trkpt>
      <trkpt lat="36.899403" lon="-4.825427">
        <ele>372.2</ele>
      </trkpt>
      <trkpt lat="36.899579" lon="-4.825032">
        <ele>373.4</ele>
      </trkpt>
      <trkpt lat="36.899654" lon="-4.824939">
        <ele>373.4</ele>
      </trkpt>
      <trkpt lat="36.899849" lon="-4.824787">
        <ele>371.6</ele>
      </trkpt>
      <trkpt lat="36.899973" lon="-4.824659">
        <ele>370.7</ele>
      </trkpt>
      <trkpt lat="36.900252" lon="-4.824246">
        <ele>369.1</ele>
      </trkpt>
      <trkpt lat="36.900629" lon="-4.823805">
        <ele>370.3</ele>
      </trkpt>
      <trkpt lat="36.900820" lon="-4.823649">
        <ele>368.7</ele>
      </trkpt>
      <trkpt lat="36.900993" lon="-4.823574">
        <ele>369.3</ele>
      </trkpt>
      <trkpt lat="36.901475" lon="-4.823450">
        <ele>368.7</ele>
      </trkpt>
      <trkpt lat="36.901648" lon="-4.823310">
        <ele>368.3</ele>
      </trkpt>
      <trkpt lat="36.901711" lon="-4.823191">
        <ele>367.1</ele>
      </trkpt>
      <trkpt lat="36.901781" lon="-4.822832">
        <ele>365.2</ele>
      </trkpt>
      <trkpt lat="36.901838" lon="-4.822666">
        <ele>364.6</ele>
      </trkpt>
      <trkpt lat="36.902014" lon="-4.822419">
        <ele>363.7</ele>
      </trkpt>
      <trkpt lat="36.902109" lon="-4.822268">
        <ele>363.1</ele>
      </trkpt>
      <trkpt lat="36.902148" lon="-4.822093">
        <ele>362.9</ele>
      </trkpt>
      <trkpt lat="36.902182" lon="-4.821796">
        <ele>361.7</ele>
      </trkpt>
      <trkpt lat="36.902230" lon="-4.821540">
        <ele>360.7</ele>
      </trkpt>
      <trkpt lat="36.902318" lon="-4.821355">
        <ele>360.3</ele>
      </trkpt>
      <trkpt lat="36.902592" lon="-4.821012">
        <ele>357.8</ele>
      </trkpt>
      <trkpt lat="36.902684" lon="-4.820849">
        <ele>357.3</ele>
      </trkpt>
      <trkpt lat="36.902831" lon="-4.820322">
        <ele>353.3</ele>
      </trkpt>
      <trkpt lat="36.902889" lon="-4.820121">
        <ele>352.8</ele>
      </trkpt>
      <trkpt lat="36.902986" lon="-4.819946">
        <ele>352.5</ele>
      </trkpt>
      <trkpt lat="36.903107" lon="-4.819869">
        <ele>352.5</ele>
      </trkpt>
      <trkpt lat="36.903217" lon="-4.819888">
        <ele>352.4</ele>
      </trkpt>
      <trkpt lat="36.903288" lon="-4.819939">
        <ele>351.8</ele>
      </trkpt>
      <trkpt lat="36.903639" lon="-4.820319">
        <ele>348.6</ele>
      </trkpt>
      <trkpt lat="36.903764" lon="-4.820410">
        <ele>348.2</ele>
      </trkpt>
      <trkpt lat="36.903956" lon="-4.820455">
        <ele>347.9</ele>
      </trkpt>
      <trkpt lat="36.904152" lon="-4.820413">
        <ele>346.7</ele>
      </trkpt>
      <trkpt lat="36.904389" lon="-4.820273">
        <ele>344.9</ele>
      </trkpt>
      <trkpt lat="36.904585" lon="-4.820126">
        <ele>344.4</ele>
      </trkpt>
      <trkpt lat="36.904794" lon="-4.819869">
        <ele>343.5</ele>
      </trkpt>
      <trkpt lat="36.904928" lon="-4.819582">
        <ele>343.3</ele>
      </trkpt>
      <trkpt lat="36.905004" lon="-4.819458">
        <ele>342.9</ele>
      </trkpt>
      <trkpt lat="36.905094" lon="-4.819379">
        <ele>342.2</ele>
      </trkpt>
      <trkpt lat="36.905247" lon="-4.819311">
        <ele>341.6</ele>
      </trkpt>
      <trkpt lat="36.905342" lon="-4.819309">
        <ele>342.2</ele>
      </trkpt>
      <trkpt lat="36.905476" lon="-4.819395">
        <ele>343.8</ele>
      </trkpt>
      <trkpt lat="36.905607" lon="-4.819491">
        <ele>345.5</ele>
      </trkpt>
      <trkpt lat="36.905697" lon="-4.819510">
        <ele>346.5</ele>
      </trkpt>
      <trkpt lat="36.905812" lon="-4.819472">
        <ele>347.9</ele>
      </trkpt>
      <trkpt lat="36.905881" lon="-4.819374">
        <ele>350.4</ele>
      </trkpt>
      <trkpt lat="36.906087" lon="-4.818819">
        <ele>352.2</ele>
      </trkpt>
      <trkpt lat="36.906434" lon="-4.817893">
        <ele>358.4</ele>
      </trkpt>
      <trkpt lat="36.906707" lon="-4.817408">
        <ele>361.8</ele>
      </trkpt>
      <trkpt lat="36.906885" lon="-4.816689">
        <ele>367.5</ele>
      </trkpt>
      <trkpt lat="36.906922" lon="-4.816447">
        <ele>368.2</ele>
      </trkpt>
      <trkpt lat="36.906926" lon="-4.816421">
        <ele>368.2</ele>
      </trkpt>
      <trkpt lat="36.906924" lon="-4.816087">
        <ele>369.6</ele>
      </trkpt>
      <trkpt lat="36.906866" lon="-4.815567">
        <ele>372.8</ele>
      </trkpt>
      <trkpt lat="36.906907" lon="-4.815343">
        <ele>373.4</ele>
      </trkpt>
      <trkpt lat="36.907074" lon="-4.814997">
        <ele>374.6</ele>
      </trkpt>
      <trkpt lat="36.907193" lon="-4.814846">
        <ele>375.1</ele>
      </trkpt>
      <trkpt lat="36.907324" lon="-4.814757">
        <ele>375.5</ele>
      </trkpt>
      <trkpt lat="36.907437" lon="-4.814734">
        <ele>375.8</ele>
      </trkpt>
      <trkpt lat="36.907626" lon="-4.814738">
        <ele>376.6</ele>
      </trkpt>
      <trkpt lat="36.907769" lon="-4.814706">
        <ele>378.2</ele>
      </trkpt>
      <trkpt lat="36.907851" lon="-4.814605">
        <ele>378.3</ele>
      </trkpt>
      <trkpt lat="36.908023" lon="-4.814202">
        <ele>380</ele>
      </trkpt>
      <trkpt lat="36.908068" lon="-4.814024">
        <ele>380.6</ele>
      </trkpt>
      <trkpt lat="36.908049" lon="-4.813875">
        <ele>382.1</ele>
      </trkpt>
      <trkpt lat="36.907991" lon="-4.813637">
        <ele>383.4</ele>
      </trkpt>
      <trkpt lat="36.907993" lon="-4.813497">
        <ele>384.9</ele>
      </trkpt>
      <trkpt lat="36.908029" lon="-4.813411">
        <ele>385.4</ele>
      </trkpt>
      <trkpt lat="36.908150" lon="-4.813236">
        <ele>384.8</ele>
      </trkpt>
      <trkpt lat="36.908204" lon="-4.813068">
        <ele>386.5</ele>
      </trkpt>
      <trkpt lat="36.908253" lon="-4.812960">
        <ele>387.7</ele>
      </trkpt>
      <trkpt lat="36.908316" lon="-4.812893">
        <ele>388</ele>
      </trkpt>
      <trkpt lat="36.908393" lon="-4.812874">
        <ele>388.7</ele>
      </trkpt>
      <trkpt lat="36.908510" lon="-4.812893">
        <ele>389.1</ele>
      </trkpt>
      <trkpt lat="36.908613" lon="-4.812895">
        <ele>389.9</ele>
      </trkpt>
      <trkpt lat="36.908704" lon="-4.812860">
        <ele>390</ele>
      </trkpt>
      <trkpt lat="36.908792" lon="-4.812769">
        <ele>390.8</ele>
      </trkpt>
      <trkpt lat="36.908829" lon="-4.812669">
        <ele>391.6</ele>
      </trkpt>
      <trkpt lat="36.908833" lon="-4.812536">
        <ele>392.8</ele>
      </trkpt>
      <trkpt lat="36.908792" lon="-4.812396">
        <ele>393.6</ele>
      </trkpt>
      <trkpt lat="36.908767" lon="-4.812284">
        <ele>393.5</ele>
      </trkpt>
      <trkpt lat="36.908775" lon="-4.812176">
        <ele>393.7</ele>
      </trkpt>
      <trkpt lat="36.908823" lon="-4.812057">
        <ele>394.9</ele>
      </trkpt>
      <trkpt lat="36.908958" lon="-4.811829">
        <ele>398</ele>
      </trkpt>
      <trkpt lat="36.909010" lon="-4.811654">
        <ele>400.7</ele>
      </trkpt>
      <trkpt lat="36.909049" lon="-4.811274">
        <ele>400.1</ele>
      </trkpt>
      <trkpt lat="36.909101" lon="-4.811134">
        <ele>400.4</ele>
      </trkpt>
      <trkpt lat="36.909184" lon="-4.811038">
        <ele>402.4</ele>
      </trkpt>
      <trkpt lat="36.909278" lon="-4.810997">
        <ele>402.8</ele>
      </trkpt>
      <trkpt lat="36.909656" lon="-4.810894">
        <ele>403.9</ele>
      </trkpt>
      <trkpt lat="36.909975" lon="-4.810776">
        <ele>405.1</ele>
      </trkpt>
      <trkpt lat="36.910193" lon="-4.810628">
        <ele>405.8</ele>
      </trkpt>
      <trkpt lat="36.910519" lon="-4.810290">
        <ele>408.6</ele>
      </trkpt>
      <trkpt lat="36.910768" lon="-4.810006">
        <ele>410.6</ele>
      </trkpt>
      <trkpt lat="36.911460" lon="-4.809351">
        <ele>407.1</ele>
      </trkpt>
      <trkpt lat="36.911565" lon="-4.809184">
        <ele>405.5</ele>
      </trkpt>
      <trkpt lat="36.911668" lon="-4.808374">
        <ele>406</ele>
      </trkpt>
      <trkpt lat="36.911722" lon="-4.808219">
        <ele>405.8</ele>
      </trkpt>
      <trkpt lat="36.911786" lon="-4.808126">
        <ele>405.4</ele>
      </trkpt>
      <trkpt lat="36.911937" lon="-4.808077">
        <ele>405.4</ele>
      </trkpt>
      <trkpt lat="36.912081" lon="-4.808116">
        <ele>404.5</ele>
      </trkpt>
      <trkpt lat="36.912755" lon="-4.808360">
        <ele>401.6</ele>
      </trkpt>
      <trkpt lat="36.912949" lon="-4.808381">
        <ele>400.3</ele>
      </trkpt>
      <trkpt lat="36.913093" lon="-4.808348">
        <ele>399.4</ele>
      </trkpt>
      <trkpt lat="36.913202" lon="-4.808271">
        <ele>399.4</ele>
      </trkpt>
      <trkpt lat="36.913281" lon="-4.808176">
        <ele>399.3</ele>
      </trkpt>
      <trkpt lat="36.913326" lon="-4.808123">
        <ele>399.4</ele>
      </trkpt>
      <trkpt lat="36.913690" lon="-4.807724">
        <ele>398</ele>
      </trkpt>
      <trkpt lat="36.914177" lon="-4.807227">
        <ele>392</ele>
      </trkpt>
      <trkpt lat="36.914159" lon="-4.807187">
        <ele>391.8</ele>
      </trkpt>
      <trkpt lat="36.914152" lon="-4.807143">
        <ele>391.6</ele>
      </trkpt>
      <trkpt lat="36.914156" lon="-4.807097">
        <ele>391.2</ele>
      </trkpt>
      <trkpt lat="36.914171" lon="-4.807056">
        <ele>390.8</ele>
      </trkpt>
      <trkpt lat="36.914195" lon="-4.807022">
        <ele>390.8</ele>
      </trkpt>
      <trkpt lat="36.914147" lon="-4.806935">
        <ele>390.2</ele>
      </trkpt>
      <trkpt lat="36.914120" lon="-4.806828">
        <ele>389.9</ele>
      </trkpt>
      <trkpt lat="36.914089" lon="-4.806649">
        <ele>389</ele>
      </trkpt>
      <trkpt lat="36.914057" lon="-4.806427">
        <ele>388.2</ele>
      </trkpt>
      <trkpt lat="36.914010" lon="-4.806148">
        <ele>386.6</ele>
      </trkpt>
      <trkpt lat="36.913980" lon="-4.806009">
        <ele>384.9</ele>
      </trkpt>
      <trkpt lat="36.913932" lon="-4.805876">
        <ele>383</ele>
      </trkpt>
      <trkpt lat="36.913870" lon="-4.805743">
        <ele>382.1</ele>
      </trkpt>
      <trkpt lat="36.913072" lon="-4.804629">
        <ele>372.9</ele>
      </trkpt>
      <trkpt lat="36.912614" lon="-4.804019">
        <ele>370.1</ele>
      </trkpt>
      <trkpt lat="36.912412" lon="-4.803706">
        <ele>368.7</ele>
      </trkpt>
      <trkpt lat="36.912197" lon="-4.803339">
        <ele>365.3</ele>
      </trkpt>
      <trkpt lat="36.912036" lon="-4.803034">
        <ele>363.6</ele>
      </trkpt>
      <trkpt lat="36.911932" lon="-4.802786">
        <ele>362.5</ele>
      </trkpt>
      <trkpt lat="36.911878" lon="-4.802658">
        <ele>360.7</ele>
      </trkpt>
      <trkpt lat="36.911728" lon="-4.802443">
        <ele>359</ele>
      </trkpt>
      <trkpt lat="36.911560" lon="-4.802278">
        <ele>357.4</ele>
      </trkpt>
      <trkpt lat="36.911357" lon="-4.802161">
        <ele>356.5</ele>
      </trkpt>
      <trkpt lat="36.910489" lon="-4.801776">
        <ele>352.4</ele>
      </trkpt>
      <trkpt lat="36.910432" lon="-4.801731">
        <ele>352.1</ele>
      </trkpt>
      <trkpt lat="36.910367" lon="-4.801638">
        <ele>351.9</ele>
      </trkpt>
      <trkpt lat="36.910326" lon="-4.801504">
        <ele>350.9</ele>
      </trkpt>
      <trkpt lat="36.910231" lon="-4.800610">
        <ele>342.6</ele>
      </trkpt>
      <trkpt lat="36.910195" lon="-4.800431">
        <ele>341.1</ele>
      </trkpt>
      <trkpt lat="36.909950" lon="-4.800006">
        <ele>337.6</ele>
      </trkpt>
      <trkpt lat="36.909869" lon="-4.799819">
        <ele>334.6</ele>
      </trkpt>
      <trkpt lat="36.909847" lon="-4.799605">
        <ele>333.7</ele>
      </trkpt>
      <trkpt lat="36.909819" lon="-4.799026">
        <ele>333.3</ele>
      </trkpt>
      <trkpt lat="36.909823" lon="-4.798926">
        <ele>333.8</ele>
      </trkpt>
      <trkpt lat="36.909838" lon="-4.798847">
        <ele>333.7</ele>
      </trkpt>
      <trkpt lat="36.909898" lon="-4.798725">
        <ele>332</ele>
      </trkpt>
      <trkpt lat="36.909950" lon="-4.798666">
        <ele>330.2</ele>
      </trkpt>
      <trkpt lat="36.910003" lon="-4.798624">
        <ele>328.3</ele>
      </trkpt>
      <trkpt lat="36.910073" lon="-4.798590">
        <ele>327.2</ele>
      </trkpt>
      <trkpt lat="36.910147" lon="-4.798573">
        <ele>326.5</ele>
      </trkpt>
      <trkpt lat="36.910238" lon="-4.798580">
        <ele>326.3</ele>
      </trkpt>
      <trkpt lat="36.910308" lon="-4.798608">
        <ele>325.8</ele>
      </trkpt>
      <trkpt lat="36.910463" lon="-4.798746">
        <ele>324.1</ele>
      </trkpt>
      <trkpt lat="36.910600" lon="-4.798929">
        <ele>323.5</ele>
      </trkpt>
      <trkpt lat="36.910837" lon="-4.799287">
        <ele>320.4</ele>
      </trkpt>
      <trkpt lat="36.910942" lon="-4.799332">
        <ele>322.3</ele>
      </trkpt>
      <trkpt lat="36.911008" lon="-4.799315">
        <ele>323.1</ele>
      </trkpt>
      <trkpt lat="36.911059" lon="-4.799247">
        <ele>323.5</ele>
      </trkpt>
      <trkpt lat="36.911135" lon="-4.798917">
        <ele>324.6</ele>
      </trkpt>
      <trkpt lat="36.911586" lon="-4.798340">
        <ele>326</ele>
      </trkpt>
      <trkpt lat="36.911665" lon="-4.798189">
        <ele>323.5</ele>
      </trkpt>
      <trkpt lat="36.911915" lon="-4.797487">
        <ele>320.3</ele>
      </trkpt>
      <trkpt lat="36.912025" lon="-4.797289">
        <ele>321.1</ele>
      </trkpt>
      <trkpt lat="36.912574" lon="-4.796734">
        <ele>324.7</ele>
      </trkpt>
      <trkpt lat="36.912702" lon="-4.796634">
        <ele>324.5</ele>
      </trkpt>
      <trkpt lat="36.912805" lon="-4.796598">
        <ele>324.3</ele>
      </trkpt>
      <trkpt lat="36.913148" lon="-4.796518">
        <ele>322.3</ele>
      </trkpt>
      <trkpt lat="36.913261" lon="-4.796456">
        <ele>320.8</ele>
      </trkpt>
      <trkpt lat="36.913350" lon="-4.796311">
        <ele>321</ele>
      </trkpt>
      <trkpt lat="36.913364" lon="-4.796203">
        <ele>322.3</ele>
      </trkpt>
      <trkpt lat="36.913335" lon="-4.796103">
        <ele>323.1</ele>
      </trkpt>
      <trkpt lat="36.913292" lon="-4.796051">
        <ele>323.3</ele>
      </trkpt>
      <trkpt lat="36.913108" lon="-4.795876">
        <ele>323.8</ele>
      </trkpt>
      <trkpt lat="36.912681" lon="-4.795510">
        <ele>325.5</ele>
      </trkpt>
      <trkpt lat="36.912299" lon="-4.795201">
        <ele>326.6</ele>
      </trkpt>
      <trkpt lat="36.912234" lon="-4.795109">
        <ele>327.3</ele>
      </trkpt>
      <trkpt lat="36.912218" lon="-4.795016">
        <ele>328.8</ele>
      </trkpt>
      <trkpt lat="36.912226" lon="-4.794891">
        <ele>327.5</ele>
      </trkpt>
      <trkpt lat="36.912286" lon="-4.794796">
        <ele>327.1</ele>
      </trkpt>
      <trkpt lat="36.912471" lon="-4.794595">
        <ele>326.2</ele>
      </trkpt>
      <trkpt lat="36.912521" lon="-4.794499">
        <ele>325.6</ele>
      </trkpt>
      <trkpt lat="36.912526" lon="-4.794400">
        <ele>324.8</ele>
      </trkpt>
      <trkpt lat="36.912515" lon="-4.794110">
        <ele>324</ele>
      </trkpt>
      <trkpt lat="36.912552" lon="-4.794008">
        <ele>323.6</ele>
      </trkpt>
      <trkpt lat="36.912768" lon="-4.793916">
        <ele>322.6</ele>
      </trkpt>
      <trkpt lat="36.912871" lon="-4.793834">
        <ele>322</ele>
      </trkpt>
      <trkpt lat="36.912939" lon="-4.793748">
        <ele>321.3</ele>
      </trkpt>
      <trkpt lat="36.913003" lon="-4.793643">
        <ele>320.8</ele>
      </trkpt>
      <trkpt lat="36.913029" lon="-4.793475">
        <ele>319.1</ele>
      </trkpt>
      <trkpt lat="36.913047" lon="-4.793066">
        <ele>316.6</ele>
      </trkpt>
      <trkpt lat="36.913032" lon="-4.792964">
        <ele>317</ele>
      </trkpt>
      <trkpt lat="36.912987" lon="-4.792862">
        <ele>316.6</ele>
      </trkpt>
      <trkpt lat="36.912839" lon="-4.792743">
        <ele>314.7</ele>
      </trkpt>
      <trkpt lat="36.912494" lon="-4.792509">
        <ele>311.5</ele>
      </trkpt>
      <trkpt lat="36.912239" lon="-4.792252">
        <ele>310.7</ele>
      </trkpt>
      <trkpt lat="36.912194" lon="-4.792177">
        <ele>309.7</ele>
      </trkpt>
      <trkpt lat="36.912199" lon="-4.792068">
        <ele>309.3</ele>
      </trkpt>
      <trkpt lat="36.912236" lon="-4.791972">
        <ele>310.8</ele>
      </trkpt>
      <trkpt lat="36.912305" lon="-4.791900">
        <ele>311.6</ele>
      </trkpt>
      <trkpt lat="36.912668" lon="-4.791785">
        <ele>314.1</ele>
      </trkpt>
      <trkpt lat="36.912943" lon="-4.791642">
        <ele>309.6</ele>
      </trkpt>
      <trkpt lat="36.913155" lon="-4.791646">
        <ele>311.1</ele>
      </trkpt>
      <trkpt lat="36.913261" lon="-4.791623">
        <ele>311.2</ele>
      </trkpt>
      <trkpt lat="36.913345" lon="-4.791551">
        <ele>310.1</ele>
      </trkpt>
      <trkpt lat="36.913369" lon="-4.791472">
        <ele>308.9</ele>
      </trkpt>
      <trkpt lat="36.913364" lon="-4.791347">
        <ele>306.5</ele>
      </trkpt>
      <trkpt lat="36.913335" lon="-4.791155">
        <ele>305.9</ele>
      </trkpt>
      <trkpt lat="36.913350" lon="-4.791086">
        <ele>305.8</ele>
      </trkpt>
      <trkpt lat="36.913406" lon="-4.791004">
        <ele>304.8</ele>
      </trkpt>
      <trkpt lat="36.913558" lon="-4.790905">
        <ele>304.7</ele>
      </trkpt>
      <trkpt lat="36.913632" lon="-4.790833">
        <ele>304.2</ele>
      </trkpt>
      <trkpt lat="36.913664" lon="-4.790711">
        <ele>303.9</ele>
      </trkpt>
      <trkpt lat="36.913653" lon="-4.790604">
        <ele>301.7</ele>
      </trkpt>
      <trkpt lat="36.913598" lon="-4.790477">
        <ele>301.8</ele>
      </trkpt>
      <trkpt lat="36.913391" lon="-4.790338">
        <ele>298.3</ele>
      </trkpt>
      <trkpt lat="36.913140" lon="-4.789918">
        <ele>297.1</ele>
      </trkpt>
      <trkpt lat="36.913113" lon="-4.789775">
        <ele>298.1</ele>
      </trkpt>
      <trkpt lat="36.913140" lon="-4.789646">
        <ele>298.1</ele>
      </trkpt>
      <trkpt lat="36.913328" lon="-4.789354">
        <ele>295.6</ele>
      </trkpt>
      <trkpt lat="36.913411" lon="-4.789073">
        <ele>295.3</ele>
      </trkpt>
      <trkpt lat="36.913414" lon="-4.788932">
        <ele>293.8</ele>
      </trkpt>
      <trkpt lat="36.913358" lon="-4.788787">
        <ele>291.9</ele>
      </trkpt>
      <trkpt lat="36.913071" lon="-4.788204">
        <ele>288.3</ele>
      </trkpt>
      <trkpt lat="36.912887" lon="-4.787733">
        <ele>289.2</ele>
      </trkpt>
      <trkpt lat="36.912721" lon="-4.787496">
        <ele>285.6</ele>
      </trkpt>
      <trkpt lat="36.912684" lon="-4.787344">
        <ele>286.3</ele>
      </trkpt>
      <trkpt lat="36.912610" lon="-4.787143">
        <ele>284.4</ele>
      </trkpt>
      <trkpt lat="36.912539" lon="-4.787028">
        <ele>281.5</ele>
      </trkpt>
      <trkpt lat="36.912457" lon="-4.786959">
        <ele>279.9</ele>
      </trkpt>
      <trkpt lat="36.912418" lon="-4.786940">
        <ele>279.6</ele>
      </trkpt>
      <trkpt lat="36.911980" lon="-4.786728">
        <ele>277</ele>
      </trkpt>
      <trkpt lat="36.911871" lon="-4.786714">
        <ele>277.1</ele>
      </trkpt>
      <trkpt lat="36.911760" lon="-4.786731">
        <ele>277.1</ele>
      </trkpt>
      <trkpt lat="36.911432" lon="-4.786831">
        <ele>272.8</ele>
      </trkpt>
      <trkpt lat="36.911256" lon="-4.786837">
        <ele>269.9</ele>
      </trkpt>
      <trkpt lat="36.911164" lon="-4.786777">
        <ele>269.6</ele>
      </trkpt>
      <trkpt lat="36.911080" lon="-4.786609">
        <ele>268.7</ele>
      </trkpt>
      <trkpt lat="36.911022" lon="-4.786323">
        <ele>266.5</ele>
      </trkpt>
      <trkpt lat="36.911032" lon="-4.786072">
        <ele>266.5</ele>
      </trkpt>
      <trkpt lat="36.911122" lon="-4.785809">
        <ele>265.7</ele>
      </trkpt>
      <trkpt lat="36.911273" lon="-4.785606">
        <ele>264.8</ele>
      </trkpt>
      <trkpt lat="36.911585" lon="-4.785235">
        <ele>263.1</ele>
      </trkpt>
      <trkpt lat="36.911718" lon="-4.785003">
        <ele>259.2</ele>
      </trkpt>
      <trkpt lat="36.911833" lon="-4.784901">
        <ele>258.2</ele>
      </trkpt>
      <trkpt lat="36.911939" lon="-4.784864">
        <ele>259</ele>
      </trkpt>
      <trkpt lat="36.912147" lon="-4.784906">
        <ele>255.1</ele>
      </trkpt>
      <trkpt lat="36.912276" lon="-4.784890">
        <ele>254</ele>
      </trkpt>
      <trkpt lat="36.912465" lon="-4.784758">
        <ele>253.9</ele>
      </trkpt>
      <trkpt lat="36.912745" lon="-4.784498">
        <ele>257.4</ele>
      </trkpt>
      <trkpt lat="36.912825" lon="-4.784283">
        <ele>258</ele>
      </trkpt>
      <trkpt lat="36.912868" lon="-4.784073">
        <ele>257.7</ele>
      </trkpt>
      <trkpt lat="36.912808" lon="-4.783674">
        <ele>249.1</ele>
      </trkpt>
      <trkpt lat="36.912668" lon="-4.782999">
        <ele>249.4</ele>
      </trkpt>
      <trkpt lat="36.912515" lon="-4.782396">
        <ele>247.5</ele>
      </trkpt>
      <trkpt lat="36.912444" lon="-4.782245">
        <ele>246.5</ele>
      </trkpt>
      <trkpt lat="36.912407" lon="-4.782139">
        <ele>244.5</ele>
      </trkpt>
      <trkpt lat="36.912421" lon="-4.782030">
        <ele>244.3</ele>
      </trkpt>
      <trkpt lat="36.912458" lon="-4.781961">
        <ele>244.9</ele>
      </trkpt>
      <trkpt lat="36.912542" lon="-4.781902">
        <ele>245.1</ele>
      </trkpt>
      <trkpt lat="36.913008" lon="-4.781787">
        <ele>241.9</ele>
      </trkpt>
      <trkpt lat="36.913142" lon="-4.781790">
        <ele>240.5</ele>
      </trkpt>
      <trkpt lat="36.913324" lon="-4.781872">
        <ele>240.1</ele>
      </trkpt>
      <trkpt lat="36.913377" lon="-4.781873">
        <ele>240.8</ele>
      </trkpt>
      <trkpt lat="36.913417" lon="-4.781859">
        <ele>241.1</ele>
      </trkpt>
      <trkpt lat="36.913469" lon="-4.781786">
        <ele>239.5</ele>
      </trkpt>
      <trkpt lat="36.913470" lon="-4.781714">
        <ele>237.1</ele>
      </trkpt>
      <trkpt lat="36.913438" lon="-4.781574">
        <ele>236.1</ele>
      </trkpt>
      <trkpt lat="36.913349" lon="-4.781211">
        <ele>239.4</ele>
      </trkpt>
      <trkpt lat="36.913241" lon="-4.780954">
        <ele>240.2</ele>
      </trkpt>
      <trkpt lat="36.913129" lon="-4.780363">
        <ele>237.3</ele>
      </trkpt>
      <trkpt lat="36.913016" lon="-4.780103">
        <ele>237</ele>
      </trkpt>
      <trkpt lat="36.912923" lon="-4.779830">
        <ele>237.3</ele>
      </trkpt>
      <trkpt lat="36.912768" lon="-4.779310">
        <ele>237.6</ele>
      </trkpt>
      <trkpt lat="36.912790" lon="-4.779049">
        <ele>236.1</ele>
      </trkpt>
      <trkpt lat="36.912753" lon="-4.778467">
        <ele>237.8</ele>
      </trkpt>
      <trkpt lat="36.912846" lon="-4.778117">
        <ele>234.9</ele>
      </trkpt>
      <trkpt lat="36.912873" lon="-4.778060">
        <ele>234.8</ele>
      </trkpt>
      <trkpt lat="36.912977" lon="-4.777838">
        <ele>234</ele>
      </trkpt>
      <trkpt lat="36.913128" lon="-4.777544">
        <ele>234.3</ele>
      </trkpt>
      <trkpt lat="36.913170" lon="-4.777144">
        <ele>235.6</ele>
      </trkpt>
      <trkpt lat="36.913148" lon="-4.776850">
        <ele>235.2</ele>
      </trkpt>
      <trkpt lat="36.913081" lon="-4.776454">
        <ele>232.8</ele>
      </trkpt>
      <trkpt lat="36.913085" lon="-4.776156">
        <ele>233</ele>
      </trkpt>
      <trkpt lat="36.913215" lon="-4.775550">
        <ele>236</ele>
      </trkpt>
      <trkpt lat="36.913345" lon="-4.775303">
        <ele>234.7</ele>
      </trkpt>
      <trkpt lat="36.913662" lon="-4.774847">
        <ele>235.9</ele>
      </trkpt>
      <trkpt lat="36.913815" lon="-4.774600">
        <ele>233</ele>
      </trkpt>
      <trkpt lat="36.914258" lon="-4.773215">
        <ele>223.6</ele>
      </trkpt>
      <trkpt lat="36.914355" lon="-4.772811">
        <ele>222.4</ele>
      </trkpt>
      <trkpt lat="36.914372" lon="-4.772667">
        <ele>219.6</ele>
      </trkpt>
      <trkpt lat="36.914336" lon="-4.772564">
        <ele>219.8</ele>
      </trkpt>
      <trkpt lat="36.914273" lon="-4.772480">
        <ele>220.4</ele>
      </trkpt>
      <trkpt lat="36.914034" lon="-4.772312">
        <ele>221.3</ele>
      </trkpt>
      <trkpt lat="36.913524" lon="-4.771721">
        <ele>216.6</ele>
      </trkpt>
      <trkpt lat="36.913308" lon="-4.771544">
        <ele>216.9</ele>
      </trkpt>
      <trkpt lat="36.913114" lon="-4.771246">
        <ele>212.4</ele>
      </trkpt>
      <trkpt lat="36.912919" lon="-4.771091">
        <ele>212.6</ele>
      </trkpt>
      <trkpt lat="36.912794" lon="-4.770840">
        <ele>208.5</ele>
      </trkpt>
      <trkpt lat="36.912374" lon="-4.770353">
        <ele>204.1</ele>
      </trkpt>
      <trkpt lat="36.912326" lon="-4.770313">
        <ele>203.5</ele>
      </trkpt>
      <trkpt lat="36.912291" lon="-4.770293">
        <ele>203.4</ele>
      </trkpt>
      <trkpt lat="36.912239" lon="-4.770273">
        <ele>203.6</ele>
      </trkpt>
      <trkpt lat="36.912127" lon="-4.770258">
        <ele>203</ele>
      </trkpt>
      <trkpt lat="36.912039" lon="-4.770225">
        <ele>202.1</ele>
      </trkpt>
      <trkpt lat="36.911981" lon="-4.770194">
        <ele>201.7</ele>
      </trkpt>
      <trkpt lat="36.911917" lon="-4.770138">
        <ele>202.8</ele>
      </trkpt>
      <trkpt lat="36.911672" lon="-4.769753">
        <ele>203.8</ele>
      </trkpt>
      <trkpt lat="36.911480" lon="-4.769473">
        <ele>204</ele>
      </trkpt>
      <trkpt lat="36.911345" lon="-4.769236">
        <ele>203.4</ele>
      </trkpt>
      <trkpt lat="36.911139" lon="-4.768834">
        <ele>201.1</ele>
      </trkpt>
      <trkpt lat="36.910936" lon="-4.768431">
        <ele>202.1</ele>
      </trkpt>
      <trkpt lat="36.910768" lon="-4.768060">
        <ele>203.1</ele>
      </trkpt>
      <trkpt lat="36.910655" lon="-4.767785">
        <ele>201.9</ele>
      </trkpt>
      <trkpt lat="36.910553" lon="-4.767562">
        <ele>202.3</ele>
      </trkpt>
      <trkpt lat="36.910485" lon="-4.767379">
        <ele>209.8</ele>
      </trkpt>
      <trkpt lat="36.910443" lon="-4.767179">
        <ele>210.5</ele>
      </trkpt>
      <trkpt lat="36.910412" lon="-4.766990">
        <ele>207.8</ele>
      </trkpt>
      <trkpt lat="36.910381" lon="-4.766610">
        <ele>203.5</ele>
      </trkpt>
      <trkpt lat="36.910362" lon="-4.766298">
        <ele>202.8</ele>
      </trkpt>
      <trkpt lat="36.910283" lon="-4.765738">
        <ele>201.2</ele>
      </trkpt>
      <trkpt lat="36.910234" lon="-4.765544">
        <ele>202.2</ele>
      </trkpt>
      <trkpt lat="36.910164" lon="-4.765382">
        <ele>202.2</ele>
      </trkpt>
      <trkpt lat="36.910036" lon="-4.765113">
        <ele>201</ele>
      </trkpt>
      <trkpt lat="36.909914" lon="-4.764828">
        <ele>202.6</ele>
      </trkpt>
      <trkpt lat="36.909841" lon="-4.764643">
        <ele>202.9</ele>
      </trkpt>
      <trkpt lat="36.909743" lon="-4.764468">
        <ele>201.3</ele>
      </trkpt>
      <trkpt lat="36.909642" lon="-4.764307">
        <ele>202.3</ele>
      </trkpt>
      <trkpt lat="36.909521" lon="-4.764168">
        <ele>201.5</ele>
      </trkpt>
      <trkpt lat="36.909455" lon="-4.764128">
        <ele>201.8</ele>
      </trkpt>
      <trkpt lat="36.909345" lon="-4.764078">
        <ele>202.3</ele>
      </trkpt>
      <trkpt lat="36.909210" lon="-4.764063">
        <ele>202.9</ele>
      </trkpt>
      <trkpt lat="36.908882" lon="-4.764043">
        <ele>202</ele>
      </trkpt>
      <trkpt lat="36.908548" lon="-4.764024">
        <ele>201.1</ele>
      </trkpt>
      <trkpt lat="36.908342" lon="-4.764018">
        <ele>200.3</ele>
      </trkpt>
      <trkpt lat="36.908246" lon="-4.764034">
        <ele>200.7</ele>
      </trkpt>
      <trkpt lat="36.908023" lon="-4.764102">
        <ele>202.3</ele>
      </trkpt>
      <trkpt lat="36.907799" lon="-4.764215">
        <ele>204.4</ele>
      </trkpt>
      <trkpt lat="36.907476" lon="-4.764415">
        <ele>203.8</ele>
      </trkpt>
      <trkpt lat="36.907389" lon="-4.764448">
        <ele>204.2</ele>
      </trkpt>
      <trkpt lat="36.907311" lon="-4.764447">
        <ele>204.2</ele>
      </trkpt>
      <trkpt lat="36.907280" lon="-4.764442">
        <ele>204</ele>
      </trkpt>
      <trkpt lat="36.907237" lon="-4.764427">
        <ele>203.9</ele>
      </trkpt>
      <trkpt lat="36.907199" lon="-4.764402">
        <ele>204</ele>
      </trkpt>
      <trkpt lat="36.907098" lon="-4.764294">
        <ele>205.5</ele>
      </trkpt>
      <trkpt lat="36.907060" lon="-4.764197">
        <ele>207</ele>
      </trkpt>
      <trkpt lat="36.907015" lon="-4.764031">
        <ele>207.4</ele>
      </trkpt>
      <trkpt lat="36.906967" lon="-4.763862">
        <ele>206.6</ele>
      </trkpt>
      <trkpt lat="36.906926" lon="-4.763760">
        <ele>207.9</ele>
      </trkpt>
      <trkpt lat="36.906872" lon="-4.763653">
        <ele>209.3</ele>
      </trkpt>
      <trkpt lat="36.906825" lon="-4.763589">
        <ele>209.5</ele>
      </trkpt>
      <trkpt lat="36.906745" lon="-4.763492">
        <ele>209.5</ele>
      </trkpt>
      <trkpt lat="36.906343" lon="-4.763089">
        <ele>213.4</ele>
      </trkpt>
      <trkpt lat="36.905844" lon="-4.762567">
        <ele>210</ele>
      </trkpt>
      <trkpt lat="36.905803" lon="-4.762517">
        <ele>210.3</ele>
      </trkpt>
      <trkpt lat="36.905700" lon="-4.762364">
        <ele>209.9</ele>
      </trkpt>
      <trkpt lat="36.905563" lon="-4.762121">
        <ele>206.6</ele>
      </trkpt>
      <trkpt lat="36.905468" lon="-4.761987">
        <ele>205.7</ele>
      </trkpt>
      <trkpt lat="36.905379" lon="-4.761912">
        <ele>204.6</ele>
      </trkpt>
      <trkpt lat="36.905283" lon="-4.761850">
        <ele>203.9</ele>
      </trkpt>
      <trkpt lat="36.905147" lon="-4.761777">
        <ele>204.2</ele>
      </trkpt>
      <trkpt lat="36.904718" lon="-4.761527">
        <ele>201.5</ele>
      </trkpt>
      <trkpt lat="36.904792" lon="-4.761315">
        <ele>193.2</ele>
      </trkpt>
      <trkpt lat="36.905320" lon="-4.760009">
        <ele>199.4</ele>
      </trkpt>
      <trkpt lat="36.905366" lon="-4.759889">
        <ele>202.6</ele>
      </trkpt>
      <trkpt lat="36.905408" lon="-4.759841">
        <ele>203.9</ele>
      </trkpt>
      <trkpt lat="36.905482" lon="-4.759817">
        <ele>204.5</ele>
      </trkpt>
      <trkpt lat="36.905604" lon="-4.759831">
        <ele>205</ele>
      </trkpt>
      <trkpt lat="36.905786" lon="-4.759891">
        <ele>205</ele>
      </trkpt>
      <trkpt lat="36.905974" lon="-4.759909">
        <ele>205.6</ele>
      </trkpt>
      <trkpt lat="36.906124" lon="-4.759897">
        <ele>206.9</ele>
      </trkpt>
      <trkpt lat="36.906274" lon="-4.759822">
        <ele>207.7</ele>
      </trkpt>
      <trkpt lat="36.906450" lon="-4.759735">
        <ele>208.6</ele>
      </trkpt>
      <trkpt lat="36.906615" lon="-4.759714">
        <ele>209.4</ele>
      </trkpt>
      <trkpt lat="36.906717" lon="-4.759757">
        <ele>209.6</ele>
      </trkpt>
      <trkpt lat="36.906827" lon="-4.759816">
        <ele>210.9</ele>
      </trkpt>
      <trkpt lat="36.907062" lon="-4.759911">
        <ele>213</ele>
      </trkpt>
      <trkpt lat="36.907311" lon="-4.759986">
        <ele>213</ele>
      </trkpt>
      <trkpt lat="36.907459" lon="-4.759996">
        <ele>213.1</ele>
      </trkpt>
      <trkpt lat="36.907601" lon="-4.759981">
        <ele>213.9</ele>
      </trkpt>
      <trkpt lat="36.907732" lon="-4.760006">
        <ele>212.8</ele>
      </trkpt>
      <trkpt lat="36.907818" lon="-4.760065">
        <ele>212.3</ele>
      </trkpt>
      <trkpt lat="36.907926" lon="-4.760167">
        <ele>213</ele>
      </trkpt>
      <trkpt lat="36.908057" lon="-4.760331">
        <ele>213.1</ele>
      </trkpt>
      <trkpt lat="36.908139" lon="-4.760399">
        <ele>211.8</ele>
      </trkpt>
      <trkpt lat="36.908225" lon="-4.760439">
        <ele>211.7</ele>
      </trkpt>
      <trkpt lat="36.908472" lon="-4.760435">
        <ele>214.3</ele>
      </trkpt>
      <trkpt lat="36.908693" lon="-4.760451">
        <ele>215.2</ele>
      </trkpt>
      <trkpt lat="36.908726" lon="-4.760434">
        <ele>215.7</ele>
      </trkpt>
      <trkpt lat="36.908747" lon="-4.760415">
        <ele>216</ele>
      </trkpt>
      <trkpt lat="36.908757" lon="-4.760381">
        <ele>216.5</ele>
      </trkpt>
      <trkpt lat="36.908750" lon="-4.760318">
        <ele>217.4</ele>
      </trkpt>
      <trkpt lat="36.908697" lon="-4.760263">
        <ele>218.6</ele>
      </trkpt>
      <trkpt lat="36.908627" lon="-4.760225">
        <ele>220.2</ele>
      </trkpt>
      <trkpt lat="36.908480" lon="-4.760150">
        <ele>222</ele>
      </trkpt>
      <trkpt lat="36.908301" lon="-4.760013">
        <ele>222.3</ele>
      </trkpt>
      <trkpt lat="36.907880" lon="-4.759671">
        <ele>225.7</ele>
      </trkpt>
      <trkpt lat="36.907763" lon="-4.759575">
        <ele>226.8</ele>
      </trkpt>
      <trkpt lat="36.907608" lon="-4.759540">
        <ele>228.4</ele>
      </trkpt>
      <trkpt lat="36.907460" lon="-4.759543">
        <ele>229</ele>
      </trkpt>
      <trkpt lat="36.907279" lon="-4.759568">
        <ele>228.8</ele>
      </trkpt>
      <trkpt lat="36.907207" lon="-4.759557">
        <ele>228.8</ele>
      </trkpt>
      <trkpt lat="36.907143" lon="-4.759541">
        <ele>228.3</ele>
      </trkpt>
      <trkpt lat="36.907035" lon="-4.759495">
        <ele>228.6</ele>
      </trkpt>
      <trkpt lat="36.906954" lon="-4.759439">
        <ele>230</ele>
      </trkpt>
      <trkpt lat="36.906890" lon="-4.759366">
        <ele>229.1</ele>
      </trkpt>
      <trkpt lat="36.906838" lon="-4.759329">
        <ele>228.6</ele>
      </trkpt>
      <trkpt lat="36.906746" lon="-4.759263">
        <ele>228.7</ele>
      </trkpt>
      <trkpt lat="36.906525" lon="-4.759186">
        <ele>231</ele>
      </trkpt>
      <trkpt lat="36.906363" lon="-4.759144">
        <ele>232.1</ele>
      </trkpt>
      <trkpt lat="36.906269" lon="-4.759128">
        <ele>233.1</ele>
      </trkpt>
      <trkpt lat="36.905992" lon="-4.759139">
        <ele>235.1</ele>
      </trkpt>
      <trkpt lat="36.905869" lon="-4.759147">
        <ele>235.6</ele>
      </trkpt>
      <trkpt lat="36.905801" lon="-4.759119">
        <ele>236.6</ele>
      </trkpt>
      <trkpt lat="36.905489" lon="-4.759031">
        <ele>234.4</ele>
      </trkpt>
      <trkpt lat="36.905161" lon="-4.758903">
        <ele>231.7</ele>
      </trkpt>
      <trkpt lat="36.905101" lon="-4.758880">
        <ele>232.4</ele>
      </trkpt>
      <trkpt lat="36.904944" lon="-4.758871">
        <ele>232.9</ele>
      </trkpt>
      <trkpt lat="36.904636" lon="-4.758889">
        <ele>232.7</ele>
      </trkpt>
      <trkpt lat="36.904554" lon="-4.758885">
        <ele>232.6</ele>
      </trkpt>
      <trkpt lat="36.904446" lon="-4.758842">
        <ele>234</ele>
      </trkpt>
      <trkpt lat="36.904298" lon="-4.758751">
        <ele>234.5</ele>
      </trkpt>
      <trkpt lat="36.904215" lon="-4.758676">
        <ele>235.6</ele>
      </trkpt>
      <trkpt lat="36.904138" lon="-4.758582">
        <ele>236.6</ele>
      </trkpt>
      <trkpt lat="36.904053" lon="-4.758421">
        <ele>239.5</ele>
      </trkpt>
      <trkpt lat="36.904017" lon="-4.758331">
        <ele>242.2</ele>
      </trkpt>
      <trkpt lat="36.903996" lon="-4.758306">
        <ele>242.4</ele>
      </trkpt>
      <trkpt lat="36.903964" lon="-4.758282">
        <ele>242.2</ele>
      </trkpt>
      <trkpt lat="36.903838" lon="-4.758280">
        <ele>239.2</ele>
      </trkpt>
      <trkpt lat="36.903706" lon="-4.758263">
        <ele>239</ele>
      </trkpt>
      <trkpt lat="36.903657" lon="-4.758243">
        <ele>239.3</ele>
      </trkpt>
      <trkpt lat="36.903611" lon="-4.758204">
        <ele>240.2</ele>
      </trkpt>
      <trkpt lat="36.903534" lon="-4.758103">
        <ele>241</ele>
      </trkpt>
      <trkpt lat="36.903515" lon="-4.758050">
        <ele>241.9</ele>
      </trkpt>
      <trkpt lat="36.903503" lon="-4.757972">
        <ele>241.8</ele>
      </trkpt>
      <trkpt lat="36.903532" lon="-4.757893">
        <ele>242.9</ele>
      </trkpt>
      <trkpt lat="36.903697" lon="-4.757570">
        <ele>246.7</ele>
      </trkpt>
      <trkpt lat="36.903719" lon="-4.757497">
        <ele>246.8</ele>
      </trkpt>
      <trkpt lat="36.903728" lon="-4.757430">
        <ele>247.7</ele>
      </trkpt>
      <trkpt lat="36.903716" lon="-4.757363">
        <ele>248.2</ele>
      </trkpt>
      <trkpt lat="36.903694" lon="-4.757313">
        <ele>248.5</ele>
      </trkpt>
      <trkpt lat="36.903665" lon="-4.757277">
        <ele>248.6</ele>
      </trkpt>
      <trkpt lat="36.903495" lon="-4.757212">
        <ele>249.5</ele>
      </trkpt>
      <trkpt lat="36.903461" lon="-4.757190">
        <ele>249.9</ele>
      </trkpt>
      <trkpt lat="36.903437" lon="-4.757161">
        <ele>250.2</ele>
      </trkpt>
      <trkpt lat="36.903418" lon="-4.757103">
        <ele>250.6</ele>
      </trkpt>
      <trkpt lat="36.903417" lon="-4.757035">
        <ele>251.2</ele>
      </trkpt>
      <trkpt lat="36.903425" lon="-4.756955">
        <ele>251.9</ele>
      </trkpt>
      <trkpt lat="36.903492" lon="-4.756785">
        <ele>252.5</ele>
      </trkpt>
      <trkpt lat="36.903457" lon="-4.756679">
        <ele>251.8</ele>
      </trkpt>
      <trkpt lat="36.903499" lon="-4.756524">
        <ele>251.4</ele>
      </trkpt>
      <trkpt lat="36.903876" lon="-4.755549">
        <ele>248.4</ele>
      </trkpt>
      <trkpt lat="36.903981" lon="-4.755404">
        <ele>247.7</ele>
      </trkpt>
      <trkpt lat="36.904208" lon="-4.755282">
        <ele>247.9</ele>
      </trkpt>
      <trkpt lat="36.904382" lon="-4.755150">
        <ele>246.3</ele>
      </trkpt>
      <trkpt lat="36.904708" lon="-4.755177">
        <ele>247.6</ele>
      </trkpt>
      <trkpt lat="36.904911" lon="-4.755203">
        <ele>246.7</ele>
      </trkpt>
      <trkpt lat="36.905093" lon="-4.755358">
        <ele>250.7</ele>
      </trkpt>
      <trkpt lat="36.905180" lon="-4.755345">
        <ele>250.5</ele>
      </trkpt>
      <trkpt lat="36.905209" lon="-4.755239">
        <ele>249.1</ele>
      </trkpt>
      <trkpt lat="36.905217" lon="-4.754979">
        <ele>246.5</ele>
      </trkpt>
      <trkpt lat="36.905317" lon="-4.754818">
        <ele>246.4</ele>
      </trkpt>
      <trkpt lat="36.905559" lon="-4.754689">
        <ele>247.3</ele>
      </trkpt>
      <trkpt lat="36.905754" lon="-4.754630">
        <ele>247.9</ele>
      </trkpt>
      <trkpt lat="36.905812" lon="-4.754495">
        <ele>247.8</ele>
      </trkpt>
      <trkpt lat="36.905788" lon="-4.754333">
        <ele>248.2</ele>
      </trkpt>
      <trkpt lat="36.905720" lon="-4.754165">
        <ele>248.6</ele>
      </trkpt>
      <trkpt lat="36.905554" lon="-4.753961">
        <ele>248.7</ele>
      </trkpt>
      <trkpt lat="36.905464" lon="-4.753777">
        <ele>248.7</ele>
      </trkpt>
      <trkpt lat="36.905441" lon="-4.753559">
        <ele>247.7</ele>
      </trkpt>
      <trkpt lat="36.905470" lon="-4.753362">
        <ele>247.1</ele>
      </trkpt>
      <trkpt lat="36.905512" lon="-4.753217">
        <ele>247.9</ele>
      </trkpt>
      <trkpt lat="36.905480" lon="-4.753075">
        <ele>247.1</ele>
      </trkpt>
      <trkpt lat="36.905396" lon="-4.752989">
        <ele>247.1</ele>
      </trkpt>
      <trkpt lat="36.905153" lon="-4.752854">
        <ele>246.6</ele>
      </trkpt>
      <trkpt lat="36.905072" lon="-4.752752">
        <ele>247.7</ele>
      </trkpt>
      <trkpt lat="36.905045" lon="-4.752617">
        <ele>247.1</ele>
      </trkpt>
      <trkpt lat="36.905074" lon="-4.752489">
        <ele>247.1</ele>
      </trkpt>
      <trkpt lat="36.905190" lon="-4.752317">
        <ele>246</ele>
      </trkpt>
      <trkpt lat="36.905201" lon="-4.752179">
        <ele>245.9</ele>
      </trkpt>
      <trkpt lat="36.905143" lon="-4.752083">
        <ele>246.4</ele>
      </trkpt>
      <trkpt lat="36.904953" lon="-4.751215">
        <ele>249</ele>
      </trkpt>
      <trkpt lat="36.904723" lon="-4.750863">
        <ele>243.6</ele>
      </trkpt>
      <trkpt lat="36.904683" lon="-4.750772">
        <ele>244.2</ele>
      </trkpt>
      <trkpt lat="36.904050" lon="-4.750323">
        <ele>249.6</ele>
      </trkpt>
      <trkpt lat="36.903788" lon="-4.750010">
        <ele>251.8</ele>
      </trkpt>
      <trkpt lat="36.903582" lon="-4.749661">
        <ele>254.4</ele>
      </trkpt>
      <trkpt lat="36.903423" lon="-4.749098">
        <ele>257.9</ele>
      </trkpt>
      <trkpt lat="36.903290" lon="-4.748787">
        <ele>259</ele>
      </trkpt>
      <trkpt lat="36.903149" lon="-4.748617">
        <ele>260</ele>
      </trkpt>
      <trkpt lat="36.902822" lon="-4.748283">
        <ele>257.9</ele>
      </trkpt>
      <trkpt lat="36.902670" lon="-4.747843">
        <ele>253.7</ele>
      </trkpt>
      <trkpt lat="36.902271" lon="-4.747026">
        <ele>249.1</ele>
      </trkpt>
      <trkpt lat="36.902220" lon="-4.746584">
        <ele>244.5</ele>
      </trkpt>
      <trkpt lat="36.902202" lon="-4.746148">
        <ele>242.9</ele>
      </trkpt>
      <trkpt lat="36.902256" lon="-4.745862">
        <ele>242.8</ele>
      </trkpt>
      <trkpt lat="36.902137" lon="-4.745753">
        <ele>242.7</ele>
      </trkpt>
      <trkpt lat="36.901839" lon="-4.745699">
        <ele>241.7</ele>
      </trkpt>
      <trkpt lat="36.901737" lon="-4.745640">
        <ele>241.5</ele>
      </trkpt>
      <trkpt lat="36.901665" lon="-4.745281">
        <ele>243.9</ele>
      </trkpt>
      <trkpt lat="36.901414" lon="-4.745086">
        <ele>246.4</ele>
      </trkpt>
      <trkpt lat="36.901251" lon="-4.745086">
        <ele>247.6</ele>
      </trkpt>
      <trkpt lat="36.900859" lon="-4.745390">
        <ele>244.4</ele>
      </trkpt>
      <trkpt lat="36.900525" lon="-4.745422">
        <ele>243.8</ele>
      </trkpt>
      <trkpt lat="36.898885" lon="-4.744129">
        <ele>238</ele>
      </trkpt>
      <trkpt lat="36.898848" lon="-4.743947">
        <ele>237.2</ele>
      </trkpt>
      <trkpt lat="36.898914" lon="-4.743629">
        <ele>236.5</ele>
      </trkpt>
      <trkpt lat="36.898819" lon="-4.743538">
        <ele>237</ele>
      </trkpt>
      <trkpt lat="36.898558" lon="-4.743688">
        <ele>234.9</ele>
      </trkpt>
      <trkpt lat="36.897923" lon="-4.743611">
        <ele>233.1</ele>
      </trkpt>
      <trkpt lat="36.897611" lon="-4.743212">
        <ele>230.9</ele>
      </trkpt>
      <trkpt lat="36.897538" lon="-4.742899">
        <ele>231.3</ele>
      </trkpt>
      <trkpt lat="36.897150" lon="-4.742449">
        <ele>232.4</ele>
      </trkpt>
      <trkpt lat="36.897039" lon="-4.742482">
        <ele>232.1</ele>
      </trkpt>
      <trkpt lat="36.896782" lon="-4.742558">
        <ele>234.2</ele>
      </trkpt>
      <trkpt lat="36.896454" lon="-4.742777">
        <ele>240.1</ele>
      </trkpt>
      <trkpt lat="36.896146" lon="-4.743040">
        <ele>243.8</ele>
      </trkpt>
      <trkpt lat="36.895848" lon="-4.743065">
        <ele>246.7</ele>
      </trkpt>
      <trkpt lat="36.894528" lon="-4.742727">
        <ele>251.8</ele>
      </trkpt>
      <trkpt lat="36.894271" lon="-4.742613">
        <ele>252.8</ele>
      </trkpt>
      <trkpt lat="36.893871" lon="-4.742254">
        <ele>256.9</ele>
      </trkpt>
      <trkpt lat="36.893476" lon="-4.741801">
        <ele>262.3</ele>
      </trkpt>
      <trkpt lat="36.893414" lon="-4.741478">
        <ele>262.7</ele>
      </trkpt>
      <trkpt lat="36.893465" lon="-4.740094">
        <ele>252.8</ele>
      </trkpt>
      <trkpt lat="36.893327" lon="-4.738687">
        <ele>246.6</ele>
      </trkpt>
      <trkpt lat="36.892935" lon="-4.737693">
        <ele>242.8</ele>
      </trkpt>
      <trkpt lat="36.892706" lon="-4.737371">
        <ele>241.2</ele>
      </trkpt>
      <trkpt lat="36.892249" lon="-4.737235">
        <ele>236.1</ele>
      </trkpt>
      <trkpt lat="36.891857" lon="-4.736758">
        <ele>230</ele>
      </trkpt>
      <trkpt lat="36.891501" lon="-4.736109">
        <ele>223.3</ele>
      </trkpt>
      <trkpt lat="36.890590" lon="-4.735396">
        <ele>211</ele>
      </trkpt>
      <trkpt lat="36.889229" lon="-4.734725">
        <ele>192.7</ele>
      </trkpt>
      <trkpt lat="36.889072" lon="-4.734557">
        <ele>190.5</ele>
      </trkpt>
      <trkpt lat="36.888844" lon="-4.733926">
        <ele>187.2</ele>
      </trkpt>
      <trkpt lat="36.888758" lon="-4.733627">
        <ele>185.2</ele>
      </trkpt>
      <trkpt lat="36.888713" lon="-4.733327">
        <ele>184.2</ele>
      </trkpt>
      <trkpt lat="36.888561" lon="-4.731724">
        <ele>183.1</ele>
      </trkpt>
      <trkpt lat="36.888571" lon="-4.731434">
        <ele>180.8</ele>
      </trkpt>
      <trkpt lat="36.888518" lon="-4.731161">
        <ele>178</ele>
      </trkpt>
      <trkpt lat="36.888517" lon="-4.730927">
        <ele>178.3</ele>
      </trkpt>
      <trkpt lat="36.888435" lon="-4.730717">
        <ele>179.1</ele>
      </trkpt>
      <trkpt lat="36.888401" lon="-4.730431">
        <ele>179.1</ele>
      </trkpt>
      <trkpt lat="36.888319" lon="-4.729946">
        <ele>173.9</ele>
      </trkpt>
      <trkpt lat="36.888318" lon="-4.729828">
        <ele>173.5</ele>
      </trkpt>
      <trkpt lat="36.888346" lon="-4.729691">
        <ele>172.9</ele>
      </trkpt>
      <trkpt lat="36.888441" lon="-4.729395">
        <ele>172</ele>
      </trkpt>
      <trkpt lat="36.888413" lon="-4.729275">
        <ele>172</ele>
      </trkpt>
      <trkpt lat="36.888340" lon="-4.729186">
        <ele>171.9</ele>
      </trkpt>
      <trkpt lat="36.888256" lon="-4.729153">
        <ele>172</ele>
      </trkpt>
      <trkpt lat="36.888100" lon="-4.729166">
        <ele>172</ele>
      </trkpt>
      <trkpt lat="36.888020" lon="-4.729157">
        <ele>172.5</ele>
      </trkpt>
      <trkpt lat="36.887931" lon="-4.729057">
        <ele>173.8</ele>
      </trkpt>
      <trkpt lat="36.887820" lon="-4.728856">
        <ele>174.8</ele>
      </trkpt>
      <trkpt lat="36.887616" lon="-4.728610">
        <ele>175.6</ele>
      </trkpt>
      <trkpt lat="36.887115" lon="-4.727677">
        <ele>176</ele>
      </trkpt>
      <trkpt lat="36.886508" lon="-4.726393">
        <ele>179</ele>
      </trkpt>
      <trkpt lat="36.886171" lon="-4.726006">
        <ele>175</ele>
      </trkpt>
      <trkpt lat="36.885432" lon="-4.724680">
        <ele>174.2</ele>
      </trkpt>
      <trkpt lat="36.885144" lon="-4.724199">
        <ele>170.4</ele>
      </trkpt>
      <trkpt lat="36.884644" lon="-4.723362">
        <ele>167</ele>
      </trkpt>
      <trkpt lat="36.884226" lon="-4.722914">
        <ele>165.6</ele>
      </trkpt>
      <trkpt lat="36.884099" lon="-4.723091">
        <ele>164.8</ele>
      </trkpt>
      <trkpt lat="36.884033" lon="-4.723185">
        <ele>162</ele>
      </trkpt>
      <trkpt lat="36.883772" lon="-4.723069">
        <ele>158.6</ele>
      </trkpt>
      <trkpt lat="36.883462" lon="-4.723249">
        <ele>153.5</ele>
      </trkpt>
      <trkpt lat="36.883011" lon="-4.722981">
        <ele>152.3</ele>
      </trkpt>
      <trkpt lat="36.882774" lon="-4.722733">
        <ele>152.6</ele>
      </trkpt>
      <trkpt lat="36.882329" lon="-4.722515">
        <ele>153.8</ele>
      </trkpt>
      <trkpt lat="36.881986" lon="-4.721955">
        <ele>157.5</ele>
      </trkpt>
      <trkpt lat="36.881426" lon="-4.721628">
        <ele>160.8</ele>
      </trkpt>
      <trkpt lat="36.878127" lon="-4.720413">
        <ele>155.8</ele>
      </trkpt>
      <trkpt lat="36.877994" lon="-4.720309">
        <ele>155.3</ele>
      </trkpt>
      <trkpt lat="36.877751" lon="-4.720248">
        <ele>152.4</ele>
      </trkpt>
      <trkpt lat="36.877549" lon="-4.720154">
        <ele>147</ele>
      </trkpt>
      <trkpt lat="36.877399" lon="-4.720064">
        <ele>143</ele>
      </trkpt>
      <trkpt lat="36.877318" lon="-4.720031">
        <ele>141.1</ele>
      </trkpt>
      <trkpt lat="36.876853" lon="-4.719881">
        <ele>139.8</ele>
      </trkpt>
      <trkpt lat="36.876762" lon="-4.719895">
        <ele>141.7</ele>
      </trkpt>
      <trkpt lat="36.876585" lon="-4.719972">
        <ele>140.5</ele>
      </trkpt>
      <trkpt lat="36.876348" lon="-4.719876">
        <ele>144.6</ele>
      </trkpt>
      <trkpt lat="36.876002" lon="-4.719726">
        <ele>147</ele>
      </trkpt>
      <trkpt lat="36.875882" lon="-4.719694">
        <ele>147.6</ele>
      </trkpt>
      <trkpt lat="36.875905" lon="-4.719520">
        <ele>151.2</ele>
      </trkpt>
      <trkpt lat="36.875924" lon="-4.719392">
        <ele>151.5</ele>
      </trkpt>
      <trkpt lat="36.875936" lon="-4.719293">
        <ele>149.2</ele>
      </trkpt>
      <trkpt lat="36.875587" lon="-4.719155">
        <ele>147.8</ele>
      </trkpt>
      <trkpt lat="36.874911" lon="-4.719077">
        <ele>149.6</ele>
      </trkpt>
      <trkpt lat="36.873922" lon="-4.718986">
        <ele>149.7</ele>
      </trkpt>
      <trkpt lat="36.872988" lon="-4.718900">
        <ele>150</ele>
      </trkpt>
      <trkpt lat="36.872711" lon="-4.718874">
        <ele>149.9</ele>
      </trkpt>
      <trkpt lat="36.872030" lon="-4.718812">
        <ele>150.6</ele>
      </trkpt>
      <trkpt lat="36.871633" lon="-4.718558">
        <ele>149.6</ele>
      </trkpt>
      <trkpt lat="36.870836" lon="-4.718362">
        <ele>147.4</ele>
      </trkpt>
      <trkpt lat="36.870132" lon="-4.718311">
        <ele>146.4</ele>
      </trkpt>
      <trkpt lat="36.869945" lon="-4.718371">
        <ele>146.2</ele>
      </trkpt>
      <trkpt lat="36.869803" lon="-4.718513">
        <ele>146.3</ele>
      </trkpt>
      <trkpt lat="36.869733" lon="-4.718697">
        <ele>146.1</ele>
      </trkpt>
      <trkpt lat="36.869693" lon="-4.719018">
        <ele>146.7</ele>
      </trkpt>
      <trkpt lat="36.869549" lon="-4.719030">
        <ele>145.5</ele>
      </trkpt>
      <trkpt lat="36.869423" lon="-4.719021">
        <ele>144.4</ele>
      </trkpt>
      <trkpt lat="36.869463" lon="-4.719294">
        <ele>145.2</ele>
      </trkpt>
      <trkpt lat="36.869470" lon="-4.719351">
        <ele>144.7</ele>
      </trkpt>
      <trkpt lat="36.869207" lon="-4.719291">
        <ele>146.3</ele>
      </trkpt>
      <trkpt lat="36.868893" lon="-4.719326">
        <ele>148.7</ele>
      </trkpt>
      <trkpt lat="36.868816" lon="-4.719361">
        <ele>148.9</ele>
      </trkpt>
      <trkpt lat="36.868793" lon="-4.719412">
        <ele>149.3</ele>
      </trkpt>
      <trkpt lat="36.868602" lon="-4.719444">
        <ele>149</ele>
      </trkpt>
      <trkpt lat="36.868221" lon="-4.719577">
        <ele>149.5</ele>
      </trkpt>
      <trkpt lat="36.868079" lon="-4.719654">
        <ele>150.1</ele>
      </trkpt>
      <trkpt lat="36.867967" lon="-4.719801">
        <ele>151.7</ele>
      </trkpt>
      <trkpt lat="36.867915" lon="-4.719905">
        <ele>152.3</ele>
      </trkpt>
      <trkpt lat="36.867783" lon="-4.720171">
        <ele>152.7</ele>
      </trkpt>
      <trkpt lat="36.867573" lon="-4.720591">
        <ele>152.9</ele>
      </trkpt>
      <trkpt lat="36.867558" lon="-4.720709">
        <ele>153.2</ele>
      </trkpt>
      <trkpt lat="36.867555" lon="-4.720886">
        <ele>153.8</ele>
      </trkpt>
      <trkpt lat="36.867569" lon="-4.721171">
        <ele>155.2</ele>
      </trkpt>
      <trkpt lat="36.867566" lon="-4.721332">
        <ele>155.7</ele>
      </trkpt>
      <trkpt lat="36.867533" lon="-4.721458">
        <ele>156.2</ele>
      </trkpt>
      <trkpt lat="36.867438" lon="-4.721616">
        <ele>156.8</ele>
      </trkpt>
      <trkpt lat="36.867339" lon="-4.721745">
        <ele>156.8</ele>
      </trkpt>
      <trkpt lat="36.867209" lon="-4.721854">
        <ele>156.2</ele>
      </trkpt>
      <trkpt lat="36.867150" lon="-4.721916">
        <ele>155.8</ele>
      </trkpt>
      <trkpt lat="36.867063" lon="-4.722058">
        <ele>155.8</ele>
      </trkpt>
      <trkpt lat="36.866938" lon="-4.722329">
        <ele>157</ele>
      </trkpt>
      <trkpt lat="36.866888" lon="-4.722463">
        <ele>157.4</ele>
      </trkpt>
      <trkpt lat="36.866790" lon="-4.722576">
        <ele>155.9</ele>
      </trkpt>
      <trkpt lat="36.866704" lon="-4.722635">
        <ele>154.3</ele>
      </trkpt>
      <trkpt lat="36.866592" lon="-4.722665">
        <ele>154.4</ele>
      </trkpt>
      <trkpt lat="36.866481" lon="-4.722667">
        <ele>155.6</ele>
      </trkpt>
      <trkpt lat="36.866385" lon="-4.722646">
        <ele>156.6</ele>
      </trkpt>
      <trkpt lat="36.866266" lon="-4.722603">
        <ele>157.9</ele>
      </trkpt>
      <trkpt lat="36.866154" lon="-4.722598">
        <ele>159.2</ele>
      </trkpt>
      <trkpt lat="36.866064" lon="-4.722630">
        <ele>159.8</ele>
      </trkpt>
      <trkpt lat="36.865970" lon="-4.722683">
        <ele>159.8</ele>
      </trkpt>
      <trkpt lat="36.865870" lon="-4.722806">
        <ele>160.4</ele>
      </trkpt>
      <trkpt lat="36.865266" lon="-4.723652">
        <ele>166.2</ele>
      </trkpt>
      <trkpt lat="36.865216" lon="-4.723756">
        <ele>166.5</ele>
      </trkpt>
      <trkpt lat="36.865187" lon="-4.723876">
        <ele>167.2</ele>
      </trkpt>
      <trkpt lat="36.865176" lon="-4.724037">
        <ele>167.6</ele>
      </trkpt>
      <trkpt lat="36.865235" lon="-4.724355">
        <ele>169.7</ele>
      </trkpt>
      <trkpt lat="36.865241" lon="-4.724478">
        <ele>170.6</ele>
      </trkpt>
      <trkpt lat="36.865216" lon="-4.724564">
        <ele>171</ele>
      </trkpt>
      <trkpt lat="36.865175" lon="-4.724650">
        <ele>171.5</ele>
      </trkpt>
      <trkpt lat="36.865103" lon="-4.724692">
        <ele>171.3</ele>
      </trkpt>
      <trkpt lat="36.865016" lon="-4.724713">
        <ele>171</ele>
      </trkpt>
      <trkpt lat="36.864541" lon="-4.724601">
        <ele>169.6</ele>
      </trkpt>
      <trkpt lat="36.864325" lon="-4.724536">
        <ele>172.2</ele>
      </trkpt>
      <trkpt lat="36.863332" lon="-4.724128">
        <ele>172</ele>
      </trkpt>
      <trkpt lat="36.863245" lon="-4.724054">
        <ele>173.5</ele>
      </trkpt>
      <trkpt lat="36.863195" lon="-4.723948">
        <ele>174.1</ele>
      </trkpt>
      <trkpt lat="36.863001" lon="-4.723249">
        <ele>173.1</ele>
      </trkpt>
      <trkpt lat="36.862984" lon="-4.723187">
        <ele>173</ele>
      </trkpt>
      <trkpt lat="36.862889" lon="-4.723046">
        <ele>172.4</ele>
      </trkpt>
      <trkpt lat="36.862780" lon="-4.722970">
        <ele>171.7</ele>
      </trkpt>
      <trkpt lat="36.862616" lon="-4.722922">
        <ele>171.5</ele>
      </trkpt>
      <trkpt lat="36.861754" lon="-4.722859">
        <ele>171.1</ele>
      </trkpt>
      <trkpt lat="36.861480" lon="-4.722860">
        <ele>170.3</ele>
      </trkpt>
      <trkpt lat="36.861064" lon="-4.722931">
        <ele>168.2</ele>
      </trkpt>
      <trkpt lat="36.861059" lon="-4.722760">
        <ele>167.2</ele>
      </trkpt>
      <trkpt lat="36.861051" lon="-4.722487">
        <ele>166.9</ele>
      </trkpt>
      <trkpt lat="36.861011" lon="-4.722274">
        <ele>165.4</ele>
      </trkpt>
      <trkpt lat="36.860883" lon="-4.721911">
        <ele>162.6</ele>
      </trkpt>
      <trkpt lat="36.860788" lon="-4.721528">
        <ele>160.1</ele>
      </trkpt>
      <trkpt lat="36.860808" lon="-4.721210">
        <ele>159</ele>
      </trkpt>
      <trkpt lat="36.860774" lon="-4.721077">
        <ele>158.1</ele>
      </trkpt>
      <trkpt lat="36.860555" lon="-4.720859">
        <ele>155</ele>
      </trkpt>
      <trkpt lat="36.860335" lon="-4.720378">
        <ele>150.4</ele>
      </trkpt>
      <trkpt lat="36.860212" lon="-4.720054">
        <ele>147.1</ele>
      </trkpt>
      <trkpt lat="36.860079" lon="-4.719798">
        <ele>143</ele>
      </trkpt>
      <trkpt lat="36.860002" lon="-4.719649">
        <ele>140.2</ele>
      </trkpt>
      <trkpt lat="36.859945" lon="-4.719494">
        <ele>138.5</ele>
      </trkpt>
      <trkpt lat="36.859926" lon="-4.719291">
        <ele>137.4</ele>
      </trkpt>
      <trkpt lat="36.859902" lon="-4.719107">
        <ele>136.8</ele>
      </trkpt>
      <trkpt lat="36.859893" lon="-4.718952">
        <ele>136.2</ele>
      </trkpt>
      <trkpt lat="36.859842" lon="-4.718831">
        <ele>135.8</ele>
      </trkpt>
      <trkpt lat="36.859592" lon="-4.718608">
        <ele>135</ele>
      </trkpt>
      <trkpt lat="36.859205" lon="-4.718274">
        <ele>133.6</ele>
      </trkpt>
      <trkpt lat="36.858963" lon="-4.717986">
        <ele>135.3</ele>
      </trkpt>
      <trkpt lat="36.858723" lon="-4.717715">
        <ele>135.9</ele>
      </trkpt>
      <trkpt lat="36.858208" lon="-4.717226">
        <ele>134.5</ele>
      </trkpt>
      <trkpt lat="36.857942" lon="-4.717021">
        <ele>132.8</ele>
      </trkpt>
      <trkpt lat="36.857691" lon="-4.716831">
        <ele>131.2</ele>
      </trkpt>
      <trkpt lat="36.857545" lon="-4.716753">
        <ele>130.4</ele>
      </trkpt>
      <trkpt lat="36.857199" lon="-4.716390">
        <ele>129.9</ele>
      </trkpt>
      <trkpt lat="36.857129" lon="-4.716332">
        <ele>129.8</ele>
      </trkpt>
      <trkpt lat="36.857000" lon="-4.716291">
        <ele>129.3</ele>
      </trkpt>
      <trkpt lat="36.856651" lon="-4.716231">
        <ele>129.1</ele>
      </trkpt>
      <trkpt lat="36.856493" lon="-4.716166">
        <ele>129.6</ele>
      </trkpt>
      <trkpt lat="36.855961" lon="-4.715833">
        <ele>129.5</ele>
      </trkpt>
      <trkpt lat="36.855810" lon="-4.715782">
        <ele>129.9</ele>
      </trkpt>
      <trkpt lat="36.855550" lon="-4.715744">
        <ele>130.7</ele>
      </trkpt>
      <trkpt lat="36.855476" lon="-4.715727">
        <ele>130.4</ele>
      </trkpt>
      <trkpt lat="36.854351" lon="-4.715461">
        <ele>130.4</ele>
      </trkpt>
      <trkpt lat="36.853949" lon="-4.715322">
        <ele>130</ele>
      </trkpt>
      <trkpt lat="36.852778" lon="-4.714693">
        <ele>130</ele>
      </trkpt>
      <trkpt lat="36.851828" lon="-4.714057">
        <ele>129.8</ele>
      </trkpt>
      <trkpt lat="36.851369" lon="-4.713800">
        <ele>129.7</ele>
      </trkpt>
      <trkpt lat="36.850975" lon="-4.713541">
        <ele>132.2</ele>
      </trkpt>
      <trkpt lat="36.850811" lon="-4.713463">
        <ele>135</ele>
      </trkpt>
      <trkpt lat="36.850334" lon="-4.713351">
        <ele>143.2</ele>
      </trkpt>
      <trkpt lat="36.850011" lon="-4.713210">
        <ele>145.5</ele>
      </trkpt>
      <trkpt lat="36.849309" lon="-4.712903">
        <ele>145.4</ele>
      </trkpt>
      <trkpt lat="36.848631" lon="-4.712620">
        <ele>144.4</ele>
      </trkpt>
      <trkpt lat="36.848561" lon="-4.712523">
        <ele>144.1</ele>
      </trkpt>
      <trkpt lat="36.847163" lon="-4.711806">
        <ele>134.2</ele>
      </trkpt>
      <trkpt lat="36.847088" lon="-4.711767">
        <ele>134.3</ele>
      </trkpt>
      <trkpt lat="36.846398" lon="-4.711413">
        <ele>140.9</ele>
      </trkpt>
      <trkpt lat="36.846253" lon="-4.711298">
        <ele>142.3</ele>
      </trkpt>
      <trkpt lat="36.845938" lon="-4.710976">
        <ele>144.7</ele>
      </trkpt>
      <trkpt lat="36.845444" lon="-4.710618">
        <ele>146.8</ele>
      </trkpt>
      <trkpt lat="36.845359" lon="-4.710515">
        <ele>147.1</ele>
      </trkpt>
      <trkpt lat="36.845302" lon="-4.710357">
        <ele>147.7</ele>
      </trkpt>
      <trkpt lat="36.845275" lon="-4.710126">
        <ele>148.6</ele>
      </trkpt>
      <trkpt lat="36.845236" lon="-4.709927">
        <ele>149.6</ele>
      </trkpt>
      <trkpt lat="36.845159" lon="-4.709739">
        <ele>151.1</ele>
      </trkpt>
      <trkpt lat="36.845013" lon="-4.709458">
        <ele>152.9</ele>
      </trkpt>
      <trkpt lat="36.844957" lon="-4.709358">
        <ele>153.5</ele>
      </trkpt>
      <trkpt lat="36.844848" lon="-4.709211">
        <ele>154.3</ele>
      </trkpt>
      <trkpt lat="36.844743" lon="-4.709117">
        <ele>154.7</ele>
      </trkpt>
      <trkpt lat="36.844045" lon="-4.708628">
        <ele>158.9</ele>
      </trkpt>
      <trkpt lat="36.843911" lon="-4.708557">
        <ele>159.8</ele>
      </trkpt>
      <trkpt lat="36.843559" lon="-4.708484">
        <ele>162.8</ele>
      </trkpt>
      <trkpt lat="36.843451" lon="-4.708421">
        <ele>163.6</ele>
      </trkpt>
      <trkpt lat="36.843357" lon="-4.708320">
        <ele>164.5</ele>
      </trkpt>
      <trkpt lat="36.842889" lon="-4.707375">
        <ele>174</ele>
      </trkpt>
      <trkpt lat="36.842814" lon="-4.707255">
        <ele>174</ele>
      </trkpt>
      <trkpt lat="36.842697" lon="-4.707156">
        <ele>175.7</ele>
      </trkpt>
      <trkpt lat="36.842571" lon="-4.707120">
        <ele>177.6</ele>
      </trkpt>
      <trkpt lat="36.842189" lon="-4.707153">
        <ele>179.7</ele>
      </trkpt>
      <trkpt lat="36.842024" lon="-4.707187">
        <ele>179.7</ele>
      </trkpt>
      <trkpt lat="36.841576" lon="-4.707367">
        <ele>180.4</ele>
      </trkpt>
      <trkpt lat="36.841452" lon="-4.707362">
        <ele>180.1</ele>
      </trkpt>
      <trkpt lat="36.841323" lon="-4.707307">
        <ele>180.2</ele>
      </trkpt>
      <trkpt lat="36.841078" lon="-4.707054">
        <ele>180.1</ele>
      </trkpt>
      <trkpt lat="36.840984" lon="-4.706971">
        <ele>180.2</ele>
      </trkpt>
      <trkpt lat="36.840831" lon="-4.706905">
        <ele>181.4</ele>
      </trkpt>
      <trkpt lat="36.840539" lon="-4.706874">
        <ele>181.8</ele>
      </trkpt>
      <trkpt lat="36.840328" lon="-4.706821">
        <ele>182.3</ele>
      </trkpt>
      <trkpt lat="36.839983" lon="-4.706646">
        <ele>181.9</ele>
      </trkpt>
      <trkpt lat="36.839854" lon="-4.706628">
        <ele>181.2</ele>
      </trkpt>
      <trkpt lat="36.839755" lon="-4.706644">
        <ele>180.9</ele>
      </trkpt>
      <trkpt lat="36.839575" lon="-4.706685">
        <ele>180.7</ele>
      </trkpt>
      <trkpt lat="36.839493" lon="-4.706672">
        <ele>180.2</ele>
      </trkpt>
      <trkpt lat="36.839440" lon="-4.706652">
        <ele>179.9</ele>
      </trkpt>
      <trkpt lat="36.839360" lon="-4.706562">
        <ele>180.3</ele>
      </trkpt>
      <trkpt lat="36.839236" lon="-4.706335">
        <ele>181</ele>
      </trkpt>
      <trkpt lat="36.839158" lon="-4.706217">
        <ele>181.2</ele>
      </trkpt>
      <trkpt lat="36.839057" lon="-4.706125">
        <ele>181.3</ele>
      </trkpt>
      <trkpt lat="36.838289" lon="-4.705694">
        <ele>182.1</ele>
      </trkpt>
      <trkpt lat="36.838146" lon="-4.705649">
        <ele>181.6</ele>
      </trkpt>
      <trkpt lat="36.836614" lon="-4.705415">
        <ele>185.9</ele>
      </trkpt>
      <trkpt lat="36.836521" lon="-4.705381">
        <ele>186</ele>
      </trkpt>
      <trkpt lat="36.836435" lon="-4.705290">
        <ele>185.6</ele>
      </trkpt>
      <trkpt lat="36.836365" lon="-4.705140">
        <ele>185.3</ele>
      </trkpt>
      <trkpt lat="36.836296" lon="-4.704967">
        <ele>184.7</ele>
      </trkpt>
      <trkpt lat="36.836239" lon="-4.704900">
        <ele>184.5</ele>
      </trkpt>
      <trkpt lat="36.836171" lon="-4.704836">
        <ele>184.2</ele>
      </trkpt>
      <trkpt lat="36.836048" lon="-4.704746">
        <ele>183.4</ele>
      </trkpt>
      <trkpt lat="36.835864" lon="-4.704660">
        <ele>181.9</ele>
      </trkpt>
      <trkpt lat="36.835470" lon="-4.704476">
        <ele>181.1</ele>
      </trkpt>
      <trkpt lat="36.835300" lon="-4.704352">
        <ele>180.5</ele>
      </trkpt>
      <trkpt lat="36.835243" lon="-4.704284">
        <ele>180.1</ele>
      </trkpt>
      <trkpt lat="36.834683" lon="-4.703584">
        <ele>178.8</ele>
      </trkpt>
      <trkpt lat="36.834452" lon="-4.703348">
        <ele>178.9</ele>
      </trkpt>
      <trkpt lat="36.834255" lon="-4.703232">
        <ele>178.8</ele>
      </trkpt>
      <trkpt lat="36.834101" lon="-4.703149">
        <ele>178.9</ele>
      </trkpt>
      <trkpt lat="36.833915" lon="-4.703094">
        <ele>180.9</ele>
      </trkpt>
      <trkpt lat="36.833768" lon="-4.703073">
        <ele>182.1</ele>
      </trkpt>
      <trkpt lat="36.833565" lon="-4.703078">
        <ele>183.5</ele>
      </trkpt>
      <trkpt lat="36.833405" lon="-4.703104">
        <ele>184.4</ele>
      </trkpt>
      <trkpt lat="36.833181" lon="-4.703199">
        <ele>186.3</ele>
      </trkpt>
      <trkpt lat="36.833005" lon="-4.703306">
        <ele>187.9</ele>
      </trkpt>
      <trkpt lat="36.832649" lon="-4.703606">
        <ele>191.4</ele>
      </trkpt>
      <trkpt lat="36.832429" lon="-4.703789">
        <ele>194</ele>
      </trkpt>
      <trkpt lat="36.831911" lon="-4.704205">
        <ele>198.8</ele>
      </trkpt>
      <trkpt lat="36.831799" lon="-4.704290">
        <ele>200.4</ele>
      </trkpt>
      <trkpt lat="36.831646" lon="-4.704320">
        <ele>201.2</ele>
      </trkpt>
      <trkpt lat="36.831389" lon="-4.704306">
        <ele>202.5</ele>
      </trkpt>
      <trkpt lat="36.831264" lon="-4.704292">
        <ele>203.6</ele>
      </trkpt>
      <trkpt lat="36.831134" lon="-4.704284">
        <ele>204.6</ele>
      </trkpt>
      <trkpt lat="36.830780" lon="-4.704267">
        <ele>207.1</ele>
      </trkpt>
      <trkpt lat="36.830280" lon="-4.704236">
        <ele>209.5</ele>
      </trkpt>
      <trkpt lat="36.830184" lon="-4.704237">
        <ele>209.6</ele>
      </trkpt>
      <trkpt lat="36.830079" lon="-4.704242">
        <ele>209.7</ele>
      </trkpt>
      <trkpt lat="36.829954" lon="-4.704268">
        <ele>209.9</ele>
      </trkpt>
      <trkpt lat="36.829402" lon="-4.704520">
        <ele>211.2</ele>
      </trkpt>
      <trkpt lat="36.829267" lon="-4.704555">
        <ele>211.3</ele>
      </trkpt>
      <trkpt lat="36.829137" lon="-4.704559">
        <ele>211.4</ele>
      </trkpt>
      <trkpt lat="36.829041" lon="-4.704574">
        <ele>212.1</ele>
      </trkpt>
      <trkpt lat="36.828957" lon="-4.704597">
        <ele>212.7</ele>
      </trkpt>
      <trkpt lat="36.828920" lon="-4.704632">
        <ele>213.2</ele>
      </trkpt>
      <trkpt lat="36.828904" lon="-4.704642">
        <ele>213.4</ele>
      </trkpt>
      <trkpt lat="36.828928" lon="-4.704750">
        <ele>214.1</ele>
      </trkpt>
      <trkpt lat="36.828952" lon="-4.704807">
        <ele>214.6</ele>
      </trkpt>
      <trkpt lat="36.829043" lon="-4.705018">
        <ele>216.1</ele>
      </trkpt>
      <trkpt lat="36.829010" lon="-4.705048">
        <ele>216.5</ele>
      </trkpt>
      <trkpt lat="36.828952" lon="-4.705070">
        <ele>217.1</ele>
      </trkpt>
      <trkpt lat="36.828884" lon="-4.705036">
        <ele>217.3</ele>
      </trkpt>
      <trkpt lat="36.828874" lon="-4.705031">
        <ele>217.3</ele>
      </trkpt>
      <trkpt lat="36.828462" lon="-4.705090">
        <ele>220.7</ele>
      </trkpt>
      <trkpt lat="36.828367" lon="-4.705072">
        <ele>221.4</ele>
      </trkpt>
      <trkpt lat="36.828172" lon="-4.705096">
        <ele>224.8</ele>
      </trkpt>
      <trkpt lat="36.827924" lon="-4.705127">
        <ele>228.6</ele>
      </trkpt>
      <trkpt lat="36.827630" lon="-4.705140">
        <ele>231.1</ele>
      </trkpt>
      <trkpt lat="36.827590" lon="-4.705142">
        <ele>231.4</ele>
      </trkpt>
      <trkpt lat="36.827219" lon="-4.705159">
        <ele>233</ele>
      </trkpt>
      <trkpt lat="36.826463" lon="-4.705585">
        <ele>239.7</ele>
      </trkpt>
      <trkpt lat="36.826381" lon="-4.705688">
        <ele>240.3</ele>
      </trkpt>
      <trkpt lat="36.826314" lon="-4.705772">
        <ele>240.9</ele>
      </trkpt>
      <trkpt lat="36.826247" lon="-4.706035">
        <ele>245.3</ele>
      </trkpt>
      <trkpt lat="36.826192" lon="-4.706193">
        <ele>248</ele>
      </trkpt>
      <trkpt lat="36.825917" lon="-4.706210">
        <ele>249.2</ele>
      </trkpt>
      <trkpt lat="36.825888" lon="-4.706220">
        <ele>249.8</ele>
      </trkpt>
      <trkpt lat="36.825690" lon="-4.706311">
        <ele>249.7</ele>
      </trkpt>
      <trkpt lat="36.825247" lon="-4.706465">
        <ele>246.2</ele>
      </trkpt>
      <trkpt lat="36.825054" lon="-4.706500">
        <ele>245.9</ele>
      </trkpt>
      <trkpt lat="36.825032" lon="-4.706506">
        <ele>245.9</ele>
      </trkpt>
      <trkpt lat="36.824973" lon="-4.706607">
        <ele>246.8</ele>
      </trkpt>
      <trkpt lat="36.824726" lon="-4.706564">
        <ele>244</ele>
      </trkpt>
      <trkpt lat="36.824597" lon="-4.706695">
        <ele>241.7</ele>
      </trkpt>
      <trkpt lat="36.824523" lon="-4.706733">
        <ele>240.8</ele>
      </trkpt>
      <trkpt lat="36.824447" lon="-4.706739">
        <ele>239.4</ele>
      </trkpt>
      <trkpt lat="36.824275" lon="-4.706697">
        <ele>235.4</ele>
      </trkpt>
      <trkpt lat="36.823882" lon="-4.706602">
        <ele>227.7</ele>
      </trkpt>
      <trkpt lat="36.823463" lon="-4.706648">
        <ele>223.1</ele>
      </trkpt>
      <trkpt lat="36.823360" lon="-4.706639">
        <ele>221.7</ele>
      </trkpt>
      <trkpt lat="36.823427" lon="-4.706904">
        <ele>221.3</ele>
      </trkpt>
      <trkpt lat="36.823340" lon="-4.707080">
        <ele>218.2</ele>
      </trkpt>
      <trkpt lat="36.823273" lon="-4.707238">
        <ele>216.1</ele>
      </trkpt>
      <trkpt lat="36.823106" lon="-4.707413">
        <ele>215.5</ele>
      </trkpt>
      <trkpt lat="36.822715" lon="-4.707749">
        <ele>207.1</ele>
      </trkpt>
      <trkpt lat="36.822347" lon="-4.708155">
        <ele>196.1</ele>
      </trkpt>
      <trkpt lat="36.822120" lon="-4.708427">
        <ele>190</ele>
      </trkpt>
      <trkpt lat="36.822102" lon="-4.708449">
        <ele>189.5</ele>
      </trkpt>
      <trkpt lat="36.821907" lon="-4.708590">
        <ele>185.1</ele>
      </trkpt>
      <trkpt lat="36.821524" lon="-4.708773">
        <ele>176.1</ele>
      </trkpt>
      <trkpt lat="36.821359" lon="-4.708871">
        <ele>171.8</ele>
      </trkpt>
      <trkpt lat="36.821125" lon="-4.708850">
        <ele>167.6</ele>
      </trkpt>
      <trkpt lat="36.820887" lon="-4.709161">
        <ele>167.2</ele>
      </trkpt>
      <trkpt lat="36.820491" lon="-4.708712">
        <ele>164.8</ele>
      </trkpt>
      <trkpt lat="36.820282" lon="-4.708532">
        <ele>163.4</ele>
      </trkpt>
      <trkpt lat="36.820041" lon="-4.708364">
        <ele>163.2</ele>
      </trkpt>
      <trkpt lat="36.819885" lon="-4.708288">
        <ele>163.2</ele>
      </trkpt>
      <trkpt lat="36.819749" lon="-4.708259">
        <ele>163.4</ele>
      </trkpt>
      <trkpt lat="36.819603" lon="-4.708248">
        <ele>162.7</ele>
      </trkpt>
      <trkpt lat="36.819455" lon="-4.708272">
        <ele>162.2</ele>
      </trkpt>
      <trkpt lat="36.819317" lon="-4.708326">
        <ele>161.5</ele>
      </trkpt>
      <trkpt lat="36.818888" lon="-4.708646">
        <ele>157.5</ele>
      </trkpt>
      <trkpt lat="36.818746" lon="-4.708716">
        <ele>155.1</ele>
      </trkpt>
      <trkpt lat="36.818672" lon="-4.708739">
        <ele>153.7</ele>
      </trkpt>
      <trkpt lat="36.818565" lon="-4.708758">
        <ele>153</ele>
      </trkpt>
      <trkpt lat="36.818448" lon="-4.708755">
        <ele>153.8</ele>
      </trkpt>
      <trkpt lat="36.818316" lon="-4.708722">
        <ele>153.7</ele>
      </trkpt>
      <trkpt lat="36.817967" lon="-4.708573">
        <ele>150.1</ele>
      </trkpt>
      <trkpt lat="36.816683" lon="-4.706572">
        <ele>128.1</ele>
      </trkpt>
      <trkpt lat="36.816068" lon="-4.705873">
        <ele>117.3</ele>
      </trkpt>
      <trkpt lat="36.815368" lon="-4.705657">
        <ele>107.8</ele>
      </trkpt>
      <trkpt lat="36.815079" lon="-4.705599">
        <ele>106.5</ele>
      </trkpt>
      <trkpt lat="36.814670" lon="-4.705609">
        <ele>106.5</ele>
      </trkpt>
      <trkpt lat="36.813968" lon="-4.705738">
        <ele>107.6</ele>
      </trkpt>
      <trkpt lat="36.813475" lon="-4.705882">
        <ele>110.8</ele>
      </trkpt>
      <trkpt lat="36.813188" lon="-4.705934">
        <ele>113.6</ele>
      </trkpt>
      <trkpt lat="36.812827" lon="-4.705962">
        <ele>116.8</ele>
      </trkpt>
      <trkpt lat="36.812606" lon="-4.705862">
        <ele>116.3</ele>
      </trkpt>
      <trkpt lat="36.812429" lon="-4.705810">
        <ele>115.8</ele>
      </trkpt>
      <trkpt lat="36.812265" lon="-4.705793">
        <ele>116.1</ele>
      </trkpt>
      <trkpt lat="36.812115" lon="-4.705799">
        <ele>116.3</ele>
      </trkpt>
      <trkpt lat="36.811963" lon="-4.705820">
        <ele>116.7</ele>
      </trkpt>
      <trkpt lat="36.811588" lon="-4.706008">
        <ele>117.6</ele>
      </trkpt>
      <trkpt lat="36.811374" lon="-4.706181">
        <ele>118.4</ele>
      </trkpt>
      <trkpt lat="36.811108" lon="-4.706515">
        <ele>118.4</ele>
      </trkpt>
      <trkpt lat="36.810862" lon="-4.706978">
        <ele>117.6</ele>
      </trkpt>
      <trkpt lat="36.810474" lon="-4.707429">
        <ele>117.8</ele>
      </trkpt>
      <trkpt lat="36.810244" lon="-4.707531">
        <ele>116.9</ele>
      </trkpt>
      <trkpt lat="36.810009" lon="-4.707579">
        <ele>117.8</ele>
      </trkpt>
      <trkpt lat="36.809779" lon="-4.707557">
        <ele>116.8</ele>
      </trkpt>
      <trkpt lat="36.809567" lon="-4.707539">
        <ele>115.9</ele>
      </trkpt>
      <trkpt lat="36.809355" lon="-4.707497">
        <ele>115</ele>
      </trkpt>
      <trkpt lat="36.809256" lon="-4.707453">
        <ele>114.7</ele>
      </trkpt>
      <trkpt lat="36.809159" lon="-4.707370">
        <ele>114.1</ele>
      </trkpt>
      <trkpt lat="36.809051" lon="-4.707213">
        <ele>113</ele>
      </trkpt>
      <trkpt lat="36.808992" lon="-4.707029">
        <ele>112.3</ele>
      </trkpt>
      <trkpt lat="36.806754" lon="-4.708600">
        <ele>108.5</ele>
      </trkpt>
      <trkpt lat="36.806292" lon="-4.708981">
        <ele>105.7</ele>
      </trkpt>
      <trkpt lat="36.806058" lon="-4.709213">
        <ele>105.6</ele>
      </trkpt>
      <trkpt lat="36.805854" lon="-4.709467">
        <ele>106.2</ele>
      </trkpt>
      <trkpt lat="36.805501" lon="-4.709943">
        <ele>104</ele>
      </trkpt>
      <trkpt lat="36.805129" lon="-4.710511">
        <ele>102.1</ele>
      </trkpt>
      <trkpt lat="36.804850" lon="-4.710981">
        <ele>101.7</ele>
      </trkpt>
      <trkpt lat="36.804704" lon="-4.711183">
        <ele>101.1</ele>
      </trkpt>
      <trkpt lat="36.804566" lon="-4.711374">
        <ele>101.4</ele>
      </trkpt>
      <trkpt lat="36.804349" lon="-4.711615">
        <ele>101.9</ele>
      </trkpt>
      <trkpt lat="36.804114" lon="-4.711838">
        <ele>102</ele>
      </trkpt>
      <trkpt lat="36.803870" lon="-4.712000">
        <ele>102.3</ele>
      </trkpt>
      <trkpt lat="36.803611" lon="-4.712154">
        <ele>103</ele>
      </trkpt>
      <trkpt lat="36.803329" lon="-4.712256">
        <ele>104.9</ele>
      </trkpt>
      <trkpt lat="36.803014" lon="-4.712343">
        <ele>106.9</ele>
      </trkpt>
      <trkpt lat="36.802659" lon="-4.712418">
        <ele>107.2</ele>
      </trkpt>
      <trkpt lat="36.800933" lon="-4.712743">
        <ele>106.1</ele>
      </trkpt>
      <trkpt lat="36.800298" lon="-4.712844">
        <ele>105.8</ele>
      </trkpt>
      <trkpt lat="36.799692" lon="-4.712964">
        <ele>104.8</ele>
      </trkpt>
      <trkpt lat="36.799392" lon="-4.713051">
        <ele>103.8</ele>
      </trkpt>
      <trkpt lat="36.799198" lon="-4.713130">
        <ele>103.9</ele>
      </trkpt>
      <trkpt lat="36.799069" lon="-4.713182">
        <ele>102.1</ele>
      </trkpt>
      <trkpt lat="36.798440" lon="-4.713503">
        <ele>99.5</ele>
      </trkpt>
      <trkpt lat="36.797835" lon="-4.713814">
        <ele>99.5</ele>
      </trkpt>
      <trkpt lat="36.797508" lon="-4.713961">
        <ele>98.6</ele>
      </trkpt>
      <trkpt lat="36.797159" lon="-4.714075">
        <ele>97.1</ele>
      </trkpt>
      <trkpt lat="36.796809" lon="-4.714107">
        <ele>96.4</ele>
      </trkpt>
      <trkpt lat="36.796434" lon="-4.714099">
        <ele>95.6</ele>
      </trkpt>
      <trkpt lat="36.796090" lon="-4.714081">
        <ele>95.9</ele>
      </trkpt>
      <trkpt lat="36.795591" lon="-4.714096">
        <ele>97.3</ele>
      </trkpt>
      <trkpt lat="36.795315" lon="-4.714150">
        <ele>95.3</ele>
      </trkpt>
      <trkpt lat="36.795024" lon="-4.714250">
        <ele>98.5</ele>
      </trkpt>
      <trkpt lat="36.794605" lon="-4.714456">
        <ele>93.6</ele>
      </trkpt>
      <trkpt lat="36.794262" lon="-4.714743">
        <ele>91.4</ele>
      </trkpt>
      <trkpt lat="36.793983" lon="-4.715037">
        <ele>93.5</ele>
      </trkpt>
      <trkpt lat="36.793769" lon="-4.715320">
        <ele>94.9</ele>
      </trkpt>
      <trkpt lat="36.793573" lon="-4.715657">
        <ele>93.5</ele>
      </trkpt>
      <trkpt lat="36.793121" lon="-4.716607">
        <ele>92.5</ele>
      </trkpt>
      <trkpt lat="36.792948" lon="-4.716888">
        <ele>91.5</ele>
      </trkpt>
      <trkpt lat="36.792737" lon="-4.717171">
        <ele>92</ele>
      </trkpt>
      <trkpt lat="36.792486" lon="-4.717433">
        <ele>93.1</ele>
      </trkpt>
      <trkpt lat="36.792138" lon="-4.717739">
        <ele>95.3</ele>
      </trkpt>
      <trkpt lat="36.791613" lon="-4.718140">
        <ele>96</ele>
      </trkpt>
      <trkpt lat="36.791253" lon="-4.718319">
        <ele>98.6</ele>
      </trkpt>
      <trkpt lat="36.790988" lon="-4.718422">
        <ele>99.5</ele>
      </trkpt>
      <trkpt lat="36.790634" lon="-4.718477">
        <ele>103.3</ele>
      </trkpt>
      <trkpt lat="36.790197" lon="-4.718451">
        <ele>104.1</ele>
      </trkpt>
      <trkpt lat="36.787535" lon="-4.717932">
        <ele>99.5</ele>
      </trkpt>
      <trkpt lat="36.787231" lon="-4.717901">
        <ele>99.7</ele>
      </trkpt>
      <trkpt lat="36.786979" lon="-4.717926">
        <ele>99.2</ele>
      </trkpt>
      <trkpt lat="36.786717" lon="-4.718012">
        <ele>97.6</ele>
      </trkpt>
      <trkpt lat="36.786554" lon="-4.718137">
        <ele>97.3</ele>
      </trkpt>
      <trkpt lat="36.786491" lon="-4.718185">
        <ele>97.1</ele>
      </trkpt>
      <trkpt lat="36.786291" lon="-4.718466">
        <ele>95.5</ele>
      </trkpt>
      <trkpt lat="36.786095" lon="-4.718881">
        <ele>93.7</ele>
      </trkpt>
      <trkpt lat="36.785990" lon="-4.719275">
        <ele>92.6</ele>
      </trkpt>
      <trkpt lat="36.785267" lon="-4.722306">
        <ele>91.3</ele>
      </trkpt>
      <trkpt lat="36.784909" lon="-4.723806">
        <ele>96.2</ele>
      </trkpt>
      <trkpt lat="36.784830" lon="-4.724098">
        <ele>96.3</ele>
      </trkpt>
      <trkpt lat="36.784755" lon="-4.724316">
        <ele>96.4</ele>
      </trkpt>
      <trkpt lat="36.784636" lon="-4.724580">
        <ele>95</ele>
      </trkpt>
      <trkpt lat="36.784540" lon="-4.724750">
        <ele>95.5</ele>
      </trkpt>
      <trkpt lat="36.784441" lon="-4.724895">
        <ele>97.2</ele>
      </trkpt>
      <trkpt lat="36.784356" lon="-4.724996">
        <ele>97.7</ele>
      </trkpt>
      <trkpt lat="36.784317" lon="-4.725041">
        <ele>97.8</ele>
      </trkpt>
      <trkpt lat="36.784173" lon="-4.725189">
        <ele>97.7</ele>
      </trkpt>
      <trkpt lat="36.784020" lon="-4.725312">
        <ele>98.1</ele>
      </trkpt>
      <trkpt lat="36.783827" lon="-4.725431">
        <ele>97.9</ele>
      </trkpt>
      <trkpt lat="36.783558" lon="-4.725573">
        <ele>96.6</ele>
      </trkpt>
      <trkpt lat="36.782770" lon="-4.725983">
        <ele>95.1</ele>
      </trkpt>
      <trkpt lat="36.782419" lon="-4.726133">
        <ele>94.8</ele>
      </trkpt>
      <trkpt lat="36.782146" lon="-4.726227">
        <ele>93.8</ele>
      </trkpt>
      <trkpt lat="36.781828" lon="-4.726313">
        <ele>92.1</ele>
      </trkpt>
      <trkpt lat="36.781652" lon="-4.726350">
        <ele>91.4</ele>
      </trkpt>
      <trkpt lat="36.780908" lon="-4.726512">
        <ele>89.7</ele>
      </trkpt>
      <trkpt lat="36.780332" lon="-4.726627">
        <ele>87.9</ele>
      </trkpt>
      <trkpt lat="36.779974" lon="-4.726702">
        <ele>86.5</ele>
      </trkpt>
      <trkpt lat="36.779691" lon="-4.726812">
        <ele>84.5</ele>
      </trkpt>
      <trkpt lat="36.779422" lon="-4.726982">
        <ele>86.6</ele>
      </trkpt>
      <trkpt lat="36.779222" lon="-4.727161">
        <ele>87.2</ele>
      </trkpt>
      <trkpt lat="36.779178" lon="-4.727200">
        <ele>87.8</ele>
      </trkpt>
      <trkpt lat="36.778948" lon="-4.727450">
        <ele>89.5</ele>
      </trkpt>
      <trkpt lat="36.778489" lon="-4.727966">
        <ele>92.1</ele>
      </trkpt>
      <trkpt lat="36.778236" lon="-4.728208">
        <ele>94</ele>
      </trkpt>
      <trkpt lat="36.777955" lon="-4.728394">
        <ele>94.9</ele>
      </trkpt>
      <trkpt lat="36.777424" lon="-4.728686">
        <ele>98.3</ele>
      </trkpt>
      <trkpt lat="36.777062" lon="-4.728881">
        <ele>100</ele>
      </trkpt>
      <trkpt lat="36.776931" lon="-4.728560">
        <ele>99.9</ele>
      </trkpt>
      <trkpt lat="36.776759" lon="-4.728147">
        <ele>99.6</ele>
      </trkpt>
      <trkpt lat="36.776473" lon="-4.727503">
        <ele>99.6</ele>
      </trkpt>
      <trkpt lat="36.776080" lon="-4.726948">
        <ele>95.6</ele>
      </trkpt>
      <trkpt lat="36.775670" lon="-4.726379">
        <ele>88.7</ele>
      </trkpt>
      <trkpt lat="36.775476" lon="-4.726141">
        <ele>86.4</ele>
      </trkpt>
      <trkpt lat="36.775472" lon="-4.726073">
        <ele>86.5</ele>
      </trkpt>
      <trkpt lat="36.775470" lon="-4.726033">
        <ele>86.7</ele>
      </trkpt>
      <trkpt lat="36.775455" lon="-4.725234">
        <ele>92.6</ele>
      </trkpt>
      <trkpt lat="36.775455" lon="-4.724567">
        <ele>96.4</ele>
      </trkpt>
      <trkpt lat="36.775291" lon="-4.724100">
        <ele>95.8</ele>
      </trkpt>
      <trkpt lat="36.774961" lon="-4.723231">
        <ele>94.6</ele>
      </trkpt>
      <trkpt lat="36.774855" lon="-4.723172">
        <ele>94.4</ele>
      </trkpt>
      <trkpt lat="36.774820" lon="-4.722443">
        <ele>92.9</ele>
      </trkpt>
      <trkpt lat="36.774696" lon="-4.721869">
        <ele>91.7</ele>
      </trkpt>
      <trkpt lat="36.774413" lon="-4.720552">
        <ele>88.9</ele>
      </trkpt>
      <trkpt lat="36.774245" lon="-4.719830">
        <ele>88.1</ele>
      </trkpt>
      <trkpt lat="36.773963" lon="-4.717956">
        <ele>83.4</ele>
      </trkpt>
      <trkpt lat="36.773665" lon="-4.717343">
        <ele>81.3</ele>
      </trkpt>
      <trkpt lat="36.773239" lon="-4.716739">
        <ele>79.7</ele>
      </trkpt>
      <trkpt lat="36.773048" lon="-4.716505">
        <ele>76.1</ele>
      </trkpt>
      <trkpt lat="36.772318" lon="-4.715633">
        <ele>72.6</ele>
      </trkpt>
      <trkpt lat="36.772015" lon="-4.715238">
        <ele>75.8</ele>
      </trkpt>
      <trkpt lat="36.771867" lon="-4.715072">
        <ele>75.8</ele>
      </trkpt>
      <trkpt lat="36.771741" lon="-4.714872">
        <ele>75.4</ele>
      </trkpt>
      <trkpt lat="36.771727" lon="-4.714759">
        <ele>75.8</ele>
      </trkpt>
      <trkpt lat="36.771759" lon="-4.714600">
        <ele>74.6</ele>
      </trkpt>
      <trkpt lat="36.771878" lon="-4.714405">
        <ele>74.8</ele>
      </trkpt>
      <trkpt lat="36.772378" lon="-4.713531">
        <ele>77</ele>
      </trkpt>
      <trkpt lat="36.772305" lon="-4.713497">
        <ele>77.6</ele>
      </trkpt>
      <trkpt lat="36.772178" lon="-4.713735">
        <ele>77.5</ele>
      </trkpt>
      <trkpt lat="36.771933" lon="-4.714160">
        <ele>76.9</ele>
      </trkpt>
      <trkpt lat="36.771806" lon="-4.714222">
        <ele>75.6</ele>
      </trkpt>
      <trkpt lat="36.771610" lon="-4.714042">
        <ele>75.1</ele>
      </trkpt>
      <trkpt lat="36.770795" lon="-4.713291">
        <ele>73.9</ele>
      </trkpt>
      <trkpt lat="36.770175" lon="-4.712708">
        <ele>73.2</ele>
      </trkpt>
      <trkpt lat="36.769561" lon="-4.712136">
        <ele>73.2</ele>
      </trkpt>
      <trkpt lat="36.769490" lon="-4.712070">
        <ele>73.2</ele>
      </trkpt>
      <trkpt lat="36.769052" lon="-4.711767">
        <ele>72.9</ele>
      </trkpt>
      <trkpt lat="36.768526" lon="-4.711450">
        <ele>72.7</ele>
      </trkpt>
      <trkpt lat="36.767850" lon="-4.711208">
        <ele>72.7</ele>
      </trkpt>
      <trkpt lat="36.767288" lon="-4.711127">
        <ele>72.2</ele>
      </trkpt>
      <trkpt lat="36.766963" lon="-4.711094">
        <ele>72.1</ele>
      </trkpt>
      <trkpt lat="36.766796" lon="-4.711015">
        <ele>73.4</ele>
      </trkpt>
      <trkpt lat="36.766681" lon="-4.710882">
        <ele>74</ele>
      </trkpt>
      <trkpt lat="36.766665" lon="-4.710830">
        <ele>74</ele>
      </trkpt>
      <trkpt lat="36.766579" lon="-4.710826">
        <ele>74</ele>
      </trkpt>
      <trkpt lat="36.765941" lon="-4.710740">
        <ele>72.5</ele>
      </trkpt>
      <trkpt lat="36.764961" lon="-4.710603">
        <ele>71.8</ele>
      </trkpt>
      <trkpt lat="36.764722" lon="-4.710606">
        <ele>71.8</ele>
      </trkpt>
      <trkpt lat="36.764512" lon="-4.710595">
        <ele>71.2</ele>
      </trkpt>
      <trkpt lat="36.764432" lon="-4.710597">
        <ele>71</ele>
      </trkpt>
      <trkpt lat="36.764328" lon="-4.710594">
        <ele>71</ele>
      </trkpt>
      <trkpt lat="36.764149" lon="-4.710585">
        <ele>70.9</ele>
      </trkpt>
      <trkpt lat="36.764121" lon="-4.710599">
        <ele>70.8</ele>
      </trkpt>
      <trkpt lat="36.764090" lon="-4.710604">
        <ele>70.7</ele>
      </trkpt>
      <trkpt lat="36.764060" lon="-4.710600">
        <ele>70.6</ele>
      </trkpt>
      <trkpt lat="36.764025" lon="-4.710585">
        <ele>70.5</ele>
      </trkpt>
      <trkpt lat="36.763995" lon="-4.710557">
        <ele>70.4</ele>
      </trkpt>
      <trkpt lat="36.763977" lon="-4.710530">
        <ele>70.4</ele>
      </trkpt>
      <trkpt lat="36.763804" lon="-4.710535">
        <ele>70.1</ele>
      </trkpt>
      <trkpt lat="36.763715" lon="-4.710616">
        <ele>70</ele>
      </trkpt>
      <trkpt lat="36.763546" lon="-4.710767">
        <ele>69.8</ele>
      </trkpt>
      <trkpt lat="36.763440" lon="-4.710633">
        <ele>69.4</ele>
      </trkpt>
      <trkpt lat="36.763397" lon="-4.710669">
        <ele>69.2</ele>
      </trkpt>
      <trkpt lat="36.762559" lon="-4.711313">
        <ele>67</ele>
      </trkpt>
      <trkpt lat="36.762482" lon="-4.711351">
        <ele>66.9</ele>
      </trkpt>
      <trkpt lat="36.762195" lon="-4.711441">
        <ele>66</ele>
      </trkpt>
      <trkpt lat="36.761811" lon="-4.711513">
        <ele>66.4</ele>
      </trkpt>
      <trkpt lat="36.761681" lon="-4.711501">
        <ele>66.4</ele>
      </trkpt>
      <trkpt lat="36.761617" lon="-4.711492">
        <ele>66.9</ele>
      </trkpt>
      <trkpt lat="36.761548" lon="-4.711485">
        <ele>67.5</ele>
      </trkpt>
      <trkpt lat="36.761370" lon="-4.711432">
        <ele>69</ele>
      </trkpt>
      <trkpt lat="36.761255" lon="-4.711261">
        <ele>71.5</ele>
      </trkpt>
      <trkpt lat="36.761174" lon="-4.710921">
        <ele>71.7</ele>
      </trkpt>
      <trkpt lat="36.761164" lon="-4.710800">
        <ele>72</ele>
      </trkpt>
      <trkpt lat="36.761127" lon="-4.710373">
        <ele>74.8</ele>
      </trkpt>
      <trkpt lat="36.761087" lon="-4.710012">
        <ele>78.2</ele>
      </trkpt>
      <trkpt lat="36.761043" lon="-4.709822">
        <ele>77.9</ele>
      </trkpt>
      <trkpt lat="36.760905" lon="-4.709724">
        <ele>80.5</ele>
      </trkpt>
      <trkpt lat="36.760850" lon="-4.709685">
        <ele>81.5</ele>
      </trkpt>
      <trkpt lat="36.760813" lon="-4.709756">
        <ele>82.1</ele>
      </trkpt>
      <trkpt lat="36.760758" lon="-4.709869">
        <ele>82.3</ele>
      </trkpt>
      <trkpt lat="36.760693" lon="-4.709970">
        <ele>82.6</ele>
      </trkpt>
      <trkpt lat="36.760616" lon="-4.710077">
        <ele>83.7</ele>
      </trkpt>
      <trkpt lat="36.760509" lon="-4.710185">
        <ele>85.6</ele>
      </trkpt>
      <trkpt lat="36.760289" lon="-4.710319">
        <ele>86.6</ele>
      </trkpt>
      <trkpt lat="36.760118" lon="-4.710364">
        <ele>88</ele>
      </trkpt>
      <trkpt lat="36.759890" lon="-4.710362">
        <ele>89.3</ele>
      </trkpt>
      <trkpt lat="36.759748" lon="-4.710330">
        <ele>90</ele>
      </trkpt>
      <trkpt lat="36.759651" lon="-4.710292">
        <ele>90.1</ele>
      </trkpt>
      <trkpt lat="36.759597" lon="-4.710269">
        <ele>90</ele>
      </trkpt>
      <trkpt lat="36.759432" lon="-4.710160">
        <ele>89.5</ele>
      </trkpt>
      <trkpt lat="36.759250" lon="-4.709975">
        <ele>88.2</ele>
      </trkpt>
      <trkpt lat="36.759127" lon="-4.709760">
        <ele>86.7</ele>
      </trkpt>
      <trkpt lat="36.759065" lon="-4.709535">
        <ele>86.1</ele>
      </trkpt>
      <trkpt lat="36.759016" lon="-4.709205">
        <ele>86.4</ele>
      </trkpt>
      <trkpt lat="36.759043" lon="-4.708897">
        <ele>85.6</ele>
      </trkpt>
      <trkpt lat="36.759091" lon="-4.708696">
        <ele>84.3</ele>
      </trkpt>
      <trkpt lat="36.759262" lon="-4.708212">
        <ele>85.8</ele>
      </trkpt>
      <trkpt lat="36.759409" lon="-4.707802">
        <ele>87.6</ele>
      </trkpt>
      <trkpt lat="36.759215" lon="-4.707481">
        <ele>86.5</ele>
      </trkpt>
      <trkpt lat="36.759089" lon="-4.707275">
        <ele>85.4</ele>
      </trkpt>
      <trkpt lat="36.758747" lon="-4.706721">
        <ele>90.3</ele>
      </trkpt>
      <trkpt lat="36.758685" lon="-4.706614">
        <ele>91</ele>
      </trkpt>
      <trkpt lat="36.758454" lon="-4.706224">
        <ele>86.3</ele>
      </trkpt>
      <trkpt lat="36.758366" lon="-4.705888">
        <ele>84.4</ele>
      </trkpt>
      <trkpt lat="36.758401" lon="-4.705574">
        <ele>83.8</ele>
      </trkpt>
      <trkpt lat="36.758420" lon="-4.705526">
        <ele>84</ele>
      </trkpt>
      <trkpt lat="36.758498" lon="-4.705335">
        <ele>85.2</ele>
      </trkpt>
      <trkpt lat="36.758585" lon="-4.705197">
        <ele>87.1</ele>
      </trkpt>
      <trkpt lat="36.758461" lon="-4.705131">
        <ele>84.5</ele>
      </trkpt>
      <trkpt lat="36.758225" lon="-4.705136">
        <ele>79.5</ele>
      </trkpt>
      <trkpt lat="36.757975" lon="-4.705313">
        <ele>76.7</ele>
      </trkpt>
      <trkpt lat="36.757914" lon="-4.705413">
        <ele>75</ele>
      </trkpt>
      <trkpt lat="36.757825" lon="-4.705657">
        <ele>72.6</ele>
      </trkpt>
      <trkpt lat="36.757739" lon="-4.705952">
        <ele>67.9</ele>
      </trkpt>
      <trkpt lat="36.757619" lon="-4.706327">
        <ele>63.7</ele>
      </trkpt>
      <trkpt lat="36.757481" lon="-4.706472">
        <ele>60.4</ele>
      </trkpt>
      <trkpt lat="36.757344" lon="-4.706582">
        <ele>58.1</ele>
      </trkpt>
      <trkpt lat="36.757178" lon="-4.706033">
        <ele>58.7</ele>
      </trkpt>
      <trkpt lat="36.756972" lon="-4.705612">
        <ele>58.9</ele>
      </trkpt>
      <trkpt lat="36.756393" lon="-4.704619">
        <ele>58.4</ele>
      </trkpt>
      <trkpt lat="36.755980" lon="-4.703901">
        <ele>58.5</ele>
      </trkpt>
      <trkpt lat="36.755600" lon="-4.703411">
        <ele>59.2</ele>
      </trkpt>
      <trkpt lat="36.755162" lon="-4.702946">
        <ele>59.5</ele>
      </trkpt>
      <trkpt lat="36.754632" lon="-4.702469">
        <ele>56.7</ele>
      </trkpt>
      <trkpt lat="36.754073" lon="-4.702114">
        <ele>55.9</ele>
      </trkpt>
      <trkpt lat="36.753473" lon="-4.701824">
        <ele>55.9</ele>
      </trkpt>
      <trkpt lat="36.751467" lon="-4.701182">
        <ele>76.9</ele>
      </trkpt>
      <trkpt lat="36.750649" lon="-4.700872">
        <ele>77</ele>
      </trkpt>
      <trkpt lat="36.750088" lon="-4.700678">
        <ele>76.5</ele>
      </trkpt>
      <trkpt lat="36.749836" lon="-4.700710">
        <ele>76.8</ele>
      </trkpt>
      <trkpt lat="36.749606" lon="-4.700791">
        <ele>75.5</ele>
      </trkpt>
      <trkpt lat="36.749383" lon="-4.700869">
        <ele>75.1</ele>
      </trkpt>
      <trkpt lat="36.749085" lon="-4.700907">
        <ele>75</ele>
      </trkpt>
      <trkpt lat="36.748746" lon="-4.700848">
        <ele>73.4</ele>
      </trkpt>
      <trkpt lat="36.748419" lon="-4.700677">
        <ele>73</ele>
      </trkpt>
      <trkpt lat="36.746356" lon="-4.699397">
        <ele>72.5</ele>
      </trkpt>
      <trkpt lat="36.745979" lon="-4.699172">
        <ele>72.5</ele>
      </trkpt>
      <trkpt lat="36.744782" lon="-4.698684">
        <ele>70.5</ele>
      </trkpt>
      <trkpt lat="36.744059" lon="-4.698403">
        <ele>68.6</ele>
      </trkpt>
      <trkpt lat="36.743045" lon="-4.698008">
        <ele>66.1</ele>
      </trkpt>
      <trkpt lat="36.741596" lon="-4.697714">
        <ele>60.7</ele>
      </trkpt>
      <trkpt lat="36.741246" lon="-4.697603">
        <ele>58.7</ele>
      </trkpt>
      <trkpt lat="36.740898" lon="-4.697449">
        <ele>56.2</ele>
      </trkpt>
      <trkpt lat="36.740490" lon="-4.697424">
        <ele>55.8</ele>
      </trkpt>
      <trkpt lat="36.740003" lon="-4.697449">
        <ele>55.6</ele>
      </trkpt>
      <trkpt lat="36.739710" lon="-4.697359">
        <ele>57.5</ele>
      </trkpt>
      <trkpt lat="36.739473" lon="-4.697201">
        <ele>58.1</ele>
      </trkpt>
      <trkpt lat="36.739238" lon="-4.696947">
        <ele>59</ele>
      </trkpt>
      <trkpt lat="36.739118" lon="-4.696594">
        <ele>59</ele>
      </trkpt>
      <trkpt lat="36.738994" lon="-4.696228">
        <ele>58.9</ele>
      </trkpt>
      <trkpt lat="36.738944" lon="-4.696082">
        <ele>58.6</ele>
      </trkpt>
      <trkpt lat="36.738285" lon="-4.695038">
        <ele>60.9</ele>
      </trkpt>
      <trkpt lat="36.738060" lon="-4.694223">
        <ele>59.2</ele>
      </trkpt>
      <trkpt lat="36.738017" lon="-4.693653">
        <ele>58.1</ele>
      </trkpt>
      <trkpt lat="36.737966" lon="-4.693352">
        <ele>58</ele>
      </trkpt>
      <trkpt lat="36.737834" lon="-4.693074">
        <ele>57.4</ele>
      </trkpt>
      <trkpt lat="36.737642" lon="-4.692757">
        <ele>58.6</ele>
      </trkpt>
      <trkpt lat="36.737396" lon="-4.692417">
        <ele>61.1</ele>
      </trkpt>
      <trkpt lat="36.737288" lon="-4.692151">
        <ele>62.5</ele>
      </trkpt>
      <trkpt lat="36.737265" lon="-4.691971">
        <ele>61.6</ele>
      </trkpt>
      <trkpt lat="36.737333" lon="-4.691599">
        <ele>63.5</ele>
      </trkpt>
      <trkpt lat="36.737451" lon="-4.691175">
        <ele>60.5</ele>
      </trkpt>
      <trkpt lat="36.737448" lon="-4.690503">
        <ele>58.7</ele>
      </trkpt>
      <trkpt lat="36.737375" lon="-4.690145">
        <ele>58.3</ele>
      </trkpt>
      <trkpt lat="36.736901" lon="-4.689360">
        <ele>60.4</ele>
      </trkpt>
      <trkpt lat="36.736287" lon="-4.688977">
        <ele>63.7</ele>
      </trkpt>
      <trkpt lat="36.736009" lon="-4.688715">
        <ele>63.2</ele>
      </trkpt>
      <trkpt lat="36.735609" lon="-4.687900">
        <ele>62.3</ele>
      </trkpt>
      <trkpt lat="36.735379" lon="-4.687186">
        <ele>62.4</ele>
      </trkpt>
      <trkpt lat="36.735231" lon="-4.686607">
        <ele>61.6</ele>
      </trkpt>
      <trkpt lat="36.735191" lon="-4.686196">
        <ele>60</ele>
      </trkpt>
      <trkpt lat="36.735136" lon="-4.685922">
        <ele>59.3</ele>
      </trkpt>
      <trkpt lat="36.734963" lon="-4.685617">
        <ele>58.5</ele>
      </trkpt>
      <trkpt lat="36.734796" lon="-4.685266">
        <ele>57.5</ele>
      </trkpt>
      <trkpt lat="36.734604" lon="-4.684417">
        <ele>56.4</ele>
      </trkpt>
      <trkpt lat="36.734439" lon="-4.684020">
        <ele>54</ele>
      </trkpt>
      <trkpt lat="36.734300" lon="-4.683587">
        <ele>52.5</ele>
      </trkpt>
      <trkpt lat="36.734250" lon="-4.683349">
        <ele>52.3</ele>
      </trkpt>
      <trkpt lat="36.734242" lon="-4.682899">
        <ele>51.5</ele>
      </trkpt>
      <trkpt lat="36.734261" lon="-4.682284">
        <ele>50.6</ele>
      </trkpt>
      <trkpt lat="36.734276" lon="-4.681786">
        <ele>51.6</ele>
      </trkpt>
      <trkpt lat="36.734319" lon="-4.680161">
        <ele>46.9</ele>
      </trkpt>
      <trkpt lat="36.734433" lon="-4.679481">
        <ele>45.1</ele>
      </trkpt>
      <trkpt lat="36.734816" lon="-4.678577">
        <ele>44.5</ele>
      </trkpt>
      <trkpt lat="36.734905" lon="-4.678336">
        <ele>43.7</ele>
      </trkpt>
      <trkpt lat="36.735067" lon="-4.677495">
        <ele>44</ele>
      </trkpt>
      <trkpt lat="36.735376" lon="-4.675198">
        <ele>44</ele>
      </trkpt>
      <trkpt lat="36.735381" lon="-4.674904">
        <ele>44.1</ele>
      </trkpt>
      <trkpt lat="36.735353" lon="-4.674715">
        <ele>44.3</ele>
      </trkpt>
      <trkpt lat="36.735279" lon="-4.674442">
        <ele>45</ele>
      </trkpt>
      <trkpt lat="36.735031" lon="-4.674570">
        <ele>43.2</ele>
      </trkpt>
      <trkpt lat="36.734552" lon="-4.674591">
        <ele>42.5</ele>
      </trkpt>
      <trkpt lat="36.734127" lon="-4.674461">
        <ele>41.1</ele>
      </trkpt>
      <trkpt lat="36.733993" lon="-4.674453">
        <ele>41</ele>
      </trkpt>
      <trkpt lat="36.733658" lon="-4.671830">
        <ele>39.2</ele>
      </trkpt>
      <trkpt lat="36.733511" lon="-4.670560">
        <ele>39.3</ele>
      </trkpt>
      <trkpt lat="36.733352" lon="-4.669443">
        <ele>38.3</ele>
      </trkpt>
      <trkpt lat="36.733278" lon="-4.668762">
        <ele>38.6</ele>
      </trkpt>
      <trkpt lat="36.733248" lon="-4.668348">
        <ele>37.7</ele>
      </trkpt>
      <trkpt lat="36.733071" lon="-4.667325">
        <ele>41.8</ele>
      </trkpt>
      <trkpt lat="36.732890" lon="-4.666339">
        <ele>37.9</ele>
      </trkpt>
      <trkpt lat="36.732849" lon="-4.666196">
        <ele>37.5</ele>
      </trkpt>
      <trkpt lat="36.732784" lon="-4.666217">
        <ele>37.4</ele>
      </trkpt>
      <trkpt lat="36.732603" lon="-4.666348">
        <ele>37.9</ele>
      </trkpt>
      <trkpt lat="36.732502" lon="-4.666576">
        <ele>39.3</ele>
      </trkpt>
      <trkpt lat="36.732522" lon="-4.666862">
        <ele>40.6</ele>
      </trkpt>
      <trkpt lat="36.732613" lon="-4.667094">
        <ele>40.8</ele>
      </trkpt>
      <trkpt lat="36.732780" lon="-4.667214">
        <ele>45.8</ele>
      </trkpt>
      <trkpt lat="36.733014" lon="-4.667214">
        <ele>44.1</ele>
      </trkpt>
      <trkpt lat="36.733283" lon="-4.667143">
        <ele>42.9</ele>
      </trkpt>
      <trkpt lat="36.733388" lon="-4.667101">
        <ele>41.8</ele>
      </trkpt>
      <trkpt lat="36.733622" lon="-4.666928">
        <ele>43.4</ele>
      </trkpt>
      <trkpt lat="36.733708" lon="-4.666606">
        <ele>37.5</ele>
      </trkpt>
      <trkpt lat="36.733730" lon="-4.664570">
        <ele>35</ele>
      </trkpt>
      <trkpt lat="36.734761" lon="-4.664368">
        <ele>39.6</ele>
      </trkpt>
      <trkpt lat="36.734750" lon="-4.663796">
        <ele>39.8</ele>
      </trkpt>
      <trkpt lat="36.734687" lon="-4.663412">
        <ele>40.1</ele>
      </trkpt>
      <trkpt lat="36.734555" lon="-4.662964">
        <ele>40</ele>
      </trkpt>
      <trkpt lat="36.732524" lon="-4.658381">
        <ele>40.1</ele>
      </trkpt>
      <trkpt lat="36.732166" lon="-4.657824">
        <ele>39.3</ele>
      </trkpt>
      <trkpt lat="36.731981" lon="-4.657479">
        <ele>39.3</ele>
      </trkpt>
      <trkpt lat="36.731933" lon="-4.657085">
        <ele>38.9</ele>
      </trkpt>
      <trkpt lat="36.731944" lon="-4.656656">
        <ele>40</ele>
      </trkpt>
      <trkpt lat="36.731893" lon="-4.656304">
        <ele>40.7</ele>
      </trkpt>
      <trkpt lat="36.731529" lon="-4.655485">
        <ele>39.9</ele>
      </trkpt>
      <trkpt lat="36.731345" lon="-4.654549">
        <ele>41.3</ele>
      </trkpt>
      <trkpt lat="36.730905" lon="-4.653757">
        <ele>40.3</ele>
      </trkpt>
      <trkpt lat="36.730762" lon="-4.653409">
        <ele>41.2</ele>
      </trkpt>
      <trkpt lat="36.730719" lon="-4.653181">
        <ele>41.8</ele>
      </trkpt>
      <trkpt lat="36.730465" lon="-4.651896">
        <ele>46.6</ele>
      </trkpt>
      <trkpt lat="36.730075" lon="-4.650706">
        <ele>45.6</ele>
      </trkpt>
      <trkpt lat="36.729574" lon="-4.649197">
        <ele>41.2</ele>
      </trkpt>
      <trkpt lat="36.729205" lon="-4.647687">
        <ele>38.2</ele>
      </trkpt>
      <trkpt lat="36.729162" lon="-4.647159">
        <ele>38</ele>
      </trkpt>
      <trkpt lat="36.729107" lon="-4.646900">
        <ele>38.4</ele>
      </trkpt>
      <trkpt lat="36.729050" lon="-4.646724">
        <ele>39.2</ele>
      </trkpt>
      <trkpt lat="36.728780" lon="-4.645969">
        <ele>44</ele>
      </trkpt>
      <trkpt lat="36.728482" lon="-4.644981">
        <ele>43.8</ele>
      </trkpt>
      <trkpt lat="36.728314" lon="-4.643971">
        <ele>42.2</ele>
      </trkpt>
      <trkpt lat="36.728276" lon="-4.642293">
        <ele>39</ele>
      </trkpt>
      <trkpt lat="36.728281" lon="-4.641445">
        <ele>38.6</ele>
      </trkpt>
      <trkpt lat="36.728330" lon="-4.640582">
        <ele>39</ele>
      </trkpt>
      <trkpt lat="36.728481" lon="-4.639277">
        <ele>37.1</ele>
      </trkpt>
      <trkpt lat="36.728667" lon="-4.637975">
        <ele>38.9</ele>
      </trkpt>
      <trkpt lat="36.728770" lon="-4.637269">
        <ele>39.9</ele>
      </trkpt>
      <trkpt lat="36.728784" lon="-4.636738">
        <ele>41</ele>
      </trkpt>
      <trkpt lat="36.728789" lon="-4.636578">
        <ele>41</ele>
      </trkpt>
      <trkpt lat="36.728975" lon="-4.636477">
        <ele>41.8</ele>
      </trkpt>
      <trkpt lat="36.728964" lon="-4.636208">
        <ele>41.5</ele>
      </trkpt>
      <trkpt lat="36.729008" lon="-4.635040">
        <ele>39.5</ele>
      </trkpt>
      <trkpt lat="36.729155" lon="-4.634978">
        <ele>39.9</ele>
      </trkpt>
      <trkpt lat="36.729312" lon="-4.634841">
        <ele>40.3</ele>
      </trkpt>
      <trkpt lat="36.729495" lon="-4.634758">
        <ele>41.2</ele>
      </trkpt>
      <trkpt lat="36.729688" lon="-4.634640">
        <ele>41.6</ele>
      </trkpt>
      <trkpt lat="36.729624" lon="-4.634452">
        <ele>40.7</ele>
      </trkpt>
      <trkpt lat="36.729534" lon="-4.634163">
        <ele>39.3</ele>
      </trkpt>
      <trkpt lat="36.729495" lon="-4.634034">
        <ele>38.7</ele>
      </trkpt>
      <trkpt lat="36.729480" lon="-4.633879">
        <ele>38.1</ele>
      </trkpt>
      <trkpt lat="36.729491" lon="-4.633674">
        <ele>37.4</ele>
      </trkpt>
      <trkpt lat="36.729575" lon="-4.633114">
        <ele>36.6</ele>
      </trkpt>
      <trkpt lat="36.729661" lon="-4.632527">
        <ele>35.8</ele>
      </trkpt>
      <trkpt lat="36.729729" lon="-4.632087">
        <ele>34.5</ele>
      </trkpt>
      <trkpt lat="36.729863" lon="-4.631098">
        <ele>35.9</ele>
      </trkpt>
      <trkpt lat="36.729886" lon="-4.630926">
        <ele>35.1</ele>
      </trkpt>
      <trkpt lat="36.729642" lon="-4.630802">
        <ele>33.9</ele>
      </trkpt>
      <trkpt lat="36.729500" lon="-4.630822">
        <ele>34</ele>
      </trkpt>
      <trkpt lat="36.729528" lon="-4.630656">
        <ele>33.4</ele>
      </trkpt>
      <trkpt lat="36.729550" lon="-4.630534">
        <ele>33</ele>
      </trkpt>
      <trkpt lat="36.729567" lon="-4.630225">
        <ele>32.3</ele>
      </trkpt>
      <trkpt lat="36.729590" lon="-4.629882">
        <ele>31.6</ele>
      </trkpt>
      <trkpt lat="36.729692" lon="-4.629434">
        <ele>31.8</ele>
      </trkpt>
      <trkpt lat="36.729867" lon="-4.628760">
        <ele>32.9</ele>
      </trkpt>
      <trkpt lat="36.729995" lon="-4.628424">
        <ele>31.3</ele>
      </trkpt>
      <trkpt lat="36.730193" lon="-4.628101">
        <ele>33</ele>
      </trkpt>
      <trkpt lat="36.730363" lon="-4.627802">
        <ele>33.1</ele>
      </trkpt>
      <trkpt lat="36.730555" lon="-4.627327">
        <ele>34.4</ele>
      </trkpt>
      <trkpt lat="36.730689" lon="-4.627123">
        <ele>36.6</ele>
      </trkpt>
      <trkpt lat="36.730811" lon="-4.627012">
        <ele>37.1</ele>
      </trkpt>
      <trkpt lat="36.730943" lon="-4.626935">
        <ele>35.9</ele>
      </trkpt>
      <trkpt lat="36.731137" lon="-4.626954">
        <ele>36.2</ele>
      </trkpt>
      <trkpt lat="36.731348" lon="-4.627017">
        <ele>35.9</ele>
      </trkpt>
      <trkpt lat="36.731774" lon="-4.627146">
        <ele>34.5</ele>
      </trkpt>
      <trkpt lat="36.731965" lon="-4.627091">
        <ele>33</ele>
      </trkpt>
      <trkpt lat="36.732201" lon="-4.626895">
        <ele>31.8</ele>
      </trkpt>
      <trkpt lat="36.732354" lon="-4.626555">
        <ele>31.4</ele>
      </trkpt>
      <trkpt lat="36.732568" lon="-4.625929">
        <ele>31</ele>
      </trkpt>
      <trkpt lat="36.732759" lon="-4.625311">
        <ele>32.7</ele>
      </trkpt>
      <trkpt lat="36.733087" lon="-4.624127">
        <ele>32.2</ele>
      </trkpt>
      <trkpt lat="36.733171" lon="-4.623697">
        <ele>32.3</ele>
      </trkpt>
      <trkpt lat="36.733187" lon="-4.623552">
        <ele>32.3</ele>
      </trkpt>
      <trkpt lat="36.733258" lon="-4.622918">
        <ele>31.6</ele>
      </trkpt>
      <trkpt lat="36.733276" lon="-4.622722">
        <ele>31.3</ele>
      </trkpt>
      <trkpt lat="36.733290" lon="-4.622566">
        <ele>31</ele>
      </trkpt>
      <trkpt lat="36.733317" lon="-4.622270">
        <ele>30.9</ele>
      </trkpt>
      <trkpt lat="36.733320" lon="-4.622056">
        <ele>30.9</ele>
      </trkpt>
      <trkpt lat="36.733322" lon="-4.621915">
        <ele>30.9</ele>
      </trkpt>
      <trkpt lat="36.733325" lon="-4.621741">
        <ele>30.9</ele>
      </trkpt>
      <trkpt lat="36.733307" lon="-4.621366">
        <ele>31.8</ele>
      </trkpt>
      <trkpt lat="36.733229" lon="-4.620363">
        <ele>35</ele>
      </trkpt>
      <trkpt lat="36.733129" lon="-4.619590">
        <ele>31.4</ele>
      </trkpt>
      <trkpt lat="36.733021" lon="-4.619074">
        <ele>29.8</ele>
      </trkpt>
      <trkpt lat="36.732856" lon="-4.618359">
        <ele>30.1</ele>
      </trkpt>
      <trkpt lat="36.732639" lon="-4.617509">
        <ele>29</ele>
      </trkpt>
      <trkpt lat="36.732606" lon="-4.617397">
        <ele>29.9</ele>
      </trkpt>
      <trkpt lat="36.732560" lon="-4.617232">
        <ele>31.1</ele>
      </trkpt>
      <trkpt lat="36.732739" lon="-4.617232">
        <ele>31.8</ele>
      </trkpt>
      <trkpt lat="36.732716" lon="-4.617111">
        <ele>32.1</ele>
      </trkpt>
      <trkpt lat="36.732494" lon="-4.616064">
        <ele>35.1</ele>
      </trkpt>
      <trkpt lat="36.732448" lon="-4.615856">
        <ele>35.4</ele>
      </trkpt>
      <trkpt lat="36.732462" lon="-4.615639">
        <ele>36.3</ele>
      </trkpt>
      <trkpt lat="36.732457" lon="-4.615371">
        <ele>36</ele>
      </trkpt>
      <trkpt lat="36.732463" lon="-4.615280">
        <ele>35.7</ele>
      </trkpt>
      <trkpt lat="36.732457" lon="-4.615192">
        <ele>35.7</ele>
      </trkpt>
      <trkpt lat="36.732399" lon="-4.615023">
        <ele>35.3</ele>
      </trkpt>
      <trkpt lat="36.732374" lon="-4.614913">
        <ele>35.4</ele>
      </trkpt>
      <trkpt lat="36.732246" lon="-4.614894">
        <ele>34.6</ele>
      </trkpt>
      <trkpt lat="36.732293" lon="-4.614453">
        <ele>34.8</ele>
      </trkpt>
      <trkpt lat="36.732309" lon="-4.614149">
        <ele>34.2</ele>
      </trkpt>
      <trkpt lat="36.732387" lon="-4.613885">
        <ele>34.4</ele>
      </trkpt>
      <trkpt lat="36.732465" lon="-4.613690">
        <ele>35.6</ele>
      </trkpt>
      <trkpt lat="36.732599" lon="-4.613450">
        <ele>35.6</ele>
      </trkpt>
      <trkpt lat="36.732655" lon="-4.613304">
        <ele>35.6</ele>
      </trkpt>
      <trkpt lat="36.732683" lon="-4.613195">
        <ele>35.8</ele>
      </trkpt>
      <trkpt lat="36.732672" lon="-4.613150">
        <ele>35.6</ele>
      </trkpt>
      <trkpt lat="36.732674" lon="-4.613094">
        <ele>35.6</ele>
      </trkpt>
      <trkpt lat="36.732689" lon="-4.613042">
        <ele>35.7</ele>
      </trkpt>
      <trkpt lat="36.732717" lon="-4.612998">
        <ele>36.2</ele>
      </trkpt>
      <trkpt lat="36.732755" lon="-4.612969">
        <ele>36.7</ele>
      </trkpt>
      <trkpt lat="36.732799" lon="-4.612956">
        <ele>36.9</ele>
      </trkpt>
      <trkpt lat="36.732832" lon="-4.612958">
        <ele>36.8</ele>
      </trkpt>
      <trkpt lat="36.732896" lon="-4.612850">
        <ele>36.6</ele>
      </trkpt>
      <trkpt lat="36.733007" lon="-4.612664">
        <ele>35.8</ele>
      </trkpt>
      <trkpt lat="36.733076" lon="-4.612617">
        <ele>35.4</ele>
      </trkpt>
      <trkpt lat="36.733144" lon="-4.612571">
        <ele>35.3</ele>
      </trkpt>
      <trkpt lat="36.733411" lon="-4.612006">
        <ele>32.8</ele>
      </trkpt>
      <trkpt lat="36.733642" lon="-4.611617">
        <ele>29.3</ele>
      </trkpt>
      <trkpt lat="36.733872" lon="-4.611181">
        <ele>28</ele>
      </trkpt>
      <trkpt lat="36.734125" lon="-4.610757">
        <ele>28</ele>
      </trkpt>
      <trkpt lat="36.734202" lon="-4.610624">
        <ele>28.1</ele>
      </trkpt>
      <trkpt lat="36.734243" lon="-4.610336">
        <ele>28.1</ele>
      </trkpt>
      <trkpt lat="36.734313" lon="-4.609899">
        <ele>28.5</ele>
      </trkpt>
      <trkpt lat="36.734382" lon="-4.609476">
        <ele>28.8</ele>
      </trkpt>
      <trkpt lat="36.734410" lon="-4.609300">
        <ele>28.9</ele>
      </trkpt>
      <trkpt lat="36.734463" lon="-4.609210">
        <ele>29</ele>
      </trkpt>
      <trkpt lat="36.734104" lon="-4.608762">
        <ele>29</ele>
      </trkpt>
      <trkpt lat="36.734065" lon="-4.608661">
        <ele>29</ele>
      </trkpt>
      <trkpt lat="36.734096" lon="-4.608493">
        <ele>29.1</ele>
      </trkpt>
      <trkpt lat="36.734409" lon="-4.607320">
        <ele>29.6</ele>
      </trkpt>
      <trkpt lat="36.734697" lon="-4.607261">
        <ele>29</ele>
      </trkpt>
      <trkpt lat="36.734578" lon="-4.606410">
        <ele>29.5</ele>
      </trkpt>
      <trkpt lat="36.734627" lon="-4.606323">
        <ele>29.7</ele>
      </trkpt>
      <trkpt lat="36.734657" lon="-4.605931">
        <ele>29.8</ele>
      </trkpt>
      <trkpt lat="36.734675" lon="-4.605601">
        <ele>29.8</ele>
      </trkpt>
      <trkpt lat="36.734661" lon="-4.605103">
        <ele>29.8</ele>
      </trkpt>
      <trkpt lat="36.735075" lon="-4.605057">
        <ele>30.3</ele>
      </trkpt>
      <trkpt lat="36.735342" lon="-4.605028">
        <ele>31</ele>
      </trkpt>
      <trkpt lat="36.735413" lon="-4.604913">
        <ele>31.3</ele>
      </trkpt>
      <trkpt lat="36.735462" lon="-4.604811">
        <ele>31.7</ele>
      </trkpt>
      <trkpt lat="36.735587" lon="-4.604575">
        <ele>31.5</ele>
      </trkpt>
      <trkpt lat="36.735720" lon="-4.604428">
        <ele>31.6</ele>
      </trkpt>
      <trkpt lat="36.735822" lon="-4.604342">
        <ele>32</ele>
      </trkpt>
      <trkpt lat="36.735903" lon="-4.604216">
        <ele>32.2</ele>
      </trkpt>
      <trkpt lat="36.736045" lon="-4.604044">
        <ele>32.8</ele>
      </trkpt>
      <trkpt lat="36.736096" lon="-4.603972">
        <ele>32.9</ele>
      </trkpt>
      <trkpt lat="36.736057" lon="-4.603803">
        <ele>32.6</ele>
      </trkpt>
      <trkpt lat="36.735978" lon="-4.603277">
        <ele>32</ele>
      </trkpt>
      <trkpt lat="36.735913" lon="-4.602923">
        <ele>32.2</ele>
      </trkpt>
      <trkpt lat="36.735875" lon="-4.602615">
        <ele>31.8</ele>
      </trkpt>
      <trkpt lat="36.735821" lon="-4.602207">
        <ele>31.9</ele>
      </trkpt>
      <trkpt lat="36.735806" lon="-4.602030">
        <ele>31.2</ele>
      </trkpt>
      <trkpt lat="36.735838" lon="-4.601960">
        <ele>31.1</ele>
      </trkpt>
      <trkpt lat="36.735903" lon="-4.601871">
        <ele>31.4</ele>
      </trkpt>
      <trkpt lat="36.735331" lon="-4.600394">
        <ele>30.9</ele>
      </trkpt>
      <trkpt lat="36.735233" lon="-4.600147">
        <ele>31.1</ele>
      </trkpt>
      <trkpt lat="36.734801" lon="-4.599031">
        <ele>31</ele>
      </trkpt>
      <trkpt lat="36.734733" lon="-4.598877">
        <ele>32.8</ele>
      </trkpt>
      <trkpt lat="36.734460" lon="-4.598619">
        <ele>32.8</ele>
      </trkpt>
      <trkpt lat="36.734430" lon="-4.598619">
        <ele>32.7</ele>
      </trkpt>
      <trkpt lat="36.734365" lon="-4.598590">
        <ele>32.2</ele>
      </trkpt>
      <trkpt lat="36.734311" lon="-4.598537">
        <ele>32</ele>
      </trkpt>
      <trkpt lat="36.734273" lon="-4.598466">
        <ele>32</ele>
      </trkpt>
      <trkpt lat="36.734255" lon="-4.598383">
        <ele>32.3</ele>
      </trkpt>
      <trkpt lat="36.734020" lon="-4.598013">
        <ele>32.8</ele>
      </trkpt>
      <trkpt lat="36.734011" lon="-4.598003">
        <ele>32.8</ele>
      </trkpt>
      <trkpt lat="36.731927" lon="-4.596992">
        <ele>31.2</ele>
      </trkpt>
      <trkpt lat="36.731610" lon="-4.596767">
        <ele>30.4</ele>
      </trkpt>
      <trkpt lat="36.731371" lon="-4.596426">
        <ele>30.1</ele>
      </trkpt>
      <trkpt lat="36.731288" lon="-4.596147">
        <ele>29.4</ele>
      </trkpt>
      <trkpt lat="36.731246" lon="-4.595827">
        <ele>29.5</ele>
      </trkpt>
      <trkpt lat="36.731228" lon="-4.595695">
        <ele>29.4</ele>
      </trkpt>
      <trkpt lat="36.731143" lon="-4.594023">
        <ele>28.7</ele>
      </trkpt>
      <trkpt lat="36.731165" lon="-4.593805">
        <ele>29.4</ele>
      </trkpt>
      <trkpt lat="36.731170" lon="-4.593751">
        <ele>29.5</ele>
      </trkpt>
      <trkpt lat="36.731214" lon="-4.593532">
        <ele>30.4</ele>
      </trkpt>
      <trkpt lat="36.731311" lon="-4.593263">
        <ele>30.7</ele>
      </trkpt>
      <trkpt lat="36.731453" lon="-4.592999">
        <ele>29.8</ele>
      </trkpt>
      <trkpt lat="36.731598" lon="-4.592796">
        <ele>29.7</ele>
      </trkpt>
      <trkpt lat="36.731942" lon="-4.592377">
        <ele>29.5</ele>
      </trkpt>
      <trkpt lat="36.732028" lon="-4.592272">
        <ele>29.4</ele>
      </trkpt>
      <trkpt lat="36.732196" lon="-4.591956">
        <ele>29.8</ele>
      </trkpt>
      <trkpt lat="36.732323" lon="-4.591576">
        <ele>31.4</ele>
      </trkpt>
      <trkpt lat="36.732369" lon="-4.591245">
        <ele>32.7</ele>
      </trkpt>
      <trkpt lat="36.732378" lon="-4.591181">
        <ele>32.3</ele>
      </trkpt>
      <trkpt lat="36.732390" lon="-4.590969">
        <ele>30.8</ele>
      </trkpt>
      <trkpt lat="36.732424" lon="-4.590344">
        <ele>31.8</ele>
      </trkpt>
      <trkpt lat="36.732475" lon="-4.590000">
        <ele>32</ele>
      </trkpt>
      <trkpt lat="36.733100" lon="-4.586874">
        <ele>44.7</ele>
      </trkpt>
      <trkpt lat="36.733088" lon="-4.586394">
        <ele>45.2</ele>
      </trkpt>
      <trkpt lat="36.733040" lon="-4.586149">
        <ele>44.2</ele>
      </trkpt>
      <trkpt lat="36.733010" lon="-4.585995">
        <ele>44</ele>
      </trkpt>
      <trkpt lat="36.732797" lon="-4.585249">
        <ele>40.1</ele>
      </trkpt>
      <trkpt lat="36.732711" lon="-4.584982">
        <ele>39.6</ele>
      </trkpt>
      <trkpt lat="36.732698" lon="-4.584665">
        <ele>37.6</ele>
      </trkpt>
      <trkpt lat="36.732724" lon="-4.584152">
        <ele>34.9</ele>
      </trkpt>
      <trkpt lat="36.732932" lon="-4.583131">
        <ele>32</ele>
      </trkpt>
      <trkpt lat="36.733062" lon="-4.581976">
        <ele>31</ele>
      </trkpt>
      <trkpt lat="36.733260" lon="-4.580498">
        <ele>31.6</ele>
      </trkpt>
      <trkpt lat="36.733310" lon="-4.580182">
        <ele>33.1</ele>
      </trkpt>
      <trkpt lat="36.733482" lon="-4.579116">
        <ele>36.4</ele>
      </trkpt>
      <trkpt lat="36.733531" lon="-4.578825">
        <ele>35.4</ele>
      </trkpt>
      <trkpt lat="36.733660" lon="-4.578069">
        <ele>33.7</ele>
      </trkpt>
      <trkpt lat="36.733779" lon="-4.577325">
        <ele>32.3</ele>
      </trkpt>
      <trkpt lat="36.733957" lon="-4.576175">
        <ele>35.2</ele>
      </trkpt>
      <trkpt lat="36.733978" lon="-4.576053">
        <ele>35.3</ele>
      </trkpt>
      <trkpt lat="36.734115" lon="-4.576040">
        <ele>35.8</ele>
      </trkpt>
      <trkpt lat="36.734251" lon="-4.575970">
        <ele>36.5</ele>
      </trkpt>
      <trkpt lat="36.734293" lon="-4.576079">
        <ele>36.9</ele>
      </trkpt>
      <trkpt lat="36.734340" lon="-4.576203">
        <ele>36.8</ele>
      </trkpt>
      <trkpt lat="36.734448" lon="-4.576328">
        <ele>36.5</ele>
      </trkpt>
      <trkpt lat="36.734557" lon="-4.576392">
        <ele>36.8</ele>
      </trkpt>
      <trkpt lat="36.734682" lon="-4.576420">
        <ele>37.2</ele>
      </trkpt>
      <trkpt lat="36.734837" lon="-4.576409">
        <ele>37.3</ele>
      </trkpt>
      <trkpt lat="36.735073" lon="-4.576361">
        <ele>38.1</ele>
      </trkpt>
      <trkpt lat="36.735389" lon="-4.576380">
        <ele>37.3</ele>
      </trkpt>
      <trkpt lat="36.735572" lon="-4.576405">
        <ele>36.8</ele>
      </trkpt>
      <trkpt lat="36.735945" lon="-4.576379">
        <ele>37.5</ele>
      </trkpt>
      <trkpt lat="36.736191" lon="-4.576358">
        <ele>38.4</ele>
      </trkpt>
      <trkpt lat="36.736375" lon="-4.576376">
        <ele>37.6</ele>
      </trkpt>
      <trkpt lat="36.736550" lon="-4.576506">
        <ele>38.9</ele>
      </trkpt>
      <trkpt lat="36.736764" lon="-4.576553">
        <ele>39.4</ele>
      </trkpt>
      <trkpt lat="36.736933" lon="-4.576560">
        <ele>39.5</ele>
      </trkpt>
      <trkpt lat="36.737078" lon="-4.576555">
        <ele>40.6</ele>
      </trkpt>
      <trkpt lat="36.737177" lon="-4.576470">
        <ele>41.4</ele>
      </trkpt>
      <trkpt lat="36.737229" lon="-4.576357">
        <ele>42.3</ele>
      </trkpt>
      <trkpt lat="36.737307" lon="-4.575994">
        <ele>45.3</ele>
      </trkpt>
      <trkpt lat="36.737400" lon="-4.575813">
        <ele>47.5</ele>
      </trkpt>
      <trkpt lat="36.737514" lon="-4.575709">
        <ele>51</ele>
      </trkpt>
      <trkpt lat="36.737843" lon="-4.575574">
        <ele>54.2</ele>
      </trkpt>
      <trkpt lat="36.738013" lon="-4.575454">
        <ele>55.8</ele>
      </trkpt>
      <trkpt lat="36.738253" lon="-4.575263">
        <ele>56.3</ele>
      </trkpt>
      <trkpt lat="36.738454" lon="-4.575171">
        <ele>56.9</ele>
      </trkpt>
      <trkpt lat="36.738704" lon="-4.575077">
        <ele>57.6</ele>
      </trkpt>
      <trkpt lat="36.738896" lon="-4.575028">
        <ele>59.2</ele>
      </trkpt>
      <trkpt lat="36.738961" lon="-4.575012">
        <ele>59.8</ele>
      </trkpt>
      <trkpt lat="36.739139" lon="-4.574949">
        <ele>61.3</ele>
      </trkpt>
      <trkpt lat="36.739209" lon="-4.574919">
        <ele>62</ele>
      </trkpt>
      <trkpt lat="36.739243" lon="-4.574759">
        <ele>61.6</ele>
      </trkpt>
      <trkpt lat="36.739334" lon="-4.574517">
        <ele>60.8</ele>
      </trkpt>
      <trkpt lat="36.739455" lon="-4.574333">
        <ele>61.3</ele>
      </trkpt>
      <trkpt lat="36.739682" lon="-4.574150">
        <ele>61.5</ele>
      </trkpt>
      <trkpt lat="36.739836" lon="-4.574066">
        <ele>61</ele>
      </trkpt>
      <trkpt lat="36.739998" lon="-4.574104">
        <ele>61.8</ele>
      </trkpt>
      <trkpt lat="36.740361" lon="-4.574274">
        <ele>63</ele>
      </trkpt>
      <trkpt lat="36.740493" lon="-4.574336">
        <ele>63.4</ele>
      </trkpt>
      <trkpt lat="36.740631" lon="-4.574365">
        <ele>63.4</ele>
      </trkpt>
      <trkpt lat="36.740718" lon="-4.574338">
        <ele>63.5</ele>
      </trkpt>
      <trkpt lat="36.740860" lon="-4.574163">
        <ele>63.5</ele>
      </trkpt>
      <trkpt lat="36.740994" lon="-4.573910">
        <ele>64.4</ele>
      </trkpt>
      <trkpt lat="36.741347" lon="-4.573259">
        <ele>62.8</ele>
      </trkpt>
      <trkpt lat="36.741407" lon="-4.573094">
        <ele>62.3</ele>
      </trkpt>
      <trkpt lat="36.741508" lon="-4.572816">
        <ele>63.5</ele>
      </trkpt>
      <trkpt lat="36.741565" lon="-4.572510">
        <ele>63.4</ele>
      </trkpt>
      <trkpt lat="36.741583" lon="-4.572415">
        <ele>63.2</ele>
      </trkpt>
      <trkpt lat="36.741732" lon="-4.571449">
        <ele>64.5</ele>
      </trkpt>
      <trkpt lat="36.741915" lon="-4.570265">
        <ele>62.2</ele>
      </trkpt>
      <trkpt lat="36.741917" lon="-4.570050">
        <ele>61.9</ele>
      </trkpt>
      <trkpt lat="36.741893" lon="-4.569957">
        <ele>61.8</ele>
      </trkpt>
      <trkpt lat="36.741790" lon="-4.569645">
        <ele>62.1</ele>
      </trkpt>
      <trkpt lat="36.741756" lon="-4.569448">
        <ele>62.3</ele>
      </trkpt>
      <trkpt lat="36.741767" lon="-4.569310">
        <ele>61.8</ele>
      </trkpt>
      <trkpt lat="36.741935" lon="-4.568919">
        <ele>61.1</ele>
      </trkpt>
      <trkpt lat="36.742091" lon="-4.568737">
        <ele>61.5</ele>
      </trkpt>
      <trkpt lat="36.742268" lon="-4.568693">
        <ele>61.7</ele>
      </trkpt>
      <trkpt lat="36.742691" lon="-4.568889">
        <ele>61.3</ele>
      </trkpt>
      <trkpt lat="36.742899" lon="-4.568938">
        <ele>61.6</ele>
      </trkpt>
      <trkpt lat="36.743013" lon="-4.568897">
        <ele>61.1</ele>
      </trkpt>
      <trkpt lat="36.743110" lon="-4.568740">
        <ele>61.9</ele>
      </trkpt>
      <trkpt lat="36.743139" lon="-4.568137">
        <ele>61.9</ele>
      </trkpt>
      <trkpt lat="36.743119" lon="-4.567972">
        <ele>62</ele>
      </trkpt>
      <trkpt lat="36.742899" lon="-4.567658">
        <ele>61.7</ele>
      </trkpt>
      <trkpt lat="36.742837" lon="-4.567523">
        <ele>61.7</ele>
      </trkpt>
      <trkpt lat="36.742839" lon="-4.567433">
        <ele>61.7</ele>
      </trkpt>
      <trkpt lat="36.742855" lon="-4.567354">
        <ele>61.5</ele>
      </trkpt>
      <trkpt lat="36.742884" lon="-4.567295">
        <ele>61.4</ele>
      </trkpt>
      <trkpt lat="36.742903" lon="-4.567259">
        <ele>61.2</ele>
      </trkpt>
      <trkpt lat="36.743512" lon="-4.567237">
        <ele>61.2</ele>
      </trkpt>
      <trkpt lat="36.743642" lon="-4.567193">
        <ele>61.3</ele>
      </trkpt>
      <trkpt lat="36.743781" lon="-4.567047">
        <ele>62.4</ele>
      </trkpt>
      <trkpt lat="36.743757" lon="-4.566838">
        <ele>62.3</ele>
      </trkpt>
      <trkpt lat="36.743624" lon="-4.566673">
        <ele>61.1</ele>
      </trkpt>
      <trkpt lat="36.743572" lon="-4.566586">
        <ele>61.1</ele>
      </trkpt>
      <trkpt lat="36.743567" lon="-4.566560">
        <ele>61.2</ele>
      </trkpt>
      <trkpt lat="36.743552" lon="-4.566480">
        <ele>61.5</ele>
      </trkpt>
      <trkpt lat="36.743598" lon="-4.566318">
        <ele>61.7</ele>
      </trkpt>
      <trkpt lat="36.744189" lon="-4.565376">
        <ele>61.7</ele>
      </trkpt>
      <trkpt lat="36.744229" lon="-4.565131">
        <ele>62.1</ele>
      </trkpt>
      <trkpt lat="36.744167" lon="-4.564941">
        <ele>62.2</ele>
      </trkpt>
      <trkpt lat="36.743855" lon="-4.564767">
        <ele>61.1</ele>
      </trkpt>
      <trkpt lat="36.743862" lon="-4.564744">
        <ele>61.1</ele>
      </trkpt>
      <trkpt lat="36.743793" lon="-4.564680">
        <ele>61.7</ele>
      </trkpt>
      <trkpt lat="36.743746" lon="-4.564567">
        <ele>62.6</ele>
      </trkpt>
      <trkpt lat="36.743724" lon="-4.564380">
        <ele>63.2</ele>
      </trkpt>
      <trkpt lat="36.743755" lon="-4.564251">
        <ele>62.8</ele>
      </trkpt>
      <trkpt lat="36.743795" lon="-4.564102">
        <ele>62.1</ele>
      </trkpt>
      <trkpt lat="36.743889" lon="-4.564000">
        <ele>61.4</ele>
      </trkpt>
      <trkpt lat="36.744053" lon="-4.563908">
        <ele>61.2</ele>
      </trkpt>
      <trkpt lat="36.744210" lon="-4.563833">
        <ele>61.5</ele>
      </trkpt>
      <trkpt lat="36.744362" lon="-4.563678">
        <ele>61.7</ele>
      </trkpt>
      <trkpt lat="36.745493" lon="-4.562452">
        <ele>63.2</ele>
      </trkpt>
      <trkpt lat="36.745647" lon="-4.562203">
        <ele>61.6</ele>
      </trkpt>
      <trkpt lat="36.745669" lon="-4.562165">
        <ele>61.3</ele>
      </trkpt>
      <trkpt lat="36.745736" lon="-4.562008">
        <ele>60.1</ele>
      </trkpt>
      <trkpt lat="36.745760" lon="-4.561862">
        <ele>59.4</ele>
      </trkpt>
      <trkpt lat="36.745760" lon="-4.561832">
        <ele>59.4</ele>
      </trkpt>
      <trkpt lat="36.745760" lon="-4.561724">
        <ele>59.3</ele>
      </trkpt>
      <trkpt lat="36.745722" lon="-4.561629">
        <ele>59.2</ele>
      </trkpt>
      <trkpt lat="36.745705" lon="-4.561586">
        <ele>59</ele>
      </trkpt>
      <trkpt lat="36.745613" lon="-4.561511">
        <ele>59.1</ele>
      </trkpt>
      <trkpt lat="36.745480" lon="-4.561466">
        <ele>59.2</ele>
      </trkpt>
      <trkpt lat="36.745421" lon="-4.561015">
        <ele>58</ele>
      </trkpt>
      <trkpt lat="36.745413" lon="-4.560954">
        <ele>58</ele>
      </trkpt>
      <trkpt lat="36.745381" lon="-4.560955">
        <ele>58</ele>
      </trkpt>
      <trkpt lat="36.745352" lon="-4.560941">
        <ele>58</ele>
      </trkpt>
      <trkpt lat="36.745329" lon="-4.560914">
        <ele>58</ele>
      </trkpt>
      <trkpt lat="36.745316" lon="-4.560878">
        <ele>58</ele>
      </trkpt>
      <trkpt lat="36.745314" lon="-4.560838">
        <ele>58</ele>
      </trkpt>
      <trkpt lat="36.745320" lon="-4.560818">
        <ele>58</ele>
      </trkpt>
      <trkpt lat="36.745324" lon="-4.560803">
        <ele>58</ele>
      </trkpt>
      <trkpt lat="36.745344" lon="-4.560775">
        <ele>57.9</ele>
      </trkpt>
      <trkpt lat="36.745370" lon="-4.560757">
        <ele>57.9</ele>
      </trkpt>
      <trkpt lat="36.745400" lon="-4.560753">
        <ele>57.9</ele>
      </trkpt>
      <trkpt lat="36.745429" lon="-4.560762">
        <ele>57.9</ele>
      </trkpt>
      <trkpt lat="36.745453" lon="-4.560783">
        <ele>57.9</ele>
      </trkpt>
      <trkpt lat="36.745470" lon="-4.560814">
        <ele>58</ele>
      </trkpt>
      <trkpt lat="36.745476" lon="-4.560850">
        <ele>58</ele>
      </trkpt>
      <trkpt lat="36.745472" lon="-4.560887">
        <ele>58</ele>
      </trkpt>
      <trkpt lat="36.745516" lon="-4.560882">
        <ele>58</ele>
      </trkpt>
      <trkpt lat="36.745550" lon="-4.560785">
        <ele>57.8</ele>
      </trkpt>
      <trkpt lat="36.745514" lon="-4.560731">
        <ele>57.7</ele>
      </trkpt>
      <trkpt lat="36.745467" lon="-4.560680">
        <ele>57.6</ele>
      </trkpt>
      <trkpt lat="36.745420" lon="-4.560661">
        <ele>57.7</ele>
      </trkpt>
      <trkpt lat="36.745350" lon="-4.560667">
        <ele>57.8</ele>
      </trkpt>
      <trkpt lat="36.745248" lon="-4.560708">
        <ele>58.1</ele>
      </trkpt>
      <trkpt lat="36.745238" lon="-4.560687">
        <ele>58.1</ele>
      </trkpt>
      <trkpt lat="36.744831" lon="-4.560455">
        <ele>58</ele>
      </trkpt>
      <trkpt lat="36.744522" lon="-4.560186">
        <ele>57.1</ele>
      </trkpt>
      <trkpt lat="36.744368" lon="-4.560005">
        <ele>57</ele>
      </trkpt>
      <trkpt lat="36.744074" lon="-4.559591">
        <ele>57</ele>
      </trkpt>
      <trkpt lat="36.743803" lon="-4.559099">
        <ele>55.6</ele>
      </trkpt>
      <trkpt lat="36.743411" lon="-4.558709">
        <ele>55.5</ele>
      </trkpt>
      <trkpt lat="36.743286" lon="-4.558545">
        <ele>55.9</ele>
      </trkpt>
      <trkpt lat="36.743127" lon="-4.558215">
        <ele>55.5</ele>
      </trkpt>
      <trkpt lat="36.742939" lon="-4.557739">
        <ele>55.4</ele>
      </trkpt>
      <trkpt lat="36.742740" lon="-4.557424">
        <ele>56</ele>
      </trkpt>
      <trkpt lat="36.742571" lon="-4.557218">
        <ele>55.7</ele>
      </trkpt>
      <trkpt lat="36.742507" lon="-4.557163">
        <ele>56</ele>
      </trkpt>
      <trkpt lat="36.742428" lon="-4.557096">
        <ele>56.4</ele>
      </trkpt>
      <trkpt lat="36.742010" lon="-4.556816">
        <ele>56.8</ele>
      </trkpt>
      <trkpt lat="36.741835" lon="-4.556656">
        <ele>57</ele>
      </trkpt>
      <trkpt lat="36.741604" lon="-4.556296">
        <ele>56.7</ele>
      </trkpt>
      <trkpt lat="36.741533" lon="-4.556166">
        <ele>56.6</ele>
      </trkpt>
      <trkpt lat="36.741339" lon="-4.555568">
        <ele>56.6</ele>
      </trkpt>
      <trkpt lat="36.741249" lon="-4.555174">
        <ele>56.9</ele>
      </trkpt>
      <trkpt lat="36.741178" lon="-4.554722">
        <ele>55.8</ele>
      </trkpt>
      <trkpt lat="36.741128" lon="-4.554262">
        <ele>56</ele>
      </trkpt>
      <trkpt lat="36.741062" lon="-4.554018">
        <ele>55.9</ele>
      </trkpt>
      <trkpt lat="36.740934" lon="-4.553745">
        <ele>55.3</ele>
      </trkpt>
      <trkpt lat="36.740695" lon="-4.553414">
        <ele>55.1</ele>
      </trkpt>
      <trkpt lat="36.740607" lon="-4.553258">
        <ele>55</ele>
      </trkpt>
      <trkpt lat="36.740453" lon="-4.552849">
        <ele>54.5</ele>
      </trkpt>
      <trkpt lat="36.740433" lon="-4.552709">
        <ele>53.9</ele>
      </trkpt>
      <trkpt lat="36.740424" lon="-4.552650">
        <ele>53.5</ele>
      </trkpt>
      <trkpt lat="36.740394" lon="-4.552427">
        <ele>52.5</ele>
      </trkpt>
      <trkpt lat="36.740350" lon="-4.552270">
        <ele>52.8</ele>
      </trkpt>
      <trkpt lat="36.740268" lon="-4.552060">
        <ele>52.9</ele>
      </trkpt>
      <trkpt lat="36.740112" lon="-4.551840">
        <ele>51.6</ele>
      </trkpt>
      <trkpt lat="36.739904" lon="-4.551674">
        <ele>52.4</ele>
      </trkpt>
      <trkpt lat="36.739859" lon="-4.551648">
        <ele>52.2</ele>
      </trkpt>
      <trkpt lat="36.739811" lon="-4.551629">
        <ele>52.2</ele>
      </trkpt>
      <trkpt lat="36.739792" lon="-4.551577">
        <ele>51.8</ele>
      </trkpt>
      <trkpt lat="36.739766" lon="-4.551522">
        <ele>51.5</ele>
      </trkpt>
      <trkpt lat="36.739741" lon="-4.551540">
        <ele>51.9</ele>
      </trkpt>
      <trkpt lat="36.739706" lon="-4.551563">
        <ele>52.2</ele>
      </trkpt>
      <trkpt lat="36.739657" lon="-4.551558">
        <ele>52.1</ele>
      </trkpt>
      <trkpt lat="36.739495" lon="-4.551543">
        <ele>51.7</ele>
      </trkpt>
      <trkpt lat="36.739346" lon="-4.551555">
        <ele>51.7</ele>
      </trkpt>
      <trkpt lat="36.739197" lon="-4.551602">
        <ele>52.1</ele>
      </trkpt>
      <trkpt lat="36.739014" lon="-4.551700">
        <ele>52</ele>
      </trkpt>
      <trkpt lat="36.738884" lon="-4.551805">
        <ele>52</ele>
      </trkpt>
      <trkpt lat="36.738696" lon="-4.552016">
        <ele>52</ele>
      </trkpt>
      <trkpt lat="36.738559" lon="-4.552317">
        <ele>52.1</ele>
      </trkpt>
      <trkpt lat="36.738506" lon="-4.552517">
        <ele>51.1</ele>
      </trkpt>
      <trkpt lat="36.738411" lon="-4.553096">
        <ele>51.2</ele>
      </trkpt>
      <trkpt lat="36.738380" lon="-4.553484">
        <ele>52.6</ele>
      </trkpt>
      <trkpt lat="36.738371" lon="-4.553988">
        <ele>52.4</ele>
      </trkpt>
      <trkpt lat="36.738331" lon="-4.554012">
        <ele>52.4</ele>
      </trkpt>
      <trkpt lat="36.738299" lon="-4.554056">
        <ele>52.1</ele>
      </trkpt>
      <trkpt lat="36.737578" lon="-4.553601">
        <ele>50.6</ele>
      </trkpt>
      <trkpt lat="36.737555" lon="-4.553575">
        <ele>51</ele>
      </trkpt>
      <trkpt lat="36.737539" lon="-4.553522">
        <ele>51.3</ele>
      </trkpt>
      <trkpt lat="36.737544" lon="-4.553428">
        <ele>51.2</ele>
      </trkpt>
      <trkpt lat="36.737531" lon="-4.553380">
        <ele>51.4</ele>
      </trkpt>
      <trkpt lat="36.737524" lon="-4.553367">
        <ele>51.6</ele>
      </trkpt>
      <trkpt lat="36.737267" lon="-4.553202">
        <ele>52.3</ele>
      </trkpt>
      <trkpt lat="36.737211" lon="-4.553171">
        <ele>52.6</ele>
      </trkpt>
      <trkpt lat="36.736904" lon="-4.552968">
        <ele>52</ele>
      </trkpt>
      <trkpt lat="36.736843" lon="-4.552947">
        <ele>52.1</ele>
      </trkpt>
      <trkpt lat="36.736782" lon="-4.552912">
        <ele>52.3</ele>
      </trkpt>
      <trkpt lat="36.736746" lon="-4.552893">
        <ele>52.4</ele>
      </trkpt>
      <trkpt lat="36.736722" lon="-4.552866">
        <ele>52.5</ele>
      </trkpt>
      <trkpt lat="36.736629" lon="-4.552801">
        <ele>52.8</ele>
      </trkpt>
      <trkpt lat="36.736281" lon="-4.552572">
        <ele>53.4</ele>
      </trkpt>
      <trkpt lat="36.735918" lon="-4.552343">
        <ele>53.3</ele>
      </trkpt>
      <trkpt lat="36.735890" lon="-4.552328">
        <ele>53.1</ele>
      </trkpt>
      <trkpt lat="36.735861" lon="-4.552316">
        <ele>52.9</ele>
      </trkpt>
      <trkpt lat="36.735824" lon="-4.552309">
        <ele>52.6</ele>
      </trkpt>
      <trkpt lat="36.735781" lon="-4.552313">
        <ele>52.4</ele>
      </trkpt>
      <trkpt lat="36.735734" lon="-4.552329">
        <ele>52.2</ele>
      </trkpt>
      <trkpt lat="36.735687" lon="-4.552365">
        <ele>52</ele>
      </trkpt>
      <trkpt lat="36.735674" lon="-4.552357">
        <ele>51.9</ele>
      </trkpt>
      <trkpt lat="36.735577" lon="-4.552291">
        <ele>51.4</ele>
      </trkpt>
      <trkpt lat="36.733933" lon="-4.551224">
        <ele>48.1</ele>
      </trkpt>
      <trkpt lat="36.733852" lon="-4.551173">
        <ele>47.9</ele>
      </trkpt>
      <trkpt lat="36.732537" lon="-4.550319">
        <ele>45.2</ele>
      </trkpt>
      <trkpt lat="36.732489" lon="-4.550312">
        <ele>45</ele>
      </trkpt>
      <trkpt lat="36.732481" lon="-4.550338">
        <ele>44.9</ele>
      </trkpt>
      <trkpt lat="36.732472" lon="-4.550380">
        <ele>44.9</ele>
      </trkpt>
      <trkpt lat="36.732462" lon="-4.550425">
        <ele>44.9</ele>
      </trkpt>
      <trkpt lat="36.732349" lon="-4.550411">
        <ele>44.7</ele>
      </trkpt>
      <trkpt lat="36.732111" lon="-4.550401">
        <ele>44.3</ele>
      </trkpt>
      <trkpt lat="36.731832" lon="-4.550464">
        <ele>44</ele>
      </trkpt>
      <trkpt lat="36.731671" lon="-4.550519">
        <ele>44</ele>
      </trkpt>
      <trkpt lat="36.731543" lon="-4.550566">
        <ele>43.6</ele>
      </trkpt>
      <trkpt lat="36.731514" lon="-4.550594">
        <ele>43.5</ele>
      </trkpt>
      <trkpt lat="36.731458" lon="-4.550644">
        <ele>43.3</ele>
      </trkpt>
      <trkpt lat="36.731450" lon="-4.550717">
        <ele>43.3</ele>
      </trkpt>
      <trkpt lat="36.731430" lon="-4.550785">
        <ele>43.3</ele>
      </trkpt>
      <trkpt lat="36.731398" lon="-4.550849">
        <ele>43.1</ele>
      </trkpt>
      <trkpt lat="36.731362" lon="-4.550895">
        <ele>43</ele>
      </trkpt>
      <trkpt lat="36.731321" lon="-4.550932">
        <ele>43</ele>
      </trkpt>
      <trkpt lat="36.731259" lon="-4.550965">
        <ele>43</ele>
      </trkpt>
      <trkpt lat="36.731192" lon="-4.550978">
        <ele>43</ele>
      </trkpt>
      <trkpt lat="36.731169" lon="-4.550978">
        <ele>43</ele>
      </trkpt>
      <trkpt lat="36.731092" lon="-4.550959">
        <ele>43</ele>
      </trkpt>
      <trkpt lat="36.731021" lon="-4.550913">
        <ele>43</ele>
      </trkpt>
      <trkpt lat="36.730964" lon="-4.550845">
        <ele>43</ele>
      </trkpt>
      <trkpt lat="36.730925" lon="-4.550758">
        <ele>43</ele>
      </trkpt>
      <trkpt lat="36.730907" lon="-4.550660">
        <ele>43</ele>
      </trkpt>
      <trkpt lat="36.730913" lon="-4.550560">
        <ele>43</ele>
      </trkpt>
      <trkpt lat="36.730932" lon="-4.550491">
        <ele>42.9</ele>
      </trkpt>
      <trkpt lat="36.730946" lon="-4.550380">
        <ele>42.6</ele>
      </trkpt>
      <trkpt lat="36.730934" lon="-4.550275">
        <ele>42.4</ele>
      </trkpt>
      <trkpt lat="36.730904" lon="-4.550179">
        <ele>42.5</ele>
      </trkpt>
      <trkpt lat="36.730873" lon="-4.550066">
        <ele>42.8</ele>
      </trkpt>
      <trkpt lat="36.730661" lon="-4.549745">
        <ele>43.8</ele>
      </trkpt>
      <trkpt lat="36.730531" lon="-4.549550">
        <ele>43.8</ele>
      </trkpt>
      <trkpt lat="36.730370" lon="-4.549418">
        <ele>43.4</ele>
      </trkpt>
      <trkpt lat="36.730226" lon="-4.549504">
        <ele>42.4</ele>
      </trkpt>
      <trkpt lat="36.730088" lon="-4.549572">
        <ele>41.4</ele>
      </trkpt>
      <trkpt lat="36.729900" lon="-4.549668">
        <ele>40.5</ele>
      </trkpt>
      <trkpt lat="36.729656" lon="-4.549645">
        <ele>41.1</ele>
      </trkpt>
      <trkpt lat="36.729520" lon="-4.549637">
        <ele>41.6</ele>
      </trkpt>
      <trkpt lat="36.728813" lon="-4.549590">
        <ele>46.4</ele>
      </trkpt>
      <trkpt lat="36.728707" lon="-4.549593">
        <ele>46.4</ele>
      </trkpt>
      <trkpt lat="36.728074" lon="-4.549693">
        <ele>43.4</ele>
      </trkpt>
      <trkpt lat="36.727980" lon="-4.549711">
        <ele>43.4</ele>
      </trkpt>
      <trkpt lat="36.727879" lon="-4.549725">
        <ele>43.6</ele>
      </trkpt>
      <trkpt lat="36.727356" lon="-4.549801">
        <ele>44.5</ele>
      </trkpt>
      <trkpt lat="36.726795" lon="-4.549881">
        <ele>46.9</ele>
      </trkpt>
      <trkpt lat="36.726730" lon="-4.549886">
        <ele>46.9</ele>
      </trkpt>
      <trkpt lat="36.726665" lon="-4.549866">
        <ele>46.9</ele>
      </trkpt>
      <trkpt lat="36.726617" lon="-4.549821">
        <ele>46.9</ele>
      </trkpt>
      <trkpt lat="36.726583" lon="-4.549766">
        <ele>47</ele>
      </trkpt>
      <trkpt lat="36.726521" lon="-4.549613">
        <ele>47.8</ele>
      </trkpt>
      <trkpt lat="36.726492" lon="-4.549502">
        <ele>48.5</ele>
      </trkpt>
      <trkpt lat="36.726485" lon="-4.549469">
        <ele>48.8</ele>
      </trkpt>
      <trkpt lat="36.726476" lon="-4.549427">
        <ele>49</ele>
      </trkpt>
      <trkpt lat="36.726428" lon="-4.549286">
        <ele>49.4</ele>
      </trkpt>
      <trkpt lat="36.726336" lon="-4.549192">
        <ele>50.1</ele>
      </trkpt>
      <trkpt lat="36.726199" lon="-4.549121">
        <ele>50.6</ele>
      </trkpt>
      <trkpt lat="36.726038" lon="-4.549114">
        <ele>51.2</ele>
      </trkpt>
      <trkpt lat="36.726020" lon="-4.549009">
        <ele>51.1</ele>
      </trkpt>
      <trkpt lat="36.725896" lon="-4.548290">
        <ele>47.7</ele>
      </trkpt>
      <trkpt lat="36.725737" lon="-4.547333">
        <ele>36.6</ele>
      </trkpt>
      <trkpt lat="36.725534" lon="-4.547384">
        <ele>37.4</ele>
      </trkpt>
      <trkpt lat="36.725412" lon="-4.547368">
        <ele>37.8</ele>
      </trkpt>
      <trkpt lat="36.725321" lon="-4.547387">
        <ele>38.4</ele>
      </trkpt>
      <trkpt lat="36.725181" lon="-4.547416">
        <ele>38.1</ele>
      </trkpt>
      <trkpt lat="36.724998" lon="-4.547458">
        <ele>37</ele>
      </trkpt>
      <trkpt lat="36.724615" lon="-4.547552">
        <ele>36.2</ele>
      </trkpt>
      <trkpt lat="36.724526" lon="-4.547573">
        <ele>36.2</ele>
      </trkpt>
      <trkpt lat="36.723802" lon="-4.547741">
        <ele>35.7</ele>
      </trkpt>
      <trkpt lat="36.723796" lon="-4.547697">
        <ele>35.8</ele>
      </trkpt>
      <trkpt lat="36.723784" lon="-4.547611">
        <ele>35.8</ele>
      </trkpt>
      <trkpt lat="36.723751" lon="-4.547372">
        <ele>35.3</ele>
      </trkpt>
      <trkpt lat="36.723746" lon="-4.547329">
        <ele>35.1</ele>
      </trkpt>
      <trkpt lat="36.723689" lon="-4.546915">
        <ele>33.8</ele>
      </trkpt>
      <trkpt lat="36.723675" lon="-4.546814">
        <ele>33.1</ele>
      </trkpt>
      <trkpt lat="36.723671" lon="-4.546783">
        <ele>32.8</ele>
      </trkpt>
      <trkpt lat="36.723597" lon="-4.546237">
        <ele>30.5</ele>
      </trkpt>
      <trkpt lat="36.723582" lon="-4.546129">
        <ele>30.2</ele>
      </trkpt>
      <trkpt lat="36.723569" lon="-4.546025">
        <ele>30.1</ele>
      </trkpt>
      <trkpt lat="36.723553" lon="-4.545909">
        <ele>30.1</ele>
      </trkpt>
      <trkpt lat="36.723533" lon="-4.545756">
        <ele>29.7</ele>
      </trkpt>
      <trkpt lat="36.723516" lon="-4.545635">
        <ele>29.3</ele>
      </trkpt>
      <trkpt lat="36.723493" lon="-4.545469">
        <ele>28.9</ele>
      </trkpt>
      <trkpt lat="36.723478" lon="-4.545362">
        <ele>28.7</ele>
      </trkpt>
      <trkpt lat="36.723463" lon="-4.545258">
        <ele>28.4</ele>
      </trkpt>
      <trkpt lat="36.723430" lon="-4.545027">
        <ele>28</ele>
      </trkpt>
      <trkpt lat="36.723402" lon="-4.544830">
        <ele>27.5</ele>
      </trkpt>
      <trkpt lat="36.723386" lon="-4.544717">
        <ele>27.2</ele>
      </trkpt>
      <trkpt lat="36.723367" lon="-4.544587">
        <ele>26.6</ele>
      </trkpt>
      <trkpt lat="36.723358" lon="-4.544472">
        <ele>26.2</ele>
      </trkpt>
      <trkpt lat="36.723293" lon="-4.543614">
        <ele>25</ele>
      </trkpt>
      <trkpt lat="36.723280" lon="-4.543449">
        <ele>24.9</ele>
      </trkpt>
      <trkpt lat="36.723271" lon="-4.543337">
        <ele>24.8</ele>
      </trkpt>
      <trkpt lat="36.723218" lon="-4.542696">
        <ele>24.7</ele>
      </trkpt>
      <trkpt lat="36.723204" lon="-4.542553">
        <ele>24.9</ele>
      </trkpt>
      <trkpt lat="36.723151" lon="-4.542189">
        <ele>24.4</ele>
      </trkpt>
      <trkpt lat="36.723140" lon="-4.542120">
        <ele>24.4</ele>
      </trkpt>
      <trkpt lat="36.723118" lon="-4.541986">
        <ele>24.4</ele>
      </trkpt>
      <trkpt lat="36.723021" lon="-4.541250">
        <ele>24</ele>
      </trkpt>
      <trkpt lat="36.723000" lon="-4.541117">
        <ele>24</ele>
      </trkpt>
      <trkpt lat="36.722908" lon="-4.541142">
        <ele>24</ele>
      </trkpt>
      <trkpt lat="36.722847" lon="-4.541158">
        <ele>24</ele>
      </trkpt>
      <trkpt lat="36.722830" lon="-4.541026">
        <ele>24</ele>
      </trkpt>
      <trkpt lat="36.722778" lon="-4.540642">
        <ele>24</ele>
      </trkpt>
      <trkpt lat="36.722731" lon="-4.540297">
        <ele>24</ele>
      </trkpt>
      <trkpt lat="36.722676" lon="-4.539896">
        <ele>24</ele>
      </trkpt>
      <trkpt lat="36.722667" lon="-4.539755">
        <ele>24</ele>
      </trkpt>
      <trkpt lat="36.722659" lon="-4.539675">
        <ele>24</ele>
      </trkpt>
      <trkpt lat="36.722641" lon="-4.539484">
        <ele>24</ele>
      </trkpt>
      <trkpt lat="36.722900" lon="-4.539441">
        <ele>24</ele>
      </trkpt>
      <trkpt lat="36.722967" lon="-4.539430">
        <ele>24</ele>
      </trkpt>
      <trkpt lat="36.722942" lon="-4.539187">
        <ele>24</ele>
      </trkpt>
      <trkpt lat="36.722921" lon="-4.538974">
        <ele>24.3</ele>
      </trkpt>
      <trkpt lat="36.722917" lon="-4.538938">
        <ele>24.4</ele>
      </trkpt>
      <trkpt lat="36.722883" lon="-4.538601">
        <ele>24</ele>
      </trkpt>
      <trkpt lat="36.722853" lon="-4.538598">
        <ele>24</ele>
      </trkpt>
      <trkpt lat="36.722825" lon="-4.538582">
        <ele>24</ele>
      </trkpt>
      <trkpt lat="36.722804" lon="-4.538554">
        <ele>24</ele>
      </trkpt>
      <trkpt lat="36.722793" lon="-4.538519">
        <ele>24</ele>
      </trkpt>
      <trkpt lat="36.722792" lon="-4.538486">
        <ele>24</ele>
      </trkpt>
      <trkpt lat="36.722801" lon="-4.538454">
        <ele>24</ele>
      </trkpt>
      <trkpt lat="36.722816" lon="-4.538427">
        <ele>24</ele>
      </trkpt>
      <trkpt lat="36.722838" lon="-4.538408">
        <ele>24</ele>
      </trkpt>
      <trkpt lat="36.722864" lon="-4.538399">
        <ele>24</ele>
      </trkpt>
      <trkpt lat="36.722860" lon="-4.538354">
        <ele>24</ele>
      </trkpt>
      <trkpt lat="36.722783" lon="-4.537627">
        <ele>24</ele>
      </trkpt>
      <trkpt lat="36.722776" lon="-4.537563">
        <ele>24</ele>
      </trkpt>
      <trkpt lat="36.722784" lon="-4.537477">
        <ele>24.2</ele>
      </trkpt>
      <trkpt lat="36.722822" lon="-4.537412">
        <ele>24.9</ele>
      </trkpt>
      <trkpt lat="36.722556" lon="-4.537047">
        <ele>24.6</ele>
      </trkpt>
      <trkpt lat="36.721939" lon="-4.536304">
        <ele>26</ele>
      </trkpt>
      <trkpt lat="36.721902" lon="-4.536257">
        <ele>25.8</ele>
      </trkpt>
      <trkpt lat="36.721767" lon="-4.536112">
        <ele>25.4</ele>
      </trkpt>
      <trkpt lat="36.721746" lon="-4.536090">
        <ele>25.1</ele>
      </trkpt>
      <trkpt lat="36.721067" lon="-4.535381">
        <ele>24.3</ele>
      </trkpt>
      <trkpt lat="36.720923" lon="-4.535218">
        <ele>25.5</ele>
      </trkpt>
      <trkpt lat="36.720743" lon="-4.535013">
        <ele>25.6</ele>
      </trkpt>
      <trkpt lat="36.720693" lon="-4.534962">
        <ele>25.6</ele>
      </trkpt>
      <trkpt lat="36.719789" lon="-4.534004">
        <ele>24.2</ele>
      </trkpt>
      <trkpt lat="36.719852" lon="-4.533922">
        <ele>24.5</ele>
      </trkpt>
      <trkpt lat="36.719917" lon="-4.533839">
        <ele>24.8</ele>
      </trkpt>
      <trkpt lat="36.720046" lon="-4.533680">
        <ele>25.4</ele>
      </trkpt>
      <trkpt lat="36.719845" lon="-4.533425">
        <ele>25.3</ele>
      </trkpt>
      <trkpt lat="36.719760" lon="-4.533317">
        <ele>25.3</ele>
      </trkpt>
      <trkpt lat="36.719741" lon="-4.533293">
        <ele>25.5</ele>
      </trkpt>
      <trkpt lat="36.719806" lon="-4.533200">
        <ele>26.7</ele>
      </trkpt>
      <trkpt lat="36.720158" lon="-4.532697">
        <ele>30.2</ele>
      </trkpt>
      <trkpt lat="36.720051" lon="-4.532568">
        <ele>30.7</ele>
      </trkpt>
      <trkpt lat="36.719891" lon="-4.532382">
        <ele>31.1</ele>
      </trkpt>
      <trkpt lat="36.719825" lon="-4.532260">
        <ele>31.9</ele>
      </trkpt>
      <trkpt lat="36.719797" lon="-4.532163">
        <ele>32.3</ele>
      </trkpt>
      <trkpt lat="36.719770" lon="-4.532002">
        <ele>32.6</ele>
      </trkpt>
      <trkpt lat="36.719708" lon="-4.531597">
        <ele>32.5</ele>
      </trkpt>
      <trkpt lat="36.719529" lon="-4.531066">
        <ele>32.3</ele>
      </trkpt>
      <trkpt lat="36.719403" lon="-4.530956">
        <ele>31.8</ele>
      </trkpt>
      <trkpt lat="36.719355" lon="-4.530918">
        <ele>31.6</ele>
      </trkpt>
      <trkpt lat="36.719327" lon="-4.530920">
        <ele>31.4</ele>
      </trkpt>
      <trkpt lat="36.719297" lon="-4.530912">
        <ele>31.3</ele>
      </trkpt>
      <trkpt lat="36.719269" lon="-4.530892">
        <ele>31.2</ele>
      </trkpt>
      <trkpt lat="36.719248" lon="-4.530863">
        <ele>31.2</ele>
      </trkpt>
      <trkpt lat="36.719235" lon="-4.530828">
        <ele>31.2</ele>
      </trkpt>
      <trkpt lat="36.719232" lon="-4.530789">
        <ele>31.2</ele>
      </trkpt>
      <trkpt lat="36.719238" lon="-4.530750">
        <ele>31.3</ele>
      </trkpt>
      <trkpt lat="36.719248" lon="-4.530726">
        <ele>31.3</ele>
      </trkpt>
      <trkpt lat="36.719273" lon="-4.530692">
        <ele>31.4</ele>
      </trkpt>
      <trkpt lat="36.719274" lon="-4.530631">
        <ele>31.4</ele>
      </trkpt>
      <trkpt lat="36.719316" lon="-4.530413">
        <ele>32.1</ele>
      </trkpt>
      <trkpt lat="36.719316" lon="-4.530145">
        <ele>32.8</ele>
      </trkpt>
      <trkpt lat="36.719079" lon="-4.529258">
        <ele>33.4</ele>
      </trkpt>
      <trkpt lat="36.719066" lon="-4.529208">
        <ele>33.5</ele>
      </trkpt>
      <trkpt lat="36.718935" lon="-4.528563">
        <ele>35.5</ele>
      </trkpt>
      <trkpt lat="36.718886" lon="-4.528220">
        <ele>35</ele>
      </trkpt>
      <trkpt lat="36.718882" lon="-4.528196">
        <ele>35</ele>
      </trkpt>
      <trkpt lat="36.718856" lon="-4.528012">
        <ele>35.3</ele>
      </trkpt>
      <trkpt lat="36.718824" lon="-4.527791">
        <ele>36.5</ele>
      </trkpt>
      <trkpt lat="36.718829" lon="-4.526567">
        <ele>35.4</ele>
      </trkpt>
      <trkpt lat="36.718844" lon="-4.526247">
        <ele>36.1</ele>
      </trkpt>
      <trkpt lat="36.718886" lon="-4.525367">
        <ele>37.7</ele>
      </trkpt>
      <trkpt lat="36.718897" lon="-4.525064">
        <ele>38</ele>
      </trkpt>
      <trkpt lat="36.718908" lon="-4.524773">
        <ele>38.9</ele>
      </trkpt>
      <trkpt lat="36.718907" lon="-4.524723">
        <ele>39.1</ele>
      </trkpt>
      <trkpt lat="36.718909" lon="-4.524641">
        <ele>39.4</ele>
      </trkpt>
      <trkpt lat="36.718882" lon="-4.524006">
        <ele>40.6</ele>
      </trkpt>
      <trkpt lat="36.718824" lon="-4.523544">
        <ele>40.9</ele>
      </trkpt>
      <trkpt lat="36.718719" lon="-4.522810">
        <ele>39.5</ele>
      </trkpt>
      <trkpt lat="36.718761" lon="-4.522339">
        <ele>38.7</ele>
      </trkpt>
      <trkpt lat="36.719579" lon="-4.518902">
        <ele>43</ele>
      </trkpt>
      <trkpt lat="36.719689" lon="-4.518438">
        <ele>42.5</ele>
      </trkpt>
      <trkpt lat="36.719715" lon="-4.518315">
        <ele>43</ele>
      </trkpt>
      <trkpt lat="36.719741" lon="-4.518067">
        <ele>43.3</ele>
      </trkpt>
      <trkpt lat="36.719719" lon="-4.517806">
        <ele>43</ele>
      </trkpt>
      <trkpt lat="36.719641" lon="-4.517321">
        <ele>44.6</ele>
      </trkpt>
      <trkpt lat="36.719622" lon="-4.517070">
        <ele>45.3</ele>
      </trkpt>
      <trkpt lat="36.719643" lon="-4.516822">
        <ele>45.9</ele>
      </trkpt>
      <trkpt lat="36.719730" lon="-4.516457">
        <ele>47.1</ele>
      </trkpt>
      <trkpt lat="36.719760" lon="-4.516249">
        <ele>47.7</ele>
      </trkpt>
      <trkpt lat="36.719739" lon="-4.516028">
        <ele>47.3</ele>
      </trkpt>
      <trkpt lat="36.719688" lon="-4.515670">
        <ele>46</ele>
      </trkpt>
      <trkpt lat="36.719673" lon="-4.515561">
        <ele>45.5</ele>
      </trkpt>
      <trkpt lat="36.719656" lon="-4.515426">
        <ele>44.9</ele>
      </trkpt>
      <trkpt lat="36.719622" lon="-4.515348">
        <ele>44.4</ele>
      </trkpt>
      <trkpt lat="36.719600" lon="-4.515272">
        <ele>44.1</ele>
      </trkpt>
      <trkpt lat="36.719552" lon="-4.515205">
        <ele>43.8</ele>
      </trkpt>
      <trkpt lat="36.719501" lon="-4.515184">
        <ele>43.6</ele>
      </trkpt>
      <trkpt lat="36.719453" lon="-4.515187">
        <ele>43.4</ele>
      </trkpt>
      <trkpt lat="36.719351" lon="-4.515201">
        <ele>42.8</ele>
      </trkpt>
      <trkpt lat="36.719281" lon="-4.515267">
        <ele>42.4</ele>
      </trkpt>
      <trkpt lat="36.719237" lon="-4.515306">
        <ele>42.3</ele>
      </trkpt>
      <trkpt lat="36.719171" lon="-4.515329">
        <ele>42</ele>
      </trkpt>
      <trkpt lat="36.719098" lon="-4.515333">
        <ele>41.8</ele>
      </trkpt>
      <trkpt lat="36.718958" lon="-4.515318">
        <ele>41.2</ele>
      </trkpt>
      <trkpt lat="36.718851" lon="-4.515246">
        <ele>41.3</ele>
      </trkpt>
      <trkpt lat="36.718778" lon="-4.515167">
        <ele>41.6</ele>
      </trkpt>
      <trkpt lat="36.718723" lon="-4.515055">
        <ele>41.7</ele>
      </trkpt>
      <trkpt lat="36.718699" lon="-4.514933">
        <ele>41.7</ele>
      </trkpt>
      <trkpt lat="36.718701" lon="-4.514802">
        <ele>41.7</ele>
      </trkpt>
      <trkpt lat="36.718725" lon="-4.514697">
        <ele>41.6</ele>
      </trkpt>
      <trkpt lat="36.718779" lon="-4.514588">
        <ele>41.7</ele>
      </trkpt>
      <trkpt lat="36.718825" lon="-4.514526">
        <ele>41.8</ele>
      </trkpt>
      <trkpt lat="36.718979" lon="-4.514357">
        <ele>41.1</ele>
      </trkpt>
      <trkpt lat="36.719005" lon="-4.514237">
        <ele>40.4</ele>
      </trkpt>
      <trkpt lat="36.719021" lon="-4.514105">
        <ele>40.1</ele>
      </trkpt>
      <trkpt lat="36.719012" lon="-4.513839">
        <ele>40.7</ele>
      </trkpt>
      <trkpt lat="36.719003" lon="-4.513469">
        <ele>39.6</ele>
      </trkpt>
      <trkpt lat="36.718996" lon="-4.513186">
        <ele>36.6</ele>
      </trkpt>
      <trkpt lat="36.718969" lon="-4.513069">
        <ele>35.4</ele>
      </trkpt>
      <trkpt lat="36.718914" lon="-4.512965">
        <ele>34.8</ele>
      </trkpt>
      <trkpt lat="36.718872" lon="-4.512930">
        <ele>34.5</ele>
      </trkpt>
      <trkpt lat="36.718803" lon="-4.512831">
        <ele>33.8</ele>
      </trkpt>
      <trkpt lat="36.718775" lon="-4.512750">
        <ele>33.6</ele>
      </trkpt>
      <trkpt lat="36.718763" lon="-4.512647">
        <ele>33.8</ele>
      </trkpt>
      <trkpt lat="36.718790" lon="-4.512497">
        <ele>34.3</ele>
      </trkpt>
      <trkpt lat="36.718822" lon="-4.512430">
        <ele>34.5</ele>
      </trkpt>
      <trkpt lat="36.718885" lon="-4.512354">
        <ele>35</ele>
      </trkpt>
      <trkpt lat="36.718950" lon="-4.512233">
        <ele>35.2</ele>
      </trkpt>
      <trkpt lat="36.718983" lon="-4.512130">
        <ele>34.6</ele>
      </trkpt>
      <trkpt lat="36.718999" lon="-4.511952">
        <ele>33.1</ele>
      </trkpt>
      <trkpt lat="36.719014" lon="-4.509764">
        <ele>31</ele>
      </trkpt>
      <trkpt lat="36.719006" lon="-4.509349">
        <ele>35.6</ele>
      </trkpt>
      <trkpt lat="36.719047" lon="-4.508859">
        <ele>37.7</ele>
      </trkpt>
      <trkpt lat="36.719014" lon="-4.508844">
        <ele>37.8</ele>
      </trkpt>
      <trkpt lat="36.718987" lon="-4.508831">
        <ele>37.8</ele>
      </trkpt>
      <trkpt lat="36.719013" lon="-4.508282">
        <ele>37.8</ele>
      </trkpt>
      <trkpt lat="36.719023" lon="-4.508156">
        <ele>38.5</ele>
      </trkpt>
      <trkpt lat="36.719037" lon="-4.507975">
        <ele>39.4</ele>
      </trkpt>
      <trkpt lat="36.719092" lon="-4.507464">
        <ele>40.9</ele>
      </trkpt>
      <trkpt lat="36.719142" lon="-4.507093">
        <ele>41.6</ele>
      </trkpt>
      <trkpt lat="36.719161" lon="-4.506969">
        <ele>41.9</ele>
      </trkpt>
      <trkpt lat="36.719173" lon="-4.506893">
        <ele>42</ele>
      </trkpt>
      <trkpt lat="36.719173" lon="-4.506860">
        <ele>42</ele>
      </trkpt>
      <trkpt lat="36.719168" lon="-4.506829">
        <ele>42</ele>
      </trkpt>
      <trkpt lat="36.719154" lon="-4.506784">
        <ele>42</ele>
      </trkpt>
      <trkpt lat="36.719135" lon="-4.506751">
        <ele>42</ele>
      </trkpt>
      <trkpt lat="36.719113" lon="-4.506725">
        <ele>42</ele>
      </trkpt>
      <trkpt lat="36.719069" lon="-4.506666">
        <ele>42</ele>
      </trkpt>
      <trkpt lat="36.719033" lon="-4.506592">
        <ele>42.1</ele>
      </trkpt>
      <trkpt lat="36.719014" lon="-4.506555">
        <ele>42.2</ele>
      </trkpt>
      <trkpt lat="36.718985" lon="-4.506523">
        <ele>42.2</ele>
      </trkpt>
      <trkpt lat="36.718953" lon="-4.506498">
        <ele>42.1</ele>
      </trkpt>
      <trkpt lat="36.718919" lon="-4.506488">
        <ele>42.1</ele>
      </trkpt>
      <trkpt lat="36.718920" lon="-4.506458">
        <ele>42.1</ele>
      </trkpt>
      <trkpt lat="36.718920" lon="-4.506394">
        <ele>42.1</ele>
      </trkpt>
      <trkpt lat="36.718922" lon="-4.506316">
        <ele>42.1</ele>
      </trkpt>
      <trkpt lat="36.718923" lon="-4.506287">
        <ele>42.1</ele>
      </trkpt>
      <trkpt lat="36.718943" lon="-4.506283">
        <ele>42.2</ele>
      </trkpt>
      <trkpt lat="36.718972" lon="-4.506270">
        <ele>42.3</ele>
      </trkpt>
      <trkpt lat="36.718989" lon="-4.506244">
        <ele>42.4</ele>
      </trkpt>
      <trkpt lat="36.719003" lon="-4.506219">
        <ele>42.4</ele>
      </trkpt>
      <trkpt lat="36.719013" lon="-4.506185">
        <ele>42.4</ele>
      </trkpt>
      <trkpt lat="36.719024" lon="-4.506093">
        <ele>42.5</ele>
      </trkpt>
      <trkpt lat="36.719112" lon="-4.505370">
        <ele>41.3</ele>
      </trkpt>
      <trkpt lat="36.719123" lon="-4.505281">
        <ele>41</ele>
      </trkpt>
      <trkpt lat="36.719151" lon="-4.505284">
        <ele>41</ele>
      </trkpt>
      <trkpt lat="36.719176" lon="-4.505287">
        <ele>41</ele>
      </trkpt>
      <trkpt lat="36.719119" lon="-4.505806">
        <ele>42.7</ele>
      </trkpt>
      <trkpt lat="36.719206" lon="-4.505655">
        <ele>42.4</ele>
      </trkpt>
      <trkpt lat="36.719247" lon="-4.505622">
        <ele>42.2</ele>
      </trkpt>
      <trkpt lat="36.719288" lon="-4.505590">
        <ele>42.1</ele>
      </trkpt>
      <trkpt lat="36.719354" lon="-4.505516">
        <ele>41.9</ele>
      </trkpt>
      <trkpt lat="36.719388" lon="-4.505458">
        <ele>41.6</ele>
      </trkpt>
      <trkpt lat="36.719413" lon="-4.505386">
        <ele>41.4</ele>
      </trkpt>
      <trkpt lat="36.719427" lon="-4.505344">
        <ele>41.2</ele>
      </trkpt>
      <trkpt lat="36.719428" lon="-4.505335">
        <ele>41.2</ele>
      </trkpt>
      <trkpt lat="36.719469" lon="-4.504809">
        <ele>39.8</ele>
      </trkpt>
      <trkpt lat="36.719519" lon="-4.504328">
        <ele>38.6</ele>
      </trkpt>
      <trkpt lat="36.719658" lon="-4.503300">
        <ele>37.8</ele>
      </trkpt>
      <trkpt lat="36.719703" lon="-4.503340">
        <ele>37.9</ele>
      </trkpt>
      <trkpt lat="36.719829" lon="-4.503436">
        <ele>37</ele>
      </trkpt>
      <trkpt lat="36.719904" lon="-4.503467">
        <ele>36.5</ele>
      </trkpt>
      <trkpt lat="36.720046" lon="-4.503493">
        <ele>36</ele>
      </trkpt>
      <trkpt lat="36.720159" lon="-4.503475">
        <ele>36</ele>
      </trkpt>
      <trkpt lat="36.720202" lon="-4.503456">
        <ele>36</ele>
      </trkpt>
      <trkpt lat="36.720268" lon="-4.503422">
        <ele>36</ele>
      </trkpt>
      <trkpt lat="36.720549" lon="-4.503161">
        <ele>37</ele>
      </trkpt>
      <trkpt lat="36.720726" lon="-4.503009">
        <ele>37.1</ele>
      </trkpt>
      <trkpt lat="36.720375" lon="-4.502383">
        <ele>37.3</ele>
      </trkpt>
      <trkpt lat="36.720220" lon="-4.502113">
        <ele>37.4</ele>
      </trkpt>
      <trkpt lat="36.720196" lon="-4.501978">
        <ele>37.9</ele>
      </trkpt>
      <trkpt lat="36.720219" lon="-4.501803">
        <ele>38</ele>
      </trkpt>
      <trkpt lat="36.720275" lon="-4.501586">
        <ele>38.3</ele>
      </trkpt>
      <trkpt lat="36.720366" lon="-4.501383">
        <ele>40</ele>
      </trkpt>
      <trkpt lat="36.720316" lon="-4.501263">
        <ele>40.2</ele>
      </trkpt>
      <trkpt lat="36.720263" lon="-4.501098">
        <ele>41.1</ele>
      </trkpt>
      <trkpt lat="36.720163" lon="-4.500752">
        <ele>41.9</ele>
      </trkpt>
      <trkpt lat="36.720143" lon="-4.500452">
        <ele>42.8</ele>
      </trkpt>
      <trkpt lat="36.720147" lon="-4.500194">
        <ele>43.9</ele>
      </trkpt>
      <trkpt lat="36.720118" lon="-4.499977">
        <ele>45.2</ele>
      </trkpt>
      <trkpt lat="36.720044" lon="-4.499758">
        <ele>46.6</ele>
      </trkpt>
      <trkpt lat="36.720313" lon="-4.497615">
        <ele>53.3</ele>
      </trkpt>
      <trkpt lat="36.720410" lon="-4.497121">
        <ele>55.6</ele>
      </trkpt>
      <trkpt lat="36.720488" lon="-4.496543">
        <ele>57.9</ele>
      </trkpt>
      <trkpt lat="36.720594" lon="-4.495845">
        <ele>59.1</ele>
      </trkpt>
      <trkpt lat="36.720556" lon="-4.495775">
        <ele>59</ele>
      </trkpt>
      <trkpt lat="36.720372" lon="-4.495743">
        <ele>58.3</ele>
      </trkpt>
      <trkpt lat="36.720422" lon="-4.495351">
        <ele>58.1</ele>
      </trkpt>
      <trkpt lat="36.720432" lon="-4.495261">
        <ele>58.2</ele>
      </trkpt>
      <trkpt lat="36.719415" lon="-4.495067">
        <ele>57.7</ele>
      </trkpt>
      <trkpt lat="36.719383" lon="-4.495060">
        <ele>57.6</ele>
      </trkpt>
      <trkpt lat="36.719377" lon="-4.495041">
        <ele>57.6</ele>
      </trkpt>
      <trkpt lat="36.719365" lon="-4.495003">
        <ele>57.7</ele>
      </trkpt>
      <trkpt lat="36.719234" lon="-4.494970">
        <ele>57.6</ele>
      </trkpt>
      <trkpt lat="36.719183" lon="-4.494963">
        <ele>57.5</ele>
      </trkpt>
      <trkpt lat="36.719144" lon="-4.494943">
        <ele>57.6</ele>
      </trkpt>
      <trkpt lat="36.719109" lon="-4.494926">
        <ele>57.6</ele>
      </trkpt>
      <trkpt lat="36.719076" lon="-4.494919">
        <ele>57.6</ele>
      </trkpt>
      <trkpt lat="36.719027" lon="-4.494914">
        <ele>57.5</ele>
      </trkpt>
      <trkpt lat="36.719011" lon="-4.494903">
        <ele>57.5</ele>
      </trkpt>
      <trkpt lat="36.718998" lon="-4.494831">
        <ele>57.7</ele>
      </trkpt>
      <trkpt lat="36.718985" lon="-4.494777">
        <ele>57.8</ele>
      </trkpt>
      <trkpt lat="36.718964" lon="-4.494768">
        <ele>57.7</ele>
      </trkpt>
      <trkpt lat="36.718902" lon="-4.494782">
        <ele>57.1</ele>
      </trkpt>
      <trkpt lat="36.718878" lon="-4.494787">
        <ele>57</ele>
      </trkpt>
      <trkpt lat="36.718834" lon="-4.494796">
        <ele>56.9</ele>
      </trkpt>
      <trkpt lat="36.718800" lon="-4.494805">
        <ele>56.8</ele>
      </trkpt>
      <trkpt lat="36.718740" lon="-4.494818">
        <ele>56.6</ele>
      </trkpt>
      <trkpt lat="36.718722" lon="-4.494811">
        <ele>56.6</ele>
      </trkpt>
      <trkpt lat="36.718705" lon="-4.494802">
        <ele>56.5</ele>
      </trkpt>
      <trkpt lat="36.718680" lon="-4.494797">
        <ele>56.5</ele>
      </trkpt>
      <trkpt lat="36.718538" lon="-4.494822">
        <ele>56.3</ele>
      </trkpt>
      <trkpt lat="36.718506" lon="-4.494823">
        <ele>56.2</ele>
      </trkpt>
      <trkpt lat="36.718409" lon="-4.494813">
        <ele>56.1</ele>
      </trkpt>
      <trkpt lat="36.718419" lon="-4.494673">
        <ele>56</ele>
      </trkpt>
      <trkpt lat="36.718406" lon="-4.494516">
        <ele>56</ele>
      </trkpt>
      <trkpt lat="36.718390" lon="-4.494342">
        <ele>56</ele>
      </trkpt>
      <trkpt lat="36.717881" lon="-4.490712">
        <ele>54.2</ele>
      </trkpt>
      <trkpt lat="36.717848" lon="-4.490476">
        <ele>54</ele>
      </trkpt>
      <trkpt lat="36.717806" lon="-4.490317">
        <ele>54</ele>
      </trkpt>
      <trkpt lat="36.717682" lon="-4.490210">
        <ele>53.5</ele>
      </trkpt>
      <trkpt lat="36.717702" lon="-4.490142">
        <ele>53.4</ele>
      </trkpt>
      <trkpt lat="36.717673" lon="-4.489925">
        <ele>52.9</ele>
      </trkpt>
      <trkpt lat="36.717657" lon="-4.489817">
        <ele>52.7</ele>
      </trkpt>
      <trkpt lat="36.717640" lon="-4.489717">
        <ele>52.5</ele>
      </trkpt>
      <trkpt lat="36.717640" lon="-4.489688">
        <ele>52.6</ele>
      </trkpt>
      <trkpt lat="36.717647" lon="-4.489645">
        <ele>52.7</ele>
      </trkpt>
      <trkpt lat="36.717669" lon="-4.489593">
        <ele>52.8</ele>
      </trkpt>
      <trkpt lat="36.717670" lon="-4.489558">
        <ele>52.8</ele>
      </trkpt>
      <trkpt lat="36.717651" lon="-4.489420">
        <ele>52.9</ele>
      </trkpt>
      <trkpt lat="36.717661" lon="-4.489386">
        <ele>52.8</ele>
      </trkpt>
      <trkpt lat="36.717661" lon="-4.489365">
        <ele>52.7</ele>
      </trkpt>
      <trkpt lat="36.717627" lon="-4.489128">
        <ele>52</ele>
      </trkpt>
      <trkpt lat="36.717611" lon="-4.489009">
        <ele>51.9</ele>
      </trkpt>
      <trkpt lat="36.717448" lon="-4.487849">
        <ele>50.3</ele>
      </trkpt>
      <trkpt lat="36.717303" lon="-4.486842">
        <ele>51.2</ele>
      </trkpt>
      <trkpt lat="36.717235" lon="-4.486341">
        <ele>48.6</ele>
      </trkpt>
      <trkpt lat="36.717189" lon="-4.485959">
        <ele>45.5</ele>
      </trkpt>
      <trkpt lat="36.717152" lon="-4.485728">
        <ele>46.5</ele>
      </trkpt>
      <trkpt lat="36.717129" lon="-4.485601">
        <ele>47.7</ele>
      </trkpt>
      <trkpt lat="36.716993" lon="-4.484654">
        <ele>49.4</ele>
      </trkpt>
      <trkpt lat="36.716868" lon="-4.483769">
        <ele>48.2</ele>
      </trkpt>
      <trkpt lat="36.716845" lon="-4.483730">
        <ele>47.7</ele>
      </trkpt>
      <trkpt lat="36.716786" lon="-4.483328">
        <ele>46.7</ele>
      </trkpt>
      <trkpt lat="36.716776" lon="-4.483302">
        <ele>46.7</ele>
      </trkpt>
      <trkpt lat="36.716743" lon="-4.483289">
        <ele>46.3</ele>
      </trkpt>
      <trkpt lat="36.716733" lon="-4.483274">
        <ele>46.3</ele>
      </trkpt>
      <trkpt lat="36.716732" lon="-4.483264">
        <ele>46.3</ele>
      </trkpt>
      <trkpt lat="36.716729" lon="-4.483224">
        <ele>46.5</ele>
      </trkpt>
      <trkpt lat="36.716727" lon="-4.482853">
        <ele>48</ele>
      </trkpt>
      <trkpt lat="36.716724" lon="-4.482762">
        <ele>48.1</ele>
      </trkpt>
      <trkpt lat="36.716692" lon="-4.482594">
        <ele>47.4</ele>
      </trkpt>
      <trkpt lat="36.716713" lon="-4.482552">
        <ele>47.4</ele>
      </trkpt>
      <trkpt lat="36.716756" lon="-4.482512">
        <ele>47.4</ele>
      </trkpt>
      <trkpt lat="36.716776" lon="-4.482489">
        <ele>47.4</ele>
      </trkpt>
      <trkpt lat="36.716782" lon="-4.482481">
        <ele>47.4</ele>
      </trkpt>
      <trkpt lat="36.716778" lon="-4.482457">
        <ele>47.3</ele>
      </trkpt>
      <trkpt lat="36.716741" lon="-4.482393">
        <ele>47.2</ele>
      </trkpt>
      <trkpt lat="36.716733" lon="-4.482364">
        <ele>47.1</ele>
      </trkpt>
      <trkpt lat="36.716711" lon="-4.482242">
        <ele>47</ele>
      </trkpt>
      <trkpt lat="36.716688" lon="-4.482149">
        <ele>46.8</ele>
      </trkpt>
      <trkpt lat="36.716655" lon="-4.482042">
        <ele>46.3</ele>
      </trkpt>
      <trkpt lat="36.716633" lon="-4.481974">
        <ele>46</ele>
      </trkpt>
      <trkpt lat="36.716596" lon="-4.481814">
        <ele>45.7</ele>
      </trkpt>
      <trkpt lat="36.716555" lon="-4.481522">
        <ele>45.6</ele>
      </trkpt>
      <trkpt lat="36.716540" lon="-4.481405">
        <ele>45.5</ele>
      </trkpt>
      <trkpt lat="36.716556" lon="-4.481299">
        <ele>45.5</ele>
      </trkpt>
      <trkpt lat="36.716518" lon="-4.481038">
        <ele>44.9</ele>
      </trkpt>
      <trkpt lat="36.716468" lon="-4.480907">
        <ele>44.6</ele>
      </trkpt>
      <trkpt lat="36.716383" lon="-4.480304">
        <ele>44</ele>
      </trkpt>
      <trkpt lat="36.716361" lon="-4.480173">
        <ele>44.2</ele>
      </trkpt>
      <trkpt lat="36.716328" lon="-4.479975">
        <ele>44.6</ele>
      </trkpt>
      <trkpt lat="36.716286" lon="-4.479687">
        <ele>44.6</ele>
      </trkpt>
      <trkpt lat="36.716178" lon="-4.478892">
        <ele>44</ele>
      </trkpt>
      <trkpt lat="36.716096" lon="-4.478308">
        <ele>43.9</ele>
      </trkpt>
      <trkpt lat="36.715965" lon="-4.477290">
        <ele>42.3</ele>
      </trkpt>
      <trkpt lat="36.715934" lon="-4.477068">
        <ele>42.1</ele>
      </trkpt>
      <trkpt lat="36.715919" lon="-4.476891">
        <ele>42.1</ele>
      </trkpt>
      <trkpt lat="36.715913" lon="-4.476696">
        <ele>42.1</ele>
      </trkpt>
      <trkpt lat="36.715919" lon="-4.476489">
        <ele>41.9</ele>
      </trkpt>
      <trkpt lat="36.715926" lon="-4.476398">
        <ele>41.7</ele>
      </trkpt>
      <trkpt lat="36.715931" lon="-4.476334">
        <ele>41.4</ele>
      </trkpt>
      <trkpt lat="36.715975" lon="-4.475984">
        <ele>40.7</ele>
      </trkpt>
      <trkpt lat="36.715984" lon="-4.475938">
        <ele>40.8</ele>
      </trkpt>
      <trkpt lat="36.715994" lon="-4.475908">
        <ele>41</ele>
      </trkpt>
      <trkpt lat="36.716010" lon="-4.475881">
        <ele>41</ele>
      </trkpt>
      <trkpt lat="36.716020" lon="-4.475857">
        <ele>41.2</ele>
      </trkpt>
      <trkpt lat="36.716060" lon="-4.475523">
        <ele>41.7</ele>
      </trkpt>
      <trkpt lat="36.716056" lon="-4.475506">
        <ele>41.6</ele>
      </trkpt>
      <trkpt lat="36.716047" lon="-4.475497">
        <ele>41.6</ele>
      </trkpt>
      <trkpt lat="36.716029" lon="-4.475493">
        <ele>41.5</ele>
      </trkpt>
      <trkpt lat="36.715971" lon="-4.475481">
        <ele>41.2</ele>
      </trkpt>
      <trkpt lat="36.715916" lon="-4.475472">
        <ele>41</ele>
      </trkpt>
      <trkpt lat="36.715893" lon="-4.475453">
        <ele>40.8</ele>
      </trkpt>
      <trkpt lat="36.715896" lon="-4.475372">
        <ele>40.6</ele>
      </trkpt>
      <trkpt lat="36.715919" lon="-4.475287">
        <ele>40.3</ele>
      </trkpt>
      <trkpt lat="36.715889" lon="-4.475157">
        <ele>40.5</ele>
      </trkpt>
      <trkpt lat="36.715739" lon="-4.474946">
        <ele>40.7</ele>
      </trkpt>
      <trkpt lat="36.715736" lon="-4.474933">
        <ele>40.6</ele>
      </trkpt>
      <trkpt lat="36.715745" lon="-4.474924">
        <ele>40.7</ele>
      </trkpt>
      <trkpt lat="36.715778" lon="-4.474889">
        <ele>40.8</ele>
      </trkpt>
      <trkpt lat="36.715804" lon="-4.474853">
        <ele>40.9</ele>
      </trkpt>
      <trkpt lat="36.715853" lon="-4.474798">
        <ele>41</ele>
      </trkpt>
      <trkpt lat="36.715860" lon="-4.474790">
        <ele>41</ele>
      </trkpt>
      <trkpt lat="36.715990" lon="-4.474651">
        <ele>41.1</ele>
      </trkpt>
      <trkpt lat="36.716001" lon="-4.474634">
        <ele>41.2</ele>
      </trkpt>
      <trkpt lat="36.716163" lon="-4.473477">
        <ele>43.1</ele>
      </trkpt>
      <trkpt lat="36.716212" lon="-4.473128">
        <ele>44</ele>
      </trkpt>
      <trkpt lat="36.716268" lon="-4.472725">
        <ele>44.4</ele>
      </trkpt>
      <trkpt lat="36.716293" lon="-4.472541">
        <ele>44.3</ele>
      </trkpt>
      <trkpt lat="36.716324" lon="-4.472308">
        <ele>44.1</ele>
      </trkpt>
      <trkpt lat="36.716327" lon="-4.472292">
        <ele>44.1</ele>
      </trkpt>
      <trkpt lat="36.716379" lon="-4.471930">
        <ele>45</ele>
      </trkpt>
      <trkpt lat="36.716408" lon="-4.471713">
        <ele>45</ele>
      </trkpt>
      <trkpt lat="36.716542" lon="-4.470762">
        <ele>46.8</ele>
      </trkpt>
      <trkpt lat="36.716645" lon="-4.470001">
        <ele>47.2</ele>
      </trkpt>
      <trkpt lat="36.716662" lon="-4.469870">
        <ele>47</ele>
      </trkpt>
      <trkpt lat="36.716672" lon="-4.469796">
        <ele>47</ele>
      </trkpt>
      <trkpt lat="36.716674" lon="-4.469766">
        <ele>47</ele>
      </trkpt>
      <trkpt lat="36.716682" lon="-4.469755">
        <ele>47</ele>
      </trkpt>
      <trkpt lat="36.716688" lon="-4.469740">
        <ele>47</ele>
      </trkpt>
      <trkpt lat="36.716774" lon="-4.469137">
        <ele>48.2</ele>
      </trkpt>
      <trkpt lat="36.716783" lon="-4.469071">
        <ele>48.2</ele>
      </trkpt>
      <trkpt lat="36.716891" lon="-4.468309">
        <ele>48.2</ele>
      </trkpt>
      <trkpt lat="36.716930" lon="-4.468015">
        <ele>47.9</ele>
      </trkpt>
      <trkpt lat="36.716954" lon="-4.468019">
        <ele>47.9</ele>
      </trkpt>
      <trkpt lat="36.717007" lon="-4.468029">
        <ele>47.9</ele>
      </trkpt>
      <trkpt lat="36.717074" lon="-4.468042">
        <ele>48</ele>
      </trkpt>
      <trkpt lat="36.717151" lon="-4.468058">
        <ele>48</ele>
      </trkpt>
      <trkpt lat="36.717173" lon="-4.468066">
        <ele>48</ele>
      </trkpt>
      <trkpt lat="36.717198" lon="-4.468079">
        <ele>48</ele>
      </trkpt>
      <trkpt lat="36.717233" lon="-4.468106">
        <ele>48</ele>
      </trkpt>
      <trkpt lat="36.717267" lon="-4.468123">
        <ele>47.9</ele>
      </trkpt>
      <trkpt lat="36.717290" lon="-4.468134">
        <ele>47.8</ele>
      </trkpt>
      <trkpt lat="36.717344" lon="-4.468154">
        <ele>47.7</ele>
      </trkpt>
      <trkpt lat="36.717398" lon="-4.468166">
        <ele>47.6</ele>
      </trkpt>
      <trkpt lat="36.717423" lon="-4.468169">
        <ele>47.6</ele>
      </trkpt>
      <trkpt lat="36.717452" lon="-4.468170">
        <ele>47.5</ele>
      </trkpt>
      <trkpt lat="36.717604" lon="-4.468201">
        <ele>47.5</ele>
      </trkpt>
      <trkpt lat="36.717625" lon="-4.468210">
        <ele>47.6</ele>
      </trkpt>
      <trkpt lat="36.717638" lon="-4.468220">
        <ele>47.6</ele>
      </trkpt>
      <trkpt lat="36.717647" lon="-4.468227">
        <ele>47.6</ele>
      </trkpt>
      <trkpt lat="36.717662" lon="-4.468230">
        <ele>47.6</ele>
      </trkpt>
      <trkpt lat="36.717711" lon="-4.468240">
        <ele>47.7</ele>
      </trkpt>
      <trkpt lat="36.717791" lon="-4.468255">
        <ele>47.7</ele>
      </trkpt>
      <trkpt lat="36.717824" lon="-4.468260">
        <ele>47.8</ele>
      </trkpt>
      <trkpt lat="36.717829" lon="-4.468226">
        <ele>47.7</ele>
      </trkpt>
      <trkpt lat="36.717836" lon="-4.468202">
        <ele>47.6</ele>
      </trkpt>
      <trkpt lat="36.717846" lon="-4.468180">
        <ele>47.6</ele>
      </trkpt>
      <trkpt lat="36.717861" lon="-4.468167">
        <ele>47.6</ele>
      </trkpt>
      <trkpt lat="36.717938" lon="-4.468161">
        <ele>47.7</ele>
      </trkpt>
      <trkpt lat="36.717951" lon="-4.468150">
        <ele>47.8</ele>
      </trkpt>
      <trkpt lat="36.717948" lon="-4.468121">
        <ele>47.7</ele>
      </trkpt>
      <trkpt lat="36.717947" lon="-4.468044">
        <ele>47.6</ele>
      </trkpt>
      <trkpt lat="36.717954" lon="-4.467935">
        <ele>47.6</ele>
      </trkpt>
      <trkpt lat="36.717954" lon="-4.467872">
        <ele>47.6</ele>
      </trkpt>
      <trkpt lat="36.717980" lon="-4.467812">
        <ele>47.7</ele>
      </trkpt>
      <trkpt lat="36.717994" lon="-4.467758">
        <ele>47.8</ele>
      </trkpt>
      <trkpt lat="36.718007" lon="-4.467698">
        <ele>47.9</ele>
      </trkpt>
      <trkpt lat="36.718011" lon="-4.467659">
        <ele>47.9</ele>
      </trkpt>
      <trkpt lat="36.718012" lon="-4.467613">
        <ele>47.9</ele>
      </trkpt>
      <trkpt lat="36.718038" lon="-4.467531">
        <ele>48</ele>
      </trkpt>
      <trkpt lat="36.718063" lon="-4.467446">
        <ele>48</ele>
      </trkpt>
      <trkpt lat="36.718082" lon="-4.467401">
        <ele>48</ele>
      </trkpt>
      <trkpt lat="36.718046" lon="-4.467366">
        <ele>48</ele>
      </trkpt>
      <trkpt lat="36.718013" lon="-4.467334">
        <ele>47.9</ele>
      </trkpt>
      <trkpt lat="36.717988" lon="-4.467332">
        <ele>47.9</ele>
      </trkpt>
      <trkpt lat="36.717960" lon="-4.467307">
        <ele>47.8</ele>
      </trkpt>
      <trkpt lat="36.717934" lon="-4.467273">
        <ele>47.6</ele>
      </trkpt>
      <trkpt lat="36.717917" lon="-4.467235">
        <ele>47.5</ele>
      </trkpt>
      <trkpt lat="36.717906" lon="-4.467181">
        <ele>47.5</ele>
      </trkpt>
      <trkpt lat="36.717909" lon="-4.467090">
        <ele>47.7</ele>
      </trkpt>
      <trkpt lat="36.717986" lon="-4.466583">
        <ele>48.8</ele>
      </trkpt>
      <trkpt lat="36.717996" lon="-4.466511">
        <ele>48.9</ele>
      </trkpt>
      <trkpt lat="36.718007" lon="-4.466432">
        <ele>49</ele>
      </trkpt>
      <trkpt lat="36.718015" lon="-4.466377">
        <ele>49</ele>
      </trkpt>
      <trkpt lat="36.718089" lon="-4.465824">
        <ele>49.1</ele>
      </trkpt>
      <trkpt lat="36.718103" lon="-4.465761">
        <ele>49.2</ele>
      </trkpt>
      <trkpt lat="36.718120" lon="-4.465678">
        <ele>49.2</ele>
      </trkpt>
      <trkpt lat="36.718121" lon="-4.465627">
        <ele>49.2</ele>
      </trkpt>
      <trkpt lat="36.718120" lon="-4.465572">
        <ele>49.2</ele>
      </trkpt>
      <trkpt lat="36.718119" lon="-4.465485">
        <ele>49.2</ele>
      </trkpt>
      <trkpt lat="36.718107" lon="-4.465412">
        <ele>49.2</ele>
      </trkpt>
      <trkpt lat="36.718095" lon="-4.465364">
        <ele>49.1</ele>
      </trkpt>
      <trkpt lat="36.718063" lon="-4.465293">
        <ele>49</ele>
      </trkpt>
      <trkpt lat="36.718031" lon="-4.465240">
        <ele>49.1</ele>
      </trkpt>
      <trkpt lat="36.717999" lon="-4.465193">
        <ele>49.2</ele>
      </trkpt>
      <trkpt lat="36.717970" lon="-4.465167">
        <ele>49.3</ele>
      </trkpt>
      <trkpt lat="36.717906" lon="-4.465110">
        <ele>49.3</ele>
      </trkpt>
      <trkpt lat="36.717888" lon="-4.465082">
        <ele>49.3</ele>
      </trkpt>
      <trkpt lat="36.717877" lon="-4.465055">
        <ele>49.3</ele>
      </trkpt>
      <trkpt lat="36.717882" lon="-4.464975">
        <ele>49.4</ele>
      </trkpt>
      <trkpt lat="36.717884" lon="-4.464962">
        <ele>49.5</ele>
      </trkpt>
      <trkpt lat="36.717896" lon="-4.464882">
        <ele>49.7</ele>
      </trkpt>
      <trkpt lat="36.717926" lon="-4.464819">
        <ele>49.8</ele>
      </trkpt>
      <trkpt lat="36.717959" lon="-4.464551">
        <ele>50</ele>
      </trkpt>
      <trkpt lat="36.717949" lon="-4.464496">
        <ele>50</ele>
      </trkpt>
      <trkpt lat="36.717955" lon="-4.464437">
        <ele>50</ele>
      </trkpt>
      <trkpt lat="36.717995" lon="-4.464158">
        <ele>51</ele>
      </trkpt>
      <trkpt lat="36.718001" lon="-4.464123">
        <ele>51</ele>
      </trkpt>
      <trkpt lat="36.718036" lon="-4.464064">
        <ele>51</ele>
      </trkpt>
      <trkpt lat="36.718102" lon="-4.464022">
        <ele>51</ele>
      </trkpt>
      <trkpt lat="36.718108" lon="-4.463996">
        <ele>51</ele>
      </trkpt>
      <trkpt lat="36.718134" lon="-4.463826">
        <ele>51.1</ele>
      </trkpt>
      <trkpt lat="36.718134" lon="-4.463798">
        <ele>51.1</ele>
      </trkpt>
      <trkpt lat="36.718076" lon="-4.463737">
        <ele>51</ele>
      </trkpt>
      <trkpt lat="36.718061" lon="-4.463683">
        <ele>51</ele>
      </trkpt>
      <trkpt lat="36.718064" lon="-4.463655">
        <ele>51</ele>
      </trkpt>
      <trkpt lat="36.718182" lon="-4.462793">
        <ele>51.5</ele>
      </trkpt>
      <trkpt lat="36.718307" lon="-4.461888">
        <ele>50.8</ele>
      </trkpt>
      <trkpt lat="36.718313" lon="-4.461839">
        <ele>50.6</ele>
      </trkpt>
      <trkpt lat="36.718349" lon="-4.461786">
        <ele>50.5</ele>
      </trkpt>
      <trkpt lat="36.718353" lon="-4.461760">
        <ele>50.4</ele>
      </trkpt>
      <trkpt lat="36.718356" lon="-4.461740">
        <ele>50.3</ele>
      </trkpt>
      <trkpt lat="36.718362" lon="-4.461692">
        <ele>50.2</ele>
      </trkpt>
      <trkpt lat="36.718347" lon="-4.461646">
        <ele>50</ele>
      </trkpt>
      <trkpt lat="36.718350" lon="-4.461585">
        <ele>50</ele>
      </trkpt>
      <trkpt lat="36.718424" lon="-4.461062">
        <ele>49.9</ele>
      </trkpt>
      <trkpt lat="36.718428" lon="-4.461016">
        <ele>49.8</ele>
      </trkpt>
      <trkpt lat="36.718440" lon="-4.460983">
        <ele>49.7</ele>
      </trkpt>
      <trkpt lat="36.718458" lon="-4.460960">
        <ele>49.7</ele>
      </trkpt>
      <trkpt lat="36.718491" lon="-4.460936">
        <ele>49.7</ele>
      </trkpt>
      <trkpt lat="36.718571" lon="-4.460858">
        <ele>49.9</ele>
      </trkpt>
      <trkpt lat="36.718600" lon="-4.460820">
        <ele>50</ele>
      </trkpt>
      <trkpt lat="36.718623" lon="-4.460778">
        <ele>50</ele>
      </trkpt>
      <trkpt lat="36.718664" lon="-4.460437">
        <ele>50</ele>
      </trkpt>
      <trkpt lat="36.718721" lon="-4.460011">
        <ele>50.4</ele>
      </trkpt>
      <trkpt lat="36.718731" lon="-4.459955">
        <ele>50.4</ele>
      </trkpt>
      <trkpt lat="36.718761" lon="-4.459905">
        <ele>50.5</ele>
      </trkpt>
      <trkpt lat="36.718806" lon="-4.459886">
        <ele>50.7</ele>
      </trkpt>
      <trkpt lat="36.718904" lon="-4.459897">
        <ele>51</ele>
      </trkpt>
      <trkpt lat="36.719427" lon="-4.460013">
        <ele>51.9</ele>
      </trkpt>
      <trkpt lat="36.719449" lon="-4.460008">
        <ele>52</ele>
      </trkpt>
      <trkpt lat="36.719459" lon="-4.459949">
        <ele>52</ele>
      </trkpt>
      <trkpt lat="36.719475" lon="-4.459867">
        <ele>52.1</ele>
      </trkpt>
      <trkpt lat="36.719584" lon="-4.459705">
        <ele>52</ele>
      </trkpt>
      <trkpt lat="36.719644" lon="-4.459584">
        <ele>51.6</ele>
      </trkpt>
      <trkpt lat="36.719639" lon="-4.459487">
        <ele>51.4</ele>
      </trkpt>
      <trkpt lat="36.719632" lon="-4.459388">
        <ele>51.3</ele>
      </trkpt>
      <trkpt lat="36.719608" lon="-4.458858">
        <ele>51.4</ele>
      </trkpt>
      <trkpt lat="36.719567" lon="-4.458702">
        <ele>51.6</ele>
      </trkpt>
      <trkpt lat="36.719583" lon="-4.458680">
        <ele>51.5</ele>
      </trkpt>
      <trkpt lat="36.719616" lon="-4.458666">
        <ele>51.4</ele>
      </trkpt>
      <trkpt lat="36.719646" lon="-4.458653">
        <ele>51.3</ele>
      </trkpt>
      <trkpt lat="36.719658" lon="-4.458647">
        <ele>51.2</ele>
      </trkpt>
      <trkpt lat="36.719671" lon="-4.458597">
        <ele>51.2</ele>
      </trkpt>
      <trkpt lat="36.719599" lon="-4.457779">
        <ele>48.2</ele>
      </trkpt>
      <trkpt lat="36.719546" lon="-4.457029">
        <ele>47.1</ele>
      </trkpt>
      <trkpt lat="36.719499" lon="-4.456452">
        <ele>48.2</ele>
      </trkpt>
      <trkpt lat="36.719495" lon="-4.456377">
        <ele>48.2</ele>
      </trkpt>
      <trkpt lat="36.719467" lon="-4.456372">
        <ele>48.1</ele>
      </trkpt>
      <trkpt lat="36.719436" lon="-4.456367">
        <ele>47.9</ele>
      </trkpt>
      <trkpt lat="36.719468" lon="-4.456024">
        <ele>47.7</ele>
      </trkpt>
      <trkpt lat="36.719447" lon="-4.455703">
        <ele>46.5</ele>
      </trkpt>
      <trkpt lat="36.719420" lon="-4.455298">
        <ele>45</ele>
      </trkpt>
      <trkpt lat="36.719466" lon="-4.455295">
        <ele>45.1</ele>
      </trkpt>
      <trkpt lat="36.719615" lon="-4.455282">
        <ele>45.6</ele>
      </trkpt>
      <trkpt lat="36.719657" lon="-4.455279">
        <ele>45.8</ele>
      </trkpt>
      <trkpt lat="36.719654" lon="-4.455224">
        <ele>45.6</ele>
      </trkpt>
      <trkpt lat="36.719642" lon="-4.455087">
        <ele>45</ele>
      </trkpt>
      <trkpt lat="36.719655" lon="-4.454940">
        <ele>44.6</ele>
      </trkpt>
      <trkpt lat="36.719691" lon="-4.454838">
        <ele>44.4</ele>
      </trkpt>
      <trkpt lat="36.719730" lon="-4.454732">
        <ele>44.1</ele>
      </trkpt>
      <trkpt lat="36.719743" lon="-4.454665">
        <ele>44.1</ele>
      </trkpt>
      <trkpt lat="36.719774" lon="-4.454597">
        <ele>44.2</ele>
      </trkpt>
      <trkpt lat="36.719821" lon="-4.454559">
        <ele>44.4</ele>
      </trkpt>
      <trkpt lat="36.719807" lon="-4.454507">
        <ele>44.3</ele>
      </trkpt>
      <trkpt lat="36.719795" lon="-4.454462">
        <ele>44.3</ele>
      </trkpt>
      <trkpt lat="36.719767" lon="-4.454444">
        <ele>44.2</ele>
      </trkpt>
      <trkpt lat="36.719747" lon="-4.454402">
        <ele>44.1</ele>
      </trkpt>
      <trkpt lat="36.719721" lon="-4.454313">
        <ele>44</ele>
      </trkpt>
      <trkpt lat="36.719684" lon="-4.454228">
        <ele>43.9</ele>
      </trkpt>
      <trkpt lat="36.719609" lon="-4.454110">
        <ele>43.6</ele>
      </trkpt>
      <trkpt lat="36.719535" lon="-4.454032">
        <ele>43.3</ele>
      </trkpt>
      <trkpt lat="36.719512" lon="-4.453683">
        <ele>42.5</ele>
      </trkpt>
      <trkpt lat="36.719447" lon="-4.453679">
        <ele>42.3</ele>
      </trkpt>
      <trkpt lat="36.719408" lon="-4.453681">
        <ele>42.2</ele>
      </trkpt>
      <trkpt lat="36.719164" lon="-4.450666">
        <ele>36.4</ele>
      </trkpt>
      <trkpt lat="36.719087" lon="-4.449704">
        <ele>35.3</ele>
      </trkpt>
      <trkpt lat="36.719040" lon="-4.449706">
        <ele>35.4</ele>
      </trkpt>
      <trkpt lat="36.718975" lon="-4.449708">
        <ele>35.7</ele>
      </trkpt>
      <trkpt lat="36.718972" lon="-4.449658">
        <ele>35.5</ele>
      </trkpt>
      <trkpt lat="36.718974" lon="-4.449612">
        <ele>35.4</ele>
      </trkpt>
      <trkpt lat="36.718969" lon="-4.449504">
        <ele>35.2</ele>
      </trkpt>
      <trkpt lat="36.718952" lon="-4.449444">
        <ele>35</ele>
      </trkpt>
      <trkpt lat="36.718905" lon="-4.449330">
        <ele>34.6</ele>
      </trkpt>
      <trkpt lat="36.718816" lon="-4.449211">
        <ele>34.2</ele>
      </trkpt>
      <trkpt lat="36.718765" lon="-4.449192">
        <ele>34.1</ele>
      </trkpt>
      <trkpt lat="36.718708" lon="-4.449175">
        <ele>34</ele>
      </trkpt>
      <trkpt lat="36.718620" lon="-4.449152">
        <ele>33.9</ele>
      </trkpt>
      <trkpt lat="36.718632" lon="-4.449085">
        <ele>33.7</ele>
      </trkpt>
      <trkpt lat="36.718649" lon="-4.448984">
        <ele>33.4</ele>
      </trkpt>
      <trkpt lat="36.718658" lon="-4.448927">
        <ele>33.3</ele>
      </trkpt>
      <trkpt lat="36.718661" lon="-4.448908">
        <ele>33.2</ele>
      </trkpt>
      <trkpt lat="36.718665" lon="-4.448881">
        <ele>33.2</ele>
      </trkpt>
      <trkpt lat="36.718676" lon="-4.448834">
        <ele>33.4</ele>
      </trkpt>
      <trkpt lat="36.718807" lon="-4.448874">
        <ele>33.7</ele>
      </trkpt>
      <trkpt lat="36.718831" lon="-4.448882">
        <ele>33.8</ele>
      </trkpt>
      <trkpt lat="36.718877" lon="-4.448863">
        <ele>34</ele>
      </trkpt>
      <trkpt lat="36.718907" lon="-4.448829">
        <ele>34.1</ele>
      </trkpt>
      <trkpt lat="36.718926" lon="-4.448787">
        <ele>34.1</ele>
      </trkpt>
      <trkpt lat="36.718923" lon="-4.448749">
        <ele>34.1</ele>
      </trkpt>
      <trkpt lat="36.718919" lon="-4.448700">
        <ele>34</ele>
      </trkpt>
      <trkpt lat="36.718836" lon="-4.447656">
        <ele>33</ele>
      </trkpt>
      <trkpt lat="36.718820" lon="-4.447460">
        <ele>33</ele>
      </trkpt>
      <trkpt lat="36.718787" lon="-4.447416">
        <ele>32.9</ele>
      </trkpt>
      <trkpt lat="36.718764" lon="-4.447166">
        <ele>32.5</ele>
      </trkpt>
      <trkpt lat="36.718787" lon="-4.447109">
        <ele>32.5</ele>
      </trkpt>
      <trkpt lat="36.718740" lon="-4.446568">
        <ele>31.8</ele>
      </trkpt>
      <trkpt lat="36.718726" lon="-4.446395">
        <ele>31.4</ele>
      </trkpt>
      <trkpt lat="36.718603" lon="-4.444685">
        <ele>27.8</ele>
      </trkpt>
      <trkpt lat="36.718562" lon="-4.444169">
        <ele>26.8</ele>
      </trkpt>
      <trkpt lat="36.718536" lon="-4.443846">
        <ele>25.8</ele>
      </trkpt>
      <trkpt lat="36.718530" lon="-4.443763">
        <ele>25.5</ele>
      </trkpt>
      <trkpt lat="36.718501" lon="-4.443489">
        <ele>24.8</ele>
      </trkpt>
      <trkpt lat="36.718487" lon="-4.443332">
        <ele>24.6</ele>
      </trkpt>
      <trkpt lat="36.718422" lon="-4.442488">
        <ele>22.3</ele>
      </trkpt>
      <trkpt lat="36.718344" lon="-4.441488">
        <ele>20</ele>
      </trkpt>
      <trkpt lat="36.718317" lon="-4.441455">
        <ele>20</ele>
      </trkpt>
      <trkpt lat="36.718308" lon="-4.441324">
        <ele>19.9</ele>
      </trkpt>
      <trkpt lat="36.718327" lon="-4.441262">
        <ele>19.6</ele>
      </trkpt>
      <trkpt lat="36.718316" lon="-4.441110">
        <ele>19.2</ele>
      </trkpt>
      <trkpt lat="36.718313" lon="-4.441077">
        <ele>19.1</ele>
      </trkpt>
      <trkpt lat="36.718269" lon="-4.441009">
        <ele>19.3</ele>
      </trkpt>
      <trkpt lat="36.718253" lon="-4.440985">
        <ele>19.3</ele>
      </trkpt>
      <trkpt lat="36.718272" lon="-4.440831">
        <ele>18.2</ele>
      </trkpt>
      <trkpt lat="36.718237" lon="-4.440792">
        <ele>18.3</ele>
      </trkpt>
      <trkpt lat="36.718239" lon="-4.440776">
        <ele>18.3</ele>
      </trkpt>
      <trkpt lat="36.718274" lon="-4.440620">
        <ele>18.2</ele>
      </trkpt>
      <trkpt lat="36.718187" lon="-4.439482">
        <ele>15.1</ele>
      </trkpt>
      <trkpt lat="36.718179" lon="-4.439378">
        <ele>14.8</ele>
      </trkpt>
      <trkpt lat="36.718149" lon="-4.439036">
        <ele>14</ele>
      </trkpt>
      <trkpt lat="36.718121" lon="-4.438949">
        <ele>14</ele>
      </trkpt>
      <trkpt lat="36.718112" lon="-4.438866">
        <ele>13.9</ele>
      </trkpt>
      <trkpt lat="36.718117" lon="-4.438797">
        <ele>13.7</ele>
      </trkpt>
      <trkpt lat="36.718127" lon="-4.438747">
        <ele>13.5</ele>
      </trkpt>
      <trkpt lat="36.718062" lon="-4.438050">
        <ele>12</ele>
      </trkpt>
      <trkpt lat="36.718051" lon="-4.437928">
        <ele>12</ele>
      </trkpt>
      <trkpt lat="36.718007" lon="-4.437863">
        <ele>11.9</ele>
      </trkpt>
      <trkpt lat="36.717992" lon="-4.437842">
        <ele>11.8</ele>
      </trkpt>
      <trkpt lat="36.717973" lon="-4.437828">
        <ele>11.8</ele>
      </trkpt>
      <trkpt lat="36.717947" lon="-4.437810">
        <ele>11.7</ele>
      </trkpt>
      <trkpt lat="36.717909" lon="-4.437756">
        <ele>11.5</ele>
      </trkpt>
      <trkpt lat="36.717722" lon="-4.437547">
        <ele>11</ele>
      </trkpt>
      <trkpt lat="36.717681" lon="-4.437493">
        <ele>11</ele>
      </trkpt>
      <trkpt lat="36.717653" lon="-4.437433">
        <ele>11.1</ele>
      </trkpt>
      <trkpt lat="36.717639" lon="-4.437446">
        <ele>11.1</ele>
      </trkpt>
      <trkpt lat="36.717615" lon="-4.437470">
        <ele>11</ele>
      </trkpt>
      <trkpt lat="36.717603" lon="-4.437427">
        <ele>11.1</ele>
      </trkpt>
      <trkpt lat="36.717589" lon="-4.437386">
        <ele>11.1</ele>
      </trkpt>
      <trkpt lat="36.717472" lon="-4.437227">
        <ele>10.9</ele>
      </trkpt>
      <trkpt lat="36.717408" lon="-4.437197">
        <ele>10.8</ele>
      </trkpt>
      <trkpt lat="36.717375" lon="-4.437169">
        <ele>10.8</ele>
      </trkpt>
      <trkpt lat="36.717354" lon="-4.437123">
        <ele>10.8</ele>
      </trkpt>
      <trkpt lat="36.717349" lon="-4.437090">
        <ele>10.9</ele>
      </trkpt>
      <trkpt lat="36.717363" lon="-4.436951">
        <ele>11.5</ele>
      </trkpt>
      <trkpt lat="36.717339" lon="-4.436901">
        <ele>11.7</ele>
      </trkpt>
      <trkpt lat="36.717339" lon="-4.436879">
        <ele>11.9</ele>
      </trkpt>
      <trkpt lat="36.717375" lon="-4.436524">
        <ele>11.9</ele>
      </trkpt>
      <trkpt lat="36.717404" lon="-4.436490">
        <ele>11.5</ele>
      </trkpt>
      <trkpt lat="36.717418" lon="-4.436425">
        <ele>10.5</ele>
      </trkpt>
      <trkpt lat="36.717437" lon="-4.436317">
        <ele>9.9</ele>
      </trkpt>
      <trkpt lat="36.717449" lon="-4.436219">
        <ele>9.9</ele>
      </trkpt>
      <trkpt lat="36.717439" lon="-4.436186">
        <ele>9.8</ele>
      </trkpt>
      <trkpt lat="36.717447" lon="-4.436140">
        <ele>9.8</ele>
      </trkpt>
      <trkpt lat="36.717463" lon="-4.436120">
        <ele>9.9</ele>
      </trkpt>
      <trkpt lat="36.717498" lon="-4.436029">
        <ele>10</ele>
      </trkpt>
      <trkpt lat="36.717531" lon="-4.435957">
        <ele>10</ele>
      </trkpt>
      <trkpt lat="36.717607" lon="-4.435851">
        <ele>10</ele>
      </trkpt>
      <trkpt lat="36.717600" lon="-4.435815">
        <ele>10</ele>
      </trkpt>
      <trkpt lat="36.717593" lon="-4.435777">
        <ele>10</ele>
      </trkpt>
      <trkpt lat="36.717592" lon="-4.435768">
        <ele>10</ele>
      </trkpt>
      <trkpt lat="36.717585" lon="-4.435728">
        <ele>10</ele>
      </trkpt>
      <trkpt lat="36.717582" lon="-4.435522">
        <ele>9.9</ele>
      </trkpt>
      <trkpt lat="36.717587" lon="-4.435474">
        <ele>9.8</ele>
      </trkpt>
      <trkpt lat="36.717597" lon="-4.435421">
        <ele>9.7</ele>
      </trkpt>
      <trkpt lat="36.717594" lon="-4.435288">
        <ele>9.4</ele>
      </trkpt>
      <trkpt lat="36.717573" lon="-4.435252">
        <ele>9.3</ele>
      </trkpt>
      <trkpt lat="36.717530" lon="-4.435217">
        <ele>9.1</ele>
      </trkpt>
      <trkpt lat="36.717491" lon="-4.435163">
        <ele>9</ele>
      </trkpt>
      <trkpt lat="36.717468" lon="-4.435069">
        <ele>9</ele>
      </trkpt>
      <trkpt lat="36.717304" lon="-4.432724">
        <ele>7.9</ele>
      </trkpt>
      <trkpt lat="36.717267" lon="-4.432201">
        <ele>7</ele>
      </trkpt>
      <trkpt lat="36.717245" lon="-4.431887">
        <ele>7.1</ele>
      </trkpt>
      <trkpt lat="36.717239" lon="-4.431771">
        <ele>7</ele>
      </trkpt>
      <trkpt lat="36.717234" lon="-4.431698">
        <ele>7</ele>
      </trkpt>
      <trkpt lat="36.717287" lon="-4.431692">
        <ele>7</ele>
      </trkpt>
      <trkpt lat="36.717418" lon="-4.431677">
        <ele>7</ele>
      </trkpt>
      <trkpt lat="36.717579" lon="-4.431659">
        <ele>6.7</ele>
      </trkpt>
      <trkpt lat="36.717652" lon="-4.431650">
        <ele>6.5</ele>
      </trkpt>
      <trkpt lat="36.717750" lon="-4.431639">
        <ele>6.1</ele>
      </trkpt>
      <trkpt lat="36.717722" lon="-4.431250">
        <ele>6.1</ele>
      </trkpt>
      <trkpt lat="36.717727" lon="-4.431186">
        <ele>6</ele>
      </trkpt>
      <trkpt lat="36.717761" lon="-4.431072">
        <ele>6</ele>
      </trkpt>
      <trkpt lat="36.717839" lon="-4.430965">
        <ele>6</ele>
      </trkpt>
      <trkpt lat="36.717890" lon="-4.430913">
        <ele>6</ele>
      </trkpt>
      <trkpt lat="36.717914" lon="-4.430889">
        <ele>6</ele>
      </trkpt>
      <trkpt lat="36.717952" lon="-4.430849">
        <ele>6</ele>
      </trkpt>
      <trkpt lat="36.718118" lon="-4.430683">
        <ele>6</ele>
      </trkpt>
      <trkpt lat="36.718222" lon="-4.430579">
        <ele>6</ele>
      </trkpt>
      <trkpt lat="36.718046" lon="-4.430249">
        <ele>5.9</ele>
      </trkpt>
      <trkpt lat="36.717990" lon="-4.430075">
        <ele>5.4</ele>
      </trkpt>
      <trkpt lat="36.717933" lon="-4.429798">
        <ele>5.1</ele>
      </trkpt>
      <trkpt lat="36.717915" lon="-4.429606">
        <ele>5.2</ele>
      </trkpt>
      <trkpt lat="36.717905" lon="-4.429300">
        <ele>5.3</ele>
      </trkpt>
      <trkpt lat="36.717887" lon="-4.429045">
        <ele>5</ele>
      </trkpt>
      <trkpt lat="36.717876" lon="-4.429045">
        <ele>5</ele>
      </trkpt>
      <trkpt lat="36.717836" lon="-4.429065">
        <ele>5</ele>
      </trkpt>
      <trkpt lat="36.717764" lon="-4.429122">
        <ele>5</ele>
      </trkpt>
      <trkpt lat="36.717511" lon="-4.429137">
        <ele>5</ele>
      </trkpt>
      <trkpt lat="36.717404" lon="-4.429143">
        <ele>5</ele>
      </trkpt>
      <trkpt lat="36.717325" lon="-4.429132">
        <ele>5.1</ele>
      </trkpt>
      <trkpt lat="36.717241" lon="-4.429121">
        <ele>5.2</ele>
      </trkpt>
      <trkpt lat="36.717190" lon="-4.429074">
        <ele>5.4</ele>
      </trkpt>
      <trkpt lat="36.717090" lon="-4.428930">
        <ele>5.9</ele>
      </trkpt>
      <trkpt lat="36.717087" lon="-4.428878">
        <ele>6</ele>
      </trkpt>
      <trkpt lat="36.716998" lon="-4.427689">
        <ele>5.7</ele>
      </trkpt>
      <trkpt lat="36.716994" lon="-4.427638">
        <ele>5.6</ele>
      </trkpt>
      <trkpt lat="36.717005" lon="-4.427604">
        <ele>5.5</ele>
      </trkpt>
      <trkpt lat="36.717046" lon="-4.427553">
        <ele>5.5</ele>
      </trkpt>
      <trkpt lat="36.717053" lon="-4.427519">
        <ele>5.4</ele>
      </trkpt>
      <trkpt lat="36.717046" lon="-4.427436">
        <ele>5.6</ele>
      </trkpt>
      <trkpt lat="36.717042" lon="-4.427394">
        <ele>5.7</ele>
      </trkpt>
      <trkpt lat="36.717039" lon="-4.427350">
        <ele>5.9</ele>
      </trkpt>
      <trkpt lat="36.717027" lon="-4.427180">
        <ele>6.5</ele>
      </trkpt>
      <trkpt lat="36.717024" lon="-4.427123">
        <ele>6.6</ele>
      </trkpt>
      <trkpt lat="36.717019" lon="-4.427038">
        <ele>6.8</ele>
      </trkpt>
      <trkpt lat="36.717000" lon="-4.426988">
        <ele>6.9</ele>
      </trkpt>
      <trkpt lat="36.716945" lon="-4.426857">
        <ele>7</ele>
      </trkpt>
      <trkpt lat="36.716910" lon="-4.426718">
        <ele>7</ele>
      </trkpt>
      <trkpt lat="36.716896" lon="-4.426610">
        <ele>7</ele>
      </trkpt>
      <trkpt lat="36.716905" lon="-4.426488">
        <ele>7</ele>
      </trkpt>
      <trkpt lat="36.716912" lon="-4.426398">
        <ele>7</ele>
      </trkpt>
      <trkpt lat="36.716999" lon="-4.425613">
        <ele>6.5</ele>
      </trkpt>
      <trkpt lat="36.717013" lon="-4.425523">
        <ele>6.3</ele>
      </trkpt>
      <trkpt lat="36.717032" lon="-4.425379">
        <ele>6.3</ele>
      </trkpt>
      <trkpt lat="36.717067" lon="-4.425135">
        <ele>5.8</ele>
      </trkpt>
      <trkpt lat="36.717187" lon="-4.424648">
        <ele>4.7</ele>
      </trkpt>
      <trkpt lat="36.717499" lon="-4.423579">
        <ele>4</ele>
      </trkpt>
      <trkpt lat="36.717712" lon="-4.422825">
        <ele>3.2</ele>
      </trkpt>
      <trkpt lat="36.717753" lon="-4.422673">
        <ele>3.4</ele>
      </trkpt>
      <trkpt lat="36.717759" lon="-4.422650">
        <ele>3.5</ele>
      </trkpt>
      <trkpt lat="36.717772" lon="-4.422598">
        <ele>3.6</ele>
      </trkpt>
      <trkpt lat="36.717786" lon="-4.422545">
        <ele>3.8</ele>
      </trkpt>
      <trkpt lat="36.718009" lon="-4.421720">
        <ele>3</ele>
      </trkpt>
      <trkpt lat="36.718001" lon="-4.421656">
        <ele>3</ele>
      </trkpt>
      <trkpt lat="36.718142" lon="-4.421156">
        <ele>3.4</ele>
      </trkpt>
      <trkpt lat="36.718237" lon="-4.420955">
        <ele>3.5</ele>
      </trkpt>
      <trkpt lat="36.718474" lon="-4.420088">
        <ele>4.5</ele>
      </trkpt>
      <trkpt lat="36.718498" lon="-4.420048">
        <ele>4.6</ele>
      </trkpt>
      <trkpt lat="36.718557" lon="-4.420000">
        <ele>4.8</ele>
      </trkpt>
      <trkpt lat="36.718613" lon="-4.419949">
        <ele>4.8</ele>
        <extensions>
          <visugpx:TrkExtension xmlns:visugpx="https://www.visugpx.com/editgpx/">
            <visugpx:node>5</visugpx:node>
          </visugpx:TrkExtension>
        </extensions>
      </trkpt>
    </trkseg>
  </trk>
</gpx>