<?xml version="1.0" encoding="UTF-8" standalone="no" ?>
<gpx xmlns="http://www.topografix.com/GPX/1/1" xmlns:xsi="http://www.w3.org/2001/XMLSchema-instance" xsi:schemaLocation="http://www.topografix.com/GPX/1/1 http://www.topografix.com/GPX/1/1/gpx.xsd" version="1.1" creator="EditGPX">
  <metadata>
    <name>TK10</name>
  </metadata>
  <trk>
    <name><![CDATA[FRANCE — PART 1]]></name>
    <desc><![CDATA[DEVELOPED_WITH_SIGNS

DEVELOPED_WITH_SIGNS

DEVELOPED_WITH_SIGNS

UNDER_DEVELOPMENT

UNDER_DEVELOPMENT

DEVELOPED_WITH_SIGNS

DEVELOPED_WITH_SIGNS

DEVELOPED_WITH_SIGNS

DEVELOPED_WITH_SIGNS

DEVELOPED_WITH_SIGNS

DEVELOPED_WITH_SIGNS

DEVELOPED_WITH_SIGNS

DEVELOPED

DEVELOPED

DEVELOPED_WITH_SIGNS

DEVELOPED_WITH_SIGNS

DEVELOPED_WITH_SIGNS

DEVELOPED_WITH_SIGNS

DEVELOPED_WITH_SIGNS

DEVELOPED_WITH_SIGNS

UNDER_DEVELOPMENT

UNDER_DEVELOPMENT

DEVELOPED_WITH_SIGNS

DEVELOPED_WITH_SIGNS

DEVELOPED_WITH_SIGNS

DEVELOPED_WITH_SIGNS

DEVELOPED_WITH_SIGNS

DEVELOPED_WITH_SIGNS

DEVELOPED_WITH_SIGNS

DEVELOPED_WITH_SIGNS

DEVELOPED_WITH_SIGNS

DEVELOPED_WITH_SIGNS

DEVELOPED_WITH_SIGNS

DEVELOPED_WITH_SIGNS

DEVELOPED_WITH_SIGNS

DEVELOPED_WITH_SIGNS

DEVELOPED_WITH_SIGNS

DEVELOPED_WITH_SIGNS

DEVELOPED_WITH_SIGNS

UNDER_DEVELOPMENT

DEVELOPED_WITH_SIGNS

DEVELOPED_WITH_SIGNS

DEVELOPED_WITH_SIGNS

DEVELOPED_WITH_SIGNS

DEVELOPED_WITH_SIGNS

UNDER_DEVELOPMENT

DEVELOPED_WITH_SIGNS

DEVELOPED_WITH_SIGNS

DEVELOPED_WITH_SIGNS

DEVELOPED_WITH_SIGNS

UNDER_DEVELOPMENT

DEVELOPED_WITH_SIGNS

DEVELOPED_WITH_SIGNS

DEVELOPED_WITH_SIGNS

DEVELOPED_WITH_SIGNS

DEVELOPED

DEVELOPED

DEVELOPED_WITH_SIGNS

DEVELOPED_WITH_SIGNS

DEVELOPED_WITH_SIGNS

DEVELOPED_WITH_SIGNS

DEVELOPED_WITH_SIGNS

DEVELOPED_WITH_SIGNS

UNDER_DEVELOPMENT

UNDER_DEVELOPMENT

DEVELOPED_WITH_SIGNS

DEVELOPED_WITH_SIGNS

DEVELOPED_WITH_SIGNS

DEVELOPED_WITH_SIGNS

DEVELOPED_WITH_SIGNS

DEVELOPED_WITH_SIGNS

DEVELOPED_WITH_SIGNS

DEVELOPED_WITH_SIGNS

DEVELOPED_WITH_SIGNS

DEVELOPED_WITH_SIGNS

DEVELOPED_WITH_SIGNS

DEVELOPED_WITH_SIGNS

DEVELOPED_WITH_SIGNS

DEVELOPED_WITH_SIGNS

DEVELOPED_WITH_SIGNS

DEVELOPED_WITH_SIGNS

DEVELOPED_WITH_SIGNS

UNDER_DEVELOPMENT

DEVELOPED_WITH_SIGNS

DEVELOPED_WITH_SIGNS

DEVELOPED_WITH_SIGNS

DEVELOPED_WITH_SIGNS

DEVELOPED_WITH_SIGNS

UNDER_DEVELOPMENT

DEVELOPED_WITH_SIGNS

DEVELOPED_WITH_SIGNS

DEVELOPED_WITH_SIGNS

DEVELOPED_WITH_SIGNS

UNDER_DEVELOPMENT

DEVELOPED_WITH_SIGNS

DEVELOPED_WITH_SIGNS

DEVELOPED_WITH_SIGNS







DEVELOPED_WITH_SIGNS

DEVELOPED

DEVELOPED

DEVELOPED_WITH_SIGNS

DEVELOPED_WITH_SIGNS

DEVELOPED_WITH_SIGNS

DEVELOPED_WITH_SIGNS

DEVELOPED_WITH_SIGNS

DEVELOPED_WITH_SIGNS

UNDER_DEVELOPMENT

UNDER_DEVELOPMENT

DEVELOPED_WITH_SIGNS

DEVELOPED_WITH_SIGNS

DEVELOPED_WITH_SIGNS

DEVELOPED_WITH_SIGNS

DEVELOPED_WITH_SIGNS

DEVELOPED_WITH_SIGNS

DEVELOPED_WITH_SIGNS

DEVELOPED_WITH_SIGNS

DEVELOPED_WITH_SIGNS

DEVELOPED_WITH_SIGNS

DEVELOPED_WITH_SIGNS

DEVELOPED_WITH_SIGNS

DEVELOPED_WITH_SIGNS

DEVELOPED_WITH_SIGNS

DEVELOPED_WITH_SIGNS

DEVELOPED_WITH_SIGNS

DEVELOPED_WITH_SIGNS

UNDER_DEVELOPMENT

DEVELOPED_WITH_SIGNS

DEVELOPED_WITH_SIGNS

DEVELOPED_WITH_SIGNS

DEVELOPED_WITH_SIGNS

DEVELOPED_WITH_SIGNS

UNDER_DEVELOPMENT

DEVELOPED_WITH_SIGNS

DEVELOPED_WITH_SIGNS

DEVELOPED_WITH_SIGNS

DEVELOPED_WITH_SIGNS

UNDER_DEVELOPMENT

DEVELOPED_WITH_SIGNS

DEVELOPED_WITH_SIGNS

DEVELOPED_WITH_SIGNS

DEVELOPED_WITH_SIGNS

DEVELOPED

DEVELOPED

DEVELOPED_WITH_SIGNS

DEVELOPED_WITH_SIGNS

DEVELOPED_WITH_SIGNS

DEVELOPED_WITH_SIGNS

DEVELOPED_WITH_SIGNS

DEVELOPED_WITH_SIGNS

UNDER_DEVELOPMENT

UNDER_DEVELOPMENT

DEVELOPED_WITH_SIGNS

DEVELOPED_WITH_SIGNS

DEVELOPED_WITH_SIGNS

DEVELOPED_WITH_SIGNS

DEVELOPED_WITH_SIGNS

DEVELOPED_WITH_SIGNS

DEVELOPED_WITH_SIGNS

DEVELOPED_WITH_SIGNS

DEVELOPED_WITH_SIGNS

DEVELOPED_WITH_SIGNS

DEVELOPED_WITH_SIGNS

DEVELOPED_WITH_SIGNS

DEVELOPED_WITH_SIGNS

DEVELOPED_WITH_SIGNS

DEVELOPED_WITH_SIGNS

DEVELOPED_WITH_SIGNS

DEVELOPED_WITH_SIGNS

UNDER_DEVELOPMENT

DEVELOPED_WITH_SIGNS

DEVELOPED_WITH_SIGNS

DEVELOPED_WITH_SIGNS

DEVELOPED_WITH_SIGNS

DEVELOPED_WITH_SIGNS

UNDER_DEVELOPMENT

DEVELOPED_WITH_SIGNS

DEVELOPED_WITH_SIGNS

DEVELOPED_WITH_SIGNS

DEVELOPED_WITH_SIGNS

UNDER_DEVELOPMENT

DEVELOPED_WITH_SIGNS

DEVELOPED_WITH_SIGNS

DEVELOPED_WITH_SIGNS



DEVELOPED_WITH_SIGNS

DEVELOPED_WITH_SIGNS

DEVELOPED_WITH_SIGNS

UNDER_DEVELOPMENT

UNDER_DEVELOPMENT

DEVELOPED_WITH_SIGNS

DEVELOPED_WITH_SIGNS

DEVELOPED_WITH_SIGNS

DEVELOPED_WITH_SIGNS

DEVELOPED_WITH_SIGNS

DEVELOPED_WITH_SIGNS

DEVELOPED_WITH_SIGNS

DEVELOPED_WITH_SIGNS

DEVELOPED_WITH_SIGNS

UNDER_DEVELOPMENT

UNDER_DEVELOPMENT

DEVELOPED_WITH_SIGNS

DEVELOPED_WITH_SIGNS

DEVELOPED_WITH_SIGNS

DEVELOPED_WITH_SIGNS

DEVELOPED_WITH_SIGNS

DEVELOPED_WITH_SIGNS

DEVELOPED_WITH_SIGNS

DEVELOPED

DEVELOPED

DEVELOPED_WITH_SIGNS

DEVELOPED_WITH_SIGNS

DEVELOPED_WITH_SIGNS

DEVELOPED_WITH_SIGNS

DEVELOPED_WITH_SIGNS

DEVELOPED_WITH_SIGNS

UNDER_DEVELOPMENT

UNDER_DEVELOPMENT

DEVELOPED_WITH_SIGNS

DEVELOPED_WITH_SIGNS

DEVELOPED_WITH_SIGNS

DEVELOPED_WITH_SIGNS

DEVELOPED_WITH_SIGNS

DEVELOPED_WITH_SIGNS

DEVELOPED_WITH_SIGNS

DEVELOPED_WITH_SIGNS

DEVELOPED_WITH_SIGNS

DEVELOPED_WITH_SIGNS

DEVELOPED_WITH_SIGNS

DEVELOPED_WITH_SIGNS

DEVELOPED_WITH_SIGNS

DEVELOPED_WITH_SIGNS

DEVELOPED_WITH_SIGNS

DEVELOPED_WITH_SIGNS

DEVELOPED_WITH_SIGNS

UNDER_DEVELOPMENT

DEVELOPED_WITH_SIGNS

DEVELOPED_WITH_SIGNS

DEVELOPED_WITH_SIGNS

DEVELOPED_WITH_SIGNS

DEVELOPED_WITH_SIGNS

UNDER_DEVELOPMENT

DEVELOPED_WITH_SIGNS

DEVELOPED_WITH_SIGNS

DEVELOPED_WITH_SIGNS

DEVELOPED_WITH_SIGNS

UNDER_DEVELOPMENT

DEVELOPED_WITH_SIGNS

DEVELOPED_WITH_SIGNS

DEVELOPED_WITH_SIGNS

DEVELOPED_WITH_SIGNS

DEVELOPED

DEVELOPED

DEVELOPED_WITH_SIGNS

DEVELOPED_WITH_SIGNS

DEVELOPED_WITH_SIGNS

DEVELOPED_WITH_SIGNS

DEVELOPED_WITH_SIGNS

DEVELOPED_WITH_SIGNS

UNDER_DEVELOPMENT

UNDER_DEVELOPMENT

DEVELOPED_WITH_SIGNS

DEVELOPED_WITH_SIGNS

DEVELOPED_WITH_SIGNS

DEVELOPED_WITH_SIGNS

DEVELOPED_WITH_SIGNS

DEVELOPED_WITH_SIGNS

DEVELOPED_WITH_SIGNS

DEVELOPED_WITH_SIGNS

DEVELOPED_WITH_SIGNS

DEVELOPED_WITH_SIGNS

DEVELOPED_WITH_SIGNS

DEVELOPED_WITH_SIGNS

DEVELOPED_WITH_SIGNS

DEVELOPED_WITH_SIGNS

DEVELOPED_WITH_SIGNS

DEVELOPED_WITH_SIGNS

DEVELOPED_WITH_SIGNS

UNDER_DEVELOPMENT

DEVELOPED_WITH_SIGNS

DEVELOPED_WITH_SIGNS

DEVELOPED_WITH_SIGNS

DEVELOPED_WITH_SIGNS

DEVELOPED_WITH_SIGNS

UNDER_DEVELOPMENT

DEVELOPED_WITH_SIGNS

DEVELOPED_WITH_SIGNS

DEVELOPED_WITH_SIGNS

DEVELOPED_WITH_SIGNS

UNDER_DEVELOPMENT

DEVELOPED_WITH_SIGNS

DEVELOPED_WITH_SIGNS

DEVELOPED_WITH_SIGNS







DEVELOPED_WITH_SIGNS

DEVELOPED

DEVELOPED

DEVELOPED_WITH_SIGNS

DEVELOPED_WITH_SIGNS

DEVELOPED_WITH_SIGNS

DEVELOPED_WITH_SIGNS

DEVELOPED_WITH_SIGNS

DEVELOPED_WITH_SIGNS

UNDER_DEVELOPMENT

UNDER_DEVELOPMENT

DEVELOPED_WITH_SIGNS

DEVELOPED_WITH_SIGNS

DEVELOPED_WITH_SIGNS

DEVELOPED_WITH_SIGNS

DEVELOPED_WITH_SIGNS

DEVELOPED_WITH_SIGNS

DEVELOPED_WITH_SIGNS

DEVELOPED_WITH_SIGNS

DEVELOPED_WITH_SIGNS

DEVELOPED_WITH_SIGNS

DEVELOPED_WITH_SIGNS

DEVELOPED_WITH_SIGNS

DEVELOPED_WITH_SIGNS

DEVELOPED_WITH_SIGNS

DEVELOPED_WITH_SIGNS

DEVELOPED_WITH_SIGNS

DEVELOPED_WITH_SIGNS

UNDER_DEVELOPMENT

DEVELOPED_WITH_SIGNS

DEVELOPED_WITH_SIGNS

DEVELOPED_WITH_SIGNS

DEVELOPED_WITH_SIGNS

DEVELOPED_WITH_SIGNS

UNDER_DEVELOPMENT

DEVELOPED_WITH_SIGNS

DEVELOPED_WITH_SIGNS

DEVELOPED_WITH_SIGNS

DEVELOPED_WITH_SIGNS

UNDER_DEVELOPMENT

DEVELOPED_WITH_SIGNS

DEVELOPED_WITH_SIGNS

DEVELOPED_WITH_SIGNS

DEVELOPED_WITH_SIGNS

DEVELOPED

DEVELOPED

DEVELOPED_WITH_SIGNS

DEVELOPED_WITH_SIGNS

DEVELOPED_WITH_SIGNS

DEVELOPED_WITH_SIGNS

DEVELOPED_WITH_SIGNS

DEVELOPED_WITH_SIGNS

UNDER_DEVELOPMENT

UNDER_DEVELOPMENT

DEVELOPED_WITH_SIGNS

DEVELOPED_WITH_SIGNS

DEVELOPED_WITH_SIGNS

DEVELOPED_WITH_SIGNS

DEVELOPED_WITH_SIGNS

DEVELOPED_WITH_SIGNS

DEVELOPED_WITH_SIGNS

DEVELOPED_WITH_SIGNS

DEVELOPED_WITH_SIGNS

DEVELOPED_WITH_SIGNS

DEVELOPED_WITH_SIGNS

DEVELOPED_WITH_SIGNS

DEVELOPED_WITH_SIGNS

DEVELOPED_WITH_SIGNS

DEVELOPED_WITH_SIGNS

DEVELOPED_WITH_SIGNS

DEVELOPED_WITH_SIGNS

UNDER_DEVELOPMENT

DEVELOPED_WITH_SIGNS

DEVELOPED_WITH_SIGNS

DEVELOPED_WITH_SIGNS

DEVELOPED_WITH_SIGNS

DEVELOPED_WITH_SIGNS

UNDER_DEVELOPMENT

DEVELOPED_WITH_SIGNS

DEVELOPED_WITH_SIGNS

DEVELOPED_WITH_SIGNS

DEVELOPED_WITH_SIGNS

UNDER_DEVELOPMENT

DEVELOPED_WITH_SIGNS

DEVELOPED_WITH_SIGNS

DEVELOPED_WITH_SIGNS]]></desc>
    <extensions>
      <line xmlns="http://www.topografix.com/GPX/gpx_style/0/2">
        <color>0000ff</color>
        <opacity>1</opacity>
        <width>4</width>
      </line>
    </extensions>
    <trkseg>
      <trkpt lat="42.454500" lon="2.857610">
        <ele>322.5</ele>
      </trkpt>
      <trkpt lat="42.454520" lon="2.857390">
        <ele>320.6</ele>
      </trkpt>
      <trkpt lat="42.454700" lon="2.856860">
        <ele>320.6</ele>
      </trkpt>
      <trkpt lat="42.455040" lon="2.855540">
        <ele>314.4</ele>
      </trkpt>
      <trkpt lat="42.455250" lon="2.855300">
        <ele>313.3</ele>
      </trkpt>
      <trkpt lat="42.455290" lon="2.855190">
        <ele>313.3</ele>
      </trkpt>
      <trkpt lat="42.455440" lon="2.854390">
        <ele>317.9</ele>
      </trkpt>
      <trkpt lat="42.455520" lon="2.853660">
        <ele>326.1</ele>
      </trkpt>
      <trkpt lat="42.455630" lon="2.853230">
        <ele>326.9</ele>
      </trkpt>
      <trkpt lat="42.455730" lon="2.853160">
        <ele>330.3</ele>
      </trkpt>
      <trkpt lat="42.456220" lon="2.852980">
        <ele>323.5</ele>
      </trkpt>
      <trkpt lat="42.456380" lon="2.852760">
        <ele>328</ele>
      </trkpt>
      <trkpt lat="42.456870" lon="2.852250">
        <ele>329.5</ele>
      </trkpt>
      <trkpt lat="42.457240" lon="2.851910">
        <ele>327.1</ele>
      </trkpt>
      <trkpt lat="42.457270" lon="2.851800">
        <ele>329.9</ele>
      </trkpt>
      <trkpt lat="42.457250" lon="2.851690">
        <ele>329.9</ele>
      </trkpt>
      <trkpt lat="42.457030" lon="2.851340">
        <ele>335.2</ele>
      </trkpt>
      <trkpt lat="42.456990" lon="2.851170">
        <ele>340.9</ele>
      </trkpt>
      <trkpt lat="42.456990" lon="2.850810">
        <ele>343.6</ele>
      </trkpt>
      <trkpt lat="42.457060" lon="2.850470">
        <ele>346</ele>
      </trkpt>
      <trkpt lat="42.457320" lon="2.849950">
        <ele>349.1</ele>
      </trkpt>
      <trkpt lat="42.457550" lon="2.849640">
        <ele>349.3</ele>
      </trkpt>
      <trkpt lat="42.458000" lon="2.849170">
        <ele>342.3</ele>
      </trkpt>
      <trkpt lat="42.458140" lon="2.848980">
        <ele>347</ele>
      </trkpt>
      <trkpt lat="42.458280" lon="2.848680">
        <ele>349.1</ele>
      </trkpt>
      <trkpt lat="42.458540" lon="2.848360">
        <ele>351.5</ele>
      </trkpt>
      <trkpt lat="42.459560" lon="2.847550">
        <ele>350.8</ele>
      </trkpt>
      <trkpt lat="42.459640" lon="2.847360">
        <ele>349.4</ele>
      </trkpt>
      <trkpt lat="42.459800" lon="2.846740">
        <ele>348.7</ele>
      </trkpt>
      <trkpt lat="42.459790" lon="2.846610">
        <ele>348.7</ele>
      </trkpt>
      <trkpt lat="42.459690" lon="2.846360">
        <ele>355.1</ele>
      </trkpt>
      <trkpt lat="42.459680" lon="2.846250">
        <ele>355.1</ele>
      </trkpt>
      <trkpt lat="42.459880" lon="2.845900">
        <ele>354.4</ele>
      </trkpt>
      <trkpt lat="42.460080" lon="2.845620">
        <ele>351.9</ele>
      </trkpt>
      <trkpt lat="42.460210" lon="2.845070">
        <ele>354.5</ele>
      </trkpt>
      <trkpt lat="42.460380" lon="2.844780">
        <ele>355.3</ele>
      </trkpt>
      <trkpt lat="42.460780" lon="2.844570">
        <ele>356.6</ele>
      </trkpt>
      <trkpt lat="42.461080" lon="2.844190">
        <ele>360.3</ele>
      </trkpt>
      <trkpt lat="42.461160" lon="2.844150">
        <ele>360.3</ele>
      </trkpt>
      <trkpt lat="42.461230" lon="2.844170">
        <ele>360.1</ele>
      </trkpt>
      <trkpt lat="42.461300" lon="2.844280">
        <ele>360.1</ele>
      </trkpt>
      <trkpt lat="42.461460" lon="2.844840">
        <ele>352.8</ele>
      </trkpt>
      <trkpt lat="42.461520" lon="2.844880">
        <ele>349.5</ele>
      </trkpt>
      <trkpt lat="42.461600" lon="2.844860">
        <ele>349.6</ele>
      </trkpt>
      <trkpt lat="42.462220" lon="2.844250">
        <ele>356.5</ele>
      </trkpt>
      <trkpt lat="42.462700" lon="2.843590">
        <ele>357.6</ele>
      </trkpt>
      <trkpt lat="42.462900" lon="2.843190">
        <ele>358.3</ele>
      </trkpt>
      <trkpt lat="42.462990" lon="2.842890">
        <ele>355.7</ele>
      </trkpt>
      <trkpt lat="42.462990" lon="2.842720">
        <ele>355.7</ele>
      </trkpt>
      <trkpt lat="42.463070" lon="2.842590">
        <ele>356.2</ele>
      </trkpt>
      <trkpt lat="42.463210" lon="2.842520">
        <ele>351.9</ele>
      </trkpt>
      <trkpt lat="42.463250" lon="2.842420">
        <ele>352.3</ele>
      </trkpt>
      <trkpt lat="42.463270" lon="2.842010">
        <ele>352.8</ele>
      </trkpt>
      <trkpt lat="42.463510" lon="2.841410">
        <ele>348.8</ele>
      </trkpt>
      <trkpt lat="42.463490" lon="2.840750">
        <ele>355.3</ele>
      </trkpt>
      <trkpt lat="42.463410" lon="2.840350">
        <ele>358.7</ele>
      </trkpt>
      <trkpt lat="42.463430" lon="2.840280">
        <ele>358.7</ele>
      </trkpt>
      <trkpt lat="42.463570" lon="2.840230">
        <ele>357.8</ele>
      </trkpt>
      <trkpt lat="42.463870" lon="2.840330">
        <ele>349.5</ele>
      </trkpt>
      <trkpt lat="42.463980" lon="2.840330">
        <ele>345.2</ele>
      </trkpt>
      <trkpt lat="42.464040" lon="2.840270">
        <ele>349.1</ele>
      </trkpt>
      <trkpt lat="42.464170" lon="2.840100">
        <ele>344.5</ele>
      </trkpt>
      <trkpt lat="42.464190" lon="2.839990">
        <ele>347.9</ele>
      </trkpt>
      <trkpt lat="42.464180" lon="2.839750">
        <ele>347.9</ele>
      </trkpt>
      <trkpt lat="42.464100" lon="2.839470">
        <ele>356</ele>
      </trkpt>
      <trkpt lat="42.464060" lon="2.839120">
        <ele>362.2</ele>
      </trkpt>
      <trkpt lat="42.464200" lon="2.839020">
        <ele>356.8</ele>
      </trkpt>
      <trkpt lat="42.464550" lon="2.839170">
        <ele>351.8</ele>
      </trkpt>
      <trkpt lat="42.464620" lon="2.839130">
        <ele>347</ele>
      </trkpt>
      <trkpt lat="42.464730" lon="2.838990">
        <ele>347</ele>
      </trkpt>
      <trkpt lat="42.464820" lon="2.838760">
        <ele>344.1</ele>
      </trkpt>
      <trkpt lat="42.464830" lon="2.838490">
        <ele>345</ele>
      </trkpt>
      <trkpt lat="42.464920" lon="2.838180">
        <ele>345.6</ele>
      </trkpt>
      <trkpt lat="42.464950" lon="2.837950">
        <ele>345.8</ele>
      </trkpt>
      <trkpt lat="42.464930" lon="2.837870">
        <ele>345.8</ele>
      </trkpt>
      <trkpt lat="42.464690" lon="2.837620">
        <ele>350.5</ele>
      </trkpt>
      <trkpt lat="42.464650" lon="2.837540">
        <ele>349.7</ele>
      </trkpt>
      <trkpt lat="42.464650" lon="2.837450">
        <ele>349.7</ele>
      </trkpt>
      <trkpt lat="42.464760" lon="2.837270">
        <ele>343.7</ele>
      </trkpt>
      <trkpt lat="42.464810" lon="2.837030">
        <ele>343.1</ele>
      </trkpt>
      <trkpt lat="42.464730" lon="2.836870">
        <ele>348.2</ele>
      </trkpt>
      <trkpt lat="42.464540" lon="2.836700">
        <ele>353.8</ele>
      </trkpt>
      <trkpt lat="42.464510" lon="2.836460">
        <ele>354.3</ele>
      </trkpt>
      <trkpt lat="42.464600" lon="2.836360">
        <ele>348.8</ele>
      </trkpt>
      <trkpt lat="42.464780" lon="2.836370">
        <ele>343.7</ele>
      </trkpt>
      <trkpt lat="42.464930" lon="2.836210">
        <ele>345.3</ele>
      </trkpt>
      <trkpt lat="42.464990" lon="2.835950">
        <ele>343</ele>
      </trkpt>
      <trkpt lat="42.464960" lon="2.835520">
        <ele>345.2</ele>
      </trkpt>
      <trkpt lat="42.465080" lon="2.835320">
        <ele>347.5</ele>
      </trkpt>
      <trkpt lat="42.465600" lon="2.834670">
        <ele>337.2</ele>
      </trkpt>
      <trkpt lat="42.465740" lon="2.834400">
        <ele>337.9</ele>
      </trkpt>
      <trkpt lat="42.465820" lon="2.834120">
        <ele>333.7</ele>
      </trkpt>
      <trkpt lat="42.465810" lon="2.833790">
        <ele>332.5</ele>
      </trkpt>
      <trkpt lat="42.465470" lon="2.833420">
        <ele>337.8</ele>
      </trkpt>
      <trkpt lat="42.465470" lon="2.833260">
        <ele>336.6</ele>
      </trkpt>
      <trkpt lat="42.465540" lon="2.833060">
        <ele>336.6</ele>
      </trkpt>
      <trkpt lat="42.465550" lon="2.832820">
        <ele>333.2</ele>
      </trkpt>
      <trkpt lat="42.465490" lon="2.832770">
        <ele>335.6</ele>
      </trkpt>
      <trkpt lat="42.465020" lon="2.832850">
        <ele>339.2</ele>
      </trkpt>
      <trkpt lat="42.464760" lon="2.832950">
        <ele>339.8</ele>
      </trkpt>
      <trkpt lat="42.464630" lon="2.832940">
        <ele>339.7</ele>
      </trkpt>
      <trkpt lat="42.464530" lon="2.832840">
        <ele>339</ele>
      </trkpt>
      <trkpt lat="42.464510" lon="2.832760">
        <ele>339</ele>
      </trkpt>
      <trkpt lat="42.464390" lon="2.832140">
        <ele>330.8</ele>
      </trkpt>
      <trkpt lat="42.464260" lon="2.832010">
        <ele>330.2</ele>
      </trkpt>
      <trkpt lat="42.464130" lon="2.832030">
        <ele>329.7</ele>
      </trkpt>
      <trkpt lat="42.463970" lon="2.832120">
        <ele>329.7</ele>
      </trkpt>
      <trkpt lat="42.463710" lon="2.832510">
        <ele>332</ele>
      </trkpt>
      <trkpt lat="42.463450" lon="2.832820">
        <ele>333.3</ele>
      </trkpt>
      <trkpt lat="42.463330" lon="2.833120">
        <ele>336.1</ele>
      </trkpt>
      <trkpt lat="42.463280" lon="2.833200">
        <ele>336.1</ele>
      </trkpt>
      <trkpt lat="42.463200" lon="2.833190">
        <ele>336.1</ele>
      </trkpt>
      <trkpt lat="42.463110" lon="2.832790">
        <ele>336</ele>
      </trkpt>
      <trkpt lat="42.463010" lon="2.832540">
        <ele>335.6</ele>
      </trkpt>
      <trkpt lat="42.463020" lon="2.832420">
        <ele>336.5</ele>
      </trkpt>
      <trkpt lat="42.463140" lon="2.832170">
        <ele>338.4</ele>
      </trkpt>
      <trkpt lat="42.463180" lon="2.831980">
        <ele>334.6</ele>
      </trkpt>
      <trkpt lat="42.463180" lon="2.831640">
        <ele>337.9</ele>
      </trkpt>
      <trkpt lat="42.463230" lon="2.831230">
        <ele>339.1</ele>
      </trkpt>
      <trkpt lat="42.463160" lon="2.830910">
        <ele>344.8</ele>
      </trkpt>
      <trkpt lat="42.463160" lon="2.830810">
        <ele>344.4</ele>
      </trkpt>
      <trkpt lat="42.463320" lon="2.830440">
        <ele>337</ele>
      </trkpt>
      <trkpt lat="42.463350" lon="2.830260">
        <ele>334.5</ele>
      </trkpt>
      <trkpt lat="42.463320" lon="2.830160">
        <ele>334.5</ele>
      </trkpt>
      <trkpt lat="42.463250" lon="2.830080">
        <ele>334.5</ele>
      </trkpt>
      <trkpt lat="42.462930" lon="2.829940">
        <ele>343</ele>
      </trkpt>
      <trkpt lat="42.462880" lon="2.829840">
        <ele>343</ele>
      </trkpt>
      <trkpt lat="42.462930" lon="2.829460">
        <ele>334.6</ele>
      </trkpt>
      <trkpt lat="42.462790" lon="2.829030">
        <ele>330.8</ele>
      </trkpt>
      <trkpt lat="42.462730" lon="2.828490">
        <ele>328.3</ele>
      </trkpt>
      <trkpt lat="42.462780" lon="2.828150">
        <ele>325.4</ele>
      </trkpt>
      <trkpt lat="42.462710" lon="2.827930">
        <ele>327</ele>
      </trkpt>
      <trkpt lat="42.462400" lon="2.827730">
        <ele>328.8</ele>
      </trkpt>
      <trkpt lat="42.462210" lon="2.827680">
        <ele>330.1</ele>
      </trkpt>
      <trkpt lat="42.462090" lon="2.827710">
        <ele>332</ele>
      </trkpt>
      <trkpt lat="42.462040" lon="2.827750">
        <ele>332</ele>
      </trkpt>
      <trkpt lat="42.461950" lon="2.828030">
        <ele>334.5</ele>
      </trkpt>
      <trkpt lat="42.461870" lon="2.828060">
        <ele>334.5</ele>
      </trkpt>
      <trkpt lat="42.461820" lon="2.827960">
        <ele>334.5</ele>
      </trkpt>
      <trkpt lat="42.461790" lon="2.827440">
        <ele>336.9</ele>
      </trkpt>
      <trkpt lat="42.461870" lon="2.827240">
        <ele>340.7</ele>
      </trkpt>
      <trkpt lat="42.462110" lon="2.827040">
        <ele>342</ele>
      </trkpt>
      <trkpt lat="42.462520" lon="2.826910">
        <ele>337.2</ele>
      </trkpt>
      <trkpt lat="42.462690" lon="2.826790">
        <ele>340.5</ele>
      </trkpt>
      <trkpt lat="42.463040" lon="2.826650">
        <ele>339.6</ele>
      </trkpt>
      <trkpt lat="42.463080" lon="2.826590">
        <ele>339.6</ele>
      </trkpt>
      <trkpt lat="42.463120" lon="2.826430">
        <ele>342.4</ele>
      </trkpt>
      <trkpt lat="42.463160" lon="2.825730">
        <ele>348.3</ele>
      </trkpt>
      <trkpt lat="42.462910" lon="2.825300">
        <ele>356.2</ele>
      </trkpt>
      <trkpt lat="42.462960" lon="2.825250">
        <ele>356.2</ele>
      </trkpt>
      <trkpt lat="42.463230" lon="2.825190">
        <ele>350.4</ele>
      </trkpt>
      <trkpt lat="42.463320" lon="2.825050">
        <ele>352</ele>
      </trkpt>
      <trkpt lat="42.463340" lon="2.824940">
        <ele>352</ele>
      </trkpt>
      <trkpt lat="42.463320" lon="2.824670">
        <ele>353</ele>
      </trkpt>
      <trkpt lat="42.463250" lon="2.824270">
        <ele>354.1</ele>
      </trkpt>
      <trkpt lat="42.463330" lon="2.823730">
        <ele>352.4</ele>
      </trkpt>
      <trkpt lat="42.463310" lon="2.823060">
        <ele>346.6</ele>
      </trkpt>
      <trkpt lat="42.463210" lon="2.822860">
        <ele>342.3</ele>
      </trkpt>
      <trkpt lat="42.462850" lon="2.822500">
        <ele>349.9</ele>
      </trkpt>
      <trkpt lat="42.462780" lon="2.822330">
        <ele>345</ele>
      </trkpt>
      <trkpt lat="42.462740" lon="2.822020">
        <ele>347</ele>
      </trkpt>
      <trkpt lat="42.462540" lon="2.821610">
        <ele>346.2</ele>
      </trkpt>
      <trkpt lat="42.462510" lon="2.821430">
        <ele>346.2</ele>
      </trkpt>
      <trkpt lat="42.462490" lon="2.820950">
        <ele>340.9</ele>
      </trkpt>
      <trkpt lat="42.462450" lon="2.820690">
        <ele>338.8</ele>
      </trkpt>
      <trkpt lat="42.462350" lon="2.820490">
        <ele>341.2</ele>
      </trkpt>
      <trkpt lat="42.462300" lon="2.820210">
        <ele>338.8</ele>
      </trkpt>
      <trkpt lat="42.462200" lon="2.819990">
        <ele>336.6</ele>
      </trkpt>
      <trkpt lat="42.462210" lon="2.819870">
        <ele>336.6</ele>
      </trkpt>
      <trkpt lat="42.462290" lon="2.819670">
        <ele>334.9</ele>
      </trkpt>
      <trkpt lat="42.462520" lon="2.819460">
        <ele>331.6</ele>
      </trkpt>
      <trkpt lat="42.462580" lon="2.819290">
        <ele>329.5</ele>
      </trkpt>
      <trkpt lat="42.462750" lon="2.819310">
        <ele>329.5</ele>
      </trkpt>
      <trkpt lat="42.462850" lon="2.819400">
        <ele>328</ele>
      </trkpt>
      <trkpt lat="42.462920" lon="2.819550">
        <ele>327.4</ele>
      </trkpt>
      <trkpt lat="42.462910" lon="2.819670">
        <ele>327.4</ele>
      </trkpt>
      <trkpt lat="42.462730" lon="2.819870">
        <ele>330.4</ele>
      </trkpt>
      <trkpt lat="42.462740" lon="2.819980">
        <ele>330.4</ele>
      </trkpt>
      <trkpt lat="42.462870" lon="2.820150">
        <ele>328.2</ele>
      </trkpt>
      <trkpt lat="42.463160" lon="2.820870">
        <ele>323.4</ele>
      </trkpt>
      <trkpt lat="42.463530" lon="2.821510">
        <ele>321.9</ele>
      </trkpt>
      <trkpt lat="42.463720" lon="2.821930">
        <ele>319.7</ele>
      </trkpt>
      <trkpt lat="42.463820" lon="2.822020">
        <ele>317.6</ele>
      </trkpt>
      <trkpt lat="42.464060" lon="2.821910">
        <ele>315.8</ele>
      </trkpt>
      <trkpt lat="42.464350" lon="2.822060">
        <ele>313.7</ele>
      </trkpt>
      <trkpt lat="42.464410" lon="2.822060">
        <ele>313.1</ele>
      </trkpt>
      <trkpt lat="42.464610" lon="2.821930">
        <ele>316.6</ele>
      </trkpt>
      <trkpt lat="42.464780" lon="2.821750">
        <ele>317.7</ele>
      </trkpt>
      <trkpt lat="42.464910" lon="2.821730">
        <ele>317.7</ele>
      </trkpt>
      <trkpt lat="42.465120" lon="2.821890">
        <ele>318.6</ele>
      </trkpt>
      <trkpt lat="42.465300" lon="2.822280">
        <ele>311.5</ele>
      </trkpt>
      <trkpt lat="42.465410" lon="2.822400">
        <ele>312</ele>
      </trkpt>
      <trkpt lat="42.466260" lon="2.822330">
        <ele>312.4</ele>
      </trkpt>
      <trkpt lat="42.466410" lon="2.822350">
        <ele>311.9</ele>
      </trkpt>
      <trkpt lat="42.466660" lon="2.822660">
        <ele>308.8</ele>
      </trkpt>
      <trkpt lat="42.466800" lon="2.822770">
        <ele>307</ele>
      </trkpt>
      <trkpt lat="42.467170" lon="2.822850">
        <ele>306.2</ele>
      </trkpt>
      <trkpt lat="42.467430" lon="2.822830">
        <ele>305.8</ele>
      </trkpt>
      <trkpt lat="42.468000" lon="2.822580">
        <ele>302.6</ele>
      </trkpt>
      <trkpt lat="42.468170" lon="2.822390">
        <ele>300</ele>
      </trkpt>
      <trkpt lat="42.468270" lon="2.822190">
        <ele>300.2</ele>
      </trkpt>
      <trkpt lat="42.468280" lon="2.822000">
        <ele>300.2</ele>
      </trkpt>
      <trkpt lat="42.468220" lon="2.821740">
        <ele>301.4</ele>
      </trkpt>
      <trkpt lat="42.468210" lon="2.821640">
        <ele>303.6</ele>
      </trkpt>
      <trkpt lat="42.468250" lon="2.821580">
        <ele>303.6</ele>
      </trkpt>
      <trkpt lat="42.468380" lon="2.821540">
        <ele>300.1</ele>
      </trkpt>
      <trkpt lat="42.468920" lon="2.821660">
        <ele>293.2</ele>
      </trkpt>
      <trkpt lat="42.469180" lon="2.821540">
        <ele>289</ele>
      </trkpt>
      <trkpt lat="42.469390" lon="2.821390">
        <ele>286.1</ele>
      </trkpt>
      <trkpt lat="42.469630" lon="2.821080">
        <ele>284.5</ele>
      </trkpt>
      <trkpt lat="42.469870" lon="2.820360">
        <ele>284.4</ele>
      </trkpt>
      <trkpt lat="42.470020" lon="2.819380">
        <ele>281.8</ele>
      </trkpt>
      <trkpt lat="42.470050" lon="2.819010">
        <ele>280.3</ele>
      </trkpt>
      <trkpt lat="42.470030" lon="2.817850">
        <ele>271.1</ele>
      </trkpt>
      <trkpt lat="42.470060" lon="2.817740">
        <ele>271.1</ele>
      </trkpt>
      <trkpt lat="42.470120" lon="2.817650">
        <ele>268.7</ele>
      </trkpt>
      <trkpt lat="42.470260" lon="2.817620">
        <ele>267.4</ele>
      </trkpt>
      <trkpt lat="42.470310" lon="2.817480">
        <ele>267.4</ele>
      </trkpt>
      <trkpt lat="42.470290" lon="2.817300">
        <ele>267.1</ele>
      </trkpt>
      <trkpt lat="42.470380" lon="2.817160">
        <ele>264.2</ele>
      </trkpt>
      <trkpt lat="42.470650" lon="2.816810">
        <ele>261.7</ele>
      </trkpt>
      <trkpt lat="42.471010" lon="2.816440">
        <ele>259.4</ele>
      </trkpt>
      <trkpt lat="42.471120" lon="2.816250">
        <ele>260.9</ele>
      </trkpt>
      <trkpt lat="42.471540" lon="2.816070">
        <ele>255.6</ele>
      </trkpt>
      <trkpt lat="42.471940" lon="2.815990">
        <ele>249.7</ele>
      </trkpt>
      <trkpt lat="42.472370" lon="2.815720">
        <ele>245.6</ele>
      </trkpt>
      <trkpt lat="42.472620" lon="2.815440">
        <ele>248.3</ele>
      </trkpt>
      <trkpt lat="42.472970" lon="2.815270">
        <ele>243.9</ele>
      </trkpt>
      <trkpt lat="42.473600" lon="2.815190">
        <ele>244.8</ele>
      </trkpt>
      <trkpt lat="42.474020" lon="2.815370">
        <ele>239.5</ele>
      </trkpt>
      <trkpt lat="42.474250" lon="2.815530">
        <ele>234</ele>
      </trkpt>
      <trkpt lat="42.474560" lon="2.815580">
        <ele>232.2</ele>
      </trkpt>
      <trkpt lat="42.474640" lon="2.815620">
        <ele>232.2</ele>
      </trkpt>
      <trkpt lat="42.474850" lon="2.815860">
        <ele>224.5</ele>
      </trkpt>
      <trkpt lat="42.475030" lon="2.815940">
        <ele>222.7</ele>
      </trkpt>
      <trkpt lat="42.475750" lon="2.815810">
        <ele>209.2</ele>
      </trkpt>
      <trkpt lat="42.476030" lon="2.815450">
        <ele>207.9</ele>
      </trkpt>
      <trkpt lat="42.476300" lon="2.815310">
        <ele>198.9</ele>
      </trkpt>
      <trkpt lat="42.476440" lon="2.815190">
        <ele>199.2</ele>
      </trkpt>
      <trkpt lat="42.476500" lon="2.814980">
        <ele>196.9</ele>
      </trkpt>
      <trkpt lat="42.476420" lon="2.814380">
        <ele>200.2</ele>
      </trkpt>
      <trkpt lat="42.476440" lon="2.813900">
        <ele>199.8</ele>
      </trkpt>
      <trkpt lat="42.476640" lon="2.813360">
        <ele>193.5</ele>
      </trkpt>
      <trkpt lat="42.476690" lon="2.813070">
        <ele>189.9</ele>
      </trkpt>
      <trkpt lat="42.476630" lon="2.812310">
        <ele>186.8</ele>
      </trkpt>
      <trkpt lat="42.476530" lon="2.812160">
        <ele>186.4</ele>
      </trkpt>
      <trkpt lat="42.476340" lon="2.812030">
        <ele>190.1</ele>
      </trkpt>
      <trkpt lat="42.476310" lon="2.811960">
        <ele>190.5</ele>
      </trkpt>
      <trkpt lat="42.476330" lon="2.811850">
        <ele>190.5</ele>
      </trkpt>
      <trkpt lat="42.476360" lon="2.811750">
        <ele>190.5</ele>
      </trkpt>
      <trkpt lat="42.476460" lon="2.811680">
        <ele>191.4</ele>
      </trkpt>
      <trkpt lat="42.476530" lon="2.811670">
        <ele>187.6</ele>
      </trkpt>
      <trkpt lat="42.476840" lon="2.811790">
        <ele>183.9</ele>
      </trkpt>
      <trkpt lat="42.476990" lon="2.811760">
        <ele>181.9</ele>
      </trkpt>
      <trkpt lat="42.478030" lon="2.810990">
        <ele>172.7</ele>
      </trkpt>
      <trkpt lat="42.478170" lon="2.810600">
        <ele>167.7</ele>
      </trkpt>
      <trkpt lat="42.478180" lon="2.810430">
        <ele>167.7</ele>
      </trkpt>
      <trkpt lat="42.478130" lon="2.810280">
        <ele>165.3</ele>
      </trkpt>
      <trkpt lat="42.477900" lon="2.809920">
        <ele>164.5</ele>
      </trkpt>
      <trkpt lat="42.477840" lon="2.809680">
        <ele>165.4</ele>
      </trkpt>
      <trkpt lat="42.477900" lon="2.809500">
        <ele>165.1</ele>
      </trkpt>
      <trkpt lat="42.477990" lon="2.809410">
        <ele>165.1</ele>
      </trkpt>
      <trkpt lat="42.478060" lon="2.809400">
        <ele>165.1</ele>
      </trkpt>
      <trkpt lat="42.478260" lon="2.809550">
        <ele>164.8</ele>
      </trkpt>
      <trkpt lat="42.478410" lon="2.809580">
        <ele>163.8</ele>
      </trkpt>
      <trkpt lat="42.478540" lon="2.809530">
        <ele>163.5</ele>
      </trkpt>
      <trkpt lat="42.478740" lon="2.809330">
        <ele>162.7</ele>
      </trkpt>
      <trkpt lat="42.478930" lon="2.809280">
        <ele>160.7</ele>
      </trkpt>
      <trkpt lat="42.479030" lon="2.809480">
        <ele>162.2</ele>
      </trkpt>
      <trkpt lat="42.479100" lon="2.809530">
        <ele>162.2</ele>
      </trkpt>
      <trkpt lat="42.479250" lon="2.809530">
        <ele>162.2</ele>
      </trkpt>
      <trkpt lat="42.479480" lon="2.809410">
        <ele>163.6</ele>
      </trkpt>
      <trkpt lat="42.479910" lon="2.809100">
        <ele>160.7</ele>
      </trkpt>
      <trkpt lat="42.480290" lon="2.808910">
        <ele>159.2</ele>
      </trkpt>
      <trkpt lat="42.480770" lon="2.808810">
        <ele>163.8</ele>
      </trkpt>
      <trkpt lat="42.481220" lon="2.808470">
        <ele>154.6</ele>
      </trkpt>
      <trkpt lat="42.481370" lon="2.808420">
        <ele>154.3</ele>
      </trkpt>
      <trkpt lat="42.481920" lon="2.808350">
        <ele>150.2</ele>
      </trkpt>
      <trkpt lat="42.482110" lon="2.808370">
        <ele>148.4</ele>
      </trkpt>
      <trkpt lat="42.482180" lon="2.808420">
        <ele>148.4</ele>
      </trkpt>
      <trkpt lat="42.482510" lon="2.808880">
        <ele>157.3</ele>
      </trkpt>
      <trkpt lat="42.482610" lon="2.808980">
        <ele>157.3</ele>
      </trkpt>
      <trkpt lat="42.482930" lon="2.809090">
        <ele>163.9</ele>
      </trkpt>
      <trkpt lat="42.483140" lon="2.809090">
        <ele>163.4</ele>
      </trkpt>
      <trkpt lat="42.483690" lon="2.808800">
        <ele>156.1</ele>
      </trkpt>
      <trkpt lat="42.484100" lon="2.808410">
        <ele>146.9</ele>
      </trkpt>
      <trkpt lat="42.484580" lon="2.808150">
        <ele>143.9</ele>
      </trkpt>
      <trkpt lat="42.485210" lon="2.808030">
        <ele>145.9</ele>
      </trkpt>
      <trkpt lat="42.486040" lon="2.807630">
        <ele>139.8</ele>
      </trkpt>
      <trkpt lat="42.486260" lon="2.807610">
        <ele>139</ele>
      </trkpt>
      <trkpt lat="42.486650" lon="2.807700">
        <ele>139.1</ele>
      </trkpt>
      <trkpt lat="42.487950" lon="2.807120">
        <ele>129.3</ele>
      </trkpt>
      <trkpt lat="42.488530" lon="2.807060">
        <ele>127.7</ele>
      </trkpt>
      <trkpt lat="42.488830" lon="2.806850">
        <ele>126</ele>
      </trkpt>
      <trkpt lat="42.489160" lon="2.806700">
        <ele>126.8</ele>
      </trkpt>
      <trkpt lat="42.489350" lon="2.806720">
        <ele>127.6</ele>
      </trkpt>
      <trkpt lat="42.489760" lon="2.806960">
        <ele>130.5</ele>
      </trkpt>
      <trkpt lat="42.489960" lon="2.806970">
        <ele>130.6</ele>
      </trkpt>
      <trkpt lat="42.490340" lon="2.807100">
        <ele>130.3</ele>
      </trkpt>
      <trkpt lat="42.490810" lon="2.807360">
        <ele>129.2</ele>
      </trkpt>
      <trkpt lat="42.490880" lon="2.807340">
        <ele>129.2</ele>
      </trkpt>
      <trkpt lat="42.490680" lon="2.806320">
        <ele>123.4</ele>
      </trkpt>
      <trkpt lat="42.490550" lon="2.806100">
        <ele>124.1</ele>
      </trkpt>
      <trkpt lat="42.490430" lon="2.805970">
        <ele>121.6</ele>
      </trkpt>
      <trkpt lat="42.489870" lon="2.805620">
        <ele>120.1</ele>
      </trkpt>
      <trkpt lat="42.489800" lon="2.805610">
        <ele>120.1</ele>
      </trkpt>
      <trkpt lat="42.489570" lon="2.805690">
        <ele>119.3</ele>
      </trkpt>
      <trkpt lat="42.489530" lon="2.805590">
        <ele>119.3</ele>
      </trkpt>
      <trkpt lat="42.489470" lon="2.805560">
        <ele>119.3</ele>
      </trkpt>
      <trkpt lat="42.489480" lon="2.805310">
        <ele>117.1</ele>
      </trkpt>
      <trkpt lat="42.490120" lon="2.803020">
        <ele>123.5</ele>
      </trkpt>
      <trkpt lat="42.490170" lon="2.802960">
        <ele>123.5</ele>
      </trkpt>
      <trkpt lat="42.490270" lon="2.802970">
        <ele>123.9</ele>
      </trkpt>
      <trkpt lat="42.490350" lon="2.803100">
        <ele>121.9</ele>
      </trkpt>
      <trkpt lat="42.491100" lon="2.803050">
        <ele>128</ele>
      </trkpt>
      <trkpt lat="42.491200" lon="2.803180">
        <ele>128.1</ele>
      </trkpt>
      <trkpt lat="42.491350" lon="2.803580">
        <ele>127</ele>
      </trkpt>
      <trkpt lat="42.491580" lon="2.804620">
        <ele>122.2</ele>
      </trkpt>
      <trkpt lat="42.491730" lon="2.804850">
        <ele>121.6</ele>
      </trkpt>
      <trkpt lat="42.492700" lon="2.805080">
        <ele>125.8</ele>
      </trkpt>
      <trkpt lat="42.493360" lon="2.805650">
        <ele>125</ele>
      </trkpt>
      <trkpt lat="42.493760" lon="2.805920">
        <ele>124.8</ele>
      </trkpt>
      <trkpt lat="42.494190" lon="2.806060">
        <ele>124.5</ele>
      </trkpt>
      <trkpt lat="42.494270" lon="2.806210">
        <ele>124.5</ele>
      </trkpt>
      <trkpt lat="42.494850" lon="2.806330">
        <ele>123.8</ele>
      </trkpt>
      <trkpt lat="42.495440" lon="2.806240">
        <ele>124.9</ele>
      </trkpt>
      <trkpt lat="42.497040" lon="2.805560">
        <ele>122.7</ele>
      </trkpt>
      <trkpt lat="42.497610" lon="2.806530">
        <ele>119.7</ele>
      </trkpt>
      <trkpt lat="42.498530" lon="2.807780">
        <ele>117.6</ele>
      </trkpt>
      <trkpt lat="42.498810" lon="2.808020">
        <ele>117.2</ele>
      </trkpt>
      <trkpt lat="42.499220" lon="2.808300">
        <ele>116.7</ele>
      </trkpt>
      <trkpt lat="42.499470" lon="2.808420">
        <ele>116.3</ele>
      </trkpt>
      <trkpt lat="42.499680" lon="2.808610">
        <ele>115.7</ele>
      </trkpt>
      <trkpt lat="42.500100" lon="2.809200">
        <ele>115.1</ele>
      </trkpt>
      <trkpt lat="42.500330" lon="2.809470">
        <ele>114.7</ele>
      </trkpt>
      <trkpt lat="42.500530" lon="2.809630">
        <ele>114.2</ele>
      </trkpt>
      <trkpt lat="42.500700" lon="2.809670">
        <ele>114.2</ele>
      </trkpt>
      <trkpt lat="42.501090" lon="2.809930">
        <ele>113.7</ele>
      </trkpt>
      <trkpt lat="42.501330" lon="2.810040">
        <ele>113.7</ele>
      </trkpt>
      <trkpt lat="42.501590" lon="2.810090">
        <ele>113.6</ele>
      </trkpt>
      <trkpt lat="42.501790" lon="2.810190">
        <ele>112.8</ele>
      </trkpt>
      <trkpt lat="42.502310" lon="2.810550">
        <ele>111.7</ele>
      </trkpt>
      <trkpt lat="42.502880" lon="2.811100">
        <ele>110.4</ele>
      </trkpt>
      <trkpt lat="42.503290" lon="2.811420">
        <ele>109.3</ele>
      </trkpt>
      <trkpt lat="42.503670" lon="2.811670">
        <ele>108.4</ele>
      </trkpt>
      <trkpt lat="42.504030" lon="2.811750">
        <ele>107.5</ele>
      </trkpt>
      <trkpt lat="42.504170" lon="2.811820">
        <ele>107.6</ele>
      </trkpt>
      <trkpt lat="42.504820" lon="2.812730">
        <ele>106.4</ele>
      </trkpt>
      <trkpt lat="42.505350" lon="2.813390">
        <ele>105.2</ele>
      </trkpt>
      <trkpt lat="42.505710" lon="2.814230">
        <ele>104.3</ele>
      </trkpt>
      <trkpt lat="42.506160" lon="2.815390">
        <ele>101.6</ele>
      </trkpt>
      <trkpt lat="42.506420" lon="2.815720">
        <ele>101.1</ele>
      </trkpt>
      <trkpt lat="42.506540" lon="2.815820">
        <ele>100.8</ele>
      </trkpt>
      <trkpt lat="42.507570" lon="2.816090">
        <ele>99.8</ele>
      </trkpt>
      <trkpt lat="42.507640" lon="2.816070">
        <ele>99.8</ele>
      </trkpt>
      <trkpt lat="42.508360" lon="2.815560">
        <ele>99.3</ele>
      </trkpt>
      <trkpt lat="42.508950" lon="2.814860">
        <ele>98.8</ele>
      </trkpt>
      <trkpt lat="42.509080" lon="2.814890">
        <ele>98.6</ele>
      </trkpt>
      <trkpt lat="42.509610" lon="2.815440">
        <ele>97.5</ele>
      </trkpt>
      <trkpt lat="42.510250" lon="2.816300">
        <ele>97.8</ele>
      </trkpt>
      <trkpt lat="42.510190" lon="2.818690">
        <ele>97.4</ele>
      </trkpt>
      <trkpt lat="42.511860" lon="2.818720">
        <ele>93.9</ele>
      </trkpt>
      <trkpt lat="42.512030" lon="2.818830">
        <ele>93.9</ele>
      </trkpt>
      <trkpt lat="42.512770" lon="2.820070">
        <ele>94.5</ele>
      </trkpt>
      <trkpt lat="42.513800" lon="2.822440">
        <ele>90</ele>
      </trkpt>
      <trkpt lat="42.514240" lon="2.823270">
        <ele>89.8</ele>
      </trkpt>
      <trkpt lat="42.514610" lon="2.824060">
        <ele>88.6</ele>
      </trkpt>
      <trkpt lat="42.514950" lon="2.824400">
        <ele>87.5</ele>
      </trkpt>
      <trkpt lat="42.515110" lon="2.824640">
        <ele>87.3</ele>
      </trkpt>
      <trkpt lat="42.515320" lon="2.825050">
        <ele>86.3</ele>
      </trkpt>
      <trkpt lat="42.515750" lon="2.825440">
        <ele>86.2</ele>
      </trkpt>
      <trkpt lat="42.516010" lon="2.825590">
        <ele>86.2</ele>
      </trkpt>
      <trkpt lat="42.516400" lon="2.825570">
        <ele>84.4</ele>
      </trkpt>
      <trkpt lat="42.516510" lon="2.825800">
        <ele>81.9</ele>
      </trkpt>
      <trkpt lat="42.516770" lon="2.825670">
        <ele>79.8</ele>
      </trkpt>
      <trkpt lat="42.516840" lon="2.825690">
        <ele>77.6</ele>
      </trkpt>
      <trkpt lat="42.516850" lon="2.825810">
        <ele>77.4</ele>
      </trkpt>
      <trkpt lat="42.516820" lon="2.825970">
        <ele>77.4</ele>
      </trkpt>
      <trkpt lat="42.516600" lon="2.826410">
        <ele>80.8</ele>
      </trkpt>
      <trkpt lat="42.516580" lon="2.826550">
        <ele>80.2</ele>
      </trkpt>
      <trkpt lat="42.516690" lon="2.827120">
        <ele>78</ele>
      </trkpt>
      <trkpt lat="42.517000" lon="2.827340">
        <ele>77.6</ele>
      </trkpt>
      <trkpt lat="42.517380" lon="2.827450">
        <ele>76.5</ele>
      </trkpt>
      <trkpt lat="42.517600" lon="2.827380">
        <ele>76.4</ele>
      </trkpt>
      <trkpt lat="42.517660" lon="2.827450">
        <ele>76.2</ele>
      </trkpt>
      <trkpt lat="42.517710" lon="2.827670">
        <ele>75.6</ele>
      </trkpt>
      <trkpt lat="42.517740" lon="2.828040">
        <ele>75.1</ele>
      </trkpt>
      <trkpt lat="42.517590" lon="2.828390">
        <ele>74.4</ele>
      </trkpt>
      <trkpt lat="42.517630" lon="2.828480">
        <ele>74.4</ele>
      </trkpt>
      <trkpt lat="42.517740" lon="2.828320">
        <ele>74.7</ele>
      </trkpt>
      <trkpt lat="42.517810" lon="2.828310">
        <ele>75.1</ele>
      </trkpt>
      <trkpt lat="42.517900" lon="2.828380">
        <ele>75.1</ele>
      </trkpt>
      <trkpt lat="42.517990" lon="2.828540">
        <ele>74.7</ele>
      </trkpt>
      <trkpt lat="42.518090" lon="2.828870">
        <ele>74.2</ele>
      </trkpt>
      <trkpt lat="42.518110" lon="2.829100">
        <ele>73.4</ele>
      </trkpt>
      <trkpt lat="42.518040" lon="2.829450">
        <ele>72.8</ele>
      </trkpt>
      <trkpt lat="42.517990" lon="2.829940">
        <ele>72.6</ele>
      </trkpt>
      <trkpt lat="42.518120" lon="2.830970">
        <ele>73.9</ele>
      </trkpt>
      <trkpt lat="42.518140" lon="2.831430">
        <ele>74.1</ele>
      </trkpt>
      <trkpt lat="42.518100" lon="2.831660">
        <ele>73.9</ele>
      </trkpt>
      <trkpt lat="42.517960" lon="2.831950">
        <ele>73.8</ele>
      </trkpt>
      <trkpt lat="42.517940" lon="2.832090">
        <ele>73.8</ele>
      </trkpt>
      <trkpt lat="42.518100" lon="2.833070">
        <ele>71.8</ele>
      </trkpt>
      <trkpt lat="42.518020" lon="2.833950">
        <ele>70.9</ele>
      </trkpt>
      <trkpt lat="42.518000" lon="2.834520">
        <ele>71.1</ele>
      </trkpt>
      <trkpt lat="42.518100" lon="2.835320">
        <ele>71.5</ele>
      </trkpt>
      <trkpt lat="42.518090" lon="2.835920">
        <ele>72</ele>
      </trkpt>
      <trkpt lat="42.518030" lon="2.836470">
        <ele>72.4</ele>
      </trkpt>
      <trkpt lat="42.518060" lon="2.836980">
        <ele>72.9</ele>
      </trkpt>
      <trkpt lat="42.518120" lon="2.837510">
        <ele>74</ele>
      </trkpt>
      <trkpt lat="42.518220" lon="2.838090">
        <ele>73.7</ele>
      </trkpt>
      <trkpt lat="42.518600" lon="2.839140">
        <ele>75.7</ele>
      </trkpt>
      <trkpt lat="42.518720" lon="2.839240">
        <ele>77.1</ele>
      </trkpt>
      <trkpt lat="42.519050" lon="2.839430">
        <ele>75</ele>
      </trkpt>
      <trkpt lat="42.519360" lon="2.839750">
        <ele>77</ele>
      </trkpt>
      <trkpt lat="42.519370" lon="2.839860">
        <ele>77</ele>
      </trkpt>
      <trkpt lat="42.519080" lon="2.840430">
        <ele>80.6</ele>
      </trkpt>
      <trkpt lat="42.519090" lon="2.840610">
        <ele>81.6</ele>
      </trkpt>
      <trkpt lat="42.519700" lon="2.841720">
        <ele>83.4</ele>
      </trkpt>
      <trkpt lat="42.520830" lon="2.843430">
        <ele>81.5</ele>
      </trkpt>
      <trkpt lat="42.521060" lon="2.843560">
        <ele>81.1</ele>
      </trkpt>
      <trkpt lat="42.521770" lon="2.843700">
        <ele>79.5</ele>
      </trkpt>
      <trkpt lat="42.521990" lon="2.843870">
        <ele>78</ele>
      </trkpt>
      <trkpt lat="42.522900" lon="2.845610">
        <ele>76.1</ele>
      </trkpt>
      <trkpt lat="42.522920" lon="2.846010">
        <ele>78.3</ele>
      </trkpt>
      <trkpt lat="42.522880" lon="2.846460">
        <ele>78.8</ele>
      </trkpt>
      <trkpt lat="42.522930" lon="2.846880">
        <ele>79.6</ele>
      </trkpt>
      <trkpt lat="42.522860" lon="2.847000">
        <ele>79.6</ele>
      </trkpt>
      <trkpt lat="42.524430" lon="2.849320">
        <ele>77.8</ele>
      </trkpt>
      <trkpt lat="42.526560" lon="2.852660">
        <ele>77.8</ele>
      </trkpt>
      <trkpt lat="42.527600" lon="2.854160">
        <ele>76.4</ele>
      </trkpt>
      <trkpt lat="42.527720" lon="2.854400">
        <ele>76.4</ele>
      </trkpt>
      <trkpt lat="42.527720" lon="2.854470">
        <ele>76.4</ele>
      </trkpt>
      <trkpt lat="42.527770" lon="2.854530">
        <ele>75.4</ele>
      </trkpt>
      <trkpt lat="42.527460" lon="2.854980">
        <ele>78.6</ele>
      </trkpt>
      <trkpt lat="42.527950" lon="2.855420">
        <ele>74.6</ele>
      </trkpt>
      <trkpt lat="42.529370" lon="2.857150">
        <ele>72.2</ele>
      </trkpt>
      <trkpt lat="42.529860" lon="2.857900">
        <ele>70.5</ele>
      </trkpt>
      <trkpt lat="42.530330" lon="2.858770">
        <ele>69.3</ele>
      </trkpt>
      <trkpt lat="42.530870" lon="2.859380">
        <ele>68.7</ele>
      </trkpt>
      <trkpt lat="42.531390" lon="2.860200">
        <ele>69.9</ele>
      </trkpt>
      <trkpt lat="42.531670" lon="2.860560">
        <ele>71</ele>
      </trkpt>
      <trkpt lat="42.531740" lon="2.860700">
        <ele>71</ele>
      </trkpt>
      <trkpt lat="42.531860" lon="2.862810">
        <ele>72.4</ele>
      </trkpt>
      <trkpt lat="42.532350" lon="2.865900">
        <ele>71.4</ele>
      </trkpt>
      <trkpt lat="42.532350" lon="2.866980">
        <ele>72.5</ele>
      </trkpt>
      <trkpt lat="42.532330" lon="2.867170">
        <ele>72.5</ele>
      </trkpt>
      <trkpt lat="42.532220" lon="2.867430">
        <ele>73.1</ele>
      </trkpt>
      <trkpt lat="42.532180" lon="2.867620">
        <ele>73.5</ele>
      </trkpt>
      <trkpt lat="42.532270" lon="2.868140">
        <ele>74.1</ele>
      </trkpt>
      <trkpt lat="42.532360" lon="2.868900">
        <ele>74.4</ele>
      </trkpt>
      <trkpt lat="42.532360" lon="2.869790">
        <ele>75.1</ele>
      </trkpt>
      <trkpt lat="42.532250" lon="2.870510">
        <ele>75.8</ele>
      </trkpt>
      <trkpt lat="42.532400" lon="2.871870">
        <ele>74.6</ele>
      </trkpt>
      <trkpt lat="42.532580" lon="2.872640">
        <ele>72.7</ele>
      </trkpt>
      <trkpt lat="42.533700" lon="2.876010">
        <ele>70</ele>
      </trkpt>
      <trkpt lat="42.533810" lon="2.876680">
        <ele>69.7</ele>
      </trkpt>
      <trkpt lat="42.534070" lon="2.878920">
        <ele>69.2</ele>
      </trkpt>
      <trkpt lat="42.534020" lon="2.878930">
        <ele>69.2</ele>
      </trkpt>
      <trkpt lat="42.534030" lon="2.879080">
        <ele>69.4</ele>
      </trkpt>
      <trkpt lat="42.534590" lon="2.880740">
        <ele>68.3</ele>
      </trkpt>
      <trkpt lat="42.534610" lon="2.880880">
        <ele>68.3</ele>
      </trkpt>
      <trkpt lat="42.534620" lon="2.881690">
        <ele>68.4</ele>
      </trkpt>
      <trkpt lat="42.534650" lon="2.881880">
        <ele>68.7</ele>
      </trkpt>
      <trkpt lat="42.534890" lon="2.882640">
        <ele>69.2</ele>
      </trkpt>
      <trkpt lat="42.535550" lon="2.884480">
        <ele>64.5</ele>
      </trkpt>
      <trkpt lat="42.535590" lon="2.884780">
        <ele>64.5</ele>
      </trkpt>
      <trkpt lat="42.535420" lon="2.886040">
        <ele>65.9</ele>
      </trkpt>
      <trkpt lat="42.534750" lon="2.887440">
        <ele>65.9</ele>
      </trkpt>
      <trkpt lat="42.534340" lon="2.888210">
        <ele>67.3</ele>
      </trkpt>
      <trkpt lat="42.534040" lon="2.888550">
        <ele>68.6</ele>
      </trkpt>
      <trkpt lat="42.533410" lon="2.888890">
        <ele>69.3</ele>
      </trkpt>
      <trkpt lat="42.533220" lon="2.889040">
        <ele>69.7</ele>
      </trkpt>
      <trkpt lat="42.532950" lon="2.889380">
        <ele>70.3</ele>
      </trkpt>
      <trkpt lat="42.532920" lon="2.889500">
        <ele>70.3</ele>
      </trkpt>
      <trkpt lat="42.532990" lon="2.889940">
        <ele>72.2</ele>
      </trkpt>
      <trkpt lat="42.532930" lon="2.890190">
        <ele>73.9</ele>
      </trkpt>
      <trkpt lat="42.532830" lon="2.890380">
        <ele>73</ele>
      </trkpt>
      <trkpt lat="42.532610" lon="2.890600">
        <ele>73.9</ele>
      </trkpt>
      <trkpt lat="42.532570" lon="2.890700">
        <ele>75.8</ele>
      </trkpt>
      <trkpt lat="42.532520" lon="2.891110">
        <ele>77.4</ele>
      </trkpt>
      <trkpt lat="42.532160" lon="2.891800">
        <ele>78.9</ele>
      </trkpt>
      <trkpt lat="42.532050" lon="2.892160">
        <ele>79</ele>
      </trkpt>
      <trkpt lat="42.531750" lon="2.892560">
        <ele>80.4</ele>
      </trkpt>
      <trkpt lat="42.531650" lon="2.892750">
        <ele>79.7</ele>
      </trkpt>
      <trkpt lat="42.531520" lon="2.893140">
        <ele>81.9</ele>
      </trkpt>
      <trkpt lat="42.531530" lon="2.893380">
        <ele>82.3</ele>
      </trkpt>
      <trkpt lat="42.531920" lon="2.894820">
        <ele>77.8</ele>
      </trkpt>
      <trkpt lat="42.532270" lon="2.895760">
        <ele>75.8</ele>
      </trkpt>
      <trkpt lat="42.532330" lon="2.895810">
        <ele>75.1</ele>
      </trkpt>
      <trkpt lat="42.532470" lon="2.895840">
        <ele>75.1</ele>
      </trkpt>
      <trkpt lat="42.532420" lon="2.896220">
        <ele>75</ele>
      </trkpt>
      <trkpt lat="42.532380" lon="2.896280">
        <ele>75</ele>
      </trkpt>
      <trkpt lat="42.532230" lon="2.896340">
        <ele>75.4</ele>
      </trkpt>
      <trkpt lat="42.532100" lon="2.896570">
        <ele>75.8</ele>
      </trkpt>
      <trkpt lat="42.532160" lon="2.896690">
        <ele>75.6</ele>
      </trkpt>
      <trkpt lat="42.532160" lon="2.896990">
        <ele>75.9</ele>
      </trkpt>
      <trkpt lat="42.532240" lon="2.897420">
        <ele>76.7</ele>
      </trkpt>
      <trkpt lat="42.532740" lon="2.898230">
        <ele>77.3</ele>
      </trkpt>
      <trkpt lat="42.532860" lon="2.898740">
        <ele>77.8</ele>
      </trkpt>
      <trkpt lat="42.532940" lon="2.899690">
        <ele>77.9</ele>
      </trkpt>
      <trkpt lat="42.532810" lon="2.899790">
        <ele>78.8</ele>
      </trkpt>
      <trkpt lat="42.532850" lon="2.900210">
        <ele>78.8</ele>
      </trkpt>
      <trkpt lat="42.533000" lon="2.901180">
        <ele>78.8</ele>
      </trkpt>
      <trkpt lat="42.532490" lon="2.901090">
        <ele>80.7</ele>
      </trkpt>
      <trkpt lat="42.532230" lon="2.901120">
        <ele>81.7</ele>
      </trkpt>
      <trkpt lat="42.532430" lon="2.902550">
        <ele>82.7</ele>
      </trkpt>
      <trkpt lat="42.532630" lon="2.903470">
        <ele>83.3</ele>
      </trkpt>
      <trkpt lat="42.532540" lon="2.903610">
        <ele>83.4</ele>
      </trkpt>
      <trkpt lat="42.532540" lon="2.904110">
        <ele>83.5</ele>
      </trkpt>
      <trkpt lat="42.532700" lon="2.905940">
        <ele>85.1</ele>
      </trkpt>
      <trkpt lat="42.532620" lon="2.906320">
        <ele>85.5</ele>
      </trkpt>
      <trkpt lat="42.532500" lon="2.906600">
        <ele>86.6</ele>
      </trkpt>
      <trkpt lat="42.532380" lon="2.906620">
        <ele>86.6</ele>
      </trkpt>
      <trkpt lat="42.532150" lon="2.906560">
        <ele>87</ele>
      </trkpt>
      <trkpt lat="42.532120" lon="2.906760">
        <ele>87.4</ele>
      </trkpt>
      <trkpt lat="42.532080" lon="2.907430">
        <ele>88.4</ele>
      </trkpt>
      <trkpt lat="42.531970" lon="2.908300">
        <ele>87.9</ele>
      </trkpt>
      <trkpt lat="42.531840" lon="2.909990">
        <ele>86.7</ele>
      </trkpt>
      <trkpt lat="42.532060" lon="2.910150">
        <ele>85.7</ele>
      </trkpt>
      <trkpt lat="42.532540" lon="2.910950">
        <ele>82.1</ele>
      </trkpt>
      <trkpt lat="42.532850" lon="2.911360">
        <ele>81</ele>
      </trkpt>
      <trkpt lat="42.533000" lon="2.911490">
        <ele>80.1</ele>
      </trkpt>
      <trkpt lat="42.533330" lon="2.911660">
        <ele>79.3</ele>
      </trkpt>
      <trkpt lat="42.533470" lon="2.911770">
        <ele>79</ele>
      </trkpt>
      <trkpt lat="42.534560" lon="2.913870">
        <ele>68.5</ele>
      </trkpt>
      <trkpt lat="42.534790" lon="2.914170">
        <ele>67.3</ele>
      </trkpt>
      <trkpt lat="42.535270" lon="2.914430">
        <ele>65.9</ele>
      </trkpt>
      <trkpt lat="42.535400" lon="2.914690">
        <ele>65.2</ele>
      </trkpt>
      <trkpt lat="42.535620" lon="2.915480">
        <ele>64.2</ele>
      </trkpt>
      <trkpt lat="42.535710" lon="2.915630">
        <ele>64.1</ele>
      </trkpt>
      <trkpt lat="42.535970" lon="2.915930">
        <ele>63.3</ele>
      </trkpt>
      <trkpt lat="42.536030" lon="2.916190">
        <ele>63.1</ele>
      </trkpt>
      <trkpt lat="42.536080" lon="2.916260">
        <ele>62.6</ele>
      </trkpt>
      <trkpt lat="42.536370" lon="2.916390">
        <ele>62.4</ele>
      </trkpt>
      <trkpt lat="42.537100" lon="2.916350">
        <ele>61.1</ele>
      </trkpt>
      <trkpt lat="42.537280" lon="2.916390">
        <ele>60.8</ele>
      </trkpt>
      <trkpt lat="42.537850" lon="2.916720">
        <ele>60.4</ele>
      </trkpt>
      <trkpt lat="42.538260" lon="2.917250">
        <ele>60.3</ele>
      </trkpt>
      <trkpt lat="42.538860" lon="2.917710">
        <ele>60.1</ele>
      </trkpt>
      <trkpt lat="42.539050" lon="2.917800">
        <ele>59.6</ele>
      </trkpt>
      <trkpt lat="42.539360" lon="2.917700">
        <ele>58.5</ele>
      </trkpt>
      <trkpt lat="42.539600" lon="2.917690">
        <ele>57.8</ele>
      </trkpt>
      <trkpt lat="42.540050" lon="2.918000">
        <ele>57.4</ele>
      </trkpt>
      <trkpt lat="42.540220" lon="2.918480">
        <ele>58.2</ele>
      </trkpt>
      <trkpt lat="42.540310" lon="2.918600">
        <ele>57.9</ele>
      </trkpt>
      <trkpt lat="42.541020" lon="2.918860">
        <ele>57.7</ele>
      </trkpt>
      <trkpt lat="42.541240" lon="2.919000">
        <ele>58</ele>
      </trkpt>
      <trkpt lat="42.541610" lon="2.919480">
        <ele>57.8</ele>
      </trkpt>
      <trkpt lat="42.542350" lon="2.920170">
        <ele>57.9</ele>
      </trkpt>
      <trkpt lat="42.541720" lon="2.922290">
        <ele>56.7</ele>
      </trkpt>
      <trkpt lat="42.541650" lon="2.922390">
        <ele>56.7</ele>
      </trkpt>
      <trkpt lat="42.541700" lon="2.922570">
        <ele>56</ele>
      </trkpt>
      <trkpt lat="42.541920" lon="2.922720">
        <ele>55.7</ele>
      </trkpt>
      <trkpt lat="42.541290" lon="2.923870">
        <ele>56.2</ele>
      </trkpt>
      <trkpt lat="42.541200" lon="2.924090">
        <ele>56.8</ele>
      </trkpt>
      <trkpt lat="42.541250" lon="2.924150">
        <ele>56.4</ele>
      </trkpt>
      <trkpt lat="42.541250" lon="2.924250">
        <ele>56.4</ele>
      </trkpt>
      <trkpt lat="42.541200" lon="2.924300">
        <ele>56.8</ele>
      </trkpt>
      <trkpt lat="42.541110" lon="2.924240">
        <ele>56.8</ele>
      </trkpt>
      <trkpt lat="42.540980" lon="2.924410">
        <ele>57</ele>
      </trkpt>
      <trkpt lat="42.540780" lon="2.924800">
        <ele>56.9</ele>
      </trkpt>
      <trkpt lat="42.540430" lon="2.925340">
        <ele>56.5</ele>
      </trkpt>
      <trkpt lat="42.540140" lon="2.925720">
        <ele>56.5</ele>
      </trkpt>
      <trkpt lat="42.540180" lon="2.925830">
        <ele>56.5</ele>
      </trkpt>
      <trkpt lat="42.540160" lon="2.925910">
        <ele>56.5</ele>
      </trkpt>
      <trkpt lat="42.540120" lon="2.925970">
        <ele>56.5</ele>
      </trkpt>
      <trkpt lat="42.540040" lon="2.925970">
        <ele>57</ele>
      </trkpt>
      <trkpt lat="42.539860" lon="2.925880">
        <ele>57</ele>
      </trkpt>
      <trkpt lat="42.537160" lon="2.927290">
        <ele>63.9</ele>
      </trkpt>
      <trkpt lat="42.536870" lon="2.927510">
        <ele>64.6</ele>
      </trkpt>
      <trkpt lat="42.536650" lon="2.927620">
        <ele>65.1</ele>
      </trkpt>
      <trkpt lat="42.536440" lon="2.927670">
        <ele>65.7</ele>
      </trkpt>
      <trkpt lat="42.533040" lon="2.929470">
        <ele>74.7</ele>
      </trkpt>
      <trkpt lat="42.532270" lon="2.930060">
        <ele>76.3</ele>
      </trkpt>
      <trkpt lat="42.532310" lon="2.930130">
        <ele>76.3</ele>
      </trkpt>
      <trkpt lat="42.532280" lon="2.930170">
        <ele>76.3</ele>
      </trkpt>
      <trkpt lat="42.532260" lon="2.930520">
        <ele>76</ele>
      </trkpt>
      <trkpt lat="42.532610" lon="2.931320">
        <ele>73.7</ele>
      </trkpt>
      <trkpt lat="42.533300" lon="2.931610">
        <ele>71.4</ele>
      </trkpt>
      <trkpt lat="42.533440" lon="2.932110">
        <ele>71.1</ele>
      </trkpt>
      <trkpt lat="42.533520" lon="2.932740">
        <ele>70.9</ele>
      </trkpt>
      <trkpt lat="42.533540" lon="2.933770">
        <ele>70.5</ele>
      </trkpt>
      <trkpt lat="42.533260" lon="2.934520">
        <ele>71.8</ele>
      </trkpt>
      <trkpt lat="42.533630" lon="2.934940">
        <ele>69.8</ele>
      </trkpt>
      <trkpt lat="42.533750" lon="2.935020">
        <ele>69.2</ele>
      </trkpt>
      <trkpt lat="42.533960" lon="2.935070">
        <ele>68.5</ele>
      </trkpt>
      <trkpt lat="42.534340" lon="2.935220">
        <ele>67.1</ele>
      </trkpt>
      <trkpt lat="42.534490" lon="2.935330">
        <ele>67.1</ele>
      </trkpt>
      <trkpt lat="42.535840" lon="2.935820">
        <ele>61.5</ele>
      </trkpt>
      <trkpt lat="42.535940" lon="2.936020">
        <ele>60.5</ele>
      </trkpt>
      <trkpt lat="42.536120" lon="2.936650">
        <ele>59.2</ele>
      </trkpt>
      <trkpt lat="42.536480" lon="2.937160">
        <ele>58.3</ele>
      </trkpt>
      <trkpt lat="42.536560" lon="2.937440">
        <ele>58.6</ele>
      </trkpt>
      <trkpt lat="42.536630" lon="2.938460">
        <ele>60.5</ele>
      </trkpt>
      <trkpt lat="42.536620" lon="2.938550">
        <ele>60.5</ele>
      </trkpt>
      <trkpt lat="42.536560" lon="2.938690">
        <ele>60.4</ele>
      </trkpt>
      <trkpt lat="42.536650" lon="2.938800">
        <ele>60.4</ele>
      </trkpt>
      <trkpt lat="42.536620" lon="2.939060">
        <ele>60.1</ele>
      </trkpt>
      <trkpt lat="42.536610" lon="2.939990">
        <ele>59.2</ele>
      </trkpt>
      <trkpt lat="42.536530" lon="2.940590">
        <ele>59.2</ele>
      </trkpt>
      <trkpt lat="42.536480" lon="2.940800">
        <ele>59.9</ele>
      </trkpt>
      <trkpt lat="42.536350" lon="2.941090">
        <ele>60.6</ele>
      </trkpt>
      <trkpt lat="42.536190" lon="2.942940">
        <ele>64.8</ele>
      </trkpt>
      <trkpt lat="42.535970" lon="2.943890">
        <ele>66.6</ele>
      </trkpt>
      <trkpt lat="42.535890" lon="2.945090">
        <ele>66.8</ele>
      </trkpt>
      <trkpt lat="42.535720" lon="2.945510">
        <ele>66.7</ele>
      </trkpt>
      <trkpt lat="42.535690" lon="2.945720">
        <ele>66.7</ele>
      </trkpt>
      <trkpt lat="42.535700" lon="2.946190">
        <ele>67.1</ele>
      </trkpt>
      <trkpt lat="42.535650" lon="2.946630">
        <ele>67.8</ele>
      </trkpt>
      <trkpt lat="42.535540" lon="2.947100">
        <ele>68.5</ele>
      </trkpt>
      <trkpt lat="42.535220" lon="2.947850">
        <ele>69.9</ele>
      </trkpt>
      <trkpt lat="42.534740" lon="2.948750">
        <ele>71.2</ele>
      </trkpt>
      <trkpt lat="42.534550" lon="2.950720">
        <ele>72.1</ele>
      </trkpt>
      <trkpt lat="42.534950" lon="2.950630">
        <ele>70.6</ele>
      </trkpt>
      <trkpt lat="42.535710" lon="2.950580">
        <ele>68.8</ele>
      </trkpt>
      <trkpt lat="42.536100" lon="2.950430">
        <ele>67.9</ele>
      </trkpt>
      <trkpt lat="42.536340" lon="2.950390">
        <ele>67.5</ele>
      </trkpt>
      <trkpt lat="42.536800" lon="2.950370">
        <ele>66.7</ele>
      </trkpt>
      <trkpt lat="42.537070" lon="2.950430">
        <ele>66.1</ele>
      </trkpt>
      <trkpt lat="42.537590" lon="2.950710">
        <ele>65.1</ele>
      </trkpt>
      <trkpt lat="42.537760" lon="2.950760">
        <ele>64.8</ele>
      </trkpt>
      <trkpt lat="42.537970" lon="2.950740">
        <ele>64.4</ele>
      </trkpt>
      <trkpt lat="42.538090" lon="2.950710">
        <ele>64</ele>
      </trkpt>
      <trkpt lat="42.538320" lon="2.950560">
        <ele>63.4</ele>
      </trkpt>
      <trkpt lat="42.539020" lon="2.950290">
        <ele>61.1</ele>
      </trkpt>
      <trkpt lat="42.539770" lon="2.949950">
        <ele>58.5</ele>
      </trkpt>
      <trkpt lat="42.540030" lon="2.949870">
        <ele>58.2</ele>
      </trkpt>
      <trkpt lat="42.540280" lon="2.949870">
        <ele>57.8</ele>
      </trkpt>
      <trkpt lat="42.540190" lon="2.951000">
        <ele>58.4</ele>
      </trkpt>
      <trkpt lat="42.540610" lon="2.951070">
        <ele>57.7</ele>
      </trkpt>
      <trkpt lat="42.540400" lon="2.952480">
        <ele>59</ele>
      </trkpt>
      <trkpt lat="42.540570" lon="2.952520">
        <ele>58.5</ele>
      </trkpt>
      <trkpt lat="42.540840" lon="2.952670">
        <ele>58</ele>
      </trkpt>
      <trkpt lat="42.541020" lon="2.952850">
        <ele>57.7</ele>
      </trkpt>
      <trkpt lat="42.541150" lon="2.952910">
        <ele>57.5</ele>
      </trkpt>
      <trkpt lat="42.541510" lon="2.952990">
        <ele>57.4</ele>
      </trkpt>
      <trkpt lat="42.541370" lon="2.953900">
        <ele>57.4</ele>
      </trkpt>
      <trkpt lat="42.541060" lon="2.953820">
        <ele>57.4</ele>
      </trkpt>
      <trkpt lat="42.540890" lon="2.954950">
        <ele>57.6</ele>
      </trkpt>
      <trkpt lat="42.540740" lon="2.954920">
        <ele>57.7</ele>
      </trkpt>
      <trkpt lat="42.540370" lon="2.956300">
        <ele>58.5</ele>
      </trkpt>
      <trkpt lat="42.540970" lon="2.956610">
        <ele>56.9</ele>
      </trkpt>
      <trkpt lat="42.540660" lon="2.957490">
        <ele>57.4</ele>
      </trkpt>
      <trkpt lat="42.540530" lon="2.958210">
        <ele>58.2</ele>
      </trkpt>
      <trkpt lat="42.540250" lon="2.958650">
        <ele>58.5</ele>
      </trkpt>
      <trkpt lat="42.539560" lon="2.958920">
        <ele>59</ele>
      </trkpt>
      <trkpt lat="42.539300" lon="2.958980">
        <ele>59.4</ele>
      </trkpt>
      <trkpt lat="42.539070" lon="2.958970">
        <ele>59.7</ele>
      </trkpt>
      <trkpt lat="42.538750" lon="2.958870">
        <ele>59.9</ele>
      </trkpt>
      <trkpt lat="42.538270" lon="2.958600">
        <ele>61.5</ele>
      </trkpt>
      <trkpt lat="42.538270" lon="2.958780">
        <ele>61.5</ele>
      </trkpt>
      <trkpt lat="42.538310" lon="2.958950">
        <ele>60.2</ele>
      </trkpt>
      <trkpt lat="42.538540" lon="2.959370">
        <ele>58.8</ele>
      </trkpt>
      <trkpt lat="42.538770" lon="2.959640">
        <ele>57.3</ele>
      </trkpt>
      <trkpt lat="42.538920" lon="2.959980">
        <ele>54.8</ele>
      </trkpt>
      <trkpt lat="42.538910" lon="2.960220">
        <ele>54.1</ele>
      </trkpt>
      <trkpt lat="42.538680" lon="2.960890">
        <ele>53.1</ele>
      </trkpt>
      <trkpt lat="42.538470" lon="2.961770">
        <ele>51.1</ele>
      </trkpt>
      <trkpt lat="42.538100" lon="2.962330">
        <ele>52.3</ele>
      </trkpt>
      <trkpt lat="42.537740" lon="2.962450">
        <ele>54.7</ele>
      </trkpt>
      <trkpt lat="42.536940" lon="2.962460">
        <ele>58.7</ele>
      </trkpt>
      <trkpt lat="42.536990" lon="2.962640">
        <ele>59.1</ele>
      </trkpt>
      <trkpt lat="42.537280" lon="2.963120">
        <ele>57.8</ele>
      </trkpt>
      <trkpt lat="42.537460" lon="2.963280">
        <ele>58.2</ele>
      </trkpt>
      <trkpt lat="42.537660" lon="2.963380">
        <ele>57.4</ele>
      </trkpt>
      <trkpt lat="42.537310" lon="2.964100">
        <ele>58.6</ele>
      </trkpt>
      <trkpt lat="42.537360" lon="2.964340">
        <ele>58.4</ele>
      </trkpt>
      <trkpt lat="42.537840" lon="2.964810">
        <ele>56.5</ele>
      </trkpt>
      <trkpt lat="42.538330" lon="2.965780">
        <ele>55.7</ele>
      </trkpt>
      <trkpt lat="42.538860" lon="2.966670">
        <ele>55.1</ele>
      </trkpt>
      <trkpt lat="42.539070" lon="2.966820">
        <ele>54.7</ele>
      </trkpt>
      <trkpt lat="42.539890" lon="2.967120">
        <ele>52.5</ele>
      </trkpt>
      <trkpt lat="42.539590" lon="2.968230">
        <ele>52.1</ele>
      </trkpt>
      <trkpt lat="42.539540" lon="2.968290">
        <ele>51.8</ele>
      </trkpt>
      <trkpt lat="42.539160" lon="2.968450">
        <ele>53.7</ele>
      </trkpt>
      <trkpt lat="42.539100" lon="2.968700">
        <ele>53.5</ele>
      </trkpt>
      <trkpt lat="42.538920" lon="2.968960">
        <ele>54</ele>
      </trkpt>
      <trkpt lat="42.539240" lon="2.969360">
        <ele>53.2</ele>
      </trkpt>
      <trkpt lat="42.539050" lon="2.969590">
        <ele>53.8</ele>
      </trkpt>
      <trkpt lat="42.539060" lon="2.969790">
        <ele>53.7</ele>
      </trkpt>
      <trkpt lat="42.539530" lon="2.970110">
        <ele>51.8</ele>
      </trkpt>
      <trkpt lat="42.539340" lon="2.970480">
        <ele>52.4</ele>
      </trkpt>
      <trkpt lat="42.539310" lon="2.970710">
        <ele>52.5</ele>
      </trkpt>
      <trkpt lat="42.539700" lon="2.971590">
        <ele>51.2</ele>
      </trkpt>
      <trkpt lat="42.539700" lon="2.971690">
        <ele>51.2</ele>
      </trkpt>
      <trkpt lat="42.539970" lon="2.971910">
        <ele>50.3</ele>
      </trkpt>
      <trkpt lat="42.540010" lon="2.971990">
        <ele>50.3</ele>
      </trkpt>
      <trkpt lat="42.540120" lon="2.972020">
        <ele>50</ele>
      </trkpt>
      <trkpt lat="42.540260" lon="2.971980">
        <ele>49.7</ele>
      </trkpt>
      <trkpt lat="42.540440" lon="2.972080">
        <ele>49.3</ele>
      </trkpt>
      <trkpt lat="42.540680" lon="2.972280">
        <ele>48.8</ele>
      </trkpt>
      <trkpt lat="42.540840" lon="2.972700">
        <ele>48.7</ele>
      </trkpt>
      <trkpt lat="42.540850" lon="2.972980">
        <ele>48.3</ele>
      </trkpt>
      <trkpt lat="42.540840" lon="2.973290">
        <ele>48.6</ele>
      </trkpt>
      <trkpt lat="42.540640" lon="2.973340">
        <ele>48.7</ele>
      </trkpt>
      <trkpt lat="42.540650" lon="2.973440">
        <ele>48.6</ele>
      </trkpt>
      <trkpt lat="42.540750" lon="2.973420">
        <ele>48.6</ele>
      </trkpt>
      <trkpt lat="42.540860" lon="2.973570">
        <ele>48.2</ele>
      </trkpt>
      <trkpt lat="42.541680" lon="2.973470">
        <ele>46.3</ele>
      </trkpt>
      <trkpt lat="42.541980" lon="2.973290">
        <ele>46.2</ele>
      </trkpt>
      <trkpt lat="42.542150" lon="2.973370">
        <ele>46.1</ele>
      </trkpt>
      <trkpt lat="42.542920" lon="2.973210">
        <ele>45.2</ele>
      </trkpt>
      <trkpt lat="42.543340" lon="2.973340">
        <ele>44.4</ele>
      </trkpt>
      <trkpt lat="42.543520" lon="2.973450">
        <ele>43.9</ele>
      </trkpt>
      <trkpt lat="42.543650" lon="2.973470">
        <ele>43.3</ele>
      </trkpt>
      <trkpt lat="42.544020" lon="2.973890">
        <ele>42.8</ele>
      </trkpt>
      <trkpt lat="42.544220" lon="2.974160">
        <ele>42.5</ele>
      </trkpt>
      <trkpt lat="42.543960" lon="2.974620">
        <ele>43.8</ele>
      </trkpt>
      <trkpt lat="42.543750" lon="2.974820">
        <ele>44.8</ele>
      </trkpt>
      <trkpt lat="42.543960" lon="2.975770">
        <ele>44.8</ele>
      </trkpt>
      <trkpt lat="42.544280" lon="2.977450">
        <ele>46.8</ele>
      </trkpt>
      <trkpt lat="42.544470" lon="2.978220">
        <ele>47.2</ele>
      </trkpt>
      <trkpt lat="42.544570" lon="2.978800">
        <ele>46.7</ele>
      </trkpt>
      <trkpt lat="42.544610" lon="2.978900">
        <ele>46.7</ele>
      </trkpt>
      <trkpt lat="42.544760" lon="2.978800">
        <ele>46.1</ele>
      </trkpt>
      <trkpt lat="42.545040" lon="2.980330">
        <ele>46.3</ele>
      </trkpt>
      <trkpt lat="42.545090" lon="2.981680">
        <ele>47.1</ele>
      </trkpt>
      <trkpt lat="42.544860" lon="2.981770">
        <ele>46.9</ele>
      </trkpt>
      <trkpt lat="42.544950" lon="2.983990">
        <ele>47.1</ele>
      </trkpt>
      <trkpt lat="42.544460" lon="2.984030">
        <ele>48.1</ele>
      </trkpt>
      <trkpt lat="42.544510" lon="2.984850">
        <ele>48</ele>
      </trkpt>
      <trkpt lat="42.544610" lon="2.985140">
        <ele>48.1</ele>
      </trkpt>
      <trkpt lat="42.544270" lon="2.986280">
        <ele>48.1</ele>
      </trkpt>
      <trkpt lat="42.543970" lon="2.987620">
        <ele>48.8</ele>
      </trkpt>
      <trkpt lat="42.543560" lon="2.987910">
        <ele>50</ele>
      </trkpt>
      <trkpt lat="42.543450" lon="2.988230">
        <ele>49.7</ele>
      </trkpt>
      <trkpt lat="42.543280" lon="2.989570">
        <ele>49.5</ele>
      </trkpt>
      <trkpt lat="42.543080" lon="2.989570">
        <ele>50.1</ele>
      </trkpt>
      <trkpt lat="42.543020" lon="2.989650">
        <ele>50.4</ele>
      </trkpt>
      <trkpt lat="42.542680" lon="2.990960">
        <ele>49.7</ele>
      </trkpt>
      <trkpt lat="42.542630" lon="2.991010">
        <ele>49.7</ele>
      </trkpt>
      <trkpt lat="42.542560" lon="2.991020">
        <ele>50</ele>
      </trkpt>
      <trkpt lat="42.542310" lon="2.990930">
        <ele>50.3</ele>
      </trkpt>
      <trkpt lat="42.542170" lon="2.991040">
        <ele>50.7</ele>
      </trkpt>
      <trkpt lat="42.541900" lon="2.991850">
        <ele>50.6</ele>
      </trkpt>
      <trkpt lat="42.541520" lon="2.992520">
        <ele>49.6</ele>
      </trkpt>
      <trkpt lat="42.542700" lon="2.993430">
        <ele>44.6</ele>
      </trkpt>
      <trkpt lat="42.543690" lon="2.994340">
        <ele>43.9</ele>
      </trkpt>
      <trkpt lat="42.543640" lon="2.994490">
        <ele>43.7</ele>
      </trkpt>
      <trkpt lat="42.543930" lon="2.994820">
        <ele>43.1</ele>
      </trkpt>
      <trkpt lat="42.543330" lon="2.995670">
        <ele>43.8</ele>
      </trkpt>
      <trkpt lat="42.543140" lon="2.996030">
        <ele>44.1</ele>
      </trkpt>
      <trkpt lat="42.543060" lon="2.996300">
        <ele>43.8</ele>
      </trkpt>
      <trkpt lat="42.543110" lon="2.996440">
        <ele>43.2</ele>
      </trkpt>
      <trkpt lat="42.543220" lon="2.996490">
        <ele>43.2</ele>
      </trkpt>
      <trkpt lat="42.543440" lon="2.996440">
        <ele>42.3</ele>
      </trkpt>
      <trkpt lat="42.543590" lon="2.996580">
        <ele>42.3</ele>
      </trkpt>
      <trkpt lat="42.543440" lon="2.996910">
        <ele>41.6</ele>
      </trkpt>
      <trkpt lat="42.543180" lon="2.997310">
        <ele>42.1</ele>
      </trkpt>
      <trkpt lat="42.543120" lon="2.997340">
        <ele>42.1</ele>
      </trkpt>
      <trkpt lat="42.543290" lon="2.997430">
        <ele>41.7</ele>
      </trkpt>
      <trkpt lat="42.543690" lon="2.997850">
        <ele>40.4</ele>
      </trkpt>
      <trkpt lat="42.543560" lon="2.998380">
        <ele>39.8</ele>
      </trkpt>
      <trkpt lat="42.543410" lon="2.998850">
        <ele>39.8</ele>
      </trkpt>
      <trkpt lat="42.543100" lon="2.999550">
        <ele>40.1</ele>
      </trkpt>
      <trkpt lat="42.542420" lon="3.000260">
        <ele>40.9</ele>
      </trkpt>
      <trkpt lat="42.541290" lon="3.001710">
        <ele>38.8</ele>
      </trkpt>
      <trkpt lat="42.541190" lon="3.001800">
        <ele>38.7</ele>
      </trkpt>
      <trkpt lat="42.541350" lon="3.002310">
        <ele>37.5</ele>
      </trkpt>
      <trkpt lat="42.541860" lon="3.003190">
        <ele>36.5</ele>
      </trkpt>
      <trkpt lat="42.542090" lon="3.003460">
        <ele>36</ele>
      </trkpt>
      <trkpt lat="42.542920" lon="3.004150">
        <ele>33.4</ele>
      </trkpt>
      <trkpt lat="42.542680" lon="3.004440">
        <ele>31.9</ele>
      </trkpt>
      <trkpt lat="42.542440" lon="3.004380">
        <ele>32.8</ele>
      </trkpt>
      <trkpt lat="42.542300" lon="3.004890">
        <ele>30.2</ele>
      </trkpt>
      <trkpt lat="42.541890" lon="3.005430">
        <ele>26.6</ele>
      </trkpt>
      <trkpt lat="42.541190" lon="3.006830">
        <ele>24.6</ele>
      </trkpt>
      <trkpt lat="42.541590" lon="3.007090">
        <ele>23.1</ele>
      </trkpt>
      <trkpt lat="42.541570" lon="3.007230">
        <ele>23.1</ele>
      </trkpt>
      <trkpt lat="42.541860" lon="3.007530">
        <ele>21.6</ele>
      </trkpt>
      <trkpt lat="42.542030" lon="3.007780">
        <ele>21.2</ele>
      </trkpt>
      <trkpt lat="42.542290" lon="3.008460">
        <ele>18.9</ele>
      </trkpt>
      <trkpt lat="42.542480" lon="3.009350">
        <ele>19.5</ele>
      </trkpt>
      <trkpt lat="42.542550" lon="3.009490">
        <ele>19.5</ele>
      </trkpt>
      <trkpt lat="42.542800" lon="3.009450">
        <ele>19.8</ele>
      </trkpt>
      <trkpt lat="42.542880" lon="3.009470">
        <ele>20.2</ele>
      </trkpt>
      <trkpt lat="42.542940" lon="3.009540">
        <ele>20.1</ele>
      </trkpt>
      <trkpt lat="42.543260" lon="3.010590">
        <ele>19.5</ele>
      </trkpt>
      <trkpt lat="42.543420" lon="3.010310">
        <ele>20</ele>
      </trkpt>
      <trkpt lat="42.543540" lon="3.010200">
        <ele>20.3</ele>
      </trkpt>
      <trkpt lat="42.543660" lon="3.010230">
        <ele>20.7</ele>
      </trkpt>
      <trkpt lat="42.543710" lon="3.010370">
        <ele>20.4</ele>
      </trkpt>
      <trkpt lat="42.543720" lon="3.010660">
        <ele>20</ele>
      </trkpt>
      <trkpt lat="42.543640" lon="3.011050">
        <ele>19.8</ele>
      </trkpt>
      <trkpt lat="42.543360" lon="3.011680">
        <ele>19</ele>
      </trkpt>
      <trkpt lat="42.543350" lon="3.011870">
        <ele>19</ele>
      </trkpt>
      <trkpt lat="42.543220" lon="3.012200">
        <ele>18.4</ele>
      </trkpt>
      <trkpt lat="42.543180" lon="3.012350">
        <ele>17.9</ele>
      </trkpt>
      <trkpt lat="42.543170" lon="3.012670">
        <ele>17.4</ele>
      </trkpt>
      <trkpt lat="42.543280" lon="3.013630">
        <ele>15.5</ele>
      </trkpt>
      <trkpt lat="42.543140" lon="3.015060">
        <ele>15.8</ele>
      </trkpt>
      <trkpt lat="42.543150" lon="3.015560">
        <ele>15.9</ele>
      </trkpt>
      <trkpt lat="42.543270" lon="3.016320">
        <ele>15.4</ele>
      </trkpt>
      <trkpt lat="42.543770" lon="3.015990">
        <ele>15.4</ele>
      </trkpt>
      <trkpt lat="42.543870" lon="3.015990">
        <ele>15.2</ele>
      </trkpt>
      <trkpt lat="42.543910" lon="3.016070">
        <ele>15.2</ele>
      </trkpt>
      <trkpt lat="42.544230" lon="3.016010">
        <ele>14.8</ele>
      </trkpt>
      <trkpt lat="42.544290" lon="3.016270">
        <ele>14.7</ele>
      </trkpt>
      <trkpt lat="42.544850" lon="3.017400">
        <ele>14.5</ele>
      </trkpt>
      <trkpt lat="42.544850" lon="3.016860">
        <ele>14</ele>
      </trkpt>
      <trkpt lat="42.545400" lon="3.016880">
        <ele>13</ele>
      </trkpt>
      <trkpt lat="42.545540" lon="3.016910">
        <ele>12.4</ele>
      </trkpt>
      <trkpt lat="42.545730" lon="3.017040">
        <ele>11.9</ele>
      </trkpt>
      <trkpt lat="42.546290" lon="3.017540">
        <ele>11</ele>
      </trkpt>
      <trkpt lat="42.546480" lon="3.017790">
        <ele>10.5</ele>
      </trkpt>
      <trkpt lat="42.546580" lon="3.018120">
        <ele>10.5</ele>
      </trkpt>
      <trkpt lat="42.546680" lon="3.018230">
        <ele>10.2</ele>
      </trkpt>
      <trkpt lat="42.546860" lon="3.018740">
        <ele>10.1</ele>
      </trkpt>
      <trkpt lat="42.547240" lon="3.019600">
        <ele>9.8</ele>
      </trkpt>
      <trkpt lat="42.547590" lon="3.020250">
        <ele>10</ele>
      </trkpt>
      <trkpt lat="42.547790" lon="3.020820">
        <ele>10.2</ele>
      </trkpt>
      <trkpt lat="42.547960" lon="3.020990">
        <ele>9.8</ele>
      </trkpt>
      <trkpt lat="42.548090" lon="3.021220">
        <ele>9.6</ele>
      </trkpt>
      <trkpt lat="42.548430" lon="3.022060">
        <ele>9.8</ele>
      </trkpt>
      <trkpt lat="42.548900" lon="3.023050">
        <ele>9.6</ele>
      </trkpt>
      <trkpt lat="42.548980" lon="3.023530">
        <ele>9.2</ele>
      </trkpt>
      <trkpt lat="42.548960" lon="3.023730">
        <ele>8.8</ele>
      </trkpt>
      <trkpt lat="42.548820" lon="3.024110">
        <ele>8</ele>
      </trkpt>
      <trkpt lat="42.548710" lon="3.024230">
        <ele>8.4</ele>
      </trkpt>
      <trkpt lat="42.548730" lon="3.024300">
        <ele>8.4</ele>
      </trkpt>
      <trkpt lat="42.549310" lon="3.024380">
        <ele>7.2</ele>
      </trkpt>
      <trkpt lat="42.549790" lon="3.024540">
        <ele>7.1</ele>
      </trkpt>
      <trkpt lat="42.550150" lon="3.024700">
        <ele>7.1</ele>
      </trkpt>
      <trkpt lat="42.550780" lon="3.025080">
        <ele>7.1</ele>
      </trkpt>
      <trkpt lat="42.550950" lon="3.025850">
        <ele>7.2</ele>
      </trkpt>
      <trkpt lat="42.550970" lon="3.026830">
        <ele>6.4</ele>
      </trkpt>
      <trkpt lat="42.551100" lon="3.027690">
        <ele>6</ele>
      </trkpt>
      <trkpt lat="42.551100" lon="3.027970">
        <ele>5.7</ele>
      </trkpt>
      <trkpt lat="42.551000" lon="3.028450">
        <ele>5.2</ele>
      </trkpt>
      <trkpt lat="42.550710" lon="3.028830">
        <ele>5.3</ele>
      </trkpt>
      <trkpt lat="42.550540" lon="3.029210">
        <ele>5.6</ele>
      </trkpt>
      <trkpt lat="42.550460" lon="3.029290">
        <ele>5.6</ele>
      </trkpt>
      <trkpt lat="42.551140" lon="3.030320">
        <ele>6.8</ele>
      </trkpt>
      <trkpt lat="42.551390" lon="3.030490">
        <ele>6.3</ele>
      </trkpt>
      <trkpt lat="42.551450" lon="3.030580">
        <ele>6.3</ele>
      </trkpt>
      <trkpt lat="42.551650" lon="3.030700">
        <ele>6.1</ele>
      </trkpt>
      <trkpt lat="42.551770" lon="3.030880">
        <ele>5.8</ele>
      </trkpt>
      <trkpt lat="42.551920" lon="3.031260">
        <ele>5.9</ele>
      </trkpt>
      <trkpt lat="42.552280" lon="3.031970">
        <ele>5.2</ele>
      </trkpt>
      <trkpt lat="42.552390" lon="3.032240">
        <ele>4.7</ele>
      </trkpt>
      <trkpt lat="42.552580" lon="3.033020">
        <ele>4</ele>
      </trkpt>
      <trkpt lat="42.552620" lon="3.033360">
        <ele>3.8</ele>
      </trkpt>
      <trkpt lat="42.552600" lon="3.033670">
        <ele>3.6</ele>
      </trkpt>
      <trkpt lat="42.552350" lon="3.034060">
        <ele>3.5</ele>
      </trkpt>
      <trkpt lat="42.552280" lon="3.034620">
        <ele>4</ele>
      </trkpt>
      <trkpt lat="42.552350" lon="3.034960">
        <ele>4.3</ele>
      </trkpt>
      <trkpt lat="42.552770" lon="3.035420">
        <ele>3.7</ele>
      </trkpt>
      <trkpt lat="42.553050" lon="3.035660">
        <ele>3.1</ele>
      </trkpt>
      <trkpt lat="42.554340" lon="3.036650">
        <ele>2.6</ele>
      </trkpt>
      <trkpt lat="42.554450" lon="3.036780">
        <ele>2.5</ele>
      </trkpt>
      <trkpt lat="42.554670" lon="3.037170">
        <ele>2.2</ele>
      </trkpt>
      <trkpt lat="42.554940" lon="3.037750">
        <ele>1.6</ele>
      </trkpt>
      <trkpt lat="42.555090" lon="3.038020">
        <ele>1.6</ele>
      </trkpt>
      <trkpt lat="42.555250" lon="3.038200">
        <ele>1.8</ele>
      </trkpt>
      <trkpt lat="42.555940" lon="3.038540">
        <ele>1.9</ele>
      </trkpt>
      <trkpt lat="42.556120" lon="3.038780">
        <ele>2.1</ele>
      </trkpt>
      <trkpt lat="42.556260" lon="3.039210">
        <ele>2.4</ele>
      </trkpt>
      <trkpt lat="42.556320" lon="3.039470">
        <ele>2.7</ele>
      </trkpt>
      <trkpt lat="42.556320" lon="3.039610">
        <ele>2.7</ele>
      </trkpt>
      <trkpt lat="42.556430" lon="3.039740">
        <ele>2.8</ele>
      </trkpt>
      <trkpt lat="42.556410" lon="3.040030">
        <ele>3</ele>
      </trkpt>
      <trkpt lat="42.556340" lon="3.040270">
        <ele>3.3</ele>
      </trkpt>
      <trkpt lat="42.556670" lon="3.040670">
        <ele>3.5</ele>
      </trkpt>
      <trkpt lat="42.556920" lon="3.040910">
        <ele>3.6</ele>
      </trkpt>
      <trkpt lat="42.556960" lon="3.041040">
        <ele>3.4</ele>
      </trkpt>
      <trkpt lat="42.557000" lon="3.041930">
        <ele>3.7</ele>
      </trkpt>
      <trkpt lat="42.556970" lon="3.042020">
        <ele>3.7</ele>
      </trkpt>
      <trkpt lat="42.557280" lon="3.045090">
        <ele>4.4</ele>
      </trkpt>
      <trkpt lat="42.557350" lon="3.045960">
        <ele>4.4</ele>
      </trkpt>
      <trkpt lat="42.557320" lon="3.046120">
        <ele>4.4</ele>
      </trkpt>
      <trkpt lat="42.557400" lon="3.046270">
        <ele>4.5</ele>
      </trkpt>
      <trkpt lat="42.557470" lon="3.046990">
        <ele>4</ele>
      </trkpt>
      <trkpt lat="42.557470" lon="3.047010">
        <ele>4</ele>
      </trkpt>
      <trkpt lat="42.557710" lon="3.046730">
        <ele>4.8</ele>
      </trkpt>
      <trkpt lat="42.558790" lon="3.046480">
        <ele>5.6</ele>
      </trkpt>
      <trkpt lat="42.560570" lon="3.046200">
        <ele>2.5</ele>
      </trkpt>
      <trkpt lat="42.560730" lon="3.046220">
        <ele>2.1</ele>
      </trkpt>
      <trkpt lat="42.561570" lon="3.046050">
        <ele>2.9</ele>
      </trkpt>
      <trkpt lat="42.561960" lon="3.046210">
        <ele>3.5</ele>
      </trkpt>
      <trkpt lat="42.563120" lon="3.046040">
        <ele>5.8</ele>
      </trkpt>
      <trkpt lat="42.564270" lon="3.045810">
        <ele>4.7</ele>
      </trkpt>
      <trkpt lat="42.564300" lon="3.045720">
        <ele>4.7</ele>
      </trkpt>
      <trkpt lat="42.564300" lon="3.044840">
        <ele>6.5</ele>
      </trkpt>
      <trkpt lat="42.564240" lon="3.044850">
        <ele>6.6</ele>
      </trkpt>
      <trkpt lat="42.563990" lon="3.042040">
        <ele>5.3</ele>
      </trkpt>
      <trkpt lat="42.564050" lon="3.041530">
        <ele>4.2</ele>
      </trkpt>
      <trkpt lat="42.563970" lon="3.041290">
        <ele>3.4</ele>
      </trkpt>
      <trkpt lat="42.563970" lon="3.041190">
        <ele>3.4</ele>
      </trkpt>
      <trkpt lat="42.564000" lon="3.041160">
        <ele>3.4</ele>
      </trkpt>
      <trkpt lat="42.565770" lon="3.041330">
        <ele>2.1</ele>
      </trkpt>
      <trkpt lat="42.565870" lon="3.041460">
        <ele>1.8</ele>
      </trkpt>
      <trkpt lat="42.565990" lon="3.041460">
        <ele>1.8</ele>
      </trkpt>
      <trkpt lat="42.566620" lon="3.041450">
        <ele>1.4</ele>
      </trkpt>
      <trkpt lat="42.566730" lon="3.041410">
        <ele>1.6</ele>
      </trkpt>
      <trkpt lat="42.566770" lon="3.041340">
        <ele>1.6</ele>
      </trkpt>
      <trkpt lat="42.568770" lon="3.041310">
        <ele>1.8</ele>
      </trkpt>
      <trkpt lat="42.569470" lon="3.041210">
        <ele>3.1</ele>
      </trkpt>
      <trkpt lat="42.570030" lon="3.041180">
        <ele>3.7</ele>
      </trkpt>
      <trkpt lat="42.570180" lon="3.040990">
        <ele>4</ele>
      </trkpt>
      <trkpt lat="42.570930" lon="3.040630">
        <ele>3.4</ele>
      </trkpt>
      <trkpt lat="42.571750" lon="3.040100">
        <ele>2.3</ele>
      </trkpt>
      <trkpt lat="42.572560" lon="3.039370">
        <ele>1.1</ele>
      </trkpt>
      <trkpt lat="42.573060" lon="3.038820">
        <ele>0.8</ele>
      </trkpt>
      <trkpt lat="42.573740" lon="3.037860">
        <ele>1.6</ele>
      </trkpt>
      <trkpt lat="42.575030" lon="3.035670">
        <ele>1.9</ele>
      </trkpt>
      <trkpt lat="42.575320" lon="3.035270">
        <ele>2.3</ele>
      </trkpt>
      <trkpt lat="42.575660" lon="3.034900">
        <ele>1.9</ele>
      </trkpt>
      <trkpt lat="42.575900" lon="3.034900">
        <ele>1.7</ele>
      </trkpt>
      <trkpt lat="42.576010" lon="3.034960">
        <ele>1.4</ele>
      </trkpt>
      <trkpt lat="42.576100" lon="3.034860">
        <ele>1.4</ele>
      </trkpt>
      <trkpt lat="42.576060" lon="3.034710">
        <ele>1.2</ele>
      </trkpt>
      <trkpt lat="42.576090" lon="3.034570">
        <ele>1</ele>
      </trkpt>
      <trkpt lat="42.576130" lon="3.034510">
        <ele>1</ele>
      </trkpt>
      <trkpt lat="42.576680" lon="3.034060">
        <ele>0.6</ele>
      </trkpt>
      <trkpt lat="42.577120" lon="3.033830">
        <ele>0.7</ele>
      </trkpt>
      <trkpt lat="42.579560" lon="3.032870">
        <ele>3.3</ele>
      </trkpt>
      <trkpt lat="42.580140" lon="3.032750">
        <ele>3.5</ele>
      </trkpt>
      <trkpt lat="42.581680" lon="3.032640">
        <ele>3.3</ele>
      </trkpt>
      <trkpt lat="42.582260" lon="3.032500">
        <ele>3.1</ele>
      </trkpt>
      <trkpt lat="42.582690" lon="3.032340">
        <ele>2.6</ele>
      </trkpt>
      <trkpt lat="42.583530" lon="3.031850">
        <ele>2.2</ele>
      </trkpt>
      <trkpt lat="42.583640" lon="3.031840">
        <ele>2.2</ele>
      </trkpt>
      <trkpt lat="42.583690" lon="3.031780">
        <ele>2.2</ele>
      </trkpt>
      <trkpt lat="42.583890" lon="3.031760">
        <ele>2.2</ele>
      </trkpt>
      <trkpt lat="42.584960" lon="3.031120">
        <ele>3.5</ele>
      </trkpt>
      <trkpt lat="42.585510" lon="3.030860">
        <ele>1.9</ele>
      </trkpt>
      <trkpt lat="42.585590" lon="3.030790">
        <ele>1.8</ele>
      </trkpt>
      <trkpt lat="42.585610" lon="3.030640">
        <ele>1.8</ele>
      </trkpt>
      <trkpt lat="42.585550" lon="3.030250">
        <ele>1.9</ele>
      </trkpt>
      <trkpt lat="42.585420" lon="3.030060">
        <ele>2.4</ele>
      </trkpt>
      <trkpt lat="42.585210" lon="3.030360">
        <ele>2.7</ele>
      </trkpt>
      <trkpt lat="42.585220" lon="3.030400">
        <ele>2.7</ele>
      </trkpt>
      <trkpt lat="42.585370" lon="3.030400">
        <ele>2.5</ele>
      </trkpt>
      <trkpt lat="42.586610" lon="3.029620">
        <ele>3.2</ele>
      </trkpt>
      <trkpt lat="42.586770" lon="3.029440">
        <ele>3.5</ele>
      </trkpt>
      <trkpt lat="42.586770" lon="3.029410">
        <ele>3.5</ele>
      </trkpt>
      <trkpt lat="42.586440" lon="3.029500">
        <ele>2.5</ele>
      </trkpt>
      <trkpt lat="42.586600" lon="3.030120">
        <ele>3</ele>
      </trkpt>
      <trkpt lat="42.586690" lon="3.030200">
        <ele>3</ele>
      </trkpt>
      <trkpt lat="42.586880" lon="3.029990">
        <ele>3.3</ele>
      </trkpt>
      <trkpt lat="42.588320" lon="3.028970">
        <ele>2.5</ele>
      </trkpt>
      <trkpt lat="42.588510" lon="3.028730">
        <ele>2.7</ele>
      </trkpt>
      <trkpt lat="42.588770" lon="3.028310">
        <ele>2.9</ele>
      </trkpt>
      <trkpt lat="42.588910" lon="3.028130">
        <ele>3.2</ele>
      </trkpt>
      <trkpt lat="42.589150" lon="3.027930">
        <ele>3.4</ele>
      </trkpt>
      <trkpt lat="42.589580" lon="3.027730">
        <ele>3.7</ele>
      </trkpt>
      <trkpt lat="42.589850" lon="3.027540">
        <ele>3.4</ele>
      </trkpt>
      <trkpt lat="42.589930" lon="3.027320">
        <ele>3.2</ele>
      </trkpt>
      <trkpt lat="42.590720" lon="3.026550">
        <ele>2.4</ele>
      </trkpt>
      <trkpt lat="42.591040" lon="3.026310">
        <ele>2.7</ele>
      </trkpt>
      <trkpt lat="42.591460" lon="3.026070">
        <ele>3.7</ele>
      </trkpt>
      <trkpt lat="42.592380" lon="3.025700">
        <ele>3.5</ele>
      </trkpt>
      <trkpt lat="42.596000" lon="3.025230">
        <ele>2.6</ele>
      </trkpt>
      <trkpt lat="42.596150" lon="3.025450">
        <ele>2.7</ele>
      </trkpt>
      <trkpt lat="42.596150" lon="3.026690">
        <ele>3.6</ele>
      </trkpt>
      <trkpt lat="42.596200" lon="3.027570">
        <ele>3</ele>
      </trkpt>
      <trkpt lat="42.596330" lon="3.028780">
        <ele>3.1</ele>
      </trkpt>
      <trkpt lat="42.596330" lon="3.032470">
        <ele>1.3</ele>
      </trkpt>
      <trkpt lat="42.596400" lon="3.032530">
        <ele>1.3</ele>
      </trkpt>
      <trkpt lat="42.598430" lon="3.032140">
        <ele>2</ele>
      </trkpt>
      <trkpt lat="42.599010" lon="3.032190">
        <ele>1.9</ele>
      </trkpt>
      <trkpt lat="42.600080" lon="3.032550">
        <ele>1.1</ele>
      </trkpt>
      <trkpt lat="42.600360" lon="3.032600">
        <ele>1.1</ele>
      </trkpt>
      <trkpt lat="42.600990" lon="3.032280">
        <ele>0.5</ele>
      </trkpt>
      <trkpt lat="42.601250" lon="3.032230">
        <ele>0.4</ele>
      </trkpt>
      <trkpt lat="42.601340" lon="3.032290">
        <ele>0.4</ele>
      </trkpt>
      <trkpt lat="42.601420" lon="3.032420">
        <ele>0.4</ele>
      </trkpt>
      <trkpt lat="42.601490" lon="3.032880">
        <ele>0.7</ele>
      </trkpt>
      <trkpt lat="42.601610" lon="3.033280">
        <ele>0.9</ele>
      </trkpt>
      <trkpt lat="42.601770" lon="3.033510">
        <ele>0.8</ele>
      </trkpt>
      <trkpt lat="42.601750" lon="3.033640">
        <ele>0.8</ele>
      </trkpt>
      <trkpt lat="42.601800" lon="3.033730">
        <ele>0.7</ele>
      </trkpt>
      <trkpt lat="42.601880" lon="3.033750">
        <ele>0.7</ele>
      </trkpt>
      <trkpt lat="42.601950" lon="3.033720">
        <ele>0.7</ele>
      </trkpt>
      <trkpt lat="42.601980" lon="3.033800">
        <ele>0.4</ele>
      </trkpt>
      <trkpt lat="42.602280" lon="3.034080">
        <ele>0.3</ele>
      </trkpt>
      <trkpt lat="42.602570" lon="3.034470">
        <ele>0.1</ele>
      </trkpt>
      <trkpt lat="42.602980" lon="3.035110">
        <ele>0.1</ele>
      </trkpt>
      <trkpt lat="42.602930" lon="3.035260">
        <ele>2</ele>
      </trkpt>
      <trkpt lat="42.602940" lon="3.035360">
        <ele>2</ele>
      </trkpt>
      <trkpt lat="42.602990" lon="3.035420">
        <ele>0.1</ele>
      </trkpt>
      <trkpt lat="42.603180" lon="3.035430">
        <ele>0.2</ele>
      </trkpt>
      <trkpt lat="42.603270" lon="3.035280">
        <ele>0.2</ele>
      </trkpt>
      <trkpt lat="42.604700" lon="3.035050">
        <ele>1.4</ele>
      </trkpt>
      <trkpt lat="42.606320" lon="3.034710">
        <ele>4.5</ele>
      </trkpt>
      <trkpt lat="42.606900" lon="3.034620">
        <ele>3.7</ele>
      </trkpt>
      <trkpt lat="42.607030" lon="3.034640">
        <ele>3.3</ele>
      </trkpt>
      <trkpt lat="42.607220" lon="3.034570">
        <ele>3.5</ele>
      </trkpt>
      <trkpt lat="42.607620" lon="3.034280">
        <ele>3.1</ele>
      </trkpt>
      <trkpt lat="42.607860" lon="3.034000">
        <ele>3</ele>
      </trkpt>
      <trkpt lat="42.608120" lon="3.033510">
        <ele>2.7</ele>
      </trkpt>
      <trkpt lat="42.609580" lon="3.029230">
        <ele>0.8</ele>
      </trkpt>
      <trkpt lat="42.609810" lon="3.028890">
        <ele>1.6</ele>
      </trkpt>
      <trkpt lat="42.609960" lon="3.028760">
        <ele>1.8</ele>
      </trkpt>
      <trkpt lat="42.610040" lon="3.028800">
        <ele>1.8</ele>
      </trkpt>
      <trkpt lat="42.610360" lon="3.028690">
        <ele>2.3</ele>
      </trkpt>
      <trkpt lat="42.610750" lon="3.028610">
        <ele>2.6</ele>
      </trkpt>
      <trkpt lat="42.611090" lon="3.028700">
        <ele>2.4</ele>
      </trkpt>
      <trkpt lat="42.611270" lon="3.028800">
        <ele>2.1</ele>
      </trkpt>
      <trkpt lat="42.611470" lon="3.028960">
        <ele>2</ele>
      </trkpt>
      <trkpt lat="42.611580" lon="3.029100">
        <ele>1.7</ele>
      </trkpt>
      <trkpt lat="42.611750" lon="3.029420">
        <ele>1.6</ele>
      </trkpt>
      <trkpt lat="42.612920" lon="3.032280">
        <ele>1.1</ele>
      </trkpt>
      <trkpt lat="42.613180" lon="3.032850">
        <ele>1.3</ele>
      </trkpt>
      <trkpt lat="42.613380" lon="3.033150">
        <ele>1.5</ele>
      </trkpt>
      <trkpt lat="42.613770" lon="3.033550">
        <ele>1.9</ele>
      </trkpt>
      <trkpt lat="42.614050" lon="3.033720">
        <ele>2.1</ele>
      </trkpt>
      <trkpt lat="42.614530" lon="3.033850">
        <ele>1.9</ele>
      </trkpt>
      <trkpt lat="42.614720" lon="3.034100">
        <ele>1.6</ele>
      </trkpt>
      <trkpt lat="42.614800" lon="3.034140">
        <ele>1.6</ele>
      </trkpt>
      <trkpt lat="42.614970" lon="3.035790">
        <ele>1</ele>
      </trkpt>
      <trkpt lat="42.615040" lon="3.036110">
        <ele>1</ele>
      </trkpt>
      <trkpt lat="42.615170" lon="3.036190">
        <ele>0.8</ele>
      </trkpt>
      <trkpt lat="42.615280" lon="3.036160">
        <ele>0.6</ele>
      </trkpt>
      <trkpt lat="42.615440" lon="3.035990">
        <ele>0.6</ele>
      </trkpt>
      <trkpt lat="42.615510" lon="3.036060">
        <ele>0.4</ele>
      </trkpt>
      <trkpt lat="42.615960" lon="3.035610">
        <ele>1.3</ele>
      </trkpt>
      <trkpt lat="42.616010" lon="3.035610">
        <ele>1.3</ele>
      </trkpt>
      <trkpt lat="42.616320" lon="3.035300">
        <ele>1.8</ele>
      </trkpt>
      <trkpt lat="42.616420" lon="3.035340">
        <ele>1.8</ele>
      </trkpt>
      <trkpt lat="42.616610" lon="3.035630">
        <ele>1.1</ele>
      </trkpt>
      <trkpt lat="42.616800" lon="3.036050">
        <ele>0.1</ele>
      </trkpt>
      <trkpt lat="42.616870" lon="3.036050">
        <ele>0.1</ele>
      </trkpt>
      <trkpt lat="42.617470" lon="3.035510">
        <ele>1.4</ele>
      </trkpt>
      <trkpt lat="42.617720" lon="3.035230">
        <ele>0.4</ele>
      </trkpt>
      <trkpt lat="42.617890" lon="3.035110">
        <ele>1.1</ele>
      </trkpt>
      <trkpt lat="42.618940" lon="3.037030">
        <ele>0.5</ele>
      </trkpt>
      <trkpt lat="42.619220" lon="3.037500">
        <ele>0.5</ele>
      </trkpt>
      <trkpt lat="42.619360" lon="3.037580">
        <ele>0.3</ele>
      </trkpt>
      <trkpt lat="42.619490" lon="3.037710">
        <ele>0.4</ele>
      </trkpt>
      <trkpt lat="42.621890" lon="3.035260">
        <ele>3.1</ele>
      </trkpt>
      <trkpt lat="42.622000" lon="3.035270">
        <ele>3.1</ele>
      </trkpt>
      <trkpt lat="42.622210" lon="3.035400">
        <ele>3.1</ele>
      </trkpt>
      <trkpt lat="42.623000" lon="3.036900">
        <ele>2.7</ele>
      </trkpt>
      <trkpt lat="42.623050" lon="3.037080">
        <ele>2.2</ele>
      </trkpt>
      <trkpt lat="42.623160" lon="3.037140">
        <ele>2.2</ele>
      </trkpt>
      <trkpt lat="42.623240" lon="3.037110">
        <ele>2.3</ele>
      </trkpt>
      <trkpt lat="42.623320" lon="3.037010">
        <ele>2.3</ele>
      </trkpt>
      <trkpt lat="42.623350" lon="3.036740">
        <ele>3.2</ele>
      </trkpt>
      <trkpt lat="42.623410" lon="3.036650">
        <ele>4.5</ele>
      </trkpt>
      <trkpt lat="42.623470" lon="3.036560">
        <ele>4.5</ele>
      </trkpt>
      <trkpt lat="42.623590" lon="3.036510">
        <ele>4.5</ele>
      </trkpt>
      <trkpt lat="42.629070" lon="3.035670">
        <ele>2.3</ele>
      </trkpt>
      <trkpt lat="42.629100" lon="3.035760">
        <ele>2.3</ele>
      </trkpt>
      <trkpt lat="42.629340" lon="3.035740">
        <ele>1.9</ele>
      </trkpt>
      <trkpt lat="42.629460" lon="3.035710">
        <ele>1.6</ele>
      </trkpt>
      <trkpt lat="42.629470" lon="3.035620">
        <ele>2.6</ele>
      </trkpt>
      <trkpt lat="42.632150" lon="3.035190">
        <ele>3.5</ele>
      </trkpt>
      <trkpt lat="42.632230" lon="3.035510">
        <ele>2.6</ele>
      </trkpt>
      <trkpt lat="42.633640" lon="3.035290">
        <ele>2.7</ele>
      </trkpt>
      <trkpt lat="42.633750" lon="3.035370">
        <ele>2.6</ele>
      </trkpt>
      <trkpt lat="42.634730" lon="3.034940">
        <ele>1.9</ele>
      </trkpt>
      <trkpt lat="42.640390" lon="3.033880">
        <ele>2.7</ele>
      </trkpt>
      <trkpt lat="42.640420" lon="3.033810">
        <ele>2.7</ele>
      </trkpt>
      <trkpt lat="42.640930" lon="3.033480">
        <ele>3</ele>
      </trkpt>
      <trkpt lat="42.640920" lon="3.033340">
        <ele>3</ele>
      </trkpt>
      <trkpt lat="42.640970" lon="3.033220">
        <ele>2.7</ele>
      </trkpt>
      <trkpt lat="42.641100" lon="3.033070">
        <ele>2.6</ele>
      </trkpt>
      <trkpt lat="42.642990" lon="3.033720">
        <ele>2.1</ele>
      </trkpt>
      <trkpt lat="42.643830" lon="3.033790">
        <ele>2.5</ele>
      </trkpt>
      <trkpt lat="42.645050" lon="3.033850">
        <ele>1.8</ele>
      </trkpt>
      <trkpt lat="42.648590" lon="3.033270">
        <ele>1.7</ele>
      </trkpt>
      <trkpt lat="42.649720" lon="3.033200">
        <ele>1.3</ele>
      </trkpt>
      <trkpt lat="42.652970" lon="3.033250">
        <ele>1.8</ele>
      </trkpt>
      <trkpt lat="42.655670" lon="3.033070">
        <ele>1</ele>
      </trkpt>
      <trkpt lat="42.656020" lon="3.032900">
        <ele>0.9</ele>
      </trkpt>
      <trkpt lat="42.656910" lon="3.032870">
        <ele>0.4</ele>
      </trkpt>
      <trkpt lat="42.659300" lon="3.032860">
        <ele>1.1</ele>
      </trkpt>
      <trkpt lat="42.659490" lon="3.032980">
        <ele>1.7</ele>
      </trkpt>
      <trkpt lat="42.659720" lon="3.032870">
        <ele>1.5</ele>
      </trkpt>
      <trkpt lat="42.660340" lon="3.032790">
        <ele>2.4</ele>
      </trkpt>
      <trkpt lat="42.661580" lon="3.032510">
        <ele>2</ele>
      </trkpt>
      <trkpt lat="42.662610" lon="3.032420">
        <ele>1.3</ele>
      </trkpt>
      <trkpt lat="42.663640" lon="3.032610">
        <ele>1.4</ele>
      </trkpt>
      <trkpt lat="42.664910" lon="3.032980">
        <ele>2.1</ele>
      </trkpt>
      <trkpt lat="42.665940" lon="3.033120">
        <ele>2</ele>
      </trkpt>
      <trkpt lat="42.671000" lon="3.033300">
        <ele>3.4</ele>
      </trkpt>
      <trkpt lat="42.671280" lon="3.033240">
        <ele>3.2</ele>
      </trkpt>
      <trkpt lat="42.672430" lon="3.033270">
        <ele>1.8</ele>
      </trkpt>
      <trkpt lat="42.672960" lon="3.033390">
        <ele>2</ele>
      </trkpt>
      <trkpt lat="42.673070" lon="3.033480">
        <ele>2</ele>
      </trkpt>
      <trkpt lat="42.673210" lon="3.033360">
        <ele>2.2</ele>
      </trkpt>
      <trkpt lat="42.673280" lon="3.033160">
        <ele>2.3</ele>
      </trkpt>
      <trkpt lat="42.674090" lon="3.032760">
        <ele>2.7</ele>
      </trkpt>
      <trkpt lat="42.674410" lon="3.032550">
        <ele>3.1</ele>
      </trkpt>
      <trkpt lat="42.676120" lon="3.031270">
        <ele>2.1</ele>
      </trkpt>
      <trkpt lat="42.676280" lon="3.031190">
        <ele>2.1</ele>
      </trkpt>
      <trkpt lat="42.676430" lon="3.031170">
        <ele>2.4</ele>
      </trkpt>
      <trkpt lat="42.676550" lon="3.031180">
        <ele>2.6</ele>
      </trkpt>
      <trkpt lat="42.676750" lon="3.031270">
        <ele>2.9</ele>
      </trkpt>
      <trkpt lat="42.676980" lon="3.031100">
        <ele>3.1</ele>
      </trkpt>
      <trkpt lat="42.677300" lon="3.031090">
        <ele>3.3</ele>
      </trkpt>
      <trkpt lat="42.677350" lon="3.031210">
        <ele>3.4</ele>
      </trkpt>
      <trkpt lat="42.677430" lon="3.031240">
        <ele>3.4</ele>
      </trkpt>
      <trkpt lat="42.677470" lon="3.031140">
        <ele>3.4</ele>
      </trkpt>
      <trkpt lat="42.677530" lon="3.031080">
        <ele>3.4</ele>
      </trkpt>
      <trkpt lat="42.677600" lon="3.031090">
        <ele>3.4</ele>
      </trkpt>
      <trkpt lat="42.678350" lon="3.031310">
        <ele>3.1</ele>
      </trkpt>
      <trkpt lat="42.678710" lon="3.031490">
        <ele>3.1</ele>
      </trkpt>
      <trkpt lat="42.678860" lon="3.031650">
        <ele>3.2</ele>
      </trkpt>
      <trkpt lat="42.680030" lon="3.032300">
        <ele>4</ele>
      </trkpt>
      <trkpt lat="42.680120" lon="3.032440">
        <ele>4.1</ele>
      </trkpt>
      <trkpt lat="42.680050" lon="3.033610">
        <ele>6.8</ele>
      </trkpt>
      <trkpt lat="42.680050" lon="3.034210">
        <ele>5.3</ele>
      </trkpt>
      <trkpt lat="42.680080" lon="3.034250">
        <ele>5.3</ele>
      </trkpt>
      <trkpt lat="42.680260" lon="3.034230">
        <ele>5.5</ele>
      </trkpt>
      <trkpt lat="42.683590" lon="3.034490">
        <ele>4.4</ele>
      </trkpt>
      <trkpt lat="42.687540" lon="3.034900">
        <ele>4.8</ele>
      </trkpt>
      <trkpt lat="42.687620" lon="3.034940">
        <ele>4.5</ele>
      </trkpt>
      <trkpt lat="42.687720" lon="3.034940">
        <ele>4.5</ele>
      </trkpt>
      <trkpt lat="42.687750" lon="3.034900">
        <ele>4.5</ele>
      </trkpt>
      <trkpt lat="42.687820" lon="3.034960">
        <ele>4.1</ele>
      </trkpt>
      <trkpt lat="42.687950" lon="3.034870">
        <ele>4.1</ele>
      </trkpt>
      <trkpt lat="42.688050" lon="3.034870">
        <ele>3.8</ele>
      </trkpt>
      <trkpt lat="42.688920" lon="3.035000">
        <ele>4.1</ele>
      </trkpt>
      <trkpt lat="42.689010" lon="3.030930">
        <ele>1.8</ele>
      </trkpt>
      <trkpt lat="42.689050" lon="3.030890">
        <ele>1.8</ele>
      </trkpt>
      <trkpt lat="42.689050" lon="3.030810">
        <ele>1.8</ele>
      </trkpt>
      <trkpt lat="42.689740" lon="3.028700">
        <ele>1.5</ele>
      </trkpt>
      <trkpt lat="42.689800" lon="3.028600">
        <ele>1.5</ele>
      </trkpt>
      <trkpt lat="42.695080" lon="3.028810">
        <ele>2.4</ele>
      </trkpt>
      <trkpt lat="42.695080" lon="3.028950">
        <ele>2.9</ele>
      </trkpt>
      <trkpt lat="42.697110" lon="3.028950">
        <ele>3.5</ele>
      </trkpt>
      <trkpt lat="42.697180" lon="3.029020">
        <ele>3.4</ele>
      </trkpt>
      <trkpt lat="42.697640" lon="3.029020">
        <ele>3.6</ele>
      </trkpt>
      <trkpt lat="42.697690" lon="3.029130">
        <ele>3.6</ele>
      </trkpt>
      <trkpt lat="42.698030" lon="3.028580">
        <ele>3.9</ele>
      </trkpt>
      <trkpt lat="42.698140" lon="3.028120">
        <ele>3.6</ele>
      </trkpt>
      <trkpt lat="42.698240" lon="3.027070">
        <ele>3.1</ele>
      </trkpt>
      <trkpt lat="42.698270" lon="3.026220">
        <ele>3.2</ele>
      </trkpt>
      <trkpt lat="42.698100" lon="3.026190">
        <ele>3.2</ele>
      </trkpt>
      <trkpt lat="42.698280" lon="3.023690">
        <ele>2.8</ele>
      </trkpt>
      <trkpt lat="42.698250" lon="3.023550">
        <ele>2.8</ele>
      </trkpt>
      <trkpt lat="42.698170" lon="3.023530">
        <ele>2.6</ele>
      </trkpt>
      <trkpt lat="42.697990" lon="3.023640">
        <ele>2.7</ele>
      </trkpt>
      <trkpt lat="42.697880" lon="3.023420">
        <ele>1.9</ele>
      </trkpt>
      <trkpt lat="42.697880" lon="3.023260">
        <ele>1.9</ele>
      </trkpt>
      <trkpt lat="42.698510" lon="3.022200">
        <ele>1.1</ele>
      </trkpt>
      <trkpt lat="42.699410" lon="3.020210">
        <ele>1.4</ele>
      </trkpt>
      <trkpt lat="42.699730" lon="3.019560">
        <ele>0.9</ele>
      </trkpt>
      <trkpt lat="42.700290" lon="3.018750">
        <ele>1.5</ele>
      </trkpt>
      <trkpt lat="42.701660" lon="3.017200">
        <ele>4</ele>
      </trkpt>
      <trkpt lat="42.702100" lon="3.017750">
        <ele>5.6</ele>
      </trkpt>
      <trkpt lat="42.702230" lon="3.017630">
        <ele>5.6</ele>
      </trkpt>
      <trkpt lat="42.702300" lon="3.017450">
        <ele>6.1</ele>
      </trkpt>
      <trkpt lat="42.702480" lon="3.017410">
        <ele>6.8</ele>
      </trkpt>
      <trkpt lat="42.703150" lon="3.016630">
        <ele>8.3</ele>
      </trkpt>
      <trkpt lat="42.703150" lon="3.016630">
        <ele>8.3</ele>
      </trkpt>
      <trkpt lat="42.703450" lon="3.016800">
        <ele>9.1</ele>
      </trkpt>
      <trkpt lat="42.703660" lon="3.016780">
        <ele>10.7</ele>
      </trkpt>
      <trkpt lat="42.704000" lon="3.016980">
        <ele>11.4</ele>
      </trkpt>
      <trkpt lat="42.705010" lon="3.017930">
        <ele>6.7</ele>
      </trkpt>
      <trkpt lat="42.705120" lon="3.017920">
        <ele>6.3</ele>
      </trkpt>
      <trkpt lat="42.705150" lon="3.017790">
        <ele>6.6</ele>
      </trkpt>
      <trkpt lat="42.705240" lon="3.017610">
        <ele>6.1</ele>
      </trkpt>
      <trkpt lat="42.705270" lon="3.017430">
        <ele>6.3</ele>
      </trkpt>
      <trkpt lat="42.705410" lon="3.017410">
        <ele>6.3</ele>
      </trkpt>
      <trkpt lat="42.706650" lon="3.018420">
        <ele>4.8</ele>
      </trkpt>
      <trkpt lat="42.707040" lon="3.018930">
        <ele>5.2</ele>
      </trkpt>
      <trkpt lat="42.708170" lon="3.020060">
        <ele>4.5</ele>
      </trkpt>
      <trkpt lat="42.708210" lon="3.020030">
        <ele>4.7</ele>
      </trkpt>
      <trkpt lat="42.708170" lon="3.019140">
        <ele>5.2</ele>
      </trkpt>
      <trkpt lat="42.708420" lon="3.019140">
        <ele>4.9</ele>
      </trkpt>
      <trkpt lat="42.708420" lon="3.018970">
        <ele>4.9</ele>
      </trkpt>
      <trkpt lat="42.708520" lon="3.018870">
        <ele>4.9</ele>
      </trkpt>
      <trkpt lat="42.708650" lon="3.018810">
        <ele>4.7</ele>
      </trkpt>
      <trkpt lat="42.708770" lon="3.018860">
        <ele>4.7</ele>
      </trkpt>
      <trkpt lat="42.709060" lon="3.019380">
        <ele>4.4</ele>
      </trkpt>
      <trkpt lat="42.709420" lon="3.020440">
        <ele>3.8</ele>
      </trkpt>
      <trkpt lat="42.709450" lon="3.020480">
        <ele>3.8</ele>
      </trkpt>
      <trkpt lat="42.709710" lon="3.020600">
        <ele>3.5</ele>
      </trkpt>
      <trkpt lat="42.709850" lon="3.020900">
        <ele>3.5</ele>
      </trkpt>
      <trkpt lat="42.710430" lon="3.021740">
        <ele>4.3</ele>
      </trkpt>
      <trkpt lat="42.710610" lon="3.022120">
        <ele>3.4</ele>
      </trkpt>
      <trkpt lat="42.710650" lon="3.022260">
        <ele>2</ele>
      </trkpt>
      <trkpt lat="42.710600" lon="3.022300">
        <ele>2</ele>
      </trkpt>
      <trkpt lat="42.710500" lon="3.022300">
        <ele>3.4</ele>
      </trkpt>
      <trkpt lat="42.710400" lon="3.022200">
        <ele>3.4</ele>
      </trkpt>
      <trkpt lat="42.710360" lon="3.022220">
        <ele>4.4</ele>
      </trkpt>
      <trkpt lat="42.710450" lon="3.022380">
        <ele>3.4</ele>
      </trkpt>
      <trkpt lat="42.710360" lon="3.022320">
        <ele>4.4</ele>
      </trkpt>
      <trkpt lat="42.710420" lon="3.022460">
        <ele>2.8</ele>
      </trkpt>
      <trkpt lat="42.711700" lon="3.023720">
        <ele>3.7</ele>
      </trkpt>
      <trkpt lat="42.712530" lon="3.024310">
        <ele>3.8</ele>
      </trkpt>
      <trkpt lat="42.713200" lon="3.025000">
        <ele>3.1</ele>
      </trkpt>
      <trkpt lat="42.714830" lon="3.026530">
        <ele>2.3</ele>
      </trkpt>
      <trkpt lat="42.715780" lon="3.027260">
        <ele>1.8</ele>
      </trkpt>
      <trkpt lat="42.717170" lon="3.028130">
        <ele>1.8</ele>
      </trkpt>
      <trkpt lat="42.717860" lon="3.028500">
        <ele>1.9</ele>
      </trkpt>
      <trkpt lat="42.719510" lon="3.029170">
        <ele>1.6</ele>
      </trkpt>
      <trkpt lat="42.720140" lon="3.029340">
        <ele>0.9</ele>
      </trkpt>
      <trkpt lat="42.720360" lon="3.029280">
        <ele>0.7</ele>
      </trkpt>
      <trkpt lat="42.720530" lon="3.029390">
        <ele>0.6</ele>
      </trkpt>
      <trkpt lat="42.720780" lon="3.029460">
        <ele>0.6</ele>
      </trkpt>
      <trkpt lat="42.722230" lon="3.029620">
        <ele>1</ele>
      </trkpt>
      <trkpt lat="42.723410" lon="3.029610">
        <ele>1.1</ele>
      </trkpt>
      <trkpt lat="42.724520" lon="3.029500">
        <ele>1.6</ele>
      </trkpt>
      <trkpt lat="42.725640" lon="3.029280">
        <ele>1.5</ele>
      </trkpt>
      <trkpt lat="42.726550" lon="3.029030">
        <ele>2.1</ele>
      </trkpt>
      <trkpt lat="42.727020" lon="3.028860">
        <ele>1.8</ele>
      </trkpt>
      <trkpt lat="42.727940" lon="3.028460">
        <ele>1.9</ele>
      </trkpt>
      <trkpt lat="42.728880" lon="3.027950">
        <ele>2</ele>
      </trkpt>
      <trkpt lat="42.729130" lon="3.027940">
        <ele>1.8</ele>
      </trkpt>
      <trkpt lat="42.729360" lon="3.027800">
        <ele>2.5</ele>
      </trkpt>
      <trkpt lat="42.730280" lon="3.027110">
        <ele>2.7</ele>
      </trkpt>
      <trkpt lat="42.730930" lon="3.026480">
        <ele>2.6</ele>
      </trkpt>
      <trkpt lat="42.731400" lon="3.026260">
        <ele>3.1</ele>
      </trkpt>
      <trkpt lat="42.731470" lon="3.026140">
        <ele>3.6</ele>
      </trkpt>
      <trkpt lat="42.731550" lon="3.025720">
        <ele>3.7</ele>
      </trkpt>
      <trkpt lat="42.731800" lon="3.025870">
        <ele>3.5</ele>
      </trkpt>
      <trkpt lat="42.731850" lon="3.026050">
        <ele>3.4</ele>
      </trkpt>
      <trkpt lat="42.731900" lon="3.026110">
        <ele>3.4</ele>
      </trkpt>
      <trkpt lat="42.732780" lon="3.026430">
        <ele>2.6</ele>
      </trkpt>
      <trkpt lat="42.732890" lon="3.026740">
        <ele>2.2</ele>
      </trkpt>
      <trkpt lat="42.733110" lon="3.027040">
        <ele>2</ele>
      </trkpt>
      <trkpt lat="42.733150" lon="3.027040">
        <ele>2</ele>
      </trkpt>
      <trkpt lat="42.733120" lon="3.026910">
        <ele>2.1</ele>
      </trkpt>
      <trkpt lat="42.733130" lon="3.026780">
        <ele>2.1</ele>
      </trkpt>
      <trkpt lat="42.733210" lon="3.026640">
        <ele>2.4</ele>
      </trkpt>
      <trkpt lat="42.734030" lon="3.026040">
        <ele>2.7</ele>
      </trkpt>
      <trkpt lat="42.734510" lon="3.025790">
        <ele>1.8</ele>
      </trkpt>
      <trkpt lat="42.734990" lon="3.025620">
        <ele>1</ele>
      </trkpt>
      <trkpt lat="42.736750" lon="3.025210">
        <ele>0.9</ele>
      </trkpt>
      <trkpt lat="42.737080" lon="3.024940">
        <ele>0.5</ele>
      </trkpt>
      <trkpt lat="42.737360" lon="3.024850">
        <ele>2.6</ele>
      </trkpt>
      <trkpt lat="42.737570" lon="3.024990">
        <ele>0.2</ele>
      </trkpt>
      <trkpt lat="42.739340" lon="3.024620">
        <ele>0.6</ele>
      </trkpt>
      <trkpt lat="42.739440" lon="3.024530">
        <ele>1.2</ele>
      </trkpt>
      <trkpt lat="42.740000" lon="3.024390">
        <ele>1.4</ele>
      </trkpt>
      <trkpt lat="42.742830" lon="3.023790">
        <ele>1.1</ele>
      </trkpt>
      <trkpt lat="42.750160" lon="3.022130">
        <ele>2.9</ele>
      </trkpt>
      <trkpt lat="42.752130" lon="3.021800">
        <ele>0.3</ele>
      </trkpt>
      <trkpt lat="42.753340" lon="3.021540">
        <ele>0.4</ele>
      </trkpt>
      <trkpt lat="42.758440" lon="3.020350">
        <ele>1</ele>
      </trkpt>
      <trkpt lat="42.759940" lon="3.020070">
        <ele>0.1</ele>
      </trkpt>
      <trkpt lat="42.760370" lon="3.020030">
        <ele>0.7</ele>
      </trkpt>
      <trkpt lat="42.761030" lon="3.020040">
        <ele>1.5</ele>
      </trkpt>
      <trkpt lat="42.761820" lon="3.020210">
        <ele>1.7</ele>
      </trkpt>
      <trkpt lat="42.761860" lon="3.020250">
        <ele>1.5</ele>
      </trkpt>
      <trkpt lat="42.761890" lon="3.020360">
        <ele>1.2</ele>
      </trkpt>
      <trkpt lat="42.762170" lon="3.020440">
        <ele>1.2</ele>
      </trkpt>
      <trkpt lat="42.762230" lon="3.020520">
        <ele>1.2</ele>
      </trkpt>
      <trkpt lat="42.762540" lon="3.021460">
        <ele>1.2</ele>
      </trkpt>
      <trkpt lat="42.762760" lon="3.022030">
        <ele>1.7</ele>
      </trkpt>
      <trkpt lat="42.763020" lon="3.021910">
        <ele>1.4</ele>
      </trkpt>
      <trkpt lat="42.762650" lon="3.020300">
        <ele>1.8</ele>
      </trkpt>
      <trkpt lat="42.762690" lon="3.020150">
        <ele>2</ele>
      </trkpt>
      <trkpt lat="42.762780" lon="3.020050">
        <ele>2</ele>
      </trkpt>
      <trkpt lat="42.763300" lon="3.019720">
        <ele>2.8</ele>
      </trkpt>
      <trkpt lat="42.764510" lon="3.019120">
        <ele>1.2</ele>
      </trkpt>
      <trkpt lat="42.767190" lon="3.018490">
        <ele>1.3</ele>
      </trkpt>
      <trkpt lat="42.769990" lon="3.018010">
        <ele>1.6</ele>
      </trkpt>
      <trkpt lat="42.770040" lon="3.017790">
        <ele>1.5</ele>
      </trkpt>
      <trkpt lat="42.770010" lon="3.017380">
        <ele>1.4</ele>
      </trkpt>
      <trkpt lat="42.770140" lon="3.017190">
        <ele>1.4</ele>
      </trkpt>
      <trkpt lat="42.770120" lon="3.017450">
        <ele>1.4</ele>
      </trkpt>
      <trkpt lat="42.771090" lon="3.017240">
        <ele>2.5</ele>
      </trkpt>
      <trkpt lat="42.771030" lon="3.016980">
        <ele>3.1</ele>
      </trkpt>
      <trkpt lat="42.771040" lon="3.016870">
        <ele>3.1</ele>
      </trkpt>
      <trkpt lat="42.771100" lon="3.016960">
        <ele>3.1</ele>
      </trkpt>
      <trkpt lat="42.771190" lon="3.017510">
        <ele>3.3</ele>
      </trkpt>
      <trkpt lat="42.771100" lon="3.017730">
        <ele>1.6</ele>
      </trkpt>
      <trkpt lat="42.771130" lon="3.018010">
        <ele>1.6</ele>
      </trkpt>
      <trkpt lat="42.771090" lon="3.018790">
        <ele>1.4</ele>
      </trkpt>
      <trkpt lat="42.771200" lon="3.022250">
        <ele>2.2</ele>
      </trkpt>
      <trkpt lat="42.771280" lon="3.023980">
        <ele>1</ele>
      </trkpt>
      <trkpt lat="42.771500" lon="3.024800">
        <ele>1.9</ele>
      </trkpt>
      <trkpt lat="42.771800" lon="3.025350">
        <ele>2.1</ele>
      </trkpt>
      <trkpt lat="42.772080" lon="3.025700">
        <ele>1.8</ele>
      </trkpt>
      <trkpt lat="42.773180" lon="3.026920">
        <ele>2.6</ele>
      </trkpt>
      <trkpt lat="42.774400" lon="3.028120">
        <ele>2.7</ele>
      </trkpt>
      <trkpt lat="42.775940" lon="3.029510">
        <ele>2.3</ele>
      </trkpt>
      <trkpt lat="42.776570" lon="3.030140">
        <ele>2.6</ele>
      </trkpt>
      <trkpt lat="42.777180" lon="3.030790">
        <ele>2.2</ele>
      </trkpt>
      <trkpt lat="42.777900" lon="3.031640">
        <ele>3.7</ele>
      </trkpt>
      <trkpt lat="42.778250" lon="3.032140">
        <ele>3.6</ele>
      </trkpt>
      <trkpt lat="42.778660" lon="3.032950">
        <ele>2.4</ele>
      </trkpt>
      <trkpt lat="42.780080" lon="3.037170">
        <ele>2.5</ele>
      </trkpt>
      <trkpt lat="42.780230" lon="3.037560">
        <ele>2.3</ele>
      </trkpt>
      <trkpt lat="42.780390" lon="3.037800">
        <ele>3</ele>
      </trkpt>
      <trkpt lat="42.780490" lon="3.037840">
        <ele>2.9</ele>
      </trkpt>
      <trkpt lat="42.784110" lon="3.038160">
        <ele>3.6</ele>
      </trkpt>
      <trkpt lat="42.784410" lon="3.038150">
        <ele>4.3</ele>
      </trkpt>
      <trkpt lat="42.784470" lon="3.038520">
        <ele>3.6</ele>
      </trkpt>
      <trkpt lat="42.790160" lon="3.037920">
        <ele>4.9</ele>
      </trkpt>
      <trkpt lat="42.790700" lon="3.038580">
        <ele>4.7</ele>
      </trkpt>
      <trkpt lat="42.790910" lon="3.038670">
        <ele>4.1</ele>
      </trkpt>
      <trkpt lat="42.792200" lon="3.038570">
        <ele>2.4</ele>
      </trkpt>
      <trkpt lat="42.792170" lon="3.038200">
        <ele>2.9</ele>
      </trkpt>
      <trkpt lat="42.793280" lon="3.038210">
        <ele>3.3</ele>
      </trkpt>
      <trkpt lat="42.793390" lon="3.038290">
        <ele>3.7</ele>
      </trkpt>
      <trkpt lat="42.793690" lon="3.038290">
        <ele>4.4</ele>
      </trkpt>
      <trkpt lat="42.793860" lon="3.038080">
        <ele>5.2</ele>
      </trkpt>
      <trkpt lat="42.794060" lon="3.038120">
        <ele>5.8</ele>
      </trkpt>
      <trkpt lat="42.794220" lon="3.038230">
        <ele>6</ele>
      </trkpt>
      <trkpt lat="42.795830" lon="3.038350">
        <ele>4.5</ele>
      </trkpt>
      <trkpt lat="42.796240" lon="3.037010">
        <ele>4.1</ele>
      </trkpt>
      <trkpt lat="42.796260" lon="3.036850">
        <ele>3.8</ele>
      </trkpt>
      <trkpt lat="42.796420" lon="3.036820">
        <ele>3.4</ele>
      </trkpt>
      <trkpt lat="42.796500" lon="3.036690">
        <ele>3.1</ele>
      </trkpt>
      <trkpt lat="42.796640" lon="3.036630">
        <ele>3.1</ele>
      </trkpt>
      <trkpt lat="42.799210" lon="3.036850">
        <ele>4</ele>
      </trkpt>
      <trkpt lat="42.799840" lon="3.036870">
        <ele>3.7</ele>
      </trkpt>
      <trkpt lat="42.799990" lon="3.036990">
        <ele>3.7</ele>
      </trkpt>
      <trkpt lat="42.800140" lon="3.036960">
        <ele>3.8</ele>
      </trkpt>
      <trkpt lat="42.805270" lon="3.037370">
        <ele>3.3</ele>
      </trkpt>
      <trkpt lat="42.805900" lon="3.037360">
        <ele>3.4</ele>
      </trkpt>
      <trkpt lat="42.806070" lon="3.037390">
        <ele>3.4</ele>
      </trkpt>
      <trkpt lat="42.806270" lon="3.037500">
        <ele>3.3</ele>
      </trkpt>
      <trkpt lat="42.810580" lon="3.037850">
        <ele>2.8</ele>
      </trkpt>
      <trkpt lat="42.811490" lon="3.037870">
        <ele>1.9</ele>
      </trkpt>
      <trkpt lat="42.811680" lon="3.038050">
        <ele>1.7</ele>
      </trkpt>
      <trkpt lat="42.811900" lon="3.037950">
        <ele>1.7</ele>
      </trkpt>
      <trkpt lat="42.812380" lon="3.037960">
        <ele>1.8</ele>
      </trkpt>
      <trkpt lat="42.820900" lon="3.038640">
        <ele>3.4</ele>
      </trkpt>
      <trkpt lat="42.821010" lon="3.038560">
        <ele>3.6</ele>
      </trkpt>
      <trkpt lat="42.821220" lon="3.038530">
        <ele>3.8</ele>
      </trkpt>
      <trkpt lat="42.821600" lon="3.035680">
        <ele>3.3</ele>
      </trkpt>
      <trkpt lat="42.821690" lon="3.035180">
        <ele>2.6</ele>
      </trkpt>
      <trkpt lat="42.821790" lon="3.034960">
        <ele>2.6</ele>
      </trkpt>
      <trkpt lat="42.821980" lon="3.034820">
        <ele>2.9</ele>
      </trkpt>
      <trkpt lat="42.822740" lon="3.034800">
        <ele>2.5</ele>
      </trkpt>
      <trkpt lat="42.823160" lon="3.034860">
        <ele>2.4</ele>
      </trkpt>
      <trkpt lat="42.823230" lon="3.034940">
        <ele>2.4</ele>
      </trkpt>
      <trkpt lat="42.823270" lon="3.035070">
        <ele>2.4</ele>
      </trkpt>
      <trkpt lat="42.823410" lon="3.035120">
        <ele>2.6</ele>
      </trkpt>
      <trkpt lat="42.823560" lon="3.034960">
        <ele>2.9</ele>
      </trkpt>
      <trkpt lat="42.828160" lon="3.036030">
        <ele>4.4</ele>
      </trkpt>
      <trkpt lat="42.828390" lon="3.036180">
        <ele>4.2</ele>
      </trkpt>
      <trkpt lat="42.829040" lon="3.037070">
        <ele>4.4</ele>
      </trkpt>
      <trkpt lat="42.828980" lon="3.037180">
        <ele>4.4</ele>
      </trkpt>
      <trkpt lat="42.829180" lon="3.037470">
        <ele>4.4</ele>
      </trkpt>
      <trkpt lat="42.829420" lon="3.037360">
        <ele>4</ele>
      </trkpt>
      <trkpt lat="42.829480" lon="3.037420">
        <ele>4</ele>
      </trkpt>
      <trkpt lat="42.829520" lon="3.037370">
        <ele>3.6</ele>
      </trkpt>
      <trkpt lat="42.829560" lon="3.037190">
        <ele>3.3</ele>
      </trkpt>
      <trkpt lat="42.829880" lon="3.036890">
        <ele>2.3</ele>
      </trkpt>
      <trkpt lat="42.829990" lon="3.036740">
        <ele>2.3</ele>
      </trkpt>
      <trkpt lat="42.830180" lon="3.036600">
        <ele>2</ele>
      </trkpt>
      <trkpt lat="42.830910" lon="3.036720">
        <ele>1.7</ele>
      </trkpt>
      <trkpt lat="42.831180" lon="3.036630">
        <ele>2</ele>
      </trkpt>
      <trkpt lat="42.831180" lon="3.036490">
        <ele>2</ele>
      </trkpt>
      <trkpt lat="42.831220" lon="3.036390">
        <ele>1.7</ele>
      </trkpt>
      <trkpt lat="42.831300" lon="3.036330">
        <ele>1.9</ele>
      </trkpt>
      <trkpt lat="42.831520" lon="3.036410">
        <ele>2.1</ele>
      </trkpt>
      <trkpt lat="42.831820" lon="3.036390">
        <ele>2.4</ele>
      </trkpt>
      <trkpt lat="42.838370" lon="3.039530">
        <ele>3.5</ele>
      </trkpt>
      <trkpt lat="42.838560" lon="3.039630">
        <ele>3.2</ele>
      </trkpt>
      <trkpt lat="42.838690" lon="3.039860">
        <ele>2.8</ele>
      </trkpt>
      <trkpt lat="42.838830" lon="3.039970">
        <ele>2.5</ele>
      </trkpt>
      <trkpt lat="42.839040" lon="3.039900">
        <ele>2.4</ele>
      </trkpt>
      <trkpt lat="42.839450" lon="3.040930">
        <ele>3</ele>
      </trkpt>
      <trkpt lat="42.839690" lon="3.041120">
        <ele>3.3</ele>
      </trkpt>
      <trkpt lat="42.840410" lon="3.041270">
        <ele>2.8</ele>
      </trkpt>
      <trkpt lat="42.840570" lon="3.041350">
        <ele>2.9</ele>
      </trkpt>
      <trkpt lat="42.840850" lon="3.041300">
        <ele>2.7</ele>
      </trkpt>
      <trkpt lat="42.841040" lon="3.041000">
        <ele>2.7</ele>
      </trkpt>
      <trkpt lat="42.841040" lon="3.039290">
        <ele>2.4</ele>
      </trkpt>
      <trkpt lat="42.841120" lon="3.039300">
        <ele>2.4</ele>
      </trkpt>
      <trkpt lat="42.841120" lon="3.037700">
        <ele>1.4</ele>
      </trkpt>
      <trkpt lat="42.841490" lon="3.036690">
        <ele>1.3</ele>
      </trkpt>
      <trkpt lat="42.845440" lon="3.037180">
        <ele>2.6</ele>
      </trkpt>
      <trkpt lat="42.845470" lon="3.037040">
        <ele>2.6</ele>
      </trkpt>
      <trkpt lat="42.847480" lon="3.037100">
        <ele>3.2</ele>
      </trkpt>
      <trkpt lat="42.848150" lon="3.037200">
        <ele>2.4</ele>
      </trkpt>
      <trkpt lat="42.848580" lon="3.037200">
        <ele>2.3</ele>
      </trkpt>
      <trkpt lat="42.849030" lon="3.037060">
        <ele>2.5</ele>
      </trkpt>
      <trkpt lat="42.849320" lon="3.036840">
        <ele>2.3</ele>
      </trkpt>
      <trkpt lat="42.851720" lon="3.033580">
        <ele>3.1</ele>
      </trkpt>
      <trkpt lat="42.851910" lon="3.033380">
        <ele>2.8</ele>
      </trkpt>
      <trkpt lat="42.852050" lon="3.033380">
        <ele>2.9</ele>
      </trkpt>
      <trkpt lat="42.852190" lon="3.033500">
        <ele>2.9</ele>
      </trkpt>
      <trkpt lat="42.853580" lon="3.035380">
        <ele>4.5</ele>
      </trkpt>
      <trkpt lat="42.853700" lon="3.035450">
        <ele>3.9</ele>
      </trkpt>
      <trkpt lat="42.853720" lon="3.035630">
        <ele>3.9</ele>
      </trkpt>
      <trkpt lat="42.853590" lon="3.035750">
        <ele>3.4</ele>
      </trkpt>
      <trkpt lat="42.853510" lon="3.035690">
        <ele>3.5</ele>
      </trkpt>
      <trkpt lat="42.853120" lon="3.036210">
        <ele>2.7</ele>
      </trkpt>
      <trkpt lat="42.853080" lon="3.036150">
        <ele>3</ele>
      </trkpt>
      <trkpt lat="42.852830" lon="3.036480">
        <ele>2.6</ele>
      </trkpt>
      <trkpt lat="42.852630" lon="3.036590">
        <ele>2.7</ele>
      </trkpt>
      <trkpt lat="42.852090" lon="3.036670">
        <ele>3</ele>
      </trkpt>
      <trkpt lat="42.851850" lon="3.036660">
        <ele>3.1</ele>
      </trkpt>
      <trkpt lat="42.851670" lon="3.036560">
        <ele>3.3</ele>
      </trkpt>
      <trkpt lat="42.851560" lon="3.036340">
        <ele>3.6</ele>
      </trkpt>
      <trkpt lat="42.851550" lon="3.036030">
        <ele>3.7</ele>
      </trkpt>
      <trkpt lat="42.851640" lon="3.035780">
        <ele>3.4</ele>
      </trkpt>
      <trkpt lat="42.853950" lon="3.034090">
        <ele>5.6</ele>
      </trkpt>
      <trkpt lat="42.857060" lon="3.031920">
        <ele>1.6</ele>
      </trkpt>
      <trkpt lat="42.858020" lon="3.031260">
        <ele>4.5</ele>
      </trkpt>
      <trkpt lat="42.859290" lon="3.030470">
        <ele>4.4</ele>
      </trkpt>
      <trkpt lat="42.860110" lon="3.030080">
        <ele>4.6</ele>
      </trkpt>
      <trkpt lat="42.860750" lon="3.029850">
        <ele>4.8</ele>
      </trkpt>
      <trkpt lat="42.861480" lon="3.029700">
        <ele>2.8</ele>
      </trkpt>
      <trkpt lat="42.862240" lon="3.029630">
        <ele>2.2</ele>
      </trkpt>
      <trkpt lat="42.862760" lon="3.029630">
        <ele>2.6</ele>
      </trkpt>
      <trkpt lat="42.862960" lon="3.029670">
        <ele>2.8</ele>
      </trkpt>
      <trkpt lat="42.862960" lon="3.029760">
        <ele>2.8</ele>
      </trkpt>
      <trkpt lat="42.862900" lon="3.029940">
        <ele>2.8</ele>
      </trkpt>
      <trkpt lat="42.863760" lon="3.030600">
        <ele>4.2</ele>
      </trkpt>
      <trkpt lat="42.863850" lon="3.030740">
        <ele>4.2</ele>
      </trkpt>
      <trkpt lat="42.864050" lon="3.031460">
        <ele>4.5</ele>
      </trkpt>
      <trkpt lat="42.864280" lon="3.031800">
        <ele>4.4</ele>
      </trkpt>
      <trkpt lat="42.864830" lon="3.032260">
        <ele>3.3</ele>
      </trkpt>
      <trkpt lat="42.864970" lon="3.032330">
        <ele>3.4</ele>
      </trkpt>
      <trkpt lat="42.865250" lon="3.032390">
        <ele>3.3</ele>
      </trkpt>
      <trkpt lat="42.865940" lon="3.032700">
        <ele>2.6</ele>
      </trkpt>
      <trkpt lat="42.866800" lon="3.032520">
        <ele>1.5</ele>
      </trkpt>
      <trkpt lat="42.867400" lon="3.032620">
        <ele>2.2</ele>
      </trkpt>
      <trkpt lat="42.867730" lon="3.032820">
        <ele>2</ele>
      </trkpt>
      <trkpt lat="42.868330" lon="3.033340">
        <ele>3</ele>
      </trkpt>
      <trkpt lat="42.868390" lon="3.033610">
        <ele>3.5</ele>
      </trkpt>
      <trkpt lat="42.868510" lon="3.033950">
        <ele>4</ele>
      </trkpt>
      <trkpt lat="42.868770" lon="3.034220">
        <ele>4.8</ele>
      </trkpt>
      <trkpt lat="42.869490" lon="3.034820">
        <ele>4.8</ele>
      </trkpt>
      <trkpt lat="42.869470" lon="3.034950">
        <ele>5.3</ele>
      </trkpt>
      <trkpt lat="42.869380" lon="3.035090">
        <ele>5.7</ele>
      </trkpt>
      <trkpt lat="42.869470" lon="3.035270">
        <ele>5.7</ele>
      </trkpt>
      <trkpt lat="42.869760" lon="3.035510">
        <ele>6</ele>
      </trkpt>
      <trkpt lat="42.872180" lon="3.037410">
        <ele>3.6</ele>
      </trkpt>
      <trkpt lat="42.872330" lon="3.037460">
        <ele>3.6</ele>
      </trkpt>
      <trkpt lat="42.872520" lon="3.037430">
        <ele>3.3</ele>
      </trkpt>
      <trkpt lat="42.873010" lon="3.037220">
        <ele>2.4</ele>
      </trkpt>
      <trkpt lat="42.873290" lon="3.037200">
        <ele>2.1</ele>
      </trkpt>
      <trkpt lat="42.874170" lon="3.037920">
        <ele>2</ele>
      </trkpt>
      <trkpt lat="42.874330" lon="3.038170">
        <ele>2.1</ele>
      </trkpt>
      <trkpt lat="42.874430" lon="3.038860">
        <ele>3.2</ele>
      </trkpt>
      <trkpt lat="42.874590" lon="3.039670">
        <ele>5</ele>
      </trkpt>
      <trkpt lat="42.874530" lon="3.039940">
        <ele>5.2</ele>
      </trkpt>
      <trkpt lat="42.874300" lon="3.040530">
        <ele>3.4</ele>
      </trkpt>
      <trkpt lat="42.875600" lon="3.041730">
        <ele>5.2</ele>
      </trkpt>
      <trkpt lat="42.877150" lon="3.041180">
        <ele>5.1</ele>
      </trkpt>
      <trkpt lat="42.877370" lon="3.041220">
        <ele>4.6</ele>
      </trkpt>
      <trkpt lat="42.879130" lon="3.042600">
        <ele>3.3</ele>
      </trkpt>
      <trkpt lat="42.879230" lon="3.042720">
        <ele>3.5</ele>
      </trkpt>
      <trkpt lat="42.879340" lon="3.043030">
        <ele>3.2</ele>
      </trkpt>
      <trkpt lat="42.879390" lon="3.043270">
        <ele>3.1</ele>
      </trkpt>
      <trkpt lat="42.879660" lon="3.043440">
        <ele>3</ele>
      </trkpt>
      <trkpt lat="42.879830" lon="3.043700">
        <ele>3</ele>
      </trkpt>
      <trkpt lat="42.880090" lon="3.043990">
        <ele>2.9</ele>
      </trkpt>
      <trkpt lat="42.880490" lon="3.044400">
        <ele>3.3</ele>
      </trkpt>
      <trkpt lat="42.880870" lon="3.044710">
        <ele>3.6</ele>
      </trkpt>
      <trkpt lat="42.882040" lon="3.045960">
        <ele>3.1</ele>
      </trkpt>
      <trkpt lat="42.882270" lon="3.046440">
        <ele>2.3</ele>
      </trkpt>
      <trkpt lat="42.882200" lon="3.046520">
        <ele>2.3</ele>
      </trkpt>
      <trkpt lat="42.882170" lon="3.046710">
        <ele>2.3</ele>
      </trkpt>
      <trkpt lat="42.882210" lon="3.046840">
        <ele>2.1</ele>
      </trkpt>
      <trkpt lat="42.882320" lon="3.046900">
        <ele>2.1</ele>
      </trkpt>
      <trkpt lat="42.882420" lon="3.046870">
        <ele>2.1</ele>
      </trkpt>
      <trkpt lat="42.882500" lon="3.046790">
        <ele>2</ele>
      </trkpt>
      <trkpt lat="42.882510" lon="3.046610">
        <ele>2.2</ele>
      </trkpt>
      <trkpt lat="42.882830" lon="3.046530">
        <ele>1.8</ele>
      </trkpt>
      <trkpt lat="42.883320" lon="3.046790">
        <ele>1.5</ele>
      </trkpt>
      <trkpt lat="42.883530" lon="3.046840">
        <ele>1.6</ele>
      </trkpt>
      <trkpt lat="42.884010" lon="3.046840">
        <ele>2.1</ele>
      </trkpt>
      <trkpt lat="42.885500" lon="3.048010">
        <ele>3.1</ele>
      </trkpt>
      <trkpt lat="42.885610" lon="3.048140">
        <ele>2.3</ele>
      </trkpt>
      <trkpt lat="42.885690" lon="3.048470">
        <ele>1</ele>
      </trkpt>
      <trkpt lat="42.885680" lon="3.048590">
        <ele>1</ele>
      </trkpt>
      <trkpt lat="42.884730" lon="3.050660">
        <ele>1.7</ele>
      </trkpt>
      <trkpt lat="42.884840" lon="3.050860">
        <ele>0.1</ele>
      </trkpt>
      <trkpt lat="42.885220" lon="3.051180">
        <ele>1.3</ele>
      </trkpt>
      <trkpt lat="42.885360" lon="3.051210">
        <ele>1.3</ele>
      </trkpt>
      <trkpt lat="42.885400" lon="3.051180">
        <ele>2.2</ele>
      </trkpt>
      <trkpt lat="42.885660" lon="3.050820">
        <ele>2</ele>
      </trkpt>
      <trkpt lat="42.886830" lon="3.050410">
        <ele>1.7</ele>
      </trkpt>
      <trkpt lat="42.886930" lon="3.050190">
        <ele>1.7</ele>
      </trkpt>
      <trkpt lat="42.887080" lon="3.050250">
        <ele>1.9</ele>
      </trkpt>
      <trkpt lat="42.887960" lon="3.050060">
        <ele>2.9</ele>
      </trkpt>
      <trkpt lat="42.888370" lon="3.050070">
        <ele>3</ele>
      </trkpt>
      <trkpt lat="42.889420" lon="3.049300">
        <ele>1.7</ele>
      </trkpt>
      <trkpt lat="42.889960" lon="3.049220">
        <ele>1.9</ele>
      </trkpt>
      <trkpt lat="42.890040" lon="3.049100">
        <ele>2</ele>
      </trkpt>
      <trkpt lat="42.890140" lon="3.049140">
        <ele>1.8</ele>
      </trkpt>
      <trkpt lat="42.890210" lon="3.049370">
        <ele>1.8</ele>
      </trkpt>
      <trkpt lat="42.890790" lon="3.049540">
        <ele>1.4</ele>
      </trkpt>
      <trkpt lat="42.891210" lon="3.049620">
        <ele>1.7</ele>
      </trkpt>
      <trkpt lat="42.891820" lon="3.050040">
        <ele>1.9</ele>
      </trkpt>
      <trkpt lat="42.892190" lon="3.050150">
        <ele>1.7</ele>
      </trkpt>
      <trkpt lat="42.892820" lon="3.050180">
        <ele>1.8</ele>
      </trkpt>
      <trkpt lat="42.893450" lon="3.050330">
        <ele>2.7</ele>
      </trkpt>
      <trkpt lat="42.893680" lon="3.050320">
        <ele>3</ele>
      </trkpt>
      <trkpt lat="42.894120" lon="3.050390">
        <ele>3.2</ele>
      </trkpt>
      <trkpt lat="42.894560" lon="3.050620">
        <ele>2.7</ele>
      </trkpt>
      <trkpt lat="42.894920" lon="3.050870">
        <ele>2.5</ele>
      </trkpt>
      <trkpt lat="42.895380" lon="3.051260">
        <ele>2</ele>
      </trkpt>
      <trkpt lat="42.895940" lon="3.051540">
        <ele>1.6</ele>
      </trkpt>
      <trkpt lat="42.896940" lon="3.051770">
        <ele>2</ele>
      </trkpt>
      <trkpt lat="42.899000" lon="3.052460">
        <ele>2.4</ele>
      </trkpt>
      <trkpt lat="42.899850" lon="3.052530">
        <ele>2.4</ele>
      </trkpt>
      <trkpt lat="42.901000" lon="3.053090">
        <ele>3.6</ele>
      </trkpt>
      <trkpt lat="42.901280" lon="3.053190">
        <ele>3.7</ele>
      </trkpt>
      <trkpt lat="42.901770" lon="3.053290">
        <ele>3.9</ele>
      </trkpt>
      <trkpt lat="42.902290" lon="3.052410">
        <ele>3.9</ele>
      </trkpt>
      <trkpt lat="42.902950" lon="3.051870">
        <ele>4.7</ele>
      </trkpt>
      <trkpt lat="42.903720" lon="3.050980">
        <ele>10.3</ele>
      </trkpt>
      <trkpt lat="42.903820" lon="3.050750">
        <ele>12.7</ele>
      </trkpt>
      <trkpt lat="42.903760" lon="3.048810">
        <ele>9.9</ele>
      </trkpt>
      <trkpt lat="42.903630" lon="3.048700">
        <ele>8.3</ele>
      </trkpt>
      <trkpt lat="42.903880" lon="3.047290">
        <ele>6.7</ele>
      </trkpt>
      <trkpt lat="42.904080" lon="3.046700">
        <ele>6.2</ele>
      </trkpt>
      <trkpt lat="42.904340" lon="3.046080">
        <ele>5.6</ele>
      </trkpt>
      <trkpt lat="42.905560" lon="3.042780">
        <ele>1</ele>
      </trkpt>
      <trkpt lat="42.905840" lon="3.041760">
        <ele>2.2</ele>
      </trkpt>
      <trkpt lat="42.905940" lon="3.041050">
        <ele>3.7</ele>
      </trkpt>
      <trkpt lat="42.905990" lon="3.040310">
        <ele>4.2</ele>
      </trkpt>
      <trkpt lat="42.905940" lon="3.039560">
        <ele>4.7</ele>
      </trkpt>
      <trkpt lat="42.905670" lon="3.037880">
        <ele>4.9</ele>
      </trkpt>
      <trkpt lat="42.905840" lon="3.037160">
        <ele>5.4</ele>
      </trkpt>
      <trkpt lat="42.905860" lon="3.036620">
        <ele>5.4</ele>
      </trkpt>
      <trkpt lat="42.905900" lon="3.036420">
        <ele>5.6</ele>
      </trkpt>
      <trkpt lat="42.905970" lon="3.036240">
        <ele>5.8</ele>
      </trkpt>
      <trkpt lat="42.906170" lon="3.036120">
        <ele>6.2</ele>
      </trkpt>
      <trkpt lat="42.906570" lon="3.033990">
        <ele>14</ele>
      </trkpt>
      <trkpt lat="42.906540" lon="3.033910">
        <ele>14</ele>
      </trkpt>
      <trkpt lat="42.906560" lon="3.033800">
        <ele>14</ele>
      </trkpt>
      <trkpt lat="42.906590" lon="3.033750">
        <ele>15.1</ele>
      </trkpt>
      <trkpt lat="42.906720" lon="3.033700">
        <ele>15.7</ele>
      </trkpt>
      <trkpt lat="42.906920" lon="3.033430">
        <ele>17.4</ele>
      </trkpt>
      <trkpt lat="42.908180" lon="3.031110">
        <ele>24.5</ele>
      </trkpt>
      <trkpt lat="42.908410" lon="3.030930">
        <ele>24.5</ele>
      </trkpt>
      <trkpt lat="42.908950" lon="3.030810">
        <ele>25.1</ele>
      </trkpt>
      <trkpt lat="42.909210" lon="3.030640">
        <ele>25.2</ele>
      </trkpt>
      <trkpt lat="42.909590" lon="3.030170">
        <ele>25.8</ele>
      </trkpt>
      <trkpt lat="42.909730" lon="3.029820">
        <ele>26.1</ele>
      </trkpt>
      <trkpt lat="42.910150" lon="3.028440">
        <ele>28.3</ele>
      </trkpt>
      <trkpt lat="42.910150" lon="3.028440">
        <ele>28.3</ele>
      </trkpt>
      <trkpt lat="42.910620" lon="3.027600">
        <ele>30.5</ele>
      </trkpt>
      <trkpt lat="42.912110" lon="3.023310">
        <ele>33.1</ele>
      </trkpt>
      <trkpt lat="42.912220" lon="3.022450">
        <ele>27.4</ele>
      </trkpt>
      <trkpt lat="42.912430" lon="3.021650">
        <ele>24.4</ele>
      </trkpt>
      <trkpt lat="42.912730" lon="3.021180">
        <ele>21.4</ele>
      </trkpt>
      <trkpt lat="42.913900" lon="3.019960">
        <ele>14.3</ele>
      </trkpt>
      <trkpt lat="42.915050" lon="3.018870">
        <ele>10.9</ele>
      </trkpt>
      <trkpt lat="42.915570" lon="3.018700">
        <ele>12.3</ele>
      </trkpt>
      <trkpt lat="42.916460" lon="3.018550">
        <ele>11.3</ele>
      </trkpt>
      <trkpt lat="42.919260" lon="3.016730">
        <ele>9.4</ele>
      </trkpt>
      <trkpt lat="42.920250" lon="3.016290">
        <ele>13.5</ele>
      </trkpt>
      <trkpt lat="42.920690" lon="3.016230">
        <ele>11.1</ele>
      </trkpt>
      <trkpt lat="42.920950" lon="3.016140">
        <ele>11</ele>
      </trkpt>
      <trkpt lat="42.921470" lon="3.015700">
        <ele>7</ele>
      </trkpt>
      <trkpt lat="42.921920" lon="3.015380">
        <ele>7</ele>
      </trkpt>
      <trkpt lat="42.922510" lon="3.015050">
        <ele>8</ele>
      </trkpt>
      <trkpt lat="42.923230" lon="3.014750">
        <ele>8.2</ele>
      </trkpt>
      <trkpt lat="42.924150" lon="3.014480">
        <ele>6.9</ele>
      </trkpt>
      <trkpt lat="42.924830" lon="3.014170">
        <ele>6.2</ele>
      </trkpt>
      <trkpt lat="42.925610" lon="3.013950">
        <ele>5.1</ele>
      </trkpt>
      <trkpt lat="42.926390" lon="3.013860">
        <ele>5.9</ele>
      </trkpt>
      <trkpt lat="42.927070" lon="3.013720">
        <ele>5.8</ele>
      </trkpt>
      <trkpt lat="42.927540" lon="3.013380">
        <ele>6.3</ele>
      </trkpt>
      <trkpt lat="42.927950" lon="3.012490">
        <ele>4.5</ele>
      </trkpt>
      <trkpt lat="42.928090" lon="3.012510">
        <ele>6.5</ele>
      </trkpt>
      <trkpt lat="42.928220" lon="3.012360">
        <ele>4.5</ele>
      </trkpt>
      <trkpt lat="42.928830" lon="3.011230">
        <ele>5.9</ele>
      </trkpt>
      <trkpt lat="42.929050" lon="3.011000">
        <ele>5.2</ele>
      </trkpt>
      <trkpt lat="42.929240" lon="3.010950">
        <ele>5.4</ele>
      </trkpt>
      <trkpt lat="42.929490" lon="3.011050">
        <ele>5.4</ele>
      </trkpt>
      <trkpt lat="42.930220" lon="3.011560">
        <ele>6.4</ele>
      </trkpt>
      <trkpt lat="42.931080" lon="3.012020">
        <ele>6.2</ele>
      </trkpt>
      <trkpt lat="42.931950" lon="3.012600">
        <ele>5.2</ele>
      </trkpt>
      <trkpt lat="42.932620" lon="3.013200">
        <ele>5</ele>
      </trkpt>
      <trkpt lat="43.019970" lon="3.039120">
        <ele>3.6</ele>
      </trkpt>
      <trkpt lat="43.020090" lon="3.039200">
        <ele>3.9</ele>
      </trkpt>
      <trkpt lat="43.020190" lon="3.039200">
        <ele>3.9</ele>
      </trkpt>
      <trkpt lat="43.020240" lon="3.039340">
        <ele>3.9</ele>
      </trkpt>
      <trkpt lat="43.020480" lon="3.041800">
        <ele>3.5</ele>
      </trkpt>
      <trkpt lat="43.020480" lon="3.041910">
        <ele>3.7</ele>
      </trkpt>
      <trkpt lat="43.019950" lon="3.043520">
        <ele>4.7</ele>
      </trkpt>
      <trkpt lat="43.022390" lon="3.044970">
        <ele>1.9</ele>
      </trkpt>
      <trkpt lat="43.023150" lon="3.042660">
        <ele>1.9</ele>
      </trkpt>
      <trkpt lat="43.023390" lon="3.042130">
        <ele>1.1</ele>
      </trkpt>
      <trkpt lat="43.023480" lon="3.041850">
        <ele>1.9</ele>
      </trkpt>
      <trkpt lat="43.024450" lon="3.042340">
        <ele>1.4</ele>
      </trkpt>
      <trkpt lat="43.024810" lon="3.042590">
        <ele>1.8</ele>
      </trkpt>
      <trkpt lat="43.024940" lon="3.042550">
        <ele>1.8</ele>
      </trkpt>
      <trkpt lat="43.025020" lon="3.042480">
        <ele>1.8</ele>
      </trkpt>
      <trkpt lat="43.025250" lon="3.042380">
        <ele>1.6</ele>
      </trkpt>
      <trkpt lat="43.025490" lon="3.042440">
        <ele>1.7</ele>
      </trkpt>
      <trkpt lat="43.025560" lon="3.042320">
        <ele>1.5</ele>
      </trkpt>
      <trkpt lat="43.025680" lon="3.042220">
        <ele>1.3</ele>
      </trkpt>
      <trkpt lat="43.028320" lon="3.043970">
        <ele>-1.8</ele>
      </trkpt>
      <trkpt lat="43.049630" lon="3.057600">
        <ele>4.3</ele>
      </trkpt>
      <trkpt lat="43.050200" lon="3.057920">
        <ele>4.1</ele>
      </trkpt>
      <trkpt lat="43.050580" lon="3.058070">
        <ele>3.5</ele>
      </trkpt>
      <trkpt lat="43.050950" lon="3.058130">
        <ele>3.3</ele>
      </trkpt>
      <trkpt lat="43.051250" lon="3.058120">
        <ele>3.2</ele>
      </trkpt>
      <trkpt lat="43.053040" lon="3.057730">
        <ele>2.5</ele>
      </trkpt>
      <trkpt lat="43.053390" lon="3.057580">
        <ele>2</ele>
      </trkpt>
      <trkpt lat="43.053620" lon="3.057390">
        <ele>1.1</ele>
      </trkpt>
      <trkpt lat="43.053870" lon="3.057040">
        <ele>0.6</ele>
      </trkpt>
      <trkpt lat="43.054090" lon="3.056350">
        <ele>0.3</ele>
      </trkpt>
      <trkpt lat="43.054100" lon="3.055770">
        <ele>0.3</ele>
      </trkpt>
      <trkpt lat="43.053670" lon="3.053670">
        <ele>0.3</ele>
      </trkpt>
      <trkpt lat="43.053590" lon="3.053060">
        <ele>0.6</ele>
      </trkpt>
      <trkpt lat="43.053600" lon="3.052650">
        <ele>0.2</ele>
      </trkpt>
      <trkpt lat="43.053730" lon="3.052210">
        <ele>0.7</ele>
      </trkpt>
      <trkpt lat="43.055570" lon="3.048250">
        <ele>1</ele>
      </trkpt>
      <trkpt lat="43.055800" lon="3.047710">
        <ele>0.4</ele>
      </trkpt>
      <trkpt lat="43.055930" lon="3.047250">
        <ele>2.6</ele>
      </trkpt>
      <trkpt lat="43.056100" lon="3.046520">
        <ele>0.7</ele>
      </trkpt>
      <trkpt lat="43.056190" lon="3.045910">
        <ele>0.9</ele>
      </trkpt>
      <trkpt lat="43.056260" lon="3.044970">
        <ele>2.5</ele>
      </trkpt>
      <trkpt lat="43.056390" lon="3.044260">
        <ele>1.8</ele>
      </trkpt>
      <trkpt lat="43.056520" lon="3.043750">
        <ele>1.5</ele>
      </trkpt>
      <trkpt lat="43.056690" lon="3.043220">
        <ele>0.7</ele>
      </trkpt>
      <trkpt lat="43.056980" lon="3.042710">
        <ele>0.7</ele>
      </trkpt>
      <trkpt lat="43.059300" lon="3.039070">
        <ele>4.6</ele>
      </trkpt>
      <trkpt lat="43.061580" lon="3.035420">
        <ele>1.3</ele>
      </trkpt>
      <trkpt lat="43.062340" lon="3.034310">
        <ele>2</ele>
      </trkpt>
      <trkpt lat="43.062630" lon="3.033990">
        <ele>1.1</ele>
      </trkpt>
      <trkpt lat="43.063240" lon="3.033420">
        <ele>0.6</ele>
      </trkpt>
      <trkpt lat="43.064530" lon="3.032400">
        <ele>0.2</ele>
      </trkpt>
      <trkpt lat="43.065490" lon="3.031410">
        <ele>0.1</ele>
      </trkpt>
      <trkpt lat="43.065890" lon="3.031120">
        <ele>0.1</ele>
      </trkpt>
      <trkpt lat="43.066430" lon="3.030870">
        <ele>0.2</ele>
      </trkpt>
      <trkpt lat="43.068080" lon="3.029800">
        <ele>0.4</ele>
      </trkpt>
      <trkpt lat="43.068470" lon="3.029510">
        <ele>0.4</ele>
      </trkpt>
      <trkpt lat="43.068950" lon="3.028970">
        <ele>0.2</ele>
      </trkpt>
      <trkpt lat="43.070150" lon="3.027890">
        <ele>1</ele>
      </trkpt>
      <trkpt lat="43.071050" lon="3.026530">
        <ele>1</ele>
      </trkpt>
      <trkpt lat="43.071450" lon="3.025870">
        <ele>0.1</ele>
      </trkpt>
      <trkpt lat="43.072150" lon="3.024890">
        <ele>1</ele>
      </trkpt>
      <trkpt lat="43.072390" lon="3.024480">
        <ele>0.3</ele>
      </trkpt>
      <trkpt lat="43.072900" lon="3.023200">
        <ele>0.4</ele>
      </trkpt>
      <trkpt lat="43.073090" lon="3.022920">
        <ele>0.6</ele>
      </trkpt>
      <trkpt lat="43.073200" lon="3.022820">
        <ele>0.8</ele>
      </trkpt>
      <trkpt lat="43.073540" lon="3.022680">
        <ele>1.3</ele>
      </trkpt>
      <trkpt lat="43.073670" lon="3.022710">
        <ele>1.3</ele>
      </trkpt>
      <trkpt lat="43.074170" lon="3.022910">
        <ele>1.8</ele>
      </trkpt>
      <trkpt lat="43.074730" lon="3.023230">
        <ele>1.2</ele>
      </trkpt>
      <trkpt lat="43.075550" lon="3.023830">
        <ele>0.7</ele>
      </trkpt>
      <trkpt lat="43.075910" lon="3.023950">
        <ele>0.6</ele>
      </trkpt>
      <trkpt lat="43.076420" lon="3.024000">
        <ele>0.6</ele>
      </trkpt>
      <trkpt lat="43.076940" lon="3.024120">
        <ele>0.8</ele>
      </trkpt>
      <trkpt lat="43.077510" lon="3.024390">
        <ele>0.6</ele>
      </trkpt>
      <trkpt lat="43.078570" lon="3.025140">
        <ele>0.4</ele>
      </trkpt>
      <trkpt lat="43.082200" lon="3.027920">
        <ele>1.3</ele>
      </trkpt>
      <trkpt lat="43.083320" lon="3.028620">
        <ele>0.8</ele>
      </trkpt>
      <trkpt lat="43.084010" lon="3.029310">
        <ele>0.1</ele>
      </trkpt>
      <trkpt lat="43.084170" lon="3.029400">
        <ele>0.2</ele>
      </trkpt>
      <trkpt lat="43.084590" lon="3.029510">
        <ele>0.3</ele>
      </trkpt>
      <trkpt lat="43.085140" lon="3.029570">
        <ele>0.8</ele>
      </trkpt>
      <trkpt lat="43.086070" lon="3.029900">
        <ele>1</ele>
      </trkpt>
      <trkpt lat="43.086940" lon="3.030110">
        <ele>1.6</ele>
      </trkpt>
      <trkpt lat="43.087430" lon="3.030280">
        <ele>1.5</ele>
      </trkpt>
      <trkpt lat="43.087840" lon="3.030490">
        <ele>1.7</ele>
      </trkpt>
      <trkpt lat="43.088140" lon="3.030730">
        <ele>2.1</ele>
      </trkpt>
      <trkpt lat="43.088480" lon="3.030930">
        <ele>2.3</ele>
      </trkpt>
      <trkpt lat="43.088870" lon="3.031050">
        <ele>2.6</ele>
      </trkpt>
      <trkpt lat="43.089870" lon="3.031110">
        <ele>2.6</ele>
      </trkpt>
      <trkpt lat="43.091460" lon="3.031390">
        <ele>0.9</ele>
      </trkpt>
      <trkpt lat="43.091670" lon="3.031360">
        <ele>0.9</ele>
      </trkpt>
      <trkpt lat="43.092030" lon="3.031180">
        <ele>1.5</ele>
      </trkpt>
      <trkpt lat="43.092870" lon="3.030680">
        <ele>1.9</ele>
      </trkpt>
      <trkpt lat="43.093290" lon="3.030680">
        <ele>2.2</ele>
      </trkpt>
      <trkpt lat="43.094230" lon="3.031010">
        <ele>2.8</ele>
      </trkpt>
      <trkpt lat="43.094570" lon="3.031020">
        <ele>2.8</ele>
      </trkpt>
      <trkpt lat="43.094740" lon="3.030960">
        <ele>2.8</ele>
      </trkpt>
      <trkpt lat="43.095620" lon="3.030510">
        <ele>2.5</ele>
      </trkpt>
      <trkpt lat="43.095870" lon="3.030470">
        <ele>2.3</ele>
      </trkpt>
      <trkpt lat="43.096250" lon="3.030560">
        <ele>2.1</ele>
      </trkpt>
      <trkpt lat="43.096600" lon="3.030700">
        <ele>1.9</ele>
      </trkpt>
      <trkpt lat="43.097030" lon="3.030730">
        <ele>1.9</ele>
      </trkpt>
      <trkpt lat="43.097370" lon="3.030640">
        <ele>2.1</ele>
      </trkpt>
      <trkpt lat="43.098080" lon="3.030260">
        <ele>2.7</ele>
      </trkpt>
      <trkpt lat="43.098380" lon="3.030210">
        <ele>2.9</ele>
      </trkpt>
      <trkpt lat="43.098710" lon="3.030350">
        <ele>3</ele>
      </trkpt>
      <trkpt lat="43.099140" lon="3.030620">
        <ele>3</ele>
      </trkpt>
      <trkpt lat="43.099560" lon="3.030730">
        <ele>2.9</ele>
      </trkpt>
      <trkpt lat="43.100430" lon="3.030790">
        <ele>3.1</ele>
      </trkpt>
      <trkpt lat="43.100910" lon="3.030860">
        <ele>3.3</ele>
      </trkpt>
      <trkpt lat="43.101850" lon="3.031400">
        <ele>3.2</ele>
      </trkpt>
      <trkpt lat="43.102330" lon="3.031610">
        <ele>3.2</ele>
      </trkpt>
      <trkpt lat="43.102420" lon="3.031630">
        <ele>3.4</ele>
      </trkpt>
      <trkpt lat="43.102700" lon="3.031570">
        <ele>3.1</ele>
      </trkpt>
      <trkpt lat="43.103270" lon="3.031400">
        <ele>2.9</ele>
      </trkpt>
      <trkpt lat="43.103580" lon="3.031460">
        <ele>2.9</ele>
      </trkpt>
      <trkpt lat="43.105190" lon="3.032310">
        <ele>3.1</ele>
      </trkpt>
      <trkpt lat="43.105590" lon="3.032420">
        <ele>3.1</ele>
      </trkpt>
      <trkpt lat="43.106550" lon="3.032360">
        <ele>3.3</ele>
      </trkpt>
      <trkpt lat="43.107060" lon="3.032400">
        <ele>3.7</ele>
      </trkpt>
      <trkpt lat="43.107500" lon="3.032330">
        <ele>4</ele>
      </trkpt>
      <trkpt lat="43.109920" lon="3.031330">
        <ele>3.6</ele>
      </trkpt>
      <trkpt lat="43.110340" lon="3.031240">
        <ele>3.4</ele>
      </trkpt>
      <trkpt lat="43.110720" lon="3.031270">
        <ele>3.2</ele>
      </trkpt>
      <trkpt lat="43.111150" lon="3.031390">
        <ele>3</ele>
      </trkpt>
      <trkpt lat="43.111520" lon="3.031370">
        <ele>3</ele>
      </trkpt>
      <trkpt lat="43.112560" lon="3.031040">
        <ele>3.5</ele>
      </trkpt>
      <trkpt lat="43.113430" lon="3.030950">
        <ele>4</ele>
      </trkpt>
      <trkpt lat="43.114530" lon="3.030590">
        <ele>4.7</ele>
      </trkpt>
      <trkpt lat="43.115020" lon="3.030550">
        <ele>4.5</ele>
      </trkpt>
      <trkpt lat="43.116360" lon="3.030620">
        <ele>2.9</ele>
      </trkpt>
      <trkpt lat="43.121570" lon="3.031090">
        <ele>4.5</ele>
      </trkpt>
      <trkpt lat="43.121790" lon="3.031100">
        <ele>4.7</ele>
      </trkpt>
      <trkpt lat="43.121970" lon="3.031060">
        <ele>4.7</ele>
      </trkpt>
      <trkpt lat="43.122750" lon="3.031160">
        <ele>4.8</ele>
      </trkpt>
      <trkpt lat="43.128330" lon="3.031650">
        <ele>6.2</ele>
      </trkpt>
      <trkpt lat="43.129060" lon="3.031950">
        <ele>6.5</ele>
      </trkpt>
      <trkpt lat="43.130410" lon="3.031810">
        <ele>6.4</ele>
      </trkpt>
      <trkpt lat="43.131650" lon="3.032120">
        <ele>5.6</ele>
      </trkpt>
      <trkpt lat="43.132120" lon="3.032120">
        <ele>5.9</ele>
      </trkpt>
      <trkpt lat="43.132580" lon="3.032010">
        <ele>5.5</ele>
      </trkpt>
      <trkpt lat="43.133300" lon="3.031530">
        <ele>4</ele>
      </trkpt>
      <trkpt lat="43.133740" lon="3.031430">
        <ele>4</ele>
      </trkpt>
      <trkpt lat="43.134300" lon="3.031410">
        <ele>3.9</ele>
      </trkpt>
      <trkpt lat="43.135100" lon="3.031280">
        <ele>3.6</ele>
      </trkpt>
      <trkpt lat="43.137950" lon="3.031390">
        <ele>3.6</ele>
      </trkpt>
      <trkpt lat="43.138130" lon="3.031340">
        <ele>4</ele>
      </trkpt>
      <trkpt lat="43.138500" lon="3.031100">
        <ele>4.2</ele>
      </trkpt>
      <trkpt lat="43.138860" lon="3.030700">
        <ele>4.4</ele>
      </trkpt>
      <trkpt lat="43.139090" lon="3.030580">
        <ele>4.4</ele>
      </trkpt>
      <trkpt lat="43.139630" lon="3.030490">
        <ele>3.9</ele>
      </trkpt>
      <trkpt lat="43.140480" lon="3.030510">
        <ele>4</ele>
      </trkpt>
      <trkpt lat="43.141440" lon="3.030150">
        <ele>4.1</ele>
      </trkpt>
      <trkpt lat="43.142280" lon="3.030230">
        <ele>3.4</ele>
      </trkpt>
      <trkpt lat="43.142680" lon="3.030150">
        <ele>3.6</ele>
      </trkpt>
      <trkpt lat="43.143290" lon="3.029800">
        <ele>4.2</ele>
      </trkpt>
      <trkpt lat="43.143940" lon="3.029530">
        <ele>4.5</ele>
      </trkpt>
      <trkpt lat="43.144430" lon="3.029200">
        <ele>4.3</ele>
      </trkpt>
      <trkpt lat="43.144860" lon="3.028820">
        <ele>3.7</ele>
      </trkpt>
      <trkpt lat="43.145130" lon="3.028630">
        <ele>3.7</ele>
      </trkpt>
      <trkpt lat="43.145490" lon="3.028480">
        <ele>4</ele>
      </trkpt>
      <trkpt lat="43.146450" lon="3.028370">
        <ele>4.6</ele>
      </trkpt>
      <trkpt lat="43.146940" lon="3.028250">
        <ele>4.6</ele>
      </trkpt>
      <trkpt lat="43.147270" lon="3.028290">
        <ele>4.4</ele>
      </trkpt>
      <trkpt lat="43.147750" lon="3.028660">
        <ele>3.3</ele>
      </trkpt>
      <trkpt lat="43.149200" lon="3.030090">
        <ele>3.4</ele>
      </trkpt>
      <trkpt lat="43.150140" lon="3.030940">
        <ele>4</ele>
      </trkpt>
      <trkpt lat="43.150800" lon="3.031290">
        <ele>4.2</ele>
      </trkpt>
      <trkpt lat="43.151180" lon="3.031620">
        <ele>4.2</ele>
      </trkpt>
      <trkpt lat="43.151550" lon="3.032030">
        <ele>4.1</ele>
      </trkpt>
      <trkpt lat="43.152580" lon="3.033490">
        <ele>3.3</ele>
      </trkpt>
      <trkpt lat="43.152880" lon="3.033770">
        <ele>3.4</ele>
      </trkpt>
      <trkpt lat="43.153210" lon="3.034020">
        <ele>3.2</ele>
      </trkpt>
      <trkpt lat="43.154860" lon="3.034780">
        <ele>2.5</ele>
      </trkpt>
      <trkpt lat="43.155280" lon="3.035060">
        <ele>3.8</ele>
      </trkpt>
      <trkpt lat="43.155690" lon="3.035400">
        <ele>4.5</ele>
      </trkpt>
      <trkpt lat="43.156830" lon="3.036610">
        <ele>4.5</ele>
      </trkpt>
      <trkpt lat="43.157070" lon="3.036780">
        <ele>4.8</ele>
      </trkpt>
      <trkpt lat="43.157910" lon="3.037000">
        <ele>5.2</ele>
      </trkpt>
      <trkpt lat="43.158660" lon="3.037250">
        <ele>5.2</ele>
      </trkpt>
      <trkpt lat="43.159200" lon="3.037350">
        <ele>5</ele>
      </trkpt>
      <trkpt lat="43.159710" lon="3.037550">
        <ele>4.4</ele>
      </trkpt>
      <trkpt lat="43.161510" lon="3.038710">
        <ele>4.2</ele>
      </trkpt>
      <trkpt lat="43.162010" lon="3.038970">
        <ele>4.2</ele>
      </trkpt>
      <trkpt lat="43.162250" lon="3.039040">
        <ele>4.2</ele>
      </trkpt>
      <trkpt lat="43.162710" lon="3.039020">
        <ele>4.2</ele>
      </trkpt>
      <trkpt lat="43.163080" lon="3.038970">
        <ele>4.3</ele>
      </trkpt>
      <trkpt lat="43.163650" lon="3.038860">
        <ele>4.6</ele>
      </trkpt>
      <trkpt lat="43.163890" lon="3.038710">
        <ele>4.7</ele>
      </trkpt>
      <trkpt lat="43.164640" lon="3.037540">
        <ele>5.7</ele>
      </trkpt>
      <trkpt lat="43.166240" lon="3.035430">
        <ele>6.7</ele>
      </trkpt>
      <trkpt lat="43.166730" lon="3.034920">
        <ele>6.3</ele>
      </trkpt>
      <trkpt lat="43.167560" lon="3.034210">
        <ele>5.3</ele>
      </trkpt>
      <trkpt lat="43.172590" lon="3.029540">
        <ele>5.5</ele>
      </trkpt>
      <trkpt lat="43.173940" lon="3.028330">
        <ele>5.4</ele>
      </trkpt>
      <trkpt lat="43.174330" lon="3.027760">
        <ele>6.4</ele>
      </trkpt>
      <trkpt lat="43.174610" lon="3.027230">
        <ele>6</ele>
      </trkpt>
      <trkpt lat="43.174930" lon="3.026500">
        <ele>5.3</ele>
      </trkpt>
      <trkpt lat="43.175220" lon="3.025630">
        <ele>5</ele>
      </trkpt>
      <trkpt lat="43.177290" lon="3.020060">
        <ele>7.3</ele>
      </trkpt>
      <trkpt lat="43.178520" lon="3.016650">
        <ele>7.5</ele>
      </trkpt>
      <trkpt lat="43.178650" lon="3.016280">
        <ele>7.8</ele>
      </trkpt>
      <trkpt lat="43.178770" lon="3.015770">
        <ele>7.6</ele>
      </trkpt>
      <trkpt lat="43.179030" lon="3.015010">
        <ele>6.9</ele>
      </trkpt>
      <trkpt lat="43.179340" lon="3.014470">
        <ele>8.1</ele>
      </trkpt>
      <trkpt lat="43.179830" lon="3.013820">
        <ele>9.1</ele>
      </trkpt>
      <trkpt lat="43.180090" lon="3.013240">
        <ele>9</ele>
      </trkpt>
      <trkpt lat="43.180380" lon="3.013160">
        <ele>8.9</ele>
      </trkpt>
      <trkpt lat="43.180450" lon="3.012860">
        <ele>9.1</ele>
      </trkpt>
      <trkpt lat="43.180580" lon="3.011040">
        <ele>8.4</ele>
      </trkpt>
      <trkpt lat="43.180760" lon="3.009970">
        <ele>9.2</ele>
      </trkpt>
      <trkpt lat="43.181020" lon="3.008930">
        <ele>10.1</ele>
      </trkpt>
      <trkpt lat="43.181200" lon="3.008430">
        <ele>11.4</ele>
      </trkpt>
      <trkpt lat="43.181900" lon="3.006980">
        <ele>14.6</ele>
      </trkpt>
      <trkpt lat="43.183000" lon="3.004870">
        <ele>12</ele>
      </trkpt>
      <trkpt lat="43.183280" lon="3.004520">
        <ele>13.8</ele>
      </trkpt>
      <trkpt lat="43.183590" lon="3.003990">
        <ele>13.9</ele>
      </trkpt>
      <trkpt lat="43.184220" lon="3.002600">
        <ele>14.9</ele>
      </trkpt>
      <trkpt lat="43.184680" lon="3.001330">
        <ele>13.4</ele>
      </trkpt>
      <trkpt lat="43.184400" lon="3.002070">
        <ele>13.4</ele>
      </trkpt>
      <trkpt lat="43.184680" lon="3.001330">
        <ele>13.4</ele>
      </trkpt>
      <trkpt lat="43.185470" lon="2.999480">
        <ele>9.9</ele>
      </trkpt>
      <trkpt lat="43.185630" lon="2.999260">
        <ele>9.2</ele>
      </trkpt>
      <trkpt lat="43.186250" lon="2.998790">
        <ele>8.9</ele>
      </trkpt>
      <trkpt lat="43.187160" lon="2.997760">
        <ele>9.4</ele>
      </trkpt>
      <trkpt lat="43.186920" lon="2.997370">
        <ele>9.7</ele>
      </trkpt>
      <trkpt lat="43.187340" lon="2.996920">
        <ele>9</ele>
      </trkpt>
      <trkpt lat="43.187860" lon="2.996540">
        <ele>9.2</ele>
      </trkpt>
      <trkpt lat="43.188150" lon="2.996440">
        <ele>9.7</ele>
      </trkpt>
      <trkpt lat="43.188460" lon="2.996410">
        <ele>9.8</ele>
      </trkpt>
      <trkpt lat="43.188650" lon="2.996440">
        <ele>9.9</ele>
      </trkpt>
      <trkpt lat="43.188960" lon="2.996520">
        <ele>9.9</ele>
      </trkpt>
      <trkpt lat="43.189330" lon="2.996770">
        <ele>10.1</ele>
      </trkpt>
      <trkpt lat="43.189470" lon="2.996910">
        <ele>10.1</ele>
      </trkpt>
      <trkpt lat="43.189740" lon="2.997270">
        <ele>9.8</ele>
      </trkpt>
      <trkpt lat="43.190480" lon="2.998920">
        <ele>10.2</ele>
      </trkpt>
      <trkpt lat="43.190660" lon="2.998990">
        <ele>9.9</ele>
      </trkpt>
      <trkpt lat="43.190870" lon="2.998990">
        <ele>9.7</ele>
      </trkpt>
      <trkpt lat="43.190960" lon="2.998940">
        <ele>9.5</ele>
      </trkpt>
      <trkpt lat="43.191160" lon="2.998730">
        <ele>9.4</ele>
      </trkpt>
      <trkpt lat="43.191320" lon="2.998360">
        <ele>9.2</ele>
      </trkpt>
      <trkpt lat="43.191440" lon="2.998410">
        <ele>9.2</ele>
      </trkpt>
      <trkpt lat="43.191780" lon="2.999020">
        <ele>8.2</ele>
      </trkpt>
      <trkpt lat="43.191790" lon="2.999180">
        <ele>8.2</ele>
      </trkpt>
      <trkpt lat="43.191650" lon="2.999560">
        <ele>8.5</ele>
      </trkpt>
      <trkpt lat="43.191610" lon="2.999840">
        <ele>8.7</ele>
      </trkpt>
      <trkpt lat="43.191740" lon="3.000070">
        <ele>8.3</ele>
      </trkpt>
      <trkpt lat="43.192000" lon="3.000340">
        <ele>7.9</ele>
      </trkpt>
      <trkpt lat="43.191940" lon="3.000590">
        <ele>7.8</ele>
      </trkpt>
      <trkpt lat="43.191760" lon="3.001060">
        <ele>8</ele>
      </trkpt>
      <trkpt lat="43.191770" lon="3.001360">
        <ele>7.7</ele>
      </trkpt>
      <trkpt lat="43.191890" lon="3.001890">
        <ele>7.1</ele>
      </trkpt>
      <trkpt lat="43.192140" lon="3.002440">
        <ele>8.2</ele>
      </trkpt>
      <trkpt lat="43.192120" lon="3.002800">
        <ele>8.9</ele>
      </trkpt>
      <trkpt lat="43.192110" lon="3.002740">
        <ele>8.7</ele>
      </trkpt>
      <trkpt lat="43.192120" lon="3.002800">
        <ele>8.9</ele>
      </trkpt>
      <trkpt lat="43.192820" lon="3.004000">
        <ele>9.5</ele>
      </trkpt>
      <trkpt lat="43.193500" lon="3.004830">
        <ele>9.6</ele>
      </trkpt>
      <trkpt lat="43.194160" lon="3.005390">
        <ele>9.3</ele>
      </trkpt>
      <trkpt lat="43.194680" lon="3.005700">
        <ele>9.4</ele>
      </trkpt>
      <trkpt lat="43.196140" lon="3.006300">
        <ele>10.5</ele>
      </trkpt>
      <trkpt lat="43.199310" lon="3.007450">
        <ele>12.4</ele>
      </trkpt>
      <trkpt lat="43.199760" lon="3.007710">
        <ele>12.2</ele>
      </trkpt>
      <trkpt lat="43.201960" lon="3.008510">
        <ele>12</ele>
      </trkpt>
      <trkpt lat="43.205280" lon="3.009820">
        <ele>9.8</ele>
      </trkpt>
      <trkpt lat="43.207140" lon="3.010510">
        <ele>10.6</ele>
      </trkpt>
      <trkpt lat="43.207420" lon="3.010550">
        <ele>11.1</ele>
      </trkpt>
      <trkpt lat="43.208550" lon="3.010400">
        <ele>11.7</ele>
      </trkpt>
      <trkpt lat="43.214640" lon="3.009230">
        <ele>10.4</ele>
      </trkpt>
      <trkpt lat="43.215220" lon="3.009080">
        <ele>11.2</ele>
      </trkpt>
      <trkpt lat="43.221810" lon="3.007840">
        <ele>9.6</ele>
      </trkpt>
      <trkpt lat="43.222740" lon="3.007570">
        <ele>10.3</ele>
      </trkpt>
      <trkpt lat="43.223030" lon="3.007420">
        <ele>10.4</ele>
      </trkpt>
      <trkpt lat="43.225310" lon="3.005960">
        <ele>12.5</ele>
      </trkpt>
      <trkpt lat="43.226670" lon="3.005170">
        <ele>14.2</ele>
      </trkpt>
      <trkpt lat="43.226970" lon="3.004890">
        <ele>13.5</ele>
      </trkpt>
      <trkpt lat="43.227770" lon="3.003570">
        <ele>10.2</ele>
      </trkpt>
      <trkpt lat="43.227910" lon="3.003470">
        <ele>10</ele>
      </trkpt>
      <trkpt lat="43.228130" lon="3.003210">
        <ele>10.5</ele>
      </trkpt>
      <trkpt lat="43.229160" lon="3.001860">
        <ele>10.9</ele>
      </trkpt>
      <trkpt lat="43.230550" lon="3.000140">
        <ele>12</ele>
      </trkpt>
      <trkpt lat="43.230720" lon="2.999800">
        <ele>13.3</ele>
      </trkpt>
      <trkpt lat="43.234350" lon="2.988240">
        <ele>11.6</ele>
      </trkpt>
      <trkpt lat="43.236740" lon="2.980300">
        <ele>14.3</ele>
      </trkpt>
      <trkpt lat="43.237490" lon="2.977670">
        <ele>13.1</ele>
      </trkpt>
      <trkpt lat="43.238160" lon="2.975900">
        <ele>13.6</ele>
      </trkpt>
      <trkpt lat="43.238270" lon="2.975720">
        <ele>13.7</ele>
      </trkpt>
      <trkpt lat="43.238340" lon="2.975720">
        <ele>13.7</ele>
      </trkpt>
      <trkpt lat="43.238680" lon="2.975190">
        <ele>13.8</ele>
      </trkpt>
      <trkpt lat="43.238950" lon="2.974830">
        <ele>14</ele>
      </trkpt>
      <trkpt lat="43.242400" lon="2.969770">
        <ele>16</ele>
      </trkpt>
      <trkpt lat="43.243130" lon="2.968690">
        <ele>16.1</ele>
      </trkpt>
      <trkpt lat="43.243400" lon="2.968170">
        <ele>16.3</ele>
      </trkpt>
      <trkpt lat="43.243690" lon="2.968470">
        <ele>16.3</ele>
      </trkpt>
      <trkpt lat="43.243750" lon="2.968480">
        <ele>16.6</ele>
      </trkpt>
      <trkpt lat="43.244800" lon="2.968380">
        <ele>18.5</ele>
      </trkpt>
      <trkpt lat="43.244830" lon="2.968500">
        <ele>18.5</ele>
      </trkpt>
      <trkpt lat="43.244680" lon="2.969160">
        <ele>15.5</ele>
      </trkpt>
      <trkpt lat="43.244670" lon="2.969460">
        <ele>15</ele>
      </trkpt>
      <trkpt lat="43.245130" lon="2.972660">
        <ele>13.2</ele>
      </trkpt>
      <trkpt lat="43.245300" lon="2.973710">
        <ele>13</ele>
      </trkpt>
      <trkpt lat="43.245330" lon="2.974180">
        <ele>12.7</ele>
      </trkpt>
      <trkpt lat="43.245260" lon="2.976950">
        <ele>13.5</ele>
      </trkpt>
      <trkpt lat="43.244860" lon="2.979980">
        <ele>12.4</ele>
      </trkpt>
      <trkpt lat="43.244790" lon="2.980160">
        <ele>12.5</ele>
      </trkpt>
      <trkpt lat="43.244600" lon="2.980420">
        <ele>12.4</ele>
      </trkpt>
      <trkpt lat="43.241000" lon="2.984670">
        <ele>12.6</ele>
      </trkpt>
      <trkpt lat="43.240870" lon="2.985430">
        <ele>12.2</ele>
      </trkpt>
      <trkpt lat="43.240830" lon="2.987570">
        <ele>13.1</ele>
      </trkpt>
      <trkpt lat="43.240900" lon="2.987750">
        <ele>12.9</ele>
      </trkpt>
      <trkpt lat="43.241140" lon="2.987910">
        <ele>13</ele>
      </trkpt>
      <trkpt lat="43.241150" lon="2.988050">
        <ele>12.6</ele>
      </trkpt>
      <trkpt lat="43.241000" lon="2.988340">
        <ele>12.2</ele>
      </trkpt>
      <trkpt lat="43.240930" lon="2.988630">
        <ele>12.1</ele>
      </trkpt>
      <trkpt lat="43.240950" lon="2.989170">
        <ele>12.6</ele>
      </trkpt>
      <trkpt lat="43.240790" lon="2.990230">
        <ele>12.3</ele>
      </trkpt>
      <trkpt lat="43.240800" lon="2.991190">
        <ele>13.3</ele>
      </trkpt>
      <trkpt lat="43.240680" lon="2.991620">
        <ele>13.7</ele>
      </trkpt>
      <trkpt lat="43.240480" lon="2.992010">
        <ele>14.1</ele>
      </trkpt>
      <trkpt lat="43.240150" lon="2.992800">
        <ele>13.7</ele>
      </trkpt>
      <trkpt lat="43.240040" lon="2.993350">
        <ele>13.8</ele>
      </trkpt>
      <trkpt lat="43.240050" lon="2.993600">
        <ele>13.8</ele>
      </trkpt>
      <trkpt lat="43.240190" lon="2.994600">
        <ele>15.2</ele>
      </trkpt>
      <trkpt lat="43.240370" lon="2.995170">
        <ele>14.8</ele>
      </trkpt>
      <trkpt lat="43.240410" lon="2.995540">
        <ele>13.5</ele>
      </trkpt>
      <trkpt lat="43.240360" lon="2.995680">
        <ele>13.7</ele>
      </trkpt>
      <trkpt lat="43.239900" lon="2.996320">
        <ele>13.4</ele>
      </trkpt>
      <trkpt lat="43.239760" lon="2.996600">
        <ele>13.5</ele>
      </trkpt>
      <trkpt lat="43.239600" lon="2.997080">
        <ele>13.7</ele>
      </trkpt>
      <trkpt lat="43.239600" lon="2.998000">
        <ele>13.2</ele>
      </trkpt>
      <trkpt lat="43.239640" lon="2.998920">
        <ele>13.8</ele>
      </trkpt>
      <trkpt lat="43.239620" lon="2.999380">
        <ele>13.6</ele>
      </trkpt>
      <trkpt lat="43.240000" lon="2.999170">
        <ele>11.1</ele>
      </trkpt>
      <trkpt lat="43.241270" lon="2.999250">
        <ele>12.2</ele>
      </trkpt>
      <trkpt lat="43.241620" lon="2.998020">
        <ele>11.9</ele>
      </trkpt>
      <trkpt lat="43.242240" lon="2.994690">
        <ele>11.2</ele>
      </trkpt>
      <trkpt lat="43.242590" lon="2.993730">
        <ele>10.3</ele>
      </trkpt>
      <trkpt lat="43.243230" lon="2.993170">
        <ele>11.4</ele>
      </trkpt>
      <trkpt lat="43.243500" lon="2.992800">
        <ele>11.8</ele>
      </trkpt>
      <trkpt lat="43.243540" lon="2.992460">
        <ele>11.6</ele>
      </trkpt>
      <trkpt lat="43.243540" lon="2.991920">
        <ele>11.1</ele>
      </trkpt>
      <trkpt lat="43.243620" lon="2.991570">
        <ele>11</ele>
      </trkpt>
      <trkpt lat="43.243840" lon="2.991220">
        <ele>11.1</ele>
      </trkpt>
      <trkpt lat="43.243980" lon="2.990840">
        <ele>10.7</ele>
      </trkpt>
      <trkpt lat="43.243990" lon="2.990530">
        <ele>10.2</ele>
      </trkpt>
      <trkpt lat="43.244090" lon="2.990050">
        <ele>9.9</ele>
      </trkpt>
      <trkpt lat="43.244110" lon="2.989500">
        <ele>10.4</ele>
      </trkpt>
      <trkpt lat="43.244370" lon="2.988480">
        <ele>11.3</ele>
      </trkpt>
      <trkpt lat="43.246660" lon="2.983840">
        <ele>11</ele>
      </trkpt>
      <trkpt lat="43.247540" lon="2.981040">
        <ele>12.1</ele>
      </trkpt>
      <trkpt lat="43.247840" lon="2.980250">
        <ele>11.7</ele>
      </trkpt>
      <trkpt lat="43.248070" lon="2.979000">
        <ele>13</ele>
      </trkpt>
      <trkpt lat="43.248170" lon="2.978600">
        <ele>13</ele>
      </trkpt>
      <trkpt lat="43.248440" lon="2.978250">
        <ele>14.2</ele>
      </trkpt>
      <trkpt lat="43.248570" lon="2.978140">
        <ele>16.1</ele>
      </trkpt>
      <trkpt lat="43.249320" lon="2.975690">
        <ele>14.8</ele>
      </trkpt>
      <trkpt lat="43.249860" lon="2.974140">
        <ele>13.5</ele>
      </trkpt>
      <trkpt lat="43.249980" lon="2.973490">
        <ele>14.2</ele>
      </trkpt>
      <trkpt lat="43.250030" lon="2.971680">
        <ele>13.5</ele>
      </trkpt>
      <trkpt lat="43.250550" lon="2.968710">
        <ele>11.9</ele>
      </trkpt>
      <trkpt lat="43.250570" lon="2.967270">
        <ele>13</ele>
      </trkpt>
      <trkpt lat="43.250550" lon="2.965220">
        <ele>13.5</ele>
      </trkpt>
      <trkpt lat="43.250740" lon="2.963950">
        <ele>14.5</ele>
      </trkpt>
      <trkpt lat="43.250800" lon="2.963800">
        <ele>14.2</ele>
      </trkpt>
      <trkpt lat="43.248180" lon="2.958250">
        <ele>14.7</ele>
      </trkpt>
      <trkpt lat="43.247890" lon="2.957900">
        <ele>15.2</ele>
      </trkpt>
      <trkpt lat="43.247190" lon="2.957930">
        <ele>15.6</ele>
      </trkpt>
      <trkpt lat="43.247080" lon="2.957870">
        <ele>15.6</ele>
      </trkpt>
      <trkpt lat="43.247040" lon="2.957780">
        <ele>15.5</ele>
      </trkpt>
      <trkpt lat="43.246940" lon="2.957570">
        <ele>15.9</ele>
      </trkpt>
      <trkpt lat="43.246870" lon="2.957280">
        <ele>15.8</ele>
      </trkpt>
      <trkpt lat="43.246870" lon="2.957070">
        <ele>15.4</ele>
      </trkpt>
      <trkpt lat="43.246930" lon="2.956980">
        <ele>15.4</ele>
      </trkpt>
      <trkpt lat="43.247240" lon="2.956850">
        <ele>14.8</ele>
      </trkpt>
      <trkpt lat="43.247300" lon="2.956790">
        <ele>14.6</ele>
      </trkpt>
      <trkpt lat="43.247310" lon="2.956710">
        <ele>14.6</ele>
      </trkpt>
      <trkpt lat="43.247260" lon="2.956510">
        <ele>14.5</ele>
      </trkpt>
      <trkpt lat="43.247260" lon="2.956380">
        <ele>14.1</ele>
      </trkpt>
      <trkpt lat="43.247310" lon="2.956290">
        <ele>14.1</ele>
      </trkpt>
      <trkpt lat="43.249960" lon="2.954560">
        <ele>17.9</ele>
      </trkpt>
      <trkpt lat="43.254240" lon="2.951880">
        <ele>14.7</ele>
      </trkpt>
      <trkpt lat="43.256850" lon="2.950180">
        <ele>21.9</ele>
      </trkpt>
      <trkpt lat="43.257060" lon="2.950130">
        <ele>21.8</ele>
      </trkpt>
      <trkpt lat="43.257120" lon="2.950040">
        <ele>21.7</ele>
      </trkpt>
      <trkpt lat="43.257780" lon="2.949640">
        <ele>21.6</ele>
      </trkpt>
      <trkpt lat="43.258240" lon="2.949260">
        <ele>21.4</ele>
      </trkpt>
      <trkpt lat="43.259290" lon="2.948110">
        <ele>22.4</ele>
      </trkpt>
      <trkpt lat="43.259340" lon="2.948180">
        <ele>22.4</ele>
      </trkpt>
      <trkpt lat="43.259510" lon="2.948140">
        <ele>22.1</ele>
      </trkpt>
      <trkpt lat="43.259590" lon="2.948070">
        <ele>22.1</ele>
      </trkpt>
      <trkpt lat="43.259790" lon="2.947840">
        <ele>21.7</ele>
      </trkpt>
      <trkpt lat="43.259850" lon="2.947610">
        <ele>21.7</ele>
      </trkpt>
      <trkpt lat="43.261460" lon="2.945930">
        <ele>22.3</ele>
      </trkpt>
      <trkpt lat="43.261520" lon="2.945810">
        <ele>22.2</ele>
      </trkpt>
      <trkpt lat="43.262410" lon="2.944800">
        <ele>21.7</ele>
      </trkpt>
      <trkpt lat="43.262940" lon="2.944260">
        <ele>21.1</ele>
      </trkpt>
      <trkpt lat="43.264070" lon="2.943190">
        <ele>21.4</ele>
      </trkpt>
      <trkpt lat="43.264840" lon="2.942390">
        <ele>21.5</ele>
      </trkpt>
      <trkpt lat="43.265180" lon="2.941970">
        <ele>21.3</ele>
      </trkpt>
      <trkpt lat="43.266530" lon="2.940550">
        <ele>22.8</ele>
      </trkpt>
      <trkpt lat="43.267360" lon="2.939610">
        <ele>23.4</ele>
      </trkpt>
      <trkpt lat="43.267700" lon="2.939290">
        <ele>23.8</ele>
      </trkpt>
      <trkpt lat="43.268930" lon="2.937930">
        <ele>25.5</ele>
      </trkpt>
      <trkpt lat="43.269870" lon="2.936950">
        <ele>24.3</ele>
      </trkpt>
      <trkpt lat="43.271420" lon="2.935240">
        <ele>25.7</ele>
      </trkpt>
      <trkpt lat="43.272130" lon="2.934480">
        <ele>26.7</ele>
      </trkpt>
      <trkpt lat="43.272380" lon="2.934290">
        <ele>27.1</ele>
      </trkpt>
      <trkpt lat="43.272700" lon="2.933950">
        <ele>27</ele>
      </trkpt>
      <trkpt lat="43.273640" lon="2.932960">
        <ele>27</ele>
      </trkpt>
      <trkpt lat="43.274430" lon="2.932020">
        <ele>28.1</ele>
      </trkpt>
      <trkpt lat="43.277580" lon="2.928660">
        <ele>29.3</ele>
      </trkpt>
      <trkpt lat="43.280480" lon="2.925630">
        <ele>33.1</ele>
      </trkpt>
      <trkpt lat="43.281090" lon="2.924930">
        <ele>33</ele>
      </trkpt>
      <trkpt lat="43.281650" lon="2.924410">
        <ele>32.3</ele>
      </trkpt>
      <trkpt lat="43.282290" lon="2.923620">
        <ele>33.6</ele>
      </trkpt>
      <trkpt lat="43.283230" lon="2.922610">
        <ele>33.7</ele>
      </trkpt>
      <trkpt lat="43.283260" lon="2.922470">
        <ele>33.7</ele>
      </trkpt>
      <trkpt lat="43.283740" lon="2.921960">
        <ele>35.1</ele>
      </trkpt>
      <trkpt lat="43.289140" lon="2.923450">
        <ele>35.2</ele>
      </trkpt>
      <trkpt lat="43.298420" lon="2.926120">
        <ele>35</ele>
      </trkpt>
      <trkpt lat="43.301650" lon="2.926470">
        <ele>35.8</ele>
      </trkpt>
      <trkpt lat="43.302190" lon="2.926720">
        <ele>36.4</ele>
      </trkpt>
      <trkpt lat="43.302550" lon="2.926610">
        <ele>36.2</ele>
      </trkpt>
      <trkpt lat="43.306310" lon="2.927090">
        <ele>36</ele>
      </trkpt>
      <trkpt lat="43.307980" lon="2.926310">
        <ele>35.7</ele>
      </trkpt>
      <trkpt lat="43.308160" lon="2.926050">
        <ele>35.8</ele>
      </trkpt>
      <trkpt lat="43.308440" lon="2.925590">
        <ele>36</ele>
      </trkpt>
      <trkpt lat="43.309190" lon="2.924080">
        <ele>34.5</ele>
      </trkpt>
      <trkpt lat="43.310020" lon="2.922730">
        <ele>35.2</ele>
      </trkpt>
      <trkpt lat="43.310740" lon="2.920560">
        <ele>36</ele>
      </trkpt>
      <trkpt lat="43.311030" lon="2.919860">
        <ele>35.1</ele>
      </trkpt>
      <trkpt lat="43.312000" lon="2.917780">
        <ele>38</ele>
      </trkpt>
      <trkpt lat="43.312230" lon="2.917420">
        <ele>38.7</ele>
      </trkpt>
      <trkpt lat="43.312810" lon="2.917190">
        <ele>39.1</ele>
      </trkpt>
      <trkpt lat="43.313260" lon="2.917550">
        <ele>39.4</ele>
      </trkpt>
      <trkpt lat="43.313430" lon="2.918720">
        <ele>36</ele>
      </trkpt>
      <trkpt lat="43.312690" lon="2.920250">
        <ele>34.8</ele>
      </trkpt>
      <trkpt lat="43.312670" lon="2.921560">
        <ele>37.2</ele>
      </trkpt>
      <trkpt lat="43.313260" lon="2.923700">
        <ele>36.5</ele>
      </trkpt>
      <trkpt lat="43.315440" lon="2.927570">
        <ele>36.5</ele>
      </trkpt>
      <trkpt lat="43.315890" lon="2.928600">
        <ele>35.3</ele>
      </trkpt>
      <trkpt lat="43.315990" lon="2.930000">
        <ele>34.4</ele>
      </trkpt>
      <trkpt lat="43.315190" lon="2.933920">
        <ele>35.2</ele>
      </trkpt>
      <trkpt lat="43.315390" lon="2.935050">
        <ele>36.1</ele>
      </trkpt>
      <trkpt lat="43.316390" lon="2.936460">
        <ele>35.7</ele>
      </trkpt>
      <trkpt lat="43.316530" lon="2.937100">
        <ele>35</ele>
      </trkpt>
      <trkpt lat="43.316430" lon="2.937870">
        <ele>34.2</ele>
      </trkpt>
      <trkpt lat="43.315860" lon="2.939930">
        <ele>36</ele>
      </trkpt>
      <trkpt lat="43.316270" lon="2.942890">
        <ele>35.2</ele>
      </trkpt>
      <trkpt lat="43.316110" lon="2.943740">
        <ele>34.9</ele>
      </trkpt>
      <trkpt lat="43.315290" lon="2.944530">
        <ele>34.7</ele>
      </trkpt>
      <trkpt lat="43.312830" lon="2.945630">
        <ele>35.1</ele>
      </trkpt>
      <trkpt lat="43.312620" lon="2.945870">
        <ele>35.6</ele>
      </trkpt>
      <trkpt lat="43.312520" lon="2.946280">
        <ele>36.3</ele>
      </trkpt>
      <trkpt lat="43.312420" lon="2.951740">
        <ele>37.8</ele>
      </trkpt>
      <trkpt lat="43.313180" lon="2.953720">
        <ele>34.3</ele>
      </trkpt>
      <trkpt lat="43.314280" lon="2.955410">
        <ele>36.9</ele>
      </trkpt>
      <trkpt lat="43.314360" lon="2.955930">
        <ele>37.6</ele>
      </trkpt>
      <trkpt lat="43.314110" lon="2.957140">
        <ele>36.9</ele>
      </trkpt>
      <trkpt lat="43.313570" lon="2.959150">
        <ele>38.7</ele>
      </trkpt>
      <trkpt lat="43.313400" lon="2.961040">
        <ele>37.8</ele>
      </trkpt>
      <trkpt lat="43.313420" lon="2.962990">
        <ele>35</ele>
      </trkpt>
      <trkpt lat="43.314190" lon="2.965010">
        <ele>36.1</ele>
      </trkpt>
      <trkpt lat="43.315070" lon="2.966570">
        <ele>37.8</ele>
      </trkpt>
      <trkpt lat="43.316870" lon="2.968890">
        <ele>40</ele>
      </trkpt>
      <trkpt lat="43.317540" lon="2.970360">
        <ele>42.7</ele>
      </trkpt>
      <trkpt lat="43.317750" lon="2.972060">
        <ele>41.5</ele>
      </trkpt>
      <trkpt lat="43.316800" lon="2.974510">
        <ele>37.6</ele>
      </trkpt>
      <trkpt lat="43.316570" lon="2.976620">
        <ele>35.7</ele>
      </trkpt>
      <trkpt lat="43.316780" lon="2.976960">
        <ele>34.8</ele>
      </trkpt>
      <trkpt lat="43.317750" lon="2.980550">
        <ele>37.3</ele>
      </trkpt>
      <trkpt lat="43.318130" lon="2.982050">
        <ele>36.9</ele>
      </trkpt>
      <trkpt lat="43.318290" lon="2.983330">
        <ele>36.4</ele>
      </trkpt>
      <trkpt lat="43.318500" lon="2.986510">
        <ele>34.7</ele>
      </trkpt>
      <trkpt lat="43.318900" lon="2.988430">
        <ele>34.2</ele>
      </trkpt>
      <trkpt lat="43.319310" lon="2.989270">
        <ele>33.8</ele>
      </trkpt>
      <trkpt lat="43.320050" lon="2.990250">
        <ele>35.2</ele>
      </trkpt>
      <trkpt lat="43.320460" lon="2.990720">
        <ele>35.4</ele>
      </trkpt>
      <trkpt lat="43.320980" lon="2.991170">
        <ele>35.7</ele>
      </trkpt>
      <trkpt lat="43.321160" lon="2.991250">
        <ele>35.5</ele>
      </trkpt>
      <trkpt lat="43.321490" lon="2.991320">
        <ele>35.7</ele>
      </trkpt>
      <trkpt lat="43.322010" lon="2.991150">
        <ele>34.5</ele>
      </trkpt>
      <trkpt lat="43.322370" lon="2.990740">
        <ele>34.1</ele>
      </trkpt>
      <trkpt lat="43.323140" lon="2.988070">
        <ele>37.2</ele>
      </trkpt>
      <trkpt lat="43.323440" lon="2.987880">
        <ele>36.9</ele>
      </trkpt>
      <trkpt lat="43.323630" lon="2.987930">
        <ele>36.6</ele>
      </trkpt>
      <trkpt lat="43.323760" lon="2.988050">
        <ele>37</ele>
      </trkpt>
      <trkpt lat="43.324870" lon="2.991240">
        <ele>39.3</ele>
      </trkpt>
      <trkpt lat="43.325490" lon="2.995090">
        <ele>36.3</ele>
      </trkpt>
      <trkpt lat="43.325480" lon="2.997270">
        <ele>42.6</ele>
      </trkpt>
      <trkpt lat="43.324820" lon="2.999760">
        <ele>37.8</ele>
      </trkpt>
      <trkpt lat="43.322660" lon="3.003850">
        <ele>35.8</ele>
      </trkpt>
      <trkpt lat="43.321030" lon="3.007420">
        <ele>34.3</ele>
      </trkpt>
      <trkpt lat="43.320250" lon="3.008980">
        <ele>35</ele>
      </trkpt>
      <trkpt lat="43.319400" lon="3.010540">
        <ele>35.3</ele>
      </trkpt>
      <trkpt lat="43.318260" lon="3.012160">
        <ele>36.2</ele>
      </trkpt>
      <trkpt lat="43.318080" lon="3.013190">
        <ele>37.2</ele>
      </trkpt>
      <trkpt lat="43.318170" lon="3.013790">
        <ele>35.9</ele>
      </trkpt>
      <trkpt lat="43.318460" lon="3.014210">
        <ele>34.6</ele>
      </trkpt>
      <trkpt lat="43.319400" lon="3.014370">
        <ele>34</ele>
      </trkpt>
      <trkpt lat="43.320120" lon="3.014270">
        <ele>34.6</ele>
      </trkpt>
      <trkpt lat="43.323820" lon="3.012860">
        <ele>34.9</ele>
      </trkpt>
      <trkpt lat="43.325040" lon="3.012570">
        <ele>33.3</ele>
      </trkpt>
      <trkpt lat="43.325390" lon="3.012270">
        <ele>32.3</ele>
      </trkpt>
      <trkpt lat="43.327200" lon="3.009720">
        <ele>37.3</ele>
      </trkpt>
      <trkpt lat="43.328680" lon="3.006850">
        <ele>36.9</ele>
      </trkpt>
      <trkpt lat="43.329050" lon="3.006920">
        <ele>36.7</ele>
      </trkpt>
      <trkpt lat="43.329830" lon="3.008130">
        <ele>33.8</ele>
      </trkpt>
      <trkpt lat="43.329890" lon="3.008680">
        <ele>33.6</ele>
      </trkpt>
      <trkpt lat="43.329640" lon="3.011700">
        <ele>35</ele>
      </trkpt>
      <trkpt lat="43.328910" lon="3.014220">
        <ele>33.5</ele>
      </trkpt>
      <trkpt lat="43.328990" lon="3.014760">
        <ele>33.6</ele>
      </trkpt>
      <trkpt lat="43.329310" lon="3.015300">
        <ele>34</ele>
      </trkpt>
      <trkpt lat="43.330180" lon="3.015650">
        <ele>34.8</ele>
      </trkpt>
      <trkpt lat="43.330230" lon="3.016420">
        <ele>36</ele>
      </trkpt>
      <trkpt lat="43.329580" lon="3.016880">
        <ele>36.1</ele>
      </trkpt>
      <trkpt lat="43.328240" lon="3.016670">
        <ele>34</ele>
      </trkpt>
      <trkpt lat="43.327950" lon="3.016810">
        <ele>34.3</ele>
      </trkpt>
      <trkpt lat="43.327300" lon="3.017790">
        <ele>34.2</ele>
      </trkpt>
      <trkpt lat="43.326980" lon="3.017990">
        <ele>34</ele>
      </trkpt>
      <trkpt lat="43.324880" lon="3.018130">
        <ele>30.4</ele>
      </trkpt>
      <trkpt lat="43.324490" lon="3.018460">
        <ele>34.3</ele>
      </trkpt>
      <trkpt lat="43.324380" lon="3.018730">
        <ele>35.5</ele>
      </trkpt>
      <trkpt lat="43.324490" lon="3.019220">
        <ele>35.9</ele>
      </trkpt>
      <trkpt lat="43.324730" lon="3.019440">
        <ele>35.7</ele>
      </trkpt>
      <trkpt lat="43.325020" lon="3.019560">
        <ele>34.8</ele>
      </trkpt>
      <trkpt lat="43.325530" lon="3.019680">
        <ele>35.2</ele>
      </trkpt>
      <trkpt lat="43.325990" lon="3.019870">
        <ele>35.3</ele>
      </trkpt>
      <trkpt lat="43.326370" lon="3.020640">
        <ele>35.2</ele>
      </trkpt>
      <trkpt lat="43.326540" lon="3.022560">
        <ele>40.3</ele>
      </trkpt>
      <trkpt lat="43.326280" lon="3.024650">
        <ele>39.6</ele>
      </trkpt>
      <trkpt lat="43.326350" lon="3.026200">
        <ele>38.2</ele>
      </trkpt>
      <trkpt lat="43.327040" lon="3.028210">
        <ele>40.8</ele>
      </trkpt>
      <trkpt lat="43.327640" lon="3.031120">
        <ele>41.3</ele>
      </trkpt>
      <trkpt lat="43.327950" lon="3.031540">
        <ele>38.1</ele>
      </trkpt>
      <trkpt lat="43.328450" lon="3.031470">
        <ele>35.3</ele>
      </trkpt>
      <trkpt lat="43.329060" lon="3.030880">
        <ele>32</ele>
      </trkpt>
      <trkpt lat="43.329470" lon="3.030080">
        <ele>36.2</ele>
      </trkpt>
      <trkpt lat="43.330270" lon="3.030840">
        <ele>27.5</ele>
      </trkpt>
      <trkpt lat="43.331690" lon="3.031060">
        <ele>35.6</ele>
      </trkpt>
      <trkpt lat="43.331710" lon="3.031660">
        <ele>39.1</ele>
      </trkpt>
      <trkpt lat="43.331080" lon="3.034720">
        <ele>39.9</ele>
      </trkpt>
      <trkpt lat="43.330800" lon="3.038240">
        <ele>37.2</ele>
      </trkpt>
      <trkpt lat="43.330460" lon="3.039180">
        <ele>38.5</ele>
      </trkpt>
      <trkpt lat="43.330380" lon="3.039870">
        <ele>38.8</ele>
      </trkpt>
      <trkpt lat="43.330580" lon="3.041680">
        <ele>38.3</ele>
      </trkpt>
      <trkpt lat="43.331230" lon="3.043020">
        <ele>37</ele>
      </trkpt>
      <trkpt lat="43.331490" lon="3.043880">
        <ele>35.9</ele>
      </trkpt>
      <trkpt lat="43.331360" lon="3.044700">
        <ele>37.5</ele>
      </trkpt>
      <trkpt lat="43.330760" lon="3.046410">
        <ele>45.2</ele>
      </trkpt>
      <trkpt lat="43.330410" lon="3.047900">
        <ele>45.7</ele>
      </trkpt>
      <trkpt lat="43.330350" lon="3.048260">
        <ele>44.8</ele>
      </trkpt>
      <trkpt lat="43.330260" lon="3.049270">
        <ele>40.5</ele>
      </trkpt>
      <trkpt lat="43.330200" lon="3.050630">
        <ele>38.2</ele>
      </trkpt>
      <trkpt lat="43.330200" lon="3.051760">
        <ele>38.6</ele>
      </trkpt>
      <trkpt lat="43.330240" lon="3.052170">
        <ele>38.7</ele>
      </trkpt>
      <trkpt lat="43.330490" lon="3.053350">
        <ele>39.3</ele>
      </trkpt>
      <trkpt lat="43.330650" lon="3.053920">
        <ele>38.2</ele>
      </trkpt>
      <trkpt lat="43.330790" lon="3.054320">
        <ele>36.3</ele>
      </trkpt>
      <trkpt lat="43.331050" lon="3.055350">
        <ele>37.6</ele>
      </trkpt>
      <trkpt lat="43.331160" lon="3.056480">
        <ele>37.8</ele>
      </trkpt>
      <trkpt lat="43.331330" lon="3.058650">
        <ele>38.8</ele>
      </trkpt>
      <trkpt lat="43.331370" lon="3.060400">
        <ele>38.8</ele>
      </trkpt>
      <trkpt lat="43.331330" lon="3.061300">
        <ele>39</ele>
      </trkpt>
      <trkpt lat="43.331320" lon="3.064520">
        <ele>37.7</ele>
      </trkpt>
      <trkpt lat="43.331270" lon="3.064890">
        <ele>38.2</ele>
      </trkpt>
      <trkpt lat="43.331080" lon="3.065820">
        <ele>39.1</ele>
      </trkpt>
      <trkpt lat="43.330990" lon="3.066100">
        <ele>39.4</ele>
      </trkpt>
      <trkpt lat="43.330850" lon="3.066380">
        <ele>38.8</ele>
      </trkpt>
      <trkpt lat="43.330600" lon="3.066670">
        <ele>37.4</ele>
      </trkpt>
      <trkpt lat="43.330110" lon="3.067050">
        <ele>36.9</ele>
      </trkpt>
      <trkpt lat="43.329750" lon="3.067180">
        <ele>37.1</ele>
      </trkpt>
      <trkpt lat="43.329260" lon="3.067210">
        <ele>36.8</ele>
      </trkpt>
      <trkpt lat="43.329050" lon="3.067260">
        <ele>36</ele>
      </trkpt>
      <trkpt lat="43.328840" lon="3.067380">
        <ele>35.1</ele>
      </trkpt>
      <trkpt lat="43.328530" lon="3.067700">
        <ele>34.6</ele>
      </trkpt>
      <trkpt lat="43.328120" lon="3.068320">
        <ele>33.5</ele>
      </trkpt>
      <trkpt lat="43.326700" lon="3.070830">
        <ele>36.6</ele>
      </trkpt>
      <trkpt lat="43.326030" lon="3.072550">
        <ele>35.5</ele>
      </trkpt>
      <trkpt lat="43.325570" lon="3.073490">
        <ele>35.2</ele>
      </trkpt>
      <trkpt lat="43.324810" lon="3.074650">
        <ele>35.1</ele>
      </trkpt>
      <trkpt lat="43.324450" lon="3.075110">
        <ele>35.3</ele>
      </trkpt>
      <trkpt lat="43.324010" lon="3.075500">
        <ele>35.6</ele>
      </trkpt>
      <trkpt lat="43.323630" lon="3.075650">
        <ele>35.8</ele>
      </trkpt>
      <trkpt lat="43.323220" lon="3.075670">
        <ele>35.7</ele>
      </trkpt>
      <trkpt lat="43.322940" lon="3.075580">
        <ele>35.9</ele>
      </trkpt>
      <trkpt lat="43.322200" lon="3.075440">
        <ele>37.1</ele>
      </trkpt>
      <trkpt lat="43.321130" lon="3.075380">
        <ele>39</ele>
      </trkpt>
      <trkpt lat="43.320710" lon="3.075170">
        <ele>38.4</ele>
      </trkpt>
      <trkpt lat="43.319480" lon="3.074320">
        <ele>37.3</ele>
      </trkpt>
      <trkpt lat="43.319180" lon="3.074020">
        <ele>39.9</ele>
      </trkpt>
      <trkpt lat="43.318920" lon="3.073520">
        <ele>41</ele>
      </trkpt>
      <trkpt lat="43.318600" lon="3.072520">
        <ele>38.5</ele>
      </trkpt>
      <trkpt lat="43.318450" lon="3.071920">
        <ele>37.2</ele>
      </trkpt>
      <trkpt lat="43.318270" lon="3.071440">
        <ele>34.5</ele>
      </trkpt>
      <trkpt lat="43.318120" lon="3.071270">
        <ele>34.5</ele>
      </trkpt>
      <trkpt lat="43.317410" lon="3.071140">
        <ele>35.8</ele>
      </trkpt>
      <trkpt lat="43.317250" lon="3.071040">
        <ele>36.7</ele>
      </trkpt>
      <trkpt lat="43.316500" lon="3.069900">
        <ele>37.8</ele>
      </trkpt>
      <trkpt lat="43.316050" lon="3.068790">
        <ele>30</ele>
      </trkpt>
      <trkpt lat="43.315860" lon="3.068560">
        <ele>29.7</ele>
      </trkpt>
      <trkpt lat="43.315590" lon="3.068500">
        <ele>26.7</ele>
      </trkpt>
      <trkpt lat="43.315210" lon="3.068590">
        <ele>29.2</ele>
      </trkpt>
      <trkpt lat="43.314780" lon="3.068840">
        <ele>30.8</ele>
      </trkpt>
      <trkpt lat="43.314380" lon="3.069330">
        <ele>30.8</ele>
      </trkpt>
      <trkpt lat="43.313670" lon="3.070390">
        <ele>29.6</ele>
      </trkpt>
      <trkpt lat="43.313570" lon="3.070630">
        <ele>32</ele>
      </trkpt>
      <trkpt lat="43.313400" lon="3.071430">
        <ele>36.3</ele>
      </trkpt>
      <trkpt lat="43.312520" lon="3.073550">
        <ele>33.6</ele>
      </trkpt>
      <trkpt lat="43.312190" lon="3.074440">
        <ele>33.5</ele>
      </trkpt>
      <trkpt lat="43.312000" lon="3.074820">
        <ele>35</ele>
      </trkpt>
      <trkpt lat="43.311720" lon="3.075250">
        <ele>35.1</ele>
      </trkpt>
      <trkpt lat="43.311490" lon="3.075500">
        <ele>35.4</ele>
      </trkpt>
      <trkpt lat="43.310470" lon="3.076160">
        <ele>35.1</ele>
      </trkpt>
      <trkpt lat="43.310160" lon="3.076480">
        <ele>34</ele>
      </trkpt>
      <trkpt lat="43.310080" lon="3.076650">
        <ele>35.7</ele>
      </trkpt>
      <trkpt lat="43.310000" lon="3.076840">
        <ele>33.6</ele>
      </trkpt>
      <trkpt lat="43.309940" lon="3.077160">
        <ele>35.5</ele>
      </trkpt>
      <trkpt lat="43.310020" lon="3.078080">
        <ele>36.1</ele>
      </trkpt>
      <trkpt lat="43.309900" lon="3.078300">
        <ele>36.5</ele>
      </trkpt>
      <trkpt lat="43.309520" lon="3.078590">
        <ele>37.5</ele>
      </trkpt>
      <trkpt lat="43.308800" lon="3.078820">
        <ele>39.2</ele>
      </trkpt>
      <trkpt lat="43.308290" lon="3.078840">
        <ele>39.1</ele>
      </trkpt>
      <trkpt lat="43.307840" lon="3.078750">
        <ele>37.9</ele>
      </trkpt>
      <trkpt lat="43.307510" lon="3.078590">
        <ele>38</ele>
      </trkpt>
      <trkpt lat="43.307370" lon="3.078480">
        <ele>37.8</ele>
      </trkpt>
      <trkpt lat="43.307040" lon="3.078080">
        <ele>37.7</ele>
      </trkpt>
      <trkpt lat="43.306870" lon="3.077930">
        <ele>36.9</ele>
      </trkpt>
      <trkpt lat="43.306850" lon="3.077810">
        <ele>36.9</ele>
      </trkpt>
      <trkpt lat="43.306380" lon="3.077200">
        <ele>34.6</ele>
      </trkpt>
      <trkpt lat="43.306130" lon="3.077050">
        <ele>32.9</ele>
      </trkpt>
      <trkpt lat="43.305900" lon="3.077150">
        <ele>31.9</ele>
      </trkpt>
      <trkpt lat="43.305740" lon="3.077320">
        <ele>33.3</ele>
      </trkpt>
      <trkpt lat="43.305550" lon="3.077860">
        <ele>33</ele>
      </trkpt>
      <trkpt lat="43.305320" lon="3.079050">
        <ele>34</ele>
      </trkpt>
      <trkpt lat="43.305140" lon="3.079520">
        <ele>36</ele>
      </trkpt>
      <trkpt lat="43.304690" lon="3.080400">
        <ele>36.8</ele>
      </trkpt>
      <trkpt lat="43.304620" lon="3.080630">
        <ele>36.8</ele>
      </trkpt>
      <trkpt lat="43.304570" lon="3.080900">
        <ele>37.6</ele>
      </trkpt>
      <trkpt lat="43.304580" lon="3.081300">
        <ele>37.7</ele>
      </trkpt>
      <trkpt lat="43.304650" lon="3.081590">
        <ele>37.4</ele>
      </trkpt>
      <trkpt lat="43.304840" lon="3.081880">
        <ele>37.8</ele>
      </trkpt>
      <trkpt lat="43.305260" lon="3.082380">
        <ele>37.8</ele>
      </trkpt>
      <trkpt lat="43.305470" lon="3.082740">
        <ele>38.9</ele>
      </trkpt>
      <trkpt lat="43.305580" lon="3.083120">
        <ele>44.4</ele>
      </trkpt>
      <trkpt lat="43.305630" lon="3.083790">
        <ele>50.9</ele>
      </trkpt>
      <trkpt lat="43.305400" lon="3.085520">
        <ele>40.5</ele>
      </trkpt>
      <trkpt lat="43.305160" lon="3.086850">
        <ele>37.8</ele>
      </trkpt>
      <trkpt lat="43.305060" lon="3.087170">
        <ele>38</ele>
      </trkpt>
      <trkpt lat="43.304570" lon="3.088250">
        <ele>36.5</ele>
      </trkpt>
      <trkpt lat="43.304460" lon="3.088690">
        <ele>34.3</ele>
      </trkpt>
      <trkpt lat="43.304420" lon="3.089560">
        <ele>36.2</ele>
      </trkpt>
      <trkpt lat="43.304280" lon="3.091080">
        <ele>38.3</ele>
      </trkpt>
      <trkpt lat="43.304280" lon="3.091720">
        <ele>38</ele>
      </trkpt>
      <trkpt lat="43.304370" lon="3.091970">
        <ele>38.1</ele>
      </trkpt>
      <trkpt lat="43.304490" lon="3.092160">
        <ele>38</ele>
      </trkpt>
      <trkpt lat="43.304690" lon="3.092390">
        <ele>37.9</ele>
      </trkpt>
      <trkpt lat="43.305080" lon="3.092760">
        <ele>38.7</ele>
      </trkpt>
      <trkpt lat="43.305230" lon="3.092940">
        <ele>38.5</ele>
      </trkpt>
      <trkpt lat="43.305310" lon="3.093190">
        <ele>37.8</ele>
      </trkpt>
      <trkpt lat="43.305350" lon="3.093760">
        <ele>37.3</ele>
      </trkpt>
      <trkpt lat="43.305330" lon="3.094460">
        <ele>37.6</ele>
      </trkpt>
      <trkpt lat="43.305370" lon="3.095820">
        <ele>40.4</ele>
      </trkpt>
      <trkpt lat="43.305150" lon="3.097190">
        <ele>35.2</ele>
      </trkpt>
      <trkpt lat="43.305020" lon="3.098820">
        <ele>36.5</ele>
      </trkpt>
      <trkpt lat="43.305080" lon="3.099920">
        <ele>35.9</ele>
      </trkpt>
      <trkpt lat="43.305060" lon="3.100350">
        <ele>35.2</ele>
      </trkpt>
      <trkpt lat="43.305130" lon="3.100740">
        <ele>35.3</ele>
      </trkpt>
      <trkpt lat="43.305180" lon="3.101280">
        <ele>38.3</ele>
      </trkpt>
      <trkpt lat="43.305260" lon="3.103590">
        <ele>36.9</ele>
      </trkpt>
      <trkpt lat="43.305510" lon="3.104740">
        <ele>40</ele>
      </trkpt>
      <trkpt lat="43.305590" lon="3.105470">
        <ele>40.1</ele>
      </trkpt>
      <trkpt lat="43.305490" lon="3.106530">
        <ele>38.2</ele>
      </trkpt>
      <trkpt lat="43.305460" lon="3.107280">
        <ele>38.9</ele>
      </trkpt>
      <trkpt lat="43.305480" lon="3.109290">
        <ele>42.5</ele>
      </trkpt>
      <trkpt lat="43.305450" lon="3.109760">
        <ele>41.1</ele>
      </trkpt>
      <trkpt lat="43.305410" lon="3.110180">
        <ele>38.2</ele>
      </trkpt>
      <trkpt lat="43.305270" lon="3.110640">
        <ele>35.3</ele>
      </trkpt>
      <trkpt lat="43.305190" lon="3.111360">
        <ele>35.5</ele>
      </trkpt>
      <trkpt lat="43.305140" lon="3.112300">
        <ele>38.7</ele>
      </trkpt>
      <trkpt lat="43.304960" lon="3.112820">
        <ele>39.2</ele>
      </trkpt>
      <trkpt lat="43.304700" lon="3.113370">
        <ele>37.2</ele>
      </trkpt>
      <trkpt lat="43.304330" lon="3.113930">
        <ele>35.1</ele>
      </trkpt>
      <trkpt lat="43.303860" lon="3.114330">
        <ele>33.9</ele>
      </trkpt>
      <trkpt lat="43.303760" lon="3.114470">
        <ele>34.1</ele>
      </trkpt>
      <trkpt lat="43.303640" lon="3.114970">
        <ele>36.5</ele>
      </trkpt>
      <trkpt lat="43.303610" lon="3.115390">
        <ele>37.2</ele>
      </trkpt>
      <trkpt lat="43.303650" lon="3.116120">
        <ele>37.5</ele>
      </trkpt>
      <trkpt lat="43.303900" lon="3.117780">
        <ele>36.7</ele>
      </trkpt>
      <trkpt lat="43.303980" lon="3.118670">
        <ele>37.1</ele>
      </trkpt>
      <trkpt lat="43.303190" lon="3.118980">
        <ele>34.1</ele>
      </trkpt>
      <trkpt lat="43.301170" lon="3.119590">
        <ele>25.9</ele>
      </trkpt>
      <trkpt lat="43.300840" lon="3.119550">
        <ele>25.6</ele>
      </trkpt>
      <trkpt lat="43.300710" lon="3.119810">
        <ele>25.4</ele>
      </trkpt>
      <trkpt lat="43.299990" lon="3.119890">
        <ele>23.7</ele>
      </trkpt>
      <trkpt lat="43.300130" lon="3.120840">
        <ele>22.4</ele>
      </trkpt>
      <trkpt lat="43.301980" lon="3.122430">
        <ele>26.9</ele>
      </trkpt>
      <trkpt lat="43.304440" lon="3.123960">
        <ele>35.7</ele>
      </trkpt>
      <trkpt lat="43.304480" lon="3.124200">
        <ele>36</ele>
      </trkpt>
      <trkpt lat="43.305080" lon="3.124110">
        <ele>38.8</ele>
      </trkpt>
      <trkpt lat="43.305890" lon="3.125270">
        <ele>42.6</ele>
      </trkpt>
      <trkpt lat="43.306100" lon="3.125460">
        <ele>44.1</ele>
      </trkpt>
      <trkpt lat="43.306450" lon="3.125510">
        <ele>46.3</ele>
      </trkpt>
      <trkpt lat="43.306590" lon="3.125580">
        <ele>47.1</ele>
      </trkpt>
      <trkpt lat="43.307150" lon="3.126580">
        <ele>48.8</ele>
      </trkpt>
      <trkpt lat="43.307250" lon="3.126430">
        <ele>49.6</ele>
      </trkpt>
      <trkpt lat="43.307330" lon="3.126450">
        <ele>49</ele>
      </trkpt>
      <trkpt lat="43.307600" lon="3.126730">
        <ele>46</ele>
      </trkpt>
      <trkpt lat="43.308220" lon="3.127230">
        <ele>36.8</ele>
      </trkpt>
      <trkpt lat="43.308140" lon="3.127300">
        <ele>36.1</ele>
      </trkpt>
      <trkpt lat="43.308190" lon="3.127930">
        <ele>35.9</ele>
      </trkpt>
      <trkpt lat="43.308370" lon="3.128560">
        <ele>35.6</ele>
      </trkpt>
      <trkpt lat="43.308580" lon="3.129840">
        <ele>43.2</ele>
      </trkpt>
      <trkpt lat="43.308740" lon="3.130230">
        <ele>42.4</ele>
      </trkpt>
      <trkpt lat="43.308970" lon="3.130530">
        <ele>40.7</ele>
      </trkpt>
      <trkpt lat="43.309960" lon="3.131240">
        <ele>35.6</ele>
      </trkpt>
      <trkpt lat="43.310790" lon="3.131950">
        <ele>34.8</ele>
      </trkpt>
      <trkpt lat="43.311390" lon="3.132620">
        <ele>34.9</ele>
      </trkpt>
      <trkpt lat="43.311630" lon="3.132910">
        <ele>34.2</ele>
      </trkpt>
      <trkpt lat="43.311830" lon="3.133250">
        <ele>36.7</ele>
      </trkpt>
      <trkpt lat="43.312070" lon="3.134000">
        <ele>39.6</ele>
      </trkpt>
      <trkpt lat="43.312220" lon="3.134330">
        <ele>40.9</ele>
      </trkpt>
      <trkpt lat="43.312390" lon="3.134420">
        <ele>40.9</ele>
      </trkpt>
      <trkpt lat="43.312770" lon="3.134320">
        <ele>40.2</ele>
      </trkpt>
      <trkpt lat="43.313100" lon="3.134360">
        <ele>38.9</ele>
      </trkpt>
      <trkpt lat="43.313310" lon="3.134500">
        <ele>38.1</ele>
      </trkpt>
      <trkpt lat="43.314140" lon="3.135290">
        <ele>38.9</ele>
      </trkpt>
      <trkpt lat="43.315030" lon="3.135770">
        <ele>34.6</ele>
      </trkpt>
      <trkpt lat="43.315330" lon="3.135990">
        <ele>34.6</ele>
      </trkpt>
      <trkpt lat="43.315520" lon="3.136520">
        <ele>36.1</ele>
      </trkpt>
      <trkpt lat="43.315680" lon="3.137110">
        <ele>36.1</ele>
      </trkpt>
      <trkpt lat="43.315780" lon="3.137680">
        <ele>36</ele>
      </trkpt>
      <trkpt lat="43.315670" lon="3.138680">
        <ele>41.9</ele>
      </trkpt>
      <trkpt lat="43.315610" lon="3.140080">
        <ele>44.1</ele>
      </trkpt>
      <trkpt lat="43.315510" lon="3.140460">
        <ele>44</ele>
      </trkpt>
      <trkpt lat="43.315540" lon="3.140540">
        <ele>41.4</ele>
      </trkpt>
      <trkpt lat="43.315330" lon="3.141360">
        <ele>41.2</ele>
      </trkpt>
      <trkpt lat="43.315070" lon="3.141830">
        <ele>41.6</ele>
      </trkpt>
      <trkpt lat="43.314560" lon="3.142550">
        <ele>39.3</ele>
      </trkpt>
      <trkpt lat="43.314430" lon="3.142840">
        <ele>38.3</ele>
      </trkpt>
      <trkpt lat="43.314390" lon="3.143290">
        <ele>37.5</ele>
      </trkpt>
      <trkpt lat="43.314400" lon="3.144230">
        <ele>37.8</ele>
      </trkpt>
      <trkpt lat="43.314610" lon="3.145400">
        <ele>37.8</ele>
      </trkpt>
      <trkpt lat="43.314710" lon="3.145730">
        <ele>38.1</ele>
      </trkpt>
      <trkpt lat="43.315170" lon="3.146800">
        <ele>37.1</ele>
      </trkpt>
      <trkpt lat="43.315760" lon="3.148020">
        <ele>38.8</ele>
      </trkpt>
      <trkpt lat="43.316130" lon="3.148620">
        <ele>40.8</ele>
      </trkpt>
      <trkpt lat="43.316690" lon="3.149320">
        <ele>40.4</ele>
      </trkpt>
      <trkpt lat="43.317010" lon="3.149500">
        <ele>41</ele>
      </trkpt>
      <trkpt lat="43.318260" lon="3.149650">
        <ele>35.7</ele>
      </trkpt>
      <trkpt lat="43.318760" lon="3.149810">
        <ele>35.8</ele>
      </trkpt>
      <trkpt lat="43.319160" lon="3.149980">
        <ele>36.4</ele>
      </trkpt>
      <trkpt lat="43.319570" lon="3.150320">
        <ele>37.6</ele>
      </trkpt>
      <trkpt lat="43.319840" lon="3.150700">
        <ele>39.3</ele>
      </trkpt>
      <trkpt lat="43.319950" lon="3.151020">
        <ele>42</ele>
      </trkpt>
      <trkpt lat="43.320050" lon="3.151550">
        <ele>44.2</ele>
      </trkpt>
      <trkpt lat="43.320110" lon="3.152380">
        <ele>48.1</ele>
      </trkpt>
      <trkpt lat="43.320140" lon="3.152590">
        <ele>48.1</ele>
      </trkpt>
      <trkpt lat="43.320240" lon="3.152880">
        <ele>48.3</ele>
      </trkpt>
      <trkpt lat="43.320370" lon="3.153100">
        <ele>47.2</ele>
      </trkpt>
      <trkpt lat="43.320730" lon="3.153500">
        <ele>43.3</ele>
      </trkpt>
      <trkpt lat="43.320990" lon="3.153770">
        <ele>42</ele>
      </trkpt>
      <trkpt lat="43.321280" lon="3.153990">
        <ele>39.6</ele>
      </trkpt>
      <trkpt lat="43.322750" lon="3.155580">
        <ele>36.1</ele>
      </trkpt>
      <trkpt lat="43.322880" lon="3.155750">
        <ele>36.2</ele>
      </trkpt>
      <trkpt lat="43.323070" lon="3.156240">
        <ele>36.1</ele>
      </trkpt>
      <trkpt lat="43.323150" lon="3.156640">
        <ele>36.2</ele>
      </trkpt>
      <trkpt lat="43.323180" lon="3.157070">
        <ele>36.7</ele>
      </trkpt>
      <trkpt lat="43.323160" lon="3.157310">
        <ele>37.1</ele>
      </trkpt>
      <trkpt lat="43.322840" lon="3.158520">
        <ele>36.9</ele>
      </trkpt>
      <trkpt lat="43.322160" lon="3.160340">
        <ele>36.9</ele>
      </trkpt>
      <trkpt lat="43.321960" lon="3.161020">
        <ele>38</ele>
      </trkpt>
      <trkpt lat="43.321880" lon="3.161500">
        <ele>38.7</ele>
      </trkpt>
      <trkpt lat="43.321860" lon="3.161820">
        <ele>39.8</ele>
      </trkpt>
      <trkpt lat="43.321930" lon="3.162430">
        <ele>38.7</ele>
      </trkpt>
      <trkpt lat="43.322360" lon="3.163510">
        <ele>36</ele>
      </trkpt>
      <trkpt lat="43.322480" lon="3.163740">
        <ele>36.1</ele>
      </trkpt>
      <trkpt lat="43.323260" lon="3.164930">
        <ele>35.8</ele>
      </trkpt>
      <trkpt lat="43.323380" lon="3.165240">
        <ele>36.1</ele>
      </trkpt>
      <trkpt lat="43.323520" lon="3.165800">
        <ele>39.4</ele>
      </trkpt>
      <trkpt lat="43.323550" lon="3.166030">
        <ele>41.5</ele>
      </trkpt>
      <trkpt lat="43.323410" lon="3.167210">
        <ele>48.6</ele>
      </trkpt>
      <trkpt lat="43.323430" lon="3.167610">
        <ele>47.4</ele>
      </trkpt>
      <trkpt lat="43.323520" lon="3.168120">
        <ele>42.6</ele>
      </trkpt>
      <trkpt lat="43.324400" lon="3.170520">
        <ele>39.5</ele>
      </trkpt>
      <trkpt lat="43.324490" lon="3.170690">
        <ele>39.5</ele>
      </trkpt>
      <trkpt lat="43.324740" lon="3.170850">
        <ele>39.1</ele>
      </trkpt>
      <trkpt lat="43.325030" lon="3.170880">
        <ele>38.4</ele>
      </trkpt>
      <trkpt lat="43.325470" lon="3.170770">
        <ele>38.4</ele>
      </trkpt>
      <trkpt lat="43.326360" lon="3.170240">
        <ele>35.1</ele>
      </trkpt>
      <trkpt lat="43.326730" lon="3.170200">
        <ele>35.9</ele>
      </trkpt>
      <trkpt lat="43.327040" lon="3.170340">
        <ele>36</ele>
      </trkpt>
      <trkpt lat="43.327380" lon="3.171400">
        <ele>42.9</ele>
      </trkpt>
      <trkpt lat="43.327440" lon="3.172080">
        <ele>46.5</ele>
      </trkpt>
      <trkpt lat="43.327490" lon="3.173580">
        <ele>45.5</ele>
      </trkpt>
      <trkpt lat="43.327570" lon="3.173990">
        <ele>44.2</ele>
      </trkpt>
      <trkpt lat="43.327740" lon="3.174690">
        <ele>42.9</ele>
      </trkpt>
      <trkpt lat="43.328240" lon="3.176180">
        <ele>37.6</ele>
      </trkpt>
      <trkpt lat="43.328340" lon="3.176720">
        <ele>36.8</ele>
      </trkpt>
      <trkpt lat="43.328360" lon="3.177380">
        <ele>35.7</ele>
      </trkpt>
      <trkpt lat="43.328250" lon="3.178450">
        <ele>35.8</ele>
      </trkpt>
      <trkpt lat="43.328070" lon="3.179210">
        <ele>37.6</ele>
      </trkpt>
      <trkpt lat="43.327690" lon="3.180240">
        <ele>37.8</ele>
      </trkpt>
      <trkpt lat="43.327640" lon="3.180560">
        <ele>37.3</ele>
      </trkpt>
      <trkpt lat="43.327390" lon="3.183300">
        <ele>35.5</ele>
      </trkpt>
      <trkpt lat="43.327140" lon="3.185200">
        <ele>42.1</ele>
      </trkpt>
      <trkpt lat="43.327060" lon="3.185340">
        <ele>45</ele>
      </trkpt>
      <trkpt lat="43.326910" lon="3.186540">
        <ele>40.6</ele>
      </trkpt>
      <trkpt lat="43.326790" lon="3.187750">
        <ele>39</ele>
      </trkpt>
      <trkpt lat="43.326820" lon="3.188040">
        <ele>38.9</ele>
      </trkpt>
      <trkpt lat="43.326920" lon="3.188370">
        <ele>38.3</ele>
      </trkpt>
      <trkpt lat="43.327170" lon="3.188820">
        <ele>39.5</ele>
      </trkpt>
      <trkpt lat="43.327560" lon="3.189320">
        <ele>41.2</ele>
      </trkpt>
      <trkpt lat="43.327810" lon="3.189560">
        <ele>41.8</ele>
      </trkpt>
      <trkpt lat="43.328410" lon="3.190400">
        <ele>40.9</ele>
      </trkpt>
      <trkpt lat="43.328830" lon="3.191130">
        <ele>40.1</ele>
      </trkpt>
      <trkpt lat="43.328910" lon="3.191220">
        <ele>40.4</ele>
      </trkpt>
      <trkpt lat="43.329470" lon="3.191620">
        <ele>38.4</ele>
      </trkpt>
      <trkpt lat="43.330380" lon="3.192030">
        <ele>35.2</ele>
      </trkpt>
      <trkpt lat="43.330500" lon="3.192120">
        <ele>34.2</ele>
      </trkpt>
      <trkpt lat="43.330570" lon="3.192240">
        <ele>34.8</ele>
      </trkpt>
      <trkpt lat="43.330640" lon="3.192480">
        <ele>33.5</ele>
      </trkpt>
      <trkpt lat="43.330680" lon="3.192760">
        <ele>34</ele>
      </trkpt>
      <trkpt lat="43.330690" lon="3.193150">
        <ele>35.3</ele>
      </trkpt>
      <trkpt lat="43.330660" lon="3.193630">
        <ele>36.4</ele>
      </trkpt>
      <trkpt lat="43.330450" lon="3.195040">
        <ele>38.2</ele>
      </trkpt>
      <trkpt lat="43.330500" lon="3.196400">
        <ele>34.5</ele>
      </trkpt>
      <trkpt lat="43.330390" lon="3.196810">
        <ele>35</ele>
      </trkpt>
      <trkpt lat="43.330220" lon="3.197230">
        <ele>35.1</ele>
      </trkpt>
      <trkpt lat="43.330140" lon="3.197610">
        <ele>34.3</ele>
      </trkpt>
      <trkpt lat="43.330130" lon="3.197800">
        <ele>33.5</ele>
      </trkpt>
      <trkpt lat="43.330170" lon="3.198140">
        <ele>32.5</ele>
      </trkpt>
      <trkpt lat="43.330240" lon="3.198400">
        <ele>29.6</ele>
      </trkpt>
      <trkpt lat="43.331000" lon="3.200360">
        <ele>19.6</ele>
      </trkpt>
      <trkpt lat="43.331460" lon="3.201290">
        <ele>16.3</ele>
      </trkpt>
      <trkpt lat="43.331370" lon="3.201410">
        <ele>16.5</ele>
      </trkpt>
      <trkpt lat="43.331180" lon="3.201520">
        <ele>17.4</ele>
      </trkpt>
      <trkpt lat="43.331080" lon="3.201340">
        <ele>17.6</ele>
      </trkpt>
      <trkpt lat="43.331030" lon="3.201290">
        <ele>17.6</ele>
      </trkpt>
      <trkpt lat="43.330970" lon="3.201320">
        <ele>18.5</ele>
      </trkpt>
      <trkpt lat="43.330960" lon="3.201510">
        <ele>18.3</ele>
      </trkpt>
      <trkpt lat="43.330770" lon="3.202190">
        <ele>18.8</ele>
      </trkpt>
      <trkpt lat="43.330660" lon="3.203140">
        <ele>18.6</ele>
      </trkpt>
      <trkpt lat="43.330650" lon="3.203680">
        <ele>17.7</ele>
      </trkpt>
      <trkpt lat="43.330700" lon="3.204410">
        <ele>16.8</ele>
      </trkpt>
      <trkpt lat="43.330810" lon="3.205060">
        <ele>16.3</ele>
      </trkpt>
      <trkpt lat="43.331160" lon="3.206280">
        <ele>14.5</ele>
      </trkpt>
      <trkpt lat="43.331440" lon="3.207130">
        <ele>15.8</ele>
      </trkpt>
      <trkpt lat="43.331910" lon="3.208280">
        <ele>14.1</ele>
      </trkpt>
      <trkpt lat="43.332310" lon="3.209090">
        <ele>13.1</ele>
      </trkpt>
      <trkpt lat="43.332740" lon="3.209810">
        <ele>13.3</ele>
      </trkpt>
      <trkpt lat="43.334180" lon="3.211930">
        <ele>13.8</ele>
      </trkpt>
      <trkpt lat="43.334200" lon="3.212070">
        <ele>13.8</ele>
      </trkpt>
      <trkpt lat="43.334370" lon="3.212340">
        <ele>11.4</ele>
      </trkpt>
      <trkpt lat="43.335080" lon="3.213400">
        <ele>11.2</ele>
      </trkpt>
      <trkpt lat="43.335200" lon="3.213460">
        <ele>12</ele>
      </trkpt>
      <trkpt lat="43.335290" lon="3.213560">
        <ele>13.2</ele>
      </trkpt>
      <trkpt lat="43.335430" lon="3.213800">
        <ele>14.4</ele>
      </trkpt>
      <trkpt lat="43.335600" lon="3.214290">
        <ele>14.9</ele>
      </trkpt>
      <trkpt lat="43.335540" lon="3.215040">
        <ele>15.4</ele>
      </trkpt>
      <trkpt lat="43.335500" lon="3.215120">
        <ele>15.3</ele>
      </trkpt>
      <trkpt lat="43.335410" lon="3.215110">
        <ele>15.3</ele>
      </trkpt>
      <trkpt lat="43.335230" lon="3.216000">
        <ele>16.4</ele>
      </trkpt>
      <trkpt lat="43.335210" lon="3.216250">
        <ele>16.2</ele>
      </trkpt>
      <trkpt lat="43.335130" lon="3.216400">
        <ele>15.9</ele>
      </trkpt>
      <trkpt lat="43.333840" lon="3.220590">
        <ele>16.1</ele>
      </trkpt>
      <trkpt lat="43.333540" lon="3.221760">
        <ele>14.6</ele>
      </trkpt>
      <trkpt lat="43.333540" lon="3.221760">
        <ele>14.6</ele>
      </trkpt>
      <trkpt lat="43.333350" lon="3.222190">
        <ele>14.7</ele>
      </trkpt>
      <trkpt lat="43.333280" lon="3.222470">
        <ele>14.9</ele>
      </trkpt>
      <trkpt lat="43.333170" lon="3.223800">
        <ele>13.7</ele>
      </trkpt>
      <trkpt lat="43.333300" lon="3.223860">
        <ele>13.8</ele>
      </trkpt>
      <trkpt lat="43.333110" lon="3.224360">
        <ele>11.9</ele>
      </trkpt>
      <trkpt lat="43.332990" lon="3.224450">
        <ele>11.9</ele>
      </trkpt>
      <trkpt lat="43.332570" lon="3.224310">
        <ele>11.9</ele>
      </trkpt>
      <trkpt lat="43.332420" lon="3.225300">
        <ele>13.7</ele>
      </trkpt>
      <trkpt lat="43.332080" lon="3.226590">
        <ele>16.8</ele>
      </trkpt>
      <trkpt lat="43.331840" lon="3.227230">
        <ele>17.5</ele>
      </trkpt>
      <trkpt lat="43.331360" lon="3.228230">
        <ele>18.4</ele>
      </trkpt>
      <trkpt lat="43.331080" lon="3.228740">
        <ele>18.4</ele>
      </trkpt>
      <trkpt lat="43.329330" lon="3.231410">
        <ele>14.4</ele>
      </trkpt>
      <trkpt lat="43.329080" lon="3.231920">
        <ele>14.6</ele>
      </trkpt>
      <trkpt lat="43.328470" lon="3.233520">
        <ele>12.5</ele>
      </trkpt>
      <trkpt lat="43.328380" lon="3.233830">
        <ele>13.1</ele>
      </trkpt>
      <trkpt lat="43.328340" lon="3.234310">
        <ele>14</ele>
      </trkpt>
      <trkpt lat="43.328370" lon="3.236730">
        <ele>13.5</ele>
      </trkpt>
      <trkpt lat="43.328290" lon="3.237940">
        <ele>15.7</ele>
      </trkpt>
      <trkpt lat="43.328130" lon="3.239070">
        <ele>16.2</ele>
      </trkpt>
      <trkpt lat="43.327720" lon="3.241310">
        <ele>17.5</ele>
      </trkpt>
      <trkpt lat="43.327630" lon="3.241730">
        <ele>17.9</ele>
      </trkpt>
      <trkpt lat="43.327280" lon="3.242750">
        <ele>17.2</ele>
      </trkpt>
      <trkpt lat="43.327070" lon="3.243120">
        <ele>16.1</ele>
      </trkpt>
      <trkpt lat="43.326940" lon="3.243440">
        <ele>16.4</ele>
      </trkpt>
      <trkpt lat="43.326430" lon="3.244170">
        <ele>16.8</ele>
      </trkpt>
      <trkpt lat="43.325410" lon="3.245280">
        <ele>16.3</ele>
      </trkpt>
      <trkpt lat="43.324630" lon="3.245950">
        <ele>18.1</ele>
      </trkpt>
      <trkpt lat="43.324150" lon="3.246550">
        <ele>20.3</ele>
      </trkpt>
      <trkpt lat="43.323720" lon="3.247390">
        <ele>19.9</ele>
      </trkpt>
      <trkpt lat="43.323350" lon="3.248250">
        <ele>19.5</ele>
      </trkpt>
      <trkpt lat="43.323210" lon="3.248650">
        <ele>19.5</ele>
      </trkpt>
      <trkpt lat="43.323180" lon="3.248830">
        <ele>19.2</ele>
      </trkpt>
      <trkpt lat="43.323160" lon="3.249890">
        <ele>18.5</ele>
      </trkpt>
      <trkpt lat="43.323230" lon="3.251430">
        <ele>17</ele>
      </trkpt>
      <trkpt lat="43.323250" lon="3.252900">
        <ele>17</ele>
      </trkpt>
      <trkpt lat="43.323370" lon="3.255240">
        <ele>16.2</ele>
      </trkpt>
      <trkpt lat="43.323370" lon="3.257220">
        <ele>15.3</ele>
      </trkpt>
      <trkpt lat="43.323160" lon="3.259400">
        <ele>13.4</ele>
      </trkpt>
      <trkpt lat="43.322790" lon="3.262030">
        <ele>14.7</ele>
      </trkpt>
      <trkpt lat="43.322810" lon="3.262110">
        <ele>14.4</ele>
      </trkpt>
      <trkpt lat="43.322790" lon="3.262360">
        <ele>14.6</ele>
      </trkpt>
      <trkpt lat="43.322740" lon="3.262490">
        <ele>14.9</ele>
      </trkpt>
      <trkpt lat="43.322540" lon="3.264130">
        <ele>15.3</ele>
      </trkpt>
      <trkpt lat="43.322120" lon="3.266970">
        <ele>14.7</ele>
      </trkpt>
      <trkpt lat="43.321630" lon="3.268650">
        <ele>15.1</ele>
      </trkpt>
      <trkpt lat="43.320390" lon="3.272050">
        <ele>13.5</ele>
      </trkpt>
      <trkpt lat="43.319720" lon="3.273780">
        <ele>13.4</ele>
      </trkpt>
      <trkpt lat="43.318920" lon="3.276030">
        <ele>13.1</ele>
      </trkpt>
      <trkpt lat="43.317850" lon="3.279240">
        <ele>10.9</ele>
      </trkpt>
      <trkpt lat="43.317410" lon="3.280720">
        <ele>9.7</ele>
      </trkpt>
      <trkpt lat="43.317280" lon="3.280850">
        <ele>9.9</ele>
      </trkpt>
      <trkpt lat="43.317310" lon="3.280920">
        <ele>9.7</ele>
      </trkpt>
      <trkpt lat="43.317290" lon="3.281060">
        <ele>9.9</ele>
      </trkpt>
      <trkpt lat="43.317070" lon="3.281640">
        <ele>10.1</ele>
      </trkpt>
      <trkpt lat="43.317020" lon="3.281890">
        <ele>10.1</ele>
      </trkpt>
      <trkpt lat="43.316280" lon="3.284420">
        <ele>11.1</ele>
      </trkpt>
      <trkpt lat="43.315870" lon="3.285960">
        <ele>11.8</ele>
      </trkpt>
      <trkpt lat="43.315340" lon="3.288800">
        <ele>10.2</ele>
      </trkpt>
      <trkpt lat="43.315140" lon="3.290910">
        <ele>13.6</ele>
      </trkpt>
      <trkpt lat="43.315120" lon="3.292340">
        <ele>13.7</ele>
      </trkpt>
      <trkpt lat="43.315160" lon="3.293240">
        <ele>11.9</ele>
      </trkpt>
      <trkpt lat="43.315210" lon="3.293740">
        <ele>10.4</ele>
      </trkpt>
      <trkpt lat="43.316400" lon="3.300690">
        <ele>7.2</ele>
      </trkpt>
      <trkpt lat="43.316840" lon="3.303520">
        <ele>10.2</ele>
      </trkpt>
      <trkpt lat="43.316850" lon="3.304050">
        <ele>8.7</ele>
      </trkpt>
      <trkpt lat="43.316820" lon="3.304800">
        <ele>8.3</ele>
      </trkpt>
      <trkpt lat="43.316680" lon="3.305650">
        <ele>9.5</ele>
      </trkpt>
      <trkpt lat="43.315600" lon="3.310390">
        <ele>11.3</ele>
      </trkpt>
      <trkpt lat="43.315430" lon="3.310920">
        <ele>10.2</ele>
      </trkpt>
      <trkpt lat="43.315190" lon="3.311470">
        <ele>10.6</ele>
      </trkpt>
      <trkpt lat="43.314530" lon="3.312790">
        <ele>11.3</ele>
      </trkpt>
      <trkpt lat="43.310620" lon="3.319450">
        <ele>10</ele>
      </trkpt>
      <trkpt lat="43.309000" lon="3.322430">
        <ele>11.8</ele>
      </trkpt>
      <trkpt lat="43.304600" lon="3.329090">
        <ele>6.9</ele>
      </trkpt>
      <trkpt lat="43.304420" lon="3.329480">
        <ele>6.7</ele>
      </trkpt>
      <trkpt lat="43.304170" lon="3.329800">
        <ele>6.5</ele>
      </trkpt>
      <trkpt lat="43.303380" lon="3.330740">
        <ele>7.2</ele>
      </trkpt>
      <trkpt lat="43.302840" lon="3.331110">
        <ele>7.4</ele>
      </trkpt>
      <trkpt lat="43.301130" lon="3.332010">
        <ele>6.2</ele>
      </trkpt>
      <trkpt lat="43.298130" lon="3.333220">
        <ele>7.4</ele>
      </trkpt>
      <trkpt lat="43.297490" lon="3.333620">
        <ele>5.1</ele>
      </trkpt>
      <trkpt lat="43.296920" lon="3.334110">
        <ele>5.5</ele>
      </trkpt>
      <trkpt lat="43.296720" lon="3.334420">
        <ele>6</ele>
      </trkpt>
      <trkpt lat="43.296300" lon="3.335420">
        <ele>5.4</ele>
      </trkpt>
      <trkpt lat="43.295960" lon="3.337170">
        <ele>4.8</ele>
      </trkpt>
      <trkpt lat="43.295810" lon="3.338120">
        <ele>5.1</ele>
      </trkpt>
      <trkpt lat="43.295510" lon="3.339570">
        <ele>4.1</ele>
      </trkpt>
      <trkpt lat="43.294430" lon="3.342440">
        <ele>4.7</ele>
      </trkpt>
      <trkpt lat="43.292850" lon="3.346040">
        <ele>4.1</ele>
      </trkpt>
      <trkpt lat="43.291130" lon="3.350780">
        <ele>4</ele>
      </trkpt>
      <trkpt lat="43.290780" lon="3.352140">
        <ele>4.4</ele>
      </trkpt>
      <trkpt lat="43.290540" lon="3.354310">
        <ele>2.5</ele>
      </trkpt>
      <trkpt lat="43.290480" lon="3.356070">
        <ele>2</ele>
      </trkpt>
      <trkpt lat="43.290510" lon="3.357690">
        <ele>3.3</ele>
      </trkpt>
      <trkpt lat="43.290680" lon="3.360430">
        <ele>2.7</ele>
      </trkpt>
      <trkpt lat="43.290870" lon="3.361530">
        <ele>3.8</ele>
      </trkpt>
      <trkpt lat="43.290990" lon="3.361970">
        <ele>4</ele>
      </trkpt>
      <trkpt lat="43.291000" lon="3.362090">
        <ele>4.1</ele>
      </trkpt>
      <trkpt lat="43.290960" lon="3.362180">
        <ele>4.1</ele>
      </trkpt>
      <trkpt lat="43.290970" lon="3.362240">
        <ele>4.1</ele>
      </trkpt>
      <trkpt lat="43.290830" lon="3.362240">
        <ele>4.1</ele>
      </trkpt>
      <trkpt lat="43.290100" lon="3.362540">
        <ele>3.9</ele>
      </trkpt>
      <trkpt lat="43.289670" lon="3.363560">
        <ele>3.1</ele>
      </trkpt>
      <trkpt lat="43.289070" lon="3.365100">
        <ele>1.1</ele>
      </trkpt>
      <trkpt lat="43.288430" lon="3.366810">
        <ele>2.1</ele>
      </trkpt>
      <trkpt lat="43.287540" lon="3.370590">
        <ele>3.2</ele>
      </trkpt>
      <trkpt lat="43.287460" lon="3.370850">
        <ele>3.9</ele>
      </trkpt>
      <trkpt lat="43.287150" lon="3.371510">
        <ele>4.8</ele>
      </trkpt>
      <trkpt lat="43.287090" lon="3.372200">
        <ele>4.4</ele>
      </trkpt>
      <trkpt lat="43.287000" lon="3.372520">
        <ele>4</ele>
      </trkpt>
      <trkpt lat="43.286240" lon="3.373340">
        <ele>4.9</ele>
      </trkpt>
      <trkpt lat="43.286110" lon="3.373250">
        <ele>4</ele>
      </trkpt>
      <trkpt lat="43.285850" lon="3.372970">
        <ele>3.3</ele>
      </trkpt>
      <trkpt lat="43.285530" lon="3.372460">
        <ele>3</ele>
      </trkpt>
      <trkpt lat="43.285450" lon="3.372420">
        <ele>3.2</ele>
      </trkpt>
      <trkpt lat="43.284860" lon="3.372350">
        <ele>4</ele>
      </trkpt>
      <trkpt lat="43.284580" lon="3.373240">
        <ele>3.9</ele>
      </trkpt>
      <trkpt lat="43.284500" lon="3.373390">
        <ele>4</ele>
      </trkpt>
      <trkpt lat="43.284200" lon="3.373780">
        <ele>4.1</ele>
      </trkpt>
      <trkpt lat="43.283910" lon="3.374650">
        <ele>4.9</ele>
      </trkpt>
      <trkpt lat="43.283320" lon="3.376100">
        <ele>6</ele>
      </trkpt>
      <trkpt lat="43.284350" lon="3.377030">
        <ele>6.8</ele>
      </trkpt>
      <trkpt lat="43.284550" lon="3.377510">
        <ele>7.6</ele>
      </trkpt>
      <trkpt lat="43.284640" lon="3.377430">
        <ele>7.6</ele>
      </trkpt>
      <trkpt lat="43.284720" lon="3.378090">
        <ele>7.6</ele>
      </trkpt>
      <trkpt lat="43.284820" lon="3.378390">
        <ele>8</ele>
      </trkpt>
      <trkpt lat="43.284970" lon="3.378670">
        <ele>8.1</ele>
      </trkpt>
      <trkpt lat="43.285100" lon="3.379130">
        <ele>8.1</ele>
      </trkpt>
      <trkpt lat="43.285700" lon="3.379990">
        <ele>6.8</ele>
      </trkpt>
      <trkpt lat="43.285850" lon="3.380290">
        <ele>6.2</ele>
      </trkpt>
      <trkpt lat="43.286270" lon="3.382160">
        <ele>4.4</ele>
      </trkpt>
      <trkpt lat="43.286380" lon="3.383290">
        <ele>5.1</ele>
      </trkpt>
      <trkpt lat="43.286410" lon="3.383440">
        <ele>5.1</ele>
      </trkpt>
      <trkpt lat="43.286500" lon="3.383640">
        <ele>5.2</ele>
      </trkpt>
      <trkpt lat="43.286990" lon="3.384370">
        <ele>5.3</ele>
      </trkpt>
      <trkpt lat="43.287930" lon="3.385180">
        <ele>5.2</ele>
      </trkpt>
      <trkpt lat="43.288200" lon="3.385370">
        <ele>4.8</ele>
      </trkpt>
      <trkpt lat="43.288280" lon="3.385470">
        <ele>4.2</ele>
      </trkpt>
      <trkpt lat="43.288380" lon="3.385690">
        <ele>4.2</ele>
      </trkpt>
      <trkpt lat="43.289130" lon="3.386500">
        <ele>5.3</ele>
      </trkpt>
      <trkpt lat="43.289690" lon="3.386980">
        <ele>5.4</ele>
      </trkpt>
      <trkpt lat="43.289990" lon="3.387180">
        <ele>5.2</ele>
      </trkpt>
      <trkpt lat="43.290100" lon="3.387420">
        <ele>5.2</ele>
      </trkpt>
      <trkpt lat="43.290410" lon="3.388690">
        <ele>6</ele>
      </trkpt>
      <trkpt lat="43.290860" lon="3.389530">
        <ele>5.9</ele>
      </trkpt>
      <trkpt lat="43.290840" lon="3.389850">
        <ele>5.1</ele>
      </trkpt>
      <trkpt lat="43.290890" lon="3.390110">
        <ele>4.3</ele>
      </trkpt>
      <trkpt lat="43.291010" lon="3.390290">
        <ele>4.3</ele>
      </trkpt>
      <trkpt lat="43.291640" lon="3.390960">
        <ele>3.1</ele>
      </trkpt>
      <trkpt lat="43.291240" lon="3.391200">
        <ele>3.1</ele>
      </trkpt>
      <trkpt lat="43.291190" lon="3.391270">
        <ele>3.2</ele>
      </trkpt>
      <trkpt lat="43.291040" lon="3.392220">
        <ele>3.2</ele>
      </trkpt>
      <trkpt lat="43.290860" lon="3.393020">
        <ele>2.7</ele>
      </trkpt>
      <trkpt lat="43.290580" lon="3.393670">
        <ele>3</ele>
      </trkpt>
      <trkpt lat="43.290270" lon="3.394180">
        <ele>4.1</ele>
      </trkpt>
      <trkpt lat="43.290230" lon="3.394350">
        <ele>4.5</ele>
      </trkpt>
      <trkpt lat="43.290230" lon="3.394530">
        <ele>4.3</ele>
      </trkpt>
      <trkpt lat="43.290660" lon="3.395620">
        <ele>3.9</ele>
      </trkpt>
      <trkpt lat="43.290750" lon="3.395960">
        <ele>3.8</ele>
      </trkpt>
      <trkpt lat="43.290730" lon="3.397030">
        <ele>6.9</ele>
      </trkpt>
      <trkpt lat="43.290830" lon="3.397390">
        <ele>8.2</ele>
      </trkpt>
      <trkpt lat="43.290860" lon="3.397570">
        <ele>8.2</ele>
      </trkpt>
      <trkpt lat="43.290640" lon="3.398440">
        <ele>7.9</ele>
      </trkpt>
      <trkpt lat="43.291060" lon="3.398740">
        <ele>7.5</ele>
      </trkpt>
      <trkpt lat="43.291750" lon="3.399130">
        <ele>6.8</ele>
      </trkpt>
      <trkpt lat="43.292290" lon="3.399490">
        <ele>5.9</ele>
      </trkpt>
      <trkpt lat="43.292470" lon="3.399690">
        <ele>5.8</ele>
      </trkpt>
      <trkpt lat="43.292600" lon="3.399960">
        <ele>6.4</ele>
      </trkpt>
      <trkpt lat="43.292670" lon="3.400350">
        <ele>6.4</ele>
      </trkpt>
      <trkpt lat="43.292680" lon="3.400880">
        <ele>5.5</ele>
      </trkpt>
      <trkpt lat="43.292530" lon="3.403230">
        <ele>3.6</ele>
      </trkpt>
      <trkpt lat="43.292570" lon="3.404010">
        <ele>3.3</ele>
      </trkpt>
      <trkpt lat="43.292480" lon="3.404610">
        <ele>2.7</ele>
      </trkpt>
      <trkpt lat="43.292500" lon="3.404800">
        <ele>2.7</ele>
      </trkpt>
      <trkpt lat="43.292610" lon="3.404930">
        <ele>2.5</ele>
      </trkpt>
      <trkpt lat="43.292730" lon="3.404980">
        <ele>2.5</ele>
      </trkpt>
      <trkpt lat="43.292890" lon="3.404970">
        <ele>2.8</ele>
      </trkpt>
      <trkpt lat="43.292900" lon="3.405070">
        <ele>2.8</ele>
      </trkpt>
      <trkpt lat="43.293170" lon="3.405030">
        <ele>3</ele>
      </trkpt>
      <trkpt lat="43.293240" lon="3.405070">
        <ele>3.1</ele>
      </trkpt>
      <trkpt lat="43.293460" lon="3.407030">
        <ele>4.9</ele>
      </trkpt>
      <trkpt lat="43.293780" lon="3.407340">
        <ele>5.3</ele>
      </trkpt>
      <trkpt lat="43.294220" lon="3.407650">
        <ele>5.1</ele>
      </trkpt>
      <trkpt lat="43.294260" lon="3.407730">
        <ele>5.1</ele>
      </trkpt>
      <trkpt lat="43.293330" lon="3.410950">
        <ele>2.8</ele>
      </trkpt>
      <trkpt lat="43.293120" lon="3.411450">
        <ele>2.6</ele>
      </trkpt>
      <trkpt lat="43.293110" lon="3.411510">
        <ele>2.6</ele>
      </trkpt>
      <trkpt lat="43.293140" lon="3.411600">
        <ele>2.7</ele>
      </trkpt>
      <trkpt lat="43.293380" lon="3.411670">
        <ele>2.3</ele>
      </trkpt>
      <trkpt lat="43.293510" lon="3.411780">
        <ele>2.3</ele>
      </trkpt>
      <trkpt lat="43.294090" lon="3.411900">
        <ele>2.4</ele>
      </trkpt>
      <trkpt lat="43.294150" lon="3.411960">
        <ele>2.4</ele>
      </trkpt>
      <trkpt lat="43.294190" lon="3.412110">
        <ele>2.4</ele>
      </trkpt>
      <trkpt lat="43.294120" lon="3.412930">
        <ele>4.4</ele>
      </trkpt>
      <trkpt lat="43.294100" lon="3.413770">
        <ele>5</ele>
      </trkpt>
      <trkpt lat="43.293790" lon="3.415080">
        <ele>3.9</ele>
      </trkpt>
      <trkpt lat="43.293750" lon="3.415330">
        <ele>4.5</ele>
      </trkpt>
      <trkpt lat="43.293790" lon="3.415510">
        <ele>4</ele>
      </trkpt>
      <trkpt lat="43.294250" lon="3.416250">
        <ele>4.9</ele>
      </trkpt>
      <trkpt lat="43.294330" lon="3.416470">
        <ele>5</ele>
      </trkpt>
      <trkpt lat="43.294340" lon="3.416960">
        <ele>5.1</ele>
      </trkpt>
      <trkpt lat="43.294280" lon="3.417170">
        <ele>5.2</ele>
      </trkpt>
      <trkpt lat="43.294360" lon="3.417280">
        <ele>5.2</ele>
      </trkpt>
      <trkpt lat="43.294330" lon="3.417460">
        <ele>5.3</ele>
      </trkpt>
      <trkpt lat="43.294550" lon="3.417460">
        <ele>5.2</ele>
      </trkpt>
      <trkpt lat="43.295560" lon="3.417750">
        <ele>5.2</ele>
      </trkpt>
      <trkpt lat="43.295980" lon="3.417790">
        <ele>4</ele>
      </trkpt>
      <trkpt lat="43.297180" lon="3.417800">
        <ele>3.1</ele>
      </trkpt>
      <trkpt lat="43.297590" lon="3.417760">
        <ele>3.1</ele>
      </trkpt>
      <trkpt lat="43.299600" lon="3.417740">
        <ele>2.2</ele>
      </trkpt>
      <trkpt lat="43.299640" lon="3.417840">
        <ele>2.4</ele>
      </trkpt>
      <trkpt lat="43.299680" lon="3.417880">
        <ele>2</ele>
      </trkpt>
      <trkpt lat="43.300170" lon="3.417920">
        <ele>1.5</ele>
      </trkpt>
      <trkpt lat="43.300720" lon="3.418030">
        <ele>1.2</ele>
      </trkpt>
      <trkpt lat="43.301050" lon="3.418150">
        <ele>2.2</ele>
      </trkpt>
      <trkpt lat="43.301210" lon="3.418560">
        <ele>2.2</ele>
      </trkpt>
      <trkpt lat="43.301310" lon="3.418690">
        <ele>2.5</ele>
      </trkpt>
      <trkpt lat="43.301510" lon="3.418820">
        <ele>2.9</ele>
      </trkpt>
      <trkpt lat="43.301810" lon="3.418850">
        <ele>3.4</ele>
      </trkpt>
      <trkpt lat="43.301970" lon="3.419070">
        <ele>3.3</ele>
      </trkpt>
      <trkpt lat="43.302040" lon="3.419090">
        <ele>3.6</ele>
      </trkpt>
      <trkpt lat="43.302010" lon="3.419300">
        <ele>3.7</ele>
      </trkpt>
      <trkpt lat="43.302080" lon="3.419420">
        <ele>3.7</ele>
      </trkpt>
      <trkpt lat="43.302220" lon="3.420030">
        <ele>4.2</ele>
      </trkpt>
      <trkpt lat="43.302850" lon="3.429210">
        <ele>3.7</ele>
      </trkpt>
      <trkpt lat="43.302840" lon="3.429290">
        <ele>3.7</ele>
      </trkpt>
      <trkpt lat="43.302660" lon="3.429490">
        <ele>2.2</ele>
      </trkpt>
      <trkpt lat="43.302720" lon="3.430440">
        <ele>3.9</ele>
      </trkpt>
      <trkpt lat="43.302750" lon="3.430610">
        <ele>4.9</ele>
      </trkpt>
      <trkpt lat="43.302800" lon="3.430670">
        <ele>5.5</ele>
      </trkpt>
      <trkpt lat="43.302280" lon="3.430910">
        <ele>3.7</ele>
      </trkpt>
      <trkpt lat="43.302170" lon="3.431010">
        <ele>3.1</ele>
      </trkpt>
      <trkpt lat="43.302080" lon="3.431220">
        <ele>3.1</ele>
      </trkpt>
      <trkpt lat="43.301560" lon="3.432160">
        <ele>2.2</ele>
      </trkpt>
      <trkpt lat="43.301260" lon="3.432840">
        <ele>2.2</ele>
      </trkpt>
      <trkpt lat="43.300940" lon="3.433420">
        <ele>0.9</ele>
      </trkpt>
      <trkpt lat="43.300340" lon="3.434300">
        <ele>2.2</ele>
      </trkpt>
      <trkpt lat="43.299740" lon="3.435360">
        <ele>1.9</ele>
      </trkpt>
      <trkpt lat="43.297940" lon="3.438070">
        <ele>1.1</ele>
      </trkpt>
      <trkpt lat="43.297740" lon="3.438330">
        <ele>1.4</ele>
      </trkpt>
      <trkpt lat="43.298030" lon="3.439010">
        <ele>1.2</ele>
      </trkpt>
      <trkpt lat="43.298020" lon="3.439400">
        <ele>1.3</ele>
      </trkpt>
      <trkpt lat="43.298370" lon="3.440660">
        <ele>1.5</ele>
      </trkpt>
      <trkpt lat="43.298600" lon="3.441970">
        <ele>1.4</ele>
      </trkpt>
      <trkpt lat="43.298750" lon="3.442490">
        <ele>2.9</ele>
      </trkpt>
      <trkpt lat="43.298820" lon="3.442530">
        <ele>2.9</ele>
      </trkpt>
      <trkpt lat="43.298760" lon="3.442520">
        <ele>2.9</ele>
      </trkpt>
      <trkpt lat="43.298670" lon="3.442780">
        <ele>3.3</ele>
      </trkpt>
      <trkpt lat="43.298590" lon="3.443490">
        <ele>2.8</ele>
      </trkpt>
      <trkpt lat="43.298570" lon="3.443580">
        <ele>2.8</ele>
      </trkpt>
      <trkpt lat="43.298520" lon="3.443650">
        <ele>2.8</ele>
      </trkpt>
      <trkpt lat="43.297980" lon="3.443530">
        <ele>2.8</ele>
      </trkpt>
      <trkpt lat="43.297240" lon="3.443220">
        <ele>2.5</ele>
      </trkpt>
      <trkpt lat="43.297280" lon="3.444700">
        <ele>1.4</ele>
      </trkpt>
      <trkpt lat="43.297380" lon="3.445400">
        <ele>1.2</ele>
      </trkpt>
      <trkpt lat="43.297590" lon="3.446090">
        <ele>2</ele>
      </trkpt>
      <trkpt lat="43.297650" lon="3.446190">
        <ele>2.3</ele>
      </trkpt>
      <trkpt lat="43.297870" lon="3.446360">
        <ele>2</ele>
      </trkpt>
      <trkpt lat="43.297870" lon="3.447870">
        <ele>2.7</ele>
      </trkpt>
      <trkpt lat="43.297980" lon="3.448880">
        <ele>4.3</ele>
      </trkpt>
      <trkpt lat="43.297770" lon="3.449520">
        <ele>3.4</ele>
      </trkpt>
      <trkpt lat="43.297830" lon="3.449880">
        <ele>2.4</ele>
      </trkpt>
      <trkpt lat="43.297850" lon="3.450460">
        <ele>1.6</ele>
      </trkpt>
      <trkpt lat="43.297940" lon="3.451140">
        <ele>1.2</ele>
      </trkpt>
      <trkpt lat="43.297880" lon="3.451440">
        <ele>0.8</ele>
      </trkpt>
      <trkpt lat="43.297720" lon="3.451780">
        <ele>0.7</ele>
      </trkpt>
      <trkpt lat="43.297880" lon="3.451970">
        <ele>0.7</ele>
      </trkpt>
      <trkpt lat="43.298080" lon="3.452530">
        <ele>0.8</ele>
      </trkpt>
      <trkpt lat="43.298250" lon="3.452910">
        <ele>0.8</ele>
      </trkpt>
      <trkpt lat="43.298730" lon="3.454330">
        <ele>2.2</ele>
      </trkpt>
      <trkpt lat="43.299360" lon="3.456350">
        <ele>1.7</ele>
      </trkpt>
      <trkpt lat="43.299460" lon="3.456760">
        <ele>2.5</ele>
      </trkpt>
      <trkpt lat="43.299690" lon="3.458110">
        <ele>1</ele>
      </trkpt>
      <trkpt lat="43.299850" lon="3.460010">
        <ele>1.8</ele>
      </trkpt>
      <trkpt lat="43.299950" lon="3.460530">
        <ele>1.3</ele>
      </trkpt>
      <trkpt lat="43.300110" lon="3.461100">
        <ele>1.3</ele>
      </trkpt>
      <trkpt lat="43.300250" lon="3.461450">
        <ele>1.5</ele>
      </trkpt>
      <trkpt lat="43.300520" lon="3.461860">
        <ele>2.3</ele>
      </trkpt>
      <trkpt lat="43.301020" lon="3.462340">
        <ele>2.9</ele>
      </trkpt>
      <trkpt lat="43.302070" lon="3.462980">
        <ele>2.1</ele>
      </trkpt>
      <trkpt lat="43.303290" lon="3.463490">
        <ele>2.6</ele>
      </trkpt>
      <trkpt lat="43.304650" lon="3.463850">
        <ele>1.4</ele>
      </trkpt>
      <trkpt lat="43.305520" lon="3.463950">
        <ele>1.5</ele>
      </trkpt>
      <trkpt lat="43.306300" lon="3.463950">
        <ele>1.5</ele>
      </trkpt>
      <trkpt lat="43.308840" lon="3.463820">
        <ele>1.8</ele>
      </trkpt>
      <trkpt lat="43.309100" lon="3.463630">
        <ele>1.8</ele>
      </trkpt>
      <trkpt lat="43.309480" lon="3.463830">
        <ele>2.3</ele>
      </trkpt>
      <trkpt lat="43.310570" lon="3.464150">
        <ele>1.8</ele>
      </trkpt>
      <trkpt lat="43.311700" lon="3.464860">
        <ele>4</ele>
      </trkpt>
      <trkpt lat="43.312210" lon="3.465260">
        <ele>4.8</ele>
      </trkpt>
      <trkpt lat="43.313820" lon="3.466850">
        <ele>7.1</ele>
      </trkpt>
      <trkpt lat="43.315030" lon="3.468230">
        <ele>7.5</ele>
      </trkpt>
      <trkpt lat="43.315120" lon="3.468370">
        <ele>7.5</ele>
      </trkpt>
      <trkpt lat="43.315180" lon="3.468590">
        <ele>6.1</ele>
      </trkpt>
      <trkpt lat="43.315180" lon="3.468660">
        <ele>6.1</ele>
      </trkpt>
      <trkpt lat="43.314780" lon="3.469780">
        <ele>2</ele>
      </trkpt>
      <trkpt lat="43.314790" lon="3.469950">
        <ele>2</ele>
      </trkpt>
      <trkpt lat="43.315150" lon="3.470550">
        <ele>2</ele>
      </trkpt>
      <trkpt lat="43.315200" lon="3.470690">
        <ele>2.1</ele>
      </trkpt>
      <trkpt lat="43.315190" lon="3.470910">
        <ele>2.3</ele>
      </trkpt>
      <trkpt lat="43.315100" lon="3.471060">
        <ele>4.5</ele>
      </trkpt>
      <trkpt lat="43.315120" lon="3.471340">
        <ele>5</ele>
      </trkpt>
      <trkpt lat="43.315050" lon="3.471470">
        <ele>6.3</ele>
      </trkpt>
      <trkpt lat="43.314990" lon="3.471520">
        <ele>6.3</ele>
      </trkpt>
      <trkpt lat="43.314730" lon="3.471520">
        <ele>11.7</ele>
      </trkpt>
      <trkpt lat="43.314640" lon="3.471560">
        <ele>11.7</ele>
      </trkpt>
      <trkpt lat="43.314590" lon="3.471460">
        <ele>11.7</ele>
      </trkpt>
      <trkpt lat="43.314240" lon="3.471710">
        <ele>13.2</ele>
      </trkpt>
      <trkpt lat="43.313720" lon="3.471840">
        <ele>14.2</ele>
      </trkpt>
      <trkpt lat="43.313480" lon="3.471840">
        <ele>14.4</ele>
      </trkpt>
      <trkpt lat="43.312480" lon="3.470600">
        <ele>18.9</ele>
      </trkpt>
      <trkpt lat="43.312150" lon="3.470640">
        <ele>17.6</ele>
      </trkpt>
      <trkpt lat="43.312150" lon="3.470680">
        <ele>17.6</ele>
      </trkpt>
      <trkpt lat="43.311840" lon="3.470690">
        <ele>16.9</ele>
      </trkpt>
      <trkpt lat="43.311850" lon="3.470590">
        <ele>17.2</ele>
      </trkpt>
      <trkpt lat="43.310950" lon="3.470530">
        <ele>14.3</ele>
      </trkpt>
      <trkpt lat="43.311290" lon="3.466050">
        <ele>2.2</ele>
      </trkpt>
      <trkpt lat="43.309940" lon="3.465570">
        <ele>3</ele>
      </trkpt>
      <trkpt lat="43.309550" lon="3.465470">
        <ele>1.7</ele>
      </trkpt>
      <trkpt lat="43.309040" lon="3.465390">
        <ele>1.8</ele>
      </trkpt>
      <trkpt lat="43.307280" lon="3.465420">
        <ele>2.5</ele>
      </trkpt>
      <trkpt lat="43.307060" lon="3.465480">
        <ele>2.3</ele>
      </trkpt>
      <trkpt lat="43.306970" lon="3.465450">
        <ele>2.3</ele>
      </trkpt>
      <trkpt lat="43.306900" lon="3.465540">
        <ele>2.9</ele>
      </trkpt>
      <trkpt lat="43.306900" lon="3.465910">
        <ele>3.4</ele>
      </trkpt>
      <trkpt lat="43.306830" lon="3.466650">
        <ele>4.1</ele>
      </trkpt>
      <trkpt lat="43.306520" lon="3.468190">
        <ele>5</ele>
      </trkpt>
      <trkpt lat="43.306480" lon="3.469140">
        <ele>7</ele>
      </trkpt>
      <trkpt lat="43.306680" lon="3.471140">
        <ele>12.5</ele>
      </trkpt>
      <trkpt lat="43.306880" lon="3.472250">
        <ele>16.5</ele>
      </trkpt>
      <trkpt lat="43.307160" lon="3.473340">
        <ele>18</ele>
      </trkpt>
      <trkpt lat="43.307250" lon="3.473590">
        <ele>18.1</ele>
      </trkpt>
      <trkpt lat="43.307270" lon="3.473890">
        <ele>18.2</ele>
      </trkpt>
      <trkpt lat="43.307540" lon="3.474510">
        <ele>18.4</ele>
      </trkpt>
      <trkpt lat="43.307540" lon="3.474610">
        <ele>18.4</ele>
      </trkpt>
      <trkpt lat="43.307590" lon="3.474760">
        <ele>18.4</ele>
      </trkpt>
      <trkpt lat="43.307730" lon="3.474780">
        <ele>18.4</ele>
      </trkpt>
      <trkpt lat="43.307800" lon="3.474990">
        <ele>18.4</ele>
      </trkpt>
      <trkpt lat="43.307780" lon="3.475110">
        <ele>18.4</ele>
      </trkpt>
      <trkpt lat="43.307870" lon="3.475140">
        <ele>18.4</ele>
      </trkpt>
      <trkpt lat="43.308190" lon="3.475850">
        <ele>17.7</ele>
      </trkpt>
      <trkpt lat="43.308700" lon="3.476680">
        <ele>17.1</ele>
      </trkpt>
      <trkpt lat="43.308760" lon="3.476880">
        <ele>17.3</ele>
      </trkpt>
      <trkpt lat="43.308830" lon="3.476880">
        <ele>17.3</ele>
      </trkpt>
      <trkpt lat="43.309020" lon="3.477040">
        <ele>17.4</ele>
      </trkpt>
      <trkpt lat="43.309290" lon="3.477350">
        <ele>17.5</ele>
      </trkpt>
      <trkpt lat="43.309530" lon="3.477530">
        <ele>17.4</ele>
      </trkpt>
      <trkpt lat="43.310170" lon="3.477860">
        <ele>16.6</ele>
      </trkpt>
      <trkpt lat="43.310930" lon="3.478150">
        <ele>16.4</ele>
      </trkpt>
      <trkpt lat="43.311010" lon="3.478240">
        <ele>16.3</ele>
      </trkpt>
      <trkpt lat="43.311070" lon="3.478380">
        <ele>16.4</ele>
      </trkpt>
      <trkpt lat="43.311160" lon="3.478390">
        <ele>16.4</ele>
      </trkpt>
      <trkpt lat="43.311150" lon="3.478620">
        <ele>16.3</ele>
      </trkpt>
      <trkpt lat="43.311180" lon="3.478790">
        <ele>16.2</ele>
      </trkpt>
      <trkpt lat="43.310790" lon="3.481810">
        <ele>15.9</ele>
      </trkpt>
      <trkpt lat="43.310740" lon="3.482190">
        <ele>16.1</ele>
      </trkpt>
      <trkpt lat="43.310690" lon="3.482270">
        <ele>16.4</ele>
      </trkpt>
      <trkpt lat="43.310520" lon="3.483620">
        <ele>15.7</ele>
      </trkpt>
      <trkpt lat="43.310550" lon="3.483660">
        <ele>15.7</ele>
      </trkpt>
      <trkpt lat="43.310520" lon="3.483870">
        <ele>15.5</ele>
      </trkpt>
      <trkpt lat="43.310070" lon="3.485490">
        <ele>16.2</ele>
      </trkpt>
      <trkpt lat="43.309960" lon="3.486040">
        <ele>15.4</ele>
      </trkpt>
      <trkpt lat="43.309160" lon="3.488650">
        <ele>12</ele>
      </trkpt>
      <trkpt lat="43.309130" lon="3.488790">
        <ele>11.6</ele>
      </trkpt>
      <trkpt lat="43.309180" lon="3.488870">
        <ele>11.6</ele>
      </trkpt>
      <trkpt lat="43.309170" lon="3.488960">
        <ele>11.2</ele>
      </trkpt>
      <trkpt lat="43.309000" lon="3.489130">
        <ele>11.3</ele>
      </trkpt>
      <trkpt lat="43.308740" lon="3.489780">
        <ele>11.2</ele>
      </trkpt>
      <trkpt lat="43.308470" lon="3.491000">
        <ele>8.9</ele>
      </trkpt>
      <trkpt lat="43.308380" lon="3.491490">
        <ele>8</ele>
      </trkpt>
      <trkpt lat="43.308220" lon="3.491850">
        <ele>7.7</ele>
      </trkpt>
      <trkpt lat="43.308260" lon="3.492000">
        <ele>7.7</ele>
      </trkpt>
      <trkpt lat="43.308250" lon="3.492190">
        <ele>7.8</ele>
      </trkpt>
      <trkpt lat="43.308080" lon="3.492580">
        <ele>7.8</ele>
      </trkpt>
      <trkpt lat="43.308060" lon="3.493150">
        <ele>8.1</ele>
      </trkpt>
      <trkpt lat="43.307850" lon="3.494460">
        <ele>8.3</ele>
      </trkpt>
      <trkpt lat="43.307800" lon="3.494960">
        <ele>8.7</ele>
      </trkpt>
      <trkpt lat="43.307810" lon="3.495160">
        <ele>9</ele>
      </trkpt>
      <trkpt lat="43.307920" lon="3.495530">
        <ele>8.8</ele>
      </trkpt>
      <trkpt lat="43.307880" lon="3.495700">
        <ele>9.7</ele>
      </trkpt>
      <trkpt lat="43.307790" lon="3.495840">
        <ele>9.7</ele>
      </trkpt>
      <trkpt lat="43.307750" lon="3.496060">
        <ele>10</ele>
      </trkpt>
      <trkpt lat="43.307620" lon="3.501290">
        <ele>19.2</ele>
      </trkpt>
      <trkpt lat="43.307570" lon="3.501520">
        <ele>19</ele>
      </trkpt>
      <trkpt lat="43.307460" lon="3.501550">
        <ele>19.1</ele>
      </trkpt>
      <trkpt lat="43.307410" lon="3.501650">
        <ele>18.8</ele>
      </trkpt>
      <trkpt lat="43.307490" lon="3.501900">
        <ele>18.4</ele>
      </trkpt>
      <trkpt lat="43.307510" lon="3.502050">
        <ele>18.2</ele>
      </trkpt>
      <trkpt lat="43.307370" lon="3.502870">
        <ele>17.1</ele>
      </trkpt>
      <trkpt lat="43.307390" lon="3.503840">
        <ele>15.6</ele>
      </trkpt>
      <trkpt lat="43.307260" lon="3.506240">
        <ele>9.7</ele>
      </trkpt>
      <trkpt lat="43.307220" lon="3.506530">
        <ele>9</ele>
      </trkpt>
      <trkpt lat="43.307110" lon="3.506860">
        <ele>8.4</ele>
      </trkpt>
      <trkpt lat="43.306980" lon="3.507090">
        <ele>9</ele>
      </trkpt>
      <trkpt lat="43.306740" lon="3.507350">
        <ele>9.7</ele>
      </trkpt>
      <trkpt lat="43.306510" lon="3.507480">
        <ele>11.2</ele>
      </trkpt>
      <trkpt lat="43.306060" lon="3.507560">
        <ele>10.7</ele>
      </trkpt>
      <trkpt lat="43.304570" lon="3.507480">
        <ele>12.5</ele>
      </trkpt>
      <trkpt lat="43.304570" lon="3.508170">
        <ele>11</ele>
      </trkpt>
      <trkpt lat="43.306130" lon="3.508240">
        <ele>9.6</ele>
      </trkpt>
      <trkpt lat="43.306620" lon="3.508430">
        <ele>7.9</ele>
      </trkpt>
      <trkpt lat="43.306880" lon="3.508570">
        <ele>7.3</ele>
      </trkpt>
      <trkpt lat="43.307120" lon="3.508790">
        <ele>5.5</ele>
      </trkpt>
      <trkpt lat="43.307380" lon="3.509210">
        <ele>4</ele>
      </trkpt>
      <trkpt lat="43.307570" lon="3.509650">
        <ele>3.6</ele>
      </trkpt>
      <trkpt lat="43.307920" lon="3.510620">
        <ele>2.9</ele>
      </trkpt>
      <trkpt lat="43.308240" lon="3.511740">
        <ele>1.1</ele>
      </trkpt>
      <trkpt lat="43.308760" lon="3.513340">
        <ele>1.9</ele>
      </trkpt>
      <trkpt lat="43.308900" lon="3.513570">
        <ele>1.9</ele>
      </trkpt>
      <trkpt lat="43.309050" lon="3.513950">
        <ele>2.4</ele>
      </trkpt>
      <trkpt lat="43.310170" lon="3.517620">
        <ele>2.5</ele>
      </trkpt>
      <trkpt lat="43.310930" lon="3.519840">
        <ele>0.7</ele>
      </trkpt>
      <trkpt lat="43.315060" lon="3.533060">
        <ele>2.1</ele>
      </trkpt>
      <trkpt lat="43.315520" lon="3.534660">
        <ele>2.4</ele>
      </trkpt>
      <trkpt lat="43.315530" lon="3.534840">
        <ele>2.4</ele>
      </trkpt>
      <trkpt lat="43.315470" lon="3.535330">
        <ele>2.1</ele>
      </trkpt>
      <trkpt lat="43.315500" lon="3.535410">
        <ele>2.1</ele>
      </trkpt>
      <trkpt lat="43.315580" lon="3.535340">
        <ele>2.2</ele>
      </trkpt>
      <trkpt lat="43.315670" lon="3.535350">
        <ele>2.2</ele>
      </trkpt>
      <trkpt lat="43.315850" lon="3.535690">
        <ele>2.1</ele>
      </trkpt>
      <trkpt lat="43.318620" lon="3.544730">
        <ele>1.9</ele>
      </trkpt>
      <trkpt lat="43.318920" lon="3.545860">
        <ele>2.3</ele>
      </trkpt>
      <trkpt lat="43.318820" lon="3.546260">
        <ele>2.5</ele>
      </trkpt>
      <trkpt lat="43.318940" lon="3.546490">
        <ele>2.4</ele>
      </trkpt>
      <trkpt lat="43.319030" lon="3.546480">
        <ele>2.4</ele>
      </trkpt>
      <trkpt lat="43.319170" lon="3.546580">
        <ele>2.3</ele>
      </trkpt>
      <trkpt lat="43.319450" lon="3.547420">
        <ele>2.9</ele>
      </trkpt>
      <trkpt lat="43.319540" lon="3.547780">
        <ele>3.2</ele>
      </trkpt>
      <trkpt lat="43.319710" lon="3.548220">
        <ele>2.9</ele>
      </trkpt>
      <trkpt lat="43.321340" lon="3.553440">
        <ele>1.2</ele>
      </trkpt>
      <trkpt lat="43.321650" lon="3.554240">
        <ele>0.9</ele>
      </trkpt>
      <trkpt lat="43.322070" lon="3.555060">
        <ele>2.2</ele>
      </trkpt>
      <trkpt lat="43.324180" lon="3.558900">
        <ele>1.9</ele>
      </trkpt>
      <trkpt lat="43.324270" lon="3.559140">
        <ele>2.4</ele>
      </trkpt>
      <trkpt lat="43.324330" lon="3.559200">
        <ele>2.4</ele>
      </trkpt>
      <trkpt lat="43.324660" lon="3.559840">
        <ele>2.7</ele>
      </trkpt>
      <trkpt lat="43.324710" lon="3.559940">
        <ele>2.7</ele>
      </trkpt>
      <trkpt lat="43.324720" lon="3.560120">
        <ele>3</ele>
      </trkpt>
      <trkpt lat="43.324810" lon="3.560280">
        <ele>2.6</ele>
      </trkpt>
      <trkpt lat="43.324950" lon="3.560320">
        <ele>2.4</ele>
      </trkpt>
      <trkpt lat="43.325140" lon="3.560630">
        <ele>2.5</ele>
      </trkpt>
      <trkpt lat="43.325970" lon="3.562180">
        <ele>0.7</ele>
      </trkpt>
      <trkpt lat="43.326020" lon="3.562320">
        <ele>1.1</ele>
      </trkpt>
      <trkpt lat="43.326030" lon="3.562530">
        <ele>1.4</ele>
      </trkpt>
      <trkpt lat="43.326130" lon="3.562580">
        <ele>1</ele>
      </trkpt>
      <trkpt lat="43.327360" lon="3.565740">
        <ele>3.1</ele>
      </trkpt>
      <trkpt lat="43.327550" lon="3.566160">
        <ele>2.7</ele>
      </trkpt>
      <trkpt lat="43.328300" lon="3.567560">
        <ele>2.9</ele>
      </trkpt>
      <trkpt lat="43.328710" lon="3.568110">
        <ele>2.8</ele>
      </trkpt>
      <trkpt lat="43.329670" lon="3.569280">
        <ele>0.8</ele>
      </trkpt>
      <trkpt lat="43.331430" lon="3.571290">
        <ele>2.9</ele>
      </trkpt>
      <trkpt lat="43.334140" lon="3.574500">
        <ele>2.3</ele>
      </trkpt>
      <trkpt lat="43.334690" lon="3.575010">
        <ele>3.2</ele>
      </trkpt>
      <trkpt lat="43.334860" lon="3.575090">
        <ele>2.9</ele>
      </trkpt>
      <trkpt lat="43.334930" lon="3.575050">
        <ele>2.9</ele>
      </trkpt>
      <trkpt lat="43.335250" lon="3.574540">
        <ele>1.6</ele>
      </trkpt>
      <trkpt lat="43.335380" lon="3.574620">
        <ele>1.5</ele>
      </trkpt>
      <trkpt lat="43.337420" lon="3.577330">
        <ele>2.4</ele>
      </trkpt>
      <trkpt lat="43.337420" lon="3.577390">
        <ele>2</ele>
      </trkpt>
      <trkpt lat="43.337310" lon="3.577570">
        <ele>2</ele>
      </trkpt>
      <trkpt lat="43.337270" lon="3.577770">
        <ele>1.9</ele>
      </trkpt>
      <trkpt lat="43.337050" lon="3.578090">
        <ele>2.2</ele>
      </trkpt>
      <trkpt lat="43.337120" lon="3.578210">
        <ele>1.8</ele>
      </trkpt>
      <trkpt lat="43.343360" lon="3.585780">
        <ele>2.2</ele>
      </trkpt>
      <trkpt lat="43.347090" lon="3.590450">
        <ele>2</ele>
      </trkpt>
      <trkpt lat="43.347320" lon="3.590640">
        <ele>2</ele>
      </trkpt>
      <trkpt lat="43.347420" lon="3.590660">
        <ele>2</ele>
      </trkpt>
      <trkpt lat="43.347550" lon="3.590580">
        <ele>1.9</ele>
      </trkpt>
      <trkpt lat="43.347740" lon="3.590340">
        <ele>1.5</ele>
      </trkpt>
      <trkpt lat="43.347830" lon="3.590300">
        <ele>1.5</ele>
      </trkpt>
      <trkpt lat="43.347930" lon="3.590360">
        <ele>1.2</ele>
      </trkpt>
      <trkpt lat="43.348140" lon="3.590580">
        <ele>1.2</ele>
      </trkpt>
      <trkpt lat="43.348330" lon="3.590650">
        <ele>1.1</ele>
      </trkpt>
      <trkpt lat="43.348420" lon="3.590720">
        <ele>1.1</ele>
      </trkpt>
      <trkpt lat="43.349460" lon="3.592360">
        <ele>2.3</ele>
      </trkpt>
      <trkpt lat="43.349820" lon="3.592660">
        <ele>2.2</ele>
      </trkpt>
      <trkpt lat="43.350280" lon="3.593360">
        <ele>1.1</ele>
      </trkpt>
      <trkpt lat="43.350550" lon="3.593550">
        <ele>1.3</ele>
      </trkpt>
      <trkpt lat="43.351080" lon="3.594380">
        <ele>1.8</ele>
      </trkpt>
      <trkpt lat="43.351420" lon="3.594650">
        <ele>1.3</ele>
      </trkpt>
      <trkpt lat="43.351980" lon="3.595660">
        <ele>0.6</ele>
      </trkpt>
      <trkpt lat="43.353180" lon="3.597540">
        <ele>2.5</ele>
      </trkpt>
      <trkpt lat="43.353560" lon="3.597820">
        <ele>2.5</ele>
      </trkpt>
      <trkpt lat="43.354070" lon="3.598590">
        <ele>1.6</ele>
      </trkpt>
      <trkpt lat="43.354160" lon="3.598600">
        <ele>1.5</ele>
      </trkpt>
      <trkpt lat="43.354150" lon="3.598730">
        <ele>1.5</ele>
      </trkpt>
      <trkpt lat="43.354810" lon="3.599790">
        <ele>1.3</ele>
      </trkpt>
      <trkpt lat="43.354900" lon="3.599840">
        <ele>1.3</ele>
      </trkpt>
      <trkpt lat="43.355130" lon="3.599890">
        <ele>1</ele>
      </trkpt>
      <trkpt lat="43.355250" lon="3.599990">
        <ele>1.3</ele>
      </trkpt>
      <trkpt lat="43.356070" lon="3.601250">
        <ele>1.8</ele>
      </trkpt>
      <trkpt lat="43.356270" lon="3.601380">
        <ele>2.3</ele>
      </trkpt>
      <trkpt lat="43.356350" lon="3.601490">
        <ele>2.5</ele>
      </trkpt>
      <trkpt lat="43.357770" lon="3.603710">
        <ele>1.4</ele>
      </trkpt>
      <trkpt lat="43.357870" lon="3.603760">
        <ele>1</ele>
      </trkpt>
      <trkpt lat="43.358100" lon="3.603760">
        <ele>1</ele>
      </trkpt>
      <trkpt lat="43.358190" lon="3.603830">
        <ele>1</ele>
      </trkpt>
      <trkpt lat="43.360230" lon="3.607140">
        <ele>0.5</ele>
      </trkpt>
      <trkpt lat="43.360310" lon="3.607220">
        <ele>0.5</ele>
      </trkpt>
      <trkpt lat="43.360420" lon="3.607220">
        <ele>0.5</ele>
      </trkpt>
      <trkpt lat="43.360600" lon="3.607070">
        <ele>0.8</ele>
      </trkpt>
      <trkpt lat="43.360700" lon="3.607030">
        <ele>1.2</ele>
      </trkpt>
      <trkpt lat="43.360810" lon="3.607060">
        <ele>1.2</ele>
      </trkpt>
      <trkpt lat="43.360900" lon="3.607140">
        <ele>1.6</ele>
      </trkpt>
      <trkpt lat="43.364220" lon="3.612500">
        <ele>2.4</ele>
      </trkpt>
      <trkpt lat="43.364810" lon="3.613470">
        <ele>1.4</ele>
      </trkpt>
      <trkpt lat="43.365350" lon="3.614450">
        <ele>0.7</ele>
      </trkpt>
      <trkpt lat="43.365660" lon="3.614900">
        <ele>1.1</ele>
      </trkpt>
      <trkpt lat="43.366300" lon="3.615960">
        <ele>1.6</ele>
      </trkpt>
      <trkpt lat="43.366520" lon="3.616190">
        <ele>1.8</ele>
      </trkpt>
      <trkpt lat="43.367210" lon="3.617200">
        <ele>1.7</ele>
      </trkpt>
      <trkpt lat="43.368580" lon="3.618930">
        <ele>1.4</ele>
      </trkpt>
      <trkpt lat="43.369300" lon="3.620030">
        <ele>1.2</ele>
      </trkpt>
      <trkpt lat="43.370730" lon="3.622010">
        <ele>3</ele>
      </trkpt>
      <trkpt lat="43.373470" lon="3.625960">
        <ele>1.8</ele>
      </trkpt>
      <trkpt lat="43.374610" lon="3.627680">
        <ele>1.7</ele>
      </trkpt>
      <trkpt lat="43.375360" lon="3.628650">
        <ele>1.9</ele>
      </trkpt>
      <trkpt lat="43.375930" lon="3.629540">
        <ele>1.1</ele>
      </trkpt>
      <trkpt lat="43.386850" lon="3.646900">
        <ele>2.1</ele>
      </trkpt>
      <trkpt lat="43.387450" lon="3.647750">
        <ele>2.6</ele>
      </trkpt>
      <trkpt lat="43.387910" lon="3.648340">
        <ele>1.4</ele>
      </trkpt>
      <trkpt lat="43.390000" lon="3.652210">
        <ele>-0.1</ele>
      </trkpt>
      <trkpt lat="43.390930" lon="3.654460">
        <ele>0.3</ele>
      </trkpt>
      <trkpt lat="43.393260" lon="3.660500">
        <ele>0.9</ele>
      </trkpt>
      <trkpt lat="43.393290" lon="3.661530">
        <ele>2.1</ele>
      </trkpt>
      <trkpt lat="43.393080" lon="3.661750">
        <ele>2</ele>
      </trkpt>
      <trkpt lat="43.393060" lon="3.661960">
        <ele>2</ele>
      </trkpt>
      <trkpt lat="43.393250" lon="3.662470">
        <ele>1.7</ele>
      </trkpt>
      <trkpt lat="43.393350" lon="3.662860">
        <ele>0.1</ele>
      </trkpt>
      <trkpt lat="43.393640" lon="3.663700">
        <ele>1.3</ele>
      </trkpt>
      <trkpt lat="43.393570" lon="3.664030">
        <ele>1.9</ele>
      </trkpt>
      <trkpt lat="43.393650" lon="3.664800">
        <ele>2.5</ele>
      </trkpt>
      <trkpt lat="43.393740" lon="3.665460">
        <ele>3.7</ele>
      </trkpt>
      <trkpt lat="43.393870" lon="3.665790">
        <ele>4.3</ele>
      </trkpt>
      <trkpt lat="43.394040" lon="3.667040">
        <ele>3</ele>
      </trkpt>
      <trkpt lat="43.394270" lon="3.669460">
        <ele>4.4</ele>
      </trkpt>
      <trkpt lat="43.394210" lon="3.669940">
        <ele>4.6</ele>
      </trkpt>
      <trkpt lat="43.393800" lon="3.671440">
        <ele>3.2</ele>
      </trkpt>
      <trkpt lat="43.393500" lon="3.672070">
        <ele>0.7</ele>
      </trkpt>
      <trkpt lat="43.392690" lon="3.673580">
        <ele>10.1</ele>
      </trkpt>
      <trkpt lat="43.392630" lon="3.673750">
        <ele>10.1</ele>
      </trkpt>
      <trkpt lat="43.392590" lon="3.674140">
        <ele>12.2</ele>
      </trkpt>
      <trkpt lat="43.392610" lon="3.674540">
        <ele>13.1</ele>
      </trkpt>
      <trkpt lat="43.392700" lon="3.675020">
        <ele>14.3</ele>
      </trkpt>
      <trkpt lat="43.392800" lon="3.675270">
        <ele>15.3</ele>
      </trkpt>
      <trkpt lat="43.393410" lon="3.676120">
        <ele>18.5</ele>
      </trkpt>
      <trkpt lat="43.394170" lon="3.676900">
        <ele>22.4</ele>
      </trkpt>
      <trkpt lat="43.394500" lon="3.677150">
        <ele>23.2</ele>
      </trkpt>
      <trkpt lat="43.394210" lon="3.678080">
        <ele>23.2</ele>
      </trkpt>
      <trkpt lat="43.393800" lon="3.679710">
        <ele>21.6</ele>
      </trkpt>
      <trkpt lat="43.393720" lon="3.679840">
        <ele>21</ele>
      </trkpt>
      <trkpt lat="43.393740" lon="3.680020">
        <ele>21</ele>
      </trkpt>
      <trkpt lat="43.393720" lon="3.680350">
        <ele>19</ele>
      </trkpt>
      <trkpt lat="43.393830" lon="3.682240">
        <ele>12.5</ele>
      </trkpt>
      <trkpt lat="43.393810" lon="3.682840">
        <ele>12.4</ele>
      </trkpt>
      <trkpt lat="43.393740" lon="3.683070">
        <ele>12.8</ele>
      </trkpt>
      <trkpt lat="43.393150" lon="3.684390">
        <ele>13.7</ele>
      </trkpt>
      <trkpt lat="43.392620" lon="3.685940">
        <ele>5.4</ele>
      </trkpt>
      <trkpt lat="43.392590" lon="3.686280">
        <ele>9.2</ele>
      </trkpt>
      <trkpt lat="43.392610" lon="3.687030">
        <ele>9.6</ele>
      </trkpt>
      <trkpt lat="43.392480" lon="3.688620">
        <ele>4.2</ele>
      </trkpt>
      <trkpt lat="43.392400" lon="3.690120">
        <ele>8.1</ele>
      </trkpt>
      <trkpt lat="43.392420" lon="3.690360">
        <ele>5.6</ele>
      </trkpt>
      <trkpt lat="43.392630" lon="3.691060">
        <ele>9.9</ele>
      </trkpt>
      <trkpt lat="43.392970" lon="3.691690">
        <ele>10.3</ele>
      </trkpt>
      <trkpt lat="43.393570" lon="3.692160">
        <ele>12.9</ele>
      </trkpt>
      <trkpt lat="43.394020" lon="3.692440">
        <ele>14.7</ele>
      </trkpt>
      <trkpt lat="43.394190" lon="3.692610">
        <ele>16.9</ele>
      </trkpt>
      <trkpt lat="43.394300" lon="3.692850">
        <ele>14.1</ele>
      </trkpt>
      <trkpt lat="43.394950" lon="3.694800">
        <ele>4.6</ele>
      </trkpt>
      <trkpt lat="43.394950" lon="3.694800">
        <ele>4.6</ele>
      </trkpt>
      <trkpt lat="43.395020" lon="3.695150">
        <ele>1.7</ele>
      </trkpt>
      <trkpt lat="43.395200" lon="3.695180">
        <ele>3.6</ele>
      </trkpt>
      <trkpt lat="43.395250" lon="3.695100">
        <ele>5.1</ele>
      </trkpt>
      <trkpt lat="43.395490" lon="3.695170">
        <ele>6.4</ele>
      </trkpt>
      <trkpt lat="43.396310" lon="3.695740">
        <ele>2.5</ele>
      </trkpt>
      <trkpt lat="43.397530" lon="3.696260">
        <ele>6.9</ele>
      </trkpt>
      <trkpt lat="43.397710" lon="3.696440">
        <ele>8.8</ele>
      </trkpt>
      <trkpt lat="43.397790" lon="3.696650">
        <ele>6.1</ele>
      </trkpt>
      <trkpt lat="43.398150" lon="3.696830">
        <ele>6.5</ele>
      </trkpt>
      <trkpt lat="43.398350" lon="3.696890">
        <ele>7.3</ele>
      </trkpt>
      <trkpt lat="43.398680" lon="3.696860">
        <ele>8.5</ele>
      </trkpt>
      <trkpt lat="43.399530" lon="3.696600">
        <ele>11</ele>
      </trkpt>
      <trkpt lat="43.399630" lon="3.696520">
        <ele>10.6</ele>
      </trkpt>
      <trkpt lat="43.401660" lon="3.697060">
        <ele>8.9</ele>
      </trkpt>
      <trkpt lat="43.401720" lon="3.697130">
        <ele>8.9</ele>
      </trkpt>
      <trkpt lat="43.401730" lon="3.697750">
        <ele>5.7</ele>
      </trkpt>
      <trkpt lat="43.402510" lon="3.697730">
        <ele>7.5</ele>
      </trkpt>
      <trkpt lat="43.405380" lon="3.697130">
        <ele>1.63</ele>
      </trkpt>
      <trkpt lat="43.406220" lon="3.698910">
        <ele>0.4</ele>
      </trkpt>
      <trkpt lat="43.406390" lon="3.699010">
        <ele>1.9</ele>
      </trkpt>
      <trkpt lat="43.406910" lon="3.698730">
        <ele>3.6</ele>
      </trkpt>
      <trkpt lat="43.407450" lon="3.699930">
        <ele>4.4</ele>
      </trkpt>
      <trkpt lat="43.407820" lon="3.700570">
        <ele>3.8</ele>
      </trkpt>
      <trkpt lat="43.408020" lon="3.701010">
        <ele>0.6</ele>
      </trkpt>
      <trkpt lat="43.408140" lon="3.701360">
        <ele>3</ele>
      </trkpt>
      <trkpt lat="43.409090" lon="3.703480">
        <ele>2.8</ele>
      </trkpt>
      <trkpt lat="43.409120" lon="3.703810">
        <ele>2.7</ele>
      </trkpt>
      <trkpt lat="43.409240" lon="3.704000">
        <ele>2.8</ele>
      </trkpt>
      <trkpt lat="43.409540" lon="3.704690">
        <ele>3.1</ele>
      </trkpt>
      <trkpt lat="43.409430" lon="3.704750">
        <ele>3.1</ele>
      </trkpt>
      <trkpt lat="43.412650" lon="3.711810">
        <ele>2.2</ele>
      </trkpt>
      <trkpt lat="43.416890" lon="3.720960">
        <ele>3.2</ele>
      </trkpt>
      <trkpt lat="43.417390" lon="3.722150">
        <ele>2.2</ele>
      </trkpt>
      <trkpt lat="43.417710" lon="3.722760">
        <ele>1.8</ele>
      </trkpt>
      <trkpt lat="43.418000" lon="3.723020">
        <ele>2.4</ele>
      </trkpt>
      <trkpt lat="43.418060" lon="3.723160">
        <ele>2.6</ele>
      </trkpt>
      <trkpt lat="43.418220" lon="3.723190">
        <ele>2.6</ele>
      </trkpt>
      <trkpt lat="43.418280" lon="3.723170">
        <ele>2.6</ele>
      </trkpt>
      <trkpt lat="43.418350" lon="3.723070">
        <ele>2.5</ele>
      </trkpt>
      <trkpt lat="43.418700" lon="3.723120">
        <ele>2.9</ele>
      </trkpt>
      <trkpt lat="43.419000" lon="3.722920">
        <ele>3.1</ele>
      </trkpt>
      <trkpt lat="43.420780" lon="3.722250">
        <ele>-0.6</ele>
      </trkpt>
      <trkpt lat="43.420830" lon="3.722270">
        <ele>-0.6</ele>
      </trkpt>
      <trkpt lat="43.420890" lon="3.722550">
        <ele>-1.5</ele>
      </trkpt>
      <trkpt lat="43.420870" lon="3.722710">
        <ele>-0.7</ele>
      </trkpt>
      <trkpt lat="43.421040" lon="3.722730">
        <ele>-1.5</ele>
      </trkpt>
      <trkpt lat="43.421750" lon="3.722460">
        <ele>-1.7</ele>
      </trkpt>
      <trkpt lat="43.422430" lon="3.722280">
        <ele>-0.3</ele>
      </trkpt>
      <trkpt lat="43.422570" lon="3.722260">
        <ele>2.5</ele>
      </trkpt>
      <trkpt lat="43.422600" lon="3.722300">
        <ele>2.5</ele>
      </trkpt>
      <trkpt lat="43.422640" lon="3.723010">
        <ele>1.1</ele>
      </trkpt>
      <trkpt lat="43.422610" lon="3.723240">
        <ele>-0.8</ele>
      </trkpt>
      <trkpt lat="43.422690" lon="3.723670">
        <ele>3.1</ele>
      </trkpt>
      <trkpt lat="43.422770" lon="3.723890">
        <ele>5</ele>
      </trkpt>
      <trkpt lat="43.423010" lon="3.725120">
        <ele>4.3</ele>
      </trkpt>
      <trkpt lat="43.423040" lon="3.725460">
        <ele>3.3</ele>
      </trkpt>
      <trkpt lat="43.423720" lon="3.728870">
        <ele>1.6</ele>
      </trkpt>
      <trkpt lat="43.423990" lon="3.729120">
        <ele>2.5</ele>
      </trkpt>
      <trkpt lat="43.424140" lon="3.729830">
        <ele>2.8</ele>
      </trkpt>
      <trkpt lat="43.424240" lon="3.729960">
        <ele>2.3</ele>
      </trkpt>
      <trkpt lat="43.424590" lon="3.729670">
        <ele>3.3</ele>
      </trkpt>
      <trkpt lat="43.424690" lon="3.729660">
        <ele>3.5</ele>
      </trkpt>
      <trkpt lat="43.424690" lon="3.729790">
        <ele>3.5</ele>
      </trkpt>
      <trkpt lat="43.425310" lon="3.730970">
        <ele>1.8</ele>
      </trkpt>
      <trkpt lat="43.425560" lon="3.731710">
        <ele>1.9</ele>
      </trkpt>
      <trkpt lat="43.425530" lon="3.732250">
        <ele>0.2</ele>
      </trkpt>
      <trkpt lat="43.425560" lon="3.732680">
        <ele>-1.7</ele>
      </trkpt>
      <trkpt lat="43.425670" lon="3.733170">
        <ele>-0.7</ele>
      </trkpt>
      <trkpt lat="43.425870" lon="3.733670">
        <ele>-1</ele>
      </trkpt>
      <trkpt lat="43.426390" lon="3.734790">
        <ele>0.6</ele>
      </trkpt>
      <trkpt lat="43.426640" lon="3.735530">
        <ele>1</ele>
      </trkpt>
      <trkpt lat="43.426750" lon="3.735740">
        <ele>-0.2</ele>
      </trkpt>
      <trkpt lat="43.427130" lon="3.736670">
        <ele>-2.2</ele>
      </trkpt>
      <trkpt lat="43.427530" lon="3.737160">
        <ele>-2.9</ele>
      </trkpt>
      <trkpt lat="43.428170" lon="3.737650">
        <ele>-2.2</ele>
      </trkpt>
      <trkpt lat="43.428340" lon="3.737840">
        <ele>-2.6</ele>
      </trkpt>
      <trkpt lat="43.428640" lon="3.738380">
        <ele>-3.1</ele>
      </trkpt>
      <trkpt lat="43.429020" lon="3.738810">
        <ele>-3</ele>
      </trkpt>
      <trkpt lat="43.429590" lon="3.739280">
        <ele>-2.7</ele>
      </trkpt>
      <trkpt lat="43.430320" lon="3.739630">
        <ele>-3</ele>
      </trkpt>
      <trkpt lat="43.430710" lon="3.739920">
        <ele>-2.8</ele>
      </trkpt>
      <trkpt lat="43.430930" lon="3.739980">
        <ele>-2.2</ele>
      </trkpt>
      <trkpt lat="43.431160" lon="3.739900">
        <ele>-1.8</ele>
      </trkpt>
      <trkpt lat="43.431500" lon="3.739880">
        <ele>-1.1</ele>
      </trkpt>
      <trkpt lat="43.431720" lon="3.740130">
        <ele>-0.4</ele>
      </trkpt>
      <trkpt lat="43.432230" lon="3.740950">
        <ele>-0.3</ele>
      </trkpt>
      <trkpt lat="43.432580" lon="3.741630">
        <ele>-0.9</ele>
      </trkpt>
      <trkpt lat="43.432770" lon="3.741890">
        <ele>-0.9</ele>
      </trkpt>
      <trkpt lat="43.434360" lon="3.743760">
        <ele>-1.6</ele>
      </trkpt>
      <trkpt lat="43.434710" lon="3.744030">
        <ele>-2.3</ele>
      </trkpt>
      <trkpt lat="43.436010" lon="3.744010">
        <ele>-0.4</ele>
      </trkpt>
      <trkpt lat="43.437510" lon="3.744670">
        <ele>0.8</ele>
      </trkpt>
      <trkpt lat="43.438740" lon="3.745490">
        <ele>0.5</ele>
      </trkpt>
      <trkpt lat="43.439020" lon="3.745590">
        <ele>1.3</ele>
      </trkpt>
      <trkpt lat="43.439750" lon="3.746430">
        <ele>1.9</ele>
      </trkpt>
      <trkpt lat="43.440370" lon="3.747460">
        <ele>0.6</ele>
      </trkpt>
      <trkpt lat="43.441280" lon="3.748750">
        <ele>1.9</ele>
      </trkpt>
      <trkpt lat="43.440870" lon="3.749230">
        <ele>1.8</ele>
      </trkpt>
      <trkpt lat="43.440620" lon="3.749330">
        <ele>1.8</ele>
      </trkpt>
      <trkpt lat="43.440060" lon="3.749910">
        <ele>1.2</ele>
      </trkpt>
      <trkpt lat="43.440070" lon="3.750130">
        <ele>1.3</ele>
      </trkpt>
      <trkpt lat="43.440870" lon="3.751100">
        <ele>1.4</ele>
      </trkpt>
      <trkpt lat="43.440870" lon="3.751060">
        <ele>1.4</ele>
      </trkpt>
      <trkpt lat="43.442190" lon="3.753050">
        <ele>1.8</ele>
      </trkpt>
      <trkpt lat="43.441710" lon="3.753590">
        <ele>2.5</ele>
      </trkpt>
      <trkpt lat="43.441460" lon="3.754400">
        <ele>1.9</ele>
      </trkpt>
      <trkpt lat="43.443500" lon="3.755650">
        <ele>3.4</ele>
      </trkpt>
      <trkpt lat="43.443980" lon="3.756820">
        <ele>3.9</ele>
      </trkpt>
      <trkpt lat="43.444220" lon="3.758170">
        <ele>3.4</ele>
      </trkpt>
      <trkpt lat="43.444210" lon="3.758330">
        <ele>3.1</ele>
      </trkpt>
      <trkpt lat="43.443900" lon="3.758330">
        <ele>3</ele>
      </trkpt>
      <trkpt lat="43.444110" lon="3.758890">
        <ele>3.1</ele>
      </trkpt>
      <trkpt lat="43.444180" lon="3.759150">
        <ele>3.1</ele>
      </trkpt>
      <trkpt lat="43.444080" lon="3.759220">
        <ele>3.1</ele>
      </trkpt>
      <trkpt lat="43.443270" lon="3.759090">
        <ele>3.3</ele>
      </trkpt>
      <trkpt lat="43.442190" lon="3.758810">
        <ele>1.9</ele>
      </trkpt>
      <trkpt lat="43.441860" lon="3.758870">
        <ele>2.4</ele>
      </trkpt>
      <trkpt lat="43.440980" lon="3.759170">
        <ele>2.5</ele>
      </trkpt>
      <trkpt lat="43.440440" lon="3.759420">
        <ele>2.8</ele>
      </trkpt>
      <trkpt lat="43.440160" lon="3.759480">
        <ele>2.8</ele>
      </trkpt>
      <trkpt lat="43.439510" lon="3.759770">
        <ele>1.7</ele>
      </trkpt>
      <trkpt lat="43.439470" lon="3.759620">
        <ele>1.7</ele>
      </trkpt>
      <trkpt lat="43.438980" lon="3.759850">
        <ele>1.7</ele>
      </trkpt>
      <trkpt lat="43.438200" lon="3.760110">
        <ele>4.1</ele>
      </trkpt>
      <trkpt lat="43.438020" lon="3.760220">
        <ele>4.2</ele>
      </trkpt>
      <trkpt lat="43.437710" lon="3.760530">
        <ele>3.6</ele>
      </trkpt>
      <trkpt lat="43.437570" lon="3.760530">
        <ele>3.4</ele>
      </trkpt>
      <trkpt lat="43.437430" lon="3.760450">
        <ele>3.4</ele>
      </trkpt>
      <trkpt lat="43.437370" lon="3.760600">
        <ele>3.3</ele>
      </trkpt>
      <trkpt lat="43.437230" lon="3.760800">
        <ele>3.3</ele>
      </trkpt>
      <trkpt lat="43.437160" lon="3.761050">
        <ele>3.6</ele>
      </trkpt>
      <trkpt lat="43.437220" lon="3.761270">
        <ele>3.3</ele>
      </trkpt>
      <trkpt lat="43.437210" lon="3.761460">
        <ele>2.9</ele>
      </trkpt>
      <trkpt lat="43.437160" lon="3.761640">
        <ele>2.2</ele>
      </trkpt>
      <trkpt lat="43.436180" lon="3.763320">
        <ele>3.2</ele>
      </trkpt>
      <trkpt lat="43.436050" lon="3.763380">
        <ele>2.8</ele>
      </trkpt>
      <trkpt lat="43.435910" lon="3.763310">
        <ele>0.1</ele>
      </trkpt>
      <trkpt lat="43.435880" lon="3.763220">
        <ele>0.2</ele>
      </trkpt>
      <trkpt lat="43.435910" lon="3.762780">
        <ele>0.3</ele>
      </trkpt>
      <trkpt lat="43.435770" lon="3.762760">
        <ele>0.1</ele>
      </trkpt>
      <trkpt lat="43.435670" lon="3.764880">
        <ele>0.1</ele>
      </trkpt>
      <trkpt lat="43.435700" lon="3.765250">
        <ele>1</ele>
      </trkpt>
      <trkpt lat="43.435410" lon="3.770550">
        <ele>1</ele>
      </trkpt>
      <trkpt lat="43.435340" lon="3.770810">
        <ele>1</ele>
      </trkpt>
      <trkpt lat="43.435120" lon="3.771160">
        <ele>0.3</ele>
      </trkpt>
      <trkpt lat="43.435150" lon="3.771440">
        <ele>0.7</ele>
      </trkpt>
      <trkpt lat="43.435260" lon="3.771540">
        <ele>0.2</ele>
      </trkpt>
      <trkpt lat="43.435330" lon="3.771660">
        <ele>0.4</ele>
      </trkpt>
      <trkpt lat="43.435340" lon="3.771760">
        <ele>0.4</ele>
      </trkpt>
      <trkpt lat="43.435210" lon="3.773930">
        <ele>1.8</ele>
      </trkpt>
      <trkpt lat="43.435140" lon="3.774100">
        <ele>-0.2</ele>
      </trkpt>
      <trkpt lat="43.435130" lon="3.774250">
        <ele>-0.2</ele>
      </trkpt>
      <trkpt lat="43.435140" lon="3.774340">
        <ele>-0.2</ele>
      </trkpt>
      <trkpt lat="43.435190" lon="3.774400">
        <ele>-0.2</ele>
      </trkpt>
      <trkpt lat="43.435260" lon="3.775870">
        <ele>0.1</ele>
      </trkpt>
      <trkpt lat="43.435470" lon="3.777620">
        <ele>0.1</ele>
      </trkpt>
      <trkpt lat="43.435340" lon="3.778000">
        <ele>0.3</ele>
      </trkpt>
      <trkpt lat="43.435400" lon="3.778260">
        <ele>0.2</ele>
      </trkpt>
      <trkpt lat="43.435540" lon="3.778280">
        <ele>-0.1</ele>
      </trkpt>
      <trkpt lat="43.435600" lon="3.778330">
        <ele>-0.1</ele>
      </trkpt>
      <trkpt lat="43.436000" lon="3.779070">
        <ele>0.7</ele>
      </trkpt>
      <trkpt lat="43.440830" lon="3.789560">
        <ele>1.6</ele>
      </trkpt>
      <trkpt lat="43.440990" lon="3.790050">
        <ele>2</ele>
      </trkpt>
      <trkpt lat="43.441110" lon="3.791210">
        <ele>0.4</ele>
      </trkpt>
      <trkpt lat="43.441050" lon="3.791370">
        <ele>1.4</ele>
      </trkpt>
      <trkpt lat="43.440930" lon="3.791480">
        <ele>1.4</ele>
      </trkpt>
      <trkpt lat="43.440930" lon="3.791630">
        <ele>1.8</ele>
      </trkpt>
      <trkpt lat="43.441240" lon="3.792030">
        <ele>1.7</ele>
      </trkpt>
      <trkpt lat="43.441370" lon="3.792060">
        <ele>1.5</ele>
      </trkpt>
      <trkpt lat="43.441520" lon="3.791840">
        <ele>0.5</ele>
      </trkpt>
      <trkpt lat="43.441630" lon="3.791750">
        <ele>0.5</ele>
      </trkpt>
      <trkpt lat="43.441740" lon="3.791730">
        <ele>0.2</ele>
      </trkpt>
      <trkpt lat="43.441950" lon="3.791790">
        <ele>0.1</ele>
      </trkpt>
      <trkpt lat="43.442090" lon="3.791870">
        <ele>1.4</ele>
      </trkpt>
      <trkpt lat="43.442720" lon="3.792580">
        <ele>0.1</ele>
      </trkpt>
      <trkpt lat="43.443160" lon="3.793010">
        <ele>0.3</ele>
      </trkpt>
      <trkpt lat="43.448150" lon="3.797210">
        <ele>1</ele>
      </trkpt>
      <trkpt lat="43.448460" lon="3.797500">
        <ele>1</ele>
      </trkpt>
      <trkpt lat="43.449020" lon="3.798170">
        <ele>1</ele>
      </trkpt>
      <trkpt lat="43.449270" lon="3.798550">
        <ele>1</ele>
      </trkpt>
      <trkpt lat="43.449600" lon="3.799130">
        <ele>0.1</ele>
      </trkpt>
      <trkpt lat="43.452930" lon="3.806300">
        <ele>1.3</ele>
      </trkpt>
      <trkpt lat="43.455150" lon="3.810720">
        <ele>2</ele>
      </trkpt>
      <trkpt lat="43.455310" lon="3.811140">
        <ele>2</ele>
      </trkpt>
      <trkpt lat="43.455440" lon="3.811300">
        <ele>2</ele>
      </trkpt>
      <trkpt lat="43.456680" lon="3.813780">
        <ele>2</ele>
      </trkpt>
      <trkpt lat="43.457240" lon="3.814800">
        <ele>0.6</ele>
      </trkpt>
      <trkpt lat="43.459650" lon="3.818280">
        <ele>-0.4</ele>
      </trkpt>
      <trkpt lat="43.460110" lon="3.818840">
        <ele>-0.1</ele>
      </trkpt>
      <trkpt lat="43.460480" lon="3.819170">
        <ele>0.2</ele>
      </trkpt>
      <trkpt lat="43.460780" lon="3.819360">
        <ele>0.4</ele>
      </trkpt>
      <trkpt lat="43.461120" lon="3.819520">
        <ele>-0.1</ele>
      </trkpt>
      <trkpt lat="43.461740" lon="3.819640">
        <ele>-0.1</ele>
      </trkpt>
      <trkpt lat="43.462330" lon="3.819600">
        <ele>1.5</ele>
      </trkpt>
      <trkpt lat="43.462730" lon="3.819480">
        <ele>1.7</ele>
      </trkpt>
      <trkpt lat="43.463280" lon="3.819170">
        <ele>1.7</ele>
      </trkpt>
      <trkpt lat="43.463540" lon="3.818960">
        <ele>1.9</ele>
      </trkpt>
      <trkpt lat="43.463800" lon="3.818700">
        <ele>1.6</ele>
      </trkpt>
      <trkpt lat="43.463930" lon="3.818460">
        <ele>1.6</ele>
      </trkpt>
      <trkpt lat="43.465110" lon="3.817010">
        <ele>-1.4</ele>
      </trkpt>
      <trkpt lat="43.465410" lon="3.816720">
        <ele>-1</ele>
      </trkpt>
      <trkpt lat="43.465460" lon="3.816730">
        <ele>-1</ele>
      </trkpt>
      <trkpt lat="43.465480" lon="3.816810">
        <ele>-1</ele>
      </trkpt>
      <trkpt lat="43.465400" lon="3.816950">
        <ele>-0.3</ele>
      </trkpt>
      <trkpt lat="43.465230" lon="3.817190">
        <ele>-1</ele>
      </trkpt>
      <trkpt lat="43.465140" lon="3.817240">
        <ele>-1.3</ele>
      </trkpt>
      <trkpt lat="43.465010" lon="3.817230">
        <ele>-1.3</ele>
      </trkpt>
      <trkpt lat="43.464950" lon="3.817160">
        <ele>-1.2</ele>
      </trkpt>
      <trkpt lat="43.464950" lon="3.817010">
        <ele>-1.2</ele>
      </trkpt>
      <trkpt lat="43.465010" lon="3.816860">
        <ele>-1.4</ele>
      </trkpt>
      <trkpt lat="43.465360" lon="3.816570">
        <ele>-0.8</ele>
      </trkpt>
      <trkpt lat="43.465850" lon="3.815950">
        <ele>0.1</ele>
      </trkpt>
      <trkpt lat="43.466530" lon="3.815020">
        <ele>0.4</ele>
      </trkpt>
      <trkpt lat="43.467460" lon="3.813610">
        <ele>4.8</ele>
      </trkpt>
      <trkpt lat="43.467880" lon="3.812780">
        <ele>9.2</ele>
      </trkpt>
      <trkpt lat="43.468460" lon="3.811770">
        <ele>11.5</ele>
      </trkpt>
      <trkpt lat="43.469270" lon="3.810580">
        <ele>8</ele>
      </trkpt>
      <trkpt lat="43.469470" lon="3.810380">
        <ele>7.4</ele>
      </trkpt>
      <trkpt lat="43.469610" lon="3.809980">
        <ele>7.5</ele>
      </trkpt>
      <trkpt lat="43.469740" lon="3.809760">
        <ele>6.8</ele>
      </trkpt>
      <trkpt lat="43.469950" lon="3.809520">
        <ele>6.3</ele>
      </trkpt>
      <trkpt lat="43.470650" lon="3.809070">
        <ele>4.7</ele>
      </trkpt>
      <trkpt lat="43.471390" lon="3.808490">
        <ele>2.8</ele>
      </trkpt>
      <trkpt lat="43.472180" lon="3.807980">
        <ele>2.8</ele>
      </trkpt>
      <trkpt lat="43.472400" lon="3.807800">
        <ele>1.8</ele>
      </trkpt>
      <trkpt lat="43.473770" lon="3.806360">
        <ele>-0.9</ele>
      </trkpt>
      <trkpt lat="43.474010" lon="3.806270">
        <ele>-0.6</ele>
      </trkpt>
      <trkpt lat="43.474310" lon="3.806230">
        <ele>-0.1</ele>
      </trkpt>
      <trkpt lat="43.475220" lon="3.806340">
        <ele>1.1</ele>
      </trkpt>
      <trkpt lat="43.476020" lon="3.806260">
        <ele>0.4</ele>
      </trkpt>
      <trkpt lat="43.476220" lon="3.806150">
        <ele>0.5</ele>
      </trkpt>
      <trkpt lat="43.476600" lon="3.805810">
        <ele>1.4</ele>
      </trkpt>
      <trkpt lat="43.476870" lon="3.805670">
        <ele>1.3</ele>
      </trkpt>
      <trkpt lat="43.477700" lon="3.805500">
        <ele>0.6</ele>
      </trkpt>
      <trkpt lat="43.477870" lon="3.805390">
        <ele>0.8</ele>
      </trkpt>
      <trkpt lat="43.478500" lon="3.804820">
        <ele>2</ele>
      </trkpt>
      <trkpt lat="43.478780" lon="3.804620">
        <ele>2.5</ele>
      </trkpt>
      <trkpt lat="43.479030" lon="3.804480">
        <ele>2.8</ele>
      </trkpt>
      <trkpt lat="43.479400" lon="3.804400">
        <ele>2</ele>
      </trkpt>
      <trkpt lat="43.479890" lon="3.804170">
        <ele>0.2</ele>
      </trkpt>
      <trkpt lat="43.480100" lon="3.804020">
        <ele>-0.1</ele>
      </trkpt>
      <trkpt lat="43.481040" lon="3.802940">
        <ele>-0.1</ele>
      </trkpt>
      <trkpt lat="43.482330" lon="3.801670">
        <ele>2.7</ele>
      </trkpt>
      <trkpt lat="43.482470" lon="3.801490">
        <ele>3.3</ele>
      </trkpt>
      <trkpt lat="43.482530" lon="3.801350">
        <ele>3.3</ele>
      </trkpt>
      <trkpt lat="43.482700" lon="3.801320">
        <ele>3.5</ele>
      </trkpt>
      <trkpt lat="43.482790" lon="3.801250">
        <ele>4.1</ele>
      </trkpt>
      <trkpt lat="43.483190" lon="3.800890">
        <ele>5.1</ele>
      </trkpt>
      <trkpt lat="43.483460" lon="3.800540">
        <ele>5.9</ele>
      </trkpt>
      <trkpt lat="43.483560" lon="3.800540">
        <ele>6.6</ele>
      </trkpt>
      <trkpt lat="43.484100" lon="3.800050">
        <ele>7.8</ele>
      </trkpt>
      <trkpt lat="43.484570" lon="3.799700">
        <ele>9.8</ele>
      </trkpt>
      <trkpt lat="43.484810" lon="3.799410">
        <ele>10.1</ele>
      </trkpt>
      <trkpt lat="43.485570" lon="3.798880">
        <ele>11.1</ele>
      </trkpt>
      <trkpt lat="43.485810" lon="3.798820">
        <ele>11.2</ele>
      </trkpt>
      <trkpt lat="43.486300" lon="3.798830">
        <ele>11.4</ele>
      </trkpt>
      <trkpt lat="43.487410" lon="3.799410">
        <ele>12.4</ele>
      </trkpt>
      <trkpt lat="43.487930" lon="3.799540">
        <ele>12</ele>
      </trkpt>
      <trkpt lat="43.488160" lon="3.799520">
        <ele>11.9</ele>
      </trkpt>
      <trkpt lat="43.488400" lon="3.799430">
        <ele>11.8</ele>
      </trkpt>
      <trkpt lat="43.489730" lon="3.798720">
        <ele>10.6</ele>
      </trkpt>
      <trkpt lat="43.489940" lon="3.798570">
        <ele>10.8</ele>
      </trkpt>
      <trkpt lat="43.490060" lon="3.798390">
        <ele>10.9</ele>
      </trkpt>
      <trkpt lat="43.490250" lon="3.797410">
        <ele>11.7</ele>
      </trkpt>
      <trkpt lat="43.490690" lon="3.797840">
        <ele>11.7</ele>
      </trkpt>
      <trkpt lat="43.490740" lon="3.797790">
        <ele>11.7</ele>
      </trkpt>
      <trkpt lat="43.490910" lon="3.797280">
        <ele>11.1</ele>
      </trkpt>
      <trkpt lat="43.490990" lon="3.797330">
        <ele>9.9</ele>
      </trkpt>
      <trkpt lat="43.491190" lon="3.797030">
        <ele>7.7</ele>
      </trkpt>
      <trkpt lat="43.491650" lon="3.797310">
        <ele>5.4</ele>
      </trkpt>
      <trkpt lat="43.491700" lon="3.797010">
        <ele>5.1</ele>
      </trkpt>
      <trkpt lat="43.491710" lon="3.796450">
        <ele>4.4</ele>
      </trkpt>
      <trkpt lat="43.492880" lon="3.795560">
        <ele>0.1</ele>
      </trkpt>
      <trkpt lat="43.493120" lon="3.795400">
        <ele>0.2</ele>
      </trkpt>
      <trkpt lat="43.493400" lon="3.795300">
        <ele>0.8</ele>
      </trkpt>
      <trkpt lat="43.493410" lon="3.795230">
        <ele>0.8</ele>
      </trkpt>
      <trkpt lat="43.493490" lon="3.795160">
        <ele>0.8</ele>
      </trkpt>
      <trkpt lat="43.494960" lon="3.794060">
        <ele>2.9</ele>
      </trkpt>
      <trkpt lat="43.495350" lon="3.793680">
        <ele>2.9</ele>
      </trkpt>
      <trkpt lat="43.495540" lon="3.793790">
        <ele>2.8</ele>
      </trkpt>
      <trkpt lat="43.495670" lon="3.793940">
        <ele>2.7</ele>
      </trkpt>
      <trkpt lat="43.495670" lon="3.794040">
        <ele>2.5</ele>
      </trkpt>
      <trkpt lat="43.495610" lon="3.794230">
        <ele>2.6</ele>
      </trkpt>
      <trkpt lat="43.495540" lon="3.794310">
        <ele>2.5</ele>
      </trkpt>
      <trkpt lat="43.495480" lon="3.794310">
        <ele>2.5</ele>
      </trkpt>
      <trkpt lat="43.495480" lon="3.794230">
        <ele>2.6</ele>
      </trkpt>
      <trkpt lat="43.495540" lon="3.794080">
        <ele>2.6</ele>
      </trkpt>
      <trkpt lat="43.496030" lon="3.793100">
        <ele>3.3</ele>
      </trkpt>
      <trkpt lat="43.496080" lon="3.793060">
        <ele>3</ele>
      </trkpt>
      <trkpt lat="43.496140" lon="3.793090">
        <ele>3</ele>
      </trkpt>
      <trkpt lat="43.496150" lon="3.793180">
        <ele>3</ele>
      </trkpt>
      <trkpt lat="43.495970" lon="3.793740">
        <ele>2.7</ele>
      </trkpt>
      <trkpt lat="43.496030" lon="3.793830">
        <ele>2.5</ele>
      </trkpt>
      <trkpt lat="43.496680" lon="3.794460">
        <ele>2.3</ele>
      </trkpt>
      <trkpt lat="43.498340" lon="3.796190">
        <ele>1.6</ele>
      </trkpt>
      <trkpt lat="43.498900" lon="3.796440">
        <ele>0.7</ele>
      </trkpt>
      <trkpt lat="43.499240" lon="3.796730">
        <ele>0.2</ele>
      </trkpt>
      <trkpt lat="43.499750" lon="3.797340">
        <ele>-0.1</ele>
      </trkpt>
      <trkpt lat="43.500540" lon="3.798800">
        <ele>1.2</ele>
      </trkpt>
      <trkpt lat="43.500890" lon="3.799270">
        <ele>2.3</ele>
      </trkpt>
      <trkpt lat="43.503640" lon="3.801840">
        <ele>5.3</ele>
      </trkpt>
      <trkpt lat="43.503750" lon="3.802160">
        <ele>5.4</ele>
      </trkpt>
      <trkpt lat="43.505360" lon="3.804480">
        <ele>5.8</ele>
      </trkpt>
      <trkpt lat="43.506760" lon="3.806200">
        <ele>2.6</ele>
      </trkpt>
      <trkpt lat="43.507470" lon="3.807460">
        <ele>3.5</ele>
      </trkpt>
      <trkpt lat="43.507750" lon="3.807840">
        <ele>3.5</ele>
      </trkpt>
      <trkpt lat="43.508790" lon="3.808990">
        <ele>3.8</ele>
      </trkpt>
      <trkpt lat="43.509460" lon="3.809800">
        <ele>3.8</ele>
      </trkpt>
      <trkpt lat="43.509580" lon="3.809760">
        <ele>3.8</ele>
      </trkpt>
      <trkpt lat="43.510580" lon="3.811050">
        <ele>3.2</ele>
      </trkpt>
      <trkpt lat="43.511240" lon="3.812200">
        <ele>3</ele>
      </trkpt>
      <trkpt lat="43.512480" lon="3.814720">
        <ele>4.2</ele>
      </trkpt>
      <trkpt lat="43.513170" lon="3.815770">
        <ele>3.8</ele>
      </trkpt>
      <trkpt lat="43.513510" lon="3.816180">
        <ele>3.2</ele>
      </trkpt>
      <trkpt lat="43.513860" lon="3.815620">
        <ele>3.7</ele>
      </trkpt>
      <trkpt lat="43.514290" lon="3.815040">
        <ele>4.6</ele>
      </trkpt>
      <trkpt lat="43.515090" lon="3.813960">
        <ele>7</ele>
      </trkpt>
      <trkpt lat="43.515340" lon="3.813700">
        <ele>8.1</ele>
      </trkpt>
      <trkpt lat="43.515730" lon="3.814690">
        <ele>7.8</ele>
      </trkpt>
      <trkpt lat="43.515930" lon="3.815100">
        <ele>6.2</ele>
      </trkpt>
      <trkpt lat="43.517580" lon="3.817300">
        <ele>6.4</ele>
      </trkpt>
      <trkpt lat="43.518070" lon="3.818440">
        <ele>5.6</ele>
      </trkpt>
      <trkpt lat="43.518530" lon="3.819270">
        <ele>6.8</ele>
      </trkpt>
      <trkpt lat="43.518840" lon="3.819960">
        <ele>8.6</ele>
      </trkpt>
      <trkpt lat="43.519200" lon="3.820530">
        <ele>9.2</ele>
      </trkpt>
      <trkpt lat="43.519590" lon="3.821050">
        <ele>10.2</ele>
      </trkpt>
      <trkpt lat="43.520060" lon="3.821870">
        <ele>11.1</ele>
      </trkpt>
      <trkpt lat="43.520380" lon="3.822280">
        <ele>12.2</ele>
      </trkpt>
      <trkpt lat="43.520860" lon="3.823080">
        <ele>13.2</ele>
      </trkpt>
      <trkpt lat="43.521160" lon="3.823940">
        <ele>13.9</ele>
      </trkpt>
      <trkpt lat="43.521350" lon="3.824250">
        <ele>14</ele>
      </trkpt>
      <trkpt lat="43.521460" lon="3.824590">
        <ele>13.8</ele>
      </trkpt>
      <trkpt lat="43.521700" lon="3.825060">
        <ele>12.3</ele>
      </trkpt>
      <trkpt lat="43.521740" lon="3.825250">
        <ele>12.3</ele>
      </trkpt>
      <trkpt lat="43.521870" lon="3.825440">
        <ele>12</ele>
      </trkpt>
      <trkpt lat="43.521890" lon="3.825520">
        <ele>12</ele>
      </trkpt>
      <trkpt lat="43.522050" lon="3.825760">
        <ele>11.6</ele>
      </trkpt>
      <trkpt lat="43.522460" lon="3.826240">
        <ele>10</ele>
      </trkpt>
      <trkpt lat="43.522540" lon="3.826370">
        <ele>8.5</ele>
      </trkpt>
      <trkpt lat="43.522770" lon="3.826450">
        <ele>9.4</ele>
      </trkpt>
      <trkpt lat="43.522860" lon="3.826620">
        <ele>10.4</ele>
      </trkpt>
      <trkpt lat="43.523310" lon="3.826880">
        <ele>11.4</ele>
      </trkpt>
      <trkpt lat="43.522810" lon="3.828590">
        <ele>1.9</ele>
      </trkpt>
      <trkpt lat="43.523280" lon="3.828940">
        <ele>1.9</ele>
      </trkpt>
      <trkpt lat="43.523980" lon="3.829320">
        <ele>2.3</ele>
      </trkpt>
      <trkpt lat="43.524040" lon="3.829530">
        <ele>2.3</ele>
      </trkpt>
      <trkpt lat="43.524380" lon="3.829780">
        <ele>2.3</ele>
      </trkpt>
      <trkpt lat="43.524580" lon="3.829970">
        <ele>2.2</ele>
      </trkpt>
      <trkpt lat="43.524670" lon="3.830110">
        <ele>1.8</ele>
      </trkpt>
      <trkpt lat="43.524740" lon="3.830300">
        <ele>1.9</ele>
      </trkpt>
      <trkpt lat="43.524920" lon="3.831050">
        <ele>2.5</ele>
      </trkpt>
      <trkpt lat="43.524920" lon="3.831290">
        <ele>3</ele>
      </trkpt>
      <trkpt lat="43.524870" lon="3.831440">
        <ele>3</ele>
      </trkpt>
      <trkpt lat="43.523710" lon="3.832050">
        <ele>2.6</ele>
      </trkpt>
      <trkpt lat="43.522890" lon="3.833030">
        <ele>1</ele>
      </trkpt>
      <trkpt lat="43.524660" lon="3.838110">
        <ele>1.2</ele>
      </trkpt>
      <trkpt lat="43.524850" lon="3.838490">
        <ele>1.4</ele>
      </trkpt>
      <trkpt lat="43.525840" lon="3.840020">
        <ele>2.4</ele>
      </trkpt>
      <trkpt lat="43.527330" lon="3.842240">
        <ele>5.9</ele>
      </trkpt>
      <trkpt lat="43.528260" lon="3.843900">
        <ele>6.8</ele>
      </trkpt>
      <trkpt lat="43.528900" lon="3.845300">
        <ele>7.7</ele>
      </trkpt>
      <trkpt lat="43.529140" lon="3.846010">
        <ele>8.1</ele>
      </trkpt>
      <trkpt lat="43.529330" lon="3.847140">
        <ele>8.7</ele>
      </trkpt>
      <trkpt lat="43.529570" lon="3.847840">
        <ele>9</ele>
      </trkpt>
      <trkpt lat="43.530510" lon="3.849220">
        <ele>10.6</ele>
      </trkpt>
      <trkpt lat="43.531260" lon="3.850550">
        <ele>11.8</ele>
      </trkpt>
      <trkpt lat="43.531880" lon="3.851350">
        <ele>12.5</ele>
      </trkpt>
      <trkpt lat="43.532530" lon="3.852300">
        <ele>14.1</ele>
      </trkpt>
      <trkpt lat="43.532640" lon="3.852480">
        <ele>13.9</ele>
      </trkpt>
      <trkpt lat="43.532560" lon="3.852630">
        <ele>14.7</ele>
      </trkpt>
      <trkpt lat="43.532570" lon="3.852770">
        <ele>15.1</ele>
      </trkpt>
      <trkpt lat="43.532620" lon="3.852810">
        <ele>14.7</ele>
      </trkpt>
      <trkpt lat="43.532690" lon="3.852970">
        <ele>14.7</ele>
      </trkpt>
      <trkpt lat="43.532810" lon="3.852990">
        <ele>14.2</ele>
      </trkpt>
      <trkpt lat="43.532850" lon="3.852910">
        <ele>14.2</ele>
      </trkpt>
      <trkpt lat="43.533010" lon="3.852830">
        <ele>13.8</ele>
      </trkpt>
      <trkpt lat="43.534280" lon="3.852890">
        <ele>13.2</ele>
      </trkpt>
      <trkpt lat="43.534360" lon="3.852960">
        <ele>13.4</ele>
      </trkpt>
      <trkpt lat="43.534430" lon="3.852960">
        <ele>13.4</ele>
      </trkpt>
      <trkpt lat="43.534470" lon="3.852900">
        <ele>13.4</ele>
      </trkpt>
      <trkpt lat="43.534540" lon="3.852880">
        <ele>13.4</ele>
      </trkpt>
      <trkpt lat="43.534820" lon="3.852900">
        <ele>13.7</ele>
      </trkpt>
      <trkpt lat="43.536830" lon="3.855170">
        <ele>11.6</ele>
      </trkpt>
      <trkpt lat="43.537050" lon="3.855320">
        <ele>11.3</ele>
      </trkpt>
      <trkpt lat="43.537240" lon="3.855400">
        <ele>11.4</ele>
      </trkpt>
      <trkpt lat="43.537700" lon="3.855470">
        <ele>12.1</ele>
      </trkpt>
      <trkpt lat="43.537830" lon="3.855530">
        <ele>12.1</ele>
      </trkpt>
      <trkpt lat="43.538120" lon="3.855870">
        <ele>12.5</ele>
      </trkpt>
      <trkpt lat="43.538140" lon="3.855950">
        <ele>12.5</ele>
      </trkpt>
      <trkpt lat="43.538050" lon="3.856130">
        <ele>12.2</ele>
      </trkpt>
      <trkpt lat="43.538070" lon="3.856370">
        <ele>12.4</ele>
      </trkpt>
      <trkpt lat="43.538180" lon="3.856450">
        <ele>12.4</ele>
      </trkpt>
      <trkpt lat="43.538230" lon="3.856620">
        <ele>12.3</ele>
      </trkpt>
      <trkpt lat="43.537640" lon="3.859380">
        <ele>9.3</ele>
      </trkpt>
      <trkpt lat="43.537550" lon="3.860020">
        <ele>8.9</ele>
      </trkpt>
      <trkpt lat="43.537490" lon="3.860980">
        <ele>6.8</ele>
      </trkpt>
      <trkpt lat="43.537530" lon="3.861770">
        <ele>5.7</ele>
      </trkpt>
      <trkpt lat="43.537870" lon="3.864660">
        <ele>4.9</ele>
      </trkpt>
      <trkpt lat="43.538190" lon="3.867760">
        <ele>4</ele>
      </trkpt>
      <trkpt lat="43.538290" lon="3.868170">
        <ele>3.4</ele>
      </trkpt>
      <trkpt lat="43.538350" lon="3.868850">
        <ele>3.2</ele>
      </trkpt>
      <trkpt lat="43.538360" lon="3.869210">
        <ele>3.2</ele>
      </trkpt>
      <trkpt lat="43.538280" lon="3.869340">
        <ele>3.2</ele>
      </trkpt>
      <trkpt lat="43.538200" lon="3.869400">
        <ele>3.5</ele>
      </trkpt>
      <trkpt lat="43.538170" lon="3.869640">
        <ele>3.4</ele>
      </trkpt>
      <trkpt lat="43.538410" lon="3.869870">
        <ele>3.2</ele>
      </trkpt>
      <trkpt lat="43.538470" lon="3.870070">
        <ele>3</ele>
      </trkpt>
      <trkpt lat="43.538540" lon="3.870710">
        <ele>3.3</ele>
      </trkpt>
      <trkpt lat="43.538640" lon="3.872650">
        <ele>1.5</ele>
      </trkpt>
      <trkpt lat="43.538720" lon="3.873550">
        <ele>1.5</ele>
      </trkpt>
      <trkpt lat="43.538860" lon="3.876480">
        <ele>0.7</ele>
      </trkpt>
      <trkpt lat="43.538840" lon="3.877950">
        <ele>0.5</ele>
      </trkpt>
      <trkpt lat="43.538910" lon="3.879390">
        <ele>1.1</ele>
      </trkpt>
      <trkpt lat="43.538950" lon="3.880200">
        <ele>0.6</ele>
      </trkpt>
      <trkpt lat="43.539080" lon="3.881110">
        <ele>1.1</ele>
      </trkpt>
      <trkpt lat="43.539660" lon="3.893630">
        <ele>0.8</ele>
      </trkpt>
      <trkpt lat="43.539730" lon="3.895670">
        <ele>1</ele>
      </trkpt>
      <trkpt lat="43.539700" lon="3.895870">
        <ele>1</ele>
      </trkpt>
      <trkpt lat="43.539510" lon="3.896560">
        <ele>0.7</ele>
      </trkpt>
      <trkpt lat="43.539500" lon="3.896720">
        <ele>1</ele>
      </trkpt>
      <trkpt lat="43.539530" lon="3.897040">
        <ele>1.3</ele>
      </trkpt>
      <trkpt lat="43.539460" lon="3.897700">
        <ele>1.8</ele>
      </trkpt>
      <trkpt lat="43.539500" lon="3.898000">
        <ele>1.7</ele>
      </trkpt>
      <trkpt lat="43.539460" lon="3.898210">
        <ele>1.6</ele>
      </trkpt>
      <trkpt lat="43.539150" lon="3.898720">
        <ele>1</ele>
      </trkpt>
      <trkpt lat="43.538720" lon="3.899210">
        <ele>0.9</ele>
      </trkpt>
      <trkpt lat="43.538290" lon="3.900060">
        <ele>0.6</ele>
      </trkpt>
      <trkpt lat="43.534980" lon="3.905090">
        <ele>1.3</ele>
      </trkpt>
      <trkpt lat="43.534650" lon="3.905610">
        <ele>1.1</ele>
      </trkpt>
      <trkpt lat="43.534360" lon="3.906310">
        <ele>1.2</ele>
      </trkpt>
      <trkpt lat="43.534300" lon="3.906630">
        <ele>1.3</ele>
      </trkpt>
      <trkpt lat="43.534260" lon="3.907020">
        <ele>1.3</ele>
      </trkpt>
      <trkpt lat="43.534270" lon="3.907610">
        <ele>0.7</ele>
      </trkpt>
      <trkpt lat="43.534650" lon="3.910950">
        <ele>0.3</ele>
      </trkpt>
      <trkpt lat="43.534710" lon="3.912330">
        <ele>0.3</ele>
      </trkpt>
      <trkpt lat="43.534690" lon="3.912630">
        <ele>0.5</ele>
      </trkpt>
      <trkpt lat="43.534540" lon="3.913790">
        <ele>1.4</ele>
      </trkpt>
      <trkpt lat="43.534470" lon="3.913980">
        <ele>1.5</ele>
      </trkpt>
      <trkpt lat="43.534300" lon="3.914270">
        <ele>1.9</ele>
      </trkpt>
      <trkpt lat="43.534300" lon="3.914370">
        <ele>1.9</ele>
      </trkpt>
      <trkpt lat="43.534410" lon="3.914630">
        <ele>0.8</ele>
      </trkpt>
      <trkpt lat="43.534340" lon="3.915200">
        <ele>0.4</ele>
      </trkpt>
      <trkpt lat="43.534120" lon="3.915960">
        <ele>0.1</ele>
      </trkpt>
      <trkpt lat="43.533670" lon="3.917060">
        <ele>2.2</ele>
      </trkpt>
      <trkpt lat="43.533380" lon="3.917640">
        <ele>2.2</ele>
      </trkpt>
      <trkpt lat="43.532660" lon="3.918780">
        <ele>1.8</ele>
      </trkpt>
      <trkpt lat="43.532480" lon="3.918680">
        <ele>1.1</ele>
      </trkpt>
      <trkpt lat="43.532360" lon="3.918510">
        <ele>0.2</ele>
      </trkpt>
      <trkpt lat="43.532360" lon="3.918270">
        <ele>0.2</ele>
      </trkpt>
      <trkpt lat="43.532520" lon="3.917970">
        <ele>1.1</ele>
      </trkpt>
      <trkpt lat="43.533330" lon="3.917540">
        <ele>2.2</ele>
      </trkpt>
      <trkpt lat="43.533500" lon="3.917310">
        <ele>2.2</ele>
      </trkpt>
      <trkpt lat="43.533720" lon="3.917470">
        <ele>1.9</ele>
      </trkpt>
      <trkpt lat="43.533860" lon="3.917740">
        <ele>1.6</ele>
      </trkpt>
      <trkpt lat="43.533910" lon="3.917980">
        <ele>1.6</ele>
      </trkpt>
      <trkpt lat="43.533950" lon="3.918040">
        <ele>1.5</ele>
      </trkpt>
      <trkpt lat="43.534180" lon="3.918200">
        <ele>1.5</ele>
      </trkpt>
      <trkpt lat="43.534320" lon="3.918790">
        <ele>1.4</ele>
      </trkpt>
      <trkpt lat="43.534310" lon="3.919140">
        <ele>1.4</ele>
      </trkpt>
      <trkpt lat="43.533300" lon="3.920820">
        <ele>0.4</ele>
      </trkpt>
      <trkpt lat="43.531890" lon="3.923420">
        <ele>0.1</ele>
      </trkpt>
      <trkpt lat="43.531630" lon="3.923960">
        <ele>0.9</ele>
      </trkpt>
      <trkpt lat="43.531510" lon="3.924150">
        <ele>1</ele>
      </trkpt>
      <trkpt lat="43.531450" lon="3.924290">
        <ele>1.2</ele>
      </trkpt>
      <trkpt lat="43.531440" lon="3.924460">
        <ele>1.2</ele>
      </trkpt>
      <trkpt lat="43.531480" lon="3.924620">
        <ele>1.2</ele>
      </trkpt>
      <trkpt lat="43.531610" lon="3.924810">
        <ele>1.2</ele>
      </trkpt>
      <trkpt lat="43.531630" lon="3.924970">
        <ele>0.9</ele>
      </trkpt>
      <trkpt lat="43.531580" lon="3.925230">
        <ele>1.2</ele>
      </trkpt>
      <trkpt lat="43.531650" lon="3.925340">
        <ele>0.9</ele>
      </trkpt>
      <trkpt lat="43.531890" lon="3.925570">
        <ele>0.8</ele>
      </trkpt>
      <trkpt lat="43.531960" lon="3.925810">
        <ele>1.2</ele>
      </trkpt>
      <trkpt lat="43.531980" lon="3.926050">
        <ele>1.2</ele>
      </trkpt>
      <trkpt lat="43.532070" lon="3.926150">
        <ele>1.4</ele>
      </trkpt>
      <trkpt lat="43.532020" lon="3.926450">
        <ele>1.6</ele>
      </trkpt>
      <trkpt lat="43.531930" lon="3.926690">
        <ele>1.8</ele>
      </trkpt>
      <trkpt lat="43.531970" lon="3.926750">
        <ele>1.8</ele>
      </trkpt>
      <trkpt lat="43.532030" lon="3.926780">
        <ele>1.6</ele>
      </trkpt>
      <trkpt lat="43.532220" lon="3.926600">
        <ele>1.5</ele>
      </trkpt>
      <trkpt lat="43.532430" lon="3.926640">
        <ele>1.4</ele>
      </trkpt>
      <trkpt lat="43.532730" lon="3.926540">
        <ele>1.3</ele>
      </trkpt>
      <trkpt lat="43.532920" lon="3.926570">
        <ele>0.8</ele>
      </trkpt>
      <trkpt lat="43.533120" lon="3.926710">
        <ele>0.9</ele>
      </trkpt>
      <trkpt lat="43.534180" lon="3.928070">
        <ele>-0.8</ele>
      </trkpt>
      <trkpt lat="43.534520" lon="3.928630">
        <ele>-0.6</ele>
      </trkpt>
      <trkpt lat="43.534840" lon="3.929380">
        <ele>-0.1</ele>
      </trkpt>
      <trkpt lat="43.535400" lon="3.931360">
        <ele>-0.9</ele>
      </trkpt>
      <trkpt lat="43.535600" lon="3.933210">
        <ele>-0.9</ele>
      </trkpt>
      <trkpt lat="43.535550" lon="3.934400">
        <ele>-0.9</ele>
      </trkpt>
      <trkpt lat="43.535390" lon="3.935620">
        <ele>-0.9</ele>
      </trkpt>
      <trkpt lat="43.535070" lon="3.936880">
        <ele>-0.9</ele>
      </trkpt>
      <trkpt lat="43.534760" lon="3.937870">
        <ele>-0.9</ele>
      </trkpt>
      <trkpt lat="43.534510" lon="3.938100">
        <ele>-0.1</ele>
      </trkpt>
      <trkpt lat="43.534410" lon="3.938390">
        <ele>0.9</ele>
      </trkpt>
      <trkpt lat="43.534680" lon="3.938820">
        <ele>0.9</ele>
      </trkpt>
      <trkpt lat="43.534680" lon="3.939170">
        <ele>1</ele>
      </trkpt>
      <trkpt lat="43.534610" lon="3.940100">
        <ele>0.7</ele>
      </trkpt>
      <trkpt lat="43.534640" lon="3.940790">
        <ele>-0.2</ele>
      </trkpt>
      <trkpt lat="43.534670" lon="3.941330">
        <ele>-0.3</ele>
      </trkpt>
      <trkpt lat="43.534860" lon="3.942870">
        <ele>-0.2</ele>
      </trkpt>
      <trkpt lat="43.535040" lon="3.943660">
        <ele>-0.6</ele>
      </trkpt>
      <trkpt lat="43.535310" lon="3.944510">
        <ele>-0.4</ele>
      </trkpt>
      <trkpt lat="43.535670" lon="3.945490">
        <ele>0.4</ele>
      </trkpt>
      <trkpt lat="43.538890" lon="3.953320">
        <ele>-0.8</ele>
      </trkpt>
      <trkpt lat="43.541310" lon="3.959320">
        <ele>-0.4</ele>
      </trkpt>
      <trkpt lat="43.542710" lon="3.963230">
        <ele>-0.4</ele>
      </trkpt>
      <trkpt lat="43.543170" lon="3.964670">
        <ele>-0.2</ele>
      </trkpt>
      <trkpt lat="43.543860" lon="3.967220">
        <ele>-0.3</ele>
      </trkpt>
      <trkpt lat="43.544020" lon="3.968010">
        <ele>0.7</ele>
      </trkpt>
      <trkpt lat="43.543850" lon="3.968420">
        <ele>1.4</ele>
      </trkpt>
      <trkpt lat="43.543900" lon="3.968520">
        <ele>1.4</ele>
      </trkpt>
      <trkpt lat="43.543880" lon="3.968680">
        <ele>1.8</ele>
      </trkpt>
      <trkpt lat="43.544140" lon="3.968790">
        <ele>1.3</ele>
      </trkpt>
      <trkpt lat="43.544360" lon="3.969010">
        <ele>1</ele>
      </trkpt>
      <trkpt lat="43.544940" lon="3.970080">
        <ele>0.7</ele>
      </trkpt>
      <trkpt lat="43.545430" lon="3.970720">
        <ele>1.1</ele>
      </trkpt>
      <trkpt lat="43.545060" lon="3.971870">
        <ele>2.4</ele>
      </trkpt>
      <trkpt lat="43.545260" lon="3.972010">
        <ele>2.2</ele>
      </trkpt>
      <trkpt lat="43.545650" lon="3.973180">
        <ele>4.6</ele>
      </trkpt>
      <trkpt lat="43.545730" lon="3.973240">
        <ele>5.1</ele>
      </trkpt>
      <trkpt lat="43.545790" lon="3.973400">
        <ele>5.1</ele>
      </trkpt>
      <trkpt lat="43.546130" lon="3.973210">
        <ele>5.6</ele>
      </trkpt>
      <trkpt lat="43.546040" lon="3.972840">
        <ele>5.1</ele>
      </trkpt>
      <trkpt lat="43.546210" lon="3.972220">
        <ele>4.6</ele>
      </trkpt>
      <trkpt lat="43.546440" lon="3.972030">
        <ele>4.3</ele>
      </trkpt>
      <trkpt lat="43.547070" lon="3.972290">
        <ele>3</ele>
      </trkpt>
      <trkpt lat="43.547170" lon="3.972500">
        <ele>3.2</ele>
      </trkpt>
      <trkpt lat="43.548630" lon="3.977050">
        <ele>2.9</ele>
      </trkpt>
      <trkpt lat="43.548670" lon="3.977320">
        <ele>3.2</ele>
      </trkpt>
      <trkpt lat="43.548660" lon="3.977960">
        <ele>3.2</ele>
      </trkpt>
      <trkpt lat="43.548570" lon="3.978410">
        <ele>3.2</ele>
      </trkpt>
      <trkpt lat="43.548240" lon="3.979400">
        <ele>3.4</ele>
      </trkpt>
      <trkpt lat="43.547550" lon="3.981800">
        <ele>3.5</ele>
      </trkpt>
      <trkpt lat="43.547550" lon="3.981970">
        <ele>3.5</ele>
      </trkpt>
      <trkpt lat="43.547640" lon="3.982120">
        <ele>3.6</ele>
      </trkpt>
      <trkpt lat="43.547850" lon="3.982910">
        <ele>3.9</ele>
      </trkpt>
      <trkpt lat="43.548040" lon="3.983420">
        <ele>3.7</ele>
      </trkpt>
      <trkpt lat="43.548460" lon="3.983940">
        <ele>3.8</ele>
      </trkpt>
      <trkpt lat="43.548790" lon="3.984610">
        <ele>3.3</ele>
      </trkpt>
      <trkpt lat="43.549700" lon="3.987520">
        <ele>3.1</ele>
      </trkpt>
      <trkpt lat="43.549700" lon="3.987610">
        <ele>3.1</ele>
      </trkpt>
      <trkpt lat="43.548020" lon="3.988600">
        <ele>4.2</ele>
      </trkpt>
      <trkpt lat="43.548390" lon="3.990080">
        <ele>5.1</ele>
      </trkpt>
      <trkpt lat="43.549830" lon="3.995260">
        <ele>4.1</ele>
      </trkpt>
      <trkpt lat="43.549520" lon="3.995400">
        <ele>4.4</ele>
      </trkpt>
      <trkpt lat="43.552740" lon="4.007530">
        <ele>2.2</ele>
      </trkpt>
      <trkpt lat="43.552960" lon="4.008520">
        <ele>2</ele>
      </trkpt>
      <trkpt lat="43.554550" lon="4.016200">
        <ele>2.7</ele>
      </trkpt>
      <trkpt lat="43.556250" lon="4.024860">
        <ele>2</ele>
      </trkpt>
      <trkpt lat="43.556380" lon="4.026110">
        <ele>1.7</ele>
      </trkpt>
      <trkpt lat="43.557490" lon="4.042130">
        <ele>3.2</ele>
      </trkpt>
      <trkpt lat="43.557840" lon="4.046690">
        <ele>3</ele>
      </trkpt>
      <trkpt lat="43.558100" lon="4.049610">
        <ele>5.3</ele>
      </trkpt>
      <trkpt lat="43.558050" lon="4.049620">
        <ele>5.3</ele>
      </trkpt>
      <trkpt lat="43.558210" lon="4.051370">
        <ele>5.4</ele>
      </trkpt>
      <trkpt lat="43.558290" lon="4.053100">
        <ele>2.5</ele>
      </trkpt>
      <trkpt lat="43.558350" lon="4.057120">
        <ele>3.1</ele>
      </trkpt>
      <trkpt lat="43.558330" lon="4.057830">
        <ele>2.6</ele>
      </trkpt>
      <trkpt lat="43.558360" lon="4.058020">
        <ele>2.9</ele>
      </trkpt>
      <trkpt lat="43.558400" lon="4.058190">
        <ele>3.5</ele>
      </trkpt>
      <trkpt lat="43.558530" lon="4.058440">
        <ele>3.9</ele>
      </trkpt>
      <trkpt lat="43.558630" lon="4.058480">
        <ele>3.8</ele>
      </trkpt>
      <trkpt lat="43.558760" lon="4.058450">
        <ele>3.8</ele>
      </trkpt>
      <trkpt lat="43.558830" lon="4.058530">
        <ele>3.5</ele>
      </trkpt>
      <trkpt lat="43.558980" lon="4.058550">
        <ele>3.3</ele>
      </trkpt>
      <trkpt lat="43.559040" lon="4.058300">
        <ele>3.2</ele>
      </trkpt>
      <trkpt lat="43.559210" lon="4.058040">
        <ele>3</ele>
      </trkpt>
      <trkpt lat="43.559310" lon="4.058000">
        <ele>3</ele>
      </trkpt>
      <trkpt lat="43.559770" lon="4.057970">
        <ele>3.4</ele>
      </trkpt>
      <trkpt lat="43.559940" lon="4.058320">
        <ele>3</ele>
      </trkpt>
      <trkpt lat="43.560110" lon="4.058460">
        <ele>2.8</ele>
      </trkpt>
      <trkpt lat="43.560460" lon="4.058640">
        <ele>3.1</ele>
      </trkpt>
      <trkpt lat="43.560890" lon="4.058810">
        <ele>3.4</ele>
      </trkpt>
      <trkpt lat="43.561150" lon="4.059180">
        <ele>3.8</ele>
      </trkpt>
      <trkpt lat="43.561200" lon="4.059810">
        <ele>4.8</ele>
      </trkpt>
      <trkpt lat="43.561450" lon="4.060080">
        <ele>4.9</ele>
      </trkpt>
      <trkpt lat="43.561770" lon="4.060900">
        <ele>5.7</ele>
      </trkpt>
      <trkpt lat="43.562050" lon="4.061300">
        <ele>6.2</ele>
      </trkpt>
      <trkpt lat="43.562120" lon="4.061520">
        <ele>6.6</ele>
      </trkpt>
      <trkpt lat="43.561680" lon="4.067920">
        <ele>7</ele>
      </trkpt>
      <trkpt lat="43.561600" lon="4.068210">
        <ele>6.3</ele>
      </trkpt>
      <trkpt lat="43.561160" lon="4.068890">
        <ele>6.7</ele>
      </trkpt>
      <trkpt lat="43.561180" lon="4.069210">
        <ele>6.7</ele>
      </trkpt>
      <trkpt lat="43.561080" lon="4.069320">
        <ele>7</ele>
      </trkpt>
      <trkpt lat="43.560290" lon="4.070480">
        <ele>8.1</ele>
      </trkpt>
      <trkpt lat="43.560230" lon="4.070660">
        <ele>7.8</ele>
      </trkpt>
      <trkpt lat="43.560210" lon="4.070830">
        <ele>7.6</ele>
      </trkpt>
      <trkpt lat="43.560600" lon="4.071900">
        <ele>6.5</ele>
      </trkpt>
      <trkpt lat="43.560770" lon="4.072190">
        <ele>6</ele>
      </trkpt>
      <trkpt lat="43.560280" lon="4.072550">
        <ele>6.5</ele>
      </trkpt>
      <trkpt lat="43.560280" lon="4.073700">
        <ele>4.9</ele>
      </trkpt>
      <trkpt lat="43.560120" lon="4.073680">
        <ele>5.1</ele>
      </trkpt>
      <trkpt lat="43.558340" lon="4.075210">
        <ele>5.2</ele>
      </trkpt>
      <trkpt lat="43.558320" lon="4.075770">
        <ele>4.6</ele>
      </trkpt>
      <trkpt lat="43.560980" lon="4.081840">
        <ele>6.4</ele>
      </trkpt>
      <trkpt lat="43.561980" lon="4.084380">
        <ele>7.6</ele>
      </trkpt>
      <trkpt lat="43.560690" lon="4.085410">
        <ele>6.9</ele>
      </trkpt>
      <trkpt lat="43.560990" lon="4.086330">
        <ele>7.6</ele>
      </trkpt>
      <trkpt lat="43.561010" lon="4.086590">
        <ele>7.6</ele>
      </trkpt>
      <trkpt lat="43.561300" lon="4.087460">
        <ele>7.7</ele>
      </trkpt>
      <trkpt lat="43.560830" lon="4.087930">
        <ele>7.9</ele>
      </trkpt>
      <trkpt lat="43.561830" lon="4.090580">
        <ele>7.5</ele>
      </trkpt>
      <trkpt lat="43.562050" lon="4.090580">
        <ele>7.4</ele>
      </trkpt>
      <trkpt lat="43.562190" lon="4.090760">
        <ele>7.8</ele>
      </trkpt>
      <trkpt lat="43.562180" lon="4.091080">
        <ele>8</ele>
      </trkpt>
      <trkpt lat="43.562370" lon="4.091740">
        <ele>7.8</ele>
      </trkpt>
      <trkpt lat="43.562480" lon="4.091940">
        <ele>7.7</ele>
      </trkpt>
      <trkpt lat="43.562560" lon="4.092410">
        <ele>7.2</ele>
      </trkpt>
      <trkpt lat="43.562520" lon="4.092520">
        <ele>7.2</ele>
      </trkpt>
      <trkpt lat="43.562540" lon="4.092790">
        <ele>6.6</ele>
      </trkpt>
      <trkpt lat="43.562630" lon="4.093150">
        <ele>5.8</ele>
      </trkpt>
      <trkpt lat="43.562720" lon="4.093830">
        <ele>5</ele>
      </trkpt>
      <trkpt lat="43.562700" lon="4.094280">
        <ele>5.6</ele>
      </trkpt>
      <trkpt lat="43.562620" lon="4.094840">
        <ele>5.1</ele>
      </trkpt>
      <trkpt lat="43.562130" lon="4.095320">
        <ele>4.7</ele>
      </trkpt>
      <trkpt lat="43.561870" lon="4.095660">
        <ele>4.2</ele>
      </trkpt>
      <trkpt lat="43.561660" lon="4.095760">
        <ele>4.1</ele>
      </trkpt>
      <trkpt lat="43.560890" lon="4.096300">
        <ele>4.4</ele>
      </trkpt>
      <trkpt lat="43.560850" lon="4.096430">
        <ele>4.5</ele>
      </trkpt>
      <trkpt lat="43.560680" lon="4.096650">
        <ele>4.4</ele>
      </trkpt>
      <trkpt lat="43.560190" lon="4.096930">
        <ele>4.2</ele>
      </trkpt>
      <trkpt lat="43.559240" lon="4.097690">
        <ele>5</ele>
      </trkpt>
      <trkpt lat="43.559240" lon="4.097790">
        <ele>4.9</ele>
      </trkpt>
      <trkpt lat="43.558590" lon="4.098330">
        <ele>4.4</ele>
      </trkpt>
      <trkpt lat="43.558530" lon="4.098270">
        <ele>4.6</ele>
      </trkpt>
      <trkpt lat="43.558090" lon="4.098650">
        <ele>4.4</ele>
      </trkpt>
      <trkpt lat="43.558100" lon="4.098780">
        <ele>4.4</ele>
      </trkpt>
      <trkpt lat="43.557860" lon="4.098820">
        <ele>4.4</ele>
      </trkpt>
      <trkpt lat="43.557530" lon="4.099030">
        <ele>4.5</ele>
      </trkpt>
      <trkpt lat="43.557460" lon="4.099190">
        <ele>4.5</ele>
      </trkpt>
      <trkpt lat="43.557110" lon="4.099340">
        <ele>5</ele>
      </trkpt>
      <trkpt lat="43.557010" lon="4.099410">
        <ele>5.5</ele>
      </trkpt>
      <trkpt lat="43.556570" lon="4.099830">
        <ele>6.4</ele>
      </trkpt>
      <trkpt lat="43.556410" lon="4.100150">
        <ele>6.6</ele>
      </trkpt>
      <trkpt lat="43.556610" lon="4.100290">
        <ele>5.9</ele>
      </trkpt>
      <trkpt lat="43.555710" lon="4.103090">
        <ele>2.4</ele>
      </trkpt>
      <trkpt lat="43.555570" lon="4.103680">
        <ele>2.7</ele>
      </trkpt>
      <trkpt lat="43.554910" lon="4.107050">
        <ele>1.8</ele>
      </trkpt>
      <trkpt lat="43.554660" lon="4.108080">
        <ele>2.4</ele>
      </trkpt>
      <trkpt lat="43.554600" lon="4.108200">
        <ele>2.4</ele>
      </trkpt>
      <trkpt lat="43.554430" lon="4.108270">
        <ele>2.3</ele>
      </trkpt>
      <trkpt lat="43.554360" lon="4.108390">
        <ele>2.3</ele>
      </trkpt>
      <trkpt lat="43.554400" lon="4.108540">
        <ele>2</ele>
      </trkpt>
      <trkpt lat="43.554380" lon="4.108820">
        <ele>1.6</ele>
      </trkpt>
      <trkpt lat="43.553760" lon="4.110140">
        <ele>2.5</ele>
      </trkpt>
      <trkpt lat="43.553360" lon="4.111130">
        <ele>1.4</ele>
      </trkpt>
      <trkpt lat="43.551900" lon="4.115510">
        <ele>3</ele>
      </trkpt>
      <trkpt lat="43.551250" lon="4.117350">
        <ele>6</ele>
      </trkpt>
      <trkpt lat="43.551170" lon="4.117510">
        <ele>5.7</ele>
      </trkpt>
      <trkpt lat="43.550840" lon="4.117660">
        <ele>4.8</ele>
      </trkpt>
      <trkpt lat="43.550770" lon="4.117830">
        <ele>5.1</ele>
      </trkpt>
      <trkpt lat="43.550890" lon="4.118330">
        <ele>6.7</ele>
      </trkpt>
      <trkpt lat="43.550890" lon="4.118430">
        <ele>6.7</ele>
      </trkpt>
      <trkpt lat="43.550240" lon="4.120580">
        <ele>6</ele>
      </trkpt>
      <trkpt lat="43.550000" lon="4.121200">
        <ele>4</ele>
      </trkpt>
      <trkpt lat="43.549650" lon="4.121760">
        <ele>2.9</ele>
      </trkpt>
      <trkpt lat="43.549200" lon="4.122290">
        <ele>4.3</ele>
      </trkpt>
      <trkpt lat="43.547430" lon="4.123390">
        <ele>5.3</ele>
      </trkpt>
      <trkpt lat="43.547080" lon="4.123690">
        <ele>5.6</ele>
      </trkpt>
      <trkpt lat="43.546600" lon="4.124280">
        <ele>5.9</ele>
      </trkpt>
      <trkpt lat="43.546440" lon="4.124500">
        <ele>4.7</ele>
      </trkpt>
      <trkpt lat="43.546100" lon="4.125170">
        <ele>3.7</ele>
      </trkpt>
      <trkpt lat="43.545380" lon="4.126390">
        <ele>2.4</ele>
      </trkpt>
      <trkpt lat="43.543470" lon="4.129470">
        <ele>1.4</ele>
      </trkpt>
      <trkpt lat="43.543010" lon="4.130130">
        <ele>3</ele>
      </trkpt>
      <trkpt lat="43.541760" lon="4.131760">
        <ele>4.7</ele>
      </trkpt>
      <trkpt lat="43.540850" lon="4.133170">
        <ele>3.5</ele>
      </trkpt>
      <trkpt lat="43.540060" lon="4.134080">
        <ele>4.7</ele>
      </trkpt>
      <trkpt lat="43.539610" lon="4.135890">
        <ele>1.9</ele>
      </trkpt>
      <trkpt lat="43.539290" lon="4.136370">
        <ele>2.6</ele>
      </trkpt>
      <trkpt lat="43.538110" lon="4.136930">
        <ele>4.7</ele>
      </trkpt>
      <trkpt lat="43.537380" lon="4.137560">
        <ele>3.3</ele>
      </trkpt>
      <trkpt lat="43.537380" lon="4.137760">
        <ele>3</ele>
      </trkpt>
      <trkpt lat="43.537500" lon="4.138030">
        <ele>2.5</ele>
      </trkpt>
      <trkpt lat="43.537560" lon="4.138020">
        <ele>2.5</ele>
      </trkpt>
      <trkpt lat="43.539430" lon="4.142020">
        <ele>2.3</ele>
      </trkpt>
      <trkpt lat="43.539490" lon="4.142200">
        <ele>2.5</ele>
      </trkpt>
      <trkpt lat="43.539770" lon="4.143380">
        <ele>1.7</ele>
      </trkpt>
      <trkpt lat="43.539770" lon="4.143380">
        <ele>1.7</ele>
      </trkpt>
      <trkpt lat="43.540340" lon="4.144160">
        <ele>0.1</ele>
      </trkpt>
      <trkpt lat="43.542340" lon="4.148460">
        <ele>1</ele>
      </trkpt>
      <trkpt lat="43.548530" lon="4.162820">
        <ele>0.3</ele>
      </trkpt>
      <trkpt lat="43.553570" lon="4.174870">
        <ele>0.3</ele>
      </trkpt>
      <trkpt lat="43.556400" lon="4.180140">
        <ele>-1.3</ele>
      </trkpt>
      <trkpt lat="43.557590" lon="4.182150">
        <ele>1</ele>
      </trkpt>
      <trkpt lat="43.558900" lon="4.183600">
        <ele>0.5</ele>
      </trkpt>
      <trkpt lat="43.560920" lon="4.184870">
        <ele>0.9</ele>
      </trkpt>
      <trkpt lat="43.563650" lon="4.185750">
        <ele>0.9</ele>
      </trkpt>
      <trkpt lat="43.564810" lon="4.186170">
        <ele>1.3</ele>
      </trkpt>
      <trkpt lat="43.565520" lon="4.187060">
        <ele>1.2</ele>
      </trkpt>
      <trkpt lat="43.565860" lon="4.187260">
        <ele>1.2</ele>
      </trkpt>
      <trkpt lat="43.568790" lon="4.189400">
        <ele>0.1</ele>
      </trkpt>
      <trkpt lat="43.569100" lon="4.189680">
        <ele>-0.1</ele>
      </trkpt>
      <trkpt lat="43.569100" lon="4.189720">
        <ele>-0.1</ele>
      </trkpt>
      <trkpt lat="43.568710" lon="4.190320">
        <ele>1.5</ele>
      </trkpt>
      <trkpt lat="43.568560" lon="4.190620">
        <ele>2</ele>
      </trkpt>
      <trkpt lat="43.568470" lon="4.190870">
        <ele>3</ele>
      </trkpt>
      <trkpt lat="43.568470" lon="4.191060">
        <ele>3.3</ele>
      </trkpt>
      <trkpt lat="43.568520" lon="4.191160">
        <ele>3.3</ele>
      </trkpt>
      <trkpt lat="43.568880" lon="4.191570">
        <ele>2.4</ele>
      </trkpt>
      <trkpt lat="43.569380" lon="4.191970">
        <ele>1.8</ele>
      </trkpt>
      <trkpt lat="43.569390" lon="4.191910">
        <ele>1.8</ele>
      </trkpt>
      <trkpt lat="43.569730" lon="4.192100">
        <ele>1.7</ele>
      </trkpt>
      <trkpt lat="43.569800" lon="4.192100">
        <ele>1.7</ele>
      </trkpt>
      <trkpt lat="43.569880" lon="4.192060">
        <ele>1.7</ele>
      </trkpt>
      <trkpt lat="43.570340" lon="4.191420">
        <ele>2.6</ele>
      </trkpt>
      <trkpt lat="43.570610" lon="4.191320">
        <ele>2.7</ele>
      </trkpt>
      <trkpt lat="43.570550" lon="4.191200">
        <ele>2.9</ele>
      </trkpt>
      <trkpt lat="43.570470" lon="4.191170">
        <ele>2.8</ele>
      </trkpt>
      <trkpt lat="43.570160" lon="4.191600">
        <ele>2.1</ele>
      </trkpt>
      <trkpt lat="43.570080" lon="4.191750">
        <ele>1.9</ele>
      </trkpt>
      <trkpt lat="43.570100" lon="4.191820">
        <ele>1.9</ele>
      </trkpt>
      <trkpt lat="43.570190" lon="4.191910">
        <ele>1.9</ele>
      </trkpt>
      <trkpt lat="43.570320" lon="4.191900">
        <ele>2.1</ele>
      </trkpt>
      <trkpt lat="43.570460" lon="4.192080">
        <ele>2.1</ele>
      </trkpt>
      <trkpt lat="43.570500" lon="4.192020">
        <ele>2.3</ele>
      </trkpt>
      <trkpt lat="43.571900" lon="4.193910">
        <ele>2.4</ele>
      </trkpt>
      <trkpt lat="43.572010" lon="4.194170">
        <ele>2.4</ele>
      </trkpt>
      <trkpt lat="43.572250" lon="4.194500">
        <ele>2.3</ele>
      </trkpt>
      <trkpt lat="43.572550" lon="4.194800">
        <ele>2.1</ele>
      </trkpt>
      <trkpt lat="43.572990" lon="4.195450">
        <ele>1.7</ele>
      </trkpt>
      <trkpt lat="43.573050" lon="4.195650">
        <ele>1.5</ele>
      </trkpt>
      <trkpt lat="43.573170" lon="4.195810">
        <ele>1.5</ele>
      </trkpt>
      <trkpt lat="43.573360" lon="4.196030">
        <ele>1.4</ele>
      </trkpt>
      <trkpt lat="43.574970" lon="4.198210">
        <ele>0.9</ele>
      </trkpt>
      <trkpt lat="43.575210" lon="4.198390">
        <ele>1.3</ele>
      </trkpt>
      <trkpt lat="43.575760" lon="4.199120">
        <ele>1.4</ele>
      </trkpt>
      <trkpt lat="43.575970" lon="4.199550">
        <ele>1.4</ele>
      </trkpt>
      <trkpt lat="43.579670" lon="4.204630">
        <ele>2.2</ele>
      </trkpt>
      <trkpt lat="43.580750" lon="4.206210">
        <ele>2.7</ele>
      </trkpt>
      <trkpt lat="43.587440" lon="4.215440">
        <ele>3</ele>
      </trkpt>
      <trkpt lat="43.587520" lon="4.215660">
        <ele>2.4</ele>
      </trkpt>
      <trkpt lat="43.587640" lon="4.215860">
        <ele>2.2</ele>
      </trkpt>
      <trkpt lat="43.587870" lon="4.216040">
        <ele>1.3</ele>
      </trkpt>
      <trkpt lat="43.588290" lon="4.216610">
        <ele>1.1</ele>
      </trkpt>
      <trkpt lat="43.588580" lon="4.216900">
        <ele>0.4</ele>
      </trkpt>
      <trkpt lat="43.588670" lon="4.216850">
        <ele>-0.6</ele>
      </trkpt>
      <trkpt lat="43.588700" lon="4.216780">
        <ele>-0.6</ele>
      </trkpt>
      <trkpt lat="43.588660" lon="4.216480">
        <ele>-0.8</ele>
      </trkpt>
      <trkpt lat="43.587770" lon="4.213780">
        <ele>0.2</ele>
      </trkpt>
      <trkpt lat="43.587510" lon="4.212800">
        <ele>-0.9</ele>
      </trkpt>
      <trkpt lat="43.587390" lon="4.212120">
        <ele>-0.8</ele>
      </trkpt>
      <trkpt lat="43.587280" lon="4.211360">
        <ele>-0.6</ele>
      </trkpt>
      <trkpt lat="43.587250" lon="4.210800">
        <ele>1</ele>
      </trkpt>
      <trkpt lat="43.587260" lon="4.210560">
        <ele>0.9</ele>
      </trkpt>
      <trkpt lat="43.587390" lon="4.210180">
        <ele>-0.6</ele>
      </trkpt>
      <trkpt lat="43.587380" lon="4.209910">
        <ele>-0.5</ele>
      </trkpt>
      <trkpt lat="43.587300" lon="4.209790">
        <ele>-0.4</ele>
      </trkpt>
      <trkpt lat="43.587210" lon="4.209730">
        <ele>1.6</ele>
      </trkpt>
      <trkpt lat="43.586870" lon="4.209580">
        <ele>4.2</ele>
      </trkpt>
      <trkpt lat="43.586610" lon="4.209510">
        <ele>5.3</ele>
      </trkpt>
      <trkpt lat="43.586050" lon="4.209450">
        <ele>7.2</ele>
      </trkpt>
      <trkpt lat="43.585970" lon="4.209470">
        <ele>7.2</ele>
      </trkpt>
      <trkpt lat="43.585970" lon="4.209590">
        <ele>6</ele>
      </trkpt>
      <trkpt lat="43.586290" lon="4.209600">
        <ele>5.7</ele>
      </trkpt>
      <trkpt lat="43.586410" lon="4.209660">
        <ele>5.2</ele>
      </trkpt>
      <trkpt lat="43.586650" lon="4.209890">
        <ele>4</ele>
      </trkpt>
      <trkpt lat="43.586990" lon="4.210080">
        <ele>2.8</ele>
      </trkpt>
      <trkpt lat="43.588550" lon="4.210090">
        <ele>1.3</ele>
      </trkpt>
      <trkpt lat="43.589370" lon="4.210340">
        <ele>1.8</ele>
      </trkpt>
      <trkpt lat="43.589370" lon="4.210450">
        <ele>1.8</ele>
      </trkpt>
      <trkpt lat="43.589290" lon="4.210500">
        <ele>1.8</ele>
      </trkpt>
      <trkpt lat="43.588870" lon="4.210620">
        <ele>1.8</ele>
      </trkpt>
      <trkpt lat="43.588690" lon="4.210430">
        <ele>1.7</ele>
      </trkpt>
      <trkpt lat="43.588410" lon="4.210410">
        <ele>1.5</ele>
      </trkpt>
      <trkpt lat="43.588180" lon="4.210510">
        <ele>1.1</ele>
      </trkpt>
      <trkpt lat="43.588140" lon="4.210600">
        <ele>1.1</ele>
      </trkpt>
      <trkpt lat="43.588350" lon="4.212150">
        <ele>0.1</ele>
      </trkpt>
      <trkpt lat="43.588700" lon="4.213510">
        <ele>0.1</ele>
      </trkpt>
      <trkpt lat="43.590390" lon="4.218700">
        <ele>-0.9</ele>
      </trkpt>
      <trkpt lat="43.590810" lon="4.219720">
        <ele>0.6</ele>
      </trkpt>
      <trkpt lat="43.591320" lon="4.220670">
        <ele>1.3</ele>
      </trkpt>
      <trkpt lat="43.591750" lon="4.221320">
        <ele>0.8</ele>
      </trkpt>
      <trkpt lat="43.594180" lon="4.224680">
        <ele>0.3</ele>
      </trkpt>
      <trkpt lat="43.594600" lon="4.225300">
        <ele>0.3</ele>
      </trkpt>
      <trkpt lat="43.594700" lon="4.225500">
        <ele>0.3</ele>
      </trkpt>
      <trkpt lat="43.594890" lon="4.225760">
        <ele>0.2</ele>
      </trkpt>
      <trkpt lat="43.595140" lon="4.225990">
        <ele>1.5</ele>
      </trkpt>
      <trkpt lat="43.605840" lon="4.240670">
        <ele>0.2</ele>
      </trkpt>
      <trkpt lat="43.606180" lon="4.241140">
        <ele>0.4</ele>
      </trkpt>
      <trkpt lat="43.606380" lon="4.241540">
        <ele>0.3</ele>
      </trkpt>
      <trkpt lat="43.607010" lon="4.242310">
        <ele>0.5</ele>
      </trkpt>
      <trkpt lat="43.618990" lon="4.258810">
        <ele>1.2</ele>
      </trkpt>
      <trkpt lat="43.619400" lon="4.259430">
        <ele>0.4</ele>
      </trkpt>
      <trkpt lat="43.619730" lon="4.259840">
        <ele>-0.3</ele>
      </trkpt>
      <trkpt lat="43.620130" lon="4.260430">
        <ele>0.1</ele>
      </trkpt>
      <trkpt lat="43.624870" lon="4.266940">
        <ele>0.4</ele>
      </trkpt>
      <trkpt lat="43.629890" lon="4.273910">
        <ele>1.2</ele>
      </trkpt>
      <trkpt lat="43.630300" lon="4.274670">
        <ele>0.7</ele>
      </trkpt>
      <trkpt lat="43.631030" lon="4.276290">
        <ele>0.9</ele>
      </trkpt>
      <trkpt lat="43.635120" lon="4.285980">
        <ele>1</ele>
      </trkpt>
      <trkpt lat="43.636210" lon="4.288480">
        <ele>0.4</ele>
      </trkpt>
      <trkpt lat="43.636680" lon="4.290340">
        <ele>0.3</ele>
      </trkpt>
      <trkpt lat="43.637580" lon="4.295560">
        <ele>0.3</ele>
      </trkpt>
      <trkpt lat="43.637790" lon="4.296470">
        <ele>1</ele>
      </trkpt>
      <trkpt lat="43.638060" lon="4.298000">
        <ele>1.3</ele>
      </trkpt>
      <trkpt lat="43.638450" lon="4.298110">
        <ele>1.2</ele>
      </trkpt>
      <trkpt lat="43.638680" lon="4.298240">
        <ele>1.3</ele>
      </trkpt>
      <trkpt lat="43.638270" lon="4.298270">
        <ele>1.4</ele>
      </trkpt>
      <trkpt lat="43.637400" lon="4.298500">
        <ele>2</ele>
      </trkpt>
      <trkpt lat="43.637040" lon="4.298680">
        <ele>1.7</ele>
      </trkpt>
      <trkpt lat="43.636820" lon="4.298950">
        <ele>1.2</ele>
      </trkpt>
      <trkpt lat="43.636260" lon="4.300000">
        <ele>0.2</ele>
      </trkpt>
      <trkpt lat="43.635910" lon="4.300520">
        <ele>-0.2</ele>
      </trkpt>
      <trkpt lat="43.632080" lon="4.305170">
        <ele>-0.6</ele>
      </trkpt>
      <trkpt lat="43.627540" lon="4.310550">
        <ele>0.3</ele>
      </trkpt>
      <trkpt lat="43.614630" lon="4.325950">
        <ele>-0.4</ele>
      </trkpt>
      <trkpt lat="43.610310" lon="4.330970">
        <ele>1.2</ele>
      </trkpt>
      <trkpt lat="43.607160" lon="4.334900">
        <ele>0.3</ele>
      </trkpt>
      <trkpt lat="43.606030" lon="4.336140">
        <ele>0.9</ele>
      </trkpt>
      <trkpt lat="43.605340" lon="4.336510">
        <ele>1.8</ele>
      </trkpt>
      <trkpt lat="43.605420" lon="4.337200">
        <ele>2.1</ele>
      </trkpt>
      <trkpt lat="43.605280" lon="4.338050">
        <ele>2</ele>
      </trkpt>
      <trkpt lat="43.605230" lon="4.339260">
        <ele>2.1</ele>
      </trkpt>
      <trkpt lat="43.604980" lon="4.340830">
        <ele>1.9</ele>
      </trkpt>
      <trkpt lat="43.604810" lon="4.343000">
        <ele>0.9</ele>
      </trkpt>
      <trkpt lat="43.604790" lon="4.344350">
        <ele>1</ele>
      </trkpt>
      <trkpt lat="43.604720" lon="4.346230">
        <ele>1.4</ele>
      </trkpt>
      <trkpt lat="43.604450" lon="4.349030">
        <ele>2.1</ele>
      </trkpt>
      <trkpt lat="43.604810" lon="4.354940">
        <ele>-0.6</ele>
      </trkpt>
      <trkpt lat="43.605250" lon="4.357690">
        <ele>1.5</ele>
      </trkpt>
      <trkpt lat="43.605240" lon="4.358220">
        <ele>1.7</ele>
      </trkpt>
      <trkpt lat="43.604910" lon="4.359290">
        <ele>1.4</ele>
      </trkpt>
      <trkpt lat="43.604760" lon="4.360000">
        <ele>1.3</ele>
      </trkpt>
      <trkpt lat="43.604710" lon="4.360570">
        <ele>0.9</ele>
      </trkpt>
      <trkpt lat="43.604890" lon="4.361390">
        <ele>0.8</ele>
      </trkpt>
      <trkpt lat="43.604910" lon="4.367100">
        <ele>1.4</ele>
      </trkpt>
      <trkpt lat="43.604820" lon="4.369990">
        <ele>0.9</ele>
      </trkpt>
      <trkpt lat="43.605170" lon="4.372870">
        <ele>0.2</ele>
      </trkpt>
      <trkpt lat="43.605700" lon="4.376630">
        <ele>1.8</ele>
      </trkpt>
      <trkpt lat="43.605570" lon="4.382360">
        <ele>1.3</ele>
      </trkpt>
      <trkpt lat="43.606560" lon="4.385240">
        <ele>1.1</ele>
      </trkpt>
      <trkpt lat="43.608580" lon="4.389170">
        <ele>1.1</ele>
      </trkpt>
      <trkpt lat="43.608820" lon="4.389230">
        <ele>0.9</ele>
      </trkpt>
      <trkpt lat="43.609020" lon="4.389700">
        <ele>1</ele>
      </trkpt>
      <trkpt lat="43.609340" lon="4.390060">
        <ele>0.9</ele>
      </trkpt>
      <trkpt lat="43.609620" lon="4.390600">
        <ele>0.8</ele>
      </trkpt>
      <trkpt lat="43.610000" lon="4.392090">
        <ele>0.4</ele>
      </trkpt>
      <trkpt lat="43.610800" lon="4.394530">
        <ele>0.3</ele>
      </trkpt>
      <trkpt lat="43.611180" lon="4.395870">
        <ele>0.6</ele>
      </trkpt>
      <trkpt lat="43.611440" lon="4.398670">
        <ele>1.6</ele>
      </trkpt>
      <trkpt lat="43.613100" lon="4.413130">
        <ele>1.1</ele>
      </trkpt>
      <trkpt lat="43.613220" lon="4.413400">
        <ele>0.9</ele>
      </trkpt>
      <trkpt lat="43.614110" lon="4.413820">
        <ele>2.7</ele>
      </trkpt>
      <trkpt lat="43.614410" lon="4.414250">
        <ele>2.4</ele>
      </trkpt>
      <trkpt lat="43.615880" lon="4.415110">
        <ele>3.1</ele>
      </trkpt>
      <trkpt lat="43.617170" lon="4.416080">
        <ele>2.4</ele>
      </trkpt>
      <trkpt lat="43.618420" lon="4.416880">
        <ele>2.2</ele>
      </trkpt>
      <trkpt lat="43.618950" lon="4.417480">
        <ele>2.2</ele>
      </trkpt>
      <trkpt lat="43.620050" lon="4.418040">
        <ele>2.3</ele>
      </trkpt>
      <trkpt lat="43.620770" lon="4.418690">
        <ele>1.4</ele>
      </trkpt>
      <trkpt lat="43.622290" lon="4.420200">
        <ele>0.6</ele>
      </trkpt>
      <trkpt lat="43.622800" lon="4.421000">
        <ele>0.9</ele>
      </trkpt>
      <trkpt lat="43.623160" lon="4.421440">
        <ele>1.8</ele>
      </trkpt>
      <trkpt lat="43.624050" lon="4.422110">
        <ele>2.9</ele>
      </trkpt>
      <trkpt lat="43.624190" lon="4.422410">
        <ele>2.6</ele>
      </trkpt>
      <trkpt lat="43.624320" lon="4.422820">
        <ele>2.4</ele>
      </trkpt>
      <trkpt lat="43.624830" lon="4.424730">
        <ele>1.7</ele>
      </trkpt>
      <trkpt lat="43.625070" lon="4.424890">
        <ele>1.8</ele>
      </trkpt>
      <trkpt lat="43.626900" lon="4.425500">
        <ele>3.2</ele>
      </trkpt>
      <trkpt lat="43.628640" lon="4.425910">
        <ele>4.2</ele>
      </trkpt>
      <trkpt lat="43.629130" lon="4.425860">
        <ele>4.3</ele>
      </trkpt>
      <trkpt lat="43.629420" lon="4.425530">
        <ele>4.4</ele>
      </trkpt>
      <trkpt lat="43.629710" lon="4.425570">
        <ele>4.4</ele>
      </trkpt>
      <trkpt lat="43.632290" lon="4.427360">
        <ele>2.5</ele>
      </trkpt>
      <trkpt lat="43.633290" lon="4.428260">
        <ele>2.4</ele>
      </trkpt>
      <trkpt lat="43.636170" lon="4.430620">
        <ele>2.5</ele>
      </trkpt>
      <trkpt lat="43.638030" lon="4.431420">
        <ele>3.1</ele>
      </trkpt>
      <trkpt lat="43.640880" lon="4.432590">
        <ele>1.6</ele>
      </trkpt>
      <trkpt lat="43.641090" lon="4.432640">
        <ele>1.6</ele>
      </trkpt>
      <trkpt lat="43.641450" lon="4.432650">
        <ele>1.8</ele>
      </trkpt>
      <trkpt lat="43.641790" lon="4.432550">
        <ele>2.6</ele>
      </trkpt>
      <trkpt lat="43.644370" lon="4.430740">
        <ele>4.1</ele>
      </trkpt>
      <trkpt lat="43.644710" lon="4.430620">
        <ele>4.7</ele>
      </trkpt>
      <trkpt lat="43.645120" lon="4.430600">
        <ele>4.9</ele>
      </trkpt>
      <trkpt lat="43.645440" lon="4.430660">
        <ele>4.6</ele>
      </trkpt>
      <trkpt lat="43.645790" lon="4.431000">
        <ele>4.6</ele>
      </trkpt>
      <trkpt lat="43.646500" lon="4.432910">
        <ele>4.1</ele>
      </trkpt>
      <trkpt lat="43.647280" lon="4.435180">
        <ele>4.9</ele>
      </trkpt>
      <trkpt lat="43.647810" lon="4.435680">
        <ele>4.4</ele>
      </trkpt>
      <trkpt lat="43.649080" lon="4.436450">
        <ele>2.5</ele>
      </trkpt>
      <trkpt lat="43.651020" lon="4.437840">
        <ele>1.8</ele>
      </trkpt>
      <trkpt lat="43.651800" lon="4.438140">
        <ele>2.1</ele>
      </trkpt>
      <trkpt lat="43.654780" lon="4.439520">
        <ele>0.7</ele>
      </trkpt>
      <trkpt lat="43.657030" lon="4.440470">
        <ele>2.1</ele>
      </trkpt>
      <trkpt lat="43.658630" lon="4.440730">
        <ele>2.3</ele>
      </trkpt>
      <trkpt lat="43.661430" lon="4.441750">
        <ele>1.4</ele>
      </trkpt>
      <trkpt lat="43.662860" lon="4.442120">
        <ele>0.6</ele>
      </trkpt>
      <trkpt lat="43.663340" lon="4.442110">
        <ele>0.9</ele>
      </trkpt>
      <trkpt lat="43.664790" lon="4.441570">
        <ele>2.4</ele>
      </trkpt>
      <trkpt lat="43.665340" lon="4.441950">
        <ele>1.8</ele>
      </trkpt>
      <trkpt lat="43.666040" lon="4.442320">
        <ele>1.7</ele>
      </trkpt>
      <trkpt lat="43.666780" lon="4.442780">
        <ele>3</ele>
      </trkpt>
      <trkpt lat="43.668350" lon="4.443160">
        <ele>2</ele>
      </trkpt>
      <trkpt lat="43.669050" lon="4.443400">
        <ele>2.5</ele>
      </trkpt>
      <trkpt lat="43.669960" lon="4.443920">
        <ele>3.3</ele>
      </trkpt>
      <trkpt lat="43.669170" lon="4.445780">
        <ele>4.3</ele>
      </trkpt>
      <trkpt lat="43.669190" lon="4.446050">
        <ele>4.2</ele>
      </trkpt>
      <trkpt lat="43.672460" lon="4.448540">
        <ele>3</ele>
      </trkpt>
      <trkpt lat="43.672510" lon="4.448790">
        <ele>2.9</ele>
      </trkpt>
      <trkpt lat="43.672360" lon="4.449240">
        <ele>2.4</ele>
      </trkpt>
      <trkpt lat="43.671110" lon="4.452220">
        <ele>3.6</ele>
      </trkpt>
      <trkpt lat="43.673740" lon="4.456480">
        <ele>2</ele>
      </trkpt>
      <trkpt lat="43.674010" lon="4.456520">
        <ele>1.9</ele>
      </trkpt>
      <trkpt lat="43.674070" lon="4.457080">
        <ele>1.6</ele>
      </trkpt>
      <trkpt lat="43.674120" lon="4.457320">
        <ele>1.6</ele>
      </trkpt>
      <trkpt lat="43.674240" lon="4.457570">
        <ele>1.5</ele>
      </trkpt>
      <trkpt lat="43.674450" lon="4.457840">
        <ele>1.6</ele>
      </trkpt>
      <trkpt lat="43.674630" lon="4.458010">
        <ele>1.7</ele>
      </trkpt>
      <trkpt lat="43.674880" lon="4.458150">
        <ele>2.2</ele>
      </trkpt>
      <trkpt lat="43.675930" lon="4.458520">
        <ele>2.4</ele>
      </trkpt>
      <trkpt lat="43.676450" lon="4.458760">
        <ele>2.5</ele>
      </trkpt>
      <trkpt lat="43.676930" lon="4.459050">
        <ele>2.9</ele>
      </trkpt>
      <trkpt lat="43.677640" lon="4.459580">
        <ele>2.7</ele>
      </trkpt>
      <trkpt lat="43.678170" lon="4.459890">
        <ele>2.1</ele>
      </trkpt>
      <trkpt lat="43.678450" lon="4.459940">
        <ele>1.9</ele>
      </trkpt>
      <trkpt lat="43.680490" lon="4.460040">
        <ele>2.6</ele>
      </trkpt>
      <trkpt lat="43.683280" lon="4.460130">
        <ele>2.3</ele>
      </trkpt>
      <trkpt lat="43.683510" lon="4.460220">
        <ele>2.4</ele>
      </trkpt>
      <trkpt lat="43.686690" lon="4.462510">
        <ele>4</ele>
      </trkpt>
      <trkpt lat="43.687430" lon="4.463630">
        <ele>3.4</ele>
      </trkpt>
      <trkpt lat="43.688870" lon="4.465960">
        <ele>2.7</ele>
      </trkpt>
      <trkpt lat="43.689900" lon="4.466830">
        <ele>4.8</ele>
      </trkpt>
      <trkpt lat="43.690420" lon="4.467330">
        <ele>4.6</ele>
      </trkpt>
      <trkpt lat="43.690740" lon="4.467720">
        <ele>4.4</ele>
      </trkpt>
      <trkpt lat="43.691360" lon="4.468650">
        <ele>3.8</ele>
      </trkpt>
      <trkpt lat="43.691870" lon="4.469480">
        <ele>3.8</ele>
      </trkpt>
      <trkpt lat="43.693130" lon="4.472060">
        <ele>4.1</ele>
      </trkpt>
      <trkpt lat="43.693320" lon="4.472630">
        <ele>3.5</ele>
      </trkpt>
      <trkpt lat="43.693330" lon="4.472820">
        <ele>3.5</ele>
      </trkpt>
      <trkpt lat="43.693200" lon="4.473480">
        <ele>4</ele>
      </trkpt>
      <trkpt lat="43.693200" lon="4.473720">
        <ele>4.4</ele>
      </trkpt>
      <trkpt lat="43.693570" lon="4.474060">
        <ele>4.4</ele>
      </trkpt>
      <trkpt lat="43.693750" lon="4.474340">
        <ele>4.5</ele>
      </trkpt>
      <trkpt lat="43.693990" lon="4.474890">
        <ele>5.3</ele>
      </trkpt>
      <trkpt lat="43.694420" lon="4.475330">
        <ele>6.5</ele>
      </trkpt>
      <trkpt lat="43.695050" lon="4.476150">
        <ele>6</ele>
      </trkpt>
      <trkpt lat="43.695830" lon="4.476990">
        <ele>4.9</ele>
      </trkpt>
      <trkpt lat="43.696260" lon="4.477530">
        <ele>4.1</ele>
      </trkpt>
      <trkpt lat="43.696430" lon="4.477690">
        <ele>3.7</ele>
      </trkpt>
      <trkpt lat="43.698360" lon="4.480010">
        <ele>2.7</ele>
      </trkpt>
      <trkpt lat="43.698930" lon="4.480940">
        <ele>3.8</ele>
      </trkpt>
      <trkpt lat="43.699140" lon="4.481460">
        <ele>3.3</ele>
      </trkpt>
      <trkpt lat="43.699610" lon="4.483570">
        <ele>3.8</ele>
      </trkpt>
      <trkpt lat="43.699930" lon="4.484830">
        <ele>4.7</ele>
      </trkpt>
      <trkpt lat="43.700150" lon="4.485330">
        <ele>5.5</ele>
      </trkpt>
      <trkpt lat="43.700580" lon="4.486630">
        <ele>5.8</ele>
      </trkpt>
      <trkpt lat="43.700720" lon="4.487410">
        <ele>4.7</ele>
      </trkpt>
      <trkpt lat="43.701090" lon="4.488940">
        <ele>3.5</ele>
      </trkpt>
      <trkpt lat="43.701510" lon="4.490050">
        <ele>3.4</ele>
      </trkpt>
      <trkpt lat="43.701950" lon="4.492610">
        <ele>5.5</ele>
      </trkpt>
      <trkpt lat="43.702010" lon="4.492780">
        <ele>5.5</ele>
      </trkpt>
      <trkpt lat="43.702130" lon="4.492950">
        <ele>5.7</ele>
      </trkpt>
      <trkpt lat="43.702260" lon="4.492970">
        <ele>5.1</ele>
      </trkpt>
      <trkpt lat="43.702760" lon="4.493490">
        <ele>3.8</ele>
      </trkpt>
      <trkpt lat="43.702730" lon="4.493470">
        <ele>4.3</ele>
      </trkpt>
      <trkpt lat="43.703130" lon="4.493950">
        <ele>2.8</ele>
      </trkpt>
      <trkpt lat="43.703540" lon="4.494500">
        <ele>3.2</ele>
      </trkpt>
      <trkpt lat="43.704140" lon="4.495440">
        <ele>3.9</ele>
      </trkpt>
      <trkpt lat="43.705310" lon="4.498080">
        <ele>4</ele>
      </trkpt>
      <trkpt lat="43.705510" lon="4.498870">
        <ele>4</ele>
      </trkpt>
      <trkpt lat="43.705640" lon="4.499540">
        <ele>4.3</ele>
      </trkpt>
      <trkpt lat="43.705830" lon="4.500830">
        <ele>4.9</ele>
      </trkpt>
      <trkpt lat="43.706500" lon="4.507020">
        <ele>4.2</ele>
      </trkpt>
      <trkpt lat="43.706640" lon="4.508530">
        <ele>5.2</ele>
      </trkpt>
      <trkpt lat="43.706190" lon="4.514570">
        <ele>4.9</ele>
      </trkpt>
      <trkpt lat="43.706030" lon="4.517250">
        <ele>5.2</ele>
      </trkpt>
      <trkpt lat="43.706080" lon="4.517650">
        <ele>5.3</ele>
      </trkpt>
      <trkpt lat="43.706250" lon="4.518250">
        <ele>5</ele>
      </trkpt>
      <trkpt lat="43.706310" lon="4.518600">
        <ele>5.1</ele>
      </trkpt>
      <trkpt lat="43.706290" lon="4.520800">
        <ele>4</ele>
      </trkpt>
      <trkpt lat="43.706330" lon="4.521190">
        <ele>4</ele>
      </trkpt>
      <trkpt lat="43.706660" lon="4.522490">
        <ele>3.8</ele>
      </trkpt>
      <trkpt lat="43.706760" lon="4.522690">
        <ele>3.8</ele>
      </trkpt>
      <trkpt lat="43.707410" lon="4.523370">
        <ele>4.2</ele>
      </trkpt>
      <trkpt lat="43.707850" lon="4.523900">
        <ele>3.9</ele>
      </trkpt>
      <trkpt lat="43.708790" lon="4.525320">
        <ele>4.8</ele>
      </trkpt>
      <trkpt lat="43.709250" lon="4.525900">
        <ele>5.2</ele>
      </trkpt>
      <trkpt lat="43.709530" lon="4.526100">
        <ele>5.2</ele>
      </trkpt>
      <trkpt lat="43.709740" lon="4.526170">
        <ele>4.6</ele>
      </trkpt>
      <trkpt lat="43.710630" lon="4.526080">
        <ele>3</ele>
      </trkpt>
      <trkpt lat="43.710730" lon="4.526120">
        <ele>3.1</ele>
      </trkpt>
      <trkpt lat="43.710870" lon="4.526320">
        <ele>3.2</ele>
      </trkpt>
      <trkpt lat="43.710920" lon="4.526590">
        <ele>3.4</ele>
      </trkpt>
      <trkpt lat="43.711390" lon="4.532380">
        <ele>2.3</ele>
      </trkpt>
      <trkpt lat="43.711380" lon="4.532590">
        <ele>2.1</ele>
      </trkpt>
      <trkpt lat="43.711300" lon="4.532720">
        <ele>2.3</ele>
      </trkpt>
      <trkpt lat="43.710370" lon="4.532830">
        <ele>3.4</ele>
      </trkpt>
      <trkpt lat="43.708750" lon="4.534400">
        <ele>7.1</ele>
      </trkpt>
      <trkpt lat="43.708700" lon="4.534540">
        <ele>7.1</ele>
      </trkpt>
      <trkpt lat="43.708700" lon="4.534730">
        <ele>7.7</ele>
      </trkpt>
      <trkpt lat="43.708830" lon="4.535230">
        <ele>8.4</ele>
      </trkpt>
      <trkpt lat="43.708870" lon="4.535610">
        <ele>8</ele>
      </trkpt>
      <trkpt lat="43.708670" lon="4.538080">
        <ele>6.6</ele>
      </trkpt>
      <trkpt lat="43.708640" lon="4.540080">
        <ele>6.1</ele>
      </trkpt>
      <trkpt lat="43.708540" lon="4.540610">
        <ele>5.2</ele>
      </trkpt>
      <trkpt lat="43.707550" lon="4.543340">
        <ele>4.6</ele>
      </trkpt>
      <trkpt lat="43.707460" lon="4.543830">
        <ele>5.5</ele>
      </trkpt>
      <trkpt lat="43.707490" lon="4.544230">
        <ele>6.1</ele>
      </trkpt>
      <trkpt lat="43.707740" lon="4.545040">
        <ele>5.7</ele>
      </trkpt>
      <trkpt lat="43.707840" lon="4.545880">
        <ele>5.3</ele>
      </trkpt>
      <trkpt lat="43.708190" lon="4.547530">
        <ele>3.6</ele>
      </trkpt>
      <trkpt lat="43.708190" lon="4.547810">
        <ele>3.6</ele>
      </trkpt>
      <trkpt lat="43.708050" lon="4.548890">
        <ele>3.5</ele>
      </trkpt>
      <trkpt lat="43.708160" lon="4.548910">
        <ele>3.5</ele>
      </trkpt>
      <trkpt lat="43.708480" lon="4.547000">
        <ele>3.6</ele>
      </trkpt>
      <trkpt lat="43.709250" lon="4.544840">
        <ele>4.4</ele>
      </trkpt>
      <trkpt lat="43.709550" lon="4.544350">
        <ele>3.8</ele>
      </trkpt>
      <trkpt lat="43.710240" lon="4.543490">
        <ele>3.1</ele>
      </trkpt>
      <trkpt lat="43.710870" lon="4.542880">
        <ele>3.2</ele>
      </trkpt>
      <trkpt lat="43.712550" lon="4.541580">
        <ele>3.7</ele>
      </trkpt>
      <trkpt lat="43.716310" lon="4.538430">
        <ele>2.9</ele>
      </trkpt>
      <trkpt lat="43.720070" lon="4.534960">
        <ele>3.9</ele>
      </trkpt>
      <trkpt lat="43.721270" lon="4.534020">
        <ele>4</ele>
      </trkpt>
      <trkpt lat="43.724810" lon="4.532190">
        <ele>2.6</ele>
      </trkpt>
      <trkpt lat="43.725400" lon="4.531790">
        <ele>3.1</ele>
      </trkpt>
      <trkpt lat="43.726730" lon="4.529530">
        <ele>3.5</ele>
      </trkpt>
      <trkpt lat="43.727340" lon="4.528610">
        <ele>2.7</ele>
      </trkpt>
      <trkpt lat="43.727760" lon="4.528150">
        <ele>0.9</ele>
      </trkpt>
      <trkpt lat="43.728460" lon="4.527530">
        <ele>3</ele>
      </trkpt>
      <trkpt lat="43.728270" lon="4.526910">
        <ele>3</ele>
      </trkpt>
      <trkpt lat="43.732340" lon="4.522300">
        <ele>2.1</ele>
      </trkpt>
      <trkpt lat="43.733070" lon="4.521630">
        <ele>3.3</ele>
      </trkpt>
      <trkpt lat="43.734710" lon="4.520890">
        <ele>3.9</ele>
      </trkpt>
      <trkpt lat="43.735570" lon="4.520720">
        <ele>3.8</ele>
      </trkpt>
      <trkpt lat="43.735840" lon="4.520710">
        <ele>3.2</ele>
      </trkpt>
      <trkpt lat="43.737380" lon="4.521150">
        <ele>3</ele>
      </trkpt>
      <trkpt lat="43.738780" lon="4.521620">
        <ele>3.4</ele>
      </trkpt>
      <trkpt lat="43.739430" lon="4.521730">
        <ele>3.4</ele>
      </trkpt>
      <trkpt lat="43.740820" lon="4.521590">
        <ele>2.9</ele>
      </trkpt>
      <trkpt lat="43.741030" lon="4.521080">
        <ele>2.1</ele>
      </trkpt>
      <trkpt lat="43.741420" lon="4.520950">
        <ele>1.8</ele>
      </trkpt>
      <trkpt lat="43.741560" lon="4.521250">
        <ele>2</ele>
      </trkpt>
      <trkpt lat="43.741670" lon="4.521370">
        <ele>2</ele>
      </trkpt>
      <trkpt lat="43.742680" lon="4.521420">
        <ele>3.3</ele>
      </trkpt>
      <trkpt lat="43.743230" lon="4.521550">
        <ele>3.5</ele>
      </trkpt>
      <trkpt lat="43.744400" lon="4.521470">
        <ele>3.4</ele>
      </trkpt>
      <trkpt lat="43.744720" lon="4.521280">
        <ele>3.4</ele>
      </trkpt>
      <trkpt lat="43.744970" lon="4.521870">
        <ele>3.6</ele>
      </trkpt>
      <trkpt lat="43.745820" lon="4.523090">
        <ele>2.8</ele>
      </trkpt>
      <trkpt lat="43.764130" lon="4.552110">
        <ele>4.6</ele>
      </trkpt>
      <trkpt lat="43.769700" lon="4.560800">
        <ele>2.7</ele>
      </trkpt>
      <trkpt lat="43.772990" lon="4.566520">
        <ele>4</ele>
      </trkpt>
      <trkpt lat="43.775330" lon="4.570750">
        <ele>4.3</ele>
      </trkpt>
      <trkpt lat="43.776570" lon="4.572940">
        <ele>2.3</ele>
      </trkpt>
      <trkpt lat="43.776790" lon="4.573480">
        <ele>2.3</ele>
      </trkpt>
      <trkpt lat="43.777090" lon="4.573890">
        <ele>2.7</ele>
      </trkpt>
      <trkpt lat="43.790170" lon="4.597300">
        <ele>5.9</ele>
      </trkpt>
      <trkpt lat="43.791950" lon="4.600400">
        <ele>3.8</ele>
      </trkpt>
      <trkpt lat="43.799930" lon="4.614770">
        <ele>6.6</ele>
      </trkpt>
      <trkpt lat="43.800310" lon="4.615320">
        <ele>6.2</ele>
      </trkpt>
      <trkpt lat="43.800300" lon="4.615390">
        <ele>6.2</ele>
      </trkpt>
      <trkpt lat="43.799970" lon="4.615770">
        <ele>5.2</ele>
      </trkpt>
      <trkpt lat="43.800370" lon="4.616330">
        <ele>5.2</ele>
      </trkpt>
      <trkpt lat="43.805020" lon="4.624590">
        <ele>8.2</ele>
      </trkpt>
      <trkpt lat="43.805780" lon="4.626020">
        <ele>9.1</ele>
      </trkpt>
      <trkpt lat="43.806180" lon="4.626990">
        <ele>8.9</ele>
      </trkpt>
      <trkpt lat="43.806280" lon="4.627110">
        <ele>8.8</ele>
      </trkpt>
      <trkpt lat="43.806380" lon="4.627370">
        <ele>9.2</ele>
      </trkpt>
      <trkpt lat="43.806380" lon="4.627630">
        <ele>9.2</ele>
      </trkpt>
      <trkpt lat="43.806420" lon="4.628080">
        <ele>9.1</ele>
      </trkpt>
      <trkpt lat="43.806790" lon="4.629700">
        <ele>8.4</ele>
      </trkpt>
      <trkpt lat="43.806840" lon="4.630120">
        <ele>8.3</ele>
      </trkpt>
      <trkpt lat="43.806880" lon="4.630890">
        <ele>8.5</ele>
      </trkpt>
      <trkpt lat="43.806820" lon="4.632110">
        <ele>8.2</ele>
      </trkpt>
      <trkpt lat="43.806620" lon="4.633980">
        <ele>7.2</ele>
      </trkpt>
      <trkpt lat="43.806550" lon="4.634130">
        <ele>7</ele>
      </trkpt>
      <trkpt lat="43.806000" lon="4.637660">
        <ele>6.4</ele>
      </trkpt>
      <trkpt lat="43.805880" lon="4.637810">
        <ele>7</ele>
      </trkpt>
      <trkpt lat="43.805580" lon="4.637830">
        <ele>7.3</ele>
      </trkpt>
      <trkpt lat="43.805470" lon="4.637700">
        <ele>7</ele>
      </trkpt>
      <trkpt lat="43.805400" lon="4.637740">
        <ele>7</ele>
      </trkpt>
      <trkpt lat="43.805600" lon="4.638100">
        <ele>7.8</ele>
      </trkpt>
      <trkpt lat="43.805780" lon="4.638250">
        <ele>7.6</ele>
      </trkpt>
      <trkpt lat="43.806010" lon="4.638089">
        <ele>7.4</ele>
      </trkpt>
      <trkpt lat="43.806109" lon="4.638048">
        <ele>6.6</ele>
      </trkpt>
      <trkpt lat="43.806355" lon="4.638096">
        <ele>7.1</ele>
      </trkpt>
      <trkpt lat="43.806476" lon="4.638248">
        <ele>7.1</ele>
      </trkpt>
      <trkpt lat="43.806516" lon="4.638467">
        <ele>7.9</ele>
      </trkpt>
      <trkpt lat="43.806432" lon="4.638875">
        <ele>8.1</ele>
      </trkpt>
      <trkpt lat="43.806027" lon="4.641769">
        <ele>8.7</ele>
      </trkpt>
      <trkpt lat="43.806059" lon="4.641902">
        <ele>8.8</ele>
      </trkpt>
      <trkpt lat="43.805692" lon="4.644351">
        <ele>8.7</ele>
      </trkpt>
      <trkpt lat="43.805644" lon="4.644458">
        <ele>8.7</ele>
      </trkpt>
      <trkpt lat="43.805067" lon="4.648701">
        <ele>9.2</ele>
      </trkpt>
      <trkpt lat="43.805067" lon="4.648701">
        <ele>9.2</ele>
      </trkpt>
      <trkpt lat="43.805862" lon="4.648424">
        <ele>11</ele>
      </trkpt>
      <trkpt lat="43.807291" lon="4.647825">
        <ele>12</ele>
      </trkpt>
      <trkpt lat="43.807481" lon="4.647675">
        <ele>12.9</ele>
      </trkpt>
      <trkpt lat="43.808248" lon="4.646772">
        <ele>17.2</ele>
      </trkpt>
      <trkpt lat="43.808364" lon="4.646672">
        <ele>19.6</ele>
      </trkpt>
      <trkpt lat="43.808567" lon="4.646616">
        <ele>19.6</ele>
      </trkpt>
      <trkpt lat="43.808581" lon="4.647263">
        <ele>13.2</ele>
      </trkpt>
      <trkpt lat="43.810174" lon="4.647309">
        <ele>13.2</ele>
      </trkpt>
      <trkpt lat="43.811530" lon="4.647263">
        <ele>14.2</ele>
      </trkpt>
      <trkpt lat="43.812842" lon="4.646959">
        <ele>12.2</ele>
      </trkpt>
      <trkpt lat="43.812974" lon="4.646871">
        <ele>11.6</ele>
      </trkpt>
      <trkpt lat="43.813081" lon="4.646711">
        <ele>11.6</ele>
      </trkpt>
      <trkpt lat="43.813292" lon="4.646761">
        <ele>9.8</ele>
      </trkpt>
      <trkpt lat="43.813415" lon="4.646733">
        <ele>9.8</ele>
      </trkpt>
      <trkpt lat="43.814423" lon="4.645606">
        <ele>11.8</ele>
      </trkpt>
      <trkpt lat="43.812672" lon="4.643031">
        <ele>14.4</ele>
      </trkpt>
      <trkpt lat="43.813938" lon="4.642419">
        <ele>15.6</ele>
      </trkpt>
      <trkpt lat="43.815871" lon="4.641756">
        <ele>10.9</ele>
      </trkpt>
      <trkpt lat="43.816085" lon="4.641455">
        <ele>11.5</ele>
      </trkpt>
      <trkpt lat="43.816182" lon="4.640481">
        <ele>16.5</ele>
      </trkpt>
      <trkpt lat="43.817018" lon="4.639778">
        <ele>14</ele>
      </trkpt>
      <trkpt lat="43.817852" lon="4.638562">
        <ele>15.1</ele>
      </trkpt>
      <trkpt lat="43.818048" lon="4.638035">
        <ele>15.5</ele>
      </trkpt>
      <trkpt lat="43.818092" lon="4.637404">
        <ele>17.8</ele>
      </trkpt>
      <trkpt lat="43.818161" lon="4.637033">
        <ele>16.5</ele>
      </trkpt>
      <trkpt lat="43.818834" lon="4.634658">
        <ele>13.6</ele>
      </trkpt>
      <trkpt lat="43.819292" lon="4.633260">
        <ele>13.2</ele>
      </trkpt>
      <trkpt lat="43.820000" lon="4.630603">
        <ele>11.1</ele>
      </trkpt>
      <trkpt lat="43.820479" lon="4.629305">
        <ele>12.1</ele>
      </trkpt>
      <trkpt lat="43.820544" lon="4.628841">
        <ele>17.5</ele>
      </trkpt>
      <trkpt lat="43.820487" lon="4.628405">
        <ele>19.7</ele>
      </trkpt>
      <trkpt lat="43.820520" lon="4.628090">
        <ele>24.4</ele>
      </trkpt>
      <trkpt lat="43.822391" lon="4.627561">
        <ele>18.9</ele>
      </trkpt>
      <trkpt lat="43.825363" lon="4.626317">
        <ele>20.3</ele>
      </trkpt>
      <trkpt lat="43.826245" lon="4.625265">
        <ele>18.7</ele>
      </trkpt>
      <trkpt lat="43.826725" lon="4.624086">
        <ele>18.4</ele>
      </trkpt>
      <trkpt lat="43.827159" lon="4.622497">
        <ele>17.3</ele>
      </trkpt>
      <trkpt lat="43.827515" lon="4.621575">
        <ele>18.8</ele>
      </trkpt>
      <trkpt lat="43.828196" lon="4.620674">
        <ele>21.5</ele>
      </trkpt>
      <trkpt lat="43.829403" lon="4.619622">
        <ele>20.2</ele>
      </trkpt>
      <trkpt lat="43.830889" lon="4.617798">
        <ele>22</ele>
      </trkpt>
      <trkpt lat="43.831570" lon="4.617455">
        <ele>21.8</ele>
      </trkpt>
      <trkpt lat="43.832220" lon="4.617348">
        <ele>21.8</ele>
      </trkpt>
      <trkpt lat="43.833598" lon="4.617562">
        <ele>24.1</ele>
      </trkpt>
      <trkpt lat="43.835765" lon="4.618013">
        <ele>23.5</ele>
      </trkpt>
      <trkpt lat="43.837421" lon="4.619279">
        <ele>21.3</ele>
      </trkpt>
      <trkpt lat="43.838195" lon="4.619494">
        <ele>23.1</ele>
      </trkpt>
      <trkpt lat="43.838969" lon="4.619451">
        <ele>27.8</ele>
      </trkpt>
      <trkpt lat="43.840517" lon="4.618914">
        <ele>29.6</ele>
      </trkpt>
      <trkpt lat="43.841414" lon="4.618077">
        <ele>23.3</ele>
      </trkpt>
      <trkpt lat="43.841971" lon="4.616854">
        <ele>20.4</ele>
      </trkpt>
      <trkpt lat="43.843364" lon="4.613013">
        <ele>23.8</ele>
      </trkpt>
      <trkpt lat="43.844045" lon="4.610953">
        <ele>20.7</ele>
      </trkpt>
      <trkpt lat="43.844478" lon="4.608893">
        <ele>17.7</ele>
      </trkpt>
      <trkpt lat="43.844850" lon="4.607928">
        <ele>15.8</ele>
      </trkpt>
      <trkpt lat="43.846134" lon="4.606705">
        <ele>20.8</ele>
      </trkpt>
      <trkpt lat="43.847806" lon="4.605203">
        <ele>17.1</ele>
      </trkpt>
      <trkpt lat="43.848688" lon="4.603722">
        <ele>16.9</ele>
      </trkpt>
      <trkpt lat="43.848873" lon="4.602907">
        <ele>16.6</ele>
      </trkpt>
      <trkpt lat="43.849167" lon="4.601061">
        <ele>17.8</ele>
      </trkpt>
      <trkpt lat="43.849554" lon="4.597929">
        <ele>18.1</ele>
      </trkpt>
      <trkpt lat="43.850189" lon="4.595440">
        <ele>23.9</ele>
      </trkpt>
      <trkpt lat="43.850699" lon="4.594517">
        <ele>20.7</ele>
      </trkpt>
      <trkpt lat="43.851597" lon="4.593251">
        <ele>19.2</ele>
      </trkpt>
      <trkpt lat="43.852603" lon="4.592457">
        <ele>17.6</ele>
      </trkpt>
      <trkpt lat="43.854135" lon="4.590976">
        <ele>17.1</ele>
      </trkpt>
      <trkpt lat="43.857183" lon="4.588208">
        <ele>18.1</ele>
      </trkpt>
      <trkpt lat="43.857833" lon="4.587693">
        <ele>18.1</ele>
      </trkpt>
      <trkpt lat="43.858854" lon="4.587586">
        <ele>17.2</ele>
      </trkpt>
      <trkpt lat="43.858900" lon="4.586921">
        <ele>18.7</ele>
      </trkpt>
      <trkpt lat="43.858854" lon="4.586449">
        <ele>20.3</ele>
      </trkpt>
      <trkpt lat="43.864339" lon="4.581253">
        <ele>21.6</ele>
      </trkpt>
      <trkpt lat="43.865383" lon="4.582157">
        <ele>17.9</ele>
      </trkpt>
      <trkpt lat="43.866620" lon="4.584410">
        <ele>14.9</ele>
      </trkpt>
      <trkpt lat="43.867177" lon="4.586084">
        <ele>14.2</ele>
      </trkpt>
      <trkpt lat="43.867719" lon="4.587006">
        <ele>14.7</ele>
      </trkpt>
      <trkpt lat="43.869188" lon="4.587543">
        <ele>14.9</ele>
      </trkpt>
      <trkpt lat="43.870998" lon="4.587586">
        <ele>15.9</ele>
      </trkpt>
      <trkpt lat="43.871648" lon="4.589388">
        <ele>10.4</ele>
      </trkpt>
      <trkpt lat="43.872220" lon="4.590526">
        <ele>14.2</ele>
      </trkpt>
      <trkpt lat="43.873307" lon="4.590804">
        <ele>15.6</ele>
      </trkpt>
      <trkpt lat="43.872994" lon="4.591427">
        <ele>13.5</ele>
      </trkpt>
      <trkpt lat="43.871802" lon="4.591556">
        <ele>13.1</ele>
      </trkpt>
      <trkpt lat="43.871137" lon="4.592693">
        <ele>13.3</ele>
      </trkpt>
      <trkpt lat="43.870348" lon="4.593680">
        <ele>12.7</ele>
      </trkpt>
      <trkpt lat="43.868198" lon="4.596148">
        <ele>11.3</ele>
      </trkpt>
      <trkpt lat="43.867858" lon="4.598229">
        <ele>11.3</ele>
      </trkpt>
      <trkpt lat="43.867440" lon="4.600139">
        <ele>11.5</ele>
      </trkpt>
      <trkpt lat="43.867394" lon="4.601898">
        <ele>12</ele>
      </trkpt>
      <trkpt lat="43.868090" lon="4.603357">
        <ele>11.9</ele>
      </trkpt>
      <trkpt lat="43.871271" lon="4.607676">
        <ele>13.1</ele>
      </trkpt>
      <trkpt lat="43.871137" lon="4.608550">
        <ele>12.8</ele>
      </trkpt>
      <trkpt lat="43.871075" lon="4.610589">
        <ele>12.1</ele>
      </trkpt>
      <trkpt lat="43.870395" lon="4.611318">
        <ele>12.4</ele>
      </trkpt>
      <trkpt lat="43.870054" lon="4.613335">
        <ele>13.7</ele>
      </trkpt>
      <trkpt lat="43.869776" lon="4.613893">
        <ele>13.7</ele>
      </trkpt>
      <trkpt lat="43.869157" lon="4.618528">
        <ele>12.9</ele>
      </trkpt>
      <trkpt lat="43.869064" lon="4.618936">
        <ele>12.3</ele>
      </trkpt>
      <trkpt lat="43.868693" lon="4.619172">
        <ele>11.5</ele>
      </trkpt>
      <trkpt lat="43.868368" lon="4.620137">
        <ele>11.2</ele>
      </trkpt>
      <trkpt lat="43.869529" lon="4.621317">
        <ele>12.4</ele>
      </trkpt>
      <trkpt lat="43.870287" lon="4.622905">
        <ele>12.8</ele>
      </trkpt>
      <trkpt lat="43.870859" lon="4.622712">
        <ele>12.2</ele>
      </trkpt>
      <trkpt lat="43.872452" lon="4.623506">
        <ele>11.7</ele>
      </trkpt>
      <trkpt lat="43.873040" lon="4.624279">
        <ele>11.7</ele>
      </trkpt>
      <trkpt lat="43.876149" lon="4.626253">
        <ele>12.1</ele>
      </trkpt>
      <trkpt lat="43.879614" lon="4.628527">
        <ele>11.5</ele>
      </trkpt>
      <trkpt lat="43.886681" lon="4.628227">
        <ele>10.6</ele>
      </trkpt>
      <trkpt lat="43.889450" lon="4.626639">
        <ele>10.3</ele>
      </trkpt>
      <trkpt lat="43.890548" lon="4.626532">
        <ele>10.4</ele>
      </trkpt>
      <trkpt lat="43.891986" lon="4.625824">
        <ele>11.8</ele>
      </trkpt>
      <trkpt lat="43.893300" lon="4.625523">
        <ele>13.2</ele>
      </trkpt>
      <trkpt lat="43.893161" lon="4.627240">
        <ele>10.3</ele>
      </trkpt>
      <trkpt lat="43.890950" lon="4.629064">
        <ele>10.8</ele>
      </trkpt>
      <trkpt lat="43.889465" lon="4.630373">
        <ele>12.2</ele>
      </trkpt>
      <trkpt lat="43.888955" lon="4.631274">
        <ele>11.4</ele>
      </trkpt>
      <trkpt lat="43.889264" lon="4.633570">
        <ele>11.6</ele>
      </trkpt>
      <trkpt lat="43.889589" lon="4.636574">
        <ele>10.3</ele>
      </trkpt>
      <trkpt lat="43.889790" lon="4.639256">
        <ele>10.5</ele>
      </trkpt>
      <trkpt lat="43.889681" lon="4.640694">
        <ele>9.4</ele>
      </trkpt>
      <trkpt lat="43.890037" lon="4.641831">
        <ele>9.6</ele>
      </trkpt>
      <trkpt lat="43.890269" lon="4.642947">
        <ele>10.6</ele>
      </trkpt>
      <trkpt lat="43.890594" lon="4.645071">
        <ele>11</ele>
      </trkpt>
      <trkpt lat="43.891599" lon="4.649105">
        <ele>11.1</ele>
      </trkpt>
      <trkpt lat="43.891336" lon="4.652259">
        <ele>12.1</ele>
      </trkpt>
      <trkpt lat="43.891073" lon="4.657023">
        <ele>11.1</ele>
      </trkpt>
      <trkpt lat="43.891336" lon="4.658868">
        <ele>11.5</ele>
      </trkpt>
      <trkpt lat="43.891305" lon="4.660993">
        <ele>12.4</ele>
      </trkpt>
      <trkpt lat="43.890702" lon="4.663439">
        <ele>12.1</ele>
      </trkpt>
      <trkpt lat="43.890408" lon="4.667044">
        <ele>11.1</ele>
      </trkpt>
      <trkpt lat="43.890207" lon="4.670305">
        <ele>11.8</ele>
      </trkpt>
      <trkpt lat="43.889867" lon="4.672580">
        <ele>12.3</ele>
      </trkpt>
      <trkpt lat="43.889867" lon="4.674575">
        <ele>12.4</ele>
      </trkpt>
      <trkpt lat="43.889805" lon="4.676506">
        <ele>12.7</ele>
      </trkpt>
      <trkpt lat="43.890845" lon="4.678094">
        <ele>12</ele>
      </trkpt>
      <trkpt lat="43.890977" lon="4.678761">
        <ele>13</ele>
      </trkpt>
      <trkpt lat="43.891155" lon="4.680324">
        <ele>17.5</ele>
      </trkpt>
      <trkpt lat="43.890375" lon="4.680171">
        <ele>17.1</ele>
      </trkpt>
      <trkpt lat="43.890011" lon="4.680171">
        <ele>16.7</ele>
      </trkpt>
      <trkpt lat="43.889219" lon="4.680222">
        <ele>15.7</ele>
      </trkpt>
      <trkpt lat="43.889210" lon="4.680282">
        <ele>15.7</ele>
      </trkpt>
      <trkpt lat="43.889159" lon="4.680330">
        <ele>15.7</ele>
      </trkpt>
      <trkpt lat="43.889919" lon="4.683053">
        <ele>17</ele>
      </trkpt>
      <trkpt lat="43.890078" lon="4.683371">
        <ele>16.5</ele>
      </trkpt>
      <trkpt lat="43.890400" lon="4.683778">
        <ele>16.4</ele>
      </trkpt>
      <trkpt lat="43.890895" lon="4.684165">
        <ele>15.4</ele>
      </trkpt>
      <trkpt lat="43.889762" lon="4.686870">
        <ele>15</ele>
      </trkpt>
      <trkpt lat="43.893129" lon="4.689499">
        <ele>15.3</ele>
      </trkpt>
      <trkpt lat="43.895003" lon="4.691235">
        <ele>15.3</ele>
      </trkpt>
      <trkpt lat="43.895132" lon="4.691279">
        <ele>15.4</ele>
      </trkpt>
      <trkpt lat="43.896073" lon="4.690348">
        <ele>16.3</ele>
      </trkpt>
      <trkpt lat="43.896328" lon="4.690304">
        <ele>16.5</ele>
      </trkpt>
      <trkpt lat="43.896679" lon="4.690014">
        <ele>18.4</ele>
      </trkpt>
      <trkpt lat="43.897523" lon="4.691878">
        <ele>17.7</ele>
      </trkpt>
      <trkpt lat="43.898826" lon="4.694969">
        <ele>20.4</ele>
      </trkpt>
      <trkpt lat="43.899519" lon="4.696254">
        <ele>19.7</ele>
      </trkpt>
      <trkpt lat="43.899313" lon="4.696561">
        <ele>18</ele>
      </trkpt>
      <trkpt lat="43.899633" lon="4.697337">
        <ele>18.3</ele>
      </trkpt>
      <trkpt lat="43.900050" lon="4.697744">
        <ele>19.1</ele>
      </trkpt>
      <trkpt lat="43.900313" lon="4.698396">
        <ele>20.2</ele>
      </trkpt>
      <trkpt lat="43.900704" lon="4.698662">
        <ele>22.3</ele>
      </trkpt>
      <trkpt lat="43.901012" lon="4.699256">
        <ele>22.5</ele>
      </trkpt>
      <trkpt lat="43.901134" lon="4.699296">
        <ele>23.6</ele>
      </trkpt>
      <trkpt lat="43.901134" lon="4.699489">
        <ele>23.6</ele>
      </trkpt>
      <trkpt lat="43.901071" lon="4.699549">
        <ele>21.5</ele>
      </trkpt>
      <trkpt lat="43.901081" lon="4.699697">
        <ele>21.5</ele>
      </trkpt>
      <trkpt lat="43.901266" lon="4.700049">
        <ele>21.9</ele>
      </trkpt>
      <trkpt lat="43.901139" lon="4.700196">
        <ele>21.3</ele>
      </trkpt>
      <trkpt lat="43.901291" lon="4.700438">
        <ele>20.8</ele>
      </trkpt>
      <trkpt lat="43.901307" lon="4.700686">
        <ele>20</ele>
      </trkpt>
      <trkpt lat="43.901406" lon="4.700856">
        <ele>21</ele>
      </trkpt>
      <trkpt lat="43.901443" lon="4.701022">
        <ele>19.9</ele>
      </trkpt>
      <trkpt lat="43.901444" lon="4.701185">
        <ele>18.9</ele>
      </trkpt>
      <trkpt lat="43.901380" lon="4.701503">
        <ele>18</ele>
      </trkpt>
      <trkpt lat="43.901408" lon="4.701911">
        <ele>17.3</ele>
      </trkpt>
      <trkpt lat="43.902169" lon="4.703732">
        <ele>16.7</ele>
      </trkpt>
      <trkpt lat="43.903169" lon="4.706444">
        <ele>18.7</ele>
      </trkpt>
      <trkpt lat="43.903360" lon="4.706860">
        <ele>18.2</ele>
      </trkpt>
      <trkpt lat="43.907186" lon="4.717797">
        <ele>17.2</ele>
      </trkpt>
      <trkpt lat="43.907475" lon="4.718541">
        <ele>17.6</ele>
      </trkpt>
      <trkpt lat="43.907854" lon="4.719367">
        <ele>17.4</ele>
      </trkpt>
      <trkpt lat="43.908529" lon="4.720651">
        <ele>16.1</ele>
      </trkpt>
      <trkpt lat="43.909544" lon="4.722340">
        <ele>15.1</ele>
      </trkpt>
      <trkpt lat="43.909790" lon="4.722680">
        <ele>14.9</ele>
      </trkpt>
      <trkpt lat="43.910771" lon="4.723774">
        <ele>15.6</ele>
      </trkpt>
      <trkpt lat="43.911502" lon="4.724452">
        <ele>16.2</ele>
      </trkpt>
      <trkpt lat="43.912108" lon="4.724937">
        <ele>15.8</ele>
      </trkpt>
      <trkpt lat="43.914513" lon="4.726565">
        <ele>15.8</ele>
      </trkpt>
      <trkpt lat="43.915523" lon="4.727294">
        <ele>14.5</ele>
      </trkpt>
      <trkpt lat="43.917127" lon="4.728336">
        <ele>17</ele>
      </trkpt>
      <trkpt lat="43.917819" lon="4.728709">
        <ele>15.3</ele>
      </trkpt>
      <trkpt lat="43.920021" lon="4.730251">
        <ele>18.2</ele>
      </trkpt>
      <trkpt lat="43.921237" lon="4.731283">
        <ele>19.4</ele>
      </trkpt>
      <trkpt lat="43.922269" lon="4.732343">
        <ele>21.2</ele>
      </trkpt>
      <trkpt lat="43.923769" lon="4.734117">
        <ele>21.6</ele>
      </trkpt>
      <trkpt lat="43.924582" lon="4.735234">
        <ele>21.3</ele>
      </trkpt>
      <trkpt lat="43.926283" lon="4.737297">
        <ele>24</ele>
      </trkpt>
      <trkpt lat="43.926487" lon="4.737495">
        <ele>25.9</ele>
      </trkpt>
      <trkpt lat="43.927091" lon="4.738257">
        <ele>28.2</ele>
      </trkpt>
      <trkpt lat="43.927165" lon="4.738390">
        <ele>28.5</ele>
      </trkpt>
      <trkpt lat="43.927184" lon="4.738513">
        <ele>28.5</ele>
      </trkpt>
      <trkpt lat="43.927134" lon="4.738680">
        <ele>24.5</ele>
      </trkpt>
      <trkpt lat="43.927173" lon="4.738748">
        <ele>26.7</ele>
      </trkpt>
      <trkpt lat="43.927274" lon="4.738817">
        <ele>26.7</ele>
      </trkpt>
      <trkpt lat="43.927392" lon="4.739103">
        <ele>27</ele>
      </trkpt>
      <trkpt lat="43.927887" lon="4.739927">
        <ele>25.6</ele>
      </trkpt>
      <trkpt lat="43.928105" lon="4.740404">
        <ele>25.3</ele>
      </trkpt>
      <trkpt lat="43.928254" lon="4.740622">
        <ele>25.6</ele>
      </trkpt>
      <trkpt lat="43.930653" lon="4.743268">
        <ele>28.9</ele>
      </trkpt>
      <trkpt lat="43.931122" lon="4.743611">
        <ele>30.3</ele>
      </trkpt>
      <trkpt lat="43.931776" lon="4.744285">
        <ele>25.9</ele>
      </trkpt>
      <trkpt lat="43.932013" lon="4.744451">
        <ele>28</ele>
      </trkpt>
      <trkpt lat="43.932318" lon="4.744566">
        <ele>26.3</ele>
      </trkpt>
      <trkpt lat="43.932559" lon="4.744709">
        <ele>27.2</ele>
      </trkpt>
      <trkpt lat="43.933112" lon="4.745505">
        <ele>23.9</ele>
      </trkpt>
      <trkpt lat="43.934384" lon="4.747625">
        <ele>20.5</ele>
      </trkpt>
      <trkpt lat="43.934928" lon="4.748671">
        <ele>20</ele>
      </trkpt>
      <trkpt lat="43.935816" lon="4.750647">
        <ele>20.3</ele>
      </trkpt>
      <trkpt lat="43.936371" lon="4.752105">
        <ele>21.7</ele>
      </trkpt>
      <trkpt lat="43.936651" lon="4.752986">
        <ele>22.5</ele>
      </trkpt>
      <trkpt lat="43.936813" lon="4.752789">
        <ele>22.6</ele>
      </trkpt>
      <trkpt lat="43.937802" lon="4.752231">
        <ele>28.9</ele>
      </trkpt>
      <trkpt lat="43.938203" lon="4.752917">
        <ele>27.4</ele>
      </trkpt>
      <trkpt lat="43.941046" lon="4.753089">
        <ele>29.2</ele>
      </trkpt>
      <trkpt lat="43.942870" lon="4.754505">
        <ele>22.4</ele>
      </trkpt>
      <trkpt lat="43.942900" lon="4.755192">
        <ele>19.8</ele>
      </trkpt>
      <trkpt lat="43.943364" lon="4.756093">
        <ele>19.3</ele>
      </trkpt>
      <trkpt lat="43.944106" lon="4.755793">
        <ele>24.7</ele>
      </trkpt>
      <trkpt lat="43.945187" lon="4.756436">
        <ele>23.5</ele>
      </trkpt>
      <trkpt lat="43.946454" lon="4.756737">
        <ele>27.6</ele>
      </trkpt>
      <trkpt lat="43.947288" lon="4.757938">
        <ele>22.3</ele>
      </trkpt>
      <trkpt lat="43.948370" lon="4.758325">
        <ele>25.8</ele>
      </trkpt>
      <trkpt lat="43.950069" lon="4.757853">
        <ele>32.1</ele>
      </trkpt>
      <trkpt lat="43.950927" lon="4.759839">
        <ele>27.9</ele>
      </trkpt>
      <trkpt lat="43.951265" lon="4.762084">
        <ele>36.1</ele>
      </trkpt>
      <trkpt lat="43.951439" lon="4.762865">
        <ele>41</ele>
      </trkpt>
      <trkpt lat="43.951785" lon="4.763819">
        <ele>45.6</ele>
      </trkpt>
      <trkpt lat="43.951971" lon="4.764600">
        <ele>42</ele>
      </trkpt>
      <trkpt lat="43.951966" lon="4.764873">
        <ele>41.4</ele>
      </trkpt>
      <trkpt lat="43.951437" lon="4.767031">
        <ele>36.1</ele>
      </trkpt>
      <trkpt lat="43.950679" lon="4.768364">
        <ele>28.3</ele>
      </trkpt>
      <trkpt lat="43.950443" lon="4.769375">
        <ele>32.5</ele>
      </trkpt>
      <trkpt lat="43.949943" lon="4.770454">
        <ele>27.7</ele>
      </trkpt>
      <trkpt lat="43.949742" lon="4.770615">
        <ele>24.2</ele>
      </trkpt>
      <trkpt lat="43.949756" lon="4.771132">
        <ele>26.4</ele>
      </trkpt>
      <trkpt lat="43.949195" lon="4.773199">
        <ele>23.9</ele>
      </trkpt>
      <trkpt lat="43.948909" lon="4.774604">
        <ele>25.2</ele>
      </trkpt>
      <trkpt lat="43.948769" lon="4.776443">
        <ele>28.9</ele>
      </trkpt>
      <trkpt lat="43.948474" lon="4.776965">
        <ele>25.8</ele>
      </trkpt>
      <trkpt lat="43.948525" lon="4.778639">
        <ele>31.3</ele>
      </trkpt>
      <trkpt lat="43.948640" lon="4.778962">
        <ele>30.2</ele>
      </trkpt>
      <trkpt lat="43.949153" lon="4.779926">
        <ele>28.2</ele>
      </trkpt>
      <trkpt lat="43.949523" lon="4.780788">
        <ele>24.8</ele>
      </trkpt>
      <trkpt lat="43.949781" lon="4.781829">
        <ele>24.3</ele>
      </trkpt>
      <trkpt lat="43.950051" lon="4.783436">
        <ele>25.4</ele>
      </trkpt>
      <trkpt lat="43.949807" lon="4.783579">
        <ele>23.9</ele>
      </trkpt>
      <trkpt lat="43.949810" lon="4.784052">
        <ele>25</ele>
      </trkpt>
      <trkpt lat="43.949994" lon="4.784455">
        <ele>27.3</ele>
      </trkpt>
      <trkpt lat="43.950276" lon="4.785300">
        <ele>30.6</ele>
      </trkpt>
      <trkpt lat="43.950139" lon="4.786345">
        <ele>27.9</ele>
      </trkpt>
      <trkpt lat="43.950123" lon="4.787317">
        <ele>27.6</ele>
      </trkpt>
      <trkpt lat="43.950446" lon="4.789000">
        <ele>31</ele>
      </trkpt>
      <trkpt lat="43.950606" lon="4.789324">
        <ele>30.8</ele>
      </trkpt>
      <trkpt lat="43.950876" lon="4.789591">
        <ele>33.1</ele>
      </trkpt>
      <trkpt lat="43.951777" lon="4.790228">
        <ele>34.6</ele>
      </trkpt>
      <trkpt lat="43.952083" lon="4.790298">
        <ele>39.9</ele>
      </trkpt>
      <trkpt lat="43.952288" lon="4.790487">
        <ele>37.3</ele>
      </trkpt>
      <trkpt lat="43.952662" lon="4.790514">
        <ele>39.6</ele>
      </trkpt>
      <trkpt lat="43.953065" lon="4.790633">
        <ele>36.2</ele>
      </trkpt>
      <trkpt lat="43.954033" lon="4.791022">
        <ele>30.6</ele>
        <extensions>
          <visugpx:TrkExtension xmlns:visugpx="https://www.visugpx.com/editgpx/">
            <visugpx:node>1</visugpx:node>
          </visugpx:TrkExtension>
        </extensions>
      </trkpt>
    </trkseg>
  </trk>
</gpx>