<?xml version="1.0" encoding="UTF-8" standalone="no" ?>
<gpx xmlns="http://www.topografix.com/GPX/1/1" xmlns:xsi="http://www.w3.org/2001/XMLSchema-instance" xsi:schemaLocation="http://www.topografix.com/GPX/1/1 http://www.topografix.com/GPX/1/1/gpx.xsd" version="1.1" creator="EditGPX">
  <metadata>
    <name>TK12</name>
  </metadata>
  <trk>
    <desc><![CDATA[DEVELOPED_WITH_SIGNS

DEVELOPED_WITH_SIGNS

DEVELOPED_WITH_SIGNS

UNDER_DEVELOPMENT

UNDER_DEVELOPMENT

DEVELOPED_WITH_SIGNS

DEVELOPED_WITH_SIGNS

DEVELOPED_WITH_SIGNS

DEVELOPED_WITH_SIGNS

DEVELOPED_WITH_SIGNS

DEVELOPED_WITH_SIGNS

DEVELOPED_WITH_SIGNS

DEVELOPED

DEVELOPED

DEVELOPED_WITH_SIGNS

DEVELOPED_WITH_SIGNS

DEVELOPED_WITH_SIGNS

DEVELOPED_WITH_SIGNS

DEVELOPED_WITH_SIGNS

DEVELOPED_WITH_SIGNS

UNDER_DEVELOPMENT

UNDER_DEVELOPMENT

DEVELOPED_WITH_SIGNS

DEVELOPED_WITH_SIGNS

DEVELOPED_WITH_SIGNS

DEVELOPED_WITH_SIGNS

DEVELOPED_WITH_SIGNS

DEVELOPED_WITH_SIGNS

DEVELOPED_WITH_SIGNS

DEVELOPED_WITH_SIGNS

DEVELOPED_WITH_SIGNS

DEVELOPED_WITH_SIGNS

DEVELOPED_WITH_SIGNS

DEVELOPED_WITH_SIGNS

DEVELOPED_WITH_SIGNS

DEVELOPED_WITH_SIGNS

DEVELOPED_WITH_SIGNS

DEVELOPED_WITH_SIGNS

DEVELOPED_WITH_SIGNS

UNDER_DEVELOPMENT

DEVELOPED_WITH_SIGNS

DEVELOPED_WITH_SIGNS

DEVELOPED_WITH_SIGNS

DEVELOPED_WITH_SIGNS

DEVELOPED_WITH_SIGNS

UNDER_DEVELOPMENT

DEVELOPED_WITH_SIGNS

DEVELOPED_WITH_SIGNS

DEVELOPED_WITH_SIGNS

DEVELOPED_WITH_SIGNS

UNDER_DEVELOPMENT

DEVELOPED_WITH_SIGNS

DEVELOPED_WITH_SIGNS

DEVELOPED_WITH_SIGNS

DEVELOPED_WITH_SIGNS

DEVELOPED

DEVELOPED

DEVELOPED_WITH_SIGNS

DEVELOPED_WITH_SIGNS

DEVELOPED_WITH_SIGNS

DEVELOPED_WITH_SIGNS

DEVELOPED_WITH_SIGNS

DEVELOPED_WITH_SIGNS

UNDER_DEVELOPMENT

UNDER_DEVELOPMENT

DEVELOPED_WITH_SIGNS

DEVELOPED_WITH_SIGNS

DEVELOPED_WITH_SIGNS

DEVELOPED_WITH_SIGNS

DEVELOPED_WITH_SIGNS

DEVELOPED_WITH_SIGNS

DEVELOPED_WITH_SIGNS

DEVELOPED_WITH_SIGNS

DEVELOPED_WITH_SIGNS

DEVELOPED_WITH_SIGNS

DEVELOPED_WITH_SIGNS

DEVELOPED_WITH_SIGNS

DEVELOPED_WITH_SIGNS

DEVELOPED_WITH_SIGNS

DEVELOPED_WITH_SIGNS

DEVELOPED_WITH_SIGNS

DEVELOPED_WITH_SIGNS

UNDER_DEVELOPMENT

DEVELOPED_WITH_SIGNS

DEVELOPED_WITH_SIGNS

DEVELOPED_WITH_SIGNS

DEVELOPED_WITH_SIGNS

DEVELOPED_WITH_SIGNS

UNDER_DEVELOPMENT

DEVELOPED_WITH_SIGNS

DEVELOPED_WITH_SIGNS

DEVELOPED_WITH_SIGNS

DEVELOPED_WITH_SIGNS

UNDER_DEVELOPMENT

DEVELOPED_WITH_SIGNS

DEVELOPED_WITH_SIGNS

DEVELOPED_WITH_SIGNS







DEVELOPED_WITH_SIGNS

DEVELOPED

DEVELOPED

DEVELOPED_WITH_SIGNS

DEVELOPED_WITH_SIGNS

DEVELOPED_WITH_SIGNS

DEVELOPED_WITH_SIGNS

DEVELOPED_WITH_SIGNS

DEVELOPED_WITH_SIGNS

UNDER_DEVELOPMENT

UNDER_DEVELOPMENT

DEVELOPED_WITH_SIGNS

DEVELOPED_WITH_SIGNS

DEVELOPED_WITH_SIGNS

DEVELOPED_WITH_SIGNS

DEVELOPED_WITH_SIGNS

DEVELOPED_WITH_SIGNS

DEVELOPED_WITH_SIGNS

DEVELOPED_WITH_SIGNS

DEVELOPED_WITH_SIGNS

DEVELOPED_WITH_SIGNS

DEVELOPED_WITH_SIGNS

DEVELOPED_WITH_SIGNS

DEVELOPED_WITH_SIGNS

DEVELOPED_WITH_SIGNS

DEVELOPED_WITH_SIGNS

DEVELOPED_WITH_SIGNS

DEVELOPED_WITH_SIGNS

UNDER_DEVELOPMENT

DEVELOPED_WITH_SIGNS

DEVELOPED_WITH_SIGNS

DEVELOPED_WITH_SIGNS

DEVELOPED_WITH_SIGNS

DEVELOPED_WITH_SIGNS

UNDER_DEVELOPMENT

DEVELOPED_WITH_SIGNS

DEVELOPED_WITH_SIGNS

DEVELOPED_WITH_SIGNS

DEVELOPED_WITH_SIGNS

UNDER_DEVELOPMENT

DEVELOPED_WITH_SIGNS

DEVELOPED_WITH_SIGNS

DEVELOPED_WITH_SIGNS

DEVELOPED_WITH_SIGNS

DEVELOPED

DEVELOPED

DEVELOPED_WITH_SIGNS

DEVELOPED_WITH_SIGNS

DEVELOPED_WITH_SIGNS

DEVELOPED_WITH_SIGNS

DEVELOPED_WITH_SIGNS

DEVELOPED_WITH_SIGNS

UNDER_DEVELOPMENT

UNDER_DEVELOPMENT

DEVELOPED_WITH_SIGNS

DEVELOPED_WITH_SIGNS

DEVELOPED_WITH_SIGNS

DEVELOPED_WITH_SIGNS

DEVELOPED_WITH_SIGNS

DEVELOPED_WITH_SIGNS

DEVELOPED_WITH_SIGNS

DEVELOPED_WITH_SIGNS

DEVELOPED_WITH_SIGNS

DEVELOPED_WITH_SIGNS

DEVELOPED_WITH_SIGNS

DEVELOPED_WITH_SIGNS

DEVELOPED_WITH_SIGNS

DEVELOPED_WITH_SIGNS

DEVELOPED_WITH_SIGNS

DEVELOPED_WITH_SIGNS

DEVELOPED_WITH_SIGNS

UNDER_DEVELOPMENT

DEVELOPED_WITH_SIGNS

DEVELOPED_WITH_SIGNS

DEVELOPED_WITH_SIGNS

DEVELOPED_WITH_SIGNS

DEVELOPED_WITH_SIGNS

UNDER_DEVELOPMENT

DEVELOPED_WITH_SIGNS

DEVELOPED_WITH_SIGNS

DEVELOPED_WITH_SIGNS

DEVELOPED_WITH_SIGNS

UNDER_DEVELOPMENT

DEVELOPED_WITH_SIGNS

DEVELOPED_WITH_SIGNS

DEVELOPED_WITH_SIGNS



DEVELOPED_WITH_SIGNS

DEVELOPED_WITH_SIGNS

DEVELOPED_WITH_SIGNS

UNDER_DEVELOPMENT

UNDER_DEVELOPMENT

DEVELOPED_WITH_SIGNS

DEVELOPED_WITH_SIGNS

DEVELOPED_WITH_SIGNS

DEVELOPED_WITH_SIGNS

DEVELOPED_WITH_SIGNS

DEVELOPED_WITH_SIGNS

DEVELOPED_WITH_SIGNS

DEVELOPED_WITH_SIGNS

DEVELOPED_WITH_SIGNS

UNDER_DEVELOPMENT

UNDER_DEVELOPMENT

DEVELOPED_WITH_SIGNS

DEVELOPED_WITH_SIGNS

DEVELOPED_WITH_SIGNS

DEVELOPED_WITH_SIGNS

DEVELOPED_WITH_SIGNS

DEVELOPED_WITH_SIGNS

DEVELOPED_WITH_SIGNS

DEVELOPED

DEVELOPED

DEVELOPED_WITH_SIGNS

DEVELOPED_WITH_SIGNS

DEVELOPED_WITH_SIGNS

DEVELOPED_WITH_SIGNS

DEVELOPED_WITH_SIGNS

DEVELOPED_WITH_SIGNS

UNDER_DEVELOPMENT

UNDER_DEVELOPMENT

DEVELOPED_WITH_SIGNS

DEVELOPED_WITH_SIGNS

DEVELOPED_WITH_SIGNS

DEVELOPED_WITH_SIGNS

DEVELOPED_WITH_SIGNS

DEVELOPED_WITH_SIGNS

DEVELOPED_WITH_SIGNS

DEVELOPED_WITH_SIGNS

DEVELOPED_WITH_SIGNS

DEVELOPED_WITH_SIGNS

DEVELOPED_WITH_SIGNS

DEVELOPED_WITH_SIGNS

DEVELOPED_WITH_SIGNS

DEVELOPED_WITH_SIGNS

DEVELOPED_WITH_SIGNS

DEVELOPED_WITH_SIGNS

DEVELOPED_WITH_SIGNS

UNDER_DEVELOPMENT

DEVELOPED_WITH_SIGNS

DEVELOPED_WITH_SIGNS

DEVELOPED_WITH_SIGNS

DEVELOPED_WITH_SIGNS

DEVELOPED_WITH_SIGNS

UNDER_DEVELOPMENT

DEVELOPED_WITH_SIGNS

DEVELOPED_WITH_SIGNS

DEVELOPED_WITH_SIGNS

DEVELOPED_WITH_SIGNS

UNDER_DEVELOPMENT

DEVELOPED_WITH_SIGNS

DEVELOPED_WITH_SIGNS

DEVELOPED_WITH_SIGNS

DEVELOPED_WITH_SIGNS

DEVELOPED

DEVELOPED

DEVELOPED_WITH_SIGNS

DEVELOPED_WITH_SIGNS

DEVELOPED_WITH_SIGNS

DEVELOPED_WITH_SIGNS

DEVELOPED_WITH_SIGNS

DEVELOPED_WITH_SIGNS

UNDER_DEVELOPMENT

UNDER_DEVELOPMENT

DEVELOPED_WITH_SIGNS

DEVELOPED_WITH_SIGNS

DEVELOPED_WITH_SIGNS

DEVELOPED_WITH_SIGNS

DEVELOPED_WITH_SIGNS

DEVELOPED_WITH_SIGNS

DEVELOPED_WITH_SIGNS

DEVELOPED_WITH_SIGNS

DEVELOPED_WITH_SIGNS

DEVELOPED_WITH_SIGNS

DEVELOPED_WITH_SIGNS

DEVELOPED_WITH_SIGNS

DEVELOPED_WITH_SIGNS

DEVELOPED_WITH_SIGNS

DEVELOPED_WITH_SIGNS

DEVELOPED_WITH_SIGNS

DEVELOPED_WITH_SIGNS

UNDER_DEVELOPMENT

DEVELOPED_WITH_SIGNS

DEVELOPED_WITH_SIGNS

DEVELOPED_WITH_SIGNS

DEVELOPED_WITH_SIGNS

DEVELOPED_WITH_SIGNS

UNDER_DEVELOPMENT

DEVELOPED_WITH_SIGNS

DEVELOPED_WITH_SIGNS

DEVELOPED_WITH_SIGNS

DEVELOPED_WITH_SIGNS

UNDER_DEVELOPMENT

DEVELOPED_WITH_SIGNS

DEVELOPED_WITH_SIGNS

DEVELOPED_WITH_SIGNS







DEVELOPED_WITH_SIGNS

DEVELOPED

DEVELOPED

DEVELOPED_WITH_SIGNS

DEVELOPED_WITH_SIGNS

DEVELOPED_WITH_SIGNS

DEVELOPED_WITH_SIGNS

DEVELOPED_WITH_SIGNS

DEVELOPED_WITH_SIGNS

UNDER_DEVELOPMENT

UNDER_DEVELOPMENT

DEVELOPED_WITH_SIGNS

DEVELOPED_WITH_SIGNS

DEVELOPED_WITH_SIGNS

DEVELOPED_WITH_SIGNS

DEVELOPED_WITH_SIGNS

DEVELOPED_WITH_SIGNS

DEVELOPED_WITH_SIGNS

DEVELOPED_WITH_SIGNS

DEVELOPED_WITH_SIGNS

DEVELOPED_WITH_SIGNS

DEVELOPED_WITH_SIGNS

DEVELOPED_WITH_SIGNS

DEVELOPED_WITH_SIGNS

DEVELOPED_WITH_SIGNS

DEVELOPED_WITH_SIGNS

DEVELOPED_WITH_SIGNS

DEVELOPED_WITH_SIGNS

UNDER_DEVELOPMENT

DEVELOPED_WITH_SIGNS

DEVELOPED_WITH_SIGNS

DEVELOPED_WITH_SIGNS

DEVELOPED_WITH_SIGNS

DEVELOPED_WITH_SIGNS

UNDER_DEVELOPMENT

DEVELOPED_WITH_SIGNS

DEVELOPED_WITH_SIGNS

DEVELOPED_WITH_SIGNS

DEVELOPED_WITH_SIGNS

UNDER_DEVELOPMENT

DEVELOPED_WITH_SIGNS

DEVELOPED_WITH_SIGNS

DEVELOPED_WITH_SIGNS

DEVELOPED_WITH_SIGNS

DEVELOPED

DEVELOPED

DEVELOPED_WITH_SIGNS

DEVELOPED_WITH_SIGNS

DEVELOPED_WITH_SIGNS

DEVELOPED_WITH_SIGNS

DEVELOPED_WITH_SIGNS

DEVELOPED_WITH_SIGNS

UNDER_DEVELOPMENT

UNDER_DEVELOPMENT

DEVELOPED_WITH_SIGNS

DEVELOPED_WITH_SIGNS

DEVELOPED_WITH_SIGNS

DEVELOPED_WITH_SIGNS

DEVELOPED_WITH_SIGNS

DEVELOPED_WITH_SIGNS

DEVELOPED_WITH_SIGNS

DEVELOPED_WITH_SIGNS

DEVELOPED_WITH_SIGNS

DEVELOPED_WITH_SIGNS

DEVELOPED_WITH_SIGNS

DEVELOPED_WITH_SIGNS

DEVELOPED_WITH_SIGNS

DEVELOPED_WITH_SIGNS

DEVELOPED_WITH_SIGNS

DEVELOPED_WITH_SIGNS

DEVELOPED_WITH_SIGNS

UNDER_DEVELOPMENT

DEVELOPED_WITH_SIGNS

DEVELOPED_WITH_SIGNS

DEVELOPED_WITH_SIGNS

DEVELOPED_WITH_SIGNS

DEVELOPED_WITH_SIGNS

UNDER_DEVELOPMENT

DEVELOPED_WITH_SIGNS

DEVELOPED_WITH_SIGNS

DEVELOPED_WITH_SIGNS

DEVELOPED_WITH_SIGNS

UNDER_DEVELOPMENT

DEVELOPED_WITH_SIGNS

DEVELOPED_WITH_SIGNS

DEVELOPED_WITH_SIGNS]]></desc>
    <trkseg>
      <trkpt lat="45.756458" lon="4.839429">
        <ele>160.7</ele>
      </trkpt>
      <trkpt lat="45.756458" lon="4.839429">
        <ele>160.7</ele>
      </trkpt>
      <trkpt lat="45.757291" lon="4.839865">
        <ele>160.6</ele>
      </trkpt>
      <trkpt lat="45.758115" lon="4.840208">
        <ele>164.1</ele>
      </trkpt>
      <trkpt lat="45.759254" lon="4.840538">
        <ele>169</ele>
      </trkpt>
      <trkpt lat="45.761431" lon="4.840755">
        <ele>168.4</ele>
      </trkpt>
      <trkpt lat="45.763886" lon="4.840958">
        <ele>164.8</ele>
      </trkpt>
      <trkpt lat="45.765670" lon="4.841015">
        <ele>169.5</ele>
      </trkpt>
      <trkpt lat="45.768381" lon="4.840657">
        <ele>165.2</ele>
      </trkpt>
      <trkpt lat="45.772132" lon="4.840715">
        <ele>162.3</ele>
      </trkpt>
      <trkpt lat="45.772690" lon="4.840800">
        <ele>163.1</ele>
      </trkpt>
      <trkpt lat="45.776752" lon="4.843540">
        <ele>169.5</ele>
      </trkpt>
      <trkpt lat="45.777139" lon="4.843688">
        <ele>167.1</ele>
      </trkpt>
      <trkpt lat="45.777747" lon="4.843615">
        <ele>164.3</ele>
      </trkpt>
      <trkpt lat="45.777916" lon="4.843651">
        <ele>163.9</ele>
      </trkpt>
      <trkpt lat="45.779722" lon="4.844830">
        <ele>164.7</ele>
      </trkpt>
      <trkpt lat="45.781531" lon="4.846465">
        <ele>167.2</ele>
      </trkpt>
      <trkpt lat="45.782522" lon="4.847185">
        <ele>163.6</ele>
      </trkpt>
      <trkpt lat="45.783207" lon="4.847909">
        <ele>164.4</ele>
      </trkpt>
      <trkpt lat="45.784491" lon="4.849808">
        <ele>163.6</ele>
      </trkpt>
      <trkpt lat="45.785014" lon="4.850961">
        <ele>163.5</ele>
      </trkpt>
      <trkpt lat="45.785611" lon="4.852581">
        <ele>164</ele>
      </trkpt>
      <trkpt lat="45.785913" lon="4.853648">
        <ele>164</ele>
      </trkpt>
      <trkpt lat="45.786121" lon="4.854814">
        <ele>164</ele>
      </trkpt>
      <trkpt lat="45.786301" lon="4.856088">
        <ele>164</ele>
      </trkpt>
      <trkpt lat="45.786330" lon="4.857656">
        <ele>164.5</ele>
      </trkpt>
      <trkpt lat="45.786239" lon="4.859402">
        <ele>164.5</ele>
      </trkpt>
      <trkpt lat="45.786102" lon="4.860270">
        <ele>164.5</ele>
      </trkpt>
      <trkpt lat="45.785742" lon="4.863750">
        <ele>167.6</ele>
      </trkpt>
      <trkpt lat="45.785611" lon="4.864232">
        <ele>170.1</ele>
      </trkpt>
      <trkpt lat="45.785340" lon="4.864681">
        <ele>171.2</ele>
      </trkpt>
      <trkpt lat="45.785269" lon="4.864922">
        <ele>171.9</ele>
      </trkpt>
      <trkpt lat="45.785285" lon="4.865218">
        <ele>172.1</ele>
      </trkpt>
      <trkpt lat="45.786599" lon="4.873003">
        <ele>173</ele>
      </trkpt>
      <trkpt lat="45.786752" lon="4.873309">
        <ele>172.3</ele>
      </trkpt>
      <trkpt lat="45.786831" lon="4.873630">
        <ele>171.2</ele>
      </trkpt>
      <trkpt lat="45.787054" lon="4.875595">
        <ele>173.5</ele>
      </trkpt>
      <trkpt lat="45.787114" lon="4.875842">
        <ele>173.6</ele>
      </trkpt>
      <trkpt lat="45.787245" lon="4.876042">
        <ele>173.4</ele>
      </trkpt>
      <trkpt lat="45.788681" lon="4.877285">
        <ele>167.9</ele>
      </trkpt>
      <trkpt lat="45.792879" lon="4.881053">
        <ele>167</ele>
      </trkpt>
      <trkpt lat="45.793045" lon="4.881588">
        <ele>167</ele>
      </trkpt>
      <trkpt lat="45.793043" lon="4.882300">
        <ele>167.1</ele>
      </trkpt>
      <trkpt lat="45.792978" lon="4.882930">
        <ele>167.7</ele>
      </trkpt>
      <trkpt lat="45.792868" lon="4.883221">
        <ele>167.7</ele>
      </trkpt>
      <trkpt lat="45.792429" lon="4.883784">
        <ele>169</ele>
      </trkpt>
      <trkpt lat="45.791712" lon="4.884907">
        <ele>168.2</ele>
      </trkpt>
      <trkpt lat="45.789227" lon="4.887132">
        <ele>169.2</ele>
      </trkpt>
      <trkpt lat="45.788527" lon="4.888561">
        <ele>168.2</ele>
      </trkpt>
      <trkpt lat="45.787691" lon="4.890017">
        <ele>169.2</ele>
      </trkpt>
      <trkpt lat="45.786983" lon="4.890823">
        <ele>171.6</ele>
      </trkpt>
      <trkpt lat="45.785983" lon="4.891652">
        <ele>174.1</ele>
      </trkpt>
      <trkpt lat="45.784458" lon="4.892504">
        <ele>170</ele>
      </trkpt>
      <trkpt lat="45.784472" lon="4.892187">
        <ele>172.8</ele>
      </trkpt>
      <trkpt lat="45.784366" lon="4.892123">
        <ele>172.6</ele>
      </trkpt>
      <trkpt lat="45.784184" lon="4.892255">
        <ele>171.7</ele>
      </trkpt>
      <trkpt lat="45.783996" lon="4.892067">
        <ele>172.4</ele>
      </trkpt>
      <trkpt lat="45.784072" lon="4.891925">
        <ele>173.1</ele>
      </trkpt>
      <trkpt lat="45.784271" lon="4.891751">
        <ele>173.2</ele>
      </trkpt>
      <trkpt lat="45.784288" lon="4.891646">
        <ele>173.5</ele>
      </trkpt>
      <trkpt lat="45.784228" lon="4.891608">
        <ele>173.5</ele>
      </trkpt>
      <trkpt lat="45.783650" lon="4.892134">
        <ele>172.6</ele>
      </trkpt>
      <trkpt lat="45.783566" lon="4.892377">
        <ele>171.9</ele>
      </trkpt>
      <trkpt lat="45.783562" lon="4.892551">
        <ele>171.3</ele>
      </trkpt>
      <trkpt lat="45.784086" lon="4.894774">
        <ele>173.5</ele>
      </trkpt>
      <trkpt lat="45.784400" lon="4.895442">
        <ele>173.6</ele>
      </trkpt>
      <trkpt lat="45.784448" lon="4.895420">
        <ele>173.6</ele>
      </trkpt>
      <trkpt lat="45.784438" lon="4.895357">
        <ele>173.6</ele>
      </trkpt>
      <trkpt lat="45.784400" lon="4.895298">
        <ele>173.6</ele>
      </trkpt>
      <trkpt lat="45.784362" lon="4.895058">
        <ele>173.9</ele>
      </trkpt>
      <trkpt lat="45.784132" lon="4.894231">
        <ele>170.8</ele>
      </trkpt>
      <trkpt lat="45.786251" lon="4.893120">
        <ele>170.1</ele>
      </trkpt>
      <trkpt lat="45.786553" lon="4.892745">
        <ele>169.1</ele>
      </trkpt>
      <trkpt lat="45.786885" lon="4.892503">
        <ele>168.8</ele>
      </trkpt>
      <trkpt lat="45.787490" lon="4.891917">
        <ele>168.5</ele>
      </trkpt>
      <trkpt lat="45.787582" lon="4.891978">
        <ele>168.5</ele>
      </trkpt>
      <trkpt lat="45.787628" lon="4.892138">
        <ele>168.5</ele>
      </trkpt>
      <trkpt lat="45.787643" lon="4.892377">
        <ele>168.5</ele>
      </trkpt>
      <trkpt lat="45.787922" lon="4.893641">
        <ele>168.5</ele>
      </trkpt>
      <trkpt lat="45.788391" lon="4.894822">
        <ele>168.5</ele>
      </trkpt>
      <trkpt lat="45.788995" lon="4.895750">
        <ele>168.5</ele>
      </trkpt>
      <trkpt lat="45.788692" lon="4.897255">
        <ele>170.7</ele>
      </trkpt>
      <trkpt lat="45.789295" lon="4.900163">
        <ele>169.7</ele>
      </trkpt>
      <trkpt lat="45.789772" lon="4.901441">
        <ele>172.9</ele>
      </trkpt>
      <trkpt lat="45.790251" lon="4.902123">
        <ele>175</ele>
      </trkpt>
      <trkpt lat="45.790603" lon="4.902445">
        <ele>174.6</ele>
      </trkpt>
      <trkpt lat="45.791021" lon="4.903133">
        <ele>173.4</ele>
      </trkpt>
      <trkpt lat="45.791375" lon="4.904357">
        <ele>171.5</ele>
      </trkpt>
      <trkpt lat="45.791163" lon="4.908239">
        <ele>169.6</ele>
      </trkpt>
      <trkpt lat="45.791297" lon="4.909560">
        <ele>171.3</ele>
      </trkpt>
      <trkpt lat="45.794398" lon="4.922362">
        <ele>172.1</ele>
      </trkpt>
      <trkpt lat="45.794607" lon="4.923920">
        <ele>171.8</ele>
      </trkpt>
      <trkpt lat="45.795513" lon="4.925157">
        <ele>171.7</ele>
      </trkpt>
      <trkpt lat="45.797152" lon="4.925869">
        <ele>171.5</ele>
      </trkpt>
      <trkpt lat="45.798277" lon="4.926816">
        <ele>174.2</ele>
      </trkpt>
      <trkpt lat="45.799458" lon="4.927230">
        <ele>175.6</ele>
      </trkpt>
      <trkpt lat="45.800668" lon="4.927017">
        <ele>178.2</ele>
      </trkpt>
      <trkpt lat="45.801325" lon="4.926690">
        <ele>175.4</ele>
      </trkpt>
      <trkpt lat="45.801467" lon="4.926043">
        <ele>173.5</ele>
      </trkpt>
      <trkpt lat="45.801663" lon="4.925980">
        <ele>171.5</ele>
      </trkpt>
      <trkpt lat="45.801874" lon="4.926214">
        <ele>170.2</ele>
      </trkpt>
      <trkpt lat="45.802196" lon="4.927256">
        <ele>170.5</ele>
      </trkpt>
      <trkpt lat="45.802229" lon="4.928142">
        <ele>170.6</ele>
      </trkpt>
      <trkpt lat="45.803016" lon="4.932642">
        <ele>171.4</ele>
      </trkpt>
      <trkpt lat="45.803055" lon="4.933189">
        <ele>171.1</ele>
      </trkpt>
      <trkpt lat="45.803186" lon="4.933917">
        <ele>170.8</ele>
      </trkpt>
      <trkpt lat="45.803134" lon="4.934030">
        <ele>171.4</ele>
      </trkpt>
      <trkpt lat="45.803154" lon="4.934205">
        <ele>171.4</ele>
      </trkpt>
      <trkpt lat="45.803089" lon="4.934306">
        <ele>171.4</ele>
      </trkpt>
      <trkpt lat="45.802927" lon="4.934412">
        <ele>172.1</ele>
      </trkpt>
      <trkpt lat="45.802777" lon="4.934941">
        <ele>172.7</ele>
      </trkpt>
      <trkpt lat="45.802419" lon="4.935183">
        <ele>174</ele>
      </trkpt>
      <trkpt lat="45.802300" lon="4.935217">
        <ele>175.4</ele>
      </trkpt>
      <trkpt lat="45.801974" lon="4.935704">
        <ele>176.7</ele>
      </trkpt>
      <trkpt lat="45.801482" lon="4.936276">
        <ele>175.5</ele>
      </trkpt>
      <trkpt lat="45.800528" lon="4.936888">
        <ele>178</ele>
      </trkpt>
      <trkpt lat="45.800330" lon="4.936877">
        <ele>178.8</ele>
      </trkpt>
      <trkpt lat="45.799894" lon="4.937158">
        <ele>179.4</ele>
      </trkpt>
      <trkpt lat="45.799621" lon="4.937445">
        <ele>179.6</ele>
      </trkpt>
      <trkpt lat="45.799026" lon="4.937682">
        <ele>177.5</ele>
      </trkpt>
      <trkpt lat="45.798280" lon="4.938200">
        <ele>177</ele>
      </trkpt>
      <trkpt lat="45.798147" lon="4.938395">
        <ele>177.4</ele>
      </trkpt>
      <trkpt lat="45.797949" lon="4.939048">
        <ele>177.3</ele>
      </trkpt>
      <trkpt lat="45.798004" lon="4.940317">
        <ele>175.7</ele>
      </trkpt>
      <trkpt lat="45.798343" lon="4.940490">
        <ele>176.3</ele>
      </trkpt>
      <trkpt lat="45.798510" lon="4.940683">
        <ele>176.8</ele>
      </trkpt>
      <trkpt lat="45.798606" lon="4.940921">
        <ele>176.7</ele>
      </trkpt>
      <trkpt lat="45.798610" lon="4.941023">
        <ele>176.7</ele>
      </trkpt>
      <trkpt lat="45.798535" lon="4.941571">
        <ele>176.4</ele>
      </trkpt>
      <trkpt lat="45.798462" lon="4.941842">
        <ele>176.2</ele>
      </trkpt>
      <trkpt lat="45.798322" lon="4.941965">
        <ele>176.2</ele>
      </trkpt>
      <trkpt lat="45.798175" lon="4.942031">
        <ele>175.9</ele>
      </trkpt>
      <trkpt lat="45.798121" lon="4.942113">
        <ele>176.1</ele>
      </trkpt>
      <trkpt lat="45.798057" lon="4.943042">
        <ele>176</ele>
      </trkpt>
      <trkpt lat="45.798241" lon="4.948658">
        <ele>175.8</ele>
      </trkpt>
      <trkpt lat="45.797067" lon="4.950766">
        <ele>172.7</ele>
      </trkpt>
      <trkpt lat="45.796860" lon="4.951434">
        <ele>171.9</ele>
      </trkpt>
      <trkpt lat="45.796918" lon="4.954501">
        <ele>174.6</ele>
      </trkpt>
      <trkpt lat="45.797025" lon="4.954709">
        <ele>174.1</ele>
      </trkpt>
      <trkpt lat="45.797866" lon="4.955453">
        <ele>174.6</ele>
      </trkpt>
      <trkpt lat="45.797988" lon="4.955696">
        <ele>174.7</ele>
      </trkpt>
      <trkpt lat="45.798278" lon="4.956076">
        <ele>174.1</ele>
      </trkpt>
      <trkpt lat="45.798364" lon="4.956373">
        <ele>171.8</ele>
      </trkpt>
      <trkpt lat="45.798532" lon="4.960393">
        <ele>174.6</ele>
      </trkpt>
      <trkpt lat="45.798513" lon="4.961517">
        <ele>175.8</ele>
      </trkpt>
      <trkpt lat="45.798646" lon="4.962428">
        <ele>174.6</ele>
      </trkpt>
      <trkpt lat="45.798348" lon="4.964568">
        <ele>173.8</ele>
      </trkpt>
      <trkpt lat="45.798253" lon="4.964715">
        <ele>174.6</ele>
      </trkpt>
      <trkpt lat="45.798133" lon="4.964785">
        <ele>174.6</ele>
      </trkpt>
      <trkpt lat="45.797704" lon="4.964727">
        <ele>176.6</ele>
      </trkpt>
      <trkpt lat="45.797376" lon="4.967115">
        <ele>174</ele>
      </trkpt>
      <trkpt lat="45.797374" lon="4.968068">
        <ele>174</ele>
      </trkpt>
      <trkpt lat="45.797539" lon="4.968690">
        <ele>174</ele>
      </trkpt>
      <trkpt lat="45.797819" lon="4.968840">
        <ele>174.5</ele>
      </trkpt>
      <trkpt lat="45.797889" lon="4.968938">
        <ele>174.5</ele>
      </trkpt>
      <trkpt lat="45.797904" lon="4.969127">
        <ele>175.3</ele>
      </trkpt>
      <trkpt lat="45.797804" lon="4.970041">
        <ele>176.2</ele>
      </trkpt>
      <trkpt lat="45.797739" lon="4.970162">
        <ele>176.1</ele>
      </trkpt>
      <trkpt lat="45.797615" lon="4.970219">
        <ele>176</ele>
      </trkpt>
      <trkpt lat="45.797270" lon="4.970142">
        <ele>176.4</ele>
      </trkpt>
      <trkpt lat="45.797136" lon="4.970162">
        <ele>176.9</ele>
      </trkpt>
      <trkpt lat="45.796956" lon="4.970399">
        <ele>177.4</ele>
      </trkpt>
      <trkpt lat="45.796817" lon="4.970829">
        <ele>177.3</ele>
      </trkpt>
      <trkpt lat="45.796814" lon="4.971186">
        <ele>177.5</ele>
      </trkpt>
      <trkpt lat="45.797124" lon="4.971870">
        <ele>176.9</ele>
      </trkpt>
      <trkpt lat="45.797238" lon="4.975738">
        <ele>173.2</ele>
      </trkpt>
      <trkpt lat="45.797197" lon="4.975944">
        <ele>172.9</ele>
      </trkpt>
      <trkpt lat="45.797098" lon="4.976075">
        <ele>175.2</ele>
      </trkpt>
      <trkpt lat="45.796631" lon="4.976280">
        <ele>176.7</ele>
      </trkpt>
      <trkpt lat="45.796537" lon="4.976448">
        <ele>177.1</ele>
      </trkpt>
      <trkpt lat="45.796301" lon="4.977115">
        <ele>172.1</ele>
      </trkpt>
      <trkpt lat="45.796024" lon="4.977455">
        <ele>174.5</ele>
      </trkpt>
      <trkpt lat="45.795825" lon="4.977834">
        <ele>175.2</ele>
      </trkpt>
      <trkpt lat="45.795612" lon="4.977945">
        <ele>175.5</ele>
      </trkpt>
      <trkpt lat="45.795458" lon="4.978426">
        <ele>175.9</ele>
      </trkpt>
      <trkpt lat="45.795351" lon="4.978526">
        <ele>175.8</ele>
      </trkpt>
      <trkpt lat="45.794614" lon="4.978798">
        <ele>178.4</ele>
      </trkpt>
      <trkpt lat="45.794001" lon="4.979239">
        <ele>178.3</ele>
      </trkpt>
      <trkpt lat="45.793801" lon="4.979511">
        <ele>177.6</ele>
      </trkpt>
      <trkpt lat="45.793698" lon="4.979736">
        <ele>177.2</ele>
      </trkpt>
      <trkpt lat="45.793641" lon="4.980061">
        <ele>176.7</ele>
      </trkpt>
      <trkpt lat="45.793624" lon="4.980666">
        <ele>176.4</ele>
      </trkpt>
      <trkpt lat="45.793710" lon="4.980960">
        <ele>176.1</ele>
      </trkpt>
      <trkpt lat="45.793638" lon="4.981805">
        <ele>175.1</ele>
      </trkpt>
      <trkpt lat="45.793595" lon="4.982781">
        <ele>175.6</ele>
      </trkpt>
      <trkpt lat="45.792186" lon="4.982994">
        <ele>179.3</ele>
      </trkpt>
      <trkpt lat="45.792115" lon="4.983124">
        <ele>178.8</ele>
      </trkpt>
      <trkpt lat="45.792159" lon="4.983289">
        <ele>178.8</ele>
      </trkpt>
      <trkpt lat="45.792665" lon="4.984288">
        <ele>177.6</ele>
      </trkpt>
      <trkpt lat="45.792697" lon="4.984543">
        <ele>177.6</ele>
      </trkpt>
      <trkpt lat="45.794711" lon="4.987662">
        <ele>176.6</ele>
      </trkpt>
      <trkpt lat="45.795168" lon="4.988626">
        <ele>177.1</ele>
      </trkpt>
      <trkpt lat="45.795516" lon="4.989732">
        <ele>177.5</ele>
      </trkpt>
      <trkpt lat="45.795641" lon="4.990260">
        <ele>177.5</ele>
      </trkpt>
      <trkpt lat="45.795666" lon="4.990845">
        <ele>180.1</ele>
      </trkpt>
      <trkpt lat="45.794678" lon="4.990983">
        <ele>176.4</ele>
      </trkpt>
      <trkpt lat="45.794618" lon="4.991806">
        <ele>177.4</ele>
      </trkpt>
      <trkpt lat="45.794471" lon="4.993033">
        <ele>176.7</ele>
      </trkpt>
      <trkpt lat="45.794399" lon="4.993395">
        <ele>176.7</ele>
      </trkpt>
      <trkpt lat="45.794141" lon="4.993935">
        <ele>177.5</ele>
      </trkpt>
      <trkpt lat="45.793659" lon="4.994435">
        <ele>180.3</ele>
      </trkpt>
      <trkpt lat="45.792659" lon="4.995091">
        <ele>181.7</ele>
      </trkpt>
      <trkpt lat="45.791781" lon="4.995950">
        <ele>183.3</ele>
      </trkpt>
      <trkpt lat="45.791308" lon="4.996158">
        <ele>185.8</ele>
      </trkpt>
      <trkpt lat="45.790463" lon="4.997617">
        <ele>177.8</ele>
      </trkpt>
      <trkpt lat="45.789702" lon="4.998576">
        <ele>180.9</ele>
      </trkpt>
      <trkpt lat="45.788727" lon="4.999292">
        <ele>183.6</ele>
      </trkpt>
      <trkpt lat="45.788043" lon="5.000095">
        <ele>182.9</ele>
      </trkpt>
      <trkpt lat="45.787073" lon="5.001649">
        <ele>178.5</ele>
      </trkpt>
      <trkpt lat="45.786360" lon="5.003765">
        <ele>184</ele>
      </trkpt>
      <trkpt lat="45.785840" lon="5.006853">
        <ele>188.6</ele>
      </trkpt>
      <trkpt lat="45.785856" lon="5.009145">
        <ele>187.9</ele>
      </trkpt>
      <trkpt lat="45.785994" lon="5.010068">
        <ele>185.6</ele>
      </trkpt>
      <trkpt lat="45.786135" lon="5.010528">
        <ele>181.2</ele>
      </trkpt>
      <trkpt lat="45.786480" lon="5.011056">
        <ele>178.1</ele>
      </trkpt>
      <trkpt lat="45.786488" lon="5.011492">
        <ele>178.8</ele>
      </trkpt>
      <trkpt lat="45.786352" lon="5.012545">
        <ele>183.5</ele>
      </trkpt>
      <trkpt lat="45.785369" lon="5.015556">
        <ele>187.3</ele>
      </trkpt>
      <trkpt lat="45.785275" lon="5.016785">
        <ele>187.4</ele>
      </trkpt>
      <trkpt lat="45.785294" lon="5.018365">
        <ele>189.2</ele>
      </trkpt>
      <trkpt lat="45.785448" lon="5.019182">
        <ele>182.8</ele>
      </trkpt>
      <trkpt lat="45.786089" lon="5.021344">
        <ele>185.3</ele>
      </trkpt>
      <trkpt lat="45.787745" lon="5.023125">
        <ele>179.8</ele>
      </trkpt>
      <trkpt lat="45.789128" lon="5.025616">
        <ele>183.1</ele>
      </trkpt>
      <trkpt lat="45.789257" lon="5.025929">
        <ele>185.4</ele>
      </trkpt>
      <trkpt lat="45.789297" lon="5.026236">
        <ele>186.2</ele>
      </trkpt>
      <trkpt lat="45.789993" lon="5.026571">
        <ele>179.2</ele>
      </trkpt>
      <trkpt lat="45.791250" lon="5.027748">
        <ele>180</ele>
      </trkpt>
      <trkpt lat="45.794278" lon="5.030757">
        <ele>181.1</ele>
      </trkpt>
      <trkpt lat="45.795018" lon="5.031869">
        <ele>180.1</ele>
      </trkpt>
      <trkpt lat="45.795305" lon="5.033188">
        <ele>180</ele>
      </trkpt>
      <trkpt lat="45.795503" lon="5.034771">
        <ele>180.2</ele>
      </trkpt>
      <trkpt lat="45.795983" lon="5.036854">
        <ele>181.5</ele>
      </trkpt>
      <trkpt lat="45.796928" lon="5.038854">
        <ele>185.2</ele>
      </trkpt>
      <trkpt lat="45.798201" lon="5.040054">
        <ele>182.6</ele>
      </trkpt>
      <trkpt lat="45.799056" lon="5.041040">
        <ele>180.4</ele>
      </trkpt>
      <trkpt lat="45.799779" lon="5.042131">
        <ele>180.6</ele>
      </trkpt>
      <trkpt lat="45.800068" lon="5.042781">
        <ele>181.6</ele>
      </trkpt>
      <trkpt lat="45.801275" lon="5.044517">
        <ele>181</ele>
      </trkpt>
      <trkpt lat="45.801903" lon="5.046159">
        <ele>181</ele>
      </trkpt>
      <trkpt lat="45.803034" lon="5.049957">
        <ele>181.3</ele>
      </trkpt>
      <trkpt lat="45.803516" lon="5.050850">
        <ele>181</ele>
      </trkpt>
      <trkpt lat="45.804334" lon="5.053211">
        <ele>181</ele>
      </trkpt>
      <trkpt lat="45.804380" lon="5.054125">
        <ele>181.3</ele>
      </trkpt>
      <trkpt lat="45.805356" lon="5.059231">
        <ele>181.1</ele>
      </trkpt>
      <trkpt lat="45.807823" lon="5.068010">
        <ele>182.5</ele>
      </trkpt>
      <trkpt lat="45.808136" lon="5.071117">
        <ele>187.4</ele>
      </trkpt>
      <trkpt lat="45.809402" lon="5.074514">
        <ele>182</ele>
      </trkpt>
      <trkpt lat="45.809487" lon="5.075641">
        <ele>182.3</ele>
      </trkpt>
      <trkpt lat="45.809738" lon="5.077933">
        <ele>183.6</ele>
      </trkpt>
      <trkpt lat="45.809738" lon="5.077933">
        <ele>183.6</ele>
      </trkpt>
      <trkpt lat="45.806861" lon="5.078617">
        <ele>213.2</ele>
      </trkpt>
      <trkpt lat="45.806417" lon="5.079227">
        <ele>212.9</ele>
      </trkpt>
      <trkpt lat="45.806257" lon="5.079172">
        <ele>212.6</ele>
      </trkpt>
      <trkpt lat="45.805888" lon="5.079393">
        <ele>211.5</ele>
      </trkpt>
      <trkpt lat="45.805415" lon="5.079865">
        <ele>211.3</ele>
      </trkpt>
      <trkpt lat="45.804343" lon="5.080623">
        <ele>211.1</ele>
      </trkpt>
      <trkpt lat="45.803852" lon="5.080790">
        <ele>212</ele>
      </trkpt>
      <trkpt lat="45.803651" lon="5.080904">
        <ele>211.3</ele>
      </trkpt>
      <trkpt lat="45.802553" lon="5.082283">
        <ele>207.4</ele>
      </trkpt>
      <trkpt lat="45.801947" lon="5.083344">
        <ele>207.3</ele>
      </trkpt>
      <trkpt lat="45.801691" lon="5.083682">
        <ele>206.9</ele>
      </trkpt>
      <trkpt lat="45.801105" lon="5.084038">
        <ele>205.9</ele>
      </trkpt>
      <trkpt lat="45.800887" lon="5.084245">
        <ele>205</ele>
      </trkpt>
      <trkpt lat="45.798347" lon="5.085089">
        <ele>205.6</ele>
      </trkpt>
      <trkpt lat="45.797861" lon="5.085102">
        <ele>207.6</ele>
      </trkpt>
      <trkpt lat="45.797022" lon="5.084824">
        <ele>209.9</ele>
      </trkpt>
      <trkpt lat="45.796357" lon="5.084810">
        <ele>211</ele>
      </trkpt>
      <trkpt lat="45.795822" lon="5.084646">
        <ele>211.4</ele>
      </trkpt>
      <trkpt lat="45.794986" lon="5.084243">
        <ele>212.2</ele>
      </trkpt>
      <trkpt lat="45.794158" lon="5.084914">
        <ele>213.8</ele>
      </trkpt>
      <trkpt lat="45.793230" lon="5.086102">
        <ele>215</ele>
      </trkpt>
      <trkpt lat="45.792708" lon="5.087174">
        <ele>215</ele>
      </trkpt>
      <trkpt lat="45.792604" lon="5.087499">
        <ele>214.8</ele>
      </trkpt>
      <trkpt lat="45.792166" lon="5.087903">
        <ele>213.7</ele>
      </trkpt>
      <trkpt lat="45.791340" lon="5.089926">
        <ele>210</ele>
      </trkpt>
      <trkpt lat="45.791174" lon="5.090174">
        <ele>208.8</ele>
      </trkpt>
      <trkpt lat="45.790311" lon="5.090628">
        <ele>206.9</ele>
      </trkpt>
      <trkpt lat="45.789127" lon="5.091098">
        <ele>206.3</ele>
      </trkpt>
      <trkpt lat="45.788866" lon="5.090899">
        <ele>206.4</ele>
      </trkpt>
      <trkpt lat="45.787948" lon="5.090026">
        <ele>209.6</ele>
      </trkpt>
      <trkpt lat="45.787323" lon="5.088853">
        <ele>210.9</ele>
      </trkpt>
      <trkpt lat="45.787129" lon="5.088776">
        <ele>211.6</ele>
      </trkpt>
      <trkpt lat="45.784564" lon="5.089198">
        <ele>216.9</ele>
      </trkpt>
      <trkpt lat="45.784331" lon="5.089340">
        <ele>217.2</ele>
      </trkpt>
      <trkpt lat="45.784250" lon="5.089460">
        <ele>217.2</ele>
      </trkpt>
      <trkpt lat="45.784273" lon="5.090986">
        <ele>217.7</ele>
      </trkpt>
      <trkpt lat="45.782754" lon="5.097431">
        <ele>220.4</ele>
      </trkpt>
      <trkpt lat="45.782315" lon="5.099703">
        <ele>221.1</ele>
      </trkpt>
      <trkpt lat="45.781560" lon="5.103149">
        <ele>216.8</ele>
      </trkpt>
      <trkpt lat="45.781025" lon="5.104845">
        <ele>221</ele>
      </trkpt>
      <trkpt lat="45.780286" lon="5.106689">
        <ele>225</ele>
      </trkpt>
      <trkpt lat="45.780577" lon="5.106855">
        <ele>227</ele>
      </trkpt>
      <trkpt lat="45.779747" lon="5.108982">
        <ele>227.6</ele>
      </trkpt>
      <trkpt lat="45.779500" lon="5.110169">
        <ele>228.4</ele>
      </trkpt>
      <trkpt lat="45.778952" lon="5.111915">
        <ele>227.8</ele>
      </trkpt>
      <trkpt lat="45.778595" lon="5.113821">
        <ele>227</ele>
      </trkpt>
      <trkpt lat="45.778414" lon="5.115608">
        <ele>228.3</ele>
      </trkpt>
      <trkpt lat="45.778230" lon="5.116731">
        <ele>231.2</ele>
      </trkpt>
      <trkpt lat="45.780604" lon="5.117010">
        <ele>225.5</ele>
      </trkpt>
      <trkpt lat="45.781677" lon="5.116796">
        <ele>226.7</ele>
      </trkpt>
      <trkpt lat="45.782792" lon="5.115951">
        <ele>223.9</ele>
      </trkpt>
      <trkpt lat="45.783104" lon="5.119846">
        <ele>229.4</ele>
      </trkpt>
      <trkpt lat="45.783000" lon="5.122982">
        <ele>228.6</ele>
      </trkpt>
      <trkpt lat="45.783363" lon="5.125327">
        <ele>220.7</ele>
      </trkpt>
      <trkpt lat="45.783805" lon="5.126014">
        <ele>219.5</ele>
      </trkpt>
      <trkpt lat="45.784040" lon="5.127805">
        <ele>218.2</ele>
      </trkpt>
      <trkpt lat="45.787219" lon="5.127979">
        <ele>215.1</ele>
      </trkpt>
      <trkpt lat="45.787434" lon="5.127945">
        <ele>215</ele>
      </trkpt>
      <trkpt lat="45.788363" lon="5.127657">
        <ele>215.2</ele>
      </trkpt>
      <trkpt lat="45.788805" lon="5.127631">
        <ele>215.4</ele>
      </trkpt>
      <trkpt lat="45.789003" lon="5.127562">
        <ele>215.2</ele>
      </trkpt>
      <trkpt lat="45.790020" lon="5.127031">
        <ele>212.3</ele>
      </trkpt>
      <trkpt lat="45.791264" lon="5.126465">
        <ele>215.4</ele>
      </trkpt>
      <trkpt lat="45.792729" lon="5.126164">
        <ele>211.8</ele>
      </trkpt>
      <trkpt lat="45.793792" lon="5.126026">
        <ele>209.8</ele>
      </trkpt>
      <trkpt lat="45.793977" lon="5.126042">
        <ele>209.4</ele>
      </trkpt>
      <trkpt lat="45.794030" lon="5.125914">
        <ele>209.4</ele>
      </trkpt>
      <trkpt lat="45.794151" lon="5.125974">
        <ele>209.4</ele>
      </trkpt>
      <trkpt lat="45.794131" lon="5.126136">
        <ele>209.4</ele>
      </trkpt>
      <trkpt lat="45.794154" lon="5.126331">
        <ele>208.8</ele>
      </trkpt>
      <trkpt lat="45.794435" lon="5.127961">
        <ele>210.8</ele>
      </trkpt>
      <trkpt lat="45.794598" lon="5.129967">
        <ele>213.6</ele>
      </trkpt>
      <trkpt lat="45.794606" lon="5.130271">
        <ele>213.7</ele>
      </trkpt>
      <trkpt lat="45.794568" lon="5.130630">
        <ele>214.1</ele>
      </trkpt>
      <trkpt lat="45.794578" lon="5.136795">
        <ele>221.2</ele>
      </trkpt>
      <trkpt lat="45.793907" lon="5.139810">
        <ele>224.6</ele>
      </trkpt>
      <trkpt lat="45.793614" lon="5.140796">
        <ele>226.1</ele>
      </trkpt>
      <trkpt lat="45.793579" lon="5.141058">
        <ele>226.6</ele>
      </trkpt>
      <trkpt lat="45.793579" lon="5.142021">
        <ele>227.1</ele>
      </trkpt>
      <trkpt lat="45.793375" lon="5.143009">
        <ele>228.1</ele>
      </trkpt>
      <trkpt lat="45.793274" lon="5.143959">
        <ele>228.8</ele>
      </trkpt>
      <trkpt lat="45.793013" lon="5.144844">
        <ele>230.7</ele>
      </trkpt>
      <trkpt lat="45.792854" lon="5.145681">
        <ele>231.3</ele>
      </trkpt>
      <trkpt lat="45.792871" lon="5.146031">
        <ele>230.9</ele>
      </trkpt>
      <trkpt lat="45.793200" lon="5.147858">
        <ele>223.7</ele>
      </trkpt>
      <trkpt lat="45.793500" lon="5.148985">
        <ele>221.4</ele>
      </trkpt>
      <trkpt lat="45.793586" lon="5.149193">
        <ele>221.3</ele>
      </trkpt>
      <trkpt lat="45.793662" lon="5.149264">
        <ele>220.7</ele>
      </trkpt>
      <trkpt lat="45.793876" lon="5.149281">
        <ele>220.2</ele>
      </trkpt>
      <trkpt lat="45.794067" lon="5.149237">
        <ele>219.7</ele>
      </trkpt>
      <trkpt lat="45.794178" lon="5.149352">
        <ele>219</ele>
      </trkpt>
      <trkpt lat="45.794410" lon="5.150000">
        <ele>218.8</ele>
      </trkpt>
      <trkpt lat="45.794498" lon="5.150421">
        <ele>218.9</ele>
      </trkpt>
      <trkpt lat="45.794547" lon="5.151871">
        <ele>213.7</ele>
      </trkpt>
      <trkpt lat="45.794697" lon="5.153112">
        <ele>207.6</ele>
      </trkpt>
      <trkpt lat="45.794684" lon="5.153435">
        <ele>206.7</ele>
      </trkpt>
      <trkpt lat="45.794264" lon="5.154254">
        <ele>209</ele>
      </trkpt>
      <trkpt lat="45.794282" lon="5.154563">
        <ele>208.5</ele>
      </trkpt>
      <trkpt lat="45.794226" lon="5.155004">
        <ele>207.5</ele>
      </trkpt>
      <trkpt lat="45.794111" lon="5.155374">
        <ele>209.3</ele>
      </trkpt>
      <trkpt lat="45.793979" lon="5.156050">
        <ele>207.3</ele>
      </trkpt>
      <trkpt lat="45.793826" lon="5.156606">
        <ele>208.2</ele>
      </trkpt>
      <trkpt lat="45.793803" lon="5.157151">
        <ele>201.4</ele>
      </trkpt>
      <trkpt lat="45.793857" lon="5.158686">
        <ele>195</ele>
      </trkpt>
      <trkpt lat="45.793975" lon="5.159389">
        <ele>188</ele>
      </trkpt>
      <trkpt lat="45.793966" lon="5.159866">
        <ele>197.2</ele>
      </trkpt>
      <trkpt lat="45.793936" lon="5.160188">
        <ele>201.4</ele>
      </trkpt>
      <trkpt lat="45.793617" lon="5.161939">
        <ele>202.1</ele>
      </trkpt>
      <trkpt lat="45.793597" lon="5.162006">
        <ele>202.3</ele>
      </trkpt>
      <trkpt lat="45.792923" lon="5.162404">
        <ele>204</ele>
      </trkpt>
      <trkpt lat="45.791889" lon="5.163161">
        <ele>206.1</ele>
      </trkpt>
      <trkpt lat="45.792195" lon="5.165014">
        <ele>208.1</ele>
      </trkpt>
      <trkpt lat="45.792053" lon="5.165364">
        <ele>208.8</ele>
      </trkpt>
      <trkpt lat="45.791717" lon="5.165681">
        <ele>209.4</ele>
      </trkpt>
      <trkpt lat="45.791315" lon="5.166558">
        <ele>209.6</ele>
      </trkpt>
      <trkpt lat="45.791616" lon="5.168158">
        <ele>210.3</ele>
      </trkpt>
      <trkpt lat="45.791165" lon="5.169229">
        <ele>208.3</ele>
      </trkpt>
      <trkpt lat="45.790529" lon="5.169590">
        <ele>205.9</ele>
      </trkpt>
      <trkpt lat="45.790470" lon="5.169725">
        <ele>205.9</ele>
      </trkpt>
      <trkpt lat="45.790679" lon="5.170461">
        <ele>205</ele>
      </trkpt>
      <trkpt lat="45.790900" lon="5.170975">
        <ele>203.9</ele>
      </trkpt>
      <trkpt lat="45.792058" lon="5.173333">
        <ele>204.1</ele>
      </trkpt>
      <trkpt lat="45.791920" lon="5.173711">
        <ele>205.4</ele>
      </trkpt>
      <trkpt lat="45.791804" lon="5.173851">
        <ele>207.7</ele>
      </trkpt>
      <trkpt lat="45.791401" lon="5.174048">
        <ele>207.8</ele>
      </trkpt>
      <trkpt lat="45.791332" lon="5.174190">
        <ele>209.4</ele>
      </trkpt>
      <trkpt lat="45.791313" lon="5.174564">
        <ele>210.9</ele>
      </trkpt>
      <trkpt lat="45.791373" lon="5.175154">
        <ele>214.2</ele>
      </trkpt>
      <trkpt lat="45.791340" lon="5.175323">
        <ele>214.7</ele>
      </trkpt>
      <trkpt lat="45.791104" lon="5.175518">
        <ele>213.6</ele>
      </trkpt>
      <trkpt lat="45.790672" lon="5.175706">
        <ele>213.1</ele>
      </trkpt>
      <trkpt lat="45.790426" lon="5.175773">
        <ele>212.9</ele>
      </trkpt>
      <trkpt lat="45.790230" lon="5.175748">
        <ele>213.1</ele>
      </trkpt>
      <trkpt lat="45.789977" lon="5.175551">
        <ele>213.3</ele>
      </trkpt>
      <trkpt lat="45.789564" lon="5.175074">
        <ele>213.6</ele>
      </trkpt>
      <trkpt lat="45.789433" lon="5.175044">
        <ele>214</ele>
      </trkpt>
      <trkpt lat="45.788231" lon="5.175575">
        <ele>214.7</ele>
      </trkpt>
      <trkpt lat="45.785055" lon="5.175874">
        <ele>222.1</ele>
      </trkpt>
      <trkpt lat="45.783736" lon="5.175376">
        <ele>226.7</ele>
      </trkpt>
      <trkpt lat="45.783065" lon="5.175060">
        <ele>226.6</ele>
      </trkpt>
      <trkpt lat="45.781702" lon="5.174193">
        <ele>223.5</ele>
      </trkpt>
      <trkpt lat="45.780652" lon="5.173360">
        <ele>221.3</ele>
      </trkpt>
      <trkpt lat="45.780180" lon="5.172779">
        <ele>217.8</ele>
      </trkpt>
      <trkpt lat="45.779821" lon="5.172229">
        <ele>216.2</ele>
      </trkpt>
      <trkpt lat="45.779599" lon="5.172015">
        <ele>216.4</ele>
      </trkpt>
      <trkpt lat="45.780002" lon="5.170882">
        <ele>215.1</ele>
      </trkpt>
      <trkpt lat="45.779878" lon="5.170792">
        <ele>215.2</ele>
      </trkpt>
      <trkpt lat="45.778688" lon="5.170387">
        <ele>225.3</ele>
      </trkpt>
      <trkpt lat="45.777169" lon="5.169732">
        <ele>231.7</ele>
      </trkpt>
      <trkpt lat="45.777057" lon="5.169974">
        <ele>231.5</ele>
      </trkpt>
      <trkpt lat="45.776954" lon="5.170336">
        <ele>230.7</ele>
      </trkpt>
      <trkpt lat="45.776882" lon="5.171006">
        <ele>229.9</ele>
      </trkpt>
      <trkpt lat="45.776603" lon="5.170987">
        <ele>229.2</ele>
      </trkpt>
      <trkpt lat="45.776366" lon="5.170892">
        <ele>228.6</ele>
      </trkpt>
      <trkpt lat="45.775910" lon="5.170457">
        <ele>226.9</ele>
      </trkpt>
      <trkpt lat="45.775725" lon="5.170441">
        <ele>225.8</ele>
      </trkpt>
      <trkpt lat="45.772969" lon="5.171832">
        <ele>210.3</ele>
      </trkpt>
      <trkpt lat="45.772511" lon="5.172120">
        <ele>211.8</ele>
      </trkpt>
      <trkpt lat="45.771560" lon="5.173845">
        <ele>208.7</ele>
      </trkpt>
      <trkpt lat="45.771007" lon="5.175024">
        <ele>207.2</ele>
      </trkpt>
      <trkpt lat="45.771022" lon="5.175817">
        <ele>204.3</ele>
      </trkpt>
      <trkpt lat="45.770979" lon="5.176164">
        <ele>204.2</ele>
      </trkpt>
      <trkpt lat="45.769488" lon="5.180235">
        <ele>204.1</ele>
      </trkpt>
      <trkpt lat="45.768627" lon="5.182270">
        <ele>203</ele>
      </trkpt>
      <trkpt lat="45.767064" lon="5.182991">
        <ele>194.9</ele>
      </trkpt>
      <trkpt lat="45.766237" lon="5.182907">
        <ele>196.9</ele>
      </trkpt>
      <trkpt lat="45.766214" lon="5.183179">
        <ele>196.6</ele>
      </trkpt>
      <trkpt lat="45.766337" lon="5.183882">
        <ele>196.5</ele>
      </trkpt>
      <trkpt lat="45.766205" lon="5.185196">
        <ele>198.6</ele>
      </trkpt>
      <trkpt lat="45.766304" lon="5.188446">
        <ele>196.7</ele>
      </trkpt>
      <trkpt lat="45.766384" lon="5.189011">
        <ele>196.9</ele>
      </trkpt>
      <trkpt lat="45.766838" lon="5.191314">
        <ele>197.5</ele>
      </trkpt>
      <trkpt lat="45.766801" lon="5.192549">
        <ele>198.9</ele>
      </trkpt>
      <trkpt lat="45.767154" lon="5.192600">
        <ele>198.1</ele>
      </trkpt>
      <trkpt lat="45.767714" lon="5.193428">
        <ele>198.3</ele>
      </trkpt>
      <trkpt lat="45.767898" lon="5.193398">
        <ele>197.9</ele>
      </trkpt>
      <trkpt lat="45.768638" lon="5.194495">
        <ele>199.6</ele>
      </trkpt>
      <trkpt lat="45.767895" lon="5.195589">
        <ele>200.3</ele>
      </trkpt>
      <trkpt lat="45.768000" lon="5.196287">
        <ele>199.6</ele>
      </trkpt>
      <trkpt lat="45.767879" lon="5.197106">
        <ele>198.2</ele>
      </trkpt>
      <trkpt lat="45.767713" lon="5.197530">
        <ele>197.8</ele>
      </trkpt>
      <trkpt lat="45.768749" lon="5.198828">
        <ele>197.6</ele>
      </trkpt>
      <trkpt lat="45.769176" lon="5.199632">
        <ele>195.2</ele>
      </trkpt>
      <trkpt lat="45.769221" lon="5.199848">
        <ele>194.9</ele>
      </trkpt>
      <trkpt lat="45.769211" lon="5.201198">
        <ele>193.5</ele>
      </trkpt>
      <trkpt lat="45.768895" lon="5.204809">
        <ele>193.9</ele>
      </trkpt>
      <trkpt lat="45.768911" lon="5.205165">
        <ele>194.8</ele>
      </trkpt>
      <trkpt lat="45.769029" lon="5.205592">
        <ele>194.6</ele>
      </trkpt>
      <trkpt lat="45.768789" lon="5.205975">
        <ele>194.9</ele>
      </trkpt>
      <trkpt lat="45.768769" lon="5.206240">
        <ele>195.1</ele>
      </trkpt>
      <trkpt lat="45.768448" lon="5.206575">
        <ele>195.3</ele>
      </trkpt>
      <trkpt lat="45.768300" lon="5.207697">
        <ele>195.6</ele>
      </trkpt>
      <trkpt lat="45.769816" lon="5.208124">
        <ele>193.6</ele>
      </trkpt>
      <trkpt lat="45.770880" lon="5.208861">
        <ele>189.1</ele>
      </trkpt>
      <trkpt lat="45.770217" lon="5.210537">
        <ele>188.4</ele>
      </trkpt>
      <trkpt lat="45.770076" lon="5.210513">
        <ele>190.2</ele>
      </trkpt>
      <trkpt lat="45.769793" lon="5.210274">
        <ele>193.1</ele>
      </trkpt>
      <trkpt lat="45.769185" lon="5.210860">
        <ele>193.7</ele>
      </trkpt>
      <trkpt lat="45.767686" lon="5.212961">
        <ele>194.5</ele>
      </trkpt>
      <trkpt lat="45.767586" lon="5.213009">
        <ele>194.4</ele>
      </trkpt>
      <trkpt lat="45.767452" lon="5.213438">
        <ele>194.1</ele>
      </trkpt>
      <trkpt lat="45.767111" lon="5.215444">
        <ele>194.9</ele>
      </trkpt>
      <trkpt lat="45.766978" lon="5.216578">
        <ele>193.9</ele>
      </trkpt>
      <trkpt lat="45.766862" lon="5.219047">
        <ele>194.2</ele>
      </trkpt>
      <trkpt lat="45.766844" lon="5.220968">
        <ele>194.8</ele>
      </trkpt>
      <trkpt lat="45.765872" lon="5.221080">
        <ele>196.1</ele>
      </trkpt>
      <trkpt lat="45.765821" lon="5.221180">
        <ele>196.1</ele>
      </trkpt>
      <trkpt lat="45.765881" lon="5.221579">
        <ele>195.6</ele>
      </trkpt>
      <trkpt lat="45.765846" lon="5.222151">
        <ele>195</ele>
      </trkpt>
      <trkpt lat="45.765371" lon="5.222482">
        <ele>195.3</ele>
      </trkpt>
      <trkpt lat="45.764745" lon="5.223013">
        <ele>196.2</ele>
      </trkpt>
      <trkpt lat="45.764073" lon="5.223692">
        <ele>199.1</ele>
      </trkpt>
      <trkpt lat="45.763919" lon="5.224475">
        <ele>199.6</ele>
      </trkpt>
      <trkpt lat="45.765150" lon="5.225339">
        <ele>198.2</ele>
      </trkpt>
      <trkpt lat="45.765625" lon="5.225812">
        <ele>198</ele>
      </trkpt>
      <trkpt lat="45.766040" lon="5.226286">
        <ele>197.7</ele>
      </trkpt>
      <trkpt lat="45.766526" lon="5.226873">
        <ele>197.1</ele>
      </trkpt>
      <trkpt lat="45.767472" lon="5.228152">
        <ele>197.7</ele>
      </trkpt>
      <trkpt lat="45.767881" lon="5.228597">
        <ele>197.8</ele>
      </trkpt>
      <trkpt lat="45.769025" lon="5.230310">
        <ele>198.2</ele>
      </trkpt>
      <trkpt lat="45.769400" lon="5.230792">
        <ele>198.1</ele>
      </trkpt>
      <trkpt lat="45.771942" lon="5.233826">
        <ele>196.4</ele>
      </trkpt>
      <trkpt lat="45.772544" lon="5.234692">
        <ele>196.9</ele>
      </trkpt>
      <trkpt lat="45.773632" lon="5.236511">
        <ele>198.1</ele>
      </trkpt>
      <trkpt lat="45.775063" lon="5.239257">
        <ele>204.2</ele>
      </trkpt>
      <trkpt lat="45.775653" lon="5.240176">
        <ele>203.7</ele>
      </trkpt>
      <trkpt lat="45.776694" lon="5.241575">
        <ele>201.9</ele>
      </trkpt>
      <trkpt lat="45.777288" lon="5.241742">
        <ele>194.2</ele>
      </trkpt>
      <trkpt lat="45.778157" lon="5.243835">
        <ele>199.8</ele>
      </trkpt>
      <trkpt lat="45.779586" lon="5.246083">
        <ele>197.7</ele>
      </trkpt>
      <trkpt lat="45.780592" lon="5.248335">
        <ele>196</ele>
      </trkpt>
      <trkpt lat="45.781245" lon="5.250010">
        <ele>190.5</ele>
      </trkpt>
      <trkpt lat="45.781364" lon="5.250641">
        <ele>197.8</ele>
      </trkpt>
      <trkpt lat="45.783146" lon="5.254948">
        <ele>197.8</ele>
      </trkpt>
      <trkpt lat="45.783509" lon="5.255756">
        <ele>195.4</ele>
      </trkpt>
      <trkpt lat="45.783624" lon="5.256595">
        <ele>201.3</ele>
      </trkpt>
      <trkpt lat="45.783912" lon="5.256774">
        <ele>193.5</ele>
      </trkpt>
      <trkpt lat="45.784228" lon="5.257746">
        <ele>193.3</ele>
      </trkpt>
      <trkpt lat="45.785481" lon="5.260822">
        <ele>202.3</ele>
      </trkpt>
      <trkpt lat="45.785451" lon="5.261552">
        <ele>204.7</ele>
      </trkpt>
      <trkpt lat="45.785940" lon="5.264127">
        <ele>202.4</ele>
      </trkpt>
      <trkpt lat="45.786385" lon="5.265950">
        <ele>201.6</ele>
      </trkpt>
      <trkpt lat="45.787583" lon="5.269504">
        <ele>201.9</ele>
      </trkpt>
      <trkpt lat="45.787860" lon="5.269881">
        <ele>202.1</ele>
      </trkpt>
      <trkpt lat="45.791315" lon="5.275208">
        <ele>203.6</ele>
      </trkpt>
      <trkpt lat="45.791594" lon="5.275459">
        <ele>203.3</ele>
      </trkpt>
      <trkpt lat="45.792069" lon="5.275588">
        <ele>202.5</ele>
      </trkpt>
      <trkpt lat="45.794249" lon="5.275527">
        <ele>200.6</ele>
      </trkpt>
      <trkpt lat="45.795148" lon="5.275814">
        <ele>205.6</ele>
      </trkpt>
      <trkpt lat="45.795168" lon="5.276269">
        <ele>207.5</ele>
      </trkpt>
      <trkpt lat="45.796104" lon="5.276188">
        <ele>205.1</ele>
      </trkpt>
      <trkpt lat="45.796534" lon="5.276602">
        <ele>208.1</ele>
      </trkpt>
      <trkpt lat="45.796185" lon="5.277234">
        <ele>213.9</ele>
      </trkpt>
      <trkpt lat="45.796016" lon="5.277686">
        <ele>214.8</ele>
      </trkpt>
      <trkpt lat="45.796992" lon="5.278499">
        <ele>214</ele>
      </trkpt>
      <trkpt lat="45.796246" lon="5.280742">
        <ele>215.1</ele>
      </trkpt>
      <trkpt lat="45.795879" lon="5.282292">
        <ele>217.8</ele>
      </trkpt>
      <trkpt lat="45.794902" lon="5.285465">
        <ele>220.8</ele>
      </trkpt>
      <trkpt lat="45.794379" lon="5.287885">
        <ele>229.5</ele>
      </trkpt>
      <trkpt lat="45.794660" lon="5.288966">
        <ele>233.1</ele>
      </trkpt>
      <trkpt lat="45.795135" lon="5.289481">
        <ele>234.8</ele>
      </trkpt>
      <trkpt lat="45.795658" lon="5.289753">
        <ele>233.9</ele>
      </trkpt>
      <trkpt lat="45.795924" lon="5.289978">
        <ele>232.9</ele>
      </trkpt>
      <trkpt lat="45.796209" lon="5.290308">
        <ele>232.6</ele>
      </trkpt>
      <trkpt lat="45.796991" lon="5.292068">
        <ele>232.5</ele>
      </trkpt>
      <trkpt lat="45.797333" lon="5.292301">
        <ele>232.4</ele>
      </trkpt>
      <trkpt lat="45.797015" lon="5.292917">
        <ele>232</ele>
      </trkpt>
      <trkpt lat="45.797218" lon="5.293656">
        <ele>228.8</ele>
      </trkpt>
      <trkpt lat="45.797306" lon="5.294569">
        <ele>220.3</ele>
      </trkpt>
      <trkpt lat="45.797509" lon="5.294994">
        <ele>218.5</ele>
      </trkpt>
      <trkpt lat="45.797690" lon="5.295159">
        <ele>217.2</ele>
      </trkpt>
      <trkpt lat="45.797918" lon="5.295176">
        <ele>217.1</ele>
      </trkpt>
      <trkpt lat="45.798359" lon="5.295010">
        <ele>217.3</ele>
      </trkpt>
      <trkpt lat="45.799054" lon="5.295075">
        <ele>215.2</ele>
      </trkpt>
      <trkpt lat="45.799842" lon="5.294632">
        <ele>214.2</ele>
      </trkpt>
      <trkpt lat="45.800322" lon="5.294168">
        <ele>213.6</ele>
      </trkpt>
      <trkpt lat="45.800509" lon="5.293804">
        <ele>214</ele>
      </trkpt>
      <trkpt lat="45.800716" lon="5.293007">
        <ele>214.2</ele>
      </trkpt>
      <trkpt lat="45.800831" lon="5.292426">
        <ele>212.8</ele>
      </trkpt>
      <trkpt lat="45.801673" lon="5.292181">
        <ele>210</ele>
      </trkpt>
      <trkpt lat="45.802327" lon="5.291159">
        <ele>209.3</ele>
      </trkpt>
      <trkpt lat="45.802572" lon="5.291080">
        <ele>209.5</ele>
      </trkpt>
      <trkpt lat="45.803143" lon="5.291789">
        <ele>210.2</ele>
      </trkpt>
      <trkpt lat="45.803459" lon="5.292501">
        <ele>211.2</ele>
      </trkpt>
      <trkpt lat="45.804008" lon="5.294586">
        <ele>211.5</ele>
      </trkpt>
      <trkpt lat="45.804054" lon="5.295270">
        <ele>210.5</ele>
      </trkpt>
      <trkpt lat="45.804175" lon="5.295857">
        <ele>210.4</ele>
      </trkpt>
      <trkpt lat="45.804732" lon="5.296754">
        <ele>212.5</ele>
      </trkpt>
      <trkpt lat="45.804244" lon="5.299658">
        <ele>213.6</ele>
      </trkpt>
      <trkpt lat="45.803802" lon="5.301251">
        <ele>214.4</ele>
      </trkpt>
      <trkpt lat="45.804622" lon="5.301478">
        <ele>214.9</ele>
      </trkpt>
      <trkpt lat="45.806898" lon="5.302230">
        <ele>213.3</ele>
      </trkpt>
      <trkpt lat="45.808426" lon="5.302654">
        <ele>214.2</ele>
      </trkpt>
      <trkpt lat="45.808692" lon="5.302695">
        <ele>214.6</ele>
      </trkpt>
      <trkpt lat="45.808817" lon="5.302576">
        <ele>214.5</ele>
      </trkpt>
      <trkpt lat="45.809029" lon="5.301997">
        <ele>214.5</ele>
      </trkpt>
      <trkpt lat="45.809175" lon="5.301770">
        <ele>214.6</ele>
      </trkpt>
      <trkpt lat="45.809548" lon="5.301495">
        <ele>214.1</ele>
      </trkpt>
      <trkpt lat="45.809789" lon="5.301255">
        <ele>213.2</ele>
      </trkpt>
      <trkpt lat="45.810467" lon="5.299675">
        <ele>212.9</ele>
      </trkpt>
      <trkpt lat="45.811427" lon="5.298020">
        <ele>212.1</ele>
      </trkpt>
      <trkpt lat="45.811525" lon="5.297909">
        <ele>212</ele>
      </trkpt>
      <trkpt lat="45.811723" lon="5.297855">
        <ele>211.9</ele>
      </trkpt>
      <trkpt lat="45.812381" lon="5.298717">
        <ele>211.9</ele>
      </trkpt>
      <trkpt lat="45.812513" lon="5.298477">
        <ele>211.7</ele>
      </trkpt>
      <trkpt lat="45.812738" lon="5.298372">
        <ele>211.7</ele>
      </trkpt>
      <trkpt lat="45.813066" lon="5.298041">
        <ele>211.7</ele>
      </trkpt>
      <trkpt lat="45.813302" lon="5.297352">
        <ele>211.8</ele>
      </trkpt>
      <trkpt lat="45.813389" lon="5.296849">
        <ele>211.9</ele>
      </trkpt>
      <trkpt lat="45.813568" lon="5.296653">
        <ele>212</ele>
      </trkpt>
      <trkpt lat="45.813691" lon="5.296731">
        <ele>212.2</ele>
      </trkpt>
      <trkpt lat="45.814108" lon="5.295606">
        <ele>209</ele>
      </trkpt>
      <trkpt lat="45.814285" lon="5.295337">
        <ele>207.1</ele>
      </trkpt>
      <trkpt lat="45.814496" lon="5.295361">
        <ele>206.1</ele>
      </trkpt>
      <trkpt lat="45.815078" lon="5.295834">
        <ele>208.1</ele>
      </trkpt>
      <trkpt lat="45.815232" lon="5.295934">
        <ele>209.1</ele>
      </trkpt>
      <trkpt lat="45.815291" lon="5.295924">
        <ele>209.1</ele>
      </trkpt>
      <trkpt lat="45.815493" lon="5.296114">
        <ele>208.6</ele>
      </trkpt>
      <trkpt lat="45.815633" lon="5.296353">
        <ele>208.7</ele>
      </trkpt>
      <trkpt lat="45.815862" lon="5.296646">
        <ele>209</ele>
      </trkpt>
      <trkpt lat="45.816168" lon="5.296930">
        <ele>209.1</ele>
      </trkpt>
      <trkpt lat="45.816673" lon="5.296967">
        <ele>208.5</ele>
      </trkpt>
      <trkpt lat="45.817014" lon="5.297188">
        <ele>209.2</ele>
      </trkpt>
      <trkpt lat="45.817748" lon="5.297881">
        <ele>209.2</ele>
      </trkpt>
      <trkpt lat="45.818666" lon="5.298838">
        <ele>206.4</ele>
      </trkpt>
      <trkpt lat="45.819607" lon="5.299169">
        <ele>208.1</ele>
      </trkpt>
      <trkpt lat="45.821417" lon="5.300644">
        <ele>202.5</ele>
      </trkpt>
      <trkpt lat="45.821656" lon="5.301092">
        <ele>204.1</ele>
      </trkpt>
      <trkpt lat="45.822089" lon="5.301298">
        <ele>203.8</ele>
      </trkpt>
      <trkpt lat="45.823421" lon="5.303253">
        <ele>212.8</ele>
      </trkpt>
      <trkpt lat="45.824361" lon="5.302269">
        <ele>199.6</ele>
      </trkpt>
      <trkpt lat="45.826225" lon="5.299633">
        <ele>199.5</ele>
      </trkpt>
      <trkpt lat="45.827837" lon="5.300723">
        <ele>200.4</ele>
      </trkpt>
      <trkpt lat="45.827953" lon="5.300081">
        <ele>201.2</ele>
      </trkpt>
      <trkpt lat="45.828362" lon="5.299052">
        <ele>197</ele>
      </trkpt>
      <trkpt lat="45.830287" lon="5.300137">
        <ele>198.6</ele>
      </trkpt>
      <trkpt lat="45.831984" lon="5.300795">
        <ele>198.1</ele>
      </trkpt>
      <trkpt lat="45.832623" lon="5.301088">
        <ele>198.8</ele>
      </trkpt>
      <trkpt lat="45.837757" lon="5.304041">
        <ele>201.1</ele>
      </trkpt>
      <trkpt lat="45.838912" lon="5.304764">
        <ele>199.9</ele>
      </trkpt>
      <trkpt lat="45.840039" lon="5.305390">
        <ele>199.7</ele>
      </trkpt>
      <trkpt lat="45.840887" lon="5.305912">
        <ele>199.6</ele>
      </trkpt>
      <trkpt lat="45.841389" lon="5.306381">
        <ele>199.4</ele>
      </trkpt>
      <trkpt lat="45.841880" lon="5.307032">
        <ele>199.1</ele>
      </trkpt>
      <trkpt lat="45.842097" lon="5.307210">
        <ele>199.1</ele>
      </trkpt>
      <trkpt lat="45.842699" lon="5.307490">
        <ele>199.2</ele>
      </trkpt>
      <trkpt lat="45.843134" lon="5.307807">
        <ele>199.9</ele>
      </trkpt>
      <trkpt lat="45.843497" lon="5.308141">
        <ele>199.6</ele>
      </trkpt>
      <trkpt lat="45.843857" lon="5.308732">
        <ele>199.8</ele>
      </trkpt>
      <trkpt lat="45.844168" lon="5.309071">
        <ele>199.9</ele>
      </trkpt>
      <trkpt lat="45.845246" lon="5.310152">
        <ele>199.4</ele>
      </trkpt>
      <trkpt lat="45.845829" lon="5.310801">
        <ele>199.5</ele>
      </trkpt>
      <trkpt lat="45.847103" lon="5.311953">
        <ele>198.7</ele>
      </trkpt>
      <trkpt lat="45.847943" lon="5.312950">
        <ele>199.2</ele>
      </trkpt>
      <trkpt lat="45.848343" lon="5.313272">
        <ele>198.6</ele>
      </trkpt>
      <trkpt lat="45.848969" lon="5.314015">
        <ele>198.8</ele>
      </trkpt>
      <trkpt lat="45.849631" lon="5.314571">
        <ele>199</ele>
      </trkpt>
      <trkpt lat="45.850517" lon="5.315608">
        <ele>200.2</ele>
      </trkpt>
      <trkpt lat="45.850662" lon="5.315951">
        <ele>200.5</ele>
      </trkpt>
      <trkpt lat="45.850662" lon="5.316332">
        <ele>201.1</ele>
      </trkpt>
      <trkpt lat="45.850406" lon="5.321018">
        <ele>206</ele>
      </trkpt>
      <trkpt lat="45.850056" lon="5.322590">
        <ele>206.1</ele>
      </trkpt>
      <trkpt lat="45.850010" lon="5.322987">
        <ele>206.1</ele>
      </trkpt>
      <trkpt lat="45.850347" lon="5.323823">
        <ele>207.5</ele>
      </trkpt>
      <trkpt lat="45.850722" lon="5.324922">
        <ele>207.7</ele>
      </trkpt>
      <trkpt lat="45.851828" lon="5.327725">
        <ele>205.9</ele>
      </trkpt>
      <trkpt lat="45.851779" lon="5.328813">
        <ele>206.1</ele>
      </trkpt>
      <trkpt lat="45.851491" lon="5.330789">
        <ele>207.4</ele>
      </trkpt>
      <trkpt lat="45.851494" lon="5.330935">
        <ele>207.4</ele>
      </trkpt>
      <trkpt lat="45.851596" lon="5.331147">
        <ele>207.6</ele>
      </trkpt>
      <trkpt lat="45.851860" lon="5.331404">
        <ele>207.8</ele>
      </trkpt>
      <trkpt lat="45.852556" lon="5.331702">
        <ele>208.3</ele>
      </trkpt>
      <trkpt lat="45.853043" lon="5.331840">
        <ele>208.5</ele>
      </trkpt>
      <trkpt lat="45.853229" lon="5.331951">
        <ele>208.5</ele>
      </trkpt>
      <trkpt lat="45.852774" lon="5.333848">
        <ele>210.7</ele>
      </trkpt>
      <trkpt lat="45.852774" lon="5.333848">
        <ele>210.7</ele>
      </trkpt>
      <trkpt lat="45.852852" lon="5.333956">
        <ele>211.3</ele>
      </trkpt>
      <trkpt lat="45.853974" lon="5.334724">
        <ele>209.2</ele>
      </trkpt>
      <trkpt lat="45.854164" lon="5.334722">
        <ele>209.1</ele>
      </trkpt>
      <trkpt lat="45.855038" lon="5.335176">
        <ele>208.7</ele>
      </trkpt>
      <trkpt lat="45.855076" lon="5.335470">
        <ele>208.6</ele>
      </trkpt>
      <trkpt lat="45.855603" lon="5.335754">
        <ele>208.5</ele>
      </trkpt>
      <trkpt lat="45.856013" lon="5.334601">
        <ele>208.1</ele>
      </trkpt>
      <trkpt lat="45.856403" lon="5.334795">
        <ele>207.3</ele>
      </trkpt>
      <trkpt lat="45.856940" lon="5.333210">
        <ele>207.1</ele>
      </trkpt>
      <trkpt lat="45.858169" lon="5.333864">
        <ele>206.8</ele>
      </trkpt>
      <trkpt lat="45.859481" lon="5.334838">
        <ele>208.2</ele>
      </trkpt>
      <trkpt lat="45.860037" lon="5.335167">
        <ele>209.4</ele>
      </trkpt>
      <trkpt lat="45.860541" lon="5.335405">
        <ele>211.3</ele>
      </trkpt>
      <trkpt lat="45.860882" lon="5.335540">
        <ele>212.5</ele>
      </trkpt>
      <trkpt lat="45.862336" lon="5.335798">
        <ele>210.3</ele>
      </trkpt>
      <trkpt lat="45.862532" lon="5.335914">
        <ele>209.3</ele>
      </trkpt>
      <trkpt lat="45.863388" lon="5.336184">
        <ele>206.2</ele>
      </trkpt>
      <trkpt lat="45.865053" lon="5.336600">
        <ele>202</ele>
      </trkpt>
      <trkpt lat="45.865665" lon="5.336868">
        <ele>202.5</ele>
      </trkpt>
      <trkpt lat="45.866183" lon="5.337213">
        <ele>203.6</ele>
      </trkpt>
      <trkpt lat="45.867464" lon="5.337935">
        <ele>204.4</ele>
      </trkpt>
      <trkpt lat="45.868057" lon="5.338337">
        <ele>205.1</ele>
      </trkpt>
      <trkpt lat="45.870387" lon="5.341876">
        <ele>206.2</ele>
      </trkpt>
      <trkpt lat="45.871247" lon="5.342973">
        <ele>208.4</ele>
      </trkpt>
      <trkpt lat="45.871676" lon="5.343133">
        <ele>207.3</ele>
      </trkpt>
      <trkpt lat="45.872067" lon="5.343388">
        <ele>206.4</ele>
      </trkpt>
      <trkpt lat="45.876279" lon="5.346386">
        <ele>202.5</ele>
      </trkpt>
      <trkpt lat="45.877146" lon="5.346991">
        <ele>200.6</ele>
      </trkpt>
      <trkpt lat="45.877612" lon="5.347273">
        <ele>199.5</ele>
      </trkpt>
      <trkpt lat="45.877972" lon="5.347403">
        <ele>198.9</ele>
      </trkpt>
      <trkpt lat="45.878733" lon="5.347551">
        <ele>197.2</ele>
      </trkpt>
      <trkpt lat="45.882721" lon="5.347569">
        <ele>194</ele>
      </trkpt>
      <trkpt lat="45.884275" lon="5.347453">
        <ele>202.3</ele>
      </trkpt>
      <trkpt lat="45.884744" lon="5.347243">
        <ele>201.4</ele>
      </trkpt>
      <trkpt lat="45.884986" lon="5.347585">
        <ele>201.6</ele>
      </trkpt>
      <trkpt lat="45.885118" lon="5.349839">
        <ele>200.7</ele>
      </trkpt>
      <trkpt lat="45.885483" lon="5.351712">
        <ele>196.8</ele>
      </trkpt>
      <trkpt lat="45.885594" lon="5.352878">
        <ele>197.2</ele>
      </trkpt>
      <trkpt lat="45.885209" lon="5.353964">
        <ele>196</ele>
      </trkpt>
      <trkpt lat="45.882748" lon="5.357020">
        <ele>195</ele>
      </trkpt>
      <trkpt lat="45.881336" lon="5.360446">
        <ele>195.1</ele>
      </trkpt>
      <trkpt lat="45.880578" lon="5.363024">
        <ele>195</ele>
      </trkpt>
      <trkpt lat="45.879862" lon="5.364092">
        <ele>195.1</ele>
      </trkpt>
      <trkpt lat="45.877787" lon="5.366617">
        <ele>195.2</ele>
      </trkpt>
      <trkpt lat="45.877427" lon="5.367607">
        <ele>196.1</ele>
      </trkpt>
      <trkpt lat="45.876433" lon="5.370742">
        <ele>199.2</ele>
      </trkpt>
      <trkpt lat="45.873495" lon="5.374734">
        <ele>195.2</ele>
      </trkpt>
      <trkpt lat="45.872055" lon="5.376456">
        <ele>195</ele>
      </trkpt>
      <trkpt lat="45.870762" lon="5.378431">
        <ele>195.4</ele>
      </trkpt>
      <trkpt lat="45.869471" lon="5.381888">
        <ele>197.5</ele>
      </trkpt>
      <trkpt lat="45.868879" lon="5.383153">
        <ele>197.6</ele>
      </trkpt>
      <trkpt lat="45.866529" lon="5.385153">
        <ele>197.6</ele>
      </trkpt>
      <trkpt lat="45.865451" lon="5.388516">
        <ele>196.5</ele>
      </trkpt>
      <trkpt lat="45.862158" lon="5.395708">
        <ele>197.6</ele>
      </trkpt>
      <trkpt lat="45.860752" lon="5.399497">
        <ele>200.4</ele>
      </trkpt>
      <trkpt lat="45.859760" lon="5.401853">
        <ele>199.7</ele>
      </trkpt>
      <trkpt lat="45.857610" lon="5.405055">
        <ele>199</ele>
      </trkpt>
      <trkpt lat="45.854543" lon="5.408603">
        <ele>197.7</ele>
      </trkpt>
      <trkpt lat="45.854195" lon="5.409048">
        <ele>197.2</ele>
      </trkpt>
      <trkpt lat="45.853497" lon="5.410805">
        <ele>197.2</ele>
      </trkpt>
      <trkpt lat="45.853181" lon="5.412247">
        <ele>197.8</ele>
      </trkpt>
      <trkpt lat="45.852853" lon="5.413382">
        <ele>197.3</ele>
      </trkpt>
      <trkpt lat="45.852496" lon="5.414209">
        <ele>197.5</ele>
      </trkpt>
      <trkpt lat="45.850695" lon="5.415841">
        <ele>198.6</ele>
      </trkpt>
      <trkpt lat="45.848969" lon="5.416404">
        <ele>197.3</ele>
      </trkpt>
      <trkpt lat="45.847445" lon="5.417588">
        <ele>197</ele>
      </trkpt>
      <trkpt lat="45.846159" lon="5.418477">
        <ele>197.2</ele>
      </trkpt>
      <trkpt lat="45.845735" lon="5.419096">
        <ele>204.1</ele>
      </trkpt>
      <trkpt lat="45.845714" lon="5.418394">
        <ele>197.3</ele>
      </trkpt>
      <trkpt lat="45.845580" lon="5.417285">
        <ele>197</ele>
      </trkpt>
      <trkpt lat="45.845545" lon="5.416692">
        <ele>197</ele>
      </trkpt>
      <trkpt lat="45.845648" lon="5.416539">
        <ele>197</ele>
      </trkpt>
      <trkpt lat="45.846959" lon="5.415501">
        <ele>197.3</ele>
      </trkpt>
      <trkpt lat="45.847245" lon="5.415216">
        <ele>197.2</ele>
      </trkpt>
      <trkpt lat="45.847702" lon="5.414672">
        <ele>197.5</ele>
      </trkpt>
      <trkpt lat="45.848124" lon="5.414097">
        <ele>198</ele>
      </trkpt>
      <trkpt lat="45.848467" lon="5.413554">
        <ele>197.6</ele>
      </trkpt>
      <trkpt lat="45.850194" lon="5.410513">
        <ele>198.5</ele>
      </trkpt>
      <trkpt lat="45.850466" lon="5.410137">
        <ele>197.5</ele>
      </trkpt>
      <trkpt lat="45.850611" lon="5.410041">
        <ele>199</ele>
      </trkpt>
      <trkpt lat="45.851886" lon="5.408602">
        <ele>201.5</ele>
      </trkpt>
      <trkpt lat="45.853549" lon="5.406862">
        <ele>198.1</ele>
      </trkpt>
      <trkpt lat="45.852846" lon="5.405251">
        <ele>203</ele>
      </trkpt>
      <trkpt lat="45.852475" lon="5.405564">
        <ele>203.6</ele>
      </trkpt>
      <trkpt lat="45.851740" lon="5.406280">
        <ele>197.7</ele>
      </trkpt>
      <trkpt lat="45.851260" lon="5.406628">
        <ele>198.6</ele>
      </trkpt>
      <trkpt lat="45.850726" lon="5.407312">
        <ele>197.2</ele>
      </trkpt>
      <trkpt lat="45.849688" lon="5.408983">
        <ele>197.4</ele>
      </trkpt>
      <trkpt lat="45.848518" lon="5.411169">
        <ele>197.9</ele>
      </trkpt>
      <trkpt lat="45.847347" lon="5.413214">
        <ele>197</ele>
      </trkpt>
      <trkpt lat="45.846916" lon="5.413753">
        <ele>197.2</ele>
      </trkpt>
      <trkpt lat="45.846447" lon="5.414215">
        <ele>197.5</ele>
      </trkpt>
      <trkpt lat="45.846011" lon="5.414594">
        <ele>197.1</ele>
      </trkpt>
      <trkpt lat="45.845620" lon="5.414852">
        <ele>197</ele>
      </trkpt>
      <trkpt lat="45.844778" lon="5.415243">
        <ele>199</ele>
      </trkpt>
      <trkpt lat="45.843892" lon="5.415591">
        <ele>197</ele>
      </trkpt>
      <trkpt lat="45.842897" lon="5.415775">
        <ele>200.1</ele>
      </trkpt>
      <trkpt lat="45.841999" lon="5.416104">
        <ele>197</ele>
      </trkpt>
      <trkpt lat="45.841682" lon="5.416153">
        <ele>197.4</ele>
      </trkpt>
      <trkpt lat="45.840874" lon="5.416174">
        <ele>197.1</ele>
      </trkpt>
      <trkpt lat="45.840528" lon="5.416231">
        <ele>197.9</ele>
      </trkpt>
      <trkpt lat="45.840173" lon="5.416352">
        <ele>198.4</ele>
      </trkpt>
      <trkpt lat="45.839798" lon="5.416575">
        <ele>198.1</ele>
      </trkpt>
      <trkpt lat="45.839388" lon="5.417019">
        <ele>197.3</ele>
      </trkpt>
      <trkpt lat="45.838048" lon="5.419168">
        <ele>200</ele>
      </trkpt>
      <trkpt lat="45.837867" lon="5.419603">
        <ele>199.9</ele>
      </trkpt>
      <trkpt lat="45.837412" lon="5.421031">
        <ele>198.3</ele>
      </trkpt>
      <trkpt lat="45.836014" lon="5.425048">
        <ele>197.5</ele>
      </trkpt>
      <trkpt lat="45.835598" lon="5.425918">
        <ele>197.9</ele>
      </trkpt>
      <trkpt lat="45.835202" lon="5.426648">
        <ele>198.3</ele>
      </trkpt>
      <trkpt lat="45.834620" lon="5.427454">
        <ele>198.3</ele>
      </trkpt>
      <trkpt lat="45.834227" lon="5.427903">
        <ele>198.5</ele>
      </trkpt>
      <trkpt lat="45.832661" lon="5.429647">
        <ele>197.1</ele>
      </trkpt>
      <trkpt lat="45.830898" lon="5.431680">
        <ele>199</ele>
      </trkpt>
      <trkpt lat="45.830365" lon="5.432257">
        <ele>199</ele>
      </trkpt>
      <trkpt lat="45.830112" lon="5.432447">
        <ele>198.9</ele>
      </trkpt>
      <trkpt lat="45.829631" lon="5.432742">
        <ele>199.3</ele>
      </trkpt>
      <trkpt lat="45.827380" lon="5.433885">
        <ele>199.1</ele>
      </trkpt>
      <trkpt lat="45.827160" lon="5.433928">
        <ele>198.7</ele>
      </trkpt>
      <trkpt lat="45.826682" lon="5.433678">
        <ele>199</ele>
      </trkpt>
      <trkpt lat="45.826497" lon="5.433416">
        <ele>199.2</ele>
      </trkpt>
      <trkpt lat="45.826291" lon="5.433004">
        <ele>199.2</ele>
      </trkpt>
      <trkpt lat="45.826180" lon="5.432492">
        <ele>199.4</ele>
      </trkpt>
      <trkpt lat="45.826098" lon="5.428897">
        <ele>200.3</ele>
      </trkpt>
      <trkpt lat="45.826025" lon="5.426990">
        <ele>199.8</ele>
      </trkpt>
      <trkpt lat="45.826037" lon="5.425935">
        <ele>200.5</ele>
      </trkpt>
      <trkpt lat="45.825980" lon="5.425522">
        <ele>200.9</ele>
      </trkpt>
      <trkpt lat="45.825970" lon="5.424957">
        <ele>201.6</ele>
      </trkpt>
      <trkpt lat="45.826018" lon="5.424448">
        <ele>202.5</ele>
      </trkpt>
      <trkpt lat="45.825961" lon="5.424017">
        <ele>202.6</ele>
      </trkpt>
      <trkpt lat="45.825979" lon="5.423548">
        <ele>199.7</ele>
      </trkpt>
      <trkpt lat="45.825940" lon="5.422618">
        <ele>201.4</ele>
      </trkpt>
      <trkpt lat="45.825550" lon="5.422444">
        <ele>198.3</ele>
      </trkpt>
      <trkpt lat="45.825555" lon="5.422225">
        <ele>198.3</ele>
      </trkpt>
      <trkpt lat="45.825808" lon="5.421954">
        <ele>200.3</ele>
      </trkpt>
      <trkpt lat="45.825655" lon="5.420945">
        <ele>203.3</ele>
      </trkpt>
      <trkpt lat="45.825446" lon="5.420811">
        <ele>201.6</ele>
      </trkpt>
      <trkpt lat="45.824611" lon="5.421317">
        <ele>198.1</ele>
      </trkpt>
      <trkpt lat="45.824309" lon="5.421418">
        <ele>198.2</ele>
      </trkpt>
      <trkpt lat="45.824080" lon="5.420876">
        <ele>202.6</ele>
      </trkpt>
      <trkpt lat="45.823457" lon="5.420327">
        <ele>202.6</ele>
      </trkpt>
      <trkpt lat="45.822935" lon="5.420126">
        <ele>202</ele>
      </trkpt>
      <trkpt lat="45.822737" lon="5.420257">
        <ele>198.2</ele>
      </trkpt>
      <trkpt lat="45.822669" lon="5.420231">
        <ele>198.1</ele>
      </trkpt>
      <trkpt lat="45.822586" lon="5.420160">
        <ele>198.1</ele>
      </trkpt>
      <trkpt lat="45.822548" lon="5.419950">
        <ele>201.2</ele>
      </trkpt>
      <trkpt lat="45.822464" lon="5.419826">
        <ele>204.4</ele>
      </trkpt>
      <trkpt lat="45.822062" lon="5.419417">
        <ele>203.5</ele>
      </trkpt>
      <trkpt lat="45.822006" lon="5.419408">
        <ele>203.5</ele>
      </trkpt>
      <trkpt lat="45.821519" lon="5.419784">
        <ele>198.1</ele>
      </trkpt>
      <trkpt lat="45.821257" lon="5.419746">
        <ele>198</ele>
      </trkpt>
      <trkpt lat="45.819213" lon="5.419089">
        <ele>198.6</ele>
      </trkpt>
      <trkpt lat="45.818554" lon="5.418807">
        <ele>198.2</ele>
      </trkpt>
      <trkpt lat="45.818605" lon="5.418384">
        <ele>201.2</ele>
      </trkpt>
      <trkpt lat="45.818541" lon="5.418152">
        <ele>201.3</ele>
      </trkpt>
      <trkpt lat="45.818426" lon="5.417953">
        <ele>201.2</ele>
      </trkpt>
      <trkpt lat="45.818083" lon="5.417141">
        <ele>201.7</ele>
      </trkpt>
      <trkpt lat="45.817897" lon="5.417120">
        <ele>201</ele>
      </trkpt>
      <trkpt lat="45.817766" lon="5.416873">
        <ele>199.5</ele>
      </trkpt>
      <trkpt lat="45.817713" lon="5.416701">
        <ele>199.5</ele>
      </trkpt>
      <trkpt lat="45.817719" lon="5.416434">
        <ele>200.1</ele>
      </trkpt>
      <trkpt lat="45.817680" lon="5.416349">
        <ele>201.8</ele>
      </trkpt>
      <trkpt lat="45.817319" lon="5.415890">
        <ele>201.5</ele>
      </trkpt>
      <trkpt lat="45.817201" lon="5.415683">
        <ele>202.1</ele>
      </trkpt>
      <trkpt lat="45.817090" lon="5.414758">
        <ele>203.7</ele>
      </trkpt>
      <trkpt lat="45.816437" lon="5.412090">
        <ele>206.8</ele>
      </trkpt>
      <trkpt lat="45.816040" lon="5.411824">
        <ele>206.5</ele>
      </trkpt>
      <trkpt lat="45.815797" lon="5.411714">
        <ele>206.8</ele>
      </trkpt>
      <trkpt lat="45.815446" lon="5.411632">
        <ele>206.7</ele>
      </trkpt>
      <trkpt lat="45.815263" lon="5.411642">
        <ele>206.8</ele>
      </trkpt>
      <trkpt lat="45.815016" lon="5.411553">
        <ele>206.9</ele>
      </trkpt>
      <trkpt lat="45.814565" lon="5.411524">
        <ele>208.4</ele>
      </trkpt>
      <trkpt lat="45.814198" lon="5.410857">
        <ele>209.3</ele>
      </trkpt>
      <trkpt lat="45.814373" lon="5.411352">
        <ele>209</ele>
      </trkpt>
      <trkpt lat="45.814717" lon="5.411869">
        <ele>207.9</ele>
      </trkpt>
      <trkpt lat="45.814858" lon="5.412142">
        <ele>207.2</ele>
      </trkpt>
      <trkpt lat="45.814946" lon="5.412470">
        <ele>207</ele>
      </trkpt>
      <trkpt lat="45.814836" lon="5.413786">
        <ele>207</ele>
      </trkpt>
      <trkpt lat="45.814670" lon="5.414082">
        <ele>208.9</ele>
      </trkpt>
      <trkpt lat="45.813533" lon="5.415005">
        <ele>214</ele>
      </trkpt>
      <trkpt lat="45.812950" lon="5.415427">
        <ele>214.6</ele>
      </trkpt>
      <trkpt lat="45.811541" lon="5.416276">
        <ele>214.3</ele>
      </trkpt>
      <trkpt lat="45.809979" lon="5.417306">
        <ele>215.3</ele>
      </trkpt>
      <trkpt lat="45.809821" lon="5.417416">
        <ele>215.6</ele>
      </trkpt>
      <trkpt lat="45.809729" lon="5.417536">
        <ele>215.2</ele>
      </trkpt>
      <trkpt lat="45.809423" lon="5.417750">
        <ele>214.5</ele>
      </trkpt>
      <trkpt lat="45.808755" lon="5.418193">
        <ele>214</ele>
      </trkpt>
      <trkpt lat="45.808349" lon="5.418407">
        <ele>214</ele>
      </trkpt>
      <trkpt lat="45.806583" lon="5.414077">
        <ele>215.9</ele>
      </trkpt>
      <trkpt lat="45.806258" lon="5.414286">
        <ele>216</ele>
      </trkpt>
      <trkpt lat="45.806114" lon="5.414323">
        <ele>216.2</ele>
      </trkpt>
      <trkpt lat="45.805568" lon="5.414293">
        <ele>217.2</ele>
      </trkpt>
      <trkpt lat="45.804104" lon="5.414944">
        <ele>219</ele>
      </trkpt>
      <trkpt lat="45.803992" lon="5.415177">
        <ele>219.4</ele>
      </trkpt>
      <trkpt lat="45.803561" lon="5.415291">
        <ele>219.1</ele>
      </trkpt>
      <trkpt lat="45.803213" lon="5.415477">
        <ele>218.8</ele>
      </trkpt>
      <trkpt lat="45.803085" lon="5.415801">
        <ele>218.7</ele>
      </trkpt>
      <trkpt lat="45.802762" lon="5.416166">
        <ele>219</ele>
      </trkpt>
      <trkpt lat="45.802738" lon="5.416412">
        <ele>219.4</ele>
      </trkpt>
      <trkpt lat="45.802632" lon="5.416460">
        <ele>219.4</ele>
      </trkpt>
      <trkpt lat="45.802567" lon="5.416408">
        <ele>219.3</ele>
      </trkpt>
      <trkpt lat="45.802127" lon="5.416901">
        <ele>219.4</ele>
      </trkpt>
      <trkpt lat="45.801754" lon="5.416123">
        <ele>218.9</ele>
      </trkpt>
      <trkpt lat="45.801591" lon="5.415882">
        <ele>218.7</ele>
      </trkpt>
      <trkpt lat="45.801423" lon="5.415747">
        <ele>218.7</ele>
      </trkpt>
      <trkpt lat="45.801234" lon="5.415664">
        <ele>218.9</ele>
      </trkpt>
      <trkpt lat="45.800892" lon="5.415651">
        <ele>219.3</ele>
      </trkpt>
      <trkpt lat="45.800835" lon="5.415867">
        <ele>219.1</ele>
      </trkpt>
      <trkpt lat="45.800742" lon="5.416046">
        <ele>219.1</ele>
      </trkpt>
      <trkpt lat="45.800485" lon="5.416434">
        <ele>218</ele>
      </trkpt>
      <trkpt lat="45.799949" lon="5.416937">
        <ele>218.5</ele>
      </trkpt>
      <trkpt lat="45.799898" lon="5.417014">
        <ele>218.5</ele>
      </trkpt>
      <trkpt lat="45.799884" lon="5.417140">
        <ele>218.5</ele>
      </trkpt>
      <trkpt lat="45.800474" lon="5.419102">
        <ele>219</ele>
      </trkpt>
      <trkpt lat="45.800736" lon="5.419824">
        <ele>218.5</ele>
      </trkpt>
      <trkpt lat="45.800816" lon="5.420100">
        <ele>218.4</ele>
      </trkpt>
      <trkpt lat="45.800824" lon="5.420251">
        <ele>218.5</ele>
      </trkpt>
      <trkpt lat="45.799622" lon="5.421268">
        <ele>218.8</ele>
      </trkpt>
      <trkpt lat="45.799955" lon="5.423767">
        <ele>220.2</ele>
      </trkpt>
      <trkpt lat="45.800034" lon="5.424107">
        <ele>220.9</ele>
      </trkpt>
      <trkpt lat="45.799748" lon="5.424673">
        <ele>221.2</ele>
      </trkpt>
      <trkpt lat="45.799333" lon="5.425321">
        <ele>221.4</ele>
      </trkpt>
      <trkpt lat="45.798705" lon="5.426146">
        <ele>222.6</ele>
      </trkpt>
      <trkpt lat="45.798494" lon="5.426471">
        <ele>222.9</ele>
      </trkpt>
      <trkpt lat="45.798388" lon="5.426707">
        <ele>222.9</ele>
      </trkpt>
      <trkpt lat="45.797985" lon="5.428024">
        <ele>225.1</ele>
      </trkpt>
      <trkpt lat="45.797578" lon="5.429012">
        <ele>226.4</ele>
      </trkpt>
      <trkpt lat="45.796738" lon="5.430152">
        <ele>225.6</ele>
      </trkpt>
      <trkpt lat="45.796454" lon="5.430428">
        <ele>225.9</ele>
      </trkpt>
      <trkpt lat="45.796124" lon="5.430690">
        <ele>226.3</ele>
      </trkpt>
      <trkpt lat="45.794814" lon="5.431275">
        <ele>227.4</ele>
      </trkpt>
      <trkpt lat="45.794329" lon="5.431545">
        <ele>226.5</ele>
      </trkpt>
      <trkpt lat="45.793853" lon="5.432061">
        <ele>226.7</ele>
      </trkpt>
      <trkpt lat="45.793402" lon="5.432693">
        <ele>226.2</ele>
      </trkpt>
      <trkpt lat="45.793179" lon="5.432947">
        <ele>225.9</ele>
      </trkpt>
      <trkpt lat="45.792727" lon="5.433192">
        <ele>225.1</ele>
      </trkpt>
      <trkpt lat="45.791828" lon="5.433774">
        <ele>226.3</ele>
      </trkpt>
      <trkpt lat="45.791456" lon="5.434047">
        <ele>228.9</ele>
      </trkpt>
      <trkpt lat="45.791077" lon="5.434388">
        <ele>229.9</ele>
      </trkpt>
      <trkpt lat="45.790410" lon="5.435089">
        <ele>231.2</ele>
      </trkpt>
      <trkpt lat="45.790094" lon="5.435339">
        <ele>233.7</ele>
      </trkpt>
      <trkpt lat="45.789437" lon="5.435696">
        <ele>239.9</ele>
      </trkpt>
      <trkpt lat="45.789575" lon="5.434726">
        <ele>233.1</ele>
      </trkpt>
      <trkpt lat="45.789552" lon="5.434384">
        <ele>229.6</ele>
      </trkpt>
      <trkpt lat="45.789120" lon="5.431743">
        <ele>221.5</ele>
      </trkpt>
      <trkpt lat="45.785759" lon="5.432177">
        <ele>223.7</ele>
      </trkpt>
      <trkpt lat="45.785743" lon="5.432072">
        <ele>223.7</ele>
      </trkpt>
      <trkpt lat="45.784466" lon="5.432207">
        <ele>224.1</ele>
      </trkpt>
      <trkpt lat="45.784112" lon="5.432151">
        <ele>223.8</ele>
      </trkpt>
      <trkpt lat="45.783738" lon="5.432230">
        <ele>224.2</ele>
      </trkpt>
      <trkpt lat="45.783267" lon="5.432100">
        <ele>224.8</ele>
      </trkpt>
      <trkpt lat="45.782901" lon="5.432149">
        <ele>225.3</ele>
      </trkpt>
      <trkpt lat="45.782130" lon="5.432124">
        <ele>225.9</ele>
      </trkpt>
      <trkpt lat="45.781902" lon="5.432158">
        <ele>225.9</ele>
      </trkpt>
      <trkpt lat="45.781297" lon="5.432500">
        <ele>225.3</ele>
      </trkpt>
      <trkpt lat="45.781080" lon="5.432690">
        <ele>225.3</ele>
      </trkpt>
      <trkpt lat="45.781112" lon="5.432848">
        <ele>226.3</ele>
      </trkpt>
      <trkpt lat="45.781057" lon="5.432987">
        <ele>226.3</ele>
      </trkpt>
      <trkpt lat="45.780697" lon="5.433110">
        <ele>225.4</ele>
      </trkpt>
      <trkpt lat="45.780567" lon="5.433275">
        <ele>224.6</ele>
      </trkpt>
      <trkpt lat="45.779923" lon="5.434207">
        <ele>225.3</ele>
      </trkpt>
      <trkpt lat="45.779416" lon="5.435344">
        <ele>224.5</ele>
      </trkpt>
      <trkpt lat="45.779020" lon="5.436071">
        <ele>222.9</ele>
      </trkpt>
      <trkpt lat="45.778804" lon="5.436345">
        <ele>222.6</ele>
      </trkpt>
      <trkpt lat="45.777752" lon="5.433235">
        <ele>224.2</ele>
      </trkpt>
      <trkpt lat="45.776048" lon="5.433431">
        <ele>222.7</ele>
      </trkpt>
      <trkpt lat="45.775608" lon="5.433414">
        <ele>222.6</ele>
      </trkpt>
      <trkpt lat="45.774761" lon="5.433177">
        <ele>223.2</ele>
      </trkpt>
      <trkpt lat="45.773909" lon="5.432702">
        <ele>223.4</ele>
      </trkpt>
      <trkpt lat="45.773479" lon="5.432334">
        <ele>223.1</ele>
      </trkpt>
      <trkpt lat="45.773160" lon="5.432004">
        <ele>222.8</ele>
      </trkpt>
      <trkpt lat="45.772857" lon="5.431655">
        <ele>223.7</ele>
      </trkpt>
      <trkpt lat="45.772596" lon="5.431271">
        <ele>225.2</ele>
      </trkpt>
      <trkpt lat="45.772150" lon="5.430462">
        <ele>223</ele>
      </trkpt>
      <trkpt lat="45.771865" lon="5.430772">
        <ele>223.6</ele>
      </trkpt>
      <trkpt lat="45.771707" lon="5.430998">
        <ele>224</ele>
      </trkpt>
      <trkpt lat="45.771865" lon="5.431444">
        <ele>225.3</ele>
      </trkpt>
      <trkpt lat="45.771946" lon="5.431576">
        <ele>226.2</ele>
      </trkpt>
      <trkpt lat="45.770963" lon="5.432492">
        <ele>229</ele>
      </trkpt>
      <trkpt lat="45.770931" lon="5.433972">
        <ele>231.3</ele>
      </trkpt>
      <trkpt lat="45.770509" lon="5.434245">
        <ele>227.4</ele>
      </trkpt>
      <trkpt lat="45.770094" lon="5.432633">
        <ele>227.2</ele>
      </trkpt>
      <trkpt lat="45.769999" lon="5.432144">
        <ele>226.2</ele>
      </trkpt>
      <trkpt lat="45.769744" lon="5.431561">
        <ele>226.1</ele>
      </trkpt>
      <trkpt lat="45.769538" lon="5.430980">
        <ele>226.7</ele>
      </trkpt>
      <trkpt lat="45.769164" lon="5.429797">
        <ele>225.2</ele>
      </trkpt>
      <trkpt lat="45.769062" lon="5.429320">
        <ele>225.6</ele>
      </trkpt>
      <trkpt lat="45.768828" lon="5.428764">
        <ele>225.4</ele>
      </trkpt>
      <trkpt lat="45.768590" lon="5.428434">
        <ele>226.4</ele>
      </trkpt>
      <trkpt lat="45.768001" lon="5.427758">
        <ele>226.8</ele>
      </trkpt>
      <trkpt lat="45.767753" lon="5.427303">
        <ele>225.5</ele>
      </trkpt>
      <trkpt lat="45.767322" lon="5.426304">
        <ele>223.4</ele>
      </trkpt>
      <trkpt lat="45.767216" lon="5.426165">
        <ele>223.8</ele>
      </trkpt>
      <trkpt lat="45.767059" lon="5.426031">
        <ele>223.6</ele>
      </trkpt>
      <trkpt lat="45.766781" lon="5.425892">
        <ele>224.6</ele>
      </trkpt>
      <trkpt lat="45.765955" lon="5.425253">
        <ele>226.5</ele>
      </trkpt>
      <trkpt lat="45.764838" lon="5.424616">
        <ele>225.9</ele>
      </trkpt>
      <trkpt lat="45.764513" lon="5.424582">
        <ele>226.2</ele>
      </trkpt>
      <trkpt lat="45.763833" lon="5.424794">
        <ele>227.9</ele>
      </trkpt>
      <trkpt lat="45.763745" lon="5.424790">
        <ele>227.9</ele>
      </trkpt>
      <trkpt lat="45.763310" lon="5.424499">
        <ele>227.5</ele>
      </trkpt>
      <trkpt lat="45.763157" lon="5.424516">
        <ele>227.5</ele>
      </trkpt>
      <trkpt lat="45.762875" lon="5.424658">
        <ele>226.8</ele>
      </trkpt>
      <trkpt lat="45.762167" lon="5.424610">
        <ele>228.6</ele>
      </trkpt>
      <trkpt lat="45.761333" lon="5.424621">
        <ele>230.3</ele>
      </trkpt>
      <trkpt lat="45.760917" lon="5.424964">
        <ele>231.1</ele>
      </trkpt>
      <trkpt lat="45.760586" lon="5.425487">
        <ele>230</ele>
      </trkpt>
      <trkpt lat="45.760291" lon="5.426054">
        <ele>228.6</ele>
      </trkpt>
      <trkpt lat="45.760198" lon="5.426164">
        <ele>229.1</ele>
      </trkpt>
      <trkpt lat="45.759663" lon="5.426297">
        <ele>227.4</ele>
      </trkpt>
      <trkpt lat="45.758831" lon="5.426438">
        <ele>227.1</ele>
      </trkpt>
      <trkpt lat="45.757432" lon="5.426568">
        <ele>227.6</ele>
      </trkpt>
      <trkpt lat="45.756604" lon="5.426739">
        <ele>230.1</ele>
      </trkpt>
      <trkpt lat="45.756347" lon="5.426857">
        <ele>232.4</ele>
      </trkpt>
      <trkpt lat="45.756273" lon="5.426938">
        <ele>233.4</ele>
      </trkpt>
      <trkpt lat="45.756175" lon="5.427241">
        <ele>236</ele>
      </trkpt>
      <trkpt lat="45.755948" lon="5.426622">
        <ele>235.4</ele>
      </trkpt>
      <trkpt lat="45.755576" lon="5.426036">
        <ele>233.5</ele>
      </trkpt>
      <trkpt lat="45.755416" lon="5.425875">
        <ele>234.4</ele>
      </trkpt>
      <trkpt lat="45.755271" lon="5.425800">
        <ele>232.2</ele>
      </trkpt>
      <trkpt lat="45.754518" lon="5.425573">
        <ele>233.6</ele>
      </trkpt>
      <trkpt lat="45.753928" lon="5.425500">
        <ele>232.4</ele>
      </trkpt>
      <trkpt lat="45.753450" lon="5.425503">
        <ele>232.2</ele>
      </trkpt>
      <trkpt lat="45.751324" lon="5.425265">
        <ele>239.4</ele>
      </trkpt>
      <trkpt lat="45.750330" lon="5.425102">
        <ele>237.1</ele>
      </trkpt>
      <trkpt lat="45.749864" lon="5.425099">
        <ele>237.4</ele>
      </trkpt>
      <trkpt lat="45.749786" lon="5.424998">
        <ele>237.6</ele>
      </trkpt>
      <trkpt lat="45.749796" lon="5.424838">
        <ele>234.7</ele>
      </trkpt>
      <trkpt lat="45.741879" lon="5.423063">
        <ele>233.2</ele>
      </trkpt>
      <trkpt lat="45.737173" lon="5.422058">
        <ele>236.1</ele>
      </trkpt>
      <trkpt lat="45.736702" lon="5.421980">
        <ele>230.5</ele>
      </trkpt>
      <trkpt lat="45.735984" lon="5.421963">
        <ele>230.3</ele>
      </trkpt>
      <trkpt lat="45.735108" lon="5.422200">
        <ele>230.1</ele>
      </trkpt>
      <trkpt lat="45.734656" lon="5.422443">
        <ele>230</ele>
      </trkpt>
      <trkpt lat="45.734004" lon="5.422907">
        <ele>230.4</ele>
      </trkpt>
      <trkpt lat="45.733653" lon="5.423251">
        <ele>229.3</ele>
      </trkpt>
      <trkpt lat="45.732069" lon="5.425172">
        <ele>230.3</ele>
      </trkpt>
      <trkpt lat="45.731374" lon="5.425698">
        <ele>231.1</ele>
      </trkpt>
      <trkpt lat="45.730787" lon="5.426071">
        <ele>231.7</ele>
      </trkpt>
      <trkpt lat="45.730134" lon="5.426258">
        <ele>232.8</ele>
      </trkpt>
      <trkpt lat="45.729530" lon="5.426333">
        <ele>229.3</ele>
      </trkpt>
      <trkpt lat="45.729051" lon="5.426300">
        <ele>228.7</ele>
      </trkpt>
      <trkpt lat="45.728513" lon="5.426165">
        <ele>233</ele>
      </trkpt>
      <trkpt lat="45.727027" lon="5.425455">
        <ele>234.9</ele>
      </trkpt>
      <trkpt lat="45.723401" lon="5.423529">
        <ele>231</ele>
      </trkpt>
      <trkpt lat="45.719199" lon="5.422103">
        <ele>227.9</ele>
      </trkpt>
      <trkpt lat="45.718518" lon="5.422063">
        <ele>229.2</ele>
      </trkpt>
      <trkpt lat="45.717967" lon="5.422227">
        <ele>230.6</ele>
      </trkpt>
      <trkpt lat="45.715754" lon="5.422283">
        <ele>225.9</ele>
      </trkpt>
      <trkpt lat="45.714049" lon="5.422224">
        <ele>225.9</ele>
      </trkpt>
      <trkpt lat="45.713634" lon="5.422147">
        <ele>226.1</ele>
      </trkpt>
      <trkpt lat="45.712830" lon="5.421794">
        <ele>225.9</ele>
      </trkpt>
      <trkpt lat="45.712475" lon="5.421583">
        <ele>226</ele>
      </trkpt>
      <trkpt lat="45.711813" lon="5.421011">
        <ele>225.2</ele>
      </trkpt>
      <trkpt lat="45.711427" lon="5.420594">
        <ele>225.6</ele>
      </trkpt>
      <trkpt lat="45.711157" lon="5.420207">
        <ele>225</ele>
      </trkpt>
      <trkpt lat="45.710192" lon="5.420736">
        <ele>221</ele>
      </trkpt>
      <trkpt lat="45.709312" lon="5.420966">
        <ele>219.5</ele>
      </trkpt>
      <trkpt lat="45.709067" lon="5.420905">
        <ele>219.4</ele>
      </trkpt>
      <trkpt lat="45.706841" lon="5.420864">
        <ele>222.3</ele>
      </trkpt>
      <trkpt lat="45.706847" lon="5.421053">
        <ele>223.2</ele>
      </trkpt>
      <trkpt lat="45.707100" lon="5.421869">
        <ele>223.1</ele>
      </trkpt>
      <trkpt lat="45.707196" lon="5.422471">
        <ele>223.1</ele>
      </trkpt>
      <trkpt lat="45.707202" lon="5.422957">
        <ele>222.3</ele>
      </trkpt>
      <trkpt lat="45.707090" lon="5.423756">
        <ele>223.1</ele>
      </trkpt>
      <trkpt lat="45.707121" lon="5.425036">
        <ele>222.5</ele>
      </trkpt>
      <trkpt lat="45.706998" lon="5.425820">
        <ele>224.6</ele>
      </trkpt>
      <trkpt lat="45.706745" lon="5.426439">
        <ele>226.6</ele>
      </trkpt>
      <trkpt lat="45.706032" lon="5.427296">
        <ele>232.2</ele>
      </trkpt>
      <trkpt lat="45.705883" lon="5.427528">
        <ele>233.9</ele>
      </trkpt>
      <trkpt lat="45.705722" lon="5.428145">
        <ele>236.3</ele>
      </trkpt>
      <trkpt lat="45.705486" lon="5.428624">
        <ele>240.4</ele>
      </trkpt>
      <trkpt lat="45.704992" lon="5.428805">
        <ele>243.7</ele>
      </trkpt>
      <trkpt lat="45.704729" lon="5.429398">
        <ele>247.1</ele>
      </trkpt>
      <trkpt lat="45.704255" lon="5.430141">
        <ele>249.6</ele>
      </trkpt>
      <trkpt lat="45.704038" lon="5.430236">
        <ele>249.1</ele>
      </trkpt>
      <trkpt lat="45.703586" lon="5.430035">
        <ele>248.7</ele>
      </trkpt>
      <trkpt lat="45.703354" lon="5.430042">
        <ele>249.5</ele>
      </trkpt>
      <trkpt lat="45.702804" lon="5.430174">
        <ele>251.9</ele>
      </trkpt>
      <trkpt lat="45.701887" lon="5.430317">
        <ele>251.2</ele>
      </trkpt>
      <trkpt lat="45.701301" lon="5.430615">
        <ele>250</ele>
      </trkpt>
      <trkpt lat="45.701190" lon="5.431473">
        <ele>249.6</ele>
      </trkpt>
      <trkpt lat="45.701270" lon="5.433045">
        <ele>250.1</ele>
      </trkpt>
      <trkpt lat="45.701011" lon="5.433461">
        <ele>247.2</ele>
      </trkpt>
      <trkpt lat="45.700418" lon="5.433906">
        <ele>246.6</ele>
      </trkpt>
      <trkpt lat="45.699545" lon="5.434783">
        <ele>247.7</ele>
      </trkpt>
      <trkpt lat="45.699048" lon="5.435033">
        <ele>247.5</ele>
      </trkpt>
      <trkpt lat="45.697757" lon="5.435985">
        <ele>244</ele>
      </trkpt>
      <trkpt lat="45.697183" lon="5.436616">
        <ele>242.7</ele>
      </trkpt>
      <trkpt lat="45.696802" lon="5.436807">
        <ele>242.2</ele>
      </trkpt>
      <trkpt lat="45.696630" lon="5.437076">
        <ele>241.9</ele>
      </trkpt>
      <trkpt lat="45.696623" lon="5.437561">
        <ele>241.9</ele>
      </trkpt>
      <trkpt lat="45.696663" lon="5.438208">
        <ele>242.4</ele>
      </trkpt>
      <trkpt lat="45.696587" lon="5.438906">
        <ele>242.7</ele>
      </trkpt>
      <trkpt lat="45.696283" lon="5.439594">
        <ele>241.4</ele>
      </trkpt>
      <trkpt lat="45.695880" lon="5.440224">
        <ele>239</ele>
      </trkpt>
      <trkpt lat="45.695781" lon="5.440432">
        <ele>238.3</ele>
      </trkpt>
      <trkpt lat="45.695664" lon="5.441276">
        <ele>238.2</ele>
      </trkpt>
      <trkpt lat="45.695119" lon="5.441873">
        <ele>239.6</ele>
      </trkpt>
      <trkpt lat="45.695152" lon="5.441964">
        <ele>239.6</ele>
      </trkpt>
      <trkpt lat="45.694179" lon="5.443594">
        <ele>238.8</ele>
      </trkpt>
      <trkpt lat="45.693872" lon="5.444346">
        <ele>239.7</ele>
      </trkpt>
      <trkpt lat="45.693743" lon="5.444971">
        <ele>240.2</ele>
      </trkpt>
      <trkpt lat="45.693569" lon="5.446743">
        <ele>241.3</ele>
      </trkpt>
      <trkpt lat="45.693572" lon="5.447207">
        <ele>240</ele>
      </trkpt>
      <trkpt lat="45.693803" lon="5.448240">
        <ele>236.1</ele>
      </trkpt>
      <trkpt lat="45.693552" lon="5.448637">
        <ele>235.9</ele>
      </trkpt>
      <trkpt lat="45.693376" lon="5.449007">
        <ele>234.8</ele>
      </trkpt>
      <trkpt lat="45.693181" lon="5.449521">
        <ele>233.3</ele>
      </trkpt>
      <trkpt lat="45.692580" lon="5.451456">
        <ele>231.2</ele>
      </trkpt>
      <trkpt lat="45.692156" lon="5.452159">
        <ele>231.2</ele>
      </trkpt>
      <trkpt lat="45.691344" lon="5.453111">
        <ele>231</ele>
      </trkpt>
      <trkpt lat="45.688668" lon="5.455516">
        <ele>228.6</ele>
      </trkpt>
      <trkpt lat="45.687429" lon="5.456449">
        <ele>228.9</ele>
      </trkpt>
      <trkpt lat="45.686599" lon="5.457197">
        <ele>227.7</ele>
      </trkpt>
      <trkpt lat="45.685874" lon="5.457629">
        <ele>225.7</ele>
      </trkpt>
      <trkpt lat="45.685482" lon="5.457750">
        <ele>226.4</ele>
      </trkpt>
      <trkpt lat="45.684218" lon="5.458856">
        <ele>222.7</ele>
      </trkpt>
      <trkpt lat="45.684145" lon="5.458879">
        <ele>222.7</ele>
      </trkpt>
      <trkpt lat="45.683604" lon="5.458486">
        <ele>224.6</ele>
      </trkpt>
      <trkpt lat="45.682546" lon="5.458143">
        <ele>227.1</ele>
      </trkpt>
      <trkpt lat="45.681881" lon="5.458078">
        <ele>226.5</ele>
      </trkpt>
      <trkpt lat="45.681635" lon="5.457854">
        <ele>227.5</ele>
      </trkpt>
      <trkpt lat="45.681213" lon="5.458022">
        <ele>225.3</ele>
      </trkpt>
      <trkpt lat="45.678763" lon="5.457431">
        <ele>222.2</ele>
      </trkpt>
      <trkpt lat="45.678681" lon="5.457380">
        <ele>222.2</ele>
      </trkpt>
      <trkpt lat="45.678516" lon="5.457414">
        <ele>222.2</ele>
      </trkpt>
      <trkpt lat="45.678097" lon="5.457629">
        <ele>221.4</ele>
      </trkpt>
      <trkpt lat="45.677845" lon="5.457846">
        <ele>220.1</ele>
      </trkpt>
      <trkpt lat="45.674864" lon="5.461575">
        <ele>211.2</ele>
      </trkpt>
      <trkpt lat="45.674791" lon="5.461592">
        <ele>211.2</ele>
      </trkpt>
      <trkpt lat="45.674676" lon="5.461540">
        <ele>211.4</ele>
      </trkpt>
      <trkpt lat="45.674573" lon="5.461603">
        <ele>211.4</ele>
      </trkpt>
      <trkpt lat="45.674565" lon="5.461945">
        <ele>211.6</ele>
      </trkpt>
      <trkpt lat="45.674040" lon="5.463001">
        <ele>211.9</ele>
      </trkpt>
      <trkpt lat="45.673872" lon="5.463544">
        <ele>211.8</ele>
      </trkpt>
      <trkpt lat="45.673358" lon="5.465908">
        <ele>211.5</ele>
      </trkpt>
      <trkpt lat="45.673333" lon="5.466566">
        <ele>212.1</ele>
      </trkpt>
      <trkpt lat="45.673396" lon="5.467570">
        <ele>212.2</ele>
      </trkpt>
      <trkpt lat="45.673416" lon="5.468651">
        <ele>212.3</ele>
      </trkpt>
      <trkpt lat="45.673336" lon="5.469132">
        <ele>213</ele>
      </trkpt>
      <trkpt lat="45.673221" lon="5.469521">
        <ele>213</ele>
      </trkpt>
      <trkpt lat="45.672899" lon="5.470285">
        <ele>211.1</ele>
      </trkpt>
      <trkpt lat="45.672847" lon="5.470370">
        <ele>211.1</ele>
      </trkpt>
      <trkpt lat="45.672609" lon="5.470568">
        <ele>210.3</ele>
      </trkpt>
      <trkpt lat="45.672611" lon="5.470679">
        <ele>210.3</ele>
      </trkpt>
      <trkpt lat="45.672489" lon="5.470664">
        <ele>210.3</ele>
      </trkpt>
      <trkpt lat="45.672478" lon="5.470892">
        <ele>210.1</ele>
      </trkpt>
      <trkpt lat="45.672540" lon="5.470923">
        <ele>210.1</ele>
      </trkpt>
      <trkpt lat="45.672596" lon="5.471112">
        <ele>210.1</ele>
      </trkpt>
      <trkpt lat="45.672713" lon="5.471268">
        <ele>210.4</ele>
      </trkpt>
      <trkpt lat="45.672825" lon="5.471286">
        <ele>211</ele>
      </trkpt>
      <trkpt lat="45.672587" lon="5.474819">
        <ele>208.5</ele>
      </trkpt>
      <trkpt lat="45.672511" lon="5.477506">
        <ele>209.9</ele>
      </trkpt>
      <trkpt lat="45.673568" lon="5.477940">
        <ele>209.4</ele>
      </trkpt>
      <trkpt lat="45.673869" lon="5.478158">
        <ele>208.9</ele>
      </trkpt>
      <trkpt lat="45.674618" lon="5.478529">
        <ele>208.7</ele>
      </trkpt>
      <trkpt lat="45.674579" lon="5.478738">
        <ele>208.5</ele>
      </trkpt>
      <trkpt lat="45.673748" lon="5.481465">
        <ele>207.9</ele>
      </trkpt>
      <trkpt lat="45.673435" lon="5.482403">
        <ele>207</ele>
      </trkpt>
      <trkpt lat="45.673295" lon="5.482613">
        <ele>207.1</ele>
      </trkpt>
      <trkpt lat="45.676191" lon="5.489190">
        <ele>207.6</ele>
      </trkpt>
      <trkpt lat="45.678606" lon="5.494469">
        <ele>205.9</ele>
      </trkpt>
      <trkpt lat="45.678855" lon="5.495075">
        <ele>206.8</ele>
      </trkpt>
      <trkpt lat="45.679181" lon="5.495665">
        <ele>207.7</ele>
      </trkpt>
      <trkpt lat="45.679633" lon="5.496271">
        <ele>208.5</ele>
      </trkpt>
      <trkpt lat="45.680023" lon="5.496568">
        <ele>207.6</ele>
      </trkpt>
      <trkpt lat="45.681441" lon="5.498019">
        <ele>205.5</ele>
      </trkpt>
      <trkpt lat="45.681851" lon="5.498373">
        <ele>205.7</ele>
      </trkpt>
      <trkpt lat="45.682139" lon="5.498533">
        <ele>205.7</ele>
      </trkpt>
      <trkpt lat="45.682704" lon="5.498998">
        <ele>206.8</ele>
      </trkpt>
      <trkpt lat="45.683839" lon="5.500275">
        <ele>206.4</ele>
      </trkpt>
      <trkpt lat="45.685055" lon="5.501557">
        <ele>205.1</ele>
      </trkpt>
      <trkpt lat="45.687117" lon="5.503200">
        <ele>206.6</ele>
      </trkpt>
      <trkpt lat="45.688694" lon="5.504581">
        <ele>206.8</ele>
      </trkpt>
      <trkpt lat="45.689468" lon="5.504706">
        <ele>207.6</ele>
      </trkpt>
      <trkpt lat="45.689606" lon="5.506195">
        <ele>206.9</ele>
      </trkpt>
      <trkpt lat="45.691608" lon="5.506422">
        <ele>207.9</ele>
      </trkpt>
      <trkpt lat="45.692015" lon="5.506405">
        <ele>208.4</ele>
      </trkpt>
      <trkpt lat="45.692442" lon="5.506457">
        <ele>209.7</ele>
      </trkpt>
      <trkpt lat="45.693034" lon="5.506965">
        <ele>209.1</ele>
      </trkpt>
      <trkpt lat="45.692504" lon="5.507422">
        <ele>208</ele>
      </trkpt>
      <trkpt lat="45.692414" lon="5.507727">
        <ele>207.6</ele>
      </trkpt>
      <trkpt lat="45.692206" lon="5.508912">
        <ele>207.5</ele>
      </trkpt>
      <trkpt lat="45.692204" lon="5.509541">
        <ele>208.1</ele>
      </trkpt>
      <trkpt lat="45.692171" lon="5.509845">
        <ele>208.6</ele>
      </trkpt>
      <trkpt lat="45.691929" lon="5.510553">
        <ele>208.9</ele>
      </trkpt>
      <trkpt lat="45.691740" lon="5.511591">
        <ele>207.8</ele>
      </trkpt>
      <trkpt lat="45.691482" lon="5.512474">
        <ele>209</ele>
      </trkpt>
      <trkpt lat="45.690806" lon="5.512632">
        <ele>208.4</ele>
      </trkpt>
      <trkpt lat="45.691148" lon="5.515984">
        <ele>206</ele>
      </trkpt>
      <trkpt lat="45.692057" lon="5.516664">
        <ele>207.9</ele>
      </trkpt>
      <trkpt lat="45.692999" lon="5.517430">
        <ele>209.4</ele>
      </trkpt>
      <trkpt lat="45.693830" lon="5.518195">
        <ele>209.7</ele>
      </trkpt>
      <trkpt lat="45.696287" lon="5.522163">
        <ele>220</ele>
      </trkpt>
      <trkpt lat="45.696461" lon="5.521008">
        <ele>213.1</ele>
      </trkpt>
      <trkpt lat="45.697245" lon="5.521751">
        <ele>218.8</ele>
      </trkpt>
      <trkpt lat="45.697825" lon="5.522188">
        <ele>216.3</ele>
      </trkpt>
      <trkpt lat="45.698469" lon="5.522390">
        <ele>212.2</ele>
      </trkpt>
      <trkpt lat="45.698652" lon="5.522286">
        <ele>211.1</ele>
      </trkpt>
      <trkpt lat="45.698833" lon="5.522412">
        <ele>210.2</ele>
      </trkpt>
      <trkpt lat="45.698955" lon="5.522748">
        <ele>210.7</ele>
      </trkpt>
      <trkpt lat="45.699067" lon="5.523395">
        <ele>211</ele>
      </trkpt>
      <trkpt lat="45.699097" lon="5.523790">
        <ele>211</ele>
      </trkpt>
      <trkpt lat="45.699090" lon="5.525421">
        <ele>209.6</ele>
      </trkpt>
      <trkpt lat="45.700635" lon="5.528217">
        <ele>207.5</ele>
      </trkpt>
      <trkpt lat="45.700731" lon="5.528372">
        <ele>207.4</ele>
      </trkpt>
      <trkpt lat="45.700870" lon="5.528487">
        <ele>207.7</ele>
      </trkpt>
      <trkpt lat="45.700968" lon="5.528844">
        <ele>208.1</ele>
      </trkpt>
      <trkpt lat="45.701095" lon="5.528914">
        <ele>208.1</ele>
      </trkpt>
      <trkpt lat="45.701401" lon="5.528805">
        <ele>208.4</ele>
      </trkpt>
      <trkpt lat="45.702489" lon="5.528284">
        <ele>212.8</ele>
      </trkpt>
      <trkpt lat="45.703436" lon="5.527367">
        <ele>214.5</ele>
      </trkpt>
      <trkpt lat="45.703824" lon="5.527101">
        <ele>213.5</ele>
      </trkpt>
      <trkpt lat="45.705178" lon="5.526987">
        <ele>211</ele>
      </trkpt>
      <trkpt lat="45.705724" lon="5.526891">
        <ele>211.9</ele>
      </trkpt>
      <trkpt lat="45.706729" lon="5.527029">
        <ele>212.5</ele>
      </trkpt>
      <trkpt lat="45.707307" lon="5.527164">
        <ele>211.7</ele>
      </trkpt>
      <trkpt lat="45.707795" lon="5.527331">
        <ele>210.8</ele>
      </trkpt>
      <trkpt lat="45.708518" lon="5.527680">
        <ele>209.5</ele>
      </trkpt>
      <trkpt lat="45.708621" lon="5.527636">
        <ele>209.7</ele>
      </trkpt>
      <trkpt lat="45.708849" lon="5.527102">
        <ele>211.2</ele>
      </trkpt>
      <trkpt lat="45.710106" lon="5.527256">
        <ele>209.1</ele>
      </trkpt>
      <trkpt lat="45.710498" lon="5.527402">
        <ele>207.9</ele>
      </trkpt>
      <trkpt lat="45.710541" lon="5.527501">
        <ele>207</ele>
      </trkpt>
      <trkpt lat="45.710644" lon="5.527607">
        <ele>207</ele>
      </trkpt>
      <trkpt lat="45.711821" lon="5.528585">
        <ele>204.1</ele>
      </trkpt>
      <trkpt lat="45.711887" lon="5.528708">
        <ele>204.1</ele>
      </trkpt>
      <trkpt lat="45.711840" lon="5.529086">
        <ele>203.8</ele>
      </trkpt>
      <trkpt lat="45.711688" lon="5.529950">
        <ele>204.4</ele>
      </trkpt>
      <trkpt lat="45.711519" lon="5.530680">
        <ele>204.7</ele>
      </trkpt>
      <trkpt lat="45.711098" lon="5.531387">
        <ele>204.9</ele>
      </trkpt>
      <trkpt lat="45.710846" lon="5.531886">
        <ele>204.7</ele>
      </trkpt>
      <trkpt lat="45.710636" lon="5.532317">
        <ele>204.9</ele>
      </trkpt>
      <trkpt lat="45.710432" lon="5.532886">
        <ele>205.9</ele>
      </trkpt>
      <trkpt lat="45.711025" lon="5.533120">
        <ele>205.5</ele>
      </trkpt>
      <trkpt lat="45.712885" lon="5.534134">
        <ele>202.6</ele>
      </trkpt>
      <trkpt lat="45.712995" lon="5.537038">
        <ele>202.9</ele>
      </trkpt>
      <trkpt lat="45.713085" lon="5.538417">
        <ele>202.7</ele>
      </trkpt>
      <trkpt lat="45.713044" lon="5.539901">
        <ele>202.5</ele>
      </trkpt>
      <trkpt lat="45.713041" lon="5.541318">
        <ele>202.3</ele>
      </trkpt>
      <trkpt lat="45.712719" lon="5.544112">
        <ele>202.6</ele>
      </trkpt>
      <trkpt lat="45.712583" lon="5.544636">
        <ele>202.7</ele>
      </trkpt>
      <trkpt lat="45.711258" lon="5.547293">
        <ele>203.9</ele>
      </trkpt>
      <trkpt lat="45.710857" lon="5.547267">
        <ele>204.4</ele>
      </trkpt>
      <trkpt lat="45.710414" lon="5.546903">
        <ele>204.2</ele>
      </trkpt>
      <trkpt lat="45.710545" lon="5.547165">
        <ele>204.4</ele>
      </trkpt>
      <trkpt lat="45.711045" lon="5.547609">
        <ele>204.1</ele>
      </trkpt>
      <trkpt lat="45.713320" lon="5.549272">
        <ele>213.1</ele>
      </trkpt>
      <trkpt lat="45.713185" lon="5.549817">
        <ele>212.7</ele>
      </trkpt>
      <trkpt lat="45.712786" lon="5.549551">
        <ele>206.5</ele>
      </trkpt>
      <trkpt lat="45.712469" lon="5.550589">
        <ele>206.5</ele>
      </trkpt>
      <trkpt lat="45.712112" lon="5.550971">
        <ele>204.9</ele>
      </trkpt>
      <trkpt lat="45.712112" lon="5.550971">
        <ele>204.9</ele>
      </trkpt>
      <trkpt lat="45.711619" lon="5.551815">
        <ele>204.9</ele>
      </trkpt>
      <trkpt lat="45.711274" lon="5.552075">
        <ele>203.7</ele>
      </trkpt>
      <trkpt lat="45.710787" lon="5.552568">
        <ele>203.6</ele>
      </trkpt>
      <trkpt lat="45.710535" lon="5.553049">
        <ele>205</ele>
      </trkpt>
      <trkpt lat="45.710354" lon="5.553068">
        <ele>204.2</ele>
      </trkpt>
      <trkpt lat="45.709718" lon="5.553805">
        <ele>203</ele>
      </trkpt>
      <trkpt lat="45.709096" lon="5.554623">
        <ele>203.3</ele>
      </trkpt>
      <trkpt lat="45.708675" lon="5.554895">
        <ele>203.7</ele>
      </trkpt>
      <trkpt lat="45.708080" lon="5.555418">
        <ele>203.1</ele>
      </trkpt>
      <trkpt lat="45.707605" lon="5.555376">
        <ele>203</ele>
      </trkpt>
      <trkpt lat="45.706950" lon="5.555425">
        <ele>203</ele>
      </trkpt>
      <trkpt lat="45.706417" lon="5.555594">
        <ele>203</ele>
      </trkpt>
      <trkpt lat="45.705994" lon="5.555621">
        <ele>203</ele>
      </trkpt>
      <trkpt lat="45.705724" lon="5.555881">
        <ele>203.1</ele>
      </trkpt>
      <trkpt lat="45.705070" lon="5.555993">
        <ele>203.1</ele>
      </trkpt>
      <trkpt lat="45.704410" lon="5.555679">
        <ele>203.1</ele>
      </trkpt>
      <trkpt lat="45.703657" lon="5.555560">
        <ele>204</ele>
      </trkpt>
      <trkpt lat="45.703223" lon="5.555383">
        <ele>204.7</ele>
      </trkpt>
      <trkpt lat="45.702673" lon="5.554975">
        <ele>205.4</ele>
      </trkpt>
      <trkpt lat="45.702309" lon="5.554777">
        <ele>205.1</ele>
      </trkpt>
      <trkpt lat="45.701961" lon="5.554657">
        <ele>204.3</ele>
      </trkpt>
      <trkpt lat="45.701582" lon="5.554359">
        <ele>203.7</ele>
      </trkpt>
      <trkpt lat="45.700449" lon="5.554181">
        <ele>205.9</ele>
      </trkpt>
      <trkpt lat="45.699876" lon="5.554037">
        <ele>208.3</ele>
      </trkpt>
      <trkpt lat="45.698408" lon="5.553510">
        <ele>203.8</ele>
      </trkpt>
      <trkpt lat="45.698271" lon="5.553550">
        <ele>204.1</ele>
      </trkpt>
      <trkpt lat="45.697708" lon="5.554738">
        <ele>203.9</ele>
      </trkpt>
      <trkpt lat="45.697262" lon="5.556116">
        <ele>203.8</ele>
      </trkpt>
      <trkpt lat="45.697106" lon="5.556349">
        <ele>203.8</ele>
      </trkpt>
      <trkpt lat="45.696653" lon="5.556654">
        <ele>204.3</ele>
      </trkpt>
      <trkpt lat="45.696316" lon="5.556832">
        <ele>204.7</ele>
      </trkpt>
      <trkpt lat="45.695896" lon="5.556742">
        <ele>204.1</ele>
      </trkpt>
      <trkpt lat="45.695565" lon="5.556543">
        <ele>204.1</ele>
      </trkpt>
      <trkpt lat="45.695254" lon="5.556621">
        <ele>203.7</ele>
      </trkpt>
      <trkpt lat="45.694348" lon="5.557326">
        <ele>204</ele>
      </trkpt>
      <trkpt lat="45.693881" lon="5.557860">
        <ele>203.4</ele>
      </trkpt>
      <trkpt lat="45.693556" lon="5.558373">
        <ele>203.2</ele>
      </trkpt>
      <trkpt lat="45.693172" lon="5.558605">
        <ele>203.4</ele>
      </trkpt>
      <trkpt lat="45.692349" lon="5.558649">
        <ele>203</ele>
      </trkpt>
      <trkpt lat="45.691331" lon="5.558587">
        <ele>203</ele>
      </trkpt>
      <trkpt lat="45.690675" lon="5.558598">
        <ele>203</ele>
      </trkpt>
      <trkpt lat="45.689850" lon="5.558753">
        <ele>203.3</ele>
      </trkpt>
      <trkpt lat="45.689224" lon="5.559158">
        <ele>203.3</ele>
      </trkpt>
      <trkpt lat="45.688377" lon="5.559414">
        <ele>203</ele>
      </trkpt>
      <trkpt lat="45.688072" lon="5.559584">
        <ele>203.1</ele>
      </trkpt>
      <trkpt lat="45.687711" lon="5.559856">
        <ele>203.2</ele>
      </trkpt>
      <trkpt lat="45.687118" lon="5.559933">
        <ele>203</ele>
      </trkpt>
      <trkpt lat="45.686806" lon="5.560250">
        <ele>203</ele>
      </trkpt>
      <trkpt lat="45.686551" lon="5.560766">
        <ele>203.3</ele>
      </trkpt>
      <trkpt lat="45.685275" lon="5.561816">
        <ele>205.8</ele>
      </trkpt>
      <trkpt lat="45.684210" lon="5.563296">
        <ele>206.6</ele>
      </trkpt>
      <trkpt lat="45.684116" lon="5.563851">
        <ele>206.9</ele>
      </trkpt>
      <trkpt lat="45.683875" lon="5.564905">
        <ele>205.7</ele>
      </trkpt>
      <trkpt lat="45.683587" lon="5.565927">
        <ele>206.1</ele>
      </trkpt>
      <trkpt lat="45.683505" lon="5.566621">
        <ele>207.7</ele>
      </trkpt>
      <trkpt lat="45.683526" lon="5.567267">
        <ele>207.8</ele>
      </trkpt>
      <trkpt lat="45.682927" lon="5.567597">
        <ele>207.3</ele>
      </trkpt>
      <trkpt lat="45.681844" lon="5.568341">
        <ele>208.9</ele>
      </trkpt>
      <trkpt lat="45.681451" lon="5.569024">
        <ele>209.5</ele>
      </trkpt>
      <trkpt lat="45.681146" lon="5.569370">
        <ele>210.4</ele>
      </trkpt>
      <trkpt lat="45.679376" lon="5.570080">
        <ele>214.8</ele>
      </trkpt>
      <trkpt lat="45.678940" lon="5.570166">
        <ele>215.4</ele>
      </trkpt>
      <trkpt lat="45.678353" lon="5.570104">
        <ele>216.3</ele>
      </trkpt>
      <trkpt lat="45.677289" lon="5.569508">
        <ele>214.9</ele>
      </trkpt>
      <trkpt lat="45.676878" lon="5.569456">
        <ele>213.5</ele>
      </trkpt>
      <trkpt lat="45.676556" lon="5.569691">
        <ele>211.8</ele>
      </trkpt>
      <trkpt lat="45.676212" lon="5.570062">
        <ele>210.9</ele>
      </trkpt>
      <trkpt lat="45.675637" lon="5.570898">
        <ele>213.6</ele>
      </trkpt>
      <trkpt lat="45.674889" lon="5.571612">
        <ele>217.4</ele>
      </trkpt>
      <trkpt lat="45.674471" lon="5.571946">
        <ele>219.8</ele>
      </trkpt>
      <trkpt lat="45.674069" lon="5.572647">
        <ele>222.5</ele>
      </trkpt>
      <trkpt lat="45.673856" lon="5.573345">
        <ele>223.8</ele>
      </trkpt>
      <trkpt lat="45.673955" lon="5.574025">
        <ele>222.8</ele>
      </trkpt>
      <trkpt lat="45.673901" lon="5.574498">
        <ele>222.7</ele>
      </trkpt>
      <trkpt lat="45.673468" lon="5.575924">
        <ele>220.6</ele>
      </trkpt>
      <trkpt lat="45.673115" lon="5.576393">
        <ele>220.8</ele>
      </trkpt>
      <trkpt lat="45.672857" lon="5.576036">
        <ele>222.2</ele>
      </trkpt>
      <trkpt lat="45.672355" lon="5.575720">
        <ele>222.3</ele>
      </trkpt>
      <trkpt lat="45.672245" lon="5.575718">
        <ele>221.7</ele>
      </trkpt>
      <trkpt lat="45.672006" lon="5.575915">
        <ele>220.3</ele>
      </trkpt>
      <trkpt lat="45.671706" lon="5.575709">
        <ele>218.9</ele>
      </trkpt>
      <trkpt lat="45.671768" lon="5.575287">
        <ele>217.9</ele>
      </trkpt>
      <trkpt lat="45.671544" lon="5.575116">
        <ele>215.7</ele>
      </trkpt>
      <trkpt lat="45.671225" lon="5.575158">
        <ele>210.4</ele>
      </trkpt>
      <trkpt lat="45.671117" lon="5.574900">
        <ele>205.8</ele>
      </trkpt>
      <trkpt lat="45.671129" lon="5.574812">
        <ele>205.5</ele>
      </trkpt>
      <trkpt lat="45.671045" lon="5.574739">
        <ele>205.5</ele>
      </trkpt>
      <trkpt lat="45.670830" lon="5.575123">
        <ele>205.3</ele>
      </trkpt>
      <trkpt lat="45.670851" lon="5.575629">
        <ele>207.3</ele>
      </trkpt>
      <trkpt lat="45.670269" lon="5.577127">
        <ele>204.9</ele>
      </trkpt>
      <trkpt lat="45.669749" lon="5.578597">
        <ele>205.1</ele>
      </trkpt>
      <trkpt lat="45.669335" lon="5.580444">
        <ele>205.7</ele>
      </trkpt>
      <trkpt lat="45.669151" lon="5.581756">
        <ele>206.4</ele>
      </trkpt>
      <trkpt lat="45.669029" lon="5.582190">
        <ele>205.4</ele>
      </trkpt>
      <trkpt lat="45.669067" lon="5.582478">
        <ele>208.1</ele>
      </trkpt>
      <trkpt lat="45.669040" lon="5.582606">
        <ele>206.6</ele>
      </trkpt>
      <trkpt lat="45.668710" lon="5.583235">
        <ele>205.7</ele>
      </trkpt>
      <trkpt lat="45.668194" lon="5.585001">
        <ele>205.5</ele>
      </trkpt>
      <trkpt lat="45.667551" lon="5.586522">
        <ele>206.4</ele>
      </trkpt>
      <trkpt lat="45.666631" lon="5.587800">
        <ele>205.4</ele>
      </trkpt>
      <trkpt lat="45.665372" lon="5.589077">
        <ele>205.5</ele>
      </trkpt>
      <trkpt lat="45.664778" lon="5.589533">
        <ele>205.5</ele>
      </trkpt>
      <trkpt lat="45.663433" lon="5.590368">
        <ele>205.1</ele>
      </trkpt>
      <trkpt lat="45.662533" lon="5.591076">
        <ele>205.2</ele>
      </trkpt>
      <trkpt lat="45.662036" lon="5.591720">
        <ele>205.1</ele>
      </trkpt>
      <trkpt lat="45.661495" lon="5.592511">
        <ele>205.1</ele>
      </trkpt>
      <trkpt lat="45.661129" lon="5.593197">
        <ele>205.3</ele>
      </trkpt>
      <trkpt lat="45.660774" lon="5.594032">
        <ele>206.6</ele>
      </trkpt>
      <trkpt lat="45.660399" lon="5.595382">
        <ele>206.8</ele>
      </trkpt>
      <trkpt lat="45.659981" lon="5.597697">
        <ele>206</ele>
      </trkpt>
      <trkpt lat="45.659704" lon="5.598725">
        <ele>206</ele>
      </trkpt>
      <trkpt lat="45.659262" lon="5.599882">
        <ele>206.1</ele>
      </trkpt>
      <trkpt lat="45.658492" lon="5.601350">
        <ele>206.5</ele>
      </trkpt>
      <trkpt lat="45.657960" lon="5.602059">
        <ele>207.6</ele>
      </trkpt>
      <trkpt lat="45.656724" lon="5.603556">
        <ele>207</ele>
      </trkpt>
      <trkpt lat="45.656502" lon="5.604051">
        <ele>206.9</ele>
      </trkpt>
      <trkpt lat="45.656424" lon="5.604343">
        <ele>207</ele>
      </trkpt>
      <trkpt lat="45.656253" lon="5.604452">
        <ele>207</ele>
      </trkpt>
      <trkpt lat="45.656142" lon="5.604778">
        <ele>206</ele>
      </trkpt>
      <trkpt lat="45.655562" lon="5.605281">
        <ele>207.2</ele>
      </trkpt>
      <trkpt lat="45.654710" lon="5.605802">
        <ele>209.3</ele>
      </trkpt>
      <trkpt lat="45.654490" lon="5.605246">
        <ele>209.5</ele>
      </trkpt>
      <trkpt lat="45.653745" lon="5.602804">
        <ele>209.5</ele>
      </trkpt>
      <trkpt lat="45.653131" lon="5.603239">
        <ele>210.9</ele>
      </trkpt>
      <trkpt lat="45.652480" lon="5.604072">
        <ele>207.5</ele>
      </trkpt>
      <trkpt lat="45.651731" lon="5.604555">
        <ele>207.3</ele>
      </trkpt>
      <trkpt lat="45.650752" lon="5.605343">
        <ele>207.1</ele>
      </trkpt>
      <trkpt lat="45.648850" lon="5.606634">
        <ele>207.7</ele>
      </trkpt>
      <trkpt lat="45.647448" lon="5.607446">
        <ele>207</ele>
      </trkpt>
      <trkpt lat="45.644523" lon="5.609319">
        <ele>207.6</ele>
      </trkpt>
      <trkpt lat="45.640934" lon="5.611684">
        <ele>207</ele>
      </trkpt>
      <trkpt lat="45.639964" lon="5.612727">
        <ele>207.3</ele>
      </trkpt>
      <trkpt lat="45.639469" lon="5.613506">
        <ele>207.1</ele>
      </trkpt>
      <trkpt lat="45.638872" lon="5.614579">
        <ele>207</ele>
      </trkpt>
      <trkpt lat="45.638408" lon="5.615699">
        <ele>207.7</ele>
      </trkpt>
      <trkpt lat="45.637959" lon="5.617363">
        <ele>208</ele>
      </trkpt>
      <trkpt lat="45.637773" lon="5.618401">
        <ele>208</ele>
      </trkpt>
      <trkpt lat="45.637697" lon="5.619213">
        <ele>208</ele>
      </trkpt>
      <trkpt lat="45.637718" lon="5.621579">
        <ele>208</ele>
      </trkpt>
      <trkpt lat="45.637595" lon="5.621950">
        <ele>208.3</ele>
      </trkpt>
      <trkpt lat="45.637364" lon="5.622041">
        <ele>211.9</ele>
      </trkpt>
      <trkpt lat="45.636790" lon="5.622090">
        <ele>224.4</ele>
      </trkpt>
      <trkpt lat="45.636657" lon="5.622314">
        <ele>226</ele>
      </trkpt>
      <trkpt lat="45.637036" lon="5.622484">
        <ele>220.5</ele>
      </trkpt>
      <trkpt lat="45.640027" lon="5.623434">
        <ele>226.1</ele>
      </trkpt>
      <trkpt lat="45.640502" lon="5.624457">
        <ele>225.2</ele>
      </trkpt>
      <trkpt lat="45.641162" lon="5.625296">
        <ele>227.3</ele>
      </trkpt>
      <trkpt lat="45.641572" lon="5.626154">
        <ele>229.8</ele>
      </trkpt>
      <trkpt lat="45.641529" lon="5.627024">
        <ele>230.6</ele>
      </trkpt>
      <trkpt lat="45.641189" lon="5.628042">
        <ele>232.9</ele>
      </trkpt>
      <trkpt lat="45.641098" lon="5.629975">
        <ele>230.4</ele>
      </trkpt>
      <trkpt lat="45.640774" lon="5.631219">
        <ele>222.5</ele>
      </trkpt>
      <trkpt lat="45.640658" lon="5.632344">
        <ele>219.9</ele>
      </trkpt>
      <trkpt lat="45.640496" lon="5.633480">
        <ele>213.2</ele>
      </trkpt>
      <trkpt lat="45.640456" lon="5.633595">
        <ele>213.1</ele>
      </trkpt>
      <trkpt lat="45.640436" lon="5.633911">
        <ele>213</ele>
      </trkpt>
      <trkpt lat="45.640556" lon="5.634984">
        <ele>209.1</ele>
      </trkpt>
      <trkpt lat="45.640781" lon="5.636099">
        <ele>211</ele>
      </trkpt>
      <trkpt lat="45.640695" lon="5.636986">
        <ele>211.3</ele>
      </trkpt>
      <trkpt lat="45.640807" lon="5.638521">
        <ele>217.9</ele>
      </trkpt>
      <trkpt lat="45.640851" lon="5.639687">
        <ele>217.1</ele>
      </trkpt>
      <trkpt lat="45.640744" lon="5.641492">
        <ele>217.7</ele>
      </trkpt>
      <trkpt lat="45.640672" lon="5.641760">
        <ele>218</ele>
      </trkpt>
      <trkpt lat="45.640493" lon="5.642007">
        <ele>213.2</ele>
      </trkpt>
      <trkpt lat="45.640559" lon="5.642256">
        <ele>213.4</ele>
      </trkpt>
      <trkpt lat="45.640557" lon="5.642473">
        <ele>213.4</ele>
      </trkpt>
      <trkpt lat="45.640481" lon="5.642788">
        <ele>218.7</ele>
      </trkpt>
      <trkpt lat="45.640419" lon="5.642864">
        <ele>214.7</ele>
      </trkpt>
      <trkpt lat="45.640300" lon="5.642864">
        <ele>214.7</ele>
      </trkpt>
      <trkpt lat="45.640029" lon="5.642693">
        <ele>209</ele>
      </trkpt>
      <trkpt lat="45.639903" lon="5.642794">
        <ele>209.1</ele>
      </trkpt>
      <trkpt lat="45.639842" lon="5.643000">
        <ele>209</ele>
      </trkpt>
      <trkpt lat="45.639858" lon="5.643150">
        <ele>209</ele>
      </trkpt>
      <trkpt lat="45.639925" lon="5.643235">
        <ele>209.1</ele>
      </trkpt>
      <trkpt lat="45.640187" lon="5.643399">
        <ele>211.1</ele>
      </trkpt>
      <trkpt lat="45.640255" lon="5.643599">
        <ele>216.9</ele>
      </trkpt>
      <trkpt lat="45.640237" lon="5.643887">
        <ele>217.1</ele>
      </trkpt>
      <trkpt lat="45.640138" lon="5.644331">
        <ele>211.1</ele>
      </trkpt>
      <trkpt lat="45.640408" lon="5.644489">
        <ele>217.2</ele>
      </trkpt>
      <trkpt lat="45.640548" lon="5.643867">
        <ele>221.7</ele>
      </trkpt>
      <trkpt lat="45.640541" lon="5.643736">
        <ele>221.3</ele>
      </trkpt>
      <trkpt lat="45.640443" lon="5.643401">
        <ele>220.8</ele>
      </trkpt>
      <trkpt lat="45.640230" lon="5.643110">
        <ele>211</ele>
      </trkpt>
      <trkpt lat="45.637740" lon="5.641392">
        <ele>221.6</ele>
      </trkpt>
      <trkpt lat="45.637678" lon="5.641519">
        <ele>221.3</ele>
      </trkpt>
      <trkpt lat="45.637501" lon="5.641618">
        <ele>221.3</ele>
      </trkpt>
      <trkpt lat="45.636667" lon="5.641098">
        <ele>223.5</ele>
      </trkpt>
      <trkpt lat="45.635978" lon="5.641004">
        <ele>221.2</ele>
      </trkpt>
      <trkpt lat="45.635476" lon="5.641224">
        <ele>211.2</ele>
      </trkpt>
      <trkpt lat="45.635009" lon="5.641643">
        <ele>210</ele>
      </trkpt>
      <trkpt lat="45.634687" lon="5.642159">
        <ele>209.6</ele>
      </trkpt>
      <trkpt lat="45.634525" lon="5.643094">
        <ele>209</ele>
      </trkpt>
      <trkpt lat="45.634452" lon="5.643762">
        <ele>209</ele>
      </trkpt>
      <trkpt lat="45.634015" lon="5.645153">
        <ele>214.4</ele>
      </trkpt>
      <trkpt lat="45.633923" lon="5.645582">
        <ele>219</ele>
      </trkpt>
      <trkpt lat="45.633904" lon="5.645918">
        <ele>219.3</ele>
      </trkpt>
      <trkpt lat="45.633965" lon="5.646406">
        <ele>218.1</ele>
      </trkpt>
      <trkpt lat="45.634156" lon="5.647010">
        <ele>213</ele>
      </trkpt>
      <trkpt lat="45.636837" lon="5.650750">
        <ele>211.8</ele>
      </trkpt>
      <trkpt lat="45.637127" lon="5.651433">
        <ele>210.5</ele>
      </trkpt>
      <trkpt lat="45.637354" lon="5.652667">
        <ele>209.5</ele>
      </trkpt>
      <trkpt lat="45.637254" lon="5.653138">
        <ele>209.6</ele>
      </trkpt>
      <trkpt lat="45.637148" lon="5.653320">
        <ele>211.1</ele>
      </trkpt>
      <trkpt lat="45.637029" lon="5.653428">
        <ele>211.7</ele>
      </trkpt>
      <trkpt lat="45.636821" lon="5.653535">
        <ele>212.4</ele>
      </trkpt>
      <trkpt lat="45.636491" lon="5.653520">
        <ele>211.6</ele>
      </trkpt>
      <trkpt lat="45.636330" lon="5.653643">
        <ele>212.1</ele>
      </trkpt>
      <trkpt lat="45.636273" lon="5.653530">
        <ele>211.1</ele>
      </trkpt>
      <trkpt lat="45.635942" lon="5.653975">
        <ele>209.3</ele>
      </trkpt>
      <trkpt lat="45.634669" lon="5.655885">
        <ele>212.1</ele>
      </trkpt>
      <trkpt lat="45.634753" lon="5.656086">
        <ele>212.2</ele>
      </trkpt>
      <trkpt lat="45.634722" lon="5.656272">
        <ele>212.4</ele>
      </trkpt>
      <trkpt lat="45.634783" lon="5.656463">
        <ele>212.2</ele>
      </trkpt>
      <trkpt lat="45.635110" lon="5.656743">
        <ele>212.4</ele>
      </trkpt>
      <trkpt lat="45.635973" lon="5.657984">
        <ele>211.3</ele>
      </trkpt>
      <trkpt lat="45.636208" lon="5.658196">
        <ele>211.3</ele>
      </trkpt>
      <trkpt lat="45.636404" lon="5.658578">
        <ele>210.4</ele>
      </trkpt>
      <trkpt lat="45.636548" lon="5.658644">
        <ele>209.3</ele>
      </trkpt>
      <trkpt lat="45.636685" lon="5.659170">
        <ele>209.5</ele>
      </trkpt>
      <trkpt lat="45.636779" lon="5.659719">
        <ele>209.7</ele>
      </trkpt>
      <trkpt lat="45.636835" lon="5.660183">
        <ele>209.8</ele>
      </trkpt>
      <trkpt lat="45.636847" lon="5.660672">
        <ele>209.1</ele>
      </trkpt>
      <trkpt lat="45.636654" lon="5.667615">
        <ele>212</ele>
      </trkpt>
      <trkpt lat="45.636603" lon="5.667706">
        <ele>212</ele>
      </trkpt>
      <trkpt lat="45.636634" lon="5.667905">
        <ele>212</ele>
      </trkpt>
      <trkpt lat="45.636631" lon="5.668527">
        <ele>212</ele>
      </trkpt>
      <trkpt lat="45.636458" lon="5.674199">
        <ele>212.8</ele>
      </trkpt>
      <trkpt lat="45.636449" lon="5.675700">
        <ele>214</ele>
      </trkpt>
      <trkpt lat="45.636522" lon="5.676454">
        <ele>212.9</ele>
      </trkpt>
      <trkpt lat="45.636603" lon="5.676490">
        <ele>212.9</ele>
      </trkpt>
      <trkpt lat="45.636671" lon="5.676590">
        <ele>211.1</ele>
      </trkpt>
      <trkpt lat="45.636903" lon="5.676657">
        <ele>210.1</ele>
      </trkpt>
      <trkpt lat="45.637113" lon="5.677126">
        <ele>210.7</ele>
      </trkpt>
      <trkpt lat="45.637325" lon="5.678015">
        <ele>211.1</ele>
      </trkpt>
      <trkpt lat="45.638357" lon="5.681468">
        <ele>211</ele>
      </trkpt>
      <trkpt lat="45.638453" lon="5.681920">
        <ele>211</ele>
      </trkpt>
      <trkpt lat="45.638498" lon="5.683183">
        <ele>213.3</ele>
      </trkpt>
      <trkpt lat="45.638482" lon="5.683292">
        <ele>213.3</ele>
      </trkpt>
      <trkpt lat="45.638433" lon="5.683359">
        <ele>213.3</ele>
      </trkpt>
      <trkpt lat="45.638292" lon="5.683388">
        <ele>215.1</ele>
      </trkpt>
      <trkpt lat="45.638279" lon="5.683516">
        <ele>215.7</ele>
      </trkpt>
      <trkpt lat="45.638333" lon="5.684474">
        <ele>215.5</ele>
      </trkpt>
      <trkpt lat="45.638458" lon="5.685352">
        <ele>216.9</ele>
      </trkpt>
      <trkpt lat="45.638651" lon="5.685990">
        <ele>216.6</ele>
      </trkpt>
      <trkpt lat="45.638804" lon="5.686382">
        <ele>216</ele>
      </trkpt>
      <trkpt lat="45.639168" lon="5.687137">
        <ele>216</ele>
      </trkpt>
      <trkpt lat="45.639770" lon="5.688112">
        <ele>216.1</ele>
      </trkpt>
      <trkpt lat="45.640348" lon="5.688959">
        <ele>213.7</ele>
      </trkpt>
      <trkpt lat="45.641110" lon="5.689813">
        <ele>214.2</ele>
      </trkpt>
      <trkpt lat="45.641756" lon="5.690405">
        <ele>216.2</ele>
      </trkpt>
      <trkpt lat="45.642248" lon="5.690779">
        <ele>215.2</ele>
      </trkpt>
      <trkpt lat="45.643386" lon="5.691433">
        <ele>214.8</ele>
      </trkpt>
      <trkpt lat="45.643516" lon="5.691605">
        <ele>214.6</ele>
      </trkpt>
      <trkpt lat="45.643873" lon="5.692330">
        <ele>214.3</ele>
      </trkpt>
      <trkpt lat="45.644094" lon="5.692670">
        <ele>214.7</ele>
      </trkpt>
      <trkpt lat="45.644472" lon="5.693089">
        <ele>215.1</ele>
      </trkpt>
      <trkpt lat="45.644721" lon="5.693230">
        <ele>215.3</ele>
      </trkpt>
      <trkpt lat="45.645481" lon="5.693080">
        <ele>215.3</ele>
      </trkpt>
      <trkpt lat="45.645567" lon="5.693033">
        <ele>215.2</ele>
      </trkpt>
      <trkpt lat="45.645780" lon="5.692762">
        <ele>215.4</ele>
      </trkpt>
      <trkpt lat="45.645888" lon="5.692710">
        <ele>215.4</ele>
      </trkpt>
      <trkpt lat="45.646184" lon="5.692773">
        <ele>215.4</ele>
      </trkpt>
      <trkpt lat="45.646900" lon="5.693088">
        <ele>215.1</ele>
      </trkpt>
      <trkpt lat="45.647099" lon="5.693076">
        <ele>215.1</ele>
      </trkpt>
      <trkpt lat="45.647313" lon="5.693001">
        <ele>215.1</ele>
      </trkpt>
      <trkpt lat="45.647492" lon="5.692916">
        <ele>215.1</ele>
      </trkpt>
      <trkpt lat="45.647938" lon="5.692578">
        <ele>215.1</ele>
      </trkpt>
      <trkpt lat="45.649110" lon="5.691462">
        <ele>215.1</ele>
      </trkpt>
      <trkpt lat="45.649510" lon="5.691304">
        <ele>215.1</ele>
      </trkpt>
      <trkpt lat="45.650200" lon="5.691220">
        <ele>215.1</ele>
      </trkpt>
      <trkpt lat="45.651053" lon="5.691025">
        <ele>214.8</ele>
      </trkpt>
      <trkpt lat="45.651412" lon="5.690904">
        <ele>214.5</ele>
      </trkpt>
      <trkpt lat="45.651464" lon="5.690829">
        <ele>214.5</ele>
      </trkpt>
      <trkpt lat="45.651430" lon="5.690519">
        <ele>213.9</ele>
      </trkpt>
      <trkpt lat="45.651486" lon="5.690413">
        <ele>212.8</ele>
      </trkpt>
      <trkpt lat="45.651857" lon="5.690121">
        <ele>212.3</ele>
      </trkpt>
      <trkpt lat="45.659929" lon="5.686865">
        <ele>213.1</ele>
      </trkpt>
      <trkpt lat="45.661399" lon="5.686307">
        <ele>213.4</ele>
      </trkpt>
      <trkpt lat="45.661471" lon="5.686399">
        <ele>213.4</ele>
      </trkpt>
      <trkpt lat="45.661681" lon="5.688860">
        <ele>215.2</ele>
      </trkpt>
      <trkpt lat="45.661777" lon="5.689154">
        <ele>215.2</ele>
      </trkpt>
      <trkpt lat="45.661851" lon="5.689152">
        <ele>215.2</ele>
      </trkpt>
      <trkpt lat="45.661968" lon="5.689073">
        <ele>215.4</ele>
      </trkpt>
      <trkpt lat="45.662416" lon="5.688669">
        <ele>215.5</ele>
      </trkpt>
      <trkpt lat="45.663837" lon="5.687137">
        <ele>214.5</ele>
      </trkpt>
      <trkpt lat="45.663990" lon="5.687041">
        <ele>214.3</ele>
      </trkpt>
      <trkpt lat="45.664162" lon="5.686995">
        <ele>214.2</ele>
      </trkpt>
      <trkpt lat="45.664638" lon="5.687157">
        <ele>214.1</ele>
      </trkpt>
      <trkpt lat="45.665062" lon="5.687432">
        <ele>214.4</ele>
      </trkpt>
      <trkpt lat="45.665600" lon="5.687871">
        <ele>214.2</ele>
      </trkpt>
      <trkpt lat="45.665974" lon="5.688231">
        <ele>214</ele>
      </trkpt>
      <trkpt lat="45.666676" lon="5.689142">
        <ele>214</ele>
      </trkpt>
      <trkpt lat="45.667121" lon="5.689907">
        <ele>214.1</ele>
      </trkpt>
      <trkpt lat="45.668891" lon="5.693422">
        <ele>215.1</ele>
      </trkpt>
      <trkpt lat="45.669535" lon="5.694634">
        <ele>215.2</ele>
      </trkpt>
      <trkpt lat="45.670547" lon="5.696340">
        <ele>215.3</ele>
      </trkpt>
      <trkpt lat="45.671470" lon="5.697630">
        <ele>216</ele>
      </trkpt>
      <trkpt lat="45.672138" lon="5.698458">
        <ele>215.1</ele>
      </trkpt>
      <trkpt lat="45.673445" lon="5.699872">
        <ele>215.1</ele>
      </trkpt>
      <trkpt lat="45.673652" lon="5.700136">
        <ele>215.2</ele>
      </trkpt>
      <trkpt lat="45.673704" lon="5.700128">
        <ele>215.2</ele>
      </trkpt>
      <trkpt lat="45.673838" lon="5.699855">
        <ele>215</ele>
      </trkpt>
      <trkpt lat="45.673981" lon="5.699773">
        <ele>215</ele>
      </trkpt>
      <trkpt lat="45.674380" lon="5.700209">
        <ele>215</ele>
      </trkpt>
      <trkpt lat="45.675232" lon="5.701301">
        <ele>215</ele>
      </trkpt>
      <trkpt lat="45.675927" lon="5.702304">
        <ele>215</ele>
      </trkpt>
      <trkpt lat="45.677701" lon="5.705268">
        <ele>216</ele>
      </trkpt>
      <trkpt lat="45.678285" lon="5.706065">
        <ele>216</ele>
      </trkpt>
      <trkpt lat="45.678793" lon="5.706668">
        <ele>216</ele>
      </trkpt>
      <trkpt lat="45.679096" lon="5.706930">
        <ele>216.1</ele>
      </trkpt>
      <trkpt lat="45.679705" lon="5.707342">
        <ele>216</ele>
      </trkpt>
      <trkpt lat="45.680141" lon="5.707426">
        <ele>216</ele>
      </trkpt>
      <trkpt lat="45.680307" lon="5.707511">
        <ele>216</ele>
      </trkpt>
      <trkpt lat="45.681115" lon="5.708150">
        <ele>216</ele>
      </trkpt>
      <trkpt lat="45.681959" lon="5.708619">
        <ele>216.5</ele>
      </trkpt>
      <trkpt lat="45.682433" lon="5.708779">
        <ele>216.2</ele>
      </trkpt>
      <trkpt lat="45.683186" lon="5.708902">
        <ele>216</ele>
      </trkpt>
      <trkpt lat="45.683771" lon="5.709036">
        <ele>216</ele>
      </trkpt>
      <trkpt lat="45.684088" lon="5.709153">
        <ele>216</ele>
      </trkpt>
      <trkpt lat="45.684482" lon="5.709371">
        <ele>216</ele>
      </trkpt>
      <trkpt lat="45.685247" lon="5.709888">
        <ele>216</ele>
      </trkpt>
      <trkpt lat="45.686210" lon="5.710430">
        <ele>216</ele>
      </trkpt>
      <trkpt lat="45.686998" lon="5.710740">
        <ele>216.9</ele>
      </trkpt>
      <trkpt lat="45.687571" lon="5.711101">
        <ele>222.2</ele>
      </trkpt>
      <trkpt lat="45.687917" lon="5.711266">
        <ele>234.6</ele>
      </trkpt>
      <trkpt lat="45.688665" lon="5.711483">
        <ele>235.6</ele>
      </trkpt>
      <trkpt lat="45.690308" lon="5.712101">
        <ele>236.9</ele>
      </trkpt>
      <trkpt lat="45.691105" lon="5.712672">
        <ele>232.3</ele>
        <extensions>
          <visugpx:TrkExtension xmlns:visugpx="https://www.visugpx.com/editgpx/">
            <visugpx:node>1</visugpx:node>
          </visugpx:TrkExtension>
        </extensions>
      </trkpt>
      <trkpt lat="45.691307" lon="5.712941">
        <ele>222.8</ele>
      </trkpt>
      <trkpt lat="45.697623" lon="5.717675">
        <ele>224.4</ele>
        <extensions>
          <visugpx:TrkExtension xmlns:visugpx="https://www.visugpx.com/editgpx/">
            <visugpx:node>2</visugpx:node>
          </visugpx:TrkExtension>
        </extensions>
      </trkpt>
      <trkpt lat="45.701057" lon="5.717796">
        <ele>221.1</ele>
        <extensions>
          <visugpx:TrkExtension xmlns:visugpx="https://www.visugpx.com/editgpx/">
            <visugpx:node>3</visugpx:node>
          </visugpx:TrkExtension>
        </extensions>
      </trkpt>
      <trkpt lat="45.704956" lon="5.719071">
        <ele>223.3</ele>
        <extensions>
          <visugpx:TrkExtension xmlns:visugpx="https://www.visugpx.com/editgpx/">
            <visugpx:node>4</visugpx:node>
          </visugpx:TrkExtension>
        </extensions>
      </trkpt>
      <trkpt lat="45.706482" lon="5.719010">
        <ele>223.1</ele>
        <extensions>
          <visugpx:TrkExtension xmlns:visugpx="https://www.visugpx.com/editgpx/">
            <visugpx:node>5</visugpx:node>
          </visugpx:TrkExtension>
        </extensions>
      </trkpt>
      <trkpt lat="45.707245" lon="5.719981">
        <ele>223.5</ele>
        <extensions>
          <visugpx:TrkExtension xmlns:visugpx="https://www.visugpx.com/editgpx/">
            <visugpx:node>6</visugpx:node>
          </visugpx:TrkExtension>
        </extensions>
      </trkpt>
      <trkpt lat="45.709364" lon="5.731027">
        <ele>239.8</ele>
        <extensions>
          <visugpx:TrkExtension xmlns:visugpx="https://www.visugpx.com/editgpx/">
            <visugpx:node>7</visugpx:node>
          </visugpx:TrkExtension>
        </extensions>
      </trkpt>
      <trkpt lat="45.708813" lon="5.733394">
        <ele>253.5</ele>
        <extensions>
          <visugpx:TrkExtension xmlns:visugpx="https://www.visugpx.com/editgpx/">
            <visugpx:node>8</visugpx:node>
          </visugpx:TrkExtension>
        </extensions>
      </trkpt>
      <trkpt lat="45.705973" lon="5.737946">
        <ele>245.4</ele>
        <extensions>
          <visugpx:TrkExtension xmlns:visugpx="https://www.visugpx.com/editgpx/">
            <visugpx:node>9</visugpx:node>
          </visugpx:TrkExtension>
        </extensions>
      </trkpt>
      <trkpt lat="45.706143" lon="5.741770">
        <ele>230.9</ele>
        <extensions>
          <visugpx:TrkExtension xmlns:visugpx="https://www.visugpx.com/editgpx/">
            <visugpx:node>10</visugpx:node>
          </visugpx:TrkExtension>
        </extensions>
      </trkpt>
      <trkpt lat="45.705210" lon="5.745593">
        <ele>245.9</ele>
        <extensions>
          <visugpx:TrkExtension xmlns:visugpx="https://www.visugpx.com/editgpx/">
            <visugpx:node>11</visugpx:node>
          </visugpx:TrkExtension>
        </extensions>
      </trkpt>
      <trkpt lat="45.704617" lon="5.748203">
        <ele>236</ele>
        <extensions>
          <visugpx:TrkExtension xmlns:visugpx="https://www.visugpx.com/editgpx/">
            <visugpx:node>12</visugpx:node>
          </visugpx:TrkExtension>
        </extensions>
      </trkpt>
      <trkpt lat="45.705422" lon="5.750691">
        <ele>227.3</ele>
        <extensions>
          <visugpx:TrkExtension xmlns:visugpx="https://www.visugpx.com/editgpx/">
            <visugpx:node>13</visugpx:node>
          </visugpx:TrkExtension>
        </extensions>
      </trkpt>
      <trkpt lat="45.703939" lon="5.758096">
        <ele>230.8</ele>
        <extensions>
          <visugpx:TrkExtension xmlns:visugpx="https://www.visugpx.com/editgpx/">
            <visugpx:node>14</visugpx:node>
          </visugpx:TrkExtension>
        </extensions>
      </trkpt>
      <trkpt lat="45.701650" lon="5.756821">
        <ele>235</ele>
        <extensions>
          <visugpx:TrkExtension xmlns:visugpx="https://www.visugpx.com/editgpx/">
            <visugpx:node>15</visugpx:node>
          </visugpx:TrkExtension>
        </extensions>
      </trkpt>
      <trkpt lat="45.699743" lon="5.756639">
        <ele>238.9</ele>
        <extensions>
          <visugpx:TrkExtension xmlns:visugpx="https://www.visugpx.com/editgpx/">
            <visugpx:node>16</visugpx:node>
          </visugpx:TrkExtension>
        </extensions>
      </trkpt>
      <trkpt lat="45.697284" lon="5.758581">
        <ele>244</ele>
        <extensions>
          <visugpx:TrkExtension xmlns:visugpx="https://www.visugpx.com/editgpx/">
            <visugpx:node>17</visugpx:node>
          </visugpx:TrkExtension>
        </extensions>
      </trkpt>
      <trkpt lat="45.695249" lon="5.759006">
        <ele>247.1</ele>
        <extensions>
          <visugpx:TrkExtension xmlns:visugpx="https://www.visugpx.com/editgpx/">
            <visugpx:node>18</visugpx:node>
          </visugpx:TrkExtension>
        </extensions>
      </trkpt>
      <trkpt lat="45.692875" lon="5.760463">
        <ele>252.9</ele>
        <extensions>
          <visugpx:TrkExtension xmlns:visugpx="https://www.visugpx.com/editgpx/">
            <visugpx:node>19</visugpx:node>
          </visugpx:TrkExtension>
        </extensions>
      </trkpt>
      <trkpt lat="45.692830" lon="5.760800">
        <ele>254.89</ele>
        <extensions>
          <visugpx:TrkExtension xmlns:visugpx="https://www.visugpx.com/editgpx/">
            <visugpx:node>20</visugpx:node>
          </visugpx:TrkExtension>
        </extensions>
      </trkpt>
      <trkpt lat="45.692790" lon="5.760890">
        <ele>254.82</ele>
      </trkpt>
      <trkpt lat="45.692750" lon="5.761070">
        <ele>255.35</ele>
      </trkpt>
      <trkpt lat="45.692720" lon="5.761340">
        <ele>255.82</ele>
      </trkpt>
      <trkpt lat="45.692710" lon="5.761500">
        <ele>256.58</ele>
      </trkpt>
      <trkpt lat="45.692670" lon="5.762060">
        <ele>257.43</ele>
      </trkpt>
      <trkpt lat="45.692660" lon="5.762210">
        <ele>257.97</ele>
      </trkpt>
      <trkpt lat="45.692670" lon="5.762320">
        <ele>258.52</ele>
      </trkpt>
      <trkpt lat="45.692690" lon="5.762430">
        <ele>259.22</ele>
      </trkpt>
      <trkpt lat="45.692760" lon="5.762730">
        <ele>259.69</ele>
      </trkpt>
      <trkpt lat="45.692840" lon="5.763100">
        <ele>260.41</ele>
      </trkpt>
      <trkpt lat="45.692900" lon="5.763620">
        <ele>261.53</ele>
      </trkpt>
      <trkpt lat="45.692920" lon="5.764010">
        <ele>262.42</ele>
      </trkpt>
      <trkpt lat="45.692920" lon="5.764480">
        <ele>263.8</ele>
      </trkpt>
      <trkpt lat="45.692900" lon="5.764690">
        <ele>265.48</ele>
      </trkpt>
      <trkpt lat="45.692880" lon="5.765240">
        <ele>266.69</ele>
      </trkpt>
      <trkpt lat="45.692900" lon="5.765550">
        <ele>267.8</ele>
      </trkpt>
      <trkpt lat="45.692910" lon="5.765580">
        <ele>269.13</ele>
      </trkpt>
      <trkpt lat="45.692930" lon="5.765720">
        <ele>269.77</ele>
      </trkpt>
      <trkpt lat="45.693000" lon="5.766040">
        <ele>270.2</ele>
      </trkpt>
      <trkpt lat="45.693040" lon="5.766240">
        <ele>270.91</ele>
      </trkpt>
      <trkpt lat="45.693070" lon="5.766370">
        <ele>271.25</ele>
      </trkpt>
      <trkpt lat="45.693080" lon="5.766530">
        <ele>271.56</ele>
      </trkpt>
      <trkpt lat="45.693070" lon="5.766690">
        <ele>272.14</ele>
      </trkpt>
      <trkpt lat="45.693030" lon="5.766860">
        <ele>272.7</ele>
      </trkpt>
      <trkpt lat="45.692960" lon="5.767030">
        <ele>273.13</ele>
      </trkpt>
      <trkpt lat="45.692900" lon="5.767120">
        <ele>274.21</ele>
      </trkpt>
      <trkpt lat="45.692810" lon="5.767270">
        <ele>275.25</ele>
      </trkpt>
      <trkpt lat="45.692680" lon="5.767450">
        <ele>276.46</ele>
      </trkpt>
      <trkpt lat="45.692590" lon="5.767590">
        <ele>277.33</ele>
      </trkpt>
      <trkpt lat="45.692500" lon="5.767770">
        <ele>278.05</ele>
      </trkpt>
      <trkpt lat="45.692460" lon="5.767880">
        <ele>278.46</ele>
      </trkpt>
      <trkpt lat="45.692450" lon="5.768030">
        <ele>278.62</ele>
      </trkpt>
      <trkpt lat="45.692470" lon="5.768160">
        <ele>278.98</ele>
      </trkpt>
      <trkpt lat="45.692510" lon="5.768340">
        <ele>279.69</ele>
      </trkpt>
      <trkpt lat="45.692670" lon="5.768830">
        <ele>281.53</ele>
      </trkpt>
      <trkpt lat="45.692830" lon="5.769320">
        <ele>283.61</ele>
      </trkpt>
      <trkpt lat="45.692960" lon="5.769700">
        <ele>286.31</ele>
      </trkpt>
      <trkpt lat="45.693090" lon="5.770080">
        <ele>289.06</ele>
      </trkpt>
      <trkpt lat="45.693290" lon="5.770610">
        <ele>292.28</ele>
      </trkpt>
      <trkpt lat="45.693490" lon="5.771140">
        <ele>295.11</ele>
      </trkpt>
      <trkpt lat="45.693610" lon="5.771450">
        <ele>298.09</ele>
      </trkpt>
      <trkpt lat="45.693720" lon="5.771760">
        <ele>300.14</ele>
      </trkpt>
      <trkpt lat="45.693790" lon="5.771890">
        <ele>302.82</ele>
      </trkpt>
      <trkpt lat="45.693870" lon="5.772010">
        <ele>304.21</ele>
      </trkpt>
      <trkpt lat="45.694070" lon="5.772250">
        <ele>304.25</ele>
      </trkpt>
      <trkpt lat="45.694270" lon="5.772480">
        <ele>303.94</ele>
      </trkpt>
      <trkpt lat="45.694340" lon="5.772570">
        <ele>304.96</ele>
      </trkpt>
      <trkpt lat="45.694380" lon="5.772700">
        <ele>304.51</ele>
      </trkpt>
      <trkpt lat="45.694400" lon="5.772880">
        <ele>305.42</ele>
      </trkpt>
      <trkpt lat="45.694420" lon="5.773080">
        <ele>307.99</ele>
      </trkpt>
      <trkpt lat="45.694430" lon="5.773410">
        <ele>309.89</ele>
      </trkpt>
      <trkpt lat="45.694420" lon="5.773750">
        <ele>312.45</ele>
      </trkpt>
      <trkpt lat="45.694400" lon="5.773980">
        <ele>315.58</ele>
      </trkpt>
      <trkpt lat="45.694350" lon="5.774240">
        <ele>319.58</ele>
      </trkpt>
      <trkpt lat="45.694200" lon="5.774820">
        <ele>321.4</ele>
      </trkpt>
      <trkpt lat="45.694110" lon="5.775230">
        <ele>324.88</ele>
      </trkpt>
      <trkpt lat="45.694020" lon="5.775650">
        <ele>327.44</ele>
      </trkpt>
      <trkpt lat="45.693960" lon="5.776030">
        <ele>329.67</ele>
      </trkpt>
      <trkpt lat="45.693920" lon="5.776390">
        <ele>330.89</ele>
      </trkpt>
      <trkpt lat="45.693870" lon="5.776990">
        <ele>333.72</ele>
      </trkpt>
      <trkpt lat="45.693830" lon="5.777400">
        <ele>335.91</ele>
      </trkpt>
      <trkpt lat="45.693790" lon="5.777820">
        <ele>338.01</ele>
      </trkpt>
      <trkpt lat="45.693760" lon="5.778220">
        <ele>340.63</ele>
      </trkpt>
      <trkpt lat="45.693720" lon="5.778620">
        <ele>342.15</ele>
      </trkpt>
      <trkpt lat="45.693680" lon="5.779100">
        <ele>343.21</ele>
      </trkpt>
      <trkpt lat="45.693640" lon="5.779590">
        <ele>344.78</ele>
      </trkpt>
      <trkpt lat="45.693620" lon="5.779910">
        <ele>346.15</ele>
      </trkpt>
      <trkpt lat="45.693570" lon="5.780450">
        <ele>347.15</ele>
      </trkpt>
      <trkpt lat="45.693520" lon="5.780990">
        <ele>349.02</ele>
      </trkpt>
      <trkpt lat="45.693500" lon="5.781270">
        <ele>350.98</ele>
      </trkpt>
      <trkpt lat="45.693480" lon="5.781440">
        <ele>351.43</ele>
      </trkpt>
      <trkpt lat="45.693460" lon="5.781810">
        <ele>351.95</ele>
      </trkpt>
      <trkpt lat="45.693440" lon="5.782050">
        <ele>351.96</ele>
      </trkpt>
      <trkpt lat="45.693420" lon="5.782170">
        <ele>351.46</ele>
      </trkpt>
      <trkpt lat="45.693370" lon="5.782360">
        <ele>350.7</ele>
      </trkpt>
      <trkpt lat="45.693290" lon="5.782530">
        <ele>350.5</ele>
      </trkpt>
      <trkpt lat="45.693210" lon="5.782660">
        <ele>350.26</ele>
      </trkpt>
      <trkpt lat="45.693060" lon="5.782820">
        <ele>350.94</ele>
      </trkpt>
      <trkpt lat="45.692720" lon="5.783170">
        <ele>352.18</ele>
      </trkpt>
      <trkpt lat="45.692380" lon="5.783530">
        <ele>353.64</ele>
      </trkpt>
      <trkpt lat="45.692030" lon="5.783880">
        <ele>355.55</ele>
      </trkpt>
      <trkpt lat="45.691700" lon="5.784220">
        <ele>357.11</ele>
      </trkpt>
      <trkpt lat="45.691360" lon="5.784560">
        <ele>358.32</ele>
      </trkpt>
      <trkpt lat="45.691190" lon="5.784720">
        <ele>359.48</ele>
      </trkpt>
      <trkpt lat="45.691000" lon="5.784930">
        <ele>361.28</ele>
      </trkpt>
      <trkpt lat="45.690810" lon="5.785130">
        <ele>362.9</ele>
      </trkpt>
      <trkpt lat="45.690640" lon="5.785400">
        <ele>364.82</ele>
      </trkpt>
      <trkpt lat="45.690470" lon="5.785730">
        <ele>365.98</ele>
      </trkpt>
      <trkpt lat="45.690310" lon="5.786040">
        <ele>368.15</ele>
      </trkpt>
      <trkpt lat="45.690140" lon="5.786350">
        <ele>369.59</ele>
      </trkpt>
      <trkpt lat="45.690010" lon="5.786550">
        <ele>369.69</ele>
      </trkpt>
      <trkpt lat="45.689990" lon="5.786590">
        <ele>370.24</ele>
      </trkpt>
      <trkpt lat="45.689930" lon="5.786680">
        <ele>370.83</ele>
      </trkpt>
      <trkpt lat="45.689690" lon="5.786990">
        <ele>369.8</ele>
      </trkpt>
      <trkpt lat="45.689440" lon="5.787300">
        <ele>368.49</ele>
      </trkpt>
      <trkpt lat="45.689400" lon="5.787350">
        <ele>367.98</ele>
      </trkpt>
      <trkpt lat="45.689340" lon="5.787410">
        <ele>366.18</ele>
      </trkpt>
      <trkpt lat="45.689250" lon="5.787510">
        <ele>365.13</ele>
      </trkpt>
      <trkpt lat="45.689060" lon="5.787600">
        <ele>363.8</ele>
      </trkpt>
      <trkpt lat="45.688950" lon="5.787620">
        <ele>362.86</ele>
      </trkpt>
      <trkpt lat="45.688770" lon="5.787610">
        <ele>362.09</ele>
      </trkpt>
      <trkpt lat="45.688460" lon="5.787570">
        <ele>361.78</ele>
      </trkpt>
      <trkpt lat="45.688380" lon="5.787570">
        <ele>361.19</ele>
      </trkpt>
      <trkpt lat="45.688100" lon="5.787520">
        <ele>361.5</ele>
      </trkpt>
      <trkpt lat="45.687960" lon="5.787500">
        <ele>361.57</ele>
      </trkpt>
      <trkpt lat="45.687840" lon="5.787510">
        <ele>362.67</ele>
      </trkpt>
      <trkpt lat="45.687720" lon="5.787560">
        <ele>363.64</ele>
      </trkpt>
      <trkpt lat="45.687600" lon="5.787640">
        <ele>364.77</ele>
      </trkpt>
      <trkpt lat="45.687500" lon="5.787730">
        <ele>365.36</ele>
      </trkpt>
      <trkpt lat="45.687400" lon="5.787810">
        <ele>366.04</ele>
      </trkpt>
      <trkpt lat="45.687230" lon="5.787920">
        <ele>365.74</ele>
      </trkpt>
      <trkpt lat="45.687190" lon="5.787940">
        <ele>366.21</ele>
      </trkpt>
      <trkpt lat="45.687130" lon="5.787970">
        <ele>366.61</ele>
      </trkpt>
      <trkpt lat="45.687030" lon="5.787940">
        <ele>366.84</ele>
      </trkpt>
      <trkpt lat="45.686970" lon="5.787930">
        <ele>366.65</ele>
      </trkpt>
      <trkpt lat="45.686830" lon="5.787990">
        <ele>366.41</ele>
      </trkpt>
      <trkpt lat="45.686660" lon="5.788080">
        <ele>365.29</ele>
      </trkpt>
      <trkpt lat="45.686500" lon="5.788170">
        <ele>363.88</ele>
      </trkpt>
      <trkpt lat="45.686380" lon="5.788240">
        <ele>363.66</ele>
      </trkpt>
      <trkpt lat="45.686080" lon="5.788430">
        <ele>363.75</ele>
      </trkpt>
      <trkpt lat="45.685920" lon="5.788530">
        <ele>364.95</ele>
      </trkpt>
      <trkpt lat="45.685730" lon="5.788630">
        <ele>366.3</ele>
      </trkpt>
      <trkpt lat="45.685600" lon="5.788700">
        <ele>367.97</ele>
      </trkpt>
      <trkpt lat="45.685510" lon="5.788710">
        <ele>370.54</ele>
      </trkpt>
      <trkpt lat="45.685430" lon="5.788720">
        <ele>374.01</ele>
      </trkpt>
      <trkpt lat="45.685170" lon="5.788650">
        <ele>376.51</ele>
      </trkpt>
      <trkpt lat="45.685060" lon="5.788580">
        <ele>379.39</ele>
      </trkpt>
      <trkpt lat="45.684960" lon="5.788500">
        <ele>382.54</ele>
      </trkpt>
      <trkpt lat="45.684850" lon="5.788390">
        <ele>383.9</ele>
      </trkpt>
      <trkpt lat="45.684650" lon="5.788170">
        <ele>384.62</ele>
      </trkpt>
      <trkpt lat="45.684550" lon="5.787980">
        <ele>384.74</ele>
      </trkpt>
      <trkpt lat="45.684390" lon="5.787680">
        <ele>383.92</ele>
      </trkpt>
      <trkpt lat="45.684310" lon="5.787490">
        <ele>382.06</ele>
      </trkpt>
      <trkpt lat="45.684180" lon="5.787160">
        <ele>380.3</ele>
      </trkpt>
      <trkpt lat="45.684120" lon="5.787010">
        <ele>379.17</ele>
      </trkpt>
      <trkpt lat="45.684030" lon="5.786850">
        <ele>378.18</ele>
      </trkpt>
      <trkpt lat="45.683890" lon="5.786630">
        <ele>378.23</ele>
      </trkpt>
      <trkpt lat="45.683780" lon="5.786500">
        <ele>379.01</ele>
      </trkpt>
      <trkpt lat="45.683640" lon="5.786310">
        <ele>379.55</ele>
      </trkpt>
      <trkpt lat="45.683430" lon="5.786080">
        <ele>379.11</ele>
      </trkpt>
      <trkpt lat="45.683340" lon="5.785970">
        <ele>381.42</ele>
      </trkpt>
      <trkpt lat="45.683220" lon="5.785860">
        <ele>383.87</ele>
      </trkpt>
      <trkpt lat="45.682810" lon="5.785600">
        <ele>386.67</ele>
      </trkpt>
      <trkpt lat="45.682630" lon="5.785530">
        <ele>389.71</ele>
      </trkpt>
      <trkpt lat="45.682500" lon="5.785520">
        <ele>393.02</ele>
      </trkpt>
      <trkpt lat="45.682430" lon="5.785550">
        <ele>394.03</ele>
      </trkpt>
      <trkpt lat="45.682400" lon="5.785590">
        <ele>394.15</ele>
      </trkpt>
      <trkpt lat="45.682380" lon="5.785620">
        <ele>393.96</ele>
      </trkpt>
      <trkpt lat="45.682320" lon="5.785830">
        <ele>394.12</ele>
      </trkpt>
      <trkpt lat="45.682300" lon="5.785960">
        <ele>394.42</ele>
      </trkpt>
      <trkpt lat="45.682250" lon="5.786540">
        <ele>394.84</ele>
      </trkpt>
      <trkpt lat="45.682230" lon="5.786720">
        <ele>395.22</ele>
      </trkpt>
      <trkpt lat="45.682140" lon="5.787190">
        <ele>396.04</ele>
      </trkpt>
      <trkpt lat="45.682080" lon="5.787490">
        <ele>396.48</ele>
      </trkpt>
      <trkpt lat="45.682030" lon="5.787760">
        <ele>396.17</ele>
      </trkpt>
      <trkpt lat="45.682000" lon="5.787860">
        <ele>395.72</ele>
      </trkpt>
      <trkpt lat="45.681940" lon="5.787940">
        <ele>395.93</ele>
      </trkpt>
      <trkpt lat="45.681850" lon="5.788020">
        <ele>395.72</ele>
      </trkpt>
      <trkpt lat="45.681640" lon="5.788210">
        <ele>395.24</ele>
      </trkpt>
      <trkpt lat="45.681480" lon="5.788410">
        <ele>396.34</ele>
      </trkpt>
      <trkpt lat="45.681260" lon="5.788790">
        <ele>398.22</ele>
      </trkpt>
      <trkpt lat="45.681040" lon="5.789160">
        <ele>399.94</ele>
      </trkpt>
      <trkpt lat="45.680950" lon="5.789360">
        <ele>401.84</ele>
      </trkpt>
      <trkpt lat="45.680820" lon="5.789690">
        <ele>403.65</ele>
      </trkpt>
      <trkpt lat="45.680720" lon="5.790000">
        <ele>404.34</ele>
      </trkpt>
      <trkpt lat="45.680670" lon="5.790100">
        <ele>404.22</ele>
      </trkpt>
      <trkpt lat="45.680600" lon="5.790190">
        <ele>403.9</ele>
      </trkpt>
      <trkpt lat="45.680550" lon="5.790260">
        <ele>403.47</ele>
      </trkpt>
      <trkpt lat="45.680580" lon="5.790310">
        <ele>403.28</ele>
      </trkpt>
      <trkpt lat="45.680610" lon="5.790350">
        <ele>402.45</ele>
      </trkpt>
      <trkpt lat="45.680650" lon="5.790410">
        <ele>402.08</ele>
      </trkpt>
      <trkpt lat="45.680700" lon="5.790500">
        <ele>401.15</ele>
      </trkpt>
      <trkpt lat="45.680890" lon="5.790790">
        <ele>399.81</ele>
      </trkpt>
      <trkpt lat="45.681130" lon="5.791170">
        <ele>398.4</ele>
      </trkpt>
      <trkpt lat="45.681310" lon="5.791440">
        <ele>397.72</ele>
      </trkpt>
      <trkpt lat="45.681490" lon="5.791720">
        <ele>396.4</ele>
      </trkpt>
      <trkpt lat="45.681690" lon="5.792040">
        <ele>395.4</ele>
      </trkpt>
      <trkpt lat="45.681790" lon="5.792190">
        <ele>394.67</ele>
      </trkpt>
      <trkpt lat="45.682030" lon="5.792560">
        <ele>394.05</ele>
      </trkpt>
      <trkpt lat="45.682190" lon="5.792830">
        <ele>393.76</ele>
      </trkpt>
      <trkpt lat="45.682260" lon="5.792950">
        <ele>393.99</ele>
      </trkpt>
      <trkpt lat="45.682420" lon="5.793200">
        <ele>395.57</ele>
      </trkpt>
      <trkpt lat="45.682720" lon="5.793630">
        <ele>395.46</ele>
      </trkpt>
      <trkpt lat="45.683010" lon="5.794050">
        <ele>396.9</ele>
      </trkpt>
      <trkpt lat="45.683200" lon="5.794290">
        <ele>395.82</ele>
      </trkpt>
      <trkpt lat="45.683380" lon="5.794540">
        <ele>393.83</ele>
      </trkpt>
      <trkpt lat="45.683640" lon="5.794910">
        <ele>390.37</ele>
      </trkpt>
      <trkpt lat="45.683910" lon="5.795280">
        <ele>388.6</ele>
      </trkpt>
      <trkpt lat="45.684170" lon="5.795660">
        <ele>386.2</ele>
      </trkpt>
      <trkpt lat="45.684210" lon="5.795710">
        <ele>386.23</ele>
      </trkpt>
      <trkpt lat="45.684440" lon="5.796030">
        <ele>386.82</ele>
      </trkpt>
      <trkpt lat="45.684710" lon="5.796400">
        <ele>387.49</ele>
      </trkpt>
      <trkpt lat="45.684890" lon="5.796670">
        <ele>387.58</ele>
      </trkpt>
      <trkpt lat="45.685080" lon="5.796930">
        <ele>386.15</ele>
      </trkpt>
      <trkpt lat="45.685340" lon="5.797290">
        <ele>384.29</ele>
      </trkpt>
      <trkpt lat="45.685600" lon="5.797660">
        <ele>382.46</ele>
      </trkpt>
      <trkpt lat="45.685840" lon="5.798000">
        <ele>380.43</ele>
      </trkpt>
      <trkpt lat="45.686080" lon="5.798340">
        <ele>379.1</ele>
      </trkpt>
      <trkpt lat="45.686320" lon="5.798690">
        <ele>378.35</ele>
      </trkpt>
      <trkpt lat="45.686540" lon="5.799030">
        <ele>377.91</ele>
      </trkpt>
      <trkpt lat="45.686620" lon="5.799190">
        <ele>377.93</ele>
      </trkpt>
      <trkpt lat="45.686750" lon="5.799470">
        <ele>378.74</ele>
      </trkpt>
      <trkpt lat="45.686970" lon="5.799920">
        <ele>379.54</ele>
      </trkpt>
      <trkpt lat="45.687190" lon="5.800360">
        <ele>379.82</ele>
      </trkpt>
      <trkpt lat="45.687350" lon="5.800710">
        <ele>378.63</ele>
      </trkpt>
      <trkpt lat="45.687470" lon="5.800950">
        <ele>377.09</ele>
      </trkpt>
      <trkpt lat="45.687650" lon="5.801320">
        <ele>375.46</ele>
      </trkpt>
      <trkpt lat="45.687850" lon="5.801750">
        <ele>373.21</ele>
      </trkpt>
      <trkpt lat="45.688050" lon="5.802180">
        <ele>371.63</ele>
      </trkpt>
      <trkpt lat="45.688260" lon="5.802610">
        <ele>371.79</ele>
      </trkpt>
      <trkpt lat="45.688310" lon="5.802700">
        <ele>370.72</ele>
      </trkpt>
      <trkpt lat="45.688370" lon="5.802840">
        <ele>369.66</ele>
      </trkpt>
      <trkpt lat="45.688510" lon="5.803110">
        <ele>368.8</ele>
      </trkpt>
      <trkpt lat="45.688570" lon="5.803280">
        <ele>367.92</ele>
      </trkpt>
      <trkpt lat="45.688610" lon="5.803430">
        <ele>366.9</ele>
      </trkpt>
      <trkpt lat="45.688630" lon="5.803580">
        <ele>366.38</ele>
      </trkpt>
      <trkpt lat="45.688630" lon="5.803750">
        <ele>365.81</ele>
      </trkpt>
      <trkpt lat="45.688630" lon="5.803910">
        <ele>365.85</ele>
      </trkpt>
      <trkpt lat="45.688620" lon="5.804050">
        <ele>365.94</ele>
      </trkpt>
      <trkpt lat="45.688590" lon="5.804190">
        <ele>364.23</ele>
      </trkpt>
      <trkpt lat="45.688450" lon="5.804640">
        <ele>363.32</ele>
      </trkpt>
      <trkpt lat="45.688310" lon="5.805100">
        <ele>361.53</ele>
      </trkpt>
      <trkpt lat="45.688180" lon="5.805550">
        <ele>359.64</ele>
      </trkpt>
      <trkpt lat="45.688010" lon="5.806130">
        <ele>356.18</ele>
      </trkpt>
      <trkpt lat="45.687880" lon="5.806520">
        <ele>355.08</ele>
      </trkpt>
      <trkpt lat="45.687680" lon="5.806740">
        <ele>353.51</ele>
      </trkpt>
      <trkpt lat="45.687490" lon="5.806960">
        <ele>352.57</ele>
      </trkpt>
      <trkpt lat="45.687210" lon="5.807250">
        <ele>351.93</ele>
      </trkpt>
      <trkpt lat="45.687150" lon="5.807310">
        <ele>351.94</ele>
      </trkpt>
      <trkpt lat="45.687000" lon="5.807480">
        <ele>352.62</ele>
      </trkpt>
      <trkpt lat="45.686830" lon="5.807700">
        <ele>353.83</ele>
      </trkpt>
      <trkpt lat="45.686750" lon="5.807820">
        <ele>354.11</ele>
      </trkpt>
      <trkpt lat="45.686680" lon="5.807950">
        <ele>354.61</ele>
      </trkpt>
      <trkpt lat="45.686630" lon="5.808090">
        <ele>353.37</ele>
      </trkpt>
      <trkpt lat="45.686600" lon="5.808270">
        <ele>351.85</ele>
      </trkpt>
      <trkpt lat="45.686600" lon="5.808420">
        <ele>348.72</ele>
      </trkpt>
      <trkpt lat="45.686600" lon="5.808720">
        <ele>347.12</ele>
      </trkpt>
      <trkpt lat="45.686610" lon="5.808930">
        <ele>345.18</ele>
      </trkpt>
      <trkpt lat="45.686620" lon="5.809090">
        <ele>344.83</ele>
      </trkpt>
      <trkpt lat="45.686640" lon="5.809170">
        <ele>342.73</ele>
      </trkpt>
      <trkpt lat="45.686680" lon="5.809340">
        <ele>342.46</ele>
      </trkpt>
      <trkpt lat="45.686810" lon="5.809780">
        <ele>341.52</ele>
      </trkpt>
      <trkpt lat="45.686940" lon="5.810070">
        <ele>339.74</ele>
      </trkpt>
      <trkpt lat="45.687070" lon="5.810350">
        <ele>338.56</ele>
      </trkpt>
      <trkpt lat="45.687220" lon="5.810620">
        <ele>337.21</ele>
      </trkpt>
      <trkpt lat="45.687370" lon="5.810890">
        <ele>334.93</ele>
      </trkpt>
      <trkpt lat="45.687620" lon="5.811350">
        <ele>332.47</ele>
      </trkpt>
      <trkpt lat="45.687870" lon="5.811810">
        <ele>330.4</ele>
      </trkpt>
      <trkpt lat="45.687970" lon="5.812000">
        <ele>328.11</ele>
      </trkpt>
      <trkpt lat="45.688120" lon="5.812270">
        <ele>326.74</ele>
      </trkpt>
      <trkpt lat="45.688370" lon="5.812730">
        <ele>325.27</ele>
      </trkpt>
      <trkpt lat="45.688430" lon="5.812860">
        <ele>323.81</ele>
      </trkpt>
      <trkpt lat="45.688640" lon="5.813250">
        <ele>322.33</ele>
      </trkpt>
      <trkpt lat="45.688850" lon="5.813650">
        <ele>321.38</ele>
      </trkpt>
      <trkpt lat="45.689050" lon="5.813960">
        <ele>320.12</ele>
      </trkpt>
      <trkpt lat="45.689230" lon="5.814220">
        <ele>319.54</ele>
      </trkpt>
      <trkpt lat="45.689400" lon="5.814410">
        <ele>319.16</ele>
      </trkpt>
      <trkpt lat="45.689480" lon="5.814490">
        <ele>318.96</ele>
      </trkpt>
      <trkpt lat="45.689650" lon="5.814670">
        <ele>318.7</ele>
      </trkpt>
      <trkpt lat="45.689910" lon="5.814950">
        <ele>318.74</ele>
      </trkpt>
      <trkpt lat="45.689950" lon="5.815010">
        <ele>318.68</ele>
      </trkpt>
      <trkpt lat="45.690080" lon="5.815180">
        <ele>318.91</ele>
      </trkpt>
      <trkpt lat="45.690120" lon="5.815220">
        <ele>319.15</ele>
      </trkpt>
      <trkpt lat="45.690220" lon="5.815330">
        <ele>319.39</ele>
      </trkpt>
      <trkpt lat="45.690240" lon="5.815310">
        <ele>319.49</ele>
      </trkpt>
      <trkpt lat="45.690250" lon="5.815290">
        <ele>319.62</ele>
      </trkpt>
      <trkpt lat="45.690270" lon="5.815280">
        <ele>319.51</ele>
      </trkpt>
      <trkpt lat="45.690290" lon="5.815280">
        <ele>319.4</ele>
      </trkpt>
      <trkpt lat="45.690300" lon="5.815270">
        <ele>319.27</ele>
      </trkpt>
      <trkpt lat="45.690320" lon="5.815280">
        <ele>319.16</ele>
      </trkpt>
      <trkpt lat="45.690340" lon="5.815290">
        <ele>319.05</ele>
      </trkpt>
      <trkpt lat="45.690360" lon="5.815300">
        <ele>318.95</ele>
      </trkpt>
      <trkpt lat="45.690370" lon="5.815320">
        <ele>318.87</ele>
      </trkpt>
      <trkpt lat="45.690380" lon="5.815340">
        <ele>318.81</ele>
      </trkpt>
      <trkpt lat="45.690400" lon="5.815380">
        <ele>318.8</ele>
      </trkpt>
      <trkpt lat="45.690400" lon="5.815430">
        <ele>318.82</ele>
      </trkpt>
      <trkpt lat="45.690390" lon="5.815470">
        <ele>319.2</ele>
      </trkpt>
      <trkpt lat="45.690380" lon="5.815500">
        <ele>319.61</ele>
      </trkpt>
      <trkpt lat="45.690360" lon="5.815530">
        <ele>320.04</ele>
      </trkpt>
      <trkpt lat="45.690340" lon="5.815550">
        <ele>320.44</ele>
      </trkpt>
      <trkpt lat="45.690290" lon="5.815560">
        <ele>320.77</ele>
      </trkpt>
      <trkpt lat="45.690290" lon="5.815650">
        <ele>321.01</ele>
      </trkpt>
      <trkpt lat="45.690300" lon="5.815780">
        <ele>321.47</ele>
      </trkpt>
      <trkpt lat="45.690320" lon="5.816020">
        <ele>321.85</ele>
      </trkpt>
      <trkpt lat="45.690360" lon="5.816360">
        <ele>322.44</ele>
      </trkpt>
      <trkpt lat="45.690390" lon="5.816530">
        <ele>323.41</ele>
      </trkpt>
      <trkpt lat="45.690430" lon="5.816720">
        <ele>323.99</ele>
      </trkpt>
      <trkpt lat="45.690470" lon="5.816950">
        <ele>324.43</ele>
      </trkpt>
      <trkpt lat="45.690510" lon="5.817170">
        <ele>325.21</ele>
      </trkpt>
      <trkpt lat="45.690570" lon="5.817600">
        <ele>326.09</ele>
      </trkpt>
      <trkpt lat="45.690590" lon="5.817770">
        <ele>326.47</ele>
      </trkpt>
      <trkpt lat="45.690630" lon="5.818060">
        <ele>327.35</ele>
      </trkpt>
      <trkpt lat="45.690630" lon="5.818290">
        <ele>328.25</ele>
      </trkpt>
      <trkpt lat="45.690630" lon="5.818460">
        <ele>329.09</ele>
      </trkpt>
      <trkpt lat="45.690610" lon="5.818770">
        <ele>329.86</ele>
      </trkpt>
      <trkpt lat="45.690580" lon="5.819060">
        <ele>330.92</ele>
      </trkpt>
      <trkpt lat="45.690560" lon="5.819160">
        <ele>330.8</ele>
      </trkpt>
      <trkpt lat="45.690550" lon="5.819220">
        <ele>331.65</ele>
      </trkpt>
      <trkpt lat="45.690520" lon="5.819340">
        <ele>332.39</ele>
      </trkpt>
      <trkpt lat="45.690430" lon="5.819640">
        <ele>332.88</ele>
      </trkpt>
      <trkpt lat="45.690300" lon="5.819920">
        <ele>333.22</ele>
      </trkpt>
      <trkpt lat="45.690240" lon="5.820020">
        <ele>334.91</ele>
      </trkpt>
      <trkpt lat="45.690190" lon="5.820120">
        <ele>335.93</ele>
      </trkpt>
      <trkpt lat="45.690120" lon="5.820240">
        <ele>336.55</ele>
      </trkpt>
      <trkpt lat="45.690070" lon="5.820350">
        <ele>337</ele>
      </trkpt>
      <trkpt lat="45.690060" lon="5.820280">
        <ele>338.18</ele>
      </trkpt>
      <trkpt lat="45.690060" lon="5.820220">
        <ele>338.51</ele>
      </trkpt>
      <trkpt lat="45.690070" lon="5.820020">
        <ele>338.06</ele>
      </trkpt>
      <trkpt lat="45.690090" lon="5.819940">
        <ele>337.62</ele>
      </trkpt>
      <trkpt lat="45.690130" lon="5.819840">
        <ele>336.9</ele>
      </trkpt>
      <trkpt lat="45.690080" lon="5.819690">
        <ele>335.54</ele>
      </trkpt>
      <trkpt lat="45.690080" lon="5.819690">
        <ele>335.54</ele>
      </trkpt>
      <trkpt lat="45.690010" lon="5.819630">
        <ele>337.02</ele>
      </trkpt>
      <trkpt lat="45.689860" lon="5.819600">
        <ele>337.85</ele>
      </trkpt>
      <trkpt lat="45.689750" lon="5.819550">
        <ele>338.54</ele>
      </trkpt>
      <trkpt lat="45.689630" lon="5.819530">
        <ele>339.66</ele>
      </trkpt>
      <trkpt lat="45.689500" lon="5.819520">
        <ele>340.47</ele>
      </trkpt>
      <trkpt lat="45.689050" lon="5.819530">
        <ele>340.65</ele>
      </trkpt>
      <trkpt lat="45.688960" lon="5.819550">
        <ele>340.3</ele>
      </trkpt>
      <trkpt lat="45.688930" lon="5.819560">
        <ele>341.24</ele>
      </trkpt>
      <trkpt lat="45.688830" lon="5.819610">
        <ele>341.94</ele>
      </trkpt>
      <trkpt lat="45.688620" lon="5.819770">
        <ele>344.81</ele>
      </trkpt>
      <trkpt lat="45.688290" lon="5.820100">
        <ele>347.42</ele>
      </trkpt>
      <trkpt lat="45.687960" lon="5.820420">
        <ele>350.2</ele>
      </trkpt>
      <trkpt lat="45.687630" lon="5.820740">
        <ele>352.71</ele>
      </trkpt>
      <trkpt lat="45.687540" lon="5.820810">
        <ele>354.72</ele>
      </trkpt>
      <trkpt lat="45.687450" lon="5.820840">
        <ele>355.85</ele>
      </trkpt>
      <trkpt lat="45.687340" lon="5.820840">
        <ele>357.33</ele>
      </trkpt>
      <trkpt lat="45.687090" lon="5.820770">
        <ele>358.84</ele>
      </trkpt>
      <trkpt lat="45.687020" lon="5.820750">
        <ele>360.8</ele>
      </trkpt>
      <trkpt lat="45.686900" lon="5.820750">
        <ele>363.06</ele>
      </trkpt>
      <trkpt lat="45.686730" lon="5.820770">
        <ele>364.77</ele>
      </trkpt>
      <trkpt lat="45.686660" lon="5.820790">
        <ele>366.69</ele>
      </trkpt>
      <trkpt lat="45.686630" lon="5.820790">
        <ele>368.79</ele>
      </trkpt>
      <trkpt lat="45.686540" lon="5.820800">
        <ele>370.38</ele>
      </trkpt>
      <trkpt lat="45.686440" lon="5.820780">
        <ele>372.25</ele>
      </trkpt>
      <trkpt lat="45.686330" lon="5.820720">
        <ele>374.53</ele>
      </trkpt>
      <trkpt lat="45.686230" lon="5.820620">
        <ele>376.04</ele>
      </trkpt>
      <trkpt lat="45.686150" lon="5.820500">
        <ele>376.2</ele>
      </trkpt>
      <trkpt lat="45.686090" lon="5.820350">
        <ele>378.25</ele>
      </trkpt>
      <trkpt lat="45.686010" lon="5.820160">
        <ele>378.62</ele>
      </trkpt>
      <trkpt lat="45.685970" lon="5.819990">
        <ele>379.49</ele>
      </trkpt>
      <trkpt lat="45.685930" lon="5.819830">
        <ele>380.99</ele>
      </trkpt>
      <trkpt lat="45.685880" lon="5.819640">
        <ele>381.41</ele>
      </trkpt>
      <trkpt lat="45.685840" lon="5.819660">
        <ele>380.66</ele>
      </trkpt>
      <trkpt lat="45.685800" lon="5.819710">
        <ele>381.75</ele>
      </trkpt>
      <trkpt lat="45.685790" lon="5.819850">
        <ele>383.45</ele>
      </trkpt>
      <trkpt lat="45.685800" lon="5.820120">
        <ele>385.27</ele>
      </trkpt>
      <trkpt lat="45.685850" lon="5.820600">
        <ele>390.72</ele>
      </trkpt>
      <trkpt lat="45.685860" lon="5.820960">
        <ele>395.18</ele>
      </trkpt>
      <trkpt lat="45.685860" lon="5.821310">
        <ele>399.76</ele>
      </trkpt>
      <trkpt lat="45.685870" lon="5.821610">
        <ele>402.45</ele>
      </trkpt>
      <trkpt lat="45.685940" lon="5.822060">
        <ele>405.15</ele>
      </trkpt>
      <trkpt lat="45.686010" lon="5.822290">
        <ele>406.05</ele>
      </trkpt>
      <trkpt lat="45.686100" lon="5.822480">
        <ele>407.4</ele>
      </trkpt>
      <trkpt lat="45.686160" lon="5.822630">
        <ele>408.33</ele>
      </trkpt>
      <trkpt lat="45.686220" lon="5.822810">
        <ele>409.13</ele>
      </trkpt>
      <trkpt lat="45.686260" lon="5.823030">
        <ele>410.63</ele>
      </trkpt>
      <trkpt lat="45.686290" lon="5.823280">
        <ele>413.2</ele>
      </trkpt>
      <trkpt lat="45.686330" lon="5.823520">
        <ele>416.37</ele>
      </trkpt>
      <trkpt lat="45.686400" lon="5.823850">
        <ele>419.62</ele>
      </trkpt>
      <trkpt lat="45.686440" lon="5.824140">
        <ele>423.14</ele>
      </trkpt>
      <trkpt lat="45.686510" lon="5.824470">
        <ele>424.61</ele>
      </trkpt>
      <trkpt lat="45.686560" lon="5.824660">
        <ele>425.69</ele>
      </trkpt>
      <trkpt lat="45.686620" lon="5.824830">
        <ele>426.71</ele>
      </trkpt>
      <trkpt lat="45.686670" lon="5.824940">
        <ele>426.45</ele>
      </trkpt>
      <trkpt lat="45.686740" lon="5.825130">
        <ele>425.96</ele>
      </trkpt>
      <trkpt lat="45.686900" lon="5.825420">
        <ele>427.16</ele>
      </trkpt>
      <trkpt lat="45.686970" lon="5.825540">
        <ele>428.5</ele>
      </trkpt>
      <trkpt lat="45.687010" lon="5.825670">
        <ele>428.54</ele>
      </trkpt>
      <trkpt lat="45.687070" lon="5.825910">
        <ele>429.42</ele>
      </trkpt>
      <trkpt lat="45.687120" lon="5.826180">
        <ele>430.76</ele>
      </trkpt>
      <trkpt lat="45.687170" lon="5.826500">
        <ele>431.72</ele>
      </trkpt>
      <trkpt lat="45.687210" lon="5.826830">
        <ele>432.48</ele>
      </trkpt>
      <trkpt lat="45.687250" lon="5.827270">
        <ele>433.96</ele>
      </trkpt>
      <trkpt lat="45.687250" lon="5.827420">
        <ele>435.62</ele>
      </trkpt>
      <trkpt lat="45.687220" lon="5.827550">
        <ele>437.9</ele>
      </trkpt>
      <trkpt lat="45.687180" lon="5.827630">
        <ele>440.41</ele>
      </trkpt>
      <trkpt lat="45.687070" lon="5.827830">
        <ele>439.54</ele>
      </trkpt>
      <trkpt lat="45.686990" lon="5.828010">
        <ele>438.86</ele>
      </trkpt>
      <trkpt lat="45.686910" lon="5.828110">
        <ele>440.9</ele>
      </trkpt>
      <trkpt lat="45.686840" lon="5.828230">
        <ele>441.51</ele>
      </trkpt>
      <trkpt lat="45.686760" lon="5.828420">
        <ele>442.8</ele>
      </trkpt>
      <trkpt lat="45.686700" lon="5.828640">
        <ele>446.73</ele>
      </trkpt>
      <trkpt lat="45.686690" lon="5.828860">
        <ele>451.1</ele>
      </trkpt>
      <trkpt lat="45.686710" lon="5.829070">
        <ele>451.91</ele>
      </trkpt>
      <trkpt lat="45.686740" lon="5.829270">
        <ele>453.76</ele>
      </trkpt>
      <trkpt lat="45.686790" lon="5.829420">
        <ele>454.36</ele>
      </trkpt>
      <trkpt lat="45.686810" lon="5.829500">
        <ele>455.45</ele>
      </trkpt>
      <trkpt lat="45.686890" lon="5.829690">
        <ele>455.33</ele>
      </trkpt>
      <trkpt lat="45.686990" lon="5.829890">
        <ele>455.76</ele>
      </trkpt>
      <trkpt lat="45.687110" lon="5.830100">
        <ele>456.29</ele>
      </trkpt>
      <trkpt lat="45.687200" lon="5.830290">
        <ele>457.24</ele>
      </trkpt>
      <trkpt lat="45.687260" lon="5.830460">
        <ele>458.7</ele>
      </trkpt>
      <trkpt lat="45.687310" lon="5.830670">
        <ele>460.43</ele>
      </trkpt>
      <trkpt lat="45.687330" lon="5.830860">
        <ele>463.49</ele>
      </trkpt>
      <trkpt lat="45.687350" lon="5.831060">
        <ele>465.89</ele>
      </trkpt>
      <trkpt lat="45.687390" lon="5.831250">
        <ele>469.1</ele>
      </trkpt>
      <trkpt lat="45.687450" lon="5.831420">
        <ele>471.72</ele>
      </trkpt>
      <trkpt lat="45.687630" lon="5.831780">
        <ele>473.95</ele>
      </trkpt>
      <trkpt lat="45.687810" lon="5.832150">
        <ele>475.64</ele>
      </trkpt>
      <trkpt lat="45.687980" lon="5.832510">
        <ele>478.33</ele>
      </trkpt>
      <trkpt lat="45.688080" lon="5.832740">
        <ele>479.53</ele>
      </trkpt>
      <trkpt lat="45.688260" lon="5.833130">
        <ele>480.99</ele>
      </trkpt>
      <trkpt lat="45.688490" lon="5.833430">
        <ele>482.59</ele>
      </trkpt>
      <trkpt lat="45.688610" lon="5.833570">
        <ele>484.61</ele>
      </trkpt>
      <trkpt lat="45.688680" lon="5.833690">
        <ele>486.49</ele>
      </trkpt>
      <trkpt lat="45.688790" lon="5.834030">
        <ele>488.93</ele>
      </trkpt>
      <trkpt lat="45.688870" lon="5.834210">
        <ele>492.66</ele>
      </trkpt>
      <trkpt lat="45.688970" lon="5.834370">
        <ele>493.67</ele>
      </trkpt>
      <trkpt lat="45.689080" lon="5.834530">
        <ele>495.76</ele>
      </trkpt>
      <trkpt lat="45.689280" lon="5.834740">
        <ele>497.54</ele>
      </trkpt>
      <trkpt lat="45.689490" lon="5.834960">
        <ele>500.81</ele>
      </trkpt>
      <trkpt lat="45.689770" lon="5.835220">
        <ele>500.54</ele>
      </trkpt>
      <trkpt lat="45.689910" lon="5.835340">
        <ele>501.74</ele>
      </trkpt>
      <trkpt lat="45.690000" lon="5.835400">
        <ele>503.33</ele>
      </trkpt>
      <trkpt lat="45.690070" lon="5.835440">
        <ele>503.47</ele>
      </trkpt>
      <trkpt lat="45.690160" lon="5.835490">
        <ele>498.87</ele>
      </trkpt>
      <trkpt lat="45.690210" lon="5.835530">
        <ele>500.45</ele>
      </trkpt>
      <trkpt lat="45.690360" lon="5.835580">
        <ele>502.29</ele>
      </trkpt>
      <trkpt lat="45.690500" lon="5.835660">
        <ele>501.95</ele>
      </trkpt>
      <trkpt lat="45.690630" lon="5.835760">
        <ele>501.46</ele>
      </trkpt>
      <trkpt lat="45.690780" lon="5.835820">
        <ele>504.05</ele>
      </trkpt>
      <trkpt lat="45.690920" lon="5.835850">
        <ele>501.46</ele>
      </trkpt>
      <trkpt lat="45.691120" lon="5.835870">
        <ele>500.67</ele>
      </trkpt>
      <trkpt lat="45.691240" lon="5.835890">
        <ele>498.95</ele>
      </trkpt>
      <trkpt lat="45.691390" lon="5.835920">
        <ele>497.96</ele>
      </trkpt>
      <trkpt lat="45.691680" lon="5.835950">
        <ele>498.45</ele>
      </trkpt>
      <trkpt lat="45.691960" lon="5.835980">
        <ele>502.23</ele>
      </trkpt>
      <trkpt lat="45.692100" lon="5.836000">
        <ele>503.34</ele>
      </trkpt>
      <trkpt lat="45.692230" lon="5.836070">
        <ele>507.11</ele>
      </trkpt>
      <trkpt lat="45.692350" lon="5.836150">
        <ele>509.39</ele>
      </trkpt>
      <trkpt lat="45.692470" lon="5.836210">
        <ele>511.81</ele>
      </trkpt>
      <trkpt lat="45.692590" lon="5.836240">
        <ele>509.98</ele>
      </trkpt>
      <trkpt lat="45.692710" lon="5.836280">
        <ele>512.88</ele>
      </trkpt>
      <trkpt lat="45.692830" lon="5.836360">
        <ele>513.31</ele>
      </trkpt>
      <trkpt lat="45.692940" lon="5.836490">
        <ele>517.04</ele>
      </trkpt>
      <trkpt lat="45.693040" lon="5.836660">
        <ele>521.3</ele>
      </trkpt>
      <trkpt lat="45.693140" lon="5.836930">
        <ele>527.74</ele>
      </trkpt>
      <trkpt lat="45.693250" lon="5.837200">
        <ele>533.29</ele>
      </trkpt>
      <trkpt lat="45.693430" lon="5.837500">
        <ele>537.08</ele>
      </trkpt>
      <trkpt lat="45.693600" lon="5.837700">
        <ele>541</ele>
      </trkpt>
      <trkpt lat="45.693720" lon="5.837810">
        <ele>539.58</ele>
      </trkpt>
      <trkpt lat="45.693860" lon="5.837890">
        <ele>539.43</ele>
      </trkpt>
      <trkpt lat="45.694010" lon="5.837970">
        <ele>539.22</ele>
      </trkpt>
      <trkpt lat="45.694160" lon="5.837970">
        <ele>538.47</ele>
      </trkpt>
      <trkpt lat="45.694320" lon="5.837960">
        <ele>538.67</ele>
      </trkpt>
      <trkpt lat="45.694460" lon="5.837970">
        <ele>539.59</ele>
      </trkpt>
      <trkpt lat="45.694610" lon="5.837990">
        <ele>541.91</ele>
      </trkpt>
      <trkpt lat="45.694760" lon="5.838000">
        <ele>540.66</ele>
      </trkpt>
      <trkpt lat="45.694880" lon="5.837980">
        <ele>540.51</ele>
      </trkpt>
      <trkpt lat="45.694980" lon="5.837930">
        <ele>541.73</ele>
      </trkpt>
      <trkpt lat="45.695070" lon="5.837860">
        <ele>543.91</ele>
      </trkpt>
      <trkpt lat="45.695160" lon="5.837830">
        <ele>540.03</ele>
      </trkpt>
      <trkpt lat="45.695250" lon="5.837840">
        <ele>540.06</ele>
      </trkpt>
      <trkpt lat="45.695410" lon="5.837910">
        <ele>543.56</ele>
      </trkpt>
      <trkpt lat="45.695570" lon="5.837980">
        <ele>543.81</ele>
      </trkpt>
      <trkpt lat="45.695730" lon="5.838080">
        <ele>546.01</ele>
      </trkpt>
      <trkpt lat="45.695870" lon="5.838220">
        <ele>551.02</ele>
      </trkpt>
      <trkpt lat="45.695990" lon="5.838400">
        <ele>554.25</ele>
      </trkpt>
      <trkpt lat="45.696080" lon="5.838560">
        <ele>556.31</ele>
      </trkpt>
      <trkpt lat="45.696150" lon="5.838720">
        <ele>558.29</ele>
      </trkpt>
      <trkpt lat="45.696200" lon="5.838890">
        <ele>560.82</ele>
      </trkpt>
      <trkpt lat="45.696210" lon="5.839070">
        <ele>561.82</ele>
      </trkpt>
      <trkpt lat="45.696230" lon="5.839260">
        <ele>563.58</ele>
      </trkpt>
      <trkpt lat="45.696310" lon="5.839840">
        <ele>564.07</ele>
      </trkpt>
      <trkpt lat="45.696340" lon="5.840040">
        <ele>564.66</ele>
      </trkpt>
      <trkpt lat="45.696390" lon="5.840220">
        <ele>563.93</ele>
      </trkpt>
      <trkpt lat="45.696440" lon="5.840370">
        <ele>563.53</ele>
      </trkpt>
      <trkpt lat="45.696530" lon="5.840570">
        <ele>562.42</ele>
      </trkpt>
      <trkpt lat="45.696640" lon="5.840730">
        <ele>562.46</ele>
      </trkpt>
      <trkpt lat="45.696670" lon="5.840820">
        <ele>560.3</ele>
      </trkpt>
      <trkpt lat="45.696720" lon="5.840970">
        <ele>559.12</ele>
      </trkpt>
      <trkpt lat="45.696750" lon="5.841090">
        <ele>557.89</ele>
      </trkpt>
      <trkpt lat="45.696800" lon="5.841260">
        <ele>556.41</ele>
      </trkpt>
      <trkpt lat="45.696850" lon="5.841430">
        <ele>554.17</ele>
      </trkpt>
      <trkpt lat="45.696900" lon="5.841520">
        <ele>553.73</ele>
      </trkpt>
      <trkpt lat="45.696990" lon="5.841660">
        <ele>552.72</ele>
      </trkpt>
      <trkpt lat="45.697120" lon="5.841820">
        <ele>552.96</ele>
      </trkpt>
      <trkpt lat="45.697250" lon="5.842000">
        <ele>553.25</ele>
      </trkpt>
      <trkpt lat="45.697380" lon="5.842140">
        <ele>553.64</ele>
      </trkpt>
      <trkpt lat="45.697480" lon="5.842250">
        <ele>554.16</ele>
      </trkpt>
      <trkpt lat="45.697690" lon="5.842500">
        <ele>556.19</ele>
      </trkpt>
      <trkpt lat="45.697880" lon="5.842700">
        <ele>557.99</ele>
      </trkpt>
      <trkpt lat="45.697930" lon="5.842770">
        <ele>559.12</ele>
      </trkpt>
      <trkpt lat="45.697980" lon="5.842850">
        <ele>559.77</ele>
      </trkpt>
      <trkpt lat="45.698040" lon="5.842940">
        <ele>561.94</ele>
      </trkpt>
      <trkpt lat="45.698070" lon="5.843050">
        <ele>562.08</ele>
      </trkpt>
      <trkpt lat="45.698080" lon="5.843170">
        <ele>562.41</ele>
      </trkpt>
      <trkpt lat="45.698060" lon="5.843300">
        <ele>563.35</ele>
      </trkpt>
      <trkpt lat="45.697970" lon="5.843500">
        <ele>565.16</ele>
      </trkpt>
      <trkpt lat="45.697880" lon="5.843650">
        <ele>566.58</ele>
      </trkpt>
      <trkpt lat="45.697800" lon="5.843770">
        <ele>568.84</ele>
      </trkpt>
      <trkpt lat="45.697540" lon="5.844060">
        <ele>570.75</ele>
      </trkpt>
      <trkpt lat="45.697420" lon="5.844190">
        <ele>573.19</ele>
      </trkpt>
      <trkpt lat="45.697290" lon="5.844260">
        <ele>575.45</ele>
      </trkpt>
      <trkpt lat="45.697150" lon="5.844300">
        <ele>577.54</ele>
      </trkpt>
      <trkpt lat="45.696980" lon="5.844270">
        <ele>578.9</ele>
      </trkpt>
      <trkpt lat="45.696650" lon="5.844170">
        <ele>581.77</ele>
      </trkpt>
      <trkpt lat="45.696500" lon="5.844140">
        <ele>584.82</ele>
      </trkpt>
      <trkpt lat="45.696370" lon="5.844140">
        <ele>585.8</ele>
      </trkpt>
      <trkpt lat="45.696250" lon="5.844160">
        <ele>586.13</ele>
      </trkpt>
      <trkpt lat="45.696160" lon="5.844230">
        <ele>589.77</ele>
      </trkpt>
      <trkpt lat="45.696040" lon="5.844330">
        <ele>595.98</ele>
      </trkpt>
      <trkpt lat="45.695860" lon="5.844530">
        <ele>598.17</ele>
      </trkpt>
      <trkpt lat="45.695710" lon="5.844590">
        <ele>605.16</ele>
      </trkpt>
      <trkpt lat="45.695570" lon="5.844600">
        <ele>612.39</ele>
      </trkpt>
      <trkpt lat="45.695450" lon="5.844590">
        <ele>612.5</ele>
      </trkpt>
      <trkpt lat="45.695150" lon="5.844550">
        <ele>611.05</ele>
      </trkpt>
      <trkpt lat="45.694850" lon="5.844510">
        <ele>614.6</ele>
      </trkpt>
      <trkpt lat="45.694720" lon="5.844490">
        <ele>611.78</ele>
      </trkpt>
      <trkpt lat="45.694620" lon="5.844390">
        <ele>608.33</ele>
      </trkpt>
      <trkpt lat="45.694520" lon="5.844280">
        <ele>609.19</ele>
      </trkpt>
      <trkpt lat="45.694430" lon="5.844180">
        <ele>607.95</ele>
      </trkpt>
      <trkpt lat="45.694330" lon="5.844120">
        <ele>605.18</ele>
      </trkpt>
      <trkpt lat="45.694240" lon="5.844110">
        <ele>606.09</ele>
      </trkpt>
      <trkpt lat="45.694180" lon="5.844110">
        <ele>607.22</ele>
      </trkpt>
      <trkpt lat="45.693920" lon="5.844110">
        <ele>608.43</ele>
      </trkpt>
      <trkpt lat="45.693830" lon="5.844080">
        <ele>610.7</ele>
      </trkpt>
      <trkpt lat="45.693770" lon="5.843980">
        <ele>610.86</ele>
      </trkpt>
      <trkpt lat="45.693740" lon="5.843850">
        <ele>612.16</ele>
      </trkpt>
      <trkpt lat="45.693640" lon="5.843550">
        <ele>612.63</ele>
      </trkpt>
      <trkpt lat="45.693590" lon="5.843390">
        <ele>612.4</ele>
      </trkpt>
      <trkpt lat="45.693560" lon="5.843300">
        <ele>612.22</ele>
      </trkpt>
      <trkpt lat="45.693520" lon="5.843220">
        <ele>614.32</ele>
      </trkpt>
      <trkpt lat="45.693470" lon="5.843120">
        <ele>614.95</ele>
      </trkpt>
      <trkpt lat="45.693400" lon="5.843010">
        <ele>615.58</ele>
      </trkpt>
      <trkpt lat="45.693350" lon="5.842890">
        <ele>616.85</ele>
      </trkpt>
      <trkpt lat="45.693270" lon="5.842730">
        <ele>617.06</ele>
      </trkpt>
      <trkpt lat="45.693230" lon="5.842660">
        <ele>619.03</ele>
      </trkpt>
      <trkpt lat="45.693200" lon="5.842640">
        <ele>621.16</ele>
      </trkpt>
      <trkpt lat="45.693170" lon="5.842640">
        <ele>623.96</ele>
      </trkpt>
      <trkpt lat="45.693140" lon="5.842650">
        <ele>624.58</ele>
      </trkpt>
      <trkpt lat="45.693140" lon="5.842690">
        <ele>625.46</ele>
      </trkpt>
      <trkpt lat="45.693150" lon="5.842740">
        <ele>624</ele>
      </trkpt>
      <trkpt lat="45.693170" lon="5.842790">
        <ele>622.85</ele>
      </trkpt>
      <trkpt lat="45.693200" lon="5.842890">
        <ele>621.01</ele>
      </trkpt>
      <trkpt lat="45.693260" lon="5.843020">
        <ele>621.76</ele>
      </trkpt>
      <trkpt lat="45.693320" lon="5.843210">
        <ele>622.92</ele>
      </trkpt>
      <trkpt lat="45.693360" lon="5.843350">
        <ele>623.21</ele>
      </trkpt>
      <trkpt lat="45.693370" lon="5.843470">
        <ele>623.84</ele>
      </trkpt>
      <trkpt lat="45.693380" lon="5.843550">
        <ele>625.42</ele>
      </trkpt>
      <trkpt lat="45.693390" lon="5.843660">
        <ele>627.43</ele>
      </trkpt>
      <trkpt lat="45.693380" lon="5.843740">
        <ele>629.52</ele>
      </trkpt>
      <trkpt lat="45.693370" lon="5.843890">
        <ele>631.67</ele>
      </trkpt>
      <trkpt lat="45.693350" lon="5.844220">
        <ele>634.43</ele>
      </trkpt>
      <trkpt lat="45.693330" lon="5.844480">
        <ele>637.45</ele>
      </trkpt>
      <trkpt lat="45.693340" lon="5.844610">
        <ele>639.88</ele>
      </trkpt>
      <trkpt lat="45.693360" lon="5.844700">
        <ele>638.4</ele>
      </trkpt>
      <trkpt lat="45.693400" lon="5.844770">
        <ele>638.18</ele>
      </trkpt>
      <trkpt lat="45.693460" lon="5.844820">
        <ele>636.35</ele>
      </trkpt>
      <trkpt lat="45.693520" lon="5.844860">
        <ele>633.45</ele>
      </trkpt>
      <trkpt lat="45.693610" lon="5.844900">
        <ele>630.59</ele>
      </trkpt>
      <trkpt lat="45.693700" lon="5.844940">
        <ele>630.86</ele>
      </trkpt>
      <trkpt lat="45.693750" lon="5.844980">
        <ele>630.75</ele>
      </trkpt>
      <trkpt lat="45.693780" lon="5.845040">
        <ele>630.91</ele>
      </trkpt>
      <trkpt lat="45.693800" lon="5.845100">
        <ele>631.36</ele>
      </trkpt>
      <trkpt lat="45.693800" lon="5.845170">
        <ele>632.16</ele>
      </trkpt>
      <trkpt lat="45.693800" lon="5.845180">
        <ele>633.09</ele>
      </trkpt>
      <trkpt lat="45.693800" lon="5.845220">
        <ele>634.17</ele>
      </trkpt>
      <trkpt lat="45.693790" lon="5.845280">
        <ele>635.34</ele>
      </trkpt>
      <trkpt lat="45.693750" lon="5.845370">
        <ele>639.97</ele>
      </trkpt>
      <trkpt lat="45.693660" lon="5.845550">
        <ele>642.34</ele>
      </trkpt>
      <trkpt lat="45.693470" lon="5.845880">
        <ele>645.37</ele>
      </trkpt>
      <trkpt lat="45.693300" lon="5.846190">
        <ele>649.83</ele>
      </trkpt>
      <trkpt lat="45.693150" lon="5.846460">
        <ele>653.95</ele>
      </trkpt>
      <trkpt lat="45.693030" lon="5.846690">
        <ele>654.83</ele>
      </trkpt>
      <trkpt lat="45.692940" lon="5.846860">
        <ele>657.5</ele>
      </trkpt>
      <trkpt lat="45.692880" lon="5.846990">
        <ele>657.45</ele>
      </trkpt>
      <trkpt lat="45.692830" lon="5.847130">
        <ele>655.97</ele>
      </trkpt>
      <trkpt lat="45.692770" lon="5.847350">
        <ele>654.32</ele>
      </trkpt>
      <trkpt lat="45.692710" lon="5.847590">
        <ele>652.38</ele>
      </trkpt>
      <trkpt lat="45.692650" lon="5.847720">
        <ele>649.64</ele>
      </trkpt>
      <trkpt lat="45.692570" lon="5.847900">
        <ele>648.39</ele>
      </trkpt>
      <trkpt lat="45.692500" lon="5.848040">
        <ele>646.89</ele>
      </trkpt>
      <trkpt lat="45.692400" lon="5.848200">
        <ele>643.32</ele>
      </trkpt>
      <trkpt lat="45.692280" lon="5.848430">
        <ele>642.95</ele>
      </trkpt>
      <trkpt lat="45.692120" lon="5.848750">
        <ele>639.2</ele>
      </trkpt>
      <trkpt lat="45.692050" lon="5.848920">
        <ele>635.98</ele>
      </trkpt>
      <trkpt lat="45.691990" lon="5.849080">
        <ele>632.98</ele>
      </trkpt>
      <trkpt lat="45.691970" lon="5.849180">
        <ele>632.75</ele>
      </trkpt>
      <trkpt lat="45.691970" lon="5.849240">
        <ele>627.11</ele>
      </trkpt>
      <trkpt lat="45.691970" lon="5.849320">
        <ele>625.08</ele>
      </trkpt>
      <trkpt lat="45.692000" lon="5.849410">
        <ele>622.87</ele>
      </trkpt>
      <trkpt lat="45.692030" lon="5.849480">
        <ele>620.39</ele>
      </trkpt>
      <trkpt lat="45.692040" lon="5.849580">
        <ele>617.42</ele>
      </trkpt>
      <trkpt lat="45.692040" lon="5.849680">
        <ele>617.73</ele>
      </trkpt>
      <trkpt lat="45.692020" lon="5.849780">
        <ele>617.62</ele>
      </trkpt>
      <trkpt lat="45.691990" lon="5.849870">
        <ele>617.2</ele>
      </trkpt>
      <trkpt lat="45.691930" lon="5.850020">
        <ele>618.98</ele>
      </trkpt>
      <trkpt lat="45.691900" lon="5.850110">
        <ele>619.38</ele>
      </trkpt>
      <trkpt lat="45.691870" lon="5.850260">
        <ele>620.98</ele>
      </trkpt>
      <trkpt lat="45.691860" lon="5.850470">
        <ele>622.33</ele>
      </trkpt>
      <trkpt lat="45.691860" lon="5.850650">
        <ele>623.4</ele>
      </trkpt>
      <trkpt lat="45.691840" lon="5.850790">
        <ele>621.42</ele>
      </trkpt>
      <trkpt lat="45.691810" lon="5.850950">
        <ele>619.73</ele>
      </trkpt>
      <trkpt lat="45.691730" lon="5.851170">
        <ele>616.01</ele>
      </trkpt>
      <trkpt lat="45.691600" lon="5.851460">
        <ele>612.82</ele>
      </trkpt>
      <trkpt lat="45.691520" lon="5.851620">
        <ele>609.23</ele>
      </trkpt>
      <trkpt lat="45.691400" lon="5.851760">
        <ele>606.45</ele>
      </trkpt>
      <trkpt lat="45.691210" lon="5.852040">
        <ele>604.88</ele>
      </trkpt>
      <trkpt lat="45.691180" lon="5.852170">
        <ele>602.7</ele>
      </trkpt>
      <trkpt lat="45.691180" lon="5.852270">
        <ele>599.57</ele>
      </trkpt>
      <trkpt lat="45.691230" lon="5.852390">
        <ele>598.75</ele>
      </trkpt>
      <trkpt lat="45.691360" lon="5.852550">
        <ele>596.11</ele>
      </trkpt>
      <trkpt lat="45.691470" lon="5.852680">
        <ele>593.73</ele>
      </trkpt>
      <trkpt lat="45.691640" lon="5.852880">
        <ele>592.06</ele>
      </trkpt>
      <trkpt lat="45.691680" lon="5.852860">
        <ele>591.62</ele>
      </trkpt>
      <trkpt lat="45.691760" lon="5.852870">
        <ele>590.81</ele>
      </trkpt>
      <trkpt lat="45.691840" lon="5.852910">
        <ele>592.04</ele>
      </trkpt>
      <trkpt lat="45.692070" lon="5.853070">
        <ele>594.19</ele>
      </trkpt>
      <trkpt lat="45.692310" lon="5.853250">
        <ele>597.33</ele>
      </trkpt>
      <trkpt lat="45.692540" lon="5.853350">
        <ele>601.94</ele>
      </trkpt>
      <trkpt lat="45.692770" lon="5.853410">
        <ele>605.94</ele>
      </trkpt>
      <trkpt lat="45.693170" lon="5.853490">
        <ele>611.07</ele>
      </trkpt>
      <trkpt lat="45.693560" lon="5.853560">
        <ele>615.71</ele>
      </trkpt>
      <trkpt lat="45.693680" lon="5.853550">
        <ele>617.86</ele>
      </trkpt>
      <trkpt lat="45.694020" lon="5.853420">
        <ele>618.54</ele>
      </trkpt>
      <trkpt lat="45.694120" lon="5.853380">
        <ele>619.16</ele>
      </trkpt>
      <trkpt lat="45.694350" lon="5.853350">
        <ele>618.69</ele>
      </trkpt>
      <trkpt lat="45.694520" lon="5.853350">
        <ele>617.52</ele>
      </trkpt>
      <trkpt lat="45.694560" lon="5.853370">
        <ele>617.59</ele>
      </trkpt>
      <trkpt lat="45.694600" lon="5.853410">
        <ele>617.68</ele>
      </trkpt>
      <trkpt lat="45.694660" lon="5.853500">
        <ele>617.72</ele>
      </trkpt>
      <trkpt lat="45.694830" lon="5.853790">
        <ele>618.01</ele>
      </trkpt>
      <trkpt lat="45.694870" lon="5.853880">
        <ele>618.74</ele>
      </trkpt>
      <trkpt lat="45.695020" lon="5.854140">
        <ele>620.54</ele>
      </trkpt>
      <trkpt lat="45.695160" lon="5.854400">
        <ele>622.07</ele>
      </trkpt>
      <trkpt lat="45.695200" lon="5.854470">
        <ele>623.4</ele>
      </trkpt>
      <trkpt lat="45.695270" lon="5.854550">
        <ele>624.18</ele>
      </trkpt>
      <trkpt lat="45.695320" lon="5.854580">
        <ele>625.1</ele>
      </trkpt>
      <trkpt lat="45.695400" lon="5.854600">
        <ele>624.78</ele>
      </trkpt>
      <trkpt lat="45.695540" lon="5.854640">
        <ele>624.31</ele>
      </trkpt>
      <trkpt lat="45.695800" lon="5.854700">
        <ele>623.62</ele>
      </trkpt>
      <trkpt lat="45.696110" lon="5.854750">
        <ele>623.18</ele>
      </trkpt>
      <trkpt lat="45.696530" lon="5.854810">
        <ele>622.5</ele>
      </trkpt>
      <trkpt lat="45.696750" lon="5.854880">
        <ele>620.9</ele>
      </trkpt>
      <trkpt lat="45.696980" lon="5.854940">
        <ele>621.17</ele>
      </trkpt>
      <trkpt lat="45.697120" lon="5.854900">
        <ele>620.51</ele>
      </trkpt>
      <trkpt lat="45.697310" lon="5.854900">
        <ele>619.48</ele>
      </trkpt>
      <trkpt lat="45.697460" lon="5.854940">
        <ele>619.68</ele>
      </trkpt>
      <trkpt lat="45.697670" lon="5.855010">
        <ele>619.31</ele>
      </trkpt>
      <trkpt lat="45.697840" lon="5.855110">
        <ele>617.51</ele>
      </trkpt>
      <trkpt lat="45.698090" lon="5.855270">
        <ele>617</ele>
      </trkpt>
      <trkpt lat="45.698260" lon="5.855360">
        <ele>616.97</ele>
      </trkpt>
      <trkpt lat="45.698390" lon="5.855390">
        <ele>614.48</ele>
      </trkpt>
      <trkpt lat="45.698540" lon="5.855390">
        <ele>613.51</ele>
      </trkpt>
      <trkpt lat="45.698760" lon="5.855370">
        <ele>611.43</ele>
      </trkpt>
      <trkpt lat="45.699110" lon="5.855370">
        <ele>608.77</ele>
      </trkpt>
      <trkpt lat="45.699390" lon="5.855320">
        <ele>606.67</ele>
      </trkpt>
      <trkpt lat="45.699610" lon="5.855340">
        <ele>607.85</ele>
      </trkpt>
      <trkpt lat="45.699870" lon="5.855370">
        <ele>608.3</ele>
      </trkpt>
      <trkpt lat="45.700060" lon="5.855380">
        <ele>609.73</ele>
      </trkpt>
      <trkpt lat="45.700180" lon="5.855390">
        <ele>611.68</ele>
      </trkpt>
      <trkpt lat="45.700490" lon="5.855400">
        <ele>613.16</ele>
      </trkpt>
      <trkpt lat="45.700840" lon="5.855420">
        <ele>612.47</ele>
      </trkpt>
      <trkpt lat="45.701190" lon="5.855430">
        <ele>612.96</ele>
      </trkpt>
      <trkpt lat="45.701530" lon="5.855450">
        <ele>613.43</ele>
      </trkpt>
      <trkpt lat="45.701970" lon="5.855460">
        <ele>613.87</ele>
      </trkpt>
      <trkpt lat="45.702080" lon="5.855420">
        <ele>618.42</ele>
      </trkpt>
      <trkpt lat="45.702160" lon="5.855370">
        <ele>618.67</ele>
      </trkpt>
      <trkpt lat="45.702300" lon="5.855180">
        <ele>620.02</ele>
      </trkpt>
      <trkpt lat="45.702410" lon="5.855070">
        <ele>619.18</ele>
      </trkpt>
      <trkpt lat="45.702510" lon="5.855010">
        <ele>618.6</ele>
      </trkpt>
      <trkpt lat="45.702660" lon="5.854980">
        <ele>614.25</ele>
      </trkpt>
      <trkpt lat="45.702960" lon="5.854970">
        <ele>613.61</ele>
      </trkpt>
      <trkpt lat="45.703390" lon="5.854950">
        <ele>611.36</ele>
      </trkpt>
      <trkpt lat="45.703670" lon="5.854960">
        <ele>610.47</ele>
      </trkpt>
      <trkpt lat="45.703950" lon="5.854990">
        <ele>610.27</ele>
      </trkpt>
      <trkpt lat="45.704030" lon="5.854990">
        <ele>609.41</ele>
      </trkpt>
      <trkpt lat="45.704210" lon="5.855010">
        <ele>608.05</ele>
      </trkpt>
      <trkpt lat="45.704450" lon="5.855010">
        <ele>607.36</ele>
      </trkpt>
      <trkpt lat="45.704610" lon="5.854990">
        <ele>605.12</ele>
      </trkpt>
      <trkpt lat="45.704740" lon="5.854960">
        <ele>603.13</ele>
      </trkpt>
      <trkpt lat="45.704910" lon="5.854890">
        <ele>603.3</ele>
      </trkpt>
      <trkpt lat="45.705150" lon="5.854780">
        <ele>602.31</ele>
      </trkpt>
      <trkpt lat="45.705400" lon="5.854690">
        <ele>600.41</ele>
      </trkpt>
      <trkpt lat="45.705520" lon="5.854650">
        <ele>600.08</ele>
      </trkpt>
      <trkpt lat="45.705860" lon="5.854540">
        <ele>601.19</ele>
      </trkpt>
      <trkpt lat="45.706100" lon="5.854450">
        <ele>599.7</ele>
      </trkpt>
      <trkpt lat="45.706340" lon="5.854370">
        <ele>599.81</ele>
      </trkpt>
      <trkpt lat="45.706630" lon="5.854280">
        <ele>598.35</ele>
      </trkpt>
      <trkpt lat="45.706910" lon="5.854190">
        <ele>600.81</ele>
      </trkpt>
      <trkpt lat="45.707110" lon="5.854160">
        <ele>598.65</ele>
      </trkpt>
      <trkpt lat="45.707300" lon="5.854190">
        <ele>598.85</ele>
      </trkpt>
      <trkpt lat="45.707460" lon="5.854280">
        <ele>596.29</ele>
      </trkpt>
      <trkpt lat="45.707580" lon="5.854390">
        <ele>596.77</ele>
      </trkpt>
      <trkpt lat="45.707630" lon="5.854440">
        <ele>594.21</ele>
      </trkpt>
      <trkpt lat="45.707720" lon="5.854600">
        <ele>593.28</ele>
      </trkpt>
      <trkpt lat="45.707730" lon="5.854610">
        <ele>591.14</ele>
      </trkpt>
      <trkpt lat="45.707810" lon="5.854780">
        <ele>592.44</ele>
      </trkpt>
      <trkpt lat="45.707900" lon="5.854930">
        <ele>592.82</ele>
      </trkpt>
      <trkpt lat="45.707950" lon="5.854980">
        <ele>592.91</ele>
      </trkpt>
      <trkpt lat="45.708090" lon="5.855000">
        <ele>592.45</ele>
      </trkpt>
      <trkpt lat="45.708300" lon="5.854930">
        <ele>592.53</ele>
      </trkpt>
      <trkpt lat="45.708530" lon="5.854860">
        <ele>593.16</ele>
      </trkpt>
      <trkpt lat="45.708770" lon="5.854780">
        <ele>592.95</ele>
      </trkpt>
      <trkpt lat="45.708890" lon="5.854720">
        <ele>592.26</ele>
      </trkpt>
      <trkpt lat="45.709220" lon="5.854620">
        <ele>589.49</ele>
      </trkpt>
      <trkpt lat="45.709560" lon="5.854520">
        <ele>588.43</ele>
      </trkpt>
      <trkpt lat="45.709900" lon="5.854410">
        <ele>587.23</ele>
      </trkpt>
      <trkpt lat="45.710240" lon="5.854310">
        <ele>584.31</ele>
      </trkpt>
      <trkpt lat="45.710610" lon="5.854230">
        <ele>581.24</ele>
      </trkpt>
      <trkpt lat="45.710990" lon="5.854150">
        <ele>584.32</ele>
      </trkpt>
      <trkpt lat="45.711330" lon="5.854060">
        <ele>584.43</ele>
      </trkpt>
      <trkpt lat="45.711680" lon="5.853970">
        <ele>581.78</ele>
      </trkpt>
      <trkpt lat="45.712030" lon="5.853880">
        <ele>579.55</ele>
      </trkpt>
      <trkpt lat="45.712260" lon="5.853790">
        <ele>583.06</ele>
      </trkpt>
      <trkpt lat="45.712490" lon="5.853710">
        <ele>577.76</ele>
      </trkpt>
      <trkpt lat="45.712850" lon="5.853560">
        <ele>577.01</ele>
      </trkpt>
      <trkpt lat="45.713230" lon="5.853440">
        <ele>576.04</ele>
      </trkpt>
      <trkpt lat="45.713450" lon="5.853340">
        <ele>579.56</ele>
      </trkpt>
      <trkpt lat="45.713680" lon="5.853250">
        <ele>577.28</ele>
      </trkpt>
      <trkpt lat="45.713980" lon="5.853130">
        <ele>578.17</ele>
      </trkpt>
      <trkpt lat="45.714280" lon="5.853030">
        <ele>575.09</ele>
      </trkpt>
      <trkpt lat="45.714410" lon="5.852930">
        <ele>576.07</ele>
      </trkpt>
      <trkpt lat="45.714530" lon="5.852780">
        <ele>572.71</ele>
      </trkpt>
      <trkpt lat="45.714690" lon="5.852590">
        <ele>575.92</ele>
      </trkpt>
      <trkpt lat="45.714870" lon="5.852420">
        <ele>579.07</ele>
      </trkpt>
      <trkpt lat="45.715040" lon="5.852310">
        <ele>583.05</ele>
      </trkpt>
      <trkpt lat="45.715220" lon="5.852210">
        <ele>583.87</ele>
      </trkpt>
      <trkpt lat="45.715390" lon="5.852130">
        <ele>584.77</ele>
      </trkpt>
      <trkpt lat="45.715590" lon="5.852060">
        <ele>581.19</ele>
      </trkpt>
      <trkpt lat="45.715740" lon="5.852030">
        <ele>578.17</ele>
      </trkpt>
      <trkpt lat="45.715890" lon="5.852000">
        <ele>575.18</ele>
      </trkpt>
      <trkpt lat="45.716020" lon="5.851970">
        <ele>574.86</ele>
      </trkpt>
      <trkpt lat="45.716170" lon="5.851920">
        <ele>578.19</ele>
      </trkpt>
      <trkpt lat="45.716280" lon="5.851890">
        <ele>577.7</ele>
      </trkpt>
      <trkpt lat="45.716430" lon="5.851840">
        <ele>581.18</ele>
      </trkpt>
      <trkpt lat="45.716580" lon="5.851780">
        <ele>580.24</ele>
      </trkpt>
      <trkpt lat="45.716800" lon="5.851670">
        <ele>578.2</ele>
      </trkpt>
      <trkpt lat="45.716990" lon="5.851560">
        <ele>574.49</ele>
      </trkpt>
      <trkpt lat="45.717130" lon="5.851450">
        <ele>572.25</ele>
      </trkpt>
      <trkpt lat="45.717240" lon="5.851390">
        <ele>568.42</ele>
      </trkpt>
      <trkpt lat="45.717370" lon="5.851330">
        <ele>566.99</ele>
      </trkpt>
      <trkpt lat="45.717530" lon="5.851290">
        <ele>564.17</ele>
      </trkpt>
      <trkpt lat="45.717770" lon="5.851240">
        <ele>559.79</ele>
      </trkpt>
      <trkpt lat="45.718070" lon="5.851230">
        <ele>556.29</ele>
      </trkpt>
      <trkpt lat="45.718320" lon="5.851190">
        <ele>556.59</ele>
      </trkpt>
      <trkpt lat="45.718510" lon="5.851110">
        <ele>557.37</ele>
      </trkpt>
      <trkpt lat="45.718750" lon="5.851010">
        <ele>556.46</ele>
      </trkpt>
      <trkpt lat="45.719000" lon="5.850870">
        <ele>558.51</ele>
      </trkpt>
      <trkpt lat="45.719040" lon="5.850840">
        <ele>558.79</ele>
      </trkpt>
      <trkpt lat="45.719240" lon="5.850730">
        <ele>558.33</ele>
      </trkpt>
      <trkpt lat="45.719370" lon="5.850670">
        <ele>555.51</ele>
      </trkpt>
      <trkpt lat="45.719520" lon="5.850600">
        <ele>557.02</ele>
      </trkpt>
      <trkpt lat="45.719660" lon="5.850560">
        <ele>555.23</ele>
      </trkpt>
      <trkpt lat="45.719810" lon="5.850530">
        <ele>554.06</ele>
      </trkpt>
      <trkpt lat="45.719960" lon="5.850490">
        <ele>550.47</ele>
      </trkpt>
      <trkpt lat="45.720140" lon="5.850380">
        <ele>550.75</ele>
      </trkpt>
      <trkpt lat="45.720310" lon="5.850260">
        <ele>551.8</ele>
      </trkpt>
      <trkpt lat="45.720500" lon="5.850160">
        <ele>552.37</ele>
      </trkpt>
      <trkpt lat="45.720660" lon="5.850090">
        <ele>553.06</ele>
      </trkpt>
      <trkpt lat="45.720850" lon="5.850050">
        <ele>554.13</ele>
      </trkpt>
      <trkpt lat="45.721020" lon="5.850010">
        <ele>552.8</ele>
      </trkpt>
      <trkpt lat="45.721190" lon="5.849960">
        <ele>551.39</ele>
      </trkpt>
      <trkpt lat="45.721410" lon="5.849890">
        <ele>550.7</ele>
      </trkpt>
      <trkpt lat="45.721730" lon="5.849760">
        <ele>548.9</ele>
      </trkpt>
      <trkpt lat="45.721930" lon="5.849660">
        <ele>546.36</ele>
      </trkpt>
      <trkpt lat="45.722130" lon="5.849570">
        <ele>542.68</ele>
      </trkpt>
      <trkpt lat="45.722280" lon="5.849500">
        <ele>543.44</ele>
      </trkpt>
      <trkpt lat="45.722440" lon="5.849420">
        <ele>541.55</ele>
      </trkpt>
      <trkpt lat="45.722590" lon="5.849370">
        <ele>544.26</ele>
      </trkpt>
      <trkpt lat="45.722740" lon="5.849310">
        <ele>542.75</ele>
      </trkpt>
      <trkpt lat="45.722870" lon="5.849240">
        <ele>545.5</ele>
      </trkpt>
      <trkpt lat="45.723050" lon="5.849150">
        <ele>537.69</ele>
      </trkpt>
      <trkpt lat="45.723180" lon="5.849070">
        <ele>540.69</ele>
      </trkpt>
      <trkpt lat="45.723320" lon="5.848980">
        <ele>538.12</ele>
      </trkpt>
      <trkpt lat="45.723470" lon="5.848880">
        <ele>537.34</ele>
      </trkpt>
      <trkpt lat="45.723620" lon="5.848780">
        <ele>535.68</ele>
      </trkpt>
      <trkpt lat="45.723780" lon="5.848680">
        <ele>539.78</ele>
      </trkpt>
      <trkpt lat="45.723960" lon="5.848580">
        <ele>538.62</ele>
      </trkpt>
      <trkpt lat="45.724140" lon="5.848480">
        <ele>538.36</ele>
      </trkpt>
      <trkpt lat="45.724270" lon="5.848390">
        <ele>541.09</ele>
      </trkpt>
      <trkpt lat="45.724410" lon="5.848300">
        <ele>543.73</ele>
      </trkpt>
      <trkpt lat="45.724550" lon="5.848210">
        <ele>545.47</ele>
      </trkpt>
      <trkpt lat="45.724710" lon="5.848100">
        <ele>544.15</ele>
      </trkpt>
      <trkpt lat="45.724860" lon="5.848020">
        <ele>543.92</ele>
      </trkpt>
      <trkpt lat="45.725110" lon="5.847900">
        <ele>545.19</ele>
      </trkpt>
      <trkpt lat="45.725380" lon="5.847770">
        <ele>543.71</ele>
      </trkpt>
      <trkpt lat="45.725610" lon="5.847630">
        <ele>538.86</ele>
      </trkpt>
      <trkpt lat="45.725910" lon="5.847470">
        <ele>537.41</ele>
      </trkpt>
      <trkpt lat="45.726210" lon="5.847320">
        <ele>535.59</ele>
      </trkpt>
      <trkpt lat="45.726450" lon="5.847180">
        <ele>529.66</ele>
      </trkpt>
      <trkpt lat="45.726670" lon="5.847030">
        <ele>531.06</ele>
      </trkpt>
      <trkpt lat="45.726850" lon="5.846930">
        <ele>530.47</ele>
      </trkpt>
      <trkpt lat="45.727020" lon="5.846860">
        <ele>529.82</ele>
      </trkpt>
      <trkpt lat="45.727150" lon="5.846810">
        <ele>532.66</ele>
      </trkpt>
      <trkpt lat="45.727240" lon="5.846770">
        <ele>532.2</ele>
      </trkpt>
      <trkpt lat="45.727330" lon="5.846730">
        <ele>528.76</ele>
      </trkpt>
      <trkpt lat="45.727380" lon="5.846710">
        <ele>527.02</ele>
      </trkpt>
      <trkpt lat="45.727560" lon="5.846610">
        <ele>528.46</ele>
      </trkpt>
      <trkpt lat="45.727650" lon="5.846540">
        <ele>528.79</ele>
      </trkpt>
      <trkpt lat="45.727770" lon="5.846450">
        <ele>531.93</ele>
      </trkpt>
      <trkpt lat="45.727870" lon="5.846360">
        <ele>533.01</ele>
      </trkpt>
      <trkpt lat="45.727990" lon="5.846250">
        <ele>535.6</ele>
      </trkpt>
      <trkpt lat="45.728090" lon="5.846180">
        <ele>536.44</ele>
      </trkpt>
      <trkpt lat="45.728220" lon="5.846110">
        <ele>537.57</ele>
      </trkpt>
      <trkpt lat="45.728340" lon="5.846020">
        <ele>537.61</ele>
      </trkpt>
      <trkpt lat="45.728430" lon="5.845960">
        <ele>538.17</ele>
      </trkpt>
      <trkpt lat="45.728550" lon="5.845910">
        <ele>537.22</ele>
      </trkpt>
      <trkpt lat="45.728660" lon="5.845860">
        <ele>534.37</ele>
      </trkpt>
      <trkpt lat="45.728780" lon="5.845840">
        <ele>529.38</ele>
      </trkpt>
      <trkpt lat="45.728900" lon="5.845810">
        <ele>527.83</ele>
      </trkpt>
      <trkpt lat="45.729060" lon="5.845750">
        <ele>526.12</ele>
      </trkpt>
      <trkpt lat="45.729110" lon="5.845720">
        <ele>526.26</ele>
      </trkpt>
      <trkpt lat="45.729230" lon="5.845680">
        <ele>529.04</ele>
      </trkpt>
      <trkpt lat="45.729370" lon="5.845650">
        <ele>532.72</ele>
      </trkpt>
      <trkpt lat="45.729500" lon="5.845620">
        <ele>536.84</ele>
      </trkpt>
      <trkpt lat="45.729640" lon="5.845600">
        <ele>540.87</ele>
      </trkpt>
      <trkpt lat="45.729740" lon="5.845580">
        <ele>544.25</ele>
      </trkpt>
      <trkpt lat="45.729830" lon="5.845540">
        <ele>544.37</ele>
      </trkpt>
      <trkpt lat="45.729900" lon="5.845520">
        <ele>545.4</ele>
      </trkpt>
      <trkpt lat="45.729980" lon="5.845470">
        <ele>545.62</ele>
      </trkpt>
      <trkpt lat="45.730050" lon="5.845420">
        <ele>544.68</ele>
      </trkpt>
      <trkpt lat="45.730090" lon="5.845320">
        <ele>549.36</ele>
      </trkpt>
      <trkpt lat="45.730080" lon="5.845240">
        <ele>552.75</ele>
      </trkpt>
      <trkpt lat="45.730050" lon="5.845190">
        <ele>555.07</ele>
      </trkpt>
      <trkpt lat="45.730000" lon="5.845160">
        <ele>556.79</ele>
      </trkpt>
      <trkpt lat="45.729940" lon="5.845160">
        <ele>558.16</ele>
      </trkpt>
      <trkpt lat="45.729880" lon="5.845180">
        <ele>555.03</ele>
      </trkpt>
      <trkpt lat="45.729810" lon="5.845210">
        <ele>551.77</ele>
      </trkpt>
      <trkpt lat="45.729750" lon="5.845230">
        <ele>548.4</ele>
      </trkpt>
      <trkpt lat="45.729670" lon="5.845230">
        <ele>546.85</ele>
      </trkpt>
      <trkpt lat="45.729600" lon="5.845240">
        <ele>545.36</ele>
      </trkpt>
      <trkpt lat="45.729520" lon="5.845230">
        <ele>545.44</ele>
      </trkpt>
      <trkpt lat="45.729450" lon="5.845210">
        <ele>547.07</ele>
      </trkpt>
      <trkpt lat="45.729360" lon="5.845190">
        <ele>549.32</ele>
      </trkpt>
      <trkpt lat="45.729300" lon="5.845180">
        <ele>550.21</ele>
      </trkpt>
      <trkpt lat="45.729240" lon="5.845180">
        <ele>551.62</ele>
      </trkpt>
      <trkpt lat="45.729180" lon="5.845160">
        <ele>551.96</ele>
      </trkpt>
      <trkpt lat="45.729130" lon="5.845140">
        <ele>551.36</ele>
      </trkpt>
      <trkpt lat="45.729090" lon="5.845110">
        <ele>551.45</ele>
      </trkpt>
      <trkpt lat="45.729030" lon="5.845050">
        <ele>551.63</ele>
      </trkpt>
      <trkpt lat="45.729000" lon="5.845000">
        <ele>551.93</ele>
      </trkpt>
      <trkpt lat="45.729000" lon="5.844920">
        <ele>551.47</ele>
      </trkpt>
      <trkpt lat="45.729010" lon="5.844850">
        <ele>552.6</ele>
      </trkpt>
      <trkpt lat="45.729050" lon="5.844790">
        <ele>552.17</ele>
      </trkpt>
      <trkpt lat="45.729110" lon="5.844780">
        <ele>551.94</ele>
      </trkpt>
      <trkpt lat="45.729180" lon="5.844810">
        <ele>551.8</ele>
      </trkpt>
      <trkpt lat="45.729230" lon="5.844890">
        <ele>552.61</ele>
      </trkpt>
      <trkpt lat="45.729260" lon="5.844960">
        <ele>551.52</ele>
      </trkpt>
      <trkpt lat="45.729290" lon="5.845010">
        <ele>551.77</ele>
      </trkpt>
      <trkpt lat="45.729350" lon="5.845050">
        <ele>552.34</ele>
      </trkpt>
      <trkpt lat="45.729420" lon="5.845070">
        <ele>552.39</ele>
      </trkpt>
      <trkpt lat="45.729510" lon="5.845070">
        <ele>553.56</ele>
      </trkpt>
      <trkpt lat="45.729600" lon="5.845050">
        <ele>556.27</ele>
      </trkpt>
      <trkpt lat="45.729710" lon="5.845010">
        <ele>556.59</ele>
      </trkpt>
      <trkpt lat="45.729800" lon="5.844990">
        <ele>557.87</ele>
      </trkpt>
      <trkpt lat="45.729920" lon="5.844940">
        <ele>560.54</ele>
      </trkpt>
      <trkpt lat="45.730030" lon="5.844890">
        <ele>562.94</ele>
      </trkpt>
      <trkpt lat="45.730100" lon="5.844840">
        <ele>564.69</ele>
      </trkpt>
      <trkpt lat="45.730220" lon="5.844740">
        <ele>568.92</ele>
      </trkpt>
      <trkpt lat="45.730280" lon="5.844680">
        <ele>572.33</ele>
      </trkpt>
      <trkpt lat="45.730340" lon="5.844630">
        <ele>571.03</ele>
      </trkpt>
      <trkpt lat="45.730400" lon="5.844570">
        <ele>573.09</ele>
      </trkpt>
      <trkpt lat="45.730480" lon="5.844480">
        <ele>575</ele>
      </trkpt>
      <trkpt lat="45.730600" lon="5.844360">
        <ele>575.23</ele>
      </trkpt>
      <trkpt lat="45.730690" lon="5.844290">
        <ele>575.4</ele>
      </trkpt>
      <trkpt lat="45.730810" lon="5.844210">
        <ele>577.59</ele>
      </trkpt>
      <trkpt lat="45.730940" lon="5.844150">
        <ele>576.2</ele>
      </trkpt>
      <trkpt lat="45.731040" lon="5.844110">
        <ele>575.54</ele>
      </trkpt>
      <trkpt lat="45.731180" lon="5.844020">
        <ele>575.3</ele>
      </trkpt>
      <trkpt lat="45.731330" lon="5.843880">
        <ele>576.79</ele>
      </trkpt>
      <trkpt lat="45.731530" lon="5.843740">
        <ele>580.51</ele>
      </trkpt>
      <trkpt lat="45.731770" lon="5.843570">
        <ele>581.51</ele>
      </trkpt>
      <trkpt lat="45.731970" lon="5.843410">
        <ele>581.36</ele>
      </trkpt>
      <trkpt lat="45.732190" lon="5.843250">
        <ele>584.39</ele>
      </trkpt>
      <trkpt lat="45.732380" lon="5.843110">
        <ele>582.64</ele>
      </trkpt>
      <trkpt lat="45.732610" lon="5.842950">
        <ele>582.47</ele>
      </trkpt>
      <trkpt lat="45.732770" lon="5.842810">
        <ele>582.6</ele>
      </trkpt>
      <trkpt lat="45.732880" lon="5.842670">
        <ele>582.94</ele>
      </trkpt>
      <trkpt lat="45.733000" lon="5.842530">
        <ele>578.87</ele>
      </trkpt>
      <trkpt lat="45.733190" lon="5.842360">
        <ele>577.49</ele>
      </trkpt>
      <trkpt lat="45.733290" lon="5.842290">
        <ele>572.57</ele>
      </trkpt>
      <trkpt lat="45.733680" lon="5.842000">
        <ele>570.29</ele>
      </trkpt>
      <trkpt lat="45.734040" lon="5.841700">
        <ele>574.45</ele>
      </trkpt>
      <trkpt lat="45.734180" lon="5.841580">
        <ele>577.51</ele>
      </trkpt>
      <trkpt lat="45.734550" lon="5.841370">
        <ele>577.57</ele>
      </trkpt>
      <trkpt lat="45.734770" lon="5.841250">
        <ele>582.48</ele>
      </trkpt>
      <trkpt lat="45.734990" lon="5.841120">
        <ele>583.44</ele>
      </trkpt>
      <trkpt lat="45.735260" lon="5.840990">
        <ele>576.86</ele>
      </trkpt>
      <trkpt lat="45.735520" lon="5.840860">
        <ele>576.59</ele>
      </trkpt>
      <trkpt lat="45.735910" lon="5.840640">
        <ele>576.92</ele>
      </trkpt>
      <trkpt lat="45.736160" lon="5.840470">
        <ele>574.94</ele>
      </trkpt>
      <trkpt lat="45.736410" lon="5.840290">
        <ele>574.77</ele>
      </trkpt>
      <trkpt lat="45.736510" lon="5.840250">
        <ele>578.14</ele>
      </trkpt>
      <trkpt lat="45.736660" lon="5.840200">
        <ele>575.26</ele>
      </trkpt>
      <trkpt lat="45.736750" lon="5.840160">
        <ele>575.1</ele>
      </trkpt>
      <trkpt lat="45.736830" lon="5.840120">
        <ele>574.19</ele>
      </trkpt>
      <trkpt lat="45.736930" lon="5.840030">
        <ele>573.48</ele>
      </trkpt>
      <trkpt lat="45.737050" lon="5.839930">
        <ele>573.44</ele>
      </trkpt>
      <trkpt lat="45.737160" lon="5.839840">
        <ele>572.84</ele>
      </trkpt>
      <trkpt lat="45.737280" lon="5.839740">
        <ele>572.39</ele>
      </trkpt>
      <trkpt lat="45.737380" lon="5.839630">
        <ele>572.08</ele>
      </trkpt>
      <trkpt lat="45.737490" lon="5.839510">
        <ele>573.03</ele>
      </trkpt>
      <trkpt lat="45.737580" lon="5.839380">
        <ele>570.84</ele>
      </trkpt>
      <trkpt lat="45.737730" lon="5.839210">
        <ele>569.13</ele>
      </trkpt>
      <trkpt lat="45.737830" lon="5.839080">
        <ele>572.22</ele>
      </trkpt>
      <trkpt lat="45.737980" lon="5.838940">
        <ele>570.24</ele>
      </trkpt>
      <trkpt lat="45.738110" lon="5.838820">
        <ele>569.29</ele>
      </trkpt>
      <trkpt lat="45.738260" lon="5.838670">
        <ele>569.36</ele>
      </trkpt>
      <trkpt lat="45.738390" lon="5.838550">
        <ele>572.99</ele>
      </trkpt>
      <trkpt lat="45.738510" lon="5.838450">
        <ele>571.47</ele>
      </trkpt>
      <trkpt lat="45.738610" lon="5.838330">
        <ele>571.13</ele>
      </trkpt>
      <trkpt lat="45.738710" lon="5.838210">
        <ele>576.87</ele>
      </trkpt>
      <trkpt lat="45.738820" lon="5.838110">
        <ele>575.48</ele>
      </trkpt>
      <trkpt lat="45.738970" lon="5.837970">
        <ele>575.33</ele>
      </trkpt>
      <trkpt lat="45.739100" lon="5.837840">
        <ele>576.32</ele>
      </trkpt>
      <trkpt lat="45.739230" lon="5.837710">
        <ele>581.42</ele>
      </trkpt>
      <trkpt lat="45.739380" lon="5.837590">
        <ele>575.23</ele>
      </trkpt>
      <trkpt lat="45.739510" lon="5.837480">
        <ele>582.6</ele>
      </trkpt>
      <trkpt lat="45.739660" lon="5.837340">
        <ele>582.87</ele>
      </trkpt>
      <trkpt lat="45.739790" lon="5.837230">
        <ele>583.18</ele>
      </trkpt>
      <trkpt lat="45.739930" lon="5.837100">
        <ele>577.76</ele>
      </trkpt>
      <trkpt lat="45.740050" lon="5.837000">
        <ele>583.42</ele>
      </trkpt>
      <trkpt lat="45.740180" lon="5.836890">
        <ele>582.53</ele>
      </trkpt>
      <trkpt lat="45.740290" lon="5.836810">
        <ele>582.64</ele>
      </trkpt>
      <trkpt lat="45.740410" lon="5.836710">
        <ele>582.36</ele>
      </trkpt>
      <trkpt lat="45.740530" lon="5.836630">
        <ele>582.67</ele>
      </trkpt>
      <trkpt lat="45.740650" lon="5.836530">
        <ele>583.44</ele>
      </trkpt>
      <trkpt lat="45.740780" lon="5.836430">
        <ele>577.9</ele>
      </trkpt>
      <trkpt lat="45.740910" lon="5.836320">
        <ele>578.45</ele>
      </trkpt>
      <trkpt lat="45.741050" lon="5.836210">
        <ele>580.28</ele>
      </trkpt>
      <trkpt lat="45.741140" lon="5.836120">
        <ele>586.76</ele>
      </trkpt>
      <trkpt lat="45.741290" lon="5.835990">
        <ele>581.02</ele>
      </trkpt>
      <trkpt lat="45.741450" lon="5.835870">
        <ele>581.26</ele>
      </trkpt>
      <trkpt lat="45.741560" lon="5.835780">
        <ele>587.05</ele>
      </trkpt>
      <trkpt lat="45.741670" lon="5.835690">
        <ele>585.3</ele>
      </trkpt>
      <trkpt lat="45.741800" lon="5.835580">
        <ele>584.25</ele>
      </trkpt>
      <trkpt lat="45.741910" lon="5.835490">
        <ele>588.08</ele>
      </trkpt>
      <trkpt lat="45.742000" lon="5.835420">
        <ele>587.96</ele>
      </trkpt>
      <trkpt lat="45.742020" lon="5.835410">
        <ele>581.55</ele>
      </trkpt>
      <trkpt lat="45.742150" lon="5.835330">
        <ele>575.77</ele>
      </trkpt>
      <trkpt lat="45.742280" lon="5.835250">
        <ele>574.93</ele>
      </trkpt>
      <trkpt lat="45.742380" lon="5.835180">
        <ele>574.49</ele>
      </trkpt>
      <trkpt lat="45.742500" lon="5.835100">
        <ele>575</ele>
      </trkpt>
      <trkpt lat="45.742620" lon="5.835020">
        <ele>575.23</ele>
      </trkpt>
      <trkpt lat="45.742750" lon="5.834950">
        <ele>575.74</ele>
      </trkpt>
      <trkpt lat="45.742880" lon="5.834850">
        <ele>576.2</ele>
      </trkpt>
      <trkpt lat="45.742990" lon="5.834770">
        <ele>576.54</ele>
      </trkpt>
      <trkpt lat="45.743070" lon="5.834700">
        <ele>579.66</ele>
      </trkpt>
      <trkpt lat="45.743140" lon="5.834640">
        <ele>577.22</ele>
      </trkpt>
      <trkpt lat="45.743190" lon="5.834590">
        <ele>579.16</ele>
      </trkpt>
      <trkpt lat="45.743240" lon="5.834510">
        <ele>579.58</ele>
      </trkpt>
      <trkpt lat="45.743270" lon="5.834460">
        <ele>578.43</ele>
      </trkpt>
      <trkpt lat="45.743330" lon="5.834290">
        <ele>576.21</ele>
      </trkpt>
      <trkpt lat="45.743400" lon="5.834100">
        <ele>578.43</ele>
      </trkpt>
      <trkpt lat="45.743440" lon="5.833980">
        <ele>580.67</ele>
      </trkpt>
      <trkpt lat="45.743500" lon="5.833840">
        <ele>579.01</ele>
      </trkpt>
      <trkpt lat="45.743560" lon="5.833730">
        <ele>579.23</ele>
      </trkpt>
      <trkpt lat="45.743650" lon="5.833620">
        <ele>580.54</ele>
      </trkpt>
      <trkpt lat="45.743740" lon="5.833530">
        <ele>582.92</ele>
      </trkpt>
      <trkpt lat="45.743870" lon="5.833430">
        <ele>581.15</ele>
      </trkpt>
      <trkpt lat="45.744000" lon="5.833310">
        <ele>578.92</ele>
      </trkpt>
      <trkpt lat="45.744100" lon="5.833200">
        <ele>578.57</ele>
      </trkpt>
      <trkpt lat="45.744230" lon="5.833080">
        <ele>579.44</ele>
      </trkpt>
      <trkpt lat="45.744430" lon="5.832880">
        <ele>581.38</ele>
      </trkpt>
      <trkpt lat="45.744510" lon="5.832790">
        <ele>587.44</ele>
      </trkpt>
      <trkpt lat="45.744580" lon="5.832710">
        <ele>593.28</ele>
      </trkpt>
      <trkpt lat="45.744660" lon="5.832620">
        <ele>596.33</ele>
      </trkpt>
      <trkpt lat="45.744730" lon="5.832520">
        <ele>594.17</ele>
      </trkpt>
      <trkpt lat="45.744820" lon="5.832430">
        <ele>590.87</ele>
      </trkpt>
      <trkpt lat="45.744880" lon="5.832360">
        <ele>592.45</ele>
      </trkpt>
      <trkpt lat="45.744960" lon="5.832290">
        <ele>590.49</ele>
      </trkpt>
      <trkpt lat="45.745050" lon="5.832210">
        <ele>590.06</ele>
      </trkpt>
      <trkpt lat="45.745140" lon="5.832140">
        <ele>595.03</ele>
      </trkpt>
      <trkpt lat="45.745230" lon="5.832060">
        <ele>594.52</ele>
      </trkpt>
      <trkpt lat="45.745340" lon="5.831980">
        <ele>596.68</ele>
      </trkpt>
      <trkpt lat="45.745450" lon="5.831900">
        <ele>598.34</ele>
      </trkpt>
      <trkpt lat="45.745600" lon="5.831810">
        <ele>599.23</ele>
      </trkpt>
      <trkpt lat="45.745740" lon="5.831730">
        <ele>599.53</ele>
      </trkpt>
      <trkpt lat="45.745820" lon="5.831670">
        <ele>602.32</ele>
      </trkpt>
      <trkpt lat="45.745940" lon="5.831610">
        <ele>597.9</ele>
      </trkpt>
      <trkpt lat="45.746030" lon="5.831590">
        <ele>599.11</ele>
      </trkpt>
      <trkpt lat="45.746060" lon="5.831580">
        <ele>600.27</ele>
      </trkpt>
      <trkpt lat="45.746160" lon="5.831570">
        <ele>600.68</ele>
      </trkpt>
      <trkpt lat="45.746210" lon="5.831570">
        <ele>600.79</ele>
      </trkpt>
      <trkpt lat="45.746250" lon="5.831570">
        <ele>600.49</ele>
      </trkpt>
      <trkpt lat="45.746340" lon="5.831580">
        <ele>599.6</ele>
      </trkpt>
      <trkpt lat="45.746350" lon="5.831580">
        <ele>598.89</ele>
      </trkpt>
      <trkpt lat="45.746420" lon="5.831600">
        <ele>595.49</ele>
      </trkpt>
      <trkpt lat="45.746480" lon="5.831650">
        <ele>594.65</ele>
      </trkpt>
      <trkpt lat="45.746540" lon="5.831720">
        <ele>593.79</ele>
      </trkpt>
      <trkpt lat="45.746650" lon="5.831870">
        <ele>592.19</ele>
      </trkpt>
      <trkpt lat="45.746720" lon="5.831980">
        <ele>589.78</ele>
      </trkpt>
      <trkpt lat="45.746750" lon="5.832040">
        <ele>589.31</ele>
      </trkpt>
      <trkpt lat="45.746780" lon="5.832110">
        <ele>590.03</ele>
      </trkpt>
      <trkpt lat="45.746820" lon="5.832210">
        <ele>590.68</ele>
      </trkpt>
      <trkpt lat="45.746860" lon="5.832320">
        <ele>590.96</ele>
      </trkpt>
      <trkpt lat="45.746860" lon="5.832340">
        <ele>591.05</ele>
      </trkpt>
      <trkpt lat="45.746900" lon="5.832440">
        <ele>591.3</ele>
      </trkpt>
      <trkpt lat="45.746930" lon="5.832490">
        <ele>590.46</ele>
      </trkpt>
      <trkpt lat="45.746970" lon="5.832530">
        <ele>589.63</ele>
      </trkpt>
      <trkpt lat="45.747000" lon="5.832560">
        <ele>589.14</ele>
      </trkpt>
      <trkpt lat="45.747040" lon="5.832590">
        <ele>590.07</ele>
      </trkpt>
      <trkpt lat="45.747080" lon="5.832600">
        <ele>591.24</ele>
      </trkpt>
      <trkpt lat="45.747120" lon="5.832610">
        <ele>592.65</ele>
      </trkpt>
      <trkpt lat="45.747160" lon="5.832610">
        <ele>594.17</ele>
      </trkpt>
      <trkpt lat="45.747210" lon="5.832610">
        <ele>595.78</ele>
      </trkpt>
      <trkpt lat="45.747230" lon="5.832610">
        <ele>596.24</ele>
      </trkpt>
      <trkpt lat="45.747250" lon="5.832610">
        <ele>596.83</ele>
      </trkpt>
      <trkpt lat="45.747290" lon="5.832610">
        <ele>597.17</ele>
      </trkpt>
      <trkpt lat="45.747350" lon="5.832590">
        <ele>597.87</ele>
      </trkpt>
      <trkpt lat="45.747400" lon="5.832550">
        <ele>599.16</ele>
      </trkpt>
      <trkpt lat="45.747470" lon="5.832500">
        <ele>598.07</ele>
      </trkpt>
      <trkpt lat="45.747570" lon="5.832440">
        <ele>597.56</ele>
      </trkpt>
      <trkpt lat="45.747670" lon="5.832390">
        <ele>597.84</ele>
      </trkpt>
      <trkpt lat="45.747790" lon="5.832330">
        <ele>599.13</ele>
      </trkpt>
      <trkpt lat="45.747900" lon="5.832260">
        <ele>596.84</ele>
      </trkpt>
      <trkpt lat="45.748050" lon="5.832180">
        <ele>598.24</ele>
      </trkpt>
      <trkpt lat="45.748210" lon="5.832110">
        <ele>599.3</ele>
      </trkpt>
      <trkpt lat="45.748330" lon="5.832070">
        <ele>600.19</ele>
      </trkpt>
      <trkpt lat="45.748380" lon="5.832050">
        <ele>600.25</ele>
      </trkpt>
      <trkpt lat="45.748420" lon="5.832030">
        <ele>598.28</ele>
      </trkpt>
      <trkpt lat="45.748470" lon="5.832000">
        <ele>595.58</ele>
      </trkpt>
      <trkpt lat="45.748510" lon="5.831970">
        <ele>593.06</ele>
      </trkpt>
      <trkpt lat="45.748560" lon="5.831930">
        <ele>590.58</ele>
      </trkpt>
      <trkpt lat="45.748600" lon="5.831900">
        <ele>587.79</ele>
      </trkpt>
      <trkpt lat="45.748640" lon="5.831860">
        <ele>593.38</ele>
      </trkpt>
      <trkpt lat="45.748650" lon="5.831840">
        <ele>598.35</ele>
      </trkpt>
      <trkpt lat="45.748670" lon="5.831820">
        <ele>602.72</ele>
      </trkpt>
      <trkpt lat="45.748710" lon="5.831770">
        <ele>604.83</ele>
      </trkpt>
      <trkpt lat="45.748750" lon="5.831730">
        <ele>606.78</ele>
      </trkpt>
      <trkpt lat="45.748790" lon="5.831700">
        <ele>605.39</ele>
      </trkpt>
      <trkpt lat="45.748820" lon="5.831670">
        <ele>604.11</ele>
      </trkpt>
      <trkpt lat="45.748860" lon="5.831640">
        <ele>602.99</ele>
      </trkpt>
      <trkpt lat="45.748900" lon="5.831600">
        <ele>603.87</ele>
      </trkpt>
      <trkpt lat="45.748960" lon="5.831560">
        <ele>605.99</ele>
      </trkpt>
      <trkpt lat="45.749020" lon="5.831510">
        <ele>608.32</ele>
      </trkpt>
      <trkpt lat="45.749200" lon="5.831380">
        <ele>608.12</ele>
      </trkpt>
      <trkpt lat="45.749270" lon="5.831320">
        <ele>607.84</ele>
      </trkpt>
      <trkpt lat="45.749340" lon="5.831280">
        <ele>607.53</ele>
      </trkpt>
      <trkpt lat="45.749410" lon="5.831230">
        <ele>606.16</ele>
      </trkpt>
      <trkpt lat="45.749490" lon="5.831200">
        <ele>602.18</ele>
      </trkpt>
      <trkpt lat="45.749570" lon="5.831160">
        <ele>601.43</ele>
      </trkpt>
      <trkpt lat="45.749640" lon="5.831140">
        <ele>601.52</ele>
      </trkpt>
      <trkpt lat="45.749730" lon="5.831130">
        <ele>598.77</ele>
      </trkpt>
      <trkpt lat="45.749840" lon="5.831130">
        <ele>598.13</ele>
      </trkpt>
      <trkpt lat="45.749940" lon="5.831100">
        <ele>601.17</ele>
      </trkpt>
      <trkpt lat="45.750090" lon="5.831040">
        <ele>604.35</ele>
      </trkpt>
      <trkpt lat="45.750240" lon="5.830940">
        <ele>605.4</ele>
      </trkpt>
      <trkpt lat="45.750400" lon="5.830850">
        <ele>606.68</ele>
      </trkpt>
      <trkpt lat="45.750570" lon="5.830770">
        <ele>606.49</ele>
      </trkpt>
      <trkpt lat="45.750720" lon="5.830700">
        <ele>605.51</ele>
      </trkpt>
      <trkpt lat="45.750860" lon="5.830660">
        <ele>601.37</ele>
      </trkpt>
      <trkpt lat="45.750960" lon="5.830630">
        <ele>599.01</ele>
      </trkpt>
      <trkpt lat="45.751050" lon="5.830610">
        <ele>605.22</ele>
      </trkpt>
      <trkpt lat="45.751150" lon="5.830580">
        <ele>606.61</ele>
      </trkpt>
      <trkpt lat="45.751240" lon="5.830540">
        <ele>609.16</ele>
      </trkpt>
      <trkpt lat="45.751360" lon="5.830480">
        <ele>610.35</ele>
      </trkpt>
      <trkpt lat="45.751480" lon="5.830420">
        <ele>612.18</ele>
      </trkpt>
      <trkpt lat="45.751580" lon="5.830360">
        <ele>609.44</ele>
      </trkpt>
      <trkpt lat="45.751670" lon="5.830310">
        <ele>606.88</ele>
      </trkpt>
      <trkpt lat="45.751770" lon="5.830240">
        <ele>607.02</ele>
      </trkpt>
      <trkpt lat="45.751860" lon="5.830180">
        <ele>610.94</ele>
      </trkpt>
      <trkpt lat="45.751960" lon="5.830110">
        <ele>611.24</ele>
      </trkpt>
      <trkpt lat="45.752030" lon="5.830070">
        <ele>610.5</ele>
      </trkpt>
      <trkpt lat="45.752110" lon="5.830020">
        <ele>614.07</ele>
      </trkpt>
      <trkpt lat="45.752190" lon="5.829970">
        <ele>611.61</ele>
      </trkpt>
      <trkpt lat="45.752290" lon="5.829920">
        <ele>609.24</ele>
      </trkpt>
      <trkpt lat="45.752390" lon="5.829900">
        <ele>609.52</ele>
      </trkpt>
      <trkpt lat="45.752500" lon="5.829880">
        <ele>608.37</ele>
      </trkpt>
      <trkpt lat="45.752600" lon="5.829910">
        <ele>606.9</ele>
      </trkpt>
      <trkpt lat="45.752740" lon="5.829950">
        <ele>605.95</ele>
      </trkpt>
      <trkpt lat="45.752890" lon="5.829940">
        <ele>604.98</ele>
      </trkpt>
      <trkpt lat="45.753040" lon="5.829940">
        <ele>602.18</ele>
      </trkpt>
      <trkpt lat="45.753130" lon="5.829910">
        <ele>600.73</ele>
      </trkpt>
      <trkpt lat="45.753300" lon="5.829880">
        <ele>597.16</ele>
      </trkpt>
      <trkpt lat="45.753400" lon="5.829850">
        <ele>595.49</ele>
      </trkpt>
      <trkpt lat="45.753510" lon="5.829820">
        <ele>596.5</ele>
      </trkpt>
      <trkpt lat="45.753660" lon="5.829750">
        <ele>597.04</ele>
      </trkpt>
      <trkpt lat="45.753740" lon="5.829730">
        <ele>597.74</ele>
      </trkpt>
      <trkpt lat="45.753820" lon="5.829700">
        <ele>601.1</ele>
      </trkpt>
      <trkpt lat="45.753900" lon="5.829660">
        <ele>600.57</ele>
      </trkpt>
      <trkpt lat="45.754000" lon="5.829600">
        <ele>598.28</ele>
      </trkpt>
      <trkpt lat="45.754090" lon="5.829550">
        <ele>599.51</ele>
      </trkpt>
      <trkpt lat="45.754190" lon="5.829490">
        <ele>596.09</ele>
      </trkpt>
      <trkpt lat="45.754310" lon="5.829430">
        <ele>595.73</ele>
      </trkpt>
      <trkpt lat="45.754410" lon="5.829360">
        <ele>596.97</ele>
      </trkpt>
      <trkpt lat="45.754530" lon="5.829290">
        <ele>597.28</ele>
      </trkpt>
      <trkpt lat="45.754640" lon="5.829230">
        <ele>596.32</ele>
      </trkpt>
      <trkpt lat="45.754740" lon="5.829160">
        <ele>596.79</ele>
      </trkpt>
      <trkpt lat="45.754840" lon="5.829100">
        <ele>593.57</ele>
      </trkpt>
      <trkpt lat="45.754900" lon="5.829050">
        <ele>591.95</ele>
      </trkpt>
      <trkpt lat="45.754970" lon="5.829000">
        <ele>590.32</ele>
      </trkpt>
      <trkpt lat="45.755030" lon="5.828960">
        <ele>589</ele>
      </trkpt>
      <trkpt lat="45.755100" lon="5.828920">
        <ele>591.13</ele>
      </trkpt>
      <trkpt lat="45.755190" lon="5.828890">
        <ele>594.33</ele>
      </trkpt>
      <trkpt lat="45.755270" lon="5.828870">
        <ele>594.43</ele>
      </trkpt>
      <trkpt lat="45.755390" lon="5.828860">
        <ele>595.51</ele>
      </trkpt>
      <trkpt lat="45.755510" lon="5.828850">
        <ele>592.96</ele>
      </trkpt>
      <trkpt lat="45.755620" lon="5.828830">
        <ele>590.66</ele>
      </trkpt>
      <trkpt lat="45.755750" lon="5.828820">
        <ele>588.28</ele>
      </trkpt>
      <trkpt lat="45.755850" lon="5.828800">
        <ele>585.07</ele>
      </trkpt>
      <trkpt lat="45.755950" lon="5.828790">
        <ele>581.92</ele>
      </trkpt>
      <trkpt lat="45.756030" lon="5.828780">
        <ele>582.81</ele>
      </trkpt>
      <trkpt lat="45.756120" lon="5.828770">
        <ele>578.4</ele>
      </trkpt>
      <trkpt lat="45.756200" lon="5.828750">
        <ele>573.93</ele>
      </trkpt>
      <trkpt lat="45.756270" lon="5.828740">
        <ele>574.17</ele>
      </trkpt>
      <trkpt lat="45.756350" lon="5.828720">
        <ele>574.06</ele>
      </trkpt>
      <trkpt lat="45.756410" lon="5.828710">
        <ele>573.71</ele>
      </trkpt>
      <trkpt lat="45.756470" lon="5.828700">
        <ele>572.65</ele>
      </trkpt>
      <trkpt lat="45.756520" lon="5.828680">
        <ele>570.94</ele>
      </trkpt>
      <trkpt lat="45.756570" lon="5.828670">
        <ele>568.73</ele>
      </trkpt>
      <trkpt lat="45.756610" lon="5.828650">
        <ele>565.88</ele>
      </trkpt>
      <trkpt lat="45.756640" lon="5.828630">
        <ele>562.36</ele>
      </trkpt>
      <trkpt lat="45.756670" lon="5.828600">
        <ele>563.69</ele>
      </trkpt>
      <trkpt lat="45.756690" lon="5.828560">
        <ele>568.36</ele>
      </trkpt>
      <trkpt lat="45.756700" lon="5.828510">
        <ele>572.37</ele>
      </trkpt>
      <trkpt lat="45.756710" lon="5.828440">
        <ele>575.93</ele>
      </trkpt>
      <trkpt lat="45.756720" lon="5.828370">
        <ele>579.23</ele>
      </trkpt>
      <trkpt lat="45.756730" lon="5.828310">
        <ele>582.47</ele>
      </trkpt>
      <trkpt lat="45.756750" lon="5.828240">
        <ele>581.87</ele>
      </trkpt>
      <trkpt lat="45.756760" lon="5.828190">
        <ele>581.31</ele>
      </trkpt>
      <trkpt lat="45.756760" lon="5.828170">
        <ele>584.06</ele>
      </trkpt>
      <trkpt lat="45.756770" lon="5.828120">
        <ele>586.88</ele>
      </trkpt>
      <trkpt lat="45.756780" lon="5.828060">
        <ele>589.81</ele>
      </trkpt>
      <trkpt lat="45.756790" lon="5.828010">
        <ele>589.23</ele>
      </trkpt>
      <trkpt lat="45.756800" lon="5.827990">
        <ele>588.69</ele>
      </trkpt>
      <trkpt lat="45.756810" lon="5.827960">
        <ele>584.95</ele>
      </trkpt>
      <trkpt lat="45.756830" lon="5.827930">
        <ele>581.35</ele>
      </trkpt>
      <trkpt lat="45.756850" lon="5.827890">
        <ele>577.97</ele>
      </trkpt>
      <trkpt lat="45.756870" lon="5.827880">
        <ele>578.45</ele>
      </trkpt>
      <trkpt lat="45.756900" lon="5.827880">
        <ele>579.43</ele>
      </trkpt>
      <trkpt lat="45.756930" lon="5.827900">
        <ele>580.88</ele>
      </trkpt>
      <trkpt lat="45.756960" lon="5.827940">
        <ele>582.81</ele>
      </trkpt>
      <trkpt lat="45.756990" lon="5.827990">
        <ele>581.07</ele>
      </trkpt>
      <trkpt lat="45.757010" lon="5.828060">
        <ele>579.42</ele>
      </trkpt>
      <trkpt lat="45.757020" lon="5.828130">
        <ele>577.72</ele>
      </trkpt>
      <trkpt lat="45.757030" lon="5.828200">
        <ele>576</ele>
      </trkpt>
      <trkpt lat="45.757040" lon="5.828270">
        <ele>574.11</ele>
      </trkpt>
      <trkpt lat="45.757040" lon="5.828350">
        <ele>575.88</ele>
      </trkpt>
      <trkpt lat="45.757040" lon="5.828430">
        <ele>573.41</ele>
      </trkpt>
      <trkpt lat="45.757030" lon="5.828480">
        <ele>570.27</ele>
      </trkpt>
      <trkpt lat="45.757010" lon="5.828540">
        <ele>566.43</ele>
      </trkpt>
      <trkpt lat="45.756970" lon="5.828600">
        <ele>561.5</ele>
      </trkpt>
      <trkpt lat="45.756950" lon="5.828630">
        <ele>555.56</ele>
      </trkpt>
      <trkpt lat="45.756890" lon="5.828690">
        <ele>558.62</ele>
      </trkpt>
      <trkpt lat="45.756820" lon="5.828750">
        <ele>555.15</ele>
      </trkpt>
      <trkpt lat="45.756750" lon="5.828800">
        <ele>555.2</ele>
      </trkpt>
      <trkpt lat="45.756570" lon="5.828910">
        <ele>555.46</ele>
      </trkpt>
      <trkpt lat="45.756450" lon="5.829000">
        <ele>555.95</ele>
      </trkpt>
      <trkpt lat="45.756370" lon="5.829050">
        <ele>553.96</ele>
      </trkpt>
      <trkpt lat="45.756280" lon="5.829080">
        <ele>558.43</ele>
      </trkpt>
      <trkpt lat="45.756210" lon="5.829100">
        <ele>559.22</ele>
      </trkpt>
      <trkpt lat="45.756150" lon="5.829120">
        <ele>560.15</ele>
      </trkpt>
      <trkpt lat="45.756080" lon="5.829140">
        <ele>564.98</ele>
      </trkpt>
      <trkpt lat="45.756020" lon="5.829160">
        <ele>566.81</ele>
      </trkpt>
      <trkpt lat="45.755970" lon="5.829180">
        <ele>568.91</ele>
      </trkpt>
      <trkpt lat="45.755930" lon="5.829200">
        <ele>571.51</ele>
      </trkpt>
      <trkpt lat="45.755900" lon="5.829250">
        <ele>574.59</ele>
      </trkpt>
      <trkpt lat="45.755900" lon="5.829270">
        <ele>570.37</ele>
      </trkpt>
      <trkpt lat="45.755900" lon="5.829310">
        <ele>566.93</ele>
      </trkpt>
      <trkpt lat="45.755910" lon="5.829360">
        <ele>564.16</ele>
      </trkpt>
      <trkpt lat="45.755930" lon="5.829400">
        <ele>556.66</ele>
      </trkpt>
      <trkpt lat="45.755960" lon="5.829440">
        <ele>549.84</ele>
      </trkpt>
      <trkpt lat="45.756000" lon="5.829460">
        <ele>547.89</ele>
      </trkpt>
      <trkpt lat="45.756050" lon="5.829460">
        <ele>546.72</ele>
      </trkpt>
      <trkpt lat="45.756110" lon="5.829420">
        <ele>540.8</ele>
      </trkpt>
      <trkpt lat="45.756200" lon="5.829370">
        <ele>544.97</ele>
      </trkpt>
      <trkpt lat="45.756270" lon="5.829340">
        <ele>548.86</ele>
      </trkpt>
      <trkpt lat="45.756370" lon="5.829290">
        <ele>549.67</ele>
      </trkpt>
      <trkpt lat="45.756460" lon="5.829250">
        <ele>547.27</ele>
      </trkpt>
      <trkpt lat="45.756630" lon="5.829160">
        <ele>553.04</ele>
      </trkpt>
      <trkpt lat="45.756950" lon="5.829010">
        <ele>549.68</ele>
      </trkpt>
      <trkpt lat="45.757300" lon="5.828840">
        <ele>547.13</ele>
      </trkpt>
      <trkpt lat="45.757440" lon="5.828780">
        <ele>547.89</ele>
      </trkpt>
      <trkpt lat="45.757530" lon="5.828750">
        <ele>545.81</ele>
      </trkpt>
      <trkpt lat="45.757610" lon="5.828710">
        <ele>540.17</ele>
      </trkpt>
      <trkpt lat="45.757680" lon="5.828660">
        <ele>538.55</ele>
      </trkpt>
      <trkpt lat="45.757720" lon="5.828610">
        <ele>539.71</ele>
      </trkpt>
      <trkpt lat="45.757760" lon="5.828560">
        <ele>539.65</ele>
      </trkpt>
      <trkpt lat="45.757780" lon="5.828480">
        <ele>544.37</ele>
      </trkpt>
      <trkpt lat="45.757800" lon="5.828410">
        <ele>548.78</ele>
      </trkpt>
      <trkpt lat="45.757830" lon="5.828330">
        <ele>550.27</ele>
      </trkpt>
      <trkpt lat="45.757880" lon="5.828270">
        <ele>547.9</ele>
      </trkpt>
      <trkpt lat="45.757930" lon="5.828240">
        <ele>545.9</ele>
      </trkpt>
      <trkpt lat="45.757990" lon="5.828210">
        <ele>544.07</ele>
      </trkpt>
      <trkpt lat="45.758070" lon="5.828180">
        <ele>539.91</ele>
      </trkpt>
      <trkpt lat="45.758140" lon="5.828140">
        <ele>540.8</ele>
      </trkpt>
      <trkpt lat="45.758200" lon="5.828090">
        <ele>541.67</ele>
      </trkpt>
      <trkpt lat="45.758250" lon="5.828040">
        <ele>542.35</ele>
      </trkpt>
      <trkpt lat="45.758300" lon="5.827980">
        <ele>543.12</ele>
      </trkpt>
      <trkpt lat="45.758320" lon="5.827960">
        <ele>546.42</ele>
      </trkpt>
      <trkpt lat="45.758370" lon="5.827910">
        <ele>544.96</ele>
      </trkpt>
      <trkpt lat="45.758430" lon="5.827860">
        <ele>543.96</ele>
      </trkpt>
      <trkpt lat="45.758540" lon="5.827820">
        <ele>540.54</ele>
      </trkpt>
      <trkpt lat="45.758670" lon="5.827790">
        <ele>537.61</ele>
      </trkpt>
      <trkpt lat="45.758790" lon="5.827760">
        <ele>532.54</ele>
      </trkpt>
      <trkpt lat="45.758990" lon="5.827720">
        <ele>528.17</ele>
      </trkpt>
      <trkpt lat="45.759160" lon="5.827690">
        <ele>527.41</ele>
      </trkpt>
      <trkpt lat="45.759320" lon="5.827660">
        <ele>527.16</ele>
      </trkpt>
      <trkpt lat="45.759450" lon="5.827640">
        <ele>527.44</ele>
      </trkpt>
      <trkpt lat="45.759590" lon="5.827630">
        <ele>531.56</ele>
      </trkpt>
      <trkpt lat="45.759690" lon="5.827620">
        <ele>533.93</ele>
      </trkpt>
      <trkpt lat="45.759840" lon="5.827630">
        <ele>532.89</ele>
      </trkpt>
      <trkpt lat="45.759950" lon="5.827640">
        <ele>531.62</ele>
      </trkpt>
      <trkpt lat="45.760040" lon="5.827630">
        <ele>530.14</ele>
      </trkpt>
      <trkpt lat="45.760150" lon="5.827620">
        <ele>527.77</ele>
      </trkpt>
      <trkpt lat="45.760260" lon="5.827610">
        <ele>525.99</ele>
      </trkpt>
      <trkpt lat="45.760370" lon="5.827590">
        <ele>524.06</ele>
      </trkpt>
      <trkpt lat="45.760490" lon="5.827590">
        <ele>525.08</ele>
      </trkpt>
      <trkpt lat="45.760580" lon="5.827580">
        <ele>522.61</ele>
      </trkpt>
      <trkpt lat="45.760680" lon="5.827570">
        <ele>519.71</ele>
      </trkpt>
      <trkpt lat="45.760780" lon="5.827550">
        <ele>520.13</ele>
      </trkpt>
      <trkpt lat="45.760880" lon="5.827530">
        <ele>517.88</ele>
      </trkpt>
      <trkpt lat="45.760960" lon="5.827520">
        <ele>515.3</ele>
      </trkpt>
      <trkpt lat="45.761080" lon="5.827510">
        <ele>513.26</ele>
      </trkpt>
      <trkpt lat="45.761180" lon="5.827490">
        <ele>510.91</ele>
      </trkpt>
      <trkpt lat="45.761290" lon="5.827460">
        <ele>508.33</ele>
      </trkpt>
      <trkpt lat="45.761380" lon="5.827430">
        <ele>507.83</ele>
      </trkpt>
      <trkpt lat="45.761450" lon="5.827410">
        <ele>504.88</ele>
      </trkpt>
      <trkpt lat="45.761480" lon="5.827400">
        <ele>504.6</ele>
      </trkpt>
      <trkpt lat="45.761860" lon="5.827310">
        <ele>504.6</ele>
      </trkpt>
      <trkpt lat="45.762080" lon="5.827250">
        <ele>505.05</ele>
      </trkpt>
      <trkpt lat="45.762160" lon="5.827220">
        <ele>505.66</ele>
      </trkpt>
      <trkpt lat="45.762250" lon="5.827190">
        <ele>508.66</ele>
      </trkpt>
      <trkpt lat="45.762300" lon="5.827180">
        <ele>508.73</ele>
      </trkpt>
      <trkpt lat="45.762360" lon="5.827150">
        <ele>508.33</ele>
      </trkpt>
      <trkpt lat="45.762410" lon="5.827110">
        <ele>507.34</ele>
      </trkpt>
      <trkpt lat="45.762490" lon="5.827040">
        <ele>506.1</ele>
      </trkpt>
      <trkpt lat="45.762560" lon="5.826960">
        <ele>503.01</ele>
      </trkpt>
      <trkpt lat="45.762620" lon="5.826900">
        <ele>503.15</ele>
      </trkpt>
      <trkpt lat="45.762690" lon="5.826820">
        <ele>502.97</ele>
      </trkpt>
      <trkpt lat="45.762750" lon="5.826750">
        <ele>502.48</ele>
      </trkpt>
      <trkpt lat="45.762800" lon="5.826710">
        <ele>501.44</ele>
      </trkpt>
      <trkpt lat="45.762870" lon="5.826670">
        <ele>501.71</ele>
      </trkpt>
      <trkpt lat="45.762920" lon="5.826650">
        <ele>500.71</ele>
      </trkpt>
      <trkpt lat="45.762990" lon="5.826650">
        <ele>499.71</ele>
      </trkpt>
      <trkpt lat="45.763060" lon="5.826660">
        <ele>499.16</ele>
      </trkpt>
      <trkpt lat="45.763130" lon="5.826660">
        <ele>498.94</ele>
      </trkpt>
      <trkpt lat="45.763220" lon="5.826650">
        <ele>498.7</ele>
      </trkpt>
      <trkpt lat="45.763290" lon="5.826630">
        <ele>498.33</ele>
      </trkpt>
      <trkpt lat="45.763350" lon="5.826600">
        <ele>496.9</ele>
      </trkpt>
      <trkpt lat="45.763450" lon="5.826540">
        <ele>497.56</ele>
      </trkpt>
      <trkpt lat="45.763720" lon="5.826290">
        <ele>498.03</ele>
      </trkpt>
      <trkpt lat="45.763810" lon="5.826200">
        <ele>498.32</ele>
      </trkpt>
      <trkpt lat="45.763870" lon="5.826150">
        <ele>498.56</ele>
      </trkpt>
      <trkpt lat="45.763920" lon="5.826090">
        <ele>499.72</ele>
      </trkpt>
      <trkpt lat="45.763960" lon="5.826030">
        <ele>496.91</ele>
      </trkpt>
      <trkpt lat="45.763990" lon="5.825980">
        <ele>495.88</ele>
      </trkpt>
      <trkpt lat="45.764020" lon="5.825920">
        <ele>495.62</ele>
      </trkpt>
      <trkpt lat="45.764050" lon="5.825850">
        <ele>495.97</ele>
      </trkpt>
      <trkpt lat="45.764080" lon="5.825690">
        <ele>494.04</ele>
      </trkpt>
      <trkpt lat="45.764110" lon="5.825570">
        <ele>493.67</ele>
      </trkpt>
      <trkpt lat="45.764120" lon="5.825520">
        <ele>491.78</ele>
      </trkpt>
      <trkpt lat="45.764130" lon="5.825460">
        <ele>489.31</ele>
      </trkpt>
      <trkpt lat="45.764150" lon="5.825420">
        <ele>486.33</ele>
      </trkpt>
      <trkpt lat="45.764180" lon="5.825380">
        <ele>485.56</ele>
      </trkpt>
      <trkpt lat="45.764210" lon="5.825330">
        <ele>484.4</ele>
      </trkpt>
      <trkpt lat="45.764260" lon="5.825280">
        <ele>487.05</ele>
      </trkpt>
      <trkpt lat="45.764310" lon="5.825250">
        <ele>488.94</ele>
      </trkpt>
      <trkpt lat="45.764370" lon="5.825210">
        <ele>487.28</ele>
      </trkpt>
      <trkpt lat="45.764450" lon="5.825170">
        <ele>487.55</ele>
      </trkpt>
      <trkpt lat="45.764580" lon="5.825130">
        <ele>490.32</ele>
      </trkpt>
      <trkpt lat="45.764720" lon="5.825080">
        <ele>488.08</ele>
      </trkpt>
      <trkpt lat="45.764860" lon="5.825030">
        <ele>488.56</ele>
      </trkpt>
      <trkpt lat="45.765000" lon="5.824980">
        <ele>491.38</ele>
      </trkpt>
      <trkpt lat="45.765190" lon="5.824910">
        <ele>495.06</ele>
      </trkpt>
      <trkpt lat="45.765320" lon="5.824860">
        <ele>494.82</ele>
      </trkpt>
      <trkpt lat="45.765450" lon="5.824810">
        <ele>494.39</ele>
      </trkpt>
      <trkpt lat="45.765600" lon="5.824750">
        <ele>490.51</ele>
      </trkpt>
      <trkpt lat="45.765720" lon="5.824700">
        <ele>486.17</ele>
      </trkpt>
      <trkpt lat="45.765830" lon="5.824630">
        <ele>483.49</ele>
      </trkpt>
      <trkpt lat="45.765950" lon="5.824540">
        <ele>480.55</ele>
      </trkpt>
      <trkpt lat="45.766050" lon="5.824460">
        <ele>477.95</ele>
      </trkpt>
      <trkpt lat="45.766190" lon="5.824300">
        <ele>476.7</ele>
      </trkpt>
      <trkpt lat="45.766320" lon="5.824140">
        <ele>477.09</ele>
      </trkpt>
      <trkpt lat="45.766430" lon="5.824010">
        <ele>472.66</ele>
      </trkpt>
      <trkpt lat="45.766520" lon="5.823940">
        <ele>469.8</ele>
      </trkpt>
      <trkpt lat="45.766610" lon="5.823880">
        <ele>467.53</ele>
      </trkpt>
      <trkpt lat="45.766660" lon="5.823860">
        <ele>464.98</ele>
      </trkpt>
      <trkpt lat="45.766700" lon="5.823840">
        <ele>465.27</ele>
      </trkpt>
      <trkpt lat="45.766760" lon="5.823820">
        <ele>465.86</ele>
      </trkpt>
      <trkpt lat="45.766810" lon="5.823810">
        <ele>466.53</ele>
      </trkpt>
      <trkpt lat="45.766860" lon="5.823800">
        <ele>467.23</ele>
      </trkpt>
      <trkpt lat="45.766910" lon="5.823790">
        <ele>468.17</ele>
      </trkpt>
      <trkpt lat="45.766960" lon="5.823780">
        <ele>466.07</ele>
      </trkpt>
      <trkpt lat="45.767000" lon="5.823770">
        <ele>468.63</ele>
      </trkpt>
      <trkpt lat="45.767050" lon="5.823740">
        <ele>471.18</ele>
      </trkpt>
      <trkpt lat="45.767090" lon="5.823710">
        <ele>473.73</ele>
      </trkpt>
      <trkpt lat="45.767150" lon="5.823650">
        <ele>476.13</ele>
      </trkpt>
      <trkpt lat="45.767210" lon="5.823590">
        <ele>478.71</ele>
      </trkpt>
      <trkpt lat="45.767260" lon="5.823530">
        <ele>473.99</ele>
      </trkpt>
      <trkpt lat="45.767290" lon="5.823490">
        <ele>472.15</ele>
      </trkpt>
      <trkpt lat="45.767320" lon="5.823460">
        <ele>470.58</ele>
      </trkpt>
      <trkpt lat="45.767380" lon="5.823380">
        <ele>469.41</ele>
      </trkpt>
      <trkpt lat="45.767500" lon="5.823270">
        <ele>468.38</ele>
      </trkpt>
      <trkpt lat="45.767540" lon="5.823210">
        <ele>470.35</ele>
      </trkpt>
      <trkpt lat="45.767590" lon="5.823150">
        <ele>469.85</ele>
      </trkpt>
      <trkpt lat="45.767620" lon="5.823090">
        <ele>469.58</ele>
      </trkpt>
      <trkpt lat="45.767660" lon="5.823010">
        <ele>469.33</ele>
      </trkpt>
      <trkpt lat="45.767700" lon="5.822950">
        <ele>469.07</ele>
      </trkpt>
      <trkpt lat="45.767730" lon="5.822880">
        <ele>468.7</ele>
      </trkpt>
      <trkpt lat="45.767770" lon="5.822830">
        <ele>471.92</ele>
      </trkpt>
      <trkpt lat="45.767820" lon="5.822770">
        <ele>471.23</ele>
      </trkpt>
      <trkpt lat="45.767930" lon="5.822670">
        <ele>472.44</ele>
      </trkpt>
      <trkpt lat="45.768090" lon="5.822560">
        <ele>473.11</ele>
      </trkpt>
      <trkpt lat="45.768320" lon="5.822380">
        <ele>476.13</ele>
      </trkpt>
      <trkpt lat="45.768580" lon="5.822190">
        <ele>475.18</ele>
      </trkpt>
      <trkpt lat="45.768820" lon="5.822030">
        <ele>477.34</ele>
      </trkpt>
      <trkpt lat="45.768880" lon="5.821990">
        <ele>479.67</ele>
      </trkpt>
      <trkpt lat="45.768980" lon="5.821930">
        <ele>480.77</ele>
      </trkpt>
      <trkpt lat="45.769220" lon="5.821830">
        <ele>481.65</ele>
      </trkpt>
      <trkpt lat="45.769490" lon="5.821720">
        <ele>485.07</ele>
      </trkpt>
      <trkpt lat="45.769750" lon="5.821610">
        <ele>491.46</ele>
      </trkpt>
      <trkpt lat="45.770020" lon="5.821500">
        <ele>490.08</ele>
      </trkpt>
      <trkpt lat="45.770280" lon="5.821390">
        <ele>494.54</ele>
      </trkpt>
      <trkpt lat="45.770690" lon="5.821210">
        <ele>494.82</ele>
      </trkpt>
      <trkpt lat="45.770830" lon="5.821140">
        <ele>496.63</ele>
      </trkpt>
      <trkpt lat="45.770940" lon="5.821080">
        <ele>494.37</ele>
      </trkpt>
      <trkpt lat="45.771090" lon="5.821020">
        <ele>501.85</ele>
      </trkpt>
      <trkpt lat="45.771180" lon="5.820990">
        <ele>498.83</ele>
      </trkpt>
      <trkpt lat="45.771290" lon="5.820970">
        <ele>498.74</ele>
      </trkpt>
      <trkpt lat="45.771420" lon="5.820950">
        <ele>497.36</ele>
      </trkpt>
      <trkpt lat="45.771680" lon="5.820930">
        <ele>496.62</ele>
      </trkpt>
      <trkpt lat="45.771810" lon="5.820930">
        <ele>493.33</ele>
      </trkpt>
      <trkpt lat="45.771940" lon="5.820940">
        <ele>495.32</ele>
      </trkpt>
      <trkpt lat="45.772110" lon="5.820950">
        <ele>495.37</ele>
      </trkpt>
      <trkpt lat="45.772230" lon="5.820950">
        <ele>498.4</ele>
      </trkpt>
      <trkpt lat="45.772350" lon="5.820950">
        <ele>501.31</ele>
      </trkpt>
      <trkpt lat="45.772470" lon="5.820960">
        <ele>506.72</ele>
      </trkpt>
      <trkpt lat="45.772550" lon="5.820960">
        <ele>510.99</ele>
      </trkpt>
      <trkpt lat="45.772660" lon="5.820960">
        <ele>513.38</ele>
      </trkpt>
      <trkpt lat="45.772760" lon="5.820960">
        <ele>513.58</ele>
      </trkpt>
      <trkpt lat="45.772910" lon="5.820960">
        <ele>513.72</ele>
      </trkpt>
      <trkpt lat="45.773040" lon="5.820970">
        <ele>508.27</ele>
      </trkpt>
      <trkpt lat="45.773110" lon="5.820970">
        <ele>509.39</ele>
      </trkpt>
      <trkpt lat="45.773180" lon="5.820970">
        <ele>512.57</ele>
      </trkpt>
      <trkpt lat="45.773230" lon="5.820970">
        <ele>511.54</ele>
      </trkpt>
      <trkpt lat="45.773280" lon="5.820970">
        <ele>511.11</ele>
      </trkpt>
      <trkpt lat="45.773330" lon="5.820960">
        <ele>508.09</ele>
      </trkpt>
      <trkpt lat="45.773360" lon="5.820960">
        <ele>500.47</ele>
      </trkpt>
      <trkpt lat="45.773400" lon="5.820950">
        <ele>493.48</ele>
      </trkpt>
      <trkpt lat="45.773430" lon="5.820940">
        <ele>489.7</ele>
      </trkpt>
      <trkpt lat="45.773460" lon="5.820910">
        <ele>486.49</ele>
      </trkpt>
      <trkpt lat="45.773480" lon="5.820890">
        <ele>487.23</ele>
      </trkpt>
      <trkpt lat="45.773490" lon="5.820850">
        <ele>488.14</ele>
      </trkpt>
      <trkpt lat="45.773500" lon="5.820810">
        <ele>489.36</ele>
      </trkpt>
      <trkpt lat="45.773500" lon="5.820750">
        <ele>488.29</ele>
      </trkpt>
      <trkpt lat="45.773500" lon="5.820700">
        <ele>485.63</ele>
      </trkpt>
      <trkpt lat="45.773490" lon="5.820660">
        <ele>483.5</ele>
      </trkpt>
      <trkpt lat="45.773470" lon="5.820620">
        <ele>480.87</ele>
      </trkpt>
      <trkpt lat="45.773440" lon="5.820570">
        <ele>478.46</ele>
      </trkpt>
      <trkpt lat="45.773420" lon="5.820530">
        <ele>476.19</ele>
      </trkpt>
      <trkpt lat="45.773390" lon="5.820480">
        <ele>475.83</ele>
      </trkpt>
      <trkpt lat="45.773360" lon="5.820450">
        <ele>475.19</ele>
      </trkpt>
      <trkpt lat="45.773340" lon="5.820410">
        <ele>475.26</ele>
      </trkpt>
      <trkpt lat="45.773320" lon="5.820360">
        <ele>475.14</ele>
      </trkpt>
      <trkpt lat="45.773320" lon="5.820320">
        <ele>474.81</ele>
      </trkpt>
      <trkpt lat="45.773320" lon="5.820270">
        <ele>474.25</ele>
      </trkpt>
      <trkpt lat="45.773320" lon="5.820210">
        <ele>473.76</ele>
      </trkpt>
      <trkpt lat="45.773340" lon="5.820160">
        <ele>473.23</ele>
      </trkpt>
      <trkpt lat="45.773360" lon="5.820120">
        <ele>472.74</ele>
      </trkpt>
      <trkpt lat="45.773390" lon="5.820070">
        <ele>471.54</ele>
      </trkpt>
      <trkpt lat="45.773420" lon="5.820040">
        <ele>470.55</ele>
      </trkpt>
      <trkpt lat="45.773480" lon="5.820000">
        <ele>469.52</ele>
      </trkpt>
      <trkpt lat="45.773540" lon="5.819990">
        <ele>468.59</ele>
      </trkpt>
      <trkpt lat="45.773600" lon="5.819980">
        <ele>467.74</ele>
      </trkpt>
      <trkpt lat="45.773660" lon="5.819960">
        <ele>466.73</ele>
      </trkpt>
      <trkpt lat="45.773730" lon="5.819940">
        <ele>465.68</ele>
      </trkpt>
      <trkpt lat="45.773780" lon="5.819920">
        <ele>464.6</ele>
      </trkpt>
      <trkpt lat="45.773830" lon="5.819890">
        <ele>463.44</ele>
      </trkpt>
      <trkpt lat="45.773870" lon="5.819870">
        <ele>462.21</ele>
      </trkpt>
      <trkpt lat="45.773900" lon="5.819840">
        <ele>461.9</ele>
      </trkpt>
      <trkpt lat="45.773920" lon="5.819800">
        <ele>463.07</ele>
      </trkpt>
      <trkpt lat="45.773940" lon="5.819750">
        <ele>464.14</ele>
      </trkpt>
      <trkpt lat="45.773940" lon="5.819700">
        <ele>465.19</ele>
      </trkpt>
      <trkpt lat="45.773940" lon="5.819650">
        <ele>466.27</ele>
      </trkpt>
      <trkpt lat="45.773950" lon="5.819610">
        <ele>467.47</ele>
      </trkpt>
      <trkpt lat="45.773970" lon="5.819580">
        <ele>465.79</ele>
      </trkpt>
      <trkpt lat="45.774000" lon="5.819560">
        <ele>464.28</ele>
      </trkpt>
      <trkpt lat="45.774040" lon="5.819550">
        <ele>462.91</ele>
      </trkpt>
      <trkpt lat="45.774070" lon="5.819560">
        <ele>461.69</ele>
      </trkpt>
      <trkpt lat="45.774100" lon="5.819580">
        <ele>460.57</ele>
      </trkpt>
      <trkpt lat="45.774150" lon="5.819610">
        <ele>461.02</ele>
      </trkpt>
      <trkpt lat="45.774190" lon="5.819650">
        <ele>460.54</ele>
      </trkpt>
      <trkpt lat="45.774230" lon="5.819680">
        <ele>459.09</ele>
      </trkpt>
      <trkpt lat="45.774290" lon="5.819710">
        <ele>457.63</ele>
      </trkpt>
      <trkpt lat="45.774330" lon="5.819730">
        <ele>456.15</ele>
      </trkpt>
      <trkpt lat="45.774370" lon="5.819750">
        <ele>454.64</ele>
      </trkpt>
      <trkpt lat="45.774430" lon="5.819770">
        <ele>454.11</ele>
      </trkpt>
      <trkpt lat="45.774480" lon="5.819780">
        <ele>454.47</ele>
      </trkpt>
      <trkpt lat="45.774540" lon="5.819800">
        <ele>454.69</ele>
      </trkpt>
      <trkpt lat="45.774590" lon="5.819820">
        <ele>454.73</ele>
      </trkpt>
      <trkpt lat="45.774640" lon="5.819840">
        <ele>454.66</ele>
      </trkpt>
      <trkpt lat="45.774720" lon="5.819880">
        <ele>454.48</ele>
      </trkpt>
      <trkpt lat="45.774740" lon="5.819910">
        <ele>454.32</ele>
      </trkpt>
      <trkpt lat="45.774750" lon="5.819940">
        <ele>454.22</ele>
      </trkpt>
      <trkpt lat="45.774770" lon="5.819990">
        <ele>454.18</ele>
      </trkpt>
      <trkpt lat="45.774780" lon="5.820030">
        <ele>454.86</ele>
      </trkpt>
      <trkpt lat="45.774790" lon="5.820080">
        <ele>455.44</ele>
      </trkpt>
      <trkpt lat="45.774800" lon="5.820140">
        <ele>455.87</ele>
      </trkpt>
      <trkpt lat="45.774810" lon="5.820200">
        <ele>456.21</ele>
      </trkpt>
      <trkpt lat="45.774820" lon="5.820260">
        <ele>456.36</ele>
      </trkpt>
      <trkpt lat="45.774830" lon="5.820290">
        <ele>457.53</ele>
      </trkpt>
      <trkpt lat="45.774840" lon="5.820340">
        <ele>458.73</ele>
      </trkpt>
      <trkpt lat="45.774860" lon="5.820380">
        <ele>459.97</ele>
      </trkpt>
      <trkpt lat="45.774880" lon="5.820420">
        <ele>461.11</ele>
      </trkpt>
      <trkpt lat="45.774910" lon="5.820450">
        <ele>462.19</ele>
      </trkpt>
      <trkpt lat="45.774950" lon="5.820490">
        <ele>461.35</ele>
      </trkpt>
      <trkpt lat="45.774990" lon="5.820510">
        <ele>461.67</ele>
      </trkpt>
      <trkpt lat="45.775030" lon="5.820530">
        <ele>461.63</ele>
      </trkpt>
      <trkpt lat="45.775080" lon="5.820540">
        <ele>464.38</ele>
      </trkpt>
      <trkpt lat="45.775140" lon="5.820560">
        <ele>466.79</ele>
      </trkpt>
      <trkpt lat="45.775200" lon="5.820570">
        <ele>468.84</ele>
      </trkpt>
      <trkpt lat="45.775250" lon="5.820580">
        <ele>469.21</ele>
      </trkpt>
      <trkpt lat="45.775310" lon="5.820580">
        <ele>472.39</ele>
      </trkpt>
      <trkpt lat="45.775370" lon="5.820590">
        <ele>472.42</ele>
      </trkpt>
      <trkpt lat="45.775430" lon="5.820590">
        <ele>472.45</ele>
      </trkpt>
      <trkpt lat="45.775480" lon="5.820590">
        <ele>472.63</ele>
      </trkpt>
      <trkpt lat="45.775530" lon="5.820570">
        <ele>473.06</ele>
      </trkpt>
      <trkpt lat="45.775560" lon="5.820560">
        <ele>468.35</ele>
      </trkpt>
      <trkpt lat="45.775590" lon="5.820550">
        <ele>463.91</ele>
      </trkpt>
      <trkpt lat="45.775620" lon="5.820520">
        <ele>459.8</ele>
      </trkpt>
      <trkpt lat="45.775650" lon="5.820490">
        <ele>455.87</ele>
      </trkpt>
      <trkpt lat="45.775660" lon="5.820460">
        <ele>452.1</ele>
      </trkpt>
      <trkpt lat="45.775680" lon="5.820400">
        <ele>453.52</ele>
      </trkpt>
      <trkpt lat="45.775690" lon="5.820350">
        <ele>455.06</ele>
      </trkpt>
      <trkpt lat="45.775700" lon="5.820270">
        <ele>456.56</ele>
      </trkpt>
      <trkpt lat="45.775710" lon="5.820200">
        <ele>455.48</ele>
      </trkpt>
      <trkpt lat="45.775720" lon="5.820130">
        <ele>454.34</ele>
      </trkpt>
      <trkpt lat="45.775740" lon="5.820050">
        <ele>450.55</ele>
      </trkpt>
      <trkpt lat="45.775750" lon="5.819980">
        <ele>446.75</ele>
      </trkpt>
      <trkpt lat="45.775760" lon="5.819920">
        <ele>443</ele>
      </trkpt>
      <trkpt lat="45.775780" lon="5.819860">
        <ele>441.87</ele>
      </trkpt>
      <trkpt lat="45.775790" lon="5.819810">
        <ele>440.82</ele>
      </trkpt>
      <trkpt lat="45.775810" lon="5.819750">
        <ele>439.35</ele>
      </trkpt>
      <trkpt lat="45.775830" lon="5.819710">
        <ele>437.85</ele>
      </trkpt>
      <trkpt lat="45.775880" lon="5.819660">
        <ele>436.02</ele>
      </trkpt>
      <trkpt lat="45.775910" lon="5.819640">
        <ele>435.08</ele>
      </trkpt>
      <trkpt lat="45.775970" lon="5.819630">
        <ele>434.13</ele>
      </trkpt>
      <trkpt lat="45.776010" lon="5.819640">
        <ele>433.48</ele>
      </trkpt>
      <trkpt lat="45.776050" lon="5.819670">
        <ele>433.09</ele>
      </trkpt>
      <trkpt lat="45.776110" lon="5.819720">
        <ele>433.23</ele>
      </trkpt>
      <trkpt lat="45.776140" lon="5.819760">
        <ele>432.67</ele>
      </trkpt>
      <trkpt lat="45.776190" lon="5.819790">
        <ele>432.39</ele>
      </trkpt>
      <trkpt lat="45.776230" lon="5.819810">
        <ele>432.31</ele>
      </trkpt>
      <trkpt lat="45.776270" lon="5.819830">
        <ele>432.05</ele>
      </trkpt>
      <trkpt lat="45.776300" lon="5.819840">
        <ele>431.62</ele>
      </trkpt>
      <trkpt lat="45.776340" lon="5.819840">
        <ele>431.04</ele>
      </trkpt>
      <trkpt lat="45.776380" lon="5.819840">
        <ele>430.18</ele>
      </trkpt>
      <trkpt lat="45.776420" lon="5.819830">
        <ele>429.29</ele>
      </trkpt>
      <trkpt lat="45.776460" lon="5.819810">
        <ele>428.4</ele>
      </trkpt>
      <trkpt lat="45.776490" lon="5.819770">
        <ele>427.09</ele>
      </trkpt>
      <trkpt lat="45.776500" lon="5.819730">
        <ele>425.97</ele>
      </trkpt>
      <trkpt lat="45.776510" lon="5.819680">
        <ele>425.1</ele>
      </trkpt>
      <trkpt lat="45.776500" lon="5.819640">
        <ele>424.53</ele>
      </trkpt>
      <trkpt lat="45.776480" lon="5.819580">
        <ele>424.27</ele>
      </trkpt>
      <trkpt lat="45.776440" lon="5.819550">
        <ele>424.87</ele>
      </trkpt>
      <trkpt lat="45.776390" lon="5.819520">
        <ele>425.37</ele>
      </trkpt>
      <trkpt lat="45.776310" lon="5.819480">
        <ele>426.23</ele>
      </trkpt>
      <trkpt lat="45.776210" lon="5.819430">
        <ele>427.29</ele>
      </trkpt>
      <trkpt lat="45.776100" lon="5.819390">
        <ele>428.27</ele>
      </trkpt>
      <trkpt lat="45.776020" lon="5.819350">
        <ele>428.8</ele>
      </trkpt>
      <trkpt lat="45.776000" lon="5.819340">
        <ele>429.08</ele>
      </trkpt>
      <trkpt lat="45.775950" lon="5.819320">
        <ele>429.41</ele>
      </trkpt>
      <trkpt lat="45.775840" lon="5.819270">
        <ele>429.55</ele>
      </trkpt>
      <trkpt lat="45.775750" lon="5.819230">
        <ele>429.76</ele>
      </trkpt>
      <trkpt lat="45.775680" lon="5.819190">
        <ele>430.29</ele>
      </trkpt>
      <trkpt lat="45.775640" lon="5.819160">
        <ele>431.23</ele>
      </trkpt>
      <trkpt lat="45.775590" lon="5.819130">
        <ele>431.77</ele>
      </trkpt>
      <trkpt lat="45.775560" lon="5.819100">
        <ele>432.24</ele>
      </trkpt>
      <trkpt lat="45.775520" lon="5.819070">
        <ele>432.55</ele>
      </trkpt>
      <trkpt lat="45.775490" lon="5.819030">
        <ele>432.68</ele>
      </trkpt>
      <trkpt lat="45.775470" lon="5.818980">
        <ele>432.3</ele>
      </trkpt>
      <trkpt lat="45.775440" lon="5.818930">
        <ele>429.88</ele>
      </trkpt>
      <trkpt lat="45.775420" lon="5.818790">
        <ele>427.47</ele>
      </trkpt>
      <trkpt lat="45.775420" lon="5.818690">
        <ele>425.13</ele>
      </trkpt>
      <trkpt lat="45.775410" lon="5.818580">
        <ele>422.08</ele>
      </trkpt>
      <trkpt lat="45.775410" lon="5.818450">
        <ele>419.3</ele>
      </trkpt>
      <trkpt lat="45.775390" lon="5.818260">
        <ele>417.56</ele>
      </trkpt>
      <trkpt lat="45.775370" lon="5.818040">
        <ele>415.61</ele>
      </trkpt>
      <trkpt lat="45.775360" lon="5.817840">
        <ele>413.29</ele>
      </trkpt>
      <trkpt lat="45.775340" lon="5.817670">
        <ele>411.54</ele>
      </trkpt>
      <trkpt lat="45.775330" lon="5.817500">
        <ele>409.84</ele>
      </trkpt>
      <trkpt lat="45.775310" lon="5.817390">
        <ele>408.99</ele>
      </trkpt>
      <trkpt lat="45.775300" lon="5.817310">
        <ele>408.09</ele>
      </trkpt>
      <trkpt lat="45.775290" lon="5.817240">
        <ele>407.55</ele>
      </trkpt>
      <trkpt lat="45.775270" lon="5.817190">
        <ele>407.22</ele>
      </trkpt>
      <trkpt lat="45.775250" lon="5.817110">
        <ele>407.05</ele>
      </trkpt>
      <trkpt lat="45.775220" lon="5.817060">
        <ele>407.01</ele>
      </trkpt>
      <trkpt lat="45.775190" lon="5.817010">
        <ele>406.38</ele>
      </trkpt>
      <trkpt lat="45.775150" lon="5.816960">
        <ele>405.05</ele>
      </trkpt>
      <trkpt lat="45.775130" lon="5.816810">
        <ele>403.76</ele>
      </trkpt>
      <trkpt lat="45.775120" lon="5.816700">
        <ele>402.46</ele>
      </trkpt>
      <trkpt lat="45.775080" lon="5.816550">
        <ele>400.2</ele>
      </trkpt>
      <trkpt lat="45.775050" lon="5.816390">
        <ele>398.54</ele>
      </trkpt>
      <trkpt lat="45.775030" lon="5.816170">
        <ele>397.35</ele>
      </trkpt>
      <trkpt lat="45.775070" lon="5.816110">
        <ele>395.96</ele>
      </trkpt>
      <trkpt lat="45.775110" lon="5.816040">
        <ele>394.49</ele>
      </trkpt>
      <trkpt lat="45.775140" lon="5.815970">
        <ele>393.96</ele>
      </trkpt>
      <trkpt lat="45.775170" lon="5.815860">
        <ele>393.59</ele>
      </trkpt>
      <trkpt lat="45.775220" lon="5.815700">
        <ele>393.39</ele>
      </trkpt>
      <trkpt lat="45.775250" lon="5.815650">
        <ele>393.31</ele>
      </trkpt>
      <trkpt lat="45.775280" lon="5.815590">
        <ele>392.72</ele>
      </trkpt>
      <trkpt lat="45.775320" lon="5.815520">
        <ele>392.34</ele>
      </trkpt>
      <trkpt lat="45.775390" lon="5.815430">
        <ele>391.54</ele>
      </trkpt>
      <trkpt lat="45.775500" lon="5.815310">
        <ele>390.4</ele>
      </trkpt>
      <trkpt lat="45.775650" lon="5.815150">
        <ele>388.99</ele>
      </trkpt>
      <trkpt lat="45.775760" lon="5.815000">
        <ele>387.56</ele>
      </trkpt>
      <trkpt lat="45.775910" lon="5.814770">
        <ele>386.35</ele>
      </trkpt>
      <trkpt lat="45.775970" lon="5.814660">
        <ele>385.53</ele>
      </trkpt>
      <trkpt lat="45.776030" lon="5.814600">
        <ele>385.04</ele>
      </trkpt>
      <trkpt lat="45.776080" lon="5.814580">
        <ele>384.78</ele>
      </trkpt>
      <trkpt lat="45.776110" lon="5.814580">
        <ele>385.03</ele>
      </trkpt>
      <trkpt lat="45.776190" lon="5.814590">
        <ele>385.03</ele>
      </trkpt>
      <trkpt lat="45.776240" lon="5.814610">
        <ele>385.13</ele>
      </trkpt>
      <trkpt lat="45.776290" lon="5.814640">
        <ele>385.32</ele>
      </trkpt>
      <trkpt lat="45.776350" lon="5.814650">
        <ele>385.6</ele>
      </trkpt>
      <trkpt lat="45.776420" lon="5.814670">
        <ele>385.61</ele>
      </trkpt>
      <trkpt lat="45.776440" lon="5.814680">
        <ele>385.39</ele>
      </trkpt>
      <trkpt lat="45.776490" lon="5.814690">
        <ele>384.91</ele>
      </trkpt>
      <trkpt lat="45.776610" lon="5.814710">
        <ele>384.25</ele>
      </trkpt>
      <trkpt lat="45.776820" lon="5.814750">
        <ele>383.56</ele>
      </trkpt>
      <trkpt lat="45.777230" lon="5.814850">
        <ele>383.25</ele>
      </trkpt>
      <trkpt lat="45.777550" lon="5.814950">
        <ele>383.02</ele>
      </trkpt>
      <trkpt lat="45.777760" lon="5.815040">
        <ele>382.44</ele>
      </trkpt>
      <trkpt lat="45.777900" lon="5.815090">
        <ele>381.81</ele>
      </trkpt>
      <trkpt lat="45.778070" lon="5.815160">
        <ele>381.34</ele>
      </trkpt>
      <trkpt lat="45.778280" lon="5.815240">
        <ele>380.6</ele>
      </trkpt>
      <trkpt lat="45.778470" lon="5.815310">
        <ele>379.88</ele>
      </trkpt>
      <trkpt lat="45.778560" lon="5.815350">
        <ele>379.57</ele>
      </trkpt>
      <trkpt lat="45.778720" lon="5.815410">
        <ele>379.21</ele>
      </trkpt>
      <trkpt lat="45.778870" lon="5.815480">
        <ele>378.69</ele>
      </trkpt>
      <trkpt lat="45.778940" lon="5.815520">
        <ele>378.4</ele>
      </trkpt>
      <trkpt lat="45.779000" lon="5.815550">
        <ele>378.16</ele>
      </trkpt>
      <trkpt lat="45.779020" lon="5.815570">
        <ele>377.97</ele>
      </trkpt>
      <trkpt lat="45.779170" lon="5.815680">
        <ele>378.15</ele>
      </trkpt>
      <trkpt lat="45.779290" lon="5.815780">
        <ele>378.11</ele>
      </trkpt>
      <trkpt lat="45.779410" lon="5.815890">
        <ele>378</ele>
      </trkpt>
      <trkpt lat="45.779530" lon="5.815980">
        <ele>377.85</ele>
      </trkpt>
      <trkpt lat="45.779620" lon="5.816040">
        <ele>377.8</ele>
      </trkpt>
      <trkpt lat="45.779720" lon="5.816120">
        <ele>377.56</ele>
      </trkpt>
      <trkpt lat="45.779830" lon="5.816200">
        <ele>377.47</ele>
      </trkpt>
      <trkpt lat="45.779940" lon="5.816290">
        <ele>377.58</ele>
      </trkpt>
      <trkpt lat="45.780050" lon="5.816380">
        <ele>377.63</ele>
      </trkpt>
      <trkpt lat="45.780270" lon="5.816550">
        <ele>377.53</ele>
      </trkpt>
      <trkpt lat="45.780460" lon="5.816710">
        <ele>377.39</ele>
      </trkpt>
      <trkpt lat="45.780660" lon="5.816880">
        <ele>377.13</ele>
      </trkpt>
      <trkpt lat="45.780870" lon="5.817060">
        <ele>376.66</ele>
      </trkpt>
      <trkpt lat="45.781090" lon="5.817250">
        <ele>376.15</ele>
      </trkpt>
      <trkpt lat="45.781290" lon="5.817420">
        <ele>376.59</ele>
      </trkpt>
      <trkpt lat="45.781490" lon="5.817590">
        <ele>376.83</ele>
      </trkpt>
      <trkpt lat="45.781660" lon="5.817710">
        <ele>377.03</ele>
      </trkpt>
      <trkpt lat="45.781720" lon="5.817740">
        <ele>377.27</ele>
      </trkpt>
      <trkpt lat="45.781770" lon="5.817760">
        <ele>378.98</ele>
      </trkpt>
      <trkpt lat="45.781780" lon="5.817770">
        <ele>379.58</ele>
      </trkpt>
      <trkpt lat="45.781820" lon="5.817780">
        <ele>380.21</ele>
      </trkpt>
      <trkpt lat="45.781870" lon="5.817790">
        <ele>380.82</ele>
      </trkpt>
      <trkpt lat="45.781920" lon="5.817800">
        <ele>381.14</ele>
      </trkpt>
      <trkpt lat="45.781960" lon="5.817800">
        <ele>379.65</ele>
      </trkpt>
      <trkpt lat="45.782020" lon="5.817810">
        <ele>380.87</ele>
      </trkpt>
      <trkpt lat="45.782080" lon="5.817810">
        <ele>380.78</ele>
      </trkpt>
      <trkpt lat="45.782430" lon="5.817810">
        <ele>382.44</ele>
      </trkpt>
      <trkpt lat="45.782860" lon="5.817800">
        <ele>383.6</ele>
      </trkpt>
      <trkpt lat="45.783270" lon="5.817800">
        <ele>385.44</ele>
      </trkpt>
      <trkpt lat="45.783380" lon="5.817800">
        <ele>387.44</ele>
      </trkpt>
      <trkpt lat="45.783660" lon="5.817810">
        <ele>388.84</ele>
      </trkpt>
      <trkpt lat="45.784100" lon="5.817820">
        <ele>391.89</ele>
      </trkpt>
      <trkpt lat="45.784260" lon="5.817830">
        <ele>394.32</ele>
      </trkpt>
      <trkpt lat="45.784370" lon="5.817840">
        <ele>395.36</ele>
      </trkpt>
      <trkpt lat="45.784460" lon="5.817830">
        <ele>397.24</ele>
      </trkpt>
      <trkpt lat="45.784520" lon="5.817830">
        <ele>400.17</ele>
      </trkpt>
      <trkpt lat="45.784600" lon="5.817820">
        <ele>398.76</ele>
      </trkpt>
      <trkpt lat="45.784660" lon="5.817810">
        <ele>397.96</ele>
      </trkpt>
      <trkpt lat="45.784730" lon="5.817800">
        <ele>397.11</ele>
      </trkpt>
      <trkpt lat="45.784790" lon="5.817800">
        <ele>396.09</ele>
      </trkpt>
      <trkpt lat="45.784850" lon="5.817810">
        <ele>395.51</ele>
      </trkpt>
      <trkpt lat="45.784890" lon="5.817820">
        <ele>395.31</ele>
      </trkpt>
      <trkpt lat="45.784950" lon="5.817830">
        <ele>395.22</ele>
      </trkpt>
      <trkpt lat="45.785010" lon="5.817860">
        <ele>395.59</ele>
      </trkpt>
      <trkpt lat="45.785060" lon="5.817890">
        <ele>395.02</ele>
      </trkpt>
      <trkpt lat="45.785110" lon="5.817910">
        <ele>394.76</ele>
      </trkpt>
      <trkpt lat="45.785150" lon="5.817940">
        <ele>395.37</ele>
      </trkpt>
      <trkpt lat="45.785200" lon="5.817980">
        <ele>396.76</ele>
      </trkpt>
      <trkpt lat="45.785240" lon="5.818030">
        <ele>398.84</ele>
      </trkpt>
      <trkpt lat="45.785270" lon="5.818080">
        <ele>398.7</ele>
      </trkpt>
      <trkpt lat="45.785310" lon="5.818130">
        <ele>399.03</ele>
      </trkpt>
      <trkpt lat="45.785340" lon="5.818180">
        <ele>399.39</ele>
      </trkpt>
      <trkpt lat="45.785370" lon="5.818240">
        <ele>399.29</ele>
      </trkpt>
      <trkpt lat="45.785400" lon="5.818310">
        <ele>397.13</ele>
      </trkpt>
      <trkpt lat="45.785430" lon="5.818390">
        <ele>395.52</ele>
      </trkpt>
      <trkpt lat="45.785450" lon="5.818470">
        <ele>394.31</ele>
      </trkpt>
      <trkpt lat="45.785470" lon="5.818550">
        <ele>393.46</ele>
      </trkpt>
      <trkpt lat="45.785490" lon="5.818620">
        <ele>393.39</ele>
      </trkpt>
      <trkpt lat="45.785500" lon="5.818690">
        <ele>395.88</ele>
      </trkpt>
      <trkpt lat="45.785510" lon="5.818740">
        <ele>395.08</ele>
      </trkpt>
      <trkpt lat="45.785520" lon="5.818820">
        <ele>394.06</ele>
      </trkpt>
      <trkpt lat="45.785520" lon="5.818880">
        <ele>393.07</ele>
      </trkpt>
      <trkpt lat="45.785520" lon="5.818920">
        <ele>392.17</ele>
      </trkpt>
      <trkpt lat="45.785520" lon="5.818980">
        <ele>391.11</ele>
      </trkpt>
      <trkpt lat="45.785520" lon="5.819050">
        <ele>393.21</ele>
      </trkpt>
      <trkpt lat="45.785510" lon="5.819100">
        <ele>395.46</ele>
      </trkpt>
      <trkpt lat="45.785510" lon="5.819160">
        <ele>393.45</ele>
      </trkpt>
      <trkpt lat="45.785500" lon="5.819220">
        <ele>391.34</ele>
      </trkpt>
      <trkpt lat="45.785490" lon="5.819290">
        <ele>389.1</ele>
      </trkpt>
      <trkpt lat="45.785480" lon="5.819370">
        <ele>386.7</ele>
      </trkpt>
      <trkpt lat="45.785460" lon="5.819440">
        <ele>384.09</ele>
      </trkpt>
      <trkpt lat="45.785450" lon="5.819520">
        <ele>385.41</ele>
      </trkpt>
      <trkpt lat="45.785440" lon="5.819590">
        <ele>386.63</ele>
      </trkpt>
      <trkpt lat="45.785420" lon="5.819650">
        <ele>387.91</ele>
      </trkpt>
      <trkpt lat="45.785400" lon="5.819720">
        <ele>389.22</ele>
      </trkpt>
      <trkpt lat="45.785380" lon="5.819790">
        <ele>390.56</ele>
      </trkpt>
      <trkpt lat="45.785360" lon="5.819850">
        <ele>392.18</ele>
      </trkpt>
      <trkpt lat="45.785340" lon="5.819900">
        <ele>394.01</ele>
      </trkpt>
      <trkpt lat="45.785310" lon="5.819990">
        <ele>396.61</ele>
      </trkpt>
      <trkpt lat="45.785260" lon="5.820100">
        <ele>394.22</ele>
      </trkpt>
      <trkpt lat="45.785100" lon="5.820470">
        <ele>392.55</ele>
      </trkpt>
      <trkpt lat="45.784980" lon="5.820780">
        <ele>390.68</ele>
      </trkpt>
      <trkpt lat="45.784840" lon="5.821090">
        <ele>385.07</ele>
      </trkpt>
      <trkpt lat="45.784740" lon="5.821290">
        <ele>378.66</ele>
      </trkpt>
      <trkpt lat="45.784690" lon="5.821420">
        <ele>377.29</ele>
      </trkpt>
      <trkpt lat="45.784650" lon="5.821500">
        <ele>378.06</ele>
      </trkpt>
      <trkpt lat="45.784590" lon="5.821590">
        <ele>378.95</ele>
      </trkpt>
      <trkpt lat="45.784550" lon="5.821680">
        <ele>380.73</ele>
      </trkpt>
      <trkpt lat="45.784520" lon="5.821740">
        <ele>382.47</ele>
      </trkpt>
      <trkpt lat="45.784510" lon="5.821800">
        <ele>384.18</ele>
      </trkpt>
      <trkpt lat="45.784510" lon="5.821850">
        <ele>383.05</ele>
      </trkpt>
      <trkpt lat="45.784510" lon="5.821910">
        <ele>381.85</ele>
      </trkpt>
      <trkpt lat="45.784520" lon="5.821960">
        <ele>383.2</ele>
      </trkpt>
      <trkpt lat="45.784540" lon="5.822020">
        <ele>382.76</ele>
      </trkpt>
      <trkpt lat="45.784560" lon="5.822050">
        <ele>382.05</ele>
      </trkpt>
      <trkpt lat="45.784590" lon="5.822100">
        <ele>381.17</ele>
      </trkpt>
      <trkpt lat="45.784600" lon="5.822120">
        <ele>378.04</ele>
      </trkpt>
      <trkpt lat="45.784610" lon="5.822140">
        <ele>374.97</ele>
      </trkpt>
      <trkpt lat="45.784640" lon="5.822210">
        <ele>373.64</ele>
      </trkpt>
      <trkpt lat="45.784670" lon="5.822260">
        <ele>372.59</ele>
      </trkpt>
      <trkpt lat="45.784690" lon="5.822300">
        <ele>371.79</ele>
      </trkpt>
      <trkpt lat="45.784720" lon="5.822370">
        <ele>373.31</ele>
      </trkpt>
      <trkpt lat="45.784760" lon="5.822430">
        <ele>375.05</ele>
      </trkpt>
      <trkpt lat="45.784790" lon="5.822490">
        <ele>374.45</ele>
      </trkpt>
      <trkpt lat="45.784820" lon="5.822560">
        <ele>371.85</ele>
      </trkpt>
      <trkpt lat="45.784850" lon="5.822630">
        <ele>369.03</ele>
      </trkpt>
      <trkpt lat="45.784870" lon="5.822700">
        <ele>365.99</ele>
      </trkpt>
      <trkpt lat="45.784880" lon="5.822780">
        <ele>362.64</ele>
      </trkpt>
      <trkpt lat="45.784900" lon="5.822840">
        <ele>361.51</ele>
      </trkpt>
      <trkpt lat="45.784910" lon="5.822910">
        <ele>360.38</ele>
      </trkpt>
      <trkpt lat="45.784910" lon="5.822980">
        <ele>359.19</ele>
      </trkpt>
      <trkpt lat="45.784920" lon="5.823060">
        <ele>357.9</ele>
      </trkpt>
      <trkpt lat="45.784920" lon="5.823120">
        <ele>356.47</ele>
      </trkpt>
      <trkpt lat="45.784910" lon="5.823170">
        <ele>354.85</ele>
      </trkpt>
      <trkpt lat="45.784900" lon="5.823230">
        <ele>357.31</ele>
      </trkpt>
      <trkpt lat="45.784880" lon="5.823270">
        <ele>359.68</ele>
      </trkpt>
      <trkpt lat="45.784840" lon="5.823320">
        <ele>362.01</ele>
      </trkpt>
      <trkpt lat="45.784800" lon="5.823370">
        <ele>364.32</ele>
      </trkpt>
      <trkpt lat="45.784760" lon="5.823410">
        <ele>362.05</ele>
      </trkpt>
      <trkpt lat="45.784720" lon="5.823460">
        <ele>360.57</ele>
      </trkpt>
      <trkpt lat="45.784590" lon="5.823590">
        <ele>358.49</ele>
      </trkpt>
      <trkpt lat="45.784420" lon="5.823760">
        <ele>355.99</ele>
      </trkpt>
      <trkpt lat="45.784210" lon="5.823970">
        <ele>353.35</ele>
      </trkpt>
      <trkpt lat="45.784080" lon="5.824110">
        <ele>357.79</ele>
      </trkpt>
      <trkpt lat="45.784030" lon="5.824160">
        <ele>358.76</ele>
      </trkpt>
      <trkpt lat="45.783940" lon="5.824230">
        <ele>356.22</ele>
      </trkpt>
      <trkpt lat="45.783870" lon="5.824290">
        <ele>353.83</ele>
      </trkpt>
      <trkpt lat="45.783810" lon="5.824340">
        <ele>355.6</ele>
      </trkpt>
      <trkpt lat="45.783770" lon="5.824380">
        <ele>354.93</ele>
      </trkpt>
      <trkpt lat="45.783750" lon="5.824410">
        <ele>354.59</ele>
      </trkpt>
      <trkpt lat="45.783740" lon="5.824440">
        <ele>358.46</ele>
      </trkpt>
      <trkpt lat="45.783740" lon="5.824470">
        <ele>362.8</ele>
      </trkpt>
      <trkpt lat="45.783730" lon="5.824490">
        <ele>363.25</ele>
      </trkpt>
      <trkpt lat="45.783740" lon="5.824520">
        <ele>359.62</ele>
      </trkpt>
      <trkpt lat="45.783750" lon="5.824530">
        <ele>356.09</ele>
      </trkpt>
      <trkpt lat="45.783760" lon="5.824550">
        <ele>352.76</ele>
      </trkpt>
      <trkpt lat="45.783780" lon="5.824560">
        <ele>349.48</ele>
      </trkpt>
      <trkpt lat="45.783810" lon="5.824560">
        <ele>346.31</ele>
      </trkpt>
      <trkpt lat="45.783830" lon="5.824560">
        <ele>347.48</ele>
      </trkpt>
      <trkpt lat="45.783850" lon="5.824560">
        <ele>348.72</ele>
      </trkpt>
      <trkpt lat="45.783870" lon="5.824560">
        <ele>349.89</ele>
      </trkpt>
      <trkpt lat="45.783900" lon="5.824550">
        <ele>351.16</ele>
      </trkpt>
      <trkpt lat="45.783920" lon="5.824530">
        <ele>352.46</ele>
      </trkpt>
      <trkpt lat="45.783960" lon="5.824510">
        <ele>353.74</ele>
      </trkpt>
      <trkpt lat="45.783990" lon="5.824500">
        <ele>351.03</ele>
      </trkpt>
      <trkpt lat="45.784010" lon="5.824480">
        <ele>348.42</ele>
      </trkpt>
      <trkpt lat="45.784040" lon="5.824460">
        <ele>345.7</ele>
      </trkpt>
      <trkpt lat="45.784070" lon="5.824440">
        <ele>342.95</ele>
      </trkpt>
      <trkpt lat="45.784100" lon="5.824410">
        <ele>340.28</ele>
      </trkpt>
      <trkpt lat="45.784130" lon="5.824380">
        <ele>341.66</ele>
      </trkpt>
      <trkpt lat="45.784160" lon="5.824340">
        <ele>345.69</ele>
      </trkpt>
      <trkpt lat="45.784190" lon="5.824310">
        <ele>349.61</ele>
      </trkpt>
      <trkpt lat="45.784220" lon="5.824280">
        <ele>353.39</ele>
      </trkpt>
      <trkpt lat="45.784250" lon="5.824240">
        <ele>354.62</ele>
      </trkpt>
      <trkpt lat="45.784280" lon="5.824220">
        <ele>355.6</ele>
      </trkpt>
      <trkpt lat="45.784310" lon="5.824190">
        <ele>353.7</ele>
      </trkpt>
      <trkpt lat="45.784350" lon="5.824180">
        <ele>351.79</ele>
      </trkpt>
      <trkpt lat="45.784390" lon="5.824160">
        <ele>349.84</ele>
      </trkpt>
      <trkpt lat="45.784430" lon="5.824150">
        <ele>350.31</ele>
      </trkpt>
      <trkpt lat="45.784470" lon="5.824140">
        <ele>348.18</ele>
      </trkpt>
      <trkpt lat="45.784520" lon="5.824130">
        <ele>346.38</ele>
      </trkpt>
      <trkpt lat="45.784610" lon="5.824120">
        <ele>344.96</ele>
      </trkpt>
      <trkpt lat="45.784720" lon="5.824100">
        <ele>341.96</ele>
      </trkpt>
      <trkpt lat="45.784850" lon="5.824090">
        <ele>339.62</ele>
      </trkpt>
      <trkpt lat="45.784990" lon="5.824070">
        <ele>338.05</ele>
      </trkpt>
      <trkpt lat="45.785130" lon="5.824070">
        <ele>336.65</ele>
      </trkpt>
      <trkpt lat="45.785230" lon="5.824060">
        <ele>335.33</ele>
      </trkpt>
      <trkpt lat="45.785320" lon="5.824050">
        <ele>333.72</ele>
      </trkpt>
      <trkpt lat="45.785400" lon="5.824030">
        <ele>331.37</ele>
      </trkpt>
      <trkpt lat="45.785450" lon="5.824020">
        <ele>331.15</ele>
      </trkpt>
      <trkpt lat="45.785470" lon="5.824020">
        <ele>330.61</ele>
      </trkpt>
      <trkpt lat="45.785540" lon="5.824000">
        <ele>329.87</ele>
      </trkpt>
      <trkpt lat="45.785590" lon="5.823980">
        <ele>329.5</ele>
      </trkpt>
      <trkpt lat="45.785660" lon="5.823960">
        <ele>329.09</ele>
      </trkpt>
      <trkpt lat="45.785750" lon="5.823920">
        <ele>330.94</ele>
      </trkpt>
      <trkpt lat="45.785770" lon="5.823910">
        <ele>330.36</ele>
      </trkpt>
      <trkpt lat="45.785870" lon="5.823850">
        <ele>330.07</ele>
      </trkpt>
      <trkpt lat="45.786000" lon="5.823770">
        <ele>331.66</ele>
      </trkpt>
      <trkpt lat="45.786140" lon="5.823680">
        <ele>330.39</ele>
      </trkpt>
      <trkpt lat="45.786230" lon="5.823630">
        <ele>326.68</ele>
      </trkpt>
      <trkpt lat="45.786300" lon="5.823580">
        <ele>325.37</ele>
      </trkpt>
      <trkpt lat="45.786340" lon="5.823550">
        <ele>323.58</ele>
      </trkpt>
      <trkpt lat="45.786370" lon="5.823510">
        <ele>324.04</ele>
      </trkpt>
      <trkpt lat="45.786410" lon="5.823480">
        <ele>327.35</ele>
      </trkpt>
      <trkpt lat="45.786440" lon="5.823440">
        <ele>330.51</ele>
      </trkpt>
      <trkpt lat="45.786480" lon="5.823390">
        <ele>331.11</ele>
      </trkpt>
      <trkpt lat="45.786520" lon="5.823320">
        <ele>331.42</ele>
      </trkpt>
      <trkpt lat="45.786570" lon="5.823260">
        <ele>328.88</ele>
      </trkpt>
      <trkpt lat="45.786610" lon="5.823190">
        <ele>326.15</ele>
      </trkpt>
      <trkpt lat="45.786650" lon="5.823110">
        <ele>325.97</ele>
      </trkpt>
      <trkpt lat="45.786670" lon="5.823050">
        <ele>327.74</ele>
      </trkpt>
      <trkpt lat="45.786710" lon="5.822970">
        <ele>329.37</ele>
      </trkpt>
      <trkpt lat="45.786720" lon="5.822890">
        <ele>330.92</ele>
      </trkpt>
      <trkpt lat="45.786730" lon="5.822840">
        <ele>332.28</ele>
      </trkpt>
      <trkpt lat="45.786740" lon="5.822790">
        <ele>330.64</ele>
      </trkpt>
      <trkpt lat="45.786760" lon="5.822730">
        <ele>329.14</ele>
      </trkpt>
      <trkpt lat="45.786780" lon="5.822650">
        <ele>327.67</ele>
      </trkpt>
      <trkpt lat="45.786810" lon="5.822600">
        <ele>326.2</ele>
      </trkpt>
      <trkpt lat="45.786840" lon="5.822540">
        <ele>324.75</ele>
      </trkpt>
      <trkpt lat="45.786870" lon="5.822470">
        <ele>323.51</ele>
      </trkpt>
      <trkpt lat="45.786910" lon="5.822390">
        <ele>322.29</ele>
      </trkpt>
      <trkpt lat="45.786930" lon="5.822350">
        <ele>321.09</ele>
      </trkpt>
      <trkpt lat="45.786960" lon="5.822290">
        <ele>323.31</ele>
      </trkpt>
      <trkpt lat="45.786980" lon="5.822250">
        <ele>325.63</ele>
      </trkpt>
      <trkpt lat="45.786990" lon="5.822200">
        <ele>327.89</ele>
      </trkpt>
      <trkpt lat="45.787010" lon="5.822140">
        <ele>330.17</ele>
      </trkpt>
      <trkpt lat="45.787020" lon="5.822080">
        <ele>332.41</ele>
      </trkpt>
      <trkpt lat="45.787030" lon="5.822040">
        <ele>331.22</ele>
      </trkpt>
      <trkpt lat="45.787040" lon="5.821990">
        <ele>329.96</ele>
      </trkpt>
      <trkpt lat="45.787050" lon="5.821930">
        <ele>331.8</ele>
      </trkpt>
      <trkpt lat="45.787060" lon="5.821870">
        <ele>330.24</ele>
      </trkpt>
      <trkpt lat="45.787070" lon="5.821790">
        <ele>328.65</ele>
      </trkpt>
      <trkpt lat="45.787080" lon="5.821710">
        <ele>326.71</ele>
      </trkpt>
      <trkpt lat="45.787090" lon="5.821660">
        <ele>324.81</ele>
      </trkpt>
      <trkpt lat="45.787110" lon="5.821530">
        <ele>319.82</ele>
      </trkpt>
      <trkpt lat="45.787120" lon="5.821480">
        <ele>318.17</ele>
      </trkpt>
      <trkpt lat="45.787130" lon="5.821430">
        <ele>320.09</ele>
      </trkpt>
      <trkpt lat="45.787140" lon="5.821380">
        <ele>322.31</ele>
      </trkpt>
      <trkpt lat="45.787150" lon="5.821340">
        <ele>324.53</ele>
      </trkpt>
      <trkpt lat="45.787160" lon="5.821290">
        <ele>326.82</ele>
      </trkpt>
      <trkpt lat="45.787180" lon="5.821240">
        <ele>329.2</ele>
      </trkpt>
      <trkpt lat="45.787200" lon="5.821200">
        <ele>328.18</ele>
      </trkpt>
      <trkpt lat="45.787230" lon="5.821170">
        <ele>327.32</ele>
      </trkpt>
      <trkpt lat="45.787250" lon="5.821140">
        <ele>326.65</ele>
      </trkpt>
      <trkpt lat="45.787280" lon="5.821110">
        <ele>326.11</ele>
      </trkpt>
      <trkpt lat="45.787320" lon="5.821080">
        <ele>322.72</ele>
      </trkpt>
      <trkpt lat="45.787340" lon="5.821060">
        <ele>319.51</ele>
      </trkpt>
      <trkpt lat="45.787390" lon="5.821030">
        <ele>316.53</ele>
      </trkpt>
      <trkpt lat="45.787430" lon="5.821010">
        <ele>313.75</ele>
      </trkpt>
      <trkpt lat="45.787470" lon="5.821000">
        <ele>311.18</ele>
      </trkpt>
      <trkpt lat="45.787530" lon="5.820980">
        <ele>311.8</ele>
      </trkpt>
      <trkpt lat="45.787590" lon="5.820970">
        <ele>312.58</ele>
      </trkpt>
      <trkpt lat="45.787650" lon="5.820950">
        <ele>313.55</ele>
      </trkpt>
      <trkpt lat="45.787710" lon="5.820950">
        <ele>314.52</ele>
      </trkpt>
      <trkpt lat="45.787790" lon="5.820940">
        <ele>315.57</ele>
      </trkpt>
      <trkpt lat="45.787820" lon="5.820930">
        <ele>313.37</ele>
      </trkpt>
      <trkpt lat="45.787870" lon="5.820930">
        <ele>311.17</ele>
      </trkpt>
      <trkpt lat="45.787920" lon="5.820930">
        <ele>308.97</ele>
      </trkpt>
      <trkpt lat="45.787970" lon="5.820920">
        <ele>306.82</ele>
      </trkpt>
      <trkpt lat="45.788030" lon="5.820920">
        <ele>304.69</ele>
      </trkpt>
      <trkpt lat="45.788070" lon="5.820920">
        <ele>305.8</ele>
      </trkpt>
      <trkpt lat="45.788120" lon="5.820920">
        <ele>304.99</ele>
      </trkpt>
      <trkpt lat="45.788160" lon="5.820920">
        <ele>304.02</ele>
      </trkpt>
      <trkpt lat="45.788200" lon="5.820920">
        <ele>302.99</ele>
      </trkpt>
      <trkpt lat="45.788230" lon="5.820910">
        <ele>301.87</ele>
      </trkpt>
      <trkpt lat="45.788260" lon="5.820900">
        <ele>300.69</ele>
      </trkpt>
      <trkpt lat="45.788310" lon="5.820890">
        <ele>301.33</ele>
      </trkpt>
      <trkpt lat="45.788340" lon="5.820870">
        <ele>301.98</ele>
      </trkpt>
      <trkpt lat="45.788390" lon="5.820840">
        <ele>301.06</ele>
      </trkpt>
      <trkpt lat="45.788440" lon="5.820810">
        <ele>300.07</ele>
      </trkpt>
      <trkpt lat="45.788500" lon="5.820760">
        <ele>299.01</ele>
      </trkpt>
      <trkpt lat="45.788560" lon="5.820720">
        <ele>297.94</ele>
      </trkpt>
      <trkpt lat="45.788600" lon="5.820690">
        <ele>296.91</ele>
      </trkpt>
      <trkpt lat="45.788660" lon="5.820680">
        <ele>297.52</ele>
      </trkpt>
      <trkpt lat="45.788700" lon="5.820710">
        <ele>298.18</ele>
      </trkpt>
      <trkpt lat="45.788720" lon="5.820790">
        <ele>298.82</ele>
      </trkpt>
      <trkpt lat="45.788710" lon="5.820860">
        <ele>297.77</ele>
      </trkpt>
      <trkpt lat="45.788680" lon="5.820930">
        <ele>296.56</ele>
      </trkpt>
      <trkpt lat="45.788640" lon="5.821000">
        <ele>295.13</ele>
      </trkpt>
      <trkpt lat="45.788590" lon="5.821110">
        <ele>293.6</ele>
      </trkpt>
      <trkpt lat="45.788550" lon="5.821200">
        <ele>292.03</ele>
      </trkpt>
      <trkpt lat="45.788510" lon="5.821290">
        <ele>292.07</ele>
      </trkpt>
      <trkpt lat="45.788480" lon="5.821370">
        <ele>292.17</ele>
      </trkpt>
      <trkpt lat="45.788450" lon="5.821440">
        <ele>292.3</ele>
      </trkpt>
      <trkpt lat="45.788410" lon="5.821510">
        <ele>292.5</ele>
      </trkpt>
      <trkpt lat="45.788360" lon="5.821560">
        <ele>292.77</ele>
      </trkpt>
      <trkpt lat="45.788320" lon="5.821650">
        <ele>293.09</ele>
      </trkpt>
      <trkpt lat="45.788310" lon="5.821710">
        <ele>291.81</ele>
      </trkpt>
      <trkpt lat="45.788300" lon="5.821760">
        <ele>290.77</ele>
      </trkpt>
      <trkpt lat="45.788290" lon="5.821870">
        <ele>289.88</ele>
      </trkpt>
      <trkpt lat="45.788280" lon="5.821960">
        <ele>288.94</ele>
      </trkpt>
      <trkpt lat="45.788270" lon="5.822030">
        <ele>288.13</ele>
      </trkpt>
      <trkpt lat="45.788270" lon="5.822050">
        <ele>289.12</ele>
      </trkpt>
      <trkpt lat="45.788250" lon="5.822120">
        <ele>287.96</ele>
      </trkpt>
      <trkpt lat="45.788230" lon="5.822200">
        <ele>288.9</ele>
      </trkpt>
      <trkpt lat="45.788220" lon="5.822290">
        <ele>289.94</ele>
      </trkpt>
      <trkpt lat="45.788190" lon="5.822390">
        <ele>290.92</ele>
      </trkpt>
      <trkpt lat="45.788170" lon="5.822450">
        <ele>291.79</ele>
      </trkpt>
      <trkpt lat="45.788160" lon="5.822520">
        <ele>292.68</ele>
      </trkpt>
      <trkpt lat="45.788140" lon="5.822570">
        <ele>291.39</ele>
      </trkpt>
      <trkpt lat="45.788130" lon="5.822630">
        <ele>290.08</ele>
      </trkpt>
      <trkpt lat="45.788110" lon="5.822690">
        <ele>288.74</ele>
      </trkpt>
      <trkpt lat="45.788090" lon="5.822740">
        <ele>287.35</ele>
      </trkpt>
      <trkpt lat="45.788080" lon="5.822790">
        <ele>287.88</ele>
      </trkpt>
      <trkpt lat="45.788060" lon="5.822840">
        <ele>288.35</ele>
      </trkpt>
      <trkpt lat="45.788040" lon="5.822880">
        <ele>288.79</ele>
      </trkpt>
      <trkpt lat="45.788030" lon="5.822910">
        <ele>289.21</ele>
      </trkpt>
      <trkpt lat="45.788020" lon="5.822950">
        <ele>289.64</ele>
      </trkpt>
      <trkpt lat="45.788010" lon="5.822990">
        <ele>288.63</ele>
      </trkpt>
      <trkpt lat="45.788000" lon="5.823030">
        <ele>287.6</ele>
      </trkpt>
      <trkpt lat="45.788000" lon="5.823070">
        <ele>286.55</ele>
      </trkpt>
      <trkpt lat="45.788000" lon="5.823100">
        <ele>285.5</ele>
      </trkpt>
      <trkpt lat="45.788010" lon="5.823130">
        <ele>284.4</ele>
      </trkpt>
      <trkpt lat="45.788030" lon="5.823160">
        <ele>284.68</ele>
      </trkpt>
      <trkpt lat="45.788050" lon="5.823180">
        <ele>284.91</ele>
      </trkpt>
      <trkpt lat="45.788080" lon="5.823190">
        <ele>285.02</ele>
      </trkpt>
      <trkpt lat="45.788100" lon="5.823190">
        <ele>284.91</ele>
      </trkpt>
      <trkpt lat="45.788130" lon="5.823170">
        <ele>284.56</ele>
      </trkpt>
      <trkpt lat="45.788170" lon="5.823120">
        <ele>284.15</ele>
      </trkpt>
      <trkpt lat="45.788210" lon="5.823040">
        <ele>283.69</ele>
      </trkpt>
      <trkpt lat="45.788270" lon="5.822960">
        <ele>283.25</ele>
      </trkpt>
      <trkpt lat="45.788310" lon="5.822920">
        <ele>282.88</ele>
      </trkpt>
      <trkpt lat="45.788340" lon="5.822880">
        <ele>282.65</ele>
      </trkpt>
      <trkpt lat="45.788380" lon="5.822830">
        <ele>282.43</ele>
      </trkpt>
      <trkpt lat="45.788420" lon="5.822790">
        <ele>280.36</ele>
      </trkpt>
      <trkpt lat="45.788470" lon="5.822750">
        <ele>278.46</ele>
      </trkpt>
      <trkpt lat="45.788520" lon="5.822720">
        <ele>276.81</ele>
      </trkpt>
      <trkpt lat="45.788570" lon="5.822690">
        <ele>275.23</ele>
      </trkpt>
      <trkpt lat="45.788620" lon="5.822670">
        <ele>273.99</ele>
      </trkpt>
      <trkpt lat="45.788630" lon="5.822660">
        <ele>272.87</ele>
      </trkpt>
      <trkpt lat="45.788700" lon="5.822640">
        <ele>273.72</ele>
      </trkpt>
      <trkpt lat="45.788750" lon="5.822630">
        <ele>274.47</ele>
      </trkpt>
      <trkpt lat="45.788820" lon="5.822620">
        <ele>275.27</ele>
      </trkpt>
      <trkpt lat="45.788880" lon="5.822610">
        <ele>275.87</ele>
      </trkpt>
      <trkpt lat="45.788930" lon="5.822600">
        <ele>278.3</ele>
      </trkpt>
      <trkpt lat="45.788980" lon="5.822590">
        <ele>277.34</ele>
      </trkpt>
      <trkpt lat="45.789020" lon="5.822580">
        <ele>276.41</ele>
      </trkpt>
      <trkpt lat="45.789080" lon="5.822560">
        <ele>275.51</ele>
      </trkpt>
      <trkpt lat="45.789130" lon="5.822530">
        <ele>274.64</ele>
      </trkpt>
      <trkpt lat="45.789170" lon="5.822510">
        <ele>273.78</ele>
      </trkpt>
      <trkpt lat="45.789220" lon="5.822480">
        <ele>274.25</ele>
      </trkpt>
      <trkpt lat="45.789250" lon="5.822450">
        <ele>271.1</ele>
      </trkpt>
      <trkpt lat="45.789270" lon="5.822440">
        <ele>267.77</ele>
      </trkpt>
      <trkpt lat="45.789320" lon="5.822400">
        <ele>264.29</ele>
      </trkpt>
      <trkpt lat="45.789360" lon="5.822350">
        <ele>264.53</ele>
      </trkpt>
      <trkpt lat="45.789400" lon="5.822290">
        <ele>261.1</ele>
      </trkpt>
      <trkpt lat="45.789520" lon="5.822140">
        <ele>261.47</ele>
      </trkpt>
      <trkpt lat="45.789640" lon="5.821960">
        <ele>264.82</ele>
      </trkpt>
      <trkpt lat="45.789740" lon="5.821830">
        <ele>265.95</ele>
      </trkpt>
      <trkpt lat="45.789800" lon="5.821750">
        <ele>263.45</ele>
      </trkpt>
      <trkpt lat="45.789880" lon="5.821690">
        <ele>264.64</ele>
      </trkpt>
      <trkpt lat="45.789950" lon="5.821640">
        <ele>265.64</ele>
      </trkpt>
      <trkpt lat="45.789990" lon="5.821620">
        <ele>263.82</ele>
      </trkpt>
      <trkpt lat="45.790040" lon="5.821580">
        <ele>264.3</ele>
      </trkpt>
      <trkpt lat="45.790100" lon="5.821540">
        <ele>262.97</ele>
      </trkpt>
      <trkpt lat="45.790120" lon="5.821530">
        <ele>261.9</ele>
      </trkpt>
      <trkpt lat="45.790200" lon="5.821490">
        <ele>261.04</ele>
      </trkpt>
      <trkpt lat="45.790320" lon="5.821430">
        <ele>258.3</ele>
      </trkpt>
      <trkpt lat="45.790410" lon="5.821390">
        <ele>258.1</ele>
      </trkpt>
      <trkpt lat="45.790440" lon="5.821370">
        <ele>260.28</ele>
      </trkpt>
      <trkpt lat="45.790560" lon="5.821320">
        <ele>260.13</ele>
      </trkpt>
      <trkpt lat="45.790690" lon="5.821260">
        <ele>260.31</ele>
      </trkpt>
      <trkpt lat="45.790810" lon="5.821210">
        <ele>260.41</ele>
      </trkpt>
      <trkpt lat="45.790920" lon="5.821140">
        <ele>258.92</ele>
      </trkpt>
      <trkpt lat="45.791050" lon="5.821070">
        <ele>257.3</ele>
      </trkpt>
      <trkpt lat="45.791180" lon="5.821000">
        <ele>257.91</ele>
      </trkpt>
      <trkpt lat="45.791320" lon="5.820930">
        <ele>257</ele>
      </trkpt>
      <trkpt lat="45.791460" lon="5.820870">
        <ele>256.96</ele>
      </trkpt>
      <trkpt lat="45.791650" lon="5.820780">
        <ele>255.12</ele>
      </trkpt>
      <trkpt lat="45.791860" lon="5.820680">
        <ele>255.39</ele>
      </trkpt>
      <trkpt lat="45.792120" lon="5.820550">
        <ele>253.95</ele>
      </trkpt>
      <trkpt lat="45.792340" lon="5.820440">
        <ele>252.15</ele>
      </trkpt>
      <trkpt lat="45.792460" lon="5.820380">
        <ele>251.71</ele>
      </trkpt>
      <trkpt lat="45.792690" lon="5.820280">
        <ele>252.35</ele>
      </trkpt>
      <trkpt lat="45.792810" lon="5.820220">
        <ele>248.16</ele>
      </trkpt>
      <trkpt lat="45.792900" lon="5.820180">
        <ele>247.69</ele>
      </trkpt>
      <trkpt lat="45.792950" lon="5.820150">
        <ele>248.48</ele>
      </trkpt>
      <trkpt lat="45.793000" lon="5.820120">
        <ele>248.94</ele>
      </trkpt>
      <trkpt lat="45.793000" lon="5.820110">
        <ele>249.14</ele>
      </trkpt>
      <trkpt lat="45.793050" lon="5.820070">
        <ele>251.39</ele>
      </trkpt>
      <trkpt lat="45.793110" lon="5.820010">
        <ele>250.16</ele>
      </trkpt>
      <trkpt lat="45.793190" lon="5.819930">
        <ele>249.6</ele>
      </trkpt>
      <trkpt lat="45.793280" lon="5.819820">
        <ele>248.04</ele>
      </trkpt>
      <trkpt lat="45.793400" lon="5.819690">
        <ele>246.44</ele>
      </trkpt>
      <trkpt lat="45.793510" lon="5.819570">
        <ele>244.64</ele>
      </trkpt>
      <trkpt lat="45.793530" lon="5.819560">
        <ele>243.59</ele>
      </trkpt>
      <trkpt lat="45.793630" lon="5.819460">
        <ele>241.96</ele>
      </trkpt>
      <trkpt lat="45.793750" lon="5.819370">
        <ele>240.99</ele>
      </trkpt>
      <trkpt lat="45.793910" lon="5.819270">
        <ele>240.11</ele>
      </trkpt>
      <trkpt lat="45.794120" lon="5.819130">
        <ele>239.91</ele>
      </trkpt>
      <trkpt lat="45.794260" lon="5.819030">
        <ele>239.54</ele>
      </trkpt>
      <trkpt lat="45.794490" lon="5.818820">
        <ele>239.01</ele>
      </trkpt>
      <trkpt lat="45.794620" lon="5.818690">
        <ele>238.62</ele>
      </trkpt>
      <trkpt lat="45.794740" lon="5.818580">
        <ele>238.09</ele>
      </trkpt>
      <trkpt lat="45.794920" lon="5.818390">
        <ele>237.08</ele>
      </trkpt>
      <trkpt lat="45.795020" lon="5.818270">
        <ele>236.71</ele>
      </trkpt>
      <trkpt lat="45.795080" lon="5.818210">
        <ele>235.73</ele>
      </trkpt>
      <trkpt lat="45.795130" lon="5.818170">
        <ele>234.88</ele>
      </trkpt>
      <trkpt lat="45.795180" lon="5.818140">
        <ele>234.13</ele>
      </trkpt>
      <trkpt lat="45.795220" lon="5.818110">
        <ele>233.43</ele>
      </trkpt>
      <trkpt lat="45.795270" lon="5.818080">
        <ele>232.79</ele>
      </trkpt>
      <trkpt lat="45.795310" lon="5.818060">
        <ele>233.11</ele>
      </trkpt>
      <trkpt lat="45.795380" lon="5.818040">
        <ele>233.95</ele>
      </trkpt>
      <trkpt lat="45.795460" lon="5.818020">
        <ele>235.31</ele>
      </trkpt>
      <trkpt lat="45.795530" lon="5.818000">
        <ele>235.25</ele>
      </trkpt>
      <trkpt lat="45.795600" lon="5.817980">
        <ele>235.64</ele>
      </trkpt>
      <trkpt lat="45.795700" lon="5.817950">
        <ele>236.87</ele>
      </trkpt>
      <trkpt lat="45.795770" lon="5.817940">
        <ele>236.6</ele>
      </trkpt>
      <trkpt lat="45.795940" lon="5.817900">
        <ele>236.78</ele>
      </trkpt>
      <trkpt lat="45.796060" lon="5.817890">
        <ele>237.15</ele>
      </trkpt>
      <trkpt lat="45.796180" lon="5.817870">
        <ele>237.65</ele>
      </trkpt>
      <trkpt lat="45.796290" lon="5.817850">
        <ele>237.7</ele>
      </trkpt>
      <trkpt lat="45.796380" lon="5.817830">
        <ele>237.28</ele>
      </trkpt>
      <trkpt lat="45.796480" lon="5.817810">
        <ele>236.34</ele>
      </trkpt>
      <trkpt lat="45.796570" lon="5.817790">
        <ele>237.1</ele>
      </trkpt>
      <trkpt lat="45.796650" lon="5.817770">
        <ele>236.05</ele>
      </trkpt>
      <trkpt lat="45.796740" lon="5.817750">
        <ele>234.62</ele>
      </trkpt>
      <trkpt lat="45.796810" lon="5.817730">
        <ele>234.9</ele>
      </trkpt>
      <trkpt lat="45.796900" lon="5.817710">
        <ele>235.03</ele>
      </trkpt>
      <trkpt lat="45.796970" lon="5.817690">
        <ele>233.84</ele>
      </trkpt>
      <trkpt lat="45.797050" lon="5.817680">
        <ele>234.28</ele>
      </trkpt>
      <trkpt lat="45.797120" lon="5.817670">
        <ele>234.82</ele>
      </trkpt>
      <trkpt lat="45.797200" lon="5.817660">
        <ele>235.51</ele>
      </trkpt>
      <trkpt lat="45.797270" lon="5.817650">
        <ele>234.54</ele>
      </trkpt>
      <trkpt lat="45.797340" lon="5.817650">
        <ele>234.65</ele>
      </trkpt>
      <trkpt lat="45.797410" lon="5.817650">
        <ele>234.67</ele>
      </trkpt>
      <trkpt lat="45.797480" lon="5.817650">
        <ele>233.56</ele>
      </trkpt>
      <trkpt lat="45.797560" lon="5.817660">
        <ele>232.28</ele>
      </trkpt>
      <trkpt lat="45.797670" lon="5.817690">
        <ele>232.55</ele>
      </trkpt>
      <trkpt lat="45.797770" lon="5.817710">
        <ele>232.13</ele>
      </trkpt>
      <trkpt lat="45.797840" lon="5.817720">
        <ele>231.66</ele>
      </trkpt>
      <trkpt lat="45.797930" lon="5.817740">
        <ele>232.12</ele>
      </trkpt>
      <trkpt lat="45.798030" lon="5.817740">
        <ele>232.58</ele>
      </trkpt>
      <trkpt lat="45.798100" lon="5.817730">
        <ele>232.35</ele>
      </trkpt>
      <trkpt lat="45.798190" lon="5.817730">
        <ele>232.87</ele>
      </trkpt>
      <trkpt lat="45.798280" lon="5.817710">
        <ele>232.62</ele>
      </trkpt>
      <trkpt lat="45.798390" lon="5.817700">
        <ele>232.44</ele>
      </trkpt>
      <trkpt lat="45.798500" lon="5.817680">
        <ele>234.13</ele>
      </trkpt>
      <trkpt lat="45.798640" lon="5.817650">
        <ele>235.62</ele>
      </trkpt>
      <trkpt lat="45.798920" lon="5.817590">
        <ele>236.26</ele>
      </trkpt>
      <trkpt lat="45.799200" lon="5.817530">
        <ele>236.73</ele>
      </trkpt>
      <trkpt lat="45.799540" lon="5.817470">
        <ele>236.63</ele>
      </trkpt>
      <trkpt lat="45.799780" lon="5.817430">
        <ele>234.62</ele>
      </trkpt>
      <trkpt lat="45.799900" lon="5.817400">
        <ele>233.11</ele>
      </trkpt>
      <trkpt lat="45.800040" lon="5.817360">
        <ele>232.29</ele>
      </trkpt>
      <trkpt lat="45.800160" lon="5.817320">
        <ele>232.32</ele>
      </trkpt>
      <trkpt lat="45.800250" lon="5.817290">
        <ele>232.28</ele>
      </trkpt>
      <trkpt lat="45.800340" lon="5.817260">
        <ele>235.58</ele>
      </trkpt>
      <trkpt lat="45.800470" lon="5.817210">
        <ele>235.96</ele>
      </trkpt>
      <trkpt lat="45.800580" lon="5.817170">
        <ele>238.3</ele>
      </trkpt>
      <trkpt lat="45.800700" lon="5.817140">
        <ele>239.2</ele>
      </trkpt>
      <trkpt lat="45.800860" lon="5.817090">
        <ele>241.75</ele>
      </trkpt>
      <trkpt lat="45.801020" lon="5.817050">
        <ele>239.69</ele>
      </trkpt>
      <trkpt lat="45.801150" lon="5.817040">
        <ele>241.64</ele>
      </trkpt>
      <trkpt lat="45.801330" lon="5.817040">
        <ele>241.85</ele>
      </trkpt>
      <trkpt lat="45.801460" lon="5.817040">
        <ele>241.35</ele>
      </trkpt>
      <trkpt lat="45.801520" lon="5.817040">
        <ele>239.64</ele>
      </trkpt>
      <trkpt lat="45.801560" lon="5.817030">
        <ele>239.16</ele>
      </trkpt>
      <trkpt lat="45.801620" lon="5.817040">
        <ele>238.02</ele>
      </trkpt>
      <trkpt lat="45.801690" lon="5.817050">
        <ele>235.79</ele>
      </trkpt>
      <trkpt lat="45.801780" lon="5.817060">
        <ele>235.56</ele>
      </trkpt>
      <trkpt lat="45.801850" lon="5.817070">
        <ele>235.33</ele>
      </trkpt>
      <trkpt lat="45.802030" lon="5.817120">
        <ele>234.5</ele>
      </trkpt>
      <trkpt lat="45.802350" lon="5.817190">
        <ele>233.42</ele>
      </trkpt>
      <trkpt lat="45.802780" lon="5.817290">
        <ele>233.09</ele>
      </trkpt>
      <trkpt lat="45.803060" lon="5.817360">
        <ele>232.89</ele>
      </trkpt>
      <trkpt lat="45.803150" lon="5.817380">
        <ele>232.61</ele>
      </trkpt>
      <trkpt lat="45.803230" lon="5.817390">
        <ele>232.78</ele>
      </trkpt>
      <trkpt lat="45.803310" lon="5.817400">
        <ele>233.16</ele>
      </trkpt>
      <trkpt lat="45.803430" lon="5.817420">
        <ele>233.53</ele>
      </trkpt>
      <trkpt lat="45.803490" lon="5.817430">
        <ele>233.78</ele>
      </trkpt>
      <trkpt lat="45.803560" lon="5.817440">
        <ele>234.06</ele>
      </trkpt>
      <trkpt lat="45.803610" lon="5.817440">
        <ele>234.2</ele>
      </trkpt>
      <trkpt lat="45.803690" lon="5.817440">
        <ele>234.23</ele>
      </trkpt>
      <trkpt lat="45.803770" lon="5.817440">
        <ele>234.3</ele>
      </trkpt>
      <trkpt lat="45.803810" lon="5.817450">
        <ele>234.42</ele>
      </trkpt>
      <trkpt lat="45.803880" lon="5.817460">
        <ele>234.56</ele>
      </trkpt>
      <trkpt lat="45.803960" lon="5.817460">
        <ele>234.65</ele>
      </trkpt>
      <trkpt lat="45.804010" lon="5.817460">
        <ele>234.81</ele>
      </trkpt>
      <trkpt lat="45.804080" lon="5.817470">
        <ele>234.97</ele>
      </trkpt>
      <trkpt lat="45.804160" lon="5.817460">
        <ele>235.15</ele>
      </trkpt>
      <trkpt lat="45.804200" lon="5.817460">
        <ele>235.35</ele>
      </trkpt>
      <trkpt lat="45.804260" lon="5.817460">
        <ele>235.34</ele>
      </trkpt>
      <trkpt lat="45.804310" lon="5.817470">
        <ele>235.39</ele>
      </trkpt>
      <trkpt lat="45.804340" lon="5.817470">
        <ele>235.77</ele>
      </trkpt>
      <trkpt lat="45.804390" lon="5.817470">
        <ele>235.46</ele>
      </trkpt>
      <trkpt lat="45.804510" lon="5.817480">
        <ele>235.89</ele>
      </trkpt>
      <trkpt lat="45.804630" lon="5.817490">
        <ele>235.71</ele>
      </trkpt>
      <trkpt lat="45.804760" lon="5.817530">
        <ele>235.35</ele>
      </trkpt>
      <trkpt lat="45.804870" lon="5.817600">
        <ele>234.61</ele>
      </trkpt>
      <trkpt lat="45.804950" lon="5.817680">
        <ele>234.44</ele>
      </trkpt>
      <trkpt lat="45.805000" lon="5.817770">
        <ele>233.42</ele>
      </trkpt>
      <trkpt lat="45.805050" lon="5.817870">
        <ele>233.63</ele>
      </trkpt>
      <trkpt lat="45.805110" lon="5.817980">
        <ele>234.2</ele>
      </trkpt>
      <trkpt lat="45.805270" lon="5.818160">
        <ele>234.91</ele>
      </trkpt>
      <trkpt lat="45.805530" lon="5.818460">
        <ele>235.46</ele>
      </trkpt>
      <trkpt lat="45.805710" lon="5.818660">
        <ele>236.37</ele>
      </trkpt>
      <trkpt lat="45.805830" lon="5.818800">
        <ele>237.05</ele>
      </trkpt>
      <trkpt lat="45.805930" lon="5.818920">
        <ele>237.41</ele>
      </trkpt>
      <trkpt lat="45.806010" lon="5.819030">
        <ele>237.63</ele>
      </trkpt>
      <trkpt lat="45.806080" lon="5.819150">
        <ele>237.75</ele>
      </trkpt>
      <trkpt lat="45.806140" lon="5.819260">
        <ele>237.64</ele>
      </trkpt>
      <trkpt lat="45.806190" lon="5.819350">
        <ele>237.66</ele>
      </trkpt>
      <trkpt lat="45.806210" lon="5.819400">
        <ele>237.71</ele>
      </trkpt>
      <trkpt lat="45.806230" lon="5.819470">
        <ele>236.92</ele>
      </trkpt>
      <trkpt lat="45.806240" lon="5.819510">
        <ele>236.62</ele>
      </trkpt>
      <trkpt lat="45.806250" lon="5.819620">
        <ele>235.96</ele>
      </trkpt>
      <trkpt lat="45.806260" lon="5.819790">
        <ele>235.6</ele>
      </trkpt>
      <trkpt lat="45.806270" lon="5.819970">
        <ele>234.67</ele>
      </trkpt>
      <trkpt lat="45.806270" lon="5.820220">
        <ele>234.67</ele>
      </trkpt>
      <trkpt lat="45.806280" lon="5.820460">
        <ele>234.4</ele>
      </trkpt>
      <trkpt lat="45.806290" lon="5.820660">
        <ele>234.28</ele>
      </trkpt>
      <trkpt lat="45.806300" lon="5.820770">
        <ele>233.72</ele>
      </trkpt>
      <trkpt lat="45.806320" lon="5.820910">
        <ele>233.73</ele>
      </trkpt>
      <trkpt lat="45.806340" lon="5.821040">
        <ele>233.73</ele>
      </trkpt>
      <trkpt lat="45.806380" lon="5.821310">
        <ele>233.73</ele>
      </trkpt>
      <trkpt lat="45.806450" lon="5.821750">
        <ele>233.95</ele>
      </trkpt>
      <trkpt lat="45.806470" lon="5.821910">
        <ele>234.2</ele>
      </trkpt>
      <trkpt lat="45.806560" lon="5.822470">
        <ele>234.27</ele>
      </trkpt>
      <trkpt lat="45.806590" lon="5.822620">
        <ele>234.3</ele>
      </trkpt>
      <trkpt lat="45.806660" lon="5.823050">
        <ele>234.49</ele>
      </trkpt>
      <trkpt lat="45.806690" lon="5.823260">
        <ele>234.45</ele>
      </trkpt>
      <trkpt lat="45.806720" lon="5.823430">
        <ele>234.45</ele>
      </trkpt>
      <trkpt lat="45.806740" lon="5.823570">
        <ele>234.68</ele>
      </trkpt>
      <trkpt lat="45.806770" lon="5.823670">
        <ele>234.79</ele>
      </trkpt>
      <trkpt lat="45.806810" lon="5.823770">
        <ele>234.74</ele>
      </trkpt>
      <trkpt lat="45.806860" lon="5.823900">
        <ele>234.89</ele>
      </trkpt>
      <trkpt lat="45.806930" lon="5.824030">
        <ele>234.55</ele>
      </trkpt>
      <trkpt lat="45.807090" lon="5.824260">
        <ele>234.24</ele>
      </trkpt>
      <trkpt lat="45.807200" lon="5.824430">
        <ele>234.05</ele>
      </trkpt>
      <trkpt lat="45.807240" lon="5.824500">
        <ele>234.03</ele>
      </trkpt>
      <trkpt lat="45.807290" lon="5.824570">
        <ele>233.49</ele>
      </trkpt>
      <trkpt lat="45.807330" lon="5.824650">
        <ele>233.29</ele>
      </trkpt>
      <trkpt lat="45.807390" lon="5.824750">
        <ele>233.01</ele>
      </trkpt>
      <trkpt lat="45.807490" lon="5.824930">
        <ele>232.57</ele>
      </trkpt>
      <trkpt lat="45.807630" lon="5.825230">
        <ele>232.07</ele>
      </trkpt>
      <trkpt lat="45.807800" lon="5.825610">
        <ele>232.03</ele>
      </trkpt>
      <trkpt lat="45.807990" lon="5.826010">
        <ele>232.05</ele>
      </trkpt>
      <trkpt lat="45.808160" lon="5.826420">
        <ele>231.98</ele>
      </trkpt>
      <trkpt lat="45.808330" lon="5.826840">
        <ele>232.45</ele>
      </trkpt>
      <trkpt lat="45.808440" lon="5.827150">
        <ele>232.69</ele>
      </trkpt>
      <trkpt lat="45.808490" lon="5.827310">
        <ele>232.86</ele>
      </trkpt>
      <trkpt lat="45.808520" lon="5.827470">
        <ele>232.97</ele>
      </trkpt>
      <trkpt lat="45.808520" lon="5.827540">
        <ele>234.37</ele>
      </trkpt>
      <trkpt lat="45.808530" lon="5.827590">
        <ele>235.21</ele>
      </trkpt>
      <trkpt lat="45.808540" lon="5.827650">
        <ele>236.12</ele>
      </trkpt>
      <trkpt lat="45.808540" lon="5.827710">
        <ele>237.91</ele>
      </trkpt>
      <trkpt lat="45.808550" lon="5.827840">
        <ele>239.76</ele>
      </trkpt>
      <trkpt lat="45.808570" lon="5.828090">
        <ele>240.85</ele>
      </trkpt>
      <trkpt lat="45.808590" lon="5.828320">
        <ele>242.25</ele>
      </trkpt>
      <trkpt lat="45.808610" lon="5.828510">
        <ele>243.93</ele>
      </trkpt>
      <trkpt lat="45.808620" lon="5.828670">
        <ele>245.01</ele>
      </trkpt>
      <trkpt lat="45.808650" lon="5.828830">
        <ele>246.33</ele>
      </trkpt>
      <trkpt lat="45.808690" lon="5.828980">
        <ele>247.33</ele>
      </trkpt>
      <trkpt lat="45.808720" lon="5.829100">
        <ele>248.1</ele>
      </trkpt>
      <trkpt lat="45.808740" lon="5.829170">
        <ele>249.73</ele>
      </trkpt>
      <trkpt lat="45.808770" lon="5.829240">
        <ele>251.06</ele>
      </trkpt>
      <trkpt lat="45.808810" lon="5.829330">
        <ele>252.04</ele>
      </trkpt>
      <trkpt lat="45.808850" lon="5.829400">
        <ele>252.7</ele>
      </trkpt>
      <trkpt lat="45.808880" lon="5.829450">
        <ele>253.11</ele>
      </trkpt>
      <trkpt lat="45.808930" lon="5.829520">
        <ele>253.23</ele>
      </trkpt>
      <trkpt lat="45.808970" lon="5.829580">
        <ele>253.24</ele>
      </trkpt>
      <trkpt lat="45.809030" lon="5.829660">
        <ele>252.99</ele>
      </trkpt>
      <trkpt lat="45.809080" lon="5.829710">
        <ele>252.96</ele>
      </trkpt>
      <trkpt lat="45.809130" lon="5.829760">
        <ele>253.16</ele>
      </trkpt>
      <trkpt lat="45.809190" lon="5.829810">
        <ele>252.2</ele>
      </trkpt>
      <trkpt lat="45.809250" lon="5.829860">
        <ele>251.36</ele>
      </trkpt>
      <trkpt lat="45.809320" lon="5.829910">
        <ele>250.8</ele>
      </trkpt>
      <trkpt lat="45.809380" lon="5.829960">
        <ele>250.1</ele>
      </trkpt>
      <trkpt lat="45.809430" lon="5.829990">
        <ele>249.38</ele>
      </trkpt>
      <trkpt lat="45.809500" lon="5.830040">
        <ele>248.9</ele>
      </trkpt>
      <trkpt lat="45.809560" lon="5.830090">
        <ele>248.94</ele>
      </trkpt>
      <trkpt lat="45.809610" lon="5.830140">
        <ele>248.95</ele>
      </trkpt>
      <trkpt lat="45.809670" lon="5.830200">
        <ele>248.91</ele>
      </trkpt>
      <trkpt lat="45.809710" lon="5.830250">
        <ele>248.77</ele>
      </trkpt>
      <trkpt lat="45.809770" lon="5.830330">
        <ele>248.73</ele>
      </trkpt>
      <trkpt lat="45.809820" lon="5.830380">
        <ele>248.46</ele>
      </trkpt>
      <trkpt lat="45.809850" lon="5.830410">
        <ele>248.18</ele>
      </trkpt>
      <trkpt lat="45.809900" lon="5.830450">
        <ele>247.91</ele>
      </trkpt>
      <trkpt lat="45.809940" lon="5.830460">
        <ele>247.63</ele>
      </trkpt>
      <trkpt lat="45.809980" lon="5.830480">
        <ele>247.32</ele>
      </trkpt>
      <trkpt lat="45.810020" lon="5.830490">
        <ele>246.63</ele>
      </trkpt>
      <trkpt lat="45.810050" lon="5.830500">
        <ele>245.73</ele>
      </trkpt>
      <trkpt lat="45.810100" lon="5.830510">
        <ele>244.68</ele>
      </trkpt>
      <trkpt lat="45.810150" lon="5.830510">
        <ele>243.48</ele>
      </trkpt>
      <trkpt lat="45.810210" lon="5.830510">
        <ele>242.14</ele>
      </trkpt>
      <trkpt lat="45.810270" lon="5.830520">
        <ele>240.7</ele>
      </trkpt>
      <trkpt lat="45.810320" lon="5.830520">
        <ele>239.42</ele>
      </trkpt>
      <trkpt lat="45.810380" lon="5.830520">
        <ele>238.51</ele>
      </trkpt>
      <trkpt lat="45.810420" lon="5.830530">
        <ele>237.76</ele>
      </trkpt>
      <trkpt lat="45.810470" lon="5.830550">
        <ele>237.34</ele>
      </trkpt>
      <trkpt lat="45.810500" lon="5.830570">
        <ele>237.19</ele>
      </trkpt>
      <trkpt lat="45.810540" lon="5.830600">
        <ele>237.2</ele>
      </trkpt>
      <trkpt lat="45.810570" lon="5.830630">
        <ele>237.16</ele>
      </trkpt>
      <trkpt lat="45.810610" lon="5.830670">
        <ele>237.27</ele>
      </trkpt>
      <trkpt lat="45.810650" lon="5.830730">
        <ele>237.31</ele>
      </trkpt>
      <trkpt lat="45.810680" lon="5.830790">
        <ele>237.37</ele>
      </trkpt>
      <trkpt lat="45.810700" lon="5.830840">
        <ele>237.45</ele>
      </trkpt>
      <trkpt lat="45.810720" lon="5.830890">
        <ele>237.51</ele>
      </trkpt>
      <trkpt lat="45.810730" lon="5.830930">
        <ele>237.43</ele>
      </trkpt>
      <trkpt lat="45.810750" lon="5.830970">
        <ele>237.42</ele>
      </trkpt>
      <trkpt lat="45.810750" lon="5.831010">
        <ele>237.52</ele>
      </trkpt>
      <trkpt lat="45.810750" lon="5.831050">
        <ele>237.7</ele>
      </trkpt>
      <trkpt lat="45.810760" lon="5.831100">
        <ele>238.01</ele>
      </trkpt>
      <trkpt lat="45.810760" lon="5.831130">
        <ele>238.59</ele>
      </trkpt>
      <trkpt lat="45.810760" lon="5.831180">
        <ele>239.2</ele>
      </trkpt>
      <trkpt lat="45.810760" lon="5.831240">
        <ele>239.87</ele>
      </trkpt>
      <trkpt lat="45.810750" lon="5.831280">
        <ele>239.56</ele>
      </trkpt>
      <trkpt lat="45.810750" lon="5.831350">
        <ele>239.3</ele>
      </trkpt>
      <trkpt lat="45.810740" lon="5.831420">
        <ele>239.06</ele>
      </trkpt>
      <trkpt lat="45.810730" lon="5.831480">
        <ele>238.94</ele>
      </trkpt>
      <trkpt lat="45.810730" lon="5.831550">
        <ele>238.89</ele>
      </trkpt>
      <trkpt lat="45.810710" lon="5.831630">
        <ele>239.97</ele>
      </trkpt>
      <trkpt lat="45.810710" lon="5.831730">
        <ele>239.76</ele>
      </trkpt>
      <trkpt lat="45.810700" lon="5.831820">
        <ele>239.38</ele>
      </trkpt>
      <trkpt lat="45.810710" lon="5.831880">
        <ele>238.8</ele>
      </trkpt>
      <trkpt lat="45.810710" lon="5.831980">
        <ele>238</ele>
      </trkpt>
      <trkpt lat="45.810720" lon="5.832080">
        <ele>237.02</ele>
      </trkpt>
      <trkpt lat="45.810730" lon="5.832170">
        <ele>236.73</ele>
      </trkpt>
      <trkpt lat="45.810730" lon="5.832240">
        <ele>236.44</ele>
      </trkpt>
      <trkpt lat="45.810740" lon="5.832310">
        <ele>236.16</ele>
      </trkpt>
      <trkpt lat="45.810740" lon="5.832340">
        <ele>235.9</ele>
      </trkpt>
      <trkpt lat="45.810740" lon="5.832370">
        <ele>235.62</ele>
      </trkpt>
      <trkpt lat="45.810730" lon="5.832450">
        <ele>235.79</ele>
      </trkpt>
      <trkpt lat="45.810720" lon="5.832490">
        <ele>236.53</ele>
      </trkpt>
      <trkpt lat="45.810710" lon="5.832520">
        <ele>237.18</ele>
      </trkpt>
      <trkpt lat="45.810690" lon="5.832550">
        <ele>236.93</ele>
      </trkpt>
      <trkpt lat="45.810630" lon="5.832620">
        <ele>236.94</ele>
      </trkpt>
      <trkpt lat="45.810460" lon="5.832800">
        <ele>236.7</ele>
      </trkpt>
      <trkpt lat="45.810300" lon="5.832960">
        <ele>235.86</ele>
      </trkpt>
      <trkpt lat="45.810110" lon="5.833150">
        <ele>234.95</ele>
      </trkpt>
      <trkpt lat="45.809920" lon="5.833360">
        <ele>234.85</ele>
      </trkpt>
      <trkpt lat="45.809710" lon="5.833580">
        <ele>234.38</ele>
      </trkpt>
      <trkpt lat="45.809640" lon="5.833660">
        <ele>235.4</ele>
      </trkpt>
      <trkpt lat="45.809590" lon="5.833720">
        <ele>236.46</ele>
      </trkpt>
      <trkpt lat="45.809540" lon="5.833800">
        <ele>236.29</ele>
      </trkpt>
      <trkpt lat="45.809500" lon="5.833860">
        <ele>236.29</ele>
      </trkpt>
      <trkpt lat="45.809470" lon="5.833930">
        <ele>236.48</ele>
      </trkpt>
      <trkpt lat="45.809440" lon="5.834000">
        <ele>235.76</ele>
      </trkpt>
      <trkpt lat="45.809410" lon="5.834080">
        <ele>234.92</ele>
      </trkpt>
      <trkpt lat="45.809300" lon="5.834390">
        <ele>234.74</ele>
      </trkpt>
      <trkpt lat="45.809200" lon="5.834700">
        <ele>234.56</ele>
      </trkpt>
      <trkpt lat="45.809030" lon="5.835210">
        <ele>234.34</ele>
      </trkpt>
      <trkpt lat="45.808870" lon="5.835710">
        <ele>233.94</ele>
      </trkpt>
      <trkpt lat="45.808700" lon="5.836220">
        <ele>233.84</ele>
      </trkpt>
      <trkpt lat="45.808530" lon="5.836730">
        <ele>234.15</ele>
      </trkpt>
      <trkpt lat="45.808370" lon="5.837190">
        <ele>234.05</ele>
      </trkpt>
      <trkpt lat="45.808220" lon="5.837650">
        <ele>233.87</ele>
      </trkpt>
      <trkpt lat="45.808070" lon="5.838110">
        <ele>233.48</ele>
      </trkpt>
      <trkpt lat="45.807920" lon="5.838580">
        <ele>232.94</ele>
      </trkpt>
      <trkpt lat="45.807760" lon="5.839060">
        <ele>233.06</ele>
      </trkpt>
      <trkpt lat="45.807600" lon="5.839550">
        <ele>233.48</ele>
      </trkpt>
      <trkpt lat="45.807420" lon="5.840070">
        <ele>233.79</ele>
      </trkpt>
      <trkpt lat="45.807240" lon="5.840600">
        <ele>234.33</ele>
      </trkpt>
      <trkpt lat="45.807120" lon="5.840990">
        <ele>234.39</ele>
      </trkpt>
      <trkpt lat="45.807000" lon="5.841480">
        <ele>234.38</ele>
      </trkpt>
      <trkpt lat="45.806900" lon="5.841840">
        <ele>233.92</ele>
      </trkpt>
      <trkpt lat="45.806810" lon="5.842200">
        <ele>233.79</ele>
      </trkpt>
      <trkpt lat="45.806700" lon="5.842640">
        <ele>233.28</ele>
      </trkpt>
      <trkpt lat="45.806590" lon="5.843090">
        <ele>233.51</ele>
      </trkpt>
      <trkpt lat="45.806500" lon="5.843400">
        <ele>233.45</ele>
      </trkpt>
      <trkpt lat="45.806420" lon="5.843720">
        <ele>233.91</ele>
      </trkpt>
      <trkpt lat="45.806360" lon="5.843970">
        <ele>234.24</ele>
      </trkpt>
      <trkpt lat="45.806340" lon="5.844060">
        <ele>234.83</ele>
      </trkpt>
      <trkpt lat="45.806320" lon="5.844150">
        <ele>235.26</ele>
      </trkpt>
      <trkpt lat="45.806310" lon="5.844230">
        <ele>235.47</ele>
      </trkpt>
      <trkpt lat="45.806300" lon="5.844350">
        <ele>235.69</ele>
      </trkpt>
      <trkpt lat="45.806300" lon="5.844420">
        <ele>235.93</ele>
      </trkpt>
      <trkpt lat="45.806300" lon="5.844470">
        <ele>236.24</ele>
      </trkpt>
      <trkpt lat="45.806310" lon="5.844530">
        <ele>236.51</ele>
      </trkpt>
      <trkpt lat="45.806330" lon="5.844640">
        <ele>237.02</ele>
      </trkpt>
      <trkpt lat="45.806340" lon="5.844700">
        <ele>237.18</ele>
      </trkpt>
      <trkpt lat="45.806350" lon="5.844750">
        <ele>237.68</ele>
      </trkpt>
      <trkpt lat="45.806400" lon="5.844920">
        <ele>237.48</ele>
      </trkpt>
      <trkpt lat="45.806510" lon="5.845160">
        <ele>237.15</ele>
      </trkpt>
      <trkpt lat="45.806590" lon="5.845370">
        <ele>236.96</ele>
      </trkpt>
      <trkpt lat="45.806650" lon="5.845530">
        <ele>237</ele>
      </trkpt>
      <trkpt lat="45.806690" lon="5.845680">
        <ele>236.58</ele>
      </trkpt>
      <trkpt lat="45.806710" lon="5.845730">
        <ele>236.67</ele>
      </trkpt>
      <trkpt lat="45.806730" lon="5.845810">
        <ele>236.81</ele>
      </trkpt>
      <trkpt lat="45.806750" lon="5.845890">
        <ele>237.01</ele>
      </trkpt>
      <trkpt lat="45.806770" lon="5.845970">
        <ele>237.18</ele>
      </trkpt>
      <trkpt lat="45.806780" lon="5.846050">
        <ele>237.1</ele>
      </trkpt>
      <trkpt lat="45.806800" lon="5.846170">
        <ele>236.62</ele>
      </trkpt>
      <trkpt lat="45.806830" lon="5.846380">
        <ele>236</ele>
      </trkpt>
      <trkpt lat="45.806830" lon="5.846620">
        <ele>235.18</ele>
      </trkpt>
      <trkpt lat="45.806810" lon="5.846850">
        <ele>234.37</ele>
      </trkpt>
      <trkpt lat="45.806820" lon="5.847020">
        <ele>233.8</ele>
      </trkpt>
      <trkpt lat="45.806840" lon="5.847090">
        <ele>233.63</ele>
      </trkpt>
      <trkpt lat="45.806900" lon="5.847200">
        <ele>234.07</ele>
      </trkpt>
      <trkpt lat="45.806960" lon="5.847280">
        <ele>234.27</ele>
      </trkpt>
      <trkpt lat="45.807090" lon="5.847430">
        <ele>234.75</ele>
      </trkpt>
      <trkpt lat="45.807230" lon="5.847610">
        <ele>235.5</ele>
      </trkpt>
      <trkpt lat="45.807350" lon="5.847780">
        <ele>236.3</ele>
      </trkpt>
      <trkpt lat="45.807410" lon="5.847860">
        <ele>236.55</ele>
      </trkpt>
      <trkpt lat="45.807460" lon="5.847920">
        <ele>236.27</ele>
      </trkpt>
      <trkpt lat="45.807540" lon="5.848060">
        <ele>235.8</ele>
      </trkpt>
      <trkpt lat="45.807660" lon="5.848220">
        <ele>235.17</ele>
      </trkpt>
      <trkpt lat="45.807690" lon="5.848260">
        <ele>234.98</ele>
      </trkpt>
      <trkpt lat="45.807720" lon="5.848300">
        <ele>234.22</ele>
      </trkpt>
      <trkpt lat="45.807910" lon="5.848530">
        <ele>234.69</ele>
      </trkpt>
      <trkpt lat="45.808190" lon="5.848830">
        <ele>234.81</ele>
      </trkpt>
      <trkpt lat="45.808490" lon="5.849160">
        <ele>234.75</ele>
      </trkpt>
      <trkpt lat="45.808610" lon="5.849290">
        <ele>235.3</ele>
      </trkpt>
      <trkpt lat="45.808690" lon="5.849360">
        <ele>236.41</ele>
      </trkpt>
      <trkpt lat="45.808750" lon="5.849420">
        <ele>236.98</ele>
      </trkpt>
      <trkpt lat="45.808800" lon="5.849460">
        <ele>237.74</ele>
      </trkpt>
      <trkpt lat="45.808860" lon="5.849490">
        <ele>238.89</ele>
      </trkpt>
      <trkpt lat="45.808930" lon="5.849530">
        <ele>238.72</ele>
      </trkpt>
      <trkpt lat="45.809080" lon="5.849610">
        <ele>239.45</ele>
      </trkpt>
      <trkpt lat="45.809310" lon="5.849750">
        <ele>240.67</ele>
      </trkpt>
      <trkpt lat="45.809500" lon="5.849850">
        <ele>241.83</ele>
      </trkpt>
      <trkpt lat="45.809610" lon="5.849920">
        <ele>242.58</ele>
      </trkpt>
      <trkpt lat="45.809670" lon="5.849970">
        <ele>243.45</ele>
      </trkpt>
      <trkpt lat="45.809730" lon="5.850020">
        <ele>243.34</ele>
      </trkpt>
      <trkpt lat="45.809790" lon="5.850070">
        <ele>243.22</ele>
      </trkpt>
      <trkpt lat="45.809860" lon="5.850130">
        <ele>243.21</ele>
      </trkpt>
      <trkpt lat="45.809940" lon="5.850200">
        <ele>243.3</ele>
      </trkpt>
      <trkpt lat="45.810020" lon="5.850270">
        <ele>243.62</ele>
      </trkpt>
      <trkpt lat="45.810140" lon="5.850380">
        <ele>244.04</ele>
      </trkpt>
      <trkpt lat="45.810210" lon="5.850450">
        <ele>243.95</ele>
      </trkpt>
      <trkpt lat="45.810260" lon="5.850500">
        <ele>243.81</ele>
      </trkpt>
      <trkpt lat="45.810320" lon="5.850540">
        <ele>243.94</ele>
      </trkpt>
      <trkpt lat="45.810380" lon="5.850550">
        <ele>243.89</ele>
      </trkpt>
      <trkpt lat="45.810450" lon="5.850550">
        <ele>243.88</ele>
      </trkpt>
      <trkpt lat="45.810530" lon="5.850540">
        <ele>243.91</ele>
      </trkpt>
      <trkpt lat="45.810550" lon="5.850520">
        <ele>244</ele>
      </trkpt>
      <trkpt lat="45.810580" lon="5.850490">
        <ele>243.85</ele>
      </trkpt>
      <trkpt lat="45.810600" lon="5.850480">
        <ele>243.75</ele>
      </trkpt>
      <trkpt lat="45.810630" lon="5.850480">
        <ele>243.64</ele>
      </trkpt>
      <trkpt lat="45.810660" lon="5.850480">
        <ele>243.76</ele>
      </trkpt>
      <trkpt lat="45.810690" lon="5.850500">
        <ele>243.89</ele>
      </trkpt>
      <trkpt lat="45.810710" lon="5.850510">
        <ele>244.02</ele>
      </trkpt>
      <trkpt lat="45.810740" lon="5.850530">
        <ele>244.17</ele>
      </trkpt>
      <trkpt lat="45.810760" lon="5.850560">
        <ele>244.33</ele>
      </trkpt>
      <trkpt lat="45.810780" lon="5.850600">
        <ele>244.72</ele>
      </trkpt>
      <trkpt lat="45.810780" lon="5.850630">
        <ele>245.06</ele>
      </trkpt>
      <trkpt lat="45.810800" lon="5.850710">
        <ele>245.36</ele>
      </trkpt>
      <trkpt lat="45.810830" lon="5.850830">
        <ele>245.56</ele>
      </trkpt>
      <trkpt lat="45.810860" lon="5.850870">
        <ele>245.71</ele>
      </trkpt>
      <trkpt lat="45.810900" lon="5.850910">
        <ele>245.36</ele>
      </trkpt>
      <trkpt lat="45.810930" lon="5.850920">
        <ele>245.54</ele>
      </trkpt>
      <trkpt lat="45.810960" lon="5.850920">
        <ele>245.73</ele>
      </trkpt>
      <trkpt lat="45.811000" lon="5.850900">
        <ele>245.97</ele>
      </trkpt>
      <trkpt lat="45.811030" lon="5.850880">
        <ele>246.21</ele>
      </trkpt>
      <trkpt lat="45.811060" lon="5.850850">
        <ele>246.48</ele>
      </trkpt>
      <trkpt lat="45.811100" lon="5.850820">
        <ele>246.23</ele>
      </trkpt>
      <trkpt lat="45.811130" lon="5.850790">
        <ele>245.98</ele>
      </trkpt>
      <trkpt lat="45.811170" lon="5.850760">
        <ele>245.75</ele>
      </trkpt>
      <trkpt lat="45.811200" lon="5.850740">
        <ele>245.96</ele>
      </trkpt>
      <trkpt lat="45.811240" lon="5.850730">
        <ele>246.19</ele>
      </trkpt>
      <trkpt lat="45.811270" lon="5.850730">
        <ele>246.45</ele>
      </trkpt>
      <trkpt lat="45.811300" lon="5.850740">
        <ele>246.73</ele>
      </trkpt>
      <trkpt lat="45.811320" lon="5.850750">
        <ele>247.02</ele>
      </trkpt>
      <trkpt lat="45.811340" lon="5.850770">
        <ele>246.89</ele>
      </trkpt>
      <trkpt lat="45.811370" lon="5.850800">
        <ele>246.76</ele>
      </trkpt>
      <trkpt lat="45.811390" lon="5.850830">
        <ele>246.61</ele>
      </trkpt>
      <trkpt lat="45.811410" lon="5.850850">
        <ele>246.31</ele>
      </trkpt>
      <trkpt lat="45.811430" lon="5.850890">
        <ele>247.13</ele>
      </trkpt>
      <trkpt lat="45.811520" lon="5.851060">
        <ele>247.78</ele>
      </trkpt>
      <trkpt lat="45.811590" lon="5.851220">
        <ele>248.34</ele>
      </trkpt>
      <trkpt lat="45.811630" lon="5.851310">
        <ele>248.87</ele>
      </trkpt>
      <trkpt lat="45.811660" lon="5.851370">
        <ele>249.51</ele>
      </trkpt>
      <trkpt lat="45.811670" lon="5.851410">
        <ele>250.52</ele>
      </trkpt>
      <trkpt lat="45.811670" lon="5.851460">
        <ele>251.71</ele>
      </trkpt>
      <trkpt lat="45.811670" lon="5.851510">
        <ele>253.02</ele>
      </trkpt>
      <trkpt lat="45.811670" lon="5.851540">
        <ele>254.41</ele>
      </trkpt>
      <trkpt lat="45.811670" lon="5.851590">
        <ele>255.94</ele>
      </trkpt>
      <trkpt lat="45.811660" lon="5.851610">
        <ele>256.06</ele>
      </trkpt>
      <trkpt lat="45.811640" lon="5.851650">
        <ele>256.52</ele>
      </trkpt>
      <trkpt lat="45.811630" lon="5.851680">
        <ele>257.49</ele>
      </trkpt>
      <trkpt lat="45.811570" lon="5.851790">
        <ele>258.53</ele>
      </trkpt>
      <trkpt lat="45.811420" lon="5.852010">
        <ele>259.54</ele>
      </trkpt>
      <trkpt lat="45.811320" lon="5.852170">
        <ele>261.02</ele>
      </trkpt>
      <trkpt lat="45.811230" lon="5.852320">
        <ele>263.16</ele>
      </trkpt>
      <trkpt lat="45.811080" lon="5.852570">
        <ele>264.04</ele>
      </trkpt>
      <trkpt lat="45.810980" lon="5.852750">
        <ele>264.87</ele>
      </trkpt>
      <trkpt lat="45.810940" lon="5.852810">
        <ele>265.71</ele>
      </trkpt>
      <trkpt lat="45.810920" lon="5.852860">
        <ele>266.05</ele>
      </trkpt>
      <trkpt lat="45.810900" lon="5.852900">
        <ele>265.42</ele>
      </trkpt>
      <trkpt lat="45.810890" lon="5.852960">
        <ele>265.56</ele>
      </trkpt>
      <trkpt lat="45.810880" lon="5.853010">
        <ele>265.65</ele>
      </trkpt>
      <trkpt lat="45.810880" lon="5.853070">
        <ele>266.72</ele>
      </trkpt>
      <trkpt lat="45.810880" lon="5.853100">
        <ele>267.74</ele>
      </trkpt>
      <trkpt lat="45.810880" lon="5.853150">
        <ele>268.72</ele>
      </trkpt>
      <trkpt lat="45.810880" lon="5.853220">
        <ele>269.67</ele>
      </trkpt>
      <trkpt lat="45.810880" lon="5.853280">
        <ele>270.65</ele>
      </trkpt>
      <trkpt lat="45.810880" lon="5.853320">
        <ele>270.69</ele>
      </trkpt>
      <trkpt lat="45.810880" lon="5.853380">
        <ele>270.83</ele>
      </trkpt>
      <trkpt lat="45.810870" lon="5.853420">
        <ele>271.11</ele>
      </trkpt>
      <trkpt lat="45.810860" lon="5.853460">
        <ele>271.53</ele>
      </trkpt>
      <trkpt lat="45.810840" lon="5.853510">
        <ele>275.27</ele>
      </trkpt>
      <trkpt lat="45.810820" lon="5.853550">
        <ele>279.21</ele>
      </trkpt>
      <trkpt lat="45.810800" lon="5.853590">
        <ele>283.49</ele>
      </trkpt>
      <trkpt lat="45.810770" lon="5.853630">
        <ele>284.49</ele>
      </trkpt>
      <trkpt lat="45.810710" lon="5.853700">
        <ele>285.38</ele>
      </trkpt>
      <trkpt lat="45.810650" lon="5.853780">
        <ele>282.95</ele>
      </trkpt>
      <trkpt lat="45.810640" lon="5.853810">
        <ele>280.46</ele>
      </trkpt>
      <trkpt lat="45.810540" lon="5.853960">
        <ele>282.28</ele>
      </trkpt>
      <trkpt lat="45.810360" lon="5.854240">
        <ele>284.23</ele>
      </trkpt>
      <trkpt lat="45.810200" lon="5.854480">
        <ele>286.3</ele>
      </trkpt>
      <trkpt lat="45.810130" lon="5.854580">
        <ele>288.54</ele>
      </trkpt>
      <trkpt lat="45.810080" lon="5.854650">
        <ele>290.82</ele>
      </trkpt>
      <trkpt lat="45.810040" lon="5.854700">
        <ele>288.56</ele>
      </trkpt>
      <trkpt lat="45.809990" lon="5.854740">
        <ele>289.65</ele>
      </trkpt>
      <trkpt lat="45.809940" lon="5.854780">
        <ele>291.17</ele>
      </trkpt>
      <trkpt lat="45.809870" lon="5.854820">
        <ele>293.5</ele>
      </trkpt>
      <trkpt lat="45.809770" lon="5.854890">
        <ele>291.99</ele>
      </trkpt>
      <trkpt lat="45.809640" lon="5.854990">
        <ele>290.69</ele>
      </trkpt>
      <trkpt lat="45.809560" lon="5.855050">
        <ele>289.49</ele>
      </trkpt>
      <trkpt lat="45.809520" lon="5.855080">
        <ele>288.06</ele>
      </trkpt>
      <trkpt lat="45.809480" lon="5.855120">
        <ele>286.03</ele>
      </trkpt>
      <trkpt lat="45.809440" lon="5.855160">
        <ele>290.86</ele>
      </trkpt>
      <trkpt lat="45.809400" lon="5.855210">
        <ele>293.42</ele>
      </trkpt>
      <trkpt lat="45.809350" lon="5.855280">
        <ele>296.12</ele>
      </trkpt>
      <trkpt lat="45.809220" lon="5.855460">
        <ele>302.39</ele>
      </trkpt>
      <trkpt lat="45.809100" lon="5.855620">
        <ele>305.29</ele>
      </trkpt>
      <trkpt lat="45.809030" lon="5.855690">
        <ele>305.63</ele>
      </trkpt>
      <trkpt lat="45.808970" lon="5.855750">
        <ele>308.81</ele>
      </trkpt>
      <trkpt lat="45.808900" lon="5.855800">
        <ele>309.81</ele>
      </trkpt>
      <trkpt lat="45.808790" lon="5.855870">
        <ele>307.51</ele>
      </trkpt>
      <trkpt lat="45.808670" lon="5.855940">
        <ele>308.93</ele>
      </trkpt>
      <trkpt lat="45.808580" lon="5.856000">
        <ele>310.2</ele>
      </trkpt>
      <trkpt lat="45.808460" lon="5.856080">
        <ele>310.5</ele>
      </trkpt>
      <trkpt lat="45.808220" lon="5.856260">
        <ele>310.05</ele>
      </trkpt>
      <trkpt lat="45.808200" lon="5.856270">
        <ele>312.8</ele>
      </trkpt>
      <trkpt lat="45.807910" lon="5.856480">
        <ele>312.44</ele>
      </trkpt>
      <trkpt lat="45.807710" lon="5.856630">
        <ele>314.01</ele>
      </trkpt>
      <trkpt lat="45.807600" lon="5.856690">
        <ele>317.18</ele>
      </trkpt>
      <trkpt lat="45.807380" lon="5.856800">
        <ele>321.15</ele>
      </trkpt>
      <trkpt lat="45.807120" lon="5.856940">
        <ele>321.75</ele>
      </trkpt>
      <trkpt lat="45.806960" lon="5.857040">
        <ele>324.88</ele>
      </trkpt>
      <trkpt lat="45.806860" lon="5.857130">
        <ele>323.71</ele>
      </trkpt>
      <trkpt lat="45.806830" lon="5.857150">
        <ele>321.14</ele>
      </trkpt>
      <trkpt lat="45.806760" lon="5.857200">
        <ele>320.55</ele>
      </trkpt>
      <trkpt lat="45.806720" lon="5.857230">
        <ele>319.81</ele>
      </trkpt>
      <trkpt lat="45.806650" lon="5.857270">
        <ele>319.23</ele>
      </trkpt>
      <trkpt lat="45.806590" lon="5.857300">
        <ele>322.17</ele>
      </trkpt>
      <trkpt lat="45.806540" lon="5.857320">
        <ele>326.74</ele>
      </trkpt>
      <trkpt lat="45.806410" lon="5.857370">
        <ele>328.11</ele>
      </trkpt>
      <trkpt lat="45.806270" lon="5.857400">
        <ele>330.38</ele>
      </trkpt>
      <trkpt lat="45.806180" lon="5.857440">
        <ele>333.02</ele>
      </trkpt>
      <trkpt lat="45.806080" lon="5.857470">
        <ele>330.83</ele>
      </trkpt>
      <trkpt lat="45.806030" lon="5.857490">
        <ele>327.81</ele>
      </trkpt>
      <trkpt lat="45.805950" lon="5.857520">
        <ele>328.24</ele>
      </trkpt>
      <trkpt lat="45.805870" lon="5.857540">
        <ele>328.17</ele>
      </trkpt>
      <trkpt lat="45.805830" lon="5.857570">
        <ele>328.08</ele>
      </trkpt>
      <trkpt lat="45.805770" lon="5.857600">
        <ele>327.08</ele>
      </trkpt>
      <trkpt lat="45.805720" lon="5.857640">
        <ele>325.58</ele>
      </trkpt>
      <trkpt lat="45.805680" lon="5.857690">
        <ele>328.1</ele>
      </trkpt>
      <trkpt lat="45.805640" lon="5.857750">
        <ele>330.22</ele>
      </trkpt>
      <trkpt lat="45.805590" lon="5.857800">
        <ele>332</ele>
      </trkpt>
      <trkpt lat="45.805540" lon="5.857840">
        <ele>338.29</ele>
      </trkpt>
      <trkpt lat="45.805490" lon="5.857880">
        <ele>341.58</ele>
      </trkpt>
      <trkpt lat="45.805430" lon="5.857910">
        <ele>340.61</ele>
      </trkpt>
      <trkpt lat="45.805390" lon="5.857930">
        <ele>339.72</ele>
      </trkpt>
      <trkpt lat="45.805340" lon="5.857940">
        <ele>338.93</ele>
      </trkpt>
      <trkpt lat="45.805290" lon="5.857960">
        <ele>338.16</ele>
      </trkpt>
      <trkpt lat="45.805230" lon="5.857970">
        <ele>337.15</ele>
      </trkpt>
      <trkpt lat="45.805170" lon="5.857990">
        <ele>336.29</ele>
      </trkpt>
      <trkpt lat="45.805120" lon="5.858020">
        <ele>335.47</ele>
      </trkpt>
      <trkpt lat="45.805040" lon="5.858060">
        <ele>332.3</ele>
      </trkpt>
      <trkpt lat="45.804960" lon="5.858120">
        <ele>333.02</ele>
      </trkpt>
      <trkpt lat="45.804860" lon="5.858170">
        <ele>338.06</ele>
      </trkpt>
      <trkpt lat="45.804760" lon="5.858210">
        <ele>338.56</ele>
      </trkpt>
      <trkpt lat="45.804670" lon="5.858250">
        <ele>339.75</ele>
      </trkpt>
      <trkpt lat="45.804560" lon="5.858280">
        <ele>344.08</ele>
      </trkpt>
      <trkpt lat="45.804490" lon="5.858310">
        <ele>344.97</ele>
      </trkpt>
      <trkpt lat="45.804400" lon="5.858360">
        <ele>340.96</ele>
      </trkpt>
      <trkpt lat="45.804340" lon="5.858400">
        <ele>342.16</ele>
      </trkpt>
      <trkpt lat="45.804110" lon="5.858570">
        <ele>342.49</ele>
      </trkpt>
      <trkpt lat="45.803980" lon="5.858660">
        <ele>341.78</ele>
      </trkpt>
      <trkpt lat="45.803910" lon="5.858710">
        <ele>340.24</ele>
      </trkpt>
      <trkpt lat="45.803850" lon="5.858770">
        <ele>341.99</ele>
      </trkpt>
      <trkpt lat="45.803830" lon="5.858800">
        <ele>342.59</ele>
      </trkpt>
      <trkpt lat="45.803810" lon="5.858820">
        <ele>339.13</ele>
      </trkpt>
      <trkpt lat="45.803770" lon="5.858870">
        <ele>343.09</ele>
      </trkpt>
      <trkpt lat="45.803680" lon="5.858970">
        <ele>341.76</ele>
      </trkpt>
      <trkpt lat="45.803530" lon="5.859150">
        <ele>347.77</ele>
      </trkpt>
      <trkpt lat="45.803390" lon="5.859320">
        <ele>354.08</ele>
      </trkpt>
      <trkpt lat="45.803310" lon="5.859430">
        <ele>364.65</ele>
      </trkpt>
      <trkpt lat="45.803260" lon="5.859470">
        <ele>364.16</ele>
      </trkpt>
      <trkpt lat="45.803200" lon="5.859520">
        <ele>367.09</ele>
      </trkpt>
      <trkpt lat="45.803040" lon="5.859650">
        <ele>369.6</ele>
      </trkpt>
      <trkpt lat="45.802820" lon="5.859830">
        <ele>372.99</ele>
      </trkpt>
      <trkpt lat="45.802720" lon="5.859900">
        <ele>369.72</ele>
      </trkpt>
      <trkpt lat="45.802660" lon="5.859930">
        <ele>370.71</ele>
      </trkpt>
      <trkpt lat="45.802590" lon="5.859970">
        <ele>374.46</ele>
      </trkpt>
      <trkpt lat="45.802550" lon="5.859980">
        <ele>372.16</ele>
      </trkpt>
      <trkpt lat="45.802490" lon="5.860000">
        <ele>369.91</ele>
      </trkpt>
      <trkpt lat="45.802440" lon="5.860010">
        <ele>370.29</ele>
      </trkpt>
      <trkpt lat="45.802360" lon="5.860030">
        <ele>371.16</ele>
      </trkpt>
      <trkpt lat="45.802260" lon="5.860040">
        <ele>372.38</ele>
      </trkpt>
      <trkpt lat="45.802180" lon="5.860060">
        <ele>369.11</ele>
      </trkpt>
      <trkpt lat="45.802100" lon="5.860080">
        <ele>367.4</ele>
      </trkpt>
      <trkpt lat="45.802030" lon="5.860100">
        <ele>366.65</ele>
      </trkpt>
      <trkpt lat="45.801860" lon="5.860160">
        <ele>370.96</ele>
      </trkpt>
      <trkpt lat="45.801700" lon="5.860220">
        <ele>371.1</ele>
      </trkpt>
      <trkpt lat="45.801540" lon="5.860300">
        <ele>375.24</ele>
      </trkpt>
      <trkpt lat="45.801420" lon="5.860360">
        <ele>376.8</ele>
      </trkpt>
      <trkpt lat="45.801350" lon="5.860400">
        <ele>381.19</ele>
      </trkpt>
      <trkpt lat="45.801310" lon="5.860440">
        <ele>375.86</ele>
      </trkpt>
      <trkpt lat="45.801250" lon="5.860490">
        <ele>373.86</ele>
      </trkpt>
      <trkpt lat="45.801190" lon="5.860520">
        <ele>378.99</ele>
      </trkpt>
      <trkpt lat="45.801090" lon="5.860620">
        <ele>377.65</ele>
      </trkpt>
      <trkpt lat="45.801010" lon="5.860690">
        <ele>377.19</ele>
      </trkpt>
      <trkpt lat="45.800940" lon="5.860750">
        <ele>381.11</ele>
      </trkpt>
      <trkpt lat="45.800880" lon="5.860780">
        <ele>385.47</ele>
      </trkpt>
      <trkpt lat="45.800830" lon="5.860820">
        <ele>383.64</ele>
      </trkpt>
      <trkpt lat="45.800780" lon="5.860840">
        <ele>381.96</ele>
      </trkpt>
      <trkpt lat="45.800720" lon="5.860880">
        <ele>380.26</ele>
      </trkpt>
      <trkpt lat="45.800660" lon="5.860910">
        <ele>378.71</ele>
      </trkpt>
      <trkpt lat="45.800610" lon="5.860930">
        <ele>377.58</ele>
      </trkpt>
      <trkpt lat="45.800550" lon="5.860950">
        <ele>376.07</ele>
      </trkpt>
      <trkpt lat="45.800490" lon="5.860980">
        <ele>374.19</ele>
      </trkpt>
      <trkpt lat="45.800440" lon="5.861010">
        <ele>371.67</ele>
      </trkpt>
      <trkpt lat="45.800410" lon="5.861030">
        <ele>368.38</ele>
      </trkpt>
      <trkpt lat="45.800380" lon="5.861070">
        <ele>370.68</ele>
      </trkpt>
      <trkpt lat="45.800360" lon="5.861100">
        <ele>372.53</ele>
      </trkpt>
      <trkpt lat="45.800310" lon="5.861160">
        <ele>376.64</ele>
      </trkpt>
      <trkpt lat="45.800230" lon="5.861260">
        <ele>380.57</ele>
      </trkpt>
      <trkpt lat="45.800120" lon="5.861390">
        <ele>384.63</ele>
      </trkpt>
      <trkpt lat="45.800070" lon="5.861440">
        <ele>391.56</ele>
      </trkpt>
      <trkpt lat="45.800000" lon="5.861480">
        <ele>392.16</ele>
      </trkpt>
      <trkpt lat="45.799900" lon="5.861530">
        <ele>400.32</ele>
      </trkpt>
      <trkpt lat="45.799740" lon="5.861630">
        <ele>402.23</ele>
      </trkpt>
      <trkpt lat="45.799590" lon="5.861720">
        <ele>404.57</ele>
      </trkpt>
      <trkpt lat="45.799500" lon="5.861760">
        <ele>397.95</ele>
      </trkpt>
      <trkpt lat="45.799450" lon="5.861790">
        <ele>398.02</ele>
      </trkpt>
      <trkpt lat="45.799400" lon="5.861810">
        <ele>389.63</ele>
      </trkpt>
      <trkpt lat="45.799350" lon="5.861820">
        <ele>388.04</ele>
      </trkpt>
      <trkpt lat="45.799300" lon="5.861840">
        <ele>386.41</ele>
      </trkpt>
      <trkpt lat="45.799250" lon="5.861850">
        <ele>384.77</ele>
      </trkpt>
      <trkpt lat="45.799200" lon="5.861860">
        <ele>382.94</ele>
      </trkpt>
      <trkpt lat="45.799150" lon="5.861880">
        <ele>386.77</ele>
      </trkpt>
      <trkpt lat="45.799110" lon="5.861890">
        <ele>390.49</ele>
      </trkpt>
      <trkpt lat="45.799070" lon="5.861910">
        <ele>393.91</ele>
      </trkpt>
      <trkpt lat="45.799020" lon="5.861950">
        <ele>397.85</ele>
      </trkpt>
      <trkpt lat="45.798960" lon="5.862010">
        <ele>402.51</ele>
      </trkpt>
      <trkpt lat="45.798850" lon="5.862090">
        <ele>403</ele>
      </trkpt>
      <trkpt lat="45.798750" lon="5.862180">
        <ele>403.99</ele>
      </trkpt>
      <trkpt lat="45.798620" lon="5.862270">
        <ele>408.69</ele>
      </trkpt>
      <trkpt lat="45.798500" lon="5.862340">
        <ele>414.83</ele>
      </trkpt>
      <trkpt lat="45.798390" lon="5.862410">
        <ele>422.58</ele>
      </trkpt>
      <trkpt lat="45.798330" lon="5.862440">
        <ele>436.83</ele>
      </trkpt>
      <trkpt lat="45.798270" lon="5.862470">
        <ele>438.2</ele>
      </trkpt>
      <trkpt lat="45.798210" lon="5.862490">
        <ele>438.96</ele>
      </trkpt>
      <trkpt lat="45.798150" lon="5.862500">
        <ele>443.01</ele>
      </trkpt>
      <trkpt lat="45.798070" lon="5.862520">
        <ele>436.13</ele>
      </trkpt>
      <trkpt lat="45.797950" lon="5.862540">
        <ele>432.07</ele>
      </trkpt>
      <trkpt lat="45.797830" lon="5.862560">
        <ele>432.43</ele>
      </trkpt>
      <trkpt lat="45.797710" lon="5.862570">
        <ele>434.66</ele>
      </trkpt>
      <trkpt lat="45.797580" lon="5.862610">
        <ele>434.41</ele>
      </trkpt>
      <trkpt lat="45.797450" lon="5.862640">
        <ele>431.66</ele>
      </trkpt>
      <trkpt lat="45.797370" lon="5.862660">
        <ele>424.55</ele>
      </trkpt>
      <trkpt lat="45.797330" lon="5.862670">
        <ele>426.02</ele>
      </trkpt>
      <trkpt lat="45.797300" lon="5.862690">
        <ele>423.58</ele>
      </trkpt>
      <trkpt lat="45.797260" lon="5.862710">
        <ele>419.71</ele>
      </trkpt>
      <trkpt lat="45.797220" lon="5.862730">
        <ele>428.75</ele>
      </trkpt>
      <trkpt lat="45.797160" lon="5.862740">
        <ele>428.37</ele>
      </trkpt>
      <trkpt lat="45.797100" lon="5.862740">
        <ele>428.18</ele>
      </trkpt>
      <trkpt lat="45.797050" lon="5.862740">
        <ele>427.79</ele>
      </trkpt>
      <trkpt lat="45.797010" lon="5.862740">
        <ele>426.32</ele>
      </trkpt>
      <trkpt lat="45.796970" lon="5.862750">
        <ele>423.46</ele>
      </trkpt>
      <trkpt lat="45.796940" lon="5.862750">
        <ele>436.11</ele>
      </trkpt>
      <trkpt lat="45.796910" lon="5.862760">
        <ele>447.97</ele>
      </trkpt>
      <trkpt lat="45.796860" lon="5.862780">
        <ele>454.06</ele>
      </trkpt>
      <trkpt lat="45.796820" lon="5.862800">
        <ele>459.86</ele>
      </trkpt>
      <trkpt lat="45.796790" lon="5.862810">
        <ele>465.4</ele>
      </trkpt>
      <trkpt lat="45.796740" lon="5.862820">
        <ele>464.47</ele>
      </trkpt>
      <trkpt lat="45.796690" lon="5.862830">
        <ele>463.66</ele>
      </trkpt>
      <trkpt lat="45.796630" lon="5.862830">
        <ele>463.19</ele>
      </trkpt>
      <trkpt lat="45.796580" lon="5.862830">
        <ele>462.89</ele>
      </trkpt>
      <trkpt lat="45.796520" lon="5.862830">
        <ele>464</ele>
      </trkpt>
      <trkpt lat="45.796460" lon="5.862820">
        <ele>465.36</ele>
      </trkpt>
      <trkpt lat="45.796340" lon="5.862800">
        <ele>454</ele>
      </trkpt>
      <trkpt lat="45.796270" lon="5.862780">
        <ele>448.21</ele>
      </trkpt>
      <trkpt lat="45.796210" lon="5.862760">
        <ele>443.04</ele>
      </trkpt>
      <trkpt lat="45.796160" lon="5.862750">
        <ele>437.03</ele>
      </trkpt>
      <trkpt lat="45.796100" lon="5.862730">
        <ele>431.58</ele>
      </trkpt>
      <trkpt lat="45.796050" lon="5.862710">
        <ele>433.2</ele>
      </trkpt>
      <trkpt lat="45.795980" lon="5.862700">
        <ele>434.79</ele>
      </trkpt>
      <trkpt lat="45.795910" lon="5.862690">
        <ele>436.96</ele>
      </trkpt>
      <trkpt lat="45.795860" lon="5.862680">
        <ele>435.58</ele>
      </trkpt>
      <trkpt lat="45.795780" lon="5.862660">
        <ele>431.06</ele>
      </trkpt>
      <trkpt lat="45.795600" lon="5.862660">
        <ele>434.78</ele>
      </trkpt>
      <trkpt lat="45.795410" lon="5.862650">
        <ele>438.17</ele>
      </trkpt>
      <trkpt lat="45.795250" lon="5.862650">
        <ele>440.66</ele>
      </trkpt>
      <trkpt lat="45.795200" lon="5.862660">
        <ele>441.36</ele>
      </trkpt>
      <trkpt lat="45.795140" lon="5.862660">
        <ele>444.48</ele>
      </trkpt>
      <trkpt lat="45.795080" lon="5.862660">
        <ele>444.81</ele>
      </trkpt>
      <trkpt lat="45.795020" lon="5.862650">
        <ele>444.99</ele>
      </trkpt>
      <trkpt lat="45.794980" lon="5.862630">
        <ele>444.64</ele>
      </trkpt>
      <trkpt lat="45.794920" lon="5.862590">
        <ele>444.48</ele>
      </trkpt>
      <trkpt lat="45.794880" lon="5.862560">
        <ele>444.31</ele>
      </trkpt>
      <trkpt lat="45.794820" lon="5.862530">
        <ele>444.29</ele>
      </trkpt>
      <trkpt lat="45.794770" lon="5.862510">
        <ele>444.02</ele>
      </trkpt>
      <trkpt lat="45.794720" lon="5.862500">
        <ele>444.06</ele>
      </trkpt>
      <trkpt lat="45.794680" lon="5.862490">
        <ele>443.1</ele>
      </trkpt>
      <trkpt lat="45.794630" lon="5.862480">
        <ele>442.14</ele>
      </trkpt>
      <trkpt lat="45.794580" lon="5.862480">
        <ele>441.35</ele>
      </trkpt>
      <trkpt lat="45.794530" lon="5.862480">
        <ele>440.76</ele>
      </trkpt>
      <trkpt lat="45.794490" lon="5.862480">
        <ele>440.08</ele>
      </trkpt>
      <trkpt lat="45.794440" lon="5.862490">
        <ele>445.15</ele>
      </trkpt>
      <trkpt lat="45.794400" lon="5.862500">
        <ele>450.04</ele>
      </trkpt>
      <trkpt lat="45.794360" lon="5.862520">
        <ele>454.19</ele>
      </trkpt>
      <trkpt lat="45.794320" lon="5.862530">
        <ele>450.94</ele>
      </trkpt>
      <trkpt lat="45.794310" lon="5.862530">
        <ele>448.04</ele>
      </trkpt>
      <trkpt lat="45.794280" lon="5.862540">
        <ele>445.27</ele>
      </trkpt>
      <trkpt lat="45.794230" lon="5.862540">
        <ele>443.16</ele>
      </trkpt>
      <trkpt lat="45.794190" lon="5.862540">
        <ele>442.42</ele>
      </trkpt>
      <trkpt lat="45.794140" lon="5.862540">
        <ele>442.35</ele>
      </trkpt>
      <trkpt lat="45.794080" lon="5.862530">
        <ele>442.51</ele>
      </trkpt>
      <trkpt lat="45.794020" lon="5.862520">
        <ele>443.39</ele>
      </trkpt>
      <trkpt lat="45.793970" lon="5.862510">
        <ele>444.21</ele>
      </trkpt>
      <trkpt lat="45.793900" lon="5.862490">
        <ele>445.03</ele>
      </trkpt>
      <trkpt lat="45.793850" lon="5.862480">
        <ele>446.56</ele>
      </trkpt>
      <trkpt lat="45.793790" lon="5.862470">
        <ele>448.08</ele>
      </trkpt>
      <trkpt lat="45.793730" lon="5.862470">
        <ele>449.17</ele>
      </trkpt>
      <trkpt lat="45.793670" lon="5.862470">
        <ele>450.28</ele>
      </trkpt>
      <trkpt lat="45.793620" lon="5.862470">
        <ele>451.73</ele>
      </trkpt>
      <trkpt lat="45.793560" lon="5.862480">
        <ele>453.46</ele>
      </trkpt>
      <trkpt lat="45.793490" lon="5.862490">
        <ele>454.98</ele>
      </trkpt>
      <trkpt lat="45.793440" lon="5.862510">
        <ele>457.23</ele>
      </trkpt>
      <trkpt lat="45.793380" lon="5.862530">
        <ele>456.44</ele>
      </trkpt>
      <trkpt lat="45.793290" lon="5.862550">
        <ele>454.9</ele>
      </trkpt>
      <trkpt lat="45.793130" lon="5.862590">
        <ele>459.18</ele>
      </trkpt>
      <trkpt lat="45.793070" lon="5.862610">
        <ele>463.36</ele>
      </trkpt>
      <trkpt lat="45.793010" lon="5.862610">
        <ele>461.83</ele>
      </trkpt>
      <trkpt lat="45.792950" lon="5.862620">
        <ele>462.84</ele>
      </trkpt>
      <trkpt lat="45.792890" lon="5.862620">
        <ele>463.49</ele>
      </trkpt>
      <trkpt lat="45.792830" lon="5.862610">
        <ele>464.11</ele>
      </trkpt>
      <trkpt lat="45.792790" lon="5.862600">
        <ele>464.69</ele>
      </trkpt>
      <trkpt lat="45.792720" lon="5.862600">
        <ele>464.75</ele>
      </trkpt>
      <trkpt lat="45.792660" lon="5.862600">
        <ele>464.66</ele>
      </trkpt>
      <trkpt lat="45.792590" lon="5.862610">
        <ele>465.11</ele>
      </trkpt>
      <trkpt lat="45.792550" lon="5.862610">
        <ele>465.73</ele>
      </trkpt>
      <trkpt lat="45.792470" lon="5.862620">
        <ele>461.44</ele>
      </trkpt>
      <trkpt lat="45.792400" lon="5.862620">
        <ele>462.29</ele>
      </trkpt>
      <trkpt lat="45.792310" lon="5.862630">
        <ele>463.52</ele>
      </trkpt>
      <trkpt lat="45.792250" lon="5.862640">
        <ele>464.21</ele>
      </trkpt>
      <trkpt lat="45.792180" lon="5.862670">
        <ele>459.57</ele>
      </trkpt>
      <trkpt lat="45.792130" lon="5.862680">
        <ele>459.69</ele>
      </trkpt>
      <trkpt lat="45.792070" lon="5.862710">
        <ele>459.42</ele>
      </trkpt>
      <trkpt lat="45.792010" lon="5.862730">
        <ele>462.43</ele>
      </trkpt>
      <trkpt lat="45.791970" lon="5.862760">
        <ele>464.94</ele>
      </trkpt>
      <trkpt lat="45.791940" lon="5.862790">
        <ele>471.79</ele>
      </trkpt>
      <trkpt lat="45.791900" lon="5.862820">
        <ele>477.94</ele>
      </trkpt>
      <trkpt lat="45.791880" lon="5.862850">
        <ele>483.64</ele>
      </trkpt>
      <trkpt lat="45.791850" lon="5.862880">
        <ele>482.57</ele>
      </trkpt>
      <trkpt lat="45.791820" lon="5.862880">
        <ele>481.51</ele>
      </trkpt>
      <trkpt lat="45.791790" lon="5.862890">
        <ele>480.43</ele>
      </trkpt>
      <trkpt lat="45.791750" lon="5.862880">
        <ele>479.41</ele>
      </trkpt>
      <trkpt lat="45.791720" lon="5.862860">
        <ele>478.46</ele>
      </trkpt>
      <trkpt lat="45.791690" lon="5.862840">
        <ele>480.07</ele>
      </trkpt>
      <trkpt lat="45.791660" lon="5.862820">
        <ele>481.65</ele>
      </trkpt>
      <trkpt lat="45.791620" lon="5.862800">
        <ele>483.31</ele>
      </trkpt>
      <trkpt lat="45.791590" lon="5.862790">
        <ele>482.44</ele>
      </trkpt>
      <trkpt lat="45.791560" lon="5.862790">
        <ele>481.43</ele>
      </trkpt>
      <trkpt lat="45.791530" lon="5.862790">
        <ele>480.37</ele>
      </trkpt>
      <trkpt lat="45.791510" lon="5.862800">
        <ele>479.26</ele>
      </trkpt>
      <trkpt lat="45.791480" lon="5.862820">
        <ele>478.02</ele>
      </trkpt>
      <trkpt lat="45.791450" lon="5.862840">
        <ele>479.15</ele>
      </trkpt>
      <trkpt lat="45.791430" lon="5.862860">
        <ele>480.47</ele>
      </trkpt>
      <trkpt lat="45.791420" lon="5.862880">
        <ele>481.88</ele>
      </trkpt>
      <trkpt lat="45.791380" lon="5.862920">
        <ele>483.29</ele>
      </trkpt>
      <trkpt lat="45.791340" lon="5.862950">
        <ele>484.75</ele>
      </trkpt>
      <trkpt lat="45.791310" lon="5.862960">
        <ele>484.09</ele>
      </trkpt>
      <trkpt lat="45.791280" lon="5.862960">
        <ele>483.35</ele>
      </trkpt>
      <trkpt lat="45.791250" lon="5.862960">
        <ele>482.53</ele>
      </trkpt>
      <trkpt lat="45.791210" lon="5.862960">
        <ele>481.67</ele>
      </trkpt>
      <trkpt lat="45.791180" lon="5.862960">
        <ele>480.9</ele>
      </trkpt>
      <trkpt lat="45.791150" lon="5.862950">
        <ele>482.4</ele>
      </trkpt>
      <trkpt lat="45.791110" lon="5.862930">
        <ele>483.88</ele>
      </trkpt>
      <trkpt lat="45.791070" lon="5.862900">
        <ele>485.38</ele>
      </trkpt>
      <trkpt lat="45.791040" lon="5.862870">
        <ele>484.74</ele>
      </trkpt>
      <trkpt lat="45.791000" lon="5.862840">
        <ele>484.07</ele>
      </trkpt>
      <trkpt lat="45.790960" lon="5.862820">
        <ele>483.38</ele>
      </trkpt>
      <trkpt lat="45.790920" lon="5.862800">
        <ele>482.66</ele>
      </trkpt>
      <trkpt lat="45.790890" lon="5.862790">
        <ele>481.88</ele>
      </trkpt>
      <trkpt lat="45.790850" lon="5.862790">
        <ele>483.39</ele>
      </trkpt>
      <trkpt lat="45.790830" lon="5.862790">
        <ele>484.95</ele>
      </trkpt>
      <trkpt lat="45.790780" lon="5.862800">
        <ele>484.53</ele>
      </trkpt>
      <trkpt lat="45.790740" lon="5.862800">
        <ele>484.36</ele>
      </trkpt>
      <trkpt lat="45.790690" lon="5.862810">
        <ele>484.93</ele>
      </trkpt>
      <trkpt lat="45.790630" lon="5.862830">
        <ele>484.91</ele>
      </trkpt>
      <trkpt lat="45.790520" lon="5.862870">
        <ele>485.27</ele>
      </trkpt>
      <trkpt lat="45.790250" lon="5.862990">
        <ele>484.95</ele>
      </trkpt>
      <trkpt lat="45.790170" lon="5.863040">
        <ele>484.74</ele>
      </trkpt>
      <trkpt lat="45.790100" lon="5.863080">
        <ele>484.54</ele>
      </trkpt>
      <trkpt lat="45.790030" lon="5.863100">
        <ele>486.28</ele>
      </trkpt>
      <trkpt lat="45.789910" lon="5.863160">
        <ele>488.56</ele>
      </trkpt>
      <trkpt lat="45.789760" lon="5.863230">
        <ele>493.92</ele>
      </trkpt>
      <trkpt lat="45.789670" lon="5.863270">
        <ele>495.05</ele>
      </trkpt>
      <trkpt lat="45.789620" lon="5.863300">
        <ele>496.56</ele>
      </trkpt>
      <trkpt lat="45.789540" lon="5.863340">
        <ele>497.59</ele>
      </trkpt>
      <trkpt lat="45.789450" lon="5.863370">
        <ele>498.48</ele>
      </trkpt>
      <trkpt lat="45.789380" lon="5.863380">
        <ele>494.03</ele>
      </trkpt>
      <trkpt lat="45.789310" lon="5.863400">
        <ele>494.23</ele>
      </trkpt>
      <trkpt lat="45.789240" lon="5.863430">
        <ele>488.67</ele>
      </trkpt>
      <trkpt lat="45.789180" lon="5.863460">
        <ele>484.04</ele>
      </trkpt>
      <trkpt lat="45.789020" lon="5.863550">
        <ele>484.97</ele>
      </trkpt>
      <trkpt lat="45.788910" lon="5.863600">
        <ele>487.06</ele>
      </trkpt>
      <trkpt lat="45.788830" lon="5.863660">
        <ele>488.69</ele>
      </trkpt>
      <trkpt lat="45.788730" lon="5.863740">
        <ele>495.87</ele>
      </trkpt>
      <trkpt lat="45.788520" lon="5.863930">
        <ele>502.28</ele>
      </trkpt>
      <trkpt lat="45.788400" lon="5.864060">
        <ele>503.04</ele>
      </trkpt>
      <trkpt lat="45.788300" lon="5.864170">
        <ele>501</ele>
      </trkpt>
      <trkpt lat="45.788210" lon="5.864270">
        <ele>498.88</ele>
      </trkpt>
      <trkpt lat="45.788150" lon="5.864350">
        <ele>502.52</ele>
      </trkpt>
      <trkpt lat="45.788100" lon="5.864410">
        <ele>504.94</ele>
      </trkpt>
      <trkpt lat="45.788060" lon="5.864450">
        <ele>506.35</ele>
      </trkpt>
      <trkpt lat="45.788020" lon="5.864520">
        <ele>514.1</ele>
      </trkpt>
      <trkpt lat="45.787990" lon="5.864570">
        <ele>516.36</ele>
      </trkpt>
      <trkpt lat="45.787960" lon="5.864630">
        <ele>512.1</ele>
      </trkpt>
      <trkpt lat="45.787910" lon="5.864690">
        <ele>507.98</ele>
      </trkpt>
      <trkpt lat="45.787870" lon="5.864730">
        <ele>504.27</ele>
      </trkpt>
      <trkpt lat="45.787830" lon="5.864760">
        <ele>501.15</ele>
      </trkpt>
      <trkpt lat="45.787780" lon="5.864780">
        <ele>503.56</ele>
      </trkpt>
      <trkpt lat="45.787710" lon="5.864830">
        <ele>508.03</ele>
      </trkpt>
      <trkpt lat="45.787650" lon="5.864860">
        <ele>514.99</ele>
      </trkpt>
      <trkpt lat="45.787590" lon="5.864890">
        <ele>524.29</ele>
      </trkpt>
      <trkpt lat="45.787530" lon="5.864920">
        <ele>535.2</ele>
      </trkpt>
      <trkpt lat="45.787470" lon="5.864940">
        <ele>547.76</ele>
      </trkpt>
      <trkpt lat="45.787420" lon="5.864950">
        <ele>546.61</ele>
      </trkpt>
      <trkpt lat="45.787370" lon="5.864980">
        <ele>544.41</ele>
      </trkpt>
      <trkpt lat="45.787320" lon="5.865000">
        <ele>541.1</ele>
      </trkpt>
      <trkpt lat="45.787270" lon="5.865040">
        <ele>536.59</ele>
      </trkpt>
      <trkpt lat="45.787220" lon="5.865080">
        <ele>530.79</ele>
      </trkpt>
      <trkpt lat="45.787190" lon="5.865120">
        <ele>536.94</ele>
      </trkpt>
      <trkpt lat="45.787150" lon="5.865180">
        <ele>531.35</ele>
      </trkpt>
      <trkpt lat="45.787130" lon="5.865220">
        <ele>536.37</ele>
      </trkpt>
      <trkpt lat="45.787080" lon="5.865270">
        <ele>541.48</ele>
      </trkpt>
      <trkpt lat="45.787030" lon="5.865280">
        <ele>546.94</ele>
      </trkpt>
      <trkpt lat="45.786970" lon="5.865290">
        <ele>552.84</ele>
      </trkpt>
      <trkpt lat="45.786910" lon="5.865300">
        <ele>560.83</ele>
      </trkpt>
      <trkpt lat="45.786860" lon="5.865300">
        <ele>557.27</ele>
      </trkpt>
      <trkpt lat="45.786790" lon="5.865300">
        <ele>553.24</ele>
      </trkpt>
      <trkpt lat="45.786740" lon="5.865320">
        <ele>548.34</ele>
      </trkpt>
      <trkpt lat="45.786690" lon="5.865350">
        <ele>542.63</ele>
      </trkpt>
      <trkpt lat="45.786650" lon="5.865370">
        <ele>544.85</ele>
      </trkpt>
      <trkpt lat="45.786610" lon="5.865410">
        <ele>546.45</ele>
      </trkpt>
      <trkpt lat="45.786580" lon="5.865440">
        <ele>539.38</ele>
      </trkpt>
      <trkpt lat="45.786540" lon="5.865490">
        <ele>532.05</ele>
      </trkpt>
      <trkpt lat="45.786510" lon="5.865530">
        <ele>524.83</ele>
      </trkpt>
      <trkpt lat="45.786490" lon="5.865550">
        <ele>518.06</ele>
      </trkpt>
      <trkpt lat="45.786450" lon="5.865560">
        <ele>511.65</ele>
      </trkpt>
      <trkpt lat="45.786410" lon="5.865570">
        <ele>513.66</ele>
      </trkpt>
      <trkpt lat="45.786380" lon="5.865570">
        <ele>516.04</ele>
      </trkpt>
      <trkpt lat="45.786340" lon="5.865560">
        <ele>518.28</ele>
      </trkpt>
      <trkpt lat="45.786310" lon="5.865570">
        <ele>513.21</ele>
      </trkpt>
      <trkpt lat="45.786280" lon="5.865570">
        <ele>507.85</ele>
      </trkpt>
      <trkpt lat="45.786250" lon="5.865590">
        <ele>502.17</ele>
      </trkpt>
      <trkpt lat="45.786220" lon="5.865620">
        <ele>495.96</ele>
      </trkpt>
      <trkpt lat="45.786200" lon="5.865640">
        <ele>497.34</ele>
      </trkpt>
      <trkpt lat="45.786180" lon="5.865690">
        <ele>505.56</ele>
      </trkpt>
      <trkpt lat="45.786160" lon="5.865730">
        <ele>513.77</ele>
      </trkpt>
      <trkpt lat="45.786150" lon="5.865780">
        <ele>522.51</ele>
      </trkpt>
      <trkpt lat="45.786130" lon="5.865820">
        <ele>532.15</ele>
      </trkpt>
      <trkpt lat="45.786100" lon="5.865880">
        <ele>534.94</ele>
      </trkpt>
      <trkpt lat="45.786050" lon="5.865940">
        <ele>528.25</ele>
      </trkpt>
      <trkpt lat="45.786010" lon="5.865980">
        <ele>522.71</ele>
      </trkpt>
      <trkpt lat="45.785970" lon="5.866020">
        <ele>517.81</ele>
      </trkpt>
      <trkpt lat="45.785920" lon="5.866050">
        <ele>520.68</ele>
      </trkpt>
      <trkpt lat="45.785870" lon="5.866080">
        <ele>523.03</ele>
      </trkpt>
      <trkpt lat="45.785810" lon="5.866120">
        <ele>535.14</ele>
      </trkpt>
      <trkpt lat="45.785750" lon="5.866160">
        <ele>541.58</ele>
      </trkpt>
      <trkpt lat="45.785700" lon="5.866180">
        <ele>547.44</ele>
      </trkpt>
      <trkpt lat="45.785640" lon="5.866220">
        <ele>545.15</ele>
      </trkpt>
      <trkpt lat="45.785560" lon="5.866270">
        <ele>542.89</ele>
      </trkpt>
      <trkpt lat="45.785500" lon="5.866310">
        <ele>536.32</ele>
      </trkpt>
      <trkpt lat="45.785440" lon="5.866340">
        <ele>534.67</ele>
      </trkpt>
      <trkpt lat="45.785380" lon="5.866370">
        <ele>532.71</ele>
      </trkpt>
      <trkpt lat="45.785320" lon="5.866400">
        <ele>530.97</ele>
      </trkpt>
      <trkpt lat="45.785280" lon="5.866420">
        <ele>529.08</ele>
      </trkpt>
      <trkpt lat="45.785200" lon="5.866450">
        <ele>527.14</ele>
      </trkpt>
      <trkpt lat="45.785170" lon="5.866450">
        <ele>525.21</ele>
      </trkpt>
      <trkpt lat="45.785120" lon="5.866450">
        <ele>523.46</ele>
      </trkpt>
      <trkpt lat="45.785070" lon="5.866460">
        <ele>521.55</ele>
      </trkpt>
      <trkpt lat="45.785020" lon="5.866460">
        <ele>519.91</ele>
      </trkpt>
      <trkpt lat="45.784960" lon="5.866460">
        <ele>522.73</ele>
      </trkpt>
      <trkpt lat="45.784910" lon="5.866470">
        <ele>520.71</ele>
      </trkpt>
      <trkpt lat="45.784870" lon="5.866480">
        <ele>518.48</ele>
      </trkpt>
      <trkpt lat="45.784850" lon="5.866480">
        <ele>516.04</ele>
      </trkpt>
      <trkpt lat="45.784810" lon="5.866490">
        <ele>518.19</ele>
      </trkpt>
      <trkpt lat="45.784780" lon="5.866510">
        <ele>520.37</ele>
      </trkpt>
      <trkpt lat="45.784740" lon="5.866530">
        <ele>527.16</ele>
      </trkpt>
      <trkpt lat="45.784710" lon="5.866560">
        <ele>534.12</ele>
      </trkpt>
      <trkpt lat="45.784680" lon="5.866590">
        <ele>537.03</ele>
      </trkpt>
      <trkpt lat="45.784640" lon="5.866640">
        <ele>534.86</ele>
      </trkpt>
      <trkpt lat="45.784480" lon="5.866820">
        <ele>534.01</ele>
      </trkpt>
      <trkpt lat="45.784470" lon="5.866840">
        <ele>533.35</ele>
      </trkpt>
      <trkpt lat="45.784280" lon="5.867070">
        <ele>533.19</ele>
      </trkpt>
      <trkpt lat="45.784080" lon="5.867340">
        <ele>537.76</ele>
      </trkpt>
      <trkpt lat="45.783890" lon="5.867610">
        <ele>542.4</ele>
      </trkpt>
      <trkpt lat="45.783730" lon="5.867850">
        <ele>545.24</ele>
      </trkpt>
      <trkpt lat="45.783580" lon="5.868080">
        <ele>547.97</ele>
      </trkpt>
      <trkpt lat="45.783500" lon="5.868200">
        <ele>550.44</ele>
      </trkpt>
      <trkpt lat="45.783440" lon="5.868280">
        <ele>552.44</ele>
      </trkpt>
      <trkpt lat="45.783370" lon="5.868360">
        <ele>554.99</ele>
      </trkpt>
      <trkpt lat="45.783320" lon="5.868420">
        <ele>558.12</ele>
      </trkpt>
      <trkpt lat="45.783250" lon="5.868490">
        <ele>555.33</ele>
      </trkpt>
      <trkpt lat="45.783200" lon="5.868550">
        <ele>557.98</ele>
      </trkpt>
      <trkpt lat="45.783140" lon="5.868610">
        <ele>560.44</ele>
      </trkpt>
      <trkpt lat="45.783080" lon="5.868660">
        <ele>562.57</ele>
      </trkpt>
      <trkpt lat="45.783030" lon="5.868710">
        <ele>560.59</ele>
      </trkpt>
      <trkpt lat="45.782970" lon="5.868760">
        <ele>564.48</ele>
      </trkpt>
      <trkpt lat="45.782900" lon="5.868810">
        <ele>562.54</ele>
      </trkpt>
      <trkpt lat="45.782820" lon="5.868880">
        <ele>560.45</ele>
      </trkpt>
      <trkpt lat="45.782740" lon="5.868950">
        <ele>559.19</ele>
      </trkpt>
      <trkpt lat="45.782650" lon="5.869030">
        <ele>562.47</ele>
      </trkpt>
      <trkpt lat="45.782580" lon="5.869090">
        <ele>567.36</ele>
      </trkpt>
      <trkpt lat="45.782530" lon="5.869130">
        <ele>566.18</ele>
      </trkpt>
      <trkpt lat="45.782430" lon="5.869190">
        <ele>565.75</ele>
      </trkpt>
      <trkpt lat="45.782350" lon="5.869240">
        <ele>566.48</ele>
      </trkpt>
      <trkpt lat="45.782300" lon="5.869280">
        <ele>570.75</ele>
      </trkpt>
      <trkpt lat="45.782180" lon="5.869380">
        <ele>569.32</ele>
      </trkpt>
      <trkpt lat="45.781820" lon="5.869660">
        <ele>573.89</ele>
      </trkpt>
      <trkpt lat="45.781620" lon="5.869820">
        <ele>578.13</ele>
      </trkpt>
      <trkpt lat="45.781570" lon="5.869860">
        <ele>581.55</ele>
      </trkpt>
      <trkpt lat="45.781520" lon="5.869910">
        <ele>581.62</ele>
      </trkpt>
      <trkpt lat="45.781460" lon="5.869950">
        <ele>586.71</ele>
      </trkpt>
      <trkpt lat="45.781420" lon="5.869970">
        <ele>593.38</ele>
      </trkpt>
      <trkpt lat="45.781370" lon="5.869990">
        <ele>600.54</ele>
      </trkpt>
      <trkpt lat="45.781310" lon="5.870020">
        <ele>598.66</ele>
      </trkpt>
      <trkpt lat="45.781270" lon="5.870040">
        <ele>598.13</ele>
      </trkpt>
      <trkpt lat="45.781190" lon="5.870060">
        <ele>598.52</ele>
      </trkpt>
      <trkpt lat="45.781120" lon="5.870090">
        <ele>598.83</ele>
      </trkpt>
      <trkpt lat="45.781050" lon="5.870110">
        <ele>590.14</ele>
      </trkpt>
      <trkpt lat="45.781000" lon="5.870130">
        <ele>591.03</ele>
      </trkpt>
      <trkpt lat="45.780930" lon="5.870160">
        <ele>591.89</ele>
      </trkpt>
      <trkpt lat="45.780870" lon="5.870170">
        <ele>593.13</ele>
      </trkpt>
      <trkpt lat="45.780800" lon="5.870190">
        <ele>584.87</ele>
      </trkpt>
      <trkpt lat="45.780730" lon="5.870220">
        <ele>588.48</ele>
      </trkpt>
      <trkpt lat="45.780650" lon="5.870250">
        <ele>593.26</ele>
      </trkpt>
      <trkpt lat="45.780520" lon="5.870300">
        <ele>598.35</ele>
      </trkpt>
      <trkpt lat="45.780390" lon="5.870350">
        <ele>595.41</ele>
      </trkpt>
      <trkpt lat="45.780220" lon="5.870440">
        <ele>601.55</ele>
      </trkpt>
      <trkpt lat="45.780050" lon="5.870510">
        <ele>604.34</ele>
      </trkpt>
      <trkpt lat="45.779960" lon="5.870540">
        <ele>603.98</ele>
      </trkpt>
      <trkpt lat="45.779910" lon="5.870570">
        <ele>594.32</ele>
      </trkpt>
      <trkpt lat="45.779900" lon="5.870580">
        <ele>590.83</ele>
      </trkpt>
      <trkpt lat="45.779850" lon="5.870620">
        <ele>586.66</ele>
      </trkpt>
      <trkpt lat="45.779790" lon="5.870650">
        <ele>593.87</ele>
      </trkpt>
      <trkpt lat="45.779730" lon="5.870710">
        <ele>602.76</ele>
      </trkpt>
      <trkpt lat="45.779690" lon="5.870730">
        <ele>607.91</ele>
      </trkpt>
      <trkpt lat="45.779650" lon="5.870760">
        <ele>617.06</ele>
      </trkpt>
      <trkpt lat="45.779530" lon="5.870830">
        <ele>616.88</ele>
      </trkpt>
      <trkpt lat="45.779410" lon="5.870910">
        <ele>607.33</ele>
      </trkpt>
      <trkpt lat="45.779290" lon="5.870970">
        <ele>597.79</ele>
      </trkpt>
      <trkpt lat="45.779190" lon="5.871030">
        <ele>599.75</ele>
      </trkpt>
      <trkpt lat="45.779120" lon="5.871080">
        <ele>599.93</ele>
      </trkpt>
      <trkpt lat="45.779060" lon="5.871110">
        <ele>611.19</ele>
      </trkpt>
      <trkpt lat="45.778900" lon="5.871210">
        <ele>613.58</ele>
      </trkpt>
      <trkpt lat="45.778750" lon="5.871300">
        <ele>614.97</ele>
      </trkpt>
      <trkpt lat="45.778680" lon="5.871350">
        <ele>616.54</ele>
      </trkpt>
      <trkpt lat="45.778620" lon="5.871380">
        <ele>611.12</ele>
      </trkpt>
      <trkpt lat="45.778510" lon="5.871440">
        <ele>603.71</ele>
      </trkpt>
      <trkpt lat="45.778400" lon="5.871510">
        <ele>611.45</ele>
      </trkpt>
      <trkpt lat="45.778360" lon="5.871530">
        <ele>619.8</ele>
      </trkpt>
      <trkpt lat="45.778320" lon="5.871560">
        <ele>627.8</ele>
      </trkpt>
      <trkpt lat="45.778270" lon="5.871590">
        <ele>629.82</ele>
      </trkpt>
      <trkpt lat="45.778230" lon="5.871630">
        <ele>632.48</ele>
      </trkpt>
      <trkpt lat="45.778190" lon="5.871670">
        <ele>627.27</ele>
      </trkpt>
      <trkpt lat="45.778150" lon="5.871700">
        <ele>621.87</ele>
      </trkpt>
      <trkpt lat="45.778110" lon="5.871720">
        <ele>616.57</ele>
      </trkpt>
      <trkpt lat="45.778070" lon="5.871740">
        <ele>622.31</ele>
      </trkpt>
      <trkpt lat="45.778020" lon="5.871750">
        <ele>628.52</ele>
      </trkpt>
      <trkpt lat="45.777990" lon="5.871750">
        <ele>624.91</ele>
      </trkpt>
      <trkpt lat="45.777930" lon="5.871760">
        <ele>622.26</ele>
      </trkpt>
      <trkpt lat="45.777900" lon="5.871770">
        <ele>620.29</ele>
      </trkpt>
      <trkpt lat="45.777800" lon="5.871790">
        <ele>611.06</ele>
      </trkpt>
      <trkpt lat="45.777710" lon="5.871830">
        <ele>601.57</ele>
      </trkpt>
      <trkpt lat="45.777640" lon="5.871880">
        <ele>601.54</ele>
      </trkpt>
      <trkpt lat="45.777560" lon="5.871910">
        <ele>606.26</ele>
      </trkpt>
      <trkpt lat="45.777520" lon="5.871950">
        <ele>609.19</ele>
      </trkpt>
      <trkpt lat="45.777480" lon="5.872010">
        <ele>618.29</ele>
      </trkpt>
      <trkpt lat="45.777420" lon="5.872110">
        <ele>621.58</ele>
      </trkpt>
      <trkpt lat="45.777370" lon="5.872220">
        <ele>624.48</ele>
      </trkpt>
      <trkpt lat="45.777270" lon="5.872340">
        <ele>626.65</ele>
      </trkpt>
      <trkpt lat="45.777240" lon="5.872370">
        <ele>629.7</ele>
      </trkpt>
      <trkpt lat="45.777170" lon="5.872410">
        <ele>627.79</ele>
      </trkpt>
      <trkpt lat="45.777110" lon="5.872440">
        <ele>631.98</ele>
      </trkpt>
      <trkpt lat="45.777050" lon="5.872460">
        <ele>637.48</ele>
      </trkpt>
      <trkpt lat="45.776980" lon="5.872480">
        <ele>637.94</ele>
      </trkpt>
      <trkpt lat="45.776900" lon="5.872480">
        <ele>633.53</ele>
      </trkpt>
      <trkpt lat="45.776840" lon="5.872470">
        <ele>635.8</ele>
      </trkpt>
      <trkpt lat="45.776780" lon="5.872450">
        <ele>638.14</ele>
      </trkpt>
      <trkpt lat="45.776710" lon="5.872430">
        <ele>640.37</ele>
      </trkpt>
      <trkpt lat="45.776640" lon="5.872410">
        <ele>636.83</ele>
      </trkpt>
      <trkpt lat="45.776580" lon="5.872400">
        <ele>638.88</ele>
      </trkpt>
      <trkpt lat="45.776530" lon="5.872390">
        <ele>640.4</ele>
      </trkpt>
      <trkpt lat="45.776460" lon="5.872390">
        <ele>641.54</ele>
      </trkpt>
      <trkpt lat="45.776420" lon="5.872400">
        <ele>642.55</ele>
      </trkpt>
      <trkpt lat="45.776370" lon="5.872420">
        <ele>649.72</ele>
      </trkpt>
      <trkpt lat="45.776320" lon="5.872460">
        <ele>650.15</ele>
      </trkpt>
      <trkpt lat="45.776260" lon="5.872500">
        <ele>650.66</ele>
      </trkpt>
      <trkpt lat="45.776200" lon="5.872520">
        <ele>651.28</ele>
      </trkpt>
      <trkpt lat="45.776160" lon="5.872540">
        <ele>652.13</ele>
      </trkpt>
      <trkpt lat="45.776110" lon="5.872540">
        <ele>652.94</ele>
      </trkpt>
      <trkpt lat="45.776050" lon="5.872540">
        <ele>653.33</ele>
      </trkpt>
      <trkpt lat="45.775990" lon="5.872530">
        <ele>654.48</ele>
      </trkpt>
      <trkpt lat="45.775930" lon="5.872510">
        <ele>656.09</ele>
      </trkpt>
      <trkpt lat="45.775860" lon="5.872480">
        <ele>657.57</ele>
      </trkpt>
      <trkpt lat="45.775790" lon="5.872450">
        <ele>650.52</ele>
      </trkpt>
      <trkpt lat="45.775740" lon="5.872430">
        <ele>651.02</ele>
      </trkpt>
      <trkpt lat="45.775560" lon="5.872350">
        <ele>645.96</ele>
      </trkpt>
      <trkpt lat="45.775420" lon="5.872290">
        <ele>640.05</ele>
      </trkpt>
      <trkpt lat="45.775360" lon="5.872270">
        <ele>633.5</ele>
      </trkpt>
      <trkpt lat="45.775300" lon="5.872260">
        <ele>634.42</ele>
      </trkpt>
      <trkpt lat="45.775250" lon="5.872260">
        <ele>633.55</ele>
      </trkpt>
      <trkpt lat="45.775220" lon="5.872260">
        <ele>636.34</ele>
      </trkpt>
      <trkpt lat="45.775200" lon="5.872280">
        <ele>638.14</ele>
      </trkpt>
      <trkpt lat="45.775200" lon="5.872310">
        <ele>639.03</ele>
      </trkpt>
      <trkpt lat="45.775200" lon="5.872330">
        <ele>639.22</ele>
      </trkpt>
      <trkpt lat="45.775200" lon="5.872360">
        <ele>646.64</ele>
      </trkpt>
      <trkpt lat="45.775210" lon="5.872380">
        <ele>653.29</ele>
      </trkpt>
      <trkpt lat="45.775220" lon="5.872400">
        <ele>658.98</ele>
      </trkpt>
      <trkpt lat="45.775240" lon="5.872410">
        <ele>663.55</ele>
      </trkpt>
      <trkpt lat="45.775270" lon="5.872410">
        <ele>667.4</ele>
      </trkpt>
      <trkpt lat="45.775310" lon="5.872420">
        <ele>661.89</ele>
      </trkpt>
      <trkpt lat="45.775340" lon="5.872420">
        <ele>662.8</ele>
      </trkpt>
      <trkpt lat="45.775400" lon="5.872430">
        <ele>663.32</ele>
      </trkpt>
      <trkpt lat="45.775440" lon="5.872440">
        <ele>663.66</ele>
      </trkpt>
      <trkpt lat="45.775490" lon="5.872450">
        <ele>663.71</ele>
      </trkpt>
      <trkpt lat="45.775530" lon="5.872460">
        <ele>663.98</ele>
      </trkpt>
      <trkpt lat="45.775580" lon="5.872480">
        <ele>657.13</ele>
      </trkpt>
      <trkpt lat="45.775630" lon="5.872500">
        <ele>657.42</ele>
      </trkpt>
      <trkpt lat="45.775680" lon="5.872520">
        <ele>658.35</ele>
      </trkpt>
      <trkpt lat="45.775720" lon="5.872550">
        <ele>659.75</ele>
      </trkpt>
      <trkpt lat="45.775750" lon="5.872580">
        <ele>662.11</ele>
      </trkpt>
      <trkpt lat="45.775780" lon="5.872610">
        <ele>665.16</ele>
      </trkpt>
      <trkpt lat="45.775800" lon="5.872640">
        <ele>661.45</ele>
      </trkpt>
      <trkpt lat="45.775830" lon="5.872650">
        <ele>657.68</ele>
      </trkpt>
      <trkpt lat="45.775860" lon="5.872650">
        <ele>653.73</ele>
      </trkpt>
      <trkpt lat="45.775890" lon="5.872660">
        <ele>649.65</ele>
      </trkpt>
      <trkpt lat="45.775920" lon="5.872660">
        <ele>652.17</ele>
      </trkpt>
      <trkpt lat="45.775940" lon="5.872660">
        <ele>654.25</ele>
      </trkpt>
      <trkpt lat="45.775980" lon="5.872670">
        <ele>655.41</ele>
      </trkpt>
      <trkpt lat="45.776030" lon="5.872670">
        <ele>655.45</ele>
      </trkpt>
      <trkpt lat="45.776090" lon="5.872670">
        <ele>654.08</ele>
      </trkpt>
      <trkpt lat="45.776160" lon="5.872660">
        <ele>651.93</ele>
      </trkpt>
      <trkpt lat="45.776240" lon="5.872660">
        <ele>648.92</ele>
      </trkpt>
      <trkpt lat="45.776300" lon="5.872670">
        <ele>645.75</ele>
      </trkpt>
      <trkpt lat="45.776390" lon="5.872670">
        <ele>648.73</ele>
      </trkpt>
      <trkpt lat="45.776460" lon="5.872660">
        <ele>652.2</ele>
      </trkpt>
      <trkpt lat="45.776540" lon="5.872660">
        <ele>648.85</ele>
      </trkpt>
      <trkpt lat="45.776610" lon="5.872670">
        <ele>646.36</ele>
      </trkpt>
      <trkpt lat="45.776670" lon="5.872670">
        <ele>644.26</ele>
      </trkpt>
      <trkpt lat="45.776720" lon="5.872670">
        <ele>642.82</ele>
      </trkpt>
      <trkpt lat="45.776780" lon="5.872680">
        <ele>642</ele>
      </trkpt>
      <trkpt lat="45.776820" lon="5.872680">
        <ele>642.36</ele>
      </trkpt>
      <trkpt lat="45.776870" lon="5.872720">
        <ele>643.46</ele>
      </trkpt>
      <trkpt lat="45.776900" lon="5.872750">
        <ele>647.37</ele>
      </trkpt>
      <trkpt lat="45.776930" lon="5.872800">
        <ele>646.74</ele>
      </trkpt>
      <trkpt lat="45.776950" lon="5.872850">
        <ele>647.41</ele>
      </trkpt>
      <trkpt lat="45.776980" lon="5.872900">
        <ele>648.82</ele>
      </trkpt>
      <trkpt lat="45.776990" lon="5.872950">
        <ele>651.17</ele>
      </trkpt>
      <trkpt lat="45.777010" lon="5.873000">
        <ele>652.52</ele>
      </trkpt>
      <trkpt lat="45.777020" lon="5.873060">
        <ele>653.94</ele>
      </trkpt>
      <trkpt lat="45.777020" lon="5.873120">
        <ele>653.22</ele>
      </trkpt>
      <trkpt lat="45.777020" lon="5.873190">
        <ele>652.44</ele>
      </trkpt>
      <trkpt lat="45.777030" lon="5.873240">
        <ele>651.51</ele>
      </trkpt>
      <trkpt lat="45.777030" lon="5.873280">
        <ele>650.53</ele>
      </trkpt>
      <trkpt lat="45.777030" lon="5.873310">
        <ele>649.47</ele>
      </trkpt>
      <trkpt lat="45.777030" lon="5.873370">
        <ele>650.47</ele>
      </trkpt>
      <trkpt lat="45.777040" lon="5.873420">
        <ele>651.6</ele>
      </trkpt>
      <trkpt lat="45.777040" lon="5.873460">
        <ele>652.91</ele>
      </trkpt>
      <trkpt lat="45.777050" lon="5.873520">
        <ele>654.17</ele>
      </trkpt>
      <trkpt lat="45.777050" lon="5.873590">
        <ele>653.24</ele>
      </trkpt>
      <trkpt lat="45.777050" lon="5.873640">
        <ele>652.29</ele>
      </trkpt>
      <trkpt lat="45.777040" lon="5.873700">
        <ele>651.26</ele>
      </trkpt>
      <trkpt lat="45.777030" lon="5.873750">
        <ele>650.06</ele>
      </trkpt>
      <trkpt lat="45.777020" lon="5.873810">
        <ele>648.89</ele>
      </trkpt>
      <trkpt lat="45.777010" lon="5.873860">
        <ele>649.89</ele>
      </trkpt>
      <trkpt lat="45.777000" lon="5.873930">
        <ele>649.52</ele>
      </trkpt>
      <trkpt lat="45.776990" lon="5.874000">
        <ele>649.28</ele>
      </trkpt>
      <trkpt lat="45.776980" lon="5.874080">
        <ele>649.58</ele>
      </trkpt>
      <trkpt lat="45.776970" lon="5.874160">
        <ele>649.85</ele>
      </trkpt>
      <trkpt lat="45.776980" lon="5.874340">
        <ele>650.11</ele>
      </trkpt>
      <trkpt lat="45.776990" lon="5.874390">
        <ele>650.22</ele>
      </trkpt>
      <trkpt lat="45.777000" lon="5.874450">
        <ele>650.66</ele>
      </trkpt>
      <trkpt lat="45.777020" lon="5.874530">
        <ele>650.77</ele>
      </trkpt>
      <trkpt lat="45.777050" lon="5.874680">
        <ele>649.19</ele>
      </trkpt>
      <trkpt lat="45.777050" lon="5.874760">
        <ele>647.74</ele>
      </trkpt>
      <trkpt lat="45.777070" lon="5.874900">
        <ele>645.97</ele>
      </trkpt>
      <trkpt lat="45.777080" lon="5.874980">
        <ele>643.57</ele>
      </trkpt>
      <trkpt lat="45.777090" lon="5.875060">
        <ele>640.83</ele>
      </trkpt>
      <trkpt lat="45.777100" lon="5.875120">
        <ele>639.6</ele>
      </trkpt>
      <trkpt lat="45.777100" lon="5.875170">
        <ele>638.09</ele>
      </trkpt>
      <trkpt lat="45.777110" lon="5.875220">
        <ele>638.36</ele>
      </trkpt>
      <trkpt lat="45.777130" lon="5.875260">
        <ele>638.7</ele>
      </trkpt>
      <trkpt lat="45.777150" lon="5.875290">
        <ele>637.94</ele>
      </trkpt>
      <trkpt lat="45.777170" lon="5.875310">
        <ele>637.24</ele>
      </trkpt>
      <trkpt lat="45.777200" lon="5.875330">
        <ele>636.62</ele>
      </trkpt>
      <trkpt lat="45.777220" lon="5.875350">
        <ele>636.02</ele>
      </trkpt>
      <trkpt lat="45.777250" lon="5.875360">
        <ele>635.41</ele>
      </trkpt>
      <trkpt lat="45.777280" lon="5.875370">
        <ele>635.96</ele>
      </trkpt>
      <trkpt lat="45.777300" lon="5.875390">
        <ele>636.51</ele>
      </trkpt>
      <trkpt lat="45.777320" lon="5.875410">
        <ele>635.77</ele>
      </trkpt>
      <trkpt lat="45.777340" lon="5.875440">
        <ele>634.99</ele>
      </trkpt>
      <trkpt lat="45.777360" lon="5.875470">
        <ele>634.18</ele>
      </trkpt>
      <trkpt lat="45.777390" lon="5.875510">
        <ele>633.42</ele>
      </trkpt>
      <trkpt lat="45.777410" lon="5.875550">
        <ele>632.62</ele>
      </trkpt>
      <trkpt lat="45.777430" lon="5.875580">
        <ele>633.05</ele>
      </trkpt>
      <trkpt lat="45.777450" lon="5.875610">
        <ele>633.56</ele>
      </trkpt>
      <trkpt lat="45.777470" lon="5.875630">
        <ele>634.3</ele>
      </trkpt>
      <trkpt lat="45.777500" lon="5.875670">
        <ele>635.16</ele>
      </trkpt>
      <trkpt lat="45.777570" lon="5.875670">
        <ele>634.85</ele>
      </trkpt>
      <trkpt lat="45.777620" lon="5.875660">
        <ele>634.55</ele>
      </trkpt>
      <trkpt lat="45.777660" lon="5.875650">
        <ele>634.18</ele>
      </trkpt>
      <trkpt lat="45.777700" lon="5.875630">
        <ele>633.66</ele>
      </trkpt>
      <trkpt lat="45.777730" lon="5.875600">
        <ele>633.16</ele>
      </trkpt>
      <trkpt lat="45.777780" lon="5.875570">
        <ele>632.48</ele>
      </trkpt>
      <trkpt lat="45.777870" lon="5.875490">
        <ele>636.34</ele>
      </trkpt>
      <trkpt lat="45.777980" lon="5.875410">
        <ele>635.76</ele>
      </trkpt>
      <trkpt lat="45.778120" lon="5.875310">
        <ele>636.12</ele>
      </trkpt>
      <trkpt lat="45.778240" lon="5.875240">
        <ele>637.14</ele>
      </trkpt>
      <trkpt lat="45.778360" lon="5.875170">
        <ele>636.19</ele>
      </trkpt>
      <trkpt lat="45.778460" lon="5.875110">
        <ele>631.38</ele>
      </trkpt>
      <trkpt lat="45.778560" lon="5.875060">
        <ele>628.31</ele>
      </trkpt>
      <trkpt lat="45.778660" lon="5.875000">
        <ele>627.58</ele>
      </trkpt>
      <trkpt lat="45.778760" lon="5.874920">
        <ele>626.07</ele>
      </trkpt>
      <trkpt lat="45.778880" lon="5.874830">
        <ele>625.38</ele>
      </trkpt>
      <trkpt lat="45.779000" lon="5.874760">
        <ele>623.94</ele>
      </trkpt>
      <trkpt lat="45.779110" lon="5.874680">
        <ele>625.2</ele>
      </trkpt>
      <trkpt lat="45.779160" lon="5.874640">
        <ele>623.09</ele>
      </trkpt>
      <trkpt lat="45.779220" lon="5.874610">
        <ele>620.87</ele>
      </trkpt>
      <trkpt lat="45.779270" lon="5.874590">
        <ele>621.14</ele>
      </trkpt>
      <trkpt lat="45.779290" lon="5.874580">
        <ele>619.48</ele>
      </trkpt>
      <trkpt lat="45.779310" lon="5.874570">
        <ele>617.81</ele>
      </trkpt>
      <trkpt lat="45.779330" lon="5.874560">
        <ele>616.16</ele>
      </trkpt>
      <trkpt lat="45.779370" lon="5.874560">
        <ele>614.55</ele>
      </trkpt>
      <trkpt lat="45.779410" lon="5.874560">
        <ele>612.99</ele>
      </trkpt>
      <trkpt lat="45.779430" lon="5.874560">
        <ele>613.38</ele>
      </trkpt>
      <trkpt lat="45.779470" lon="5.874570">
        <ele>613.79</ele>
      </trkpt>
      <trkpt lat="45.779490" lon="5.874580">
        <ele>614.26</ele>
      </trkpt>
      <trkpt lat="45.779510" lon="5.874600">
        <ele>614.85</ele>
      </trkpt>
      <trkpt lat="45.779530" lon="5.874640">
        <ele>615.54</ele>
      </trkpt>
      <trkpt lat="45.779560" lon="5.874690">
        <ele>615.1</ele>
      </trkpt>
      <trkpt lat="45.779580" lon="5.874740">
        <ele>615.44</ele>
      </trkpt>
      <trkpt lat="45.779600" lon="5.874810">
        <ele>615.23</ele>
      </trkpt>
      <trkpt lat="45.779620" lon="5.874910">
        <ele>614.46</ele>
      </trkpt>
      <trkpt lat="45.779630" lon="5.874990">
        <ele>613.19</ele>
      </trkpt>
      <trkpt lat="45.779650" lon="5.875060">
        <ele>612.63</ele>
      </trkpt>
      <trkpt lat="45.779660" lon="5.875140">
        <ele>610.93</ele>
      </trkpt>
      <trkpt lat="45.779670" lon="5.875220">
        <ele>611.35</ele>
      </trkpt>
      <trkpt lat="45.779670" lon="5.875280">
        <ele>611.65</ele>
      </trkpt>
      <trkpt lat="45.779670" lon="5.875350">
        <ele>611.71</ele>
      </trkpt>
      <trkpt lat="45.779670" lon="5.875430">
        <ele>611.7</ele>
      </trkpt>
      <trkpt lat="45.779670" lon="5.875510">
        <ele>611.56</ele>
      </trkpt>
      <trkpt lat="45.779670" lon="5.875570">
        <ele>609.34</ele>
      </trkpt>
      <trkpt lat="45.779670" lon="5.875630">
        <ele>610.64</ele>
      </trkpt>
      <trkpt lat="45.779660" lon="5.875690">
        <ele>611.95</ele>
      </trkpt>
      <trkpt lat="45.779650" lon="5.875750">
        <ele>613.19</ele>
      </trkpt>
      <trkpt lat="45.779640" lon="5.875820">
        <ele>614.25</ele>
      </trkpt>
      <trkpt lat="45.779630" lon="5.875880">
        <ele>615.19</ele>
      </trkpt>
      <trkpt lat="45.779610" lon="5.875950">
        <ele>612.67</ele>
      </trkpt>
      <trkpt lat="45.779600" lon="5.876010">
        <ele>609.12</ele>
      </trkpt>
      <trkpt lat="45.779590" lon="5.876060">
        <ele>605.92</ele>
      </trkpt>
      <trkpt lat="45.779570" lon="5.876110">
        <ele>604</ele>
      </trkpt>
      <trkpt lat="45.779550" lon="5.876150">
        <ele>602.43</ele>
      </trkpt>
      <trkpt lat="45.779530" lon="5.876200">
        <ele>600.99</ele>
      </trkpt>
      <trkpt lat="45.779520" lon="5.876240">
        <ele>600.83</ele>
      </trkpt>
      <trkpt lat="45.779510" lon="5.876300">
        <ele>600.5</ele>
      </trkpt>
      <trkpt lat="45.779510" lon="5.876370">
        <ele>599.16</ele>
      </trkpt>
      <trkpt lat="45.779500" lon="5.876440">
        <ele>599.53</ele>
      </trkpt>
      <trkpt lat="45.779490" lon="5.876500">
        <ele>599.9</ele>
      </trkpt>
      <trkpt lat="45.779490" lon="5.876570">
        <ele>600.24</ele>
      </trkpt>
      <trkpt lat="45.779480" lon="5.876620">
        <ele>600.52</ele>
      </trkpt>
      <trkpt lat="45.779480" lon="5.876690">
        <ele>600.62</ele>
      </trkpt>
      <trkpt lat="45.779480" lon="5.876760">
        <ele>598.9</ele>
      </trkpt>
      <trkpt lat="45.779480" lon="5.876850">
        <ele>597.09</ele>
      </trkpt>
      <trkpt lat="45.779470" lon="5.876900">
        <ele>596.84</ele>
      </trkpt>
      <trkpt lat="45.779470" lon="5.876970">
        <ele>596.64</ele>
      </trkpt>
      <trkpt lat="45.779460" lon="5.877040">
        <ele>596.6</ele>
      </trkpt>
      <trkpt lat="45.779460" lon="5.877110">
        <ele>596.61</ele>
      </trkpt>
      <trkpt lat="45.779460" lon="5.877170">
        <ele>596.68</ele>
      </trkpt>
      <trkpt lat="45.779450" lon="5.877220">
        <ele>595.29</ele>
      </trkpt>
      <trkpt lat="45.779450" lon="5.877280">
        <ele>593.97</ele>
      </trkpt>
      <trkpt lat="45.779450" lon="5.877340">
        <ele>595.63</ele>
      </trkpt>
      <trkpt lat="45.779450" lon="5.877390">
        <ele>597.35</ele>
      </trkpt>
      <trkpt lat="45.779440" lon="5.877430">
        <ele>599.17</ele>
      </trkpt>
      <trkpt lat="45.779440" lon="5.877480">
        <ele>601.03</ele>
      </trkpt>
      <trkpt lat="45.779430" lon="5.877530">
        <ele>602.97</ele>
      </trkpt>
      <trkpt lat="45.779420" lon="5.877570">
        <ele>602.08</ele>
      </trkpt>
      <trkpt lat="45.779410" lon="5.877620">
        <ele>601.25</ele>
      </trkpt>
      <trkpt lat="45.779390" lon="5.877660">
        <ele>600.53</ele>
      </trkpt>
      <trkpt lat="45.779370" lon="5.877700">
        <ele>599.92</ele>
      </trkpt>
      <trkpt lat="45.779360" lon="5.877730">
        <ele>599.4</ele>
      </trkpt>
      <trkpt lat="45.779340" lon="5.877760">
        <ele>596.79</ele>
      </trkpt>
      <trkpt lat="45.779320" lon="5.877800">
        <ele>596.68</ele>
      </trkpt>
      <trkpt lat="45.779300" lon="5.877820">
        <ele>596.92</ele>
      </trkpt>
      <trkpt lat="45.779270" lon="5.877850">
        <ele>597.56</ele>
      </trkpt>
      <trkpt lat="45.779230" lon="5.877890">
        <ele>598.61</ele>
      </trkpt>
      <trkpt lat="45.779180" lon="5.877930">
        <ele>602.1</ele>
      </trkpt>
      <trkpt lat="45.779120" lon="5.877970">
        <ele>603.4</ele>
      </trkpt>
      <trkpt lat="45.779080" lon="5.878000">
        <ele>600.76</ele>
      </trkpt>
      <trkpt lat="45.779040" lon="5.878030">
        <ele>597.9</ele>
      </trkpt>
      <trkpt lat="45.779010" lon="5.878050">
        <ele>594.75</ele>
      </trkpt>
      <trkpt lat="45.778970" lon="5.878080">
        <ele>591.39</ele>
      </trkpt>
      <trkpt lat="45.778940" lon="5.878110">
        <ele>587.82</ele>
      </trkpt>
      <trkpt lat="45.778900" lon="5.878130">
        <ele>587.82</ele>
      </trkpt>
      <trkpt lat="45.778870" lon="5.878160">
        <ele>592.28</ele>
      </trkpt>
      <trkpt lat="45.778830" lon="5.878210">
        <ele>596.72</ele>
      </trkpt>
      <trkpt lat="45.778790" lon="5.878260">
        <ele>596.33</ele>
      </trkpt>
      <trkpt lat="45.778770" lon="5.878310">
        <ele>595.75</ele>
      </trkpt>
      <trkpt lat="45.778700" lon="5.878420">
        <ele>594.71</ele>
      </trkpt>
      <trkpt lat="45.778650" lon="5.878520">
        <ele>592.21</ele>
      </trkpt>
      <trkpt lat="45.778590" lon="5.878640">
        <ele>588.91</ele>
      </trkpt>
      <trkpt lat="45.778540" lon="5.878770">
        <ele>587.71</ele>
      </trkpt>
      <trkpt lat="45.778490" lon="5.878860">
        <ele>586.52</ele>
      </trkpt>
      <trkpt lat="45.778470" lon="5.878920">
        <ele>586.85</ele>
      </trkpt>
      <trkpt lat="45.778430" lon="5.879040">
        <ele>583.89</ele>
      </trkpt>
      <trkpt lat="45.778410" lon="5.879120">
        <ele>581.21</ele>
      </trkpt>
      <trkpt lat="45.778390" lon="5.879170">
        <ele>580.68</ele>
      </trkpt>
      <trkpt lat="45.778370" lon="5.879290">
        <ele>579.95</ele>
      </trkpt>
      <trkpt lat="45.778350" lon="5.879400">
        <ele>580.48</ele>
      </trkpt>
      <trkpt lat="45.778330" lon="5.879480">
        <ele>580.8</ele>
      </trkpt>
      <trkpt lat="45.778330" lon="5.879530">
        <ele>581.28</ele>
      </trkpt>
      <trkpt lat="45.778310" lon="5.879590">
        <ele>581.93</ele>
      </trkpt>
      <trkpt lat="45.778310" lon="5.879640">
        <ele>582.59</ele>
      </trkpt>
      <trkpt lat="45.778300" lon="5.879700">
        <ele>580.63</ele>
      </trkpt>
      <trkpt lat="45.778290" lon="5.879760">
        <ele>578.71</ele>
      </trkpt>
      <trkpt lat="45.778290" lon="5.879820">
        <ele>579.27</ele>
      </trkpt>
      <trkpt lat="45.778290" lon="5.879870">
        <ele>579.71</ele>
      </trkpt>
      <trkpt lat="45.778280" lon="5.879930">
        <ele>580.09</ele>
      </trkpt>
      <trkpt lat="45.778280" lon="5.880000">
        <ele>580.49</ele>
      </trkpt>
      <trkpt lat="45.778280" lon="5.880070">
        <ele>580.87</ele>
      </trkpt>
      <trkpt lat="45.778280" lon="5.880130">
        <ele>578.73</ele>
      </trkpt>
      <trkpt lat="45.778280" lon="5.880180">
        <ele>576.54</ele>
      </trkpt>
      <trkpt lat="45.778290" lon="5.880240">
        <ele>576.56</ele>
      </trkpt>
      <trkpt lat="45.778290" lon="5.880330">
        <ele>576.15</ele>
      </trkpt>
      <trkpt lat="45.778300" lon="5.880430">
        <ele>575.42</ele>
      </trkpt>
      <trkpt lat="45.778310" lon="5.880560">
        <ele>576.04</ele>
      </trkpt>
      <trkpt lat="45.778320" lon="5.880670">
        <ele>576.74</ele>
      </trkpt>
      <trkpt lat="45.778340" lon="5.880830">
        <ele>575.13</ele>
      </trkpt>
      <trkpt lat="45.778360" lon="5.880940">
        <ele>574.75</ele>
      </trkpt>
      <trkpt lat="45.778370" lon="5.881050">
        <ele>574.79</ele>
      </trkpt>
      <trkpt lat="45.778390" lon="5.881180">
        <ele>573.62</ele>
      </trkpt>
      <trkpt lat="45.778390" lon="5.881270">
        <ele>572.64</ele>
      </trkpt>
      <trkpt lat="45.778400" lon="5.881360">
        <ele>571.88</ele>
      </trkpt>
      <trkpt lat="45.778420" lon="5.881450">
        <ele>571.29</ele>
      </trkpt>
      <trkpt lat="45.778430" lon="5.881560">
        <ele>570.83</ele>
      </trkpt>
      <trkpt lat="45.778450" lon="5.881630">
        <ele>570.45</ele>
      </trkpt>
      <trkpt lat="45.778460" lon="5.881710">
        <ele>570.91</ele>
      </trkpt>
      <trkpt lat="45.778460" lon="5.881790">
        <ele>571.33</ele>
      </trkpt>
      <trkpt lat="45.778480" lon="5.881880">
        <ele>572.17</ele>
      </trkpt>
      <trkpt lat="45.778490" lon="5.881960">
        <ele>573.03</ele>
      </trkpt>
      <trkpt lat="45.778500" lon="5.882030">
        <ele>573.88</ele>
      </trkpt>
      <trkpt lat="45.778510" lon="5.882110">
        <ele>573.99</ele>
      </trkpt>
      <trkpt lat="45.778530" lon="5.882190">
        <ele>574.29</ele>
      </trkpt>
      <trkpt lat="45.778540" lon="5.882280">
        <ele>573.38</ele>
      </trkpt>
      <trkpt lat="45.778550" lon="5.882350">
        <ele>572.96</ele>
      </trkpt>
      <trkpt lat="45.778560" lon="5.882420">
        <ele>572.88</ele>
      </trkpt>
      <trkpt lat="45.778570" lon="5.882480">
        <ele>573.12</ele>
      </trkpt>
      <trkpt lat="45.778580" lon="5.882540">
        <ele>573.62</ele>
      </trkpt>
      <trkpt lat="45.778590" lon="5.882580">
        <ele>574.39</ele>
      </trkpt>
      <trkpt lat="45.778600" lon="5.882630">
        <ele>574.85</ele>
      </trkpt>
      <trkpt lat="45.778610" lon="5.882690">
        <ele>575.12</ele>
      </trkpt>
      <trkpt lat="45.778630" lon="5.882760">
        <ele>574.26</ele>
      </trkpt>
      <trkpt lat="45.778640" lon="5.882800">
        <ele>573.61</ele>
      </trkpt>
      <trkpt lat="45.778660" lon="5.882860">
        <ele>573.22</ele>
      </trkpt>
      <trkpt lat="45.778680" lon="5.882910">
        <ele>573.07</ele>
      </trkpt>
      <trkpt lat="45.778690" lon="5.882970">
        <ele>573.28</ele>
      </trkpt>
      <trkpt lat="45.778700" lon="5.883020">
        <ele>574.78</ele>
      </trkpt>
      <trkpt lat="45.778700" lon="5.883090">
        <ele>576.26</ele>
      </trkpt>
      <trkpt lat="45.778700" lon="5.883140">
        <ele>577.72</ele>
      </trkpt>
      <trkpt lat="45.778700" lon="5.883200">
        <ele>576.37</ele>
      </trkpt>
      <trkpt lat="45.778690" lon="5.883260">
        <ele>575</ele>
      </trkpt>
      <trkpt lat="45.778690" lon="5.883320">
        <ele>573.61</ele>
      </trkpt>
      <trkpt lat="45.778680" lon="5.883400">
        <ele>572.26</ele>
      </trkpt>
      <trkpt lat="45.778670" lon="5.883450">
        <ele>570.79</ele>
      </trkpt>
      <trkpt lat="45.778660" lon="5.883520">
        <ele>572.12</ele>
      </trkpt>
      <trkpt lat="45.778650" lon="5.883570">
        <ele>573.36</ele>
      </trkpt>
      <trkpt lat="45.778650" lon="5.883630">
        <ele>571.26</ele>
      </trkpt>
      <trkpt lat="45.778650" lon="5.883680">
        <ele>568.93</ele>
      </trkpt>
      <trkpt lat="45.778650" lon="5.883710">
        <ele>566.51</ele>
      </trkpt>
      <trkpt lat="45.778650" lon="5.883750">
        <ele>564.01</ele>
      </trkpt>
      <trkpt lat="45.778660" lon="5.883790">
        <ele>561.42</ele>
      </trkpt>
      <trkpt lat="45.778670" lon="5.883840">
        <ele>562.18</ele>
      </trkpt>
      <trkpt lat="45.778680" lon="5.883880">
        <ele>563.18</ele>
      </trkpt>
      <trkpt lat="45.778690" lon="5.883940">
        <ele>562.57</ele>
      </trkpt>
      <trkpt lat="45.778720" lon="5.884020">
        <ele>561.76</ele>
      </trkpt>
      <trkpt lat="45.778750" lon="5.884110">
        <ele>560.83</ele>
      </trkpt>
      <trkpt lat="45.778810" lon="5.884260">
        <ele>559.65</ele>
      </trkpt>
      <trkpt lat="45.778910" lon="5.884490">
        <ele>558.04</ele>
      </trkpt>
      <trkpt lat="45.779020" lon="5.884810">
        <ele>557.91</ele>
      </trkpt>
      <trkpt lat="45.779100" lon="5.885020">
        <ele>557.8</ele>
      </trkpt>
      <trkpt lat="45.779130" lon="5.885080">
        <ele>557.64</ele>
      </trkpt>
      <trkpt lat="45.779180" lon="5.885160">
        <ele>557.48</ele>
      </trkpt>
      <trkpt lat="45.779210" lon="5.885210">
        <ele>557.4</ele>
      </trkpt>
      <trkpt lat="45.779240" lon="5.885250">
        <ele>557.31</ele>
      </trkpt>
      <trkpt lat="45.779260" lon="5.885280">
        <ele>557.34</ele>
      </trkpt>
      <trkpt lat="45.779300" lon="5.885300">
        <ele>557.36</ele>
      </trkpt>
      <trkpt lat="45.779330" lon="5.885320">
        <ele>557.35</ele>
      </trkpt>
      <trkpt lat="45.779360" lon="5.885330">
        <ele>556.59</ele>
      </trkpt>
      <trkpt lat="45.779400" lon="5.885340">
        <ele>555.94</ele>
      </trkpt>
      <trkpt lat="45.779440" lon="5.885350">
        <ele>555.3</ele>
      </trkpt>
      <trkpt lat="45.779470" lon="5.885360">
        <ele>554.77</ele>
      </trkpt>
      <trkpt lat="45.779520" lon="5.885360">
        <ele>552.27</ele>
      </trkpt>
      <trkpt lat="45.779560" lon="5.885360">
        <ele>552.66</ele>
      </trkpt>
      <trkpt lat="45.779600" lon="5.885360">
        <ele>553.05</ele>
      </trkpt>
      <trkpt lat="45.779640" lon="5.885340">
        <ele>553.4</ele>
      </trkpt>
      <trkpt lat="45.779690" lon="5.885330">
        <ele>553.8</ele>
      </trkpt>
      <trkpt lat="45.779730" lon="5.885310">
        <ele>556.32</ele>
      </trkpt>
      <trkpt lat="45.779780" lon="5.885280">
        <ele>555.97</ele>
      </trkpt>
      <trkpt lat="45.779830" lon="5.885240">
        <ele>555.49</ele>
      </trkpt>
      <trkpt lat="45.779880" lon="5.885190">
        <ele>554.9</ele>
      </trkpt>
      <trkpt lat="45.779920" lon="5.885160">
        <ele>554.18</ele>
      </trkpt>
      <trkpt lat="45.779960" lon="5.885140">
        <ele>553.39</ele>
      </trkpt>
      <trkpt lat="45.779970" lon="5.885130">
        <ele>553.41</ele>
      </trkpt>
      <trkpt lat="45.780010" lon="5.885120">
        <ele>553.57</ele>
      </trkpt>
      <trkpt lat="45.780040" lon="5.885120">
        <ele>553.83</ele>
      </trkpt>
      <trkpt lat="45.780060" lon="5.885120">
        <ele>554.2</ele>
      </trkpt>
      <trkpt lat="45.780080" lon="5.885130">
        <ele>554.65</ele>
      </trkpt>
      <trkpt lat="45.780100" lon="5.885140">
        <ele>555.19</ele>
      </trkpt>
      <trkpt lat="45.780110" lon="5.885170">
        <ele>555.84</ele>
      </trkpt>
      <trkpt lat="45.780120" lon="5.885190">
        <ele>556.57</ele>
      </trkpt>
      <trkpt lat="45.780130" lon="5.885230">
        <ele>557.37</ele>
      </trkpt>
      <trkpt lat="45.780130" lon="5.885260">
        <ele>558.12</ele>
      </trkpt>
      <trkpt lat="45.780120" lon="5.885300">
        <ele>556.13</ele>
      </trkpt>
      <trkpt lat="45.780110" lon="5.885330">
        <ele>553.98</ele>
      </trkpt>
      <trkpt lat="45.780080" lon="5.885350">
        <ele>551.64</ele>
      </trkpt>
      <trkpt lat="45.780050" lon="5.885400">
        <ele>549.04</ele>
      </trkpt>
      <trkpt lat="45.780010" lon="5.885440">
        <ele>546.29</ele>
      </trkpt>
      <trkpt lat="45.779980" lon="5.885470">
        <ele>546.03</ele>
      </trkpt>
      <trkpt lat="45.779950" lon="5.885500">
        <ele>545.64</ele>
      </trkpt>
      <trkpt lat="45.779930" lon="5.885530">
        <ele>545.19</ele>
      </trkpt>
      <trkpt lat="45.779900" lon="5.885560">
        <ele>544.7</ele>
      </trkpt>
      <trkpt lat="45.779890" lon="5.885570">
        <ele>546.66</ele>
      </trkpt>
      <trkpt lat="45.779870" lon="5.885600">
        <ele>548.65</ele>
      </trkpt>
      <trkpt lat="45.779850" lon="5.885630">
        <ele>550.69</ele>
      </trkpt>
      <trkpt lat="45.779840" lon="5.885660">
        <ele>552.81</ele>
      </trkpt>
      <trkpt lat="45.779840" lon="5.885710">
        <ele>552.99</ele>
      </trkpt>
      <trkpt lat="45.779840" lon="5.885750">
        <ele>551.04</ele>
      </trkpt>
      <trkpt lat="45.779840" lon="5.885800">
        <ele>548.51</ele>
      </trkpt>
      <trkpt lat="45.779860" lon="5.885860">
        <ele>546.03</ele>
      </trkpt>
      <trkpt lat="45.779870" lon="5.885900">
        <ele>543.56</ele>
      </trkpt>
      <trkpt lat="45.779880" lon="5.885940">
        <ele>543.14</ele>
      </trkpt>
      <trkpt lat="45.779900" lon="5.886000">
        <ele>542.49</ele>
      </trkpt>
      <trkpt lat="45.779910" lon="5.886050">
        <ele>542.45</ele>
      </trkpt>
      <trkpt lat="45.779910" lon="5.886100">
        <ele>540.46</ele>
      </trkpt>
      <trkpt lat="45.779910" lon="5.886170">
        <ele>538.35</ele>
      </trkpt>
      <trkpt lat="45.779910" lon="5.886230">
        <ele>536.1</ele>
      </trkpt>
      <trkpt lat="45.779900" lon="5.886290">
        <ele>536.79</ele>
      </trkpt>
      <trkpt lat="45.779880" lon="5.886340">
        <ele>537.51</ele>
      </trkpt>
      <trkpt lat="45.779860" lon="5.886400">
        <ele>540.17</ele>
      </trkpt>
      <trkpt lat="45.779850" lon="5.886440">
        <ele>542.89</ele>
      </trkpt>
      <trkpt lat="45.779820" lon="5.886500">
        <ele>545.7</ele>
      </trkpt>
      <trkpt lat="45.779800" lon="5.886530">
        <ele>545.49</ele>
      </trkpt>
      <trkpt lat="45.779780" lon="5.886570">
        <ele>541.99</ele>
      </trkpt>
      <trkpt lat="45.779760" lon="5.886600">
        <ele>538.49</ele>
      </trkpt>
      <trkpt lat="45.779730" lon="5.886630">
        <ele>535.01</ele>
      </trkpt>
      <trkpt lat="45.779710" lon="5.886660">
        <ele>531.55</ele>
      </trkpt>
      <trkpt lat="45.779690" lon="5.886680">
        <ele>528.09</ele>
      </trkpt>
      <trkpt lat="45.779650" lon="5.886700">
        <ele>530.15</ele>
      </trkpt>
      <trkpt lat="45.779630" lon="5.886720">
        <ele>531.79</ele>
      </trkpt>
      <trkpt lat="45.779550" lon="5.886780">
        <ele>533.1</ele>
      </trkpt>
      <trkpt lat="45.779470" lon="5.886820">
        <ele>534.2</ele>
      </trkpt>
      <trkpt lat="45.779390" lon="5.886900">
        <ele>534.94</ele>
      </trkpt>
      <trkpt lat="45.779320" lon="5.886990">
        <ele>532.98</ele>
      </trkpt>
      <trkpt lat="45.779240" lon="5.887060">
        <ele>530.82</ele>
      </trkpt>
      <trkpt lat="45.779170" lon="5.887130">
        <ele>531.6</ele>
      </trkpt>
      <trkpt lat="45.779090" lon="5.887200">
        <ele>531.85</ele>
      </trkpt>
      <trkpt lat="45.779010" lon="5.887270">
        <ele>531.79</ele>
      </trkpt>
      <trkpt lat="45.778930" lon="5.887330">
        <ele>530.2</ele>
      </trkpt>
      <trkpt lat="45.778850" lon="5.887390">
        <ele>530.1</ele>
      </trkpt>
      <trkpt lat="45.778770" lon="5.887450">
        <ele>527.34</ele>
      </trkpt>
      <trkpt lat="45.778700" lon="5.887520">
        <ele>525.29</ele>
      </trkpt>
      <trkpt lat="45.778610" lon="5.887570">
        <ele>523.95</ele>
      </trkpt>
      <trkpt lat="45.778550" lon="5.887630">
        <ele>525.51</ele>
      </trkpt>
      <trkpt lat="45.778530" lon="5.887650">
        <ele>526.17</ele>
      </trkpt>
      <trkpt lat="45.778460" lon="5.887730">
        <ele>525.57</ele>
      </trkpt>
      <trkpt lat="45.778390" lon="5.887830">
        <ele>524.98</ele>
      </trkpt>
      <trkpt lat="45.778350" lon="5.887930">
        <ele>524.37</ele>
      </trkpt>
      <trkpt lat="45.778300" lon="5.888040">
        <ele>522.79</ele>
      </trkpt>
      <trkpt lat="45.778270" lon="5.888130">
        <ele>521.22</ele>
      </trkpt>
      <trkpt lat="45.778250" lon="5.888190">
        <ele>520.98</ele>
      </trkpt>
      <trkpt lat="45.778230" lon="5.888210">
        <ele>520.74</ele>
      </trkpt>
      <trkpt lat="45.778220" lon="5.888250">
        <ele>520.51</ele>
      </trkpt>
      <trkpt lat="45.778200" lon="5.888280">
        <ele>520.31</ele>
      </trkpt>
      <trkpt lat="45.778190" lon="5.888310">
        <ele>520.11</ele>
      </trkpt>
      <trkpt lat="45.778170" lon="5.888340">
        <ele>519.93</ele>
      </trkpt>
      <trkpt lat="45.778150" lon="5.888370">
        <ele>519.75</ele>
      </trkpt>
      <trkpt lat="45.778130" lon="5.888390">
        <ele>519.55</ele>
      </trkpt>
      <trkpt lat="45.778100" lon="5.888420">
        <ele>519.31</ele>
      </trkpt>
      <trkpt lat="45.778060" lon="5.888450">
        <ele>518.99</ele>
      </trkpt>
      <trkpt lat="45.778030" lon="5.888480">
        <ele>518.62</ele>
      </trkpt>
      <trkpt lat="45.777970" lon="5.888510">
        <ele>518.91</ele>
      </trkpt>
      <trkpt lat="45.777920" lon="5.888540">
        <ele>519.13</ele>
      </trkpt>
      <trkpt lat="45.777870" lon="5.888580">
        <ele>519.29</ele>
      </trkpt>
      <trkpt lat="45.777820" lon="5.888610">
        <ele>519.44</ele>
      </trkpt>
      <trkpt lat="45.777780" lon="5.888630">
        <ele>519.55</ele>
      </trkpt>
      <trkpt lat="45.777750" lon="5.888650">
        <ele>518.95</ele>
      </trkpt>
      <trkpt lat="45.777700" lon="5.888670">
        <ele>517.3</ele>
      </trkpt>
      <trkpt lat="45.777680" lon="5.888690">
        <ele>516.81</ele>
      </trkpt>
      <trkpt lat="45.777650" lon="5.888720">
        <ele>516.37</ele>
      </trkpt>
      <trkpt lat="45.777630" lon="5.888740">
        <ele>516.03</ele>
      </trkpt>
      <trkpt lat="45.777610" lon="5.888770">
        <ele>515.79</ele>
      </trkpt>
      <trkpt lat="45.777600" lon="5.888790">
        <ele>516.72</ele>
      </trkpt>
      <trkpt lat="45.777590" lon="5.888820">
        <ele>516.66</ele>
      </trkpt>
      <trkpt lat="45.777590" lon="5.888860">
        <ele>516.73</ele>
      </trkpt>
      <trkpt lat="45.777600" lon="5.888890">
        <ele>516.94</ele>
      </trkpt>
      <trkpt lat="45.777610" lon="5.888920">
        <ele>516.1</ele>
      </trkpt>
      <trkpt lat="45.777630" lon="5.888950">
        <ele>515.36</ele>
      </trkpt>
      <trkpt lat="45.777650" lon="5.888970">
        <ele>514.71</ele>
      </trkpt>
      <trkpt lat="45.777680" lon="5.888980">
        <ele>514.18</ele>
      </trkpt>
      <trkpt lat="45.777710" lon="5.888990">
        <ele>513.71</ele>
      </trkpt>
      <trkpt lat="45.777760" lon="5.889000">
        <ele>514.5</ele>
      </trkpt>
      <trkpt lat="45.777800" lon="5.889000">
        <ele>515.41</ele>
      </trkpt>
      <trkpt lat="45.777860" lon="5.889000">
        <ele>515.31</ele>
      </trkpt>
      <trkpt lat="45.777910" lon="5.888990">
        <ele>515.28</ele>
      </trkpt>
      <trkpt lat="45.777980" lon="5.889000">
        <ele>515.29</ele>
      </trkpt>
      <trkpt lat="45.778030" lon="5.889010">
        <ele>515.31</ele>
      </trkpt>
      <trkpt lat="45.778080" lon="5.889030">
        <ele>515.39</ele>
      </trkpt>
      <trkpt lat="45.778130" lon="5.889060">
        <ele>515.19</ele>
      </trkpt>
      <trkpt lat="45.778180" lon="5.889090">
        <ele>514.72</ele>
      </trkpt>
      <trkpt lat="45.778220" lon="5.889130">
        <ele>514.03</ele>
      </trkpt>
      <trkpt lat="45.778260" lon="5.889180">
        <ele>513.08</ele>
      </trkpt>
      <trkpt lat="45.778300" lon="5.889240">
        <ele>511.84</ele>
      </trkpt>
      <trkpt lat="45.778330" lon="5.889300">
        <ele>511.72</ele>
      </trkpt>
      <trkpt lat="45.778350" lon="5.889350">
        <ele>511.59</ele>
      </trkpt>
      <trkpt lat="45.778370" lon="5.889410">
        <ele>511.44</ele>
      </trkpt>
      <trkpt lat="45.778380" lon="5.889470">
        <ele>511.24</ele>
      </trkpt>
      <trkpt lat="45.778380" lon="5.889540">
        <ele>510.98</ele>
      </trkpt>
      <trkpt lat="45.778380" lon="5.889610">
        <ele>510.67</ele>
      </trkpt>
      <trkpt lat="45.778380" lon="5.889700">
        <ele>510.29</ele>
      </trkpt>
      <trkpt lat="45.778380" lon="5.889800">
        <ele>509.82</ele>
      </trkpt>
      <trkpt lat="45.778370" lon="5.889890">
        <ele>509.36</ele>
      </trkpt>
      <trkpt lat="45.778350" lon="5.890050">
        <ele>509.27</ele>
      </trkpt>
      <trkpt lat="45.778340" lon="5.890120">
        <ele>509.22</ele>
      </trkpt>
      <trkpt lat="45.778280" lon="5.890370">
        <ele>509.19</ele>
      </trkpt>
      <trkpt lat="45.778260" lon="5.890450">
        <ele>509.22</ele>
      </trkpt>
      <trkpt lat="45.778240" lon="5.890520">
        <ele>508.95</ele>
      </trkpt>
      <trkpt lat="45.778200" lon="5.890600">
        <ele>508.31</ele>
      </trkpt>
      <trkpt lat="45.778180" lon="5.890650">
        <ele>507.64</ele>
      </trkpt>
      <trkpt lat="45.778140" lon="5.890710">
        <ele>506.94</ele>
      </trkpt>
      <trkpt lat="45.778110" lon="5.890750">
        <ele>506.62</ele>
      </trkpt>
      <trkpt lat="45.778070" lon="5.890780">
        <ele>506.62</ele>
      </trkpt>
      <trkpt lat="45.778020" lon="5.890810">
        <ele>506.67</ele>
      </trkpt>
      <trkpt lat="45.777990" lon="5.890830">
        <ele>506.24</ele>
      </trkpt>
      <trkpt lat="45.777930" lon="5.890860">
        <ele>505.9</ele>
      </trkpt>
      <trkpt lat="45.777880" lon="5.890890">
        <ele>505.25</ele>
      </trkpt>
      <trkpt lat="45.777830" lon="5.890920">
        <ele>504.59</ele>
      </trkpt>
      <trkpt lat="45.777780" lon="5.890960">
        <ele>503.89</ele>
      </trkpt>
      <trkpt lat="45.777740" lon="5.891010">
        <ele>503.48</ele>
      </trkpt>
      <trkpt lat="45.777690" lon="5.891100">
        <ele>502.69</ele>
      </trkpt>
      <trkpt lat="45.777590" lon="5.891280">
        <ele>501.98</ele>
      </trkpt>
      <trkpt lat="45.777460" lon="5.891480">
        <ele>500.9</ele>
      </trkpt>
      <trkpt lat="45.777360" lon="5.891650">
        <ele>499.87</ele>
      </trkpt>
      <trkpt lat="45.777300" lon="5.891760">
        <ele>499.11</ele>
      </trkpt>
      <trkpt lat="45.777270" lon="5.891850">
        <ele>498.62</ele>
      </trkpt>
      <trkpt lat="45.777270" lon="5.891920">
        <ele>497.92</ele>
      </trkpt>
      <trkpt lat="45.777210" lon="5.891960">
        <ele>497.51</ele>
      </trkpt>
      <trkpt lat="45.777130" lon="5.891980">
        <ele>496.88</ele>
      </trkpt>
      <trkpt lat="45.777040" lon="5.892010">
        <ele>495.93</ele>
      </trkpt>
      <trkpt lat="45.776890" lon="5.892080">
        <ele>494.79</ele>
      </trkpt>
      <trkpt lat="45.776780" lon="5.892160">
        <ele>493.63</ele>
      </trkpt>
      <trkpt lat="45.776660" lon="5.892250">
        <ele>492.55</ele>
      </trkpt>
      <trkpt lat="45.776590" lon="5.892290">
        <ele>491.35</ele>
      </trkpt>
      <trkpt lat="45.776490" lon="5.892360">
        <ele>490.28</ele>
      </trkpt>
      <trkpt lat="45.776380" lon="5.892420">
        <ele>489.14</ele>
      </trkpt>
      <trkpt lat="45.776280" lon="5.892480">
        <ele>488.1</ele>
      </trkpt>
      <trkpt lat="45.776210" lon="5.892510">
        <ele>487.07</ele>
      </trkpt>
      <trkpt lat="45.776160" lon="5.892540">
        <ele>486.39</ele>
      </trkpt>
      <trkpt lat="45.776110" lon="5.892570">
        <ele>485.88</ele>
      </trkpt>
      <trkpt lat="45.776050" lon="5.892610">
        <ele>485.74</ele>
      </trkpt>
      <trkpt lat="45.776000" lon="5.892660">
        <ele>485.34</ele>
      </trkpt>
      <trkpt lat="45.775970" lon="5.892690">
        <ele>484.86</ele>
      </trkpt>
      <trkpt lat="45.775950" lon="5.892720">
        <ele>484.37</ele>
      </trkpt>
      <trkpt lat="45.775880" lon="5.892780">
        <ele>483.87</ele>
      </trkpt>
      <trkpt lat="45.775720" lon="5.892970">
        <ele>482.98</ele>
      </trkpt>
      <trkpt lat="45.775710" lon="5.892980">
        <ele>482.26</ele>
      </trkpt>
      <trkpt lat="45.775640" lon="5.893040">
        <ele>481.54</ele>
      </trkpt>
      <trkpt lat="45.775570" lon="5.893110">
        <ele>480.74</ele>
      </trkpt>
      <trkpt lat="45.775510" lon="5.893180">
        <ele>480.24</ele>
      </trkpt>
      <trkpt lat="45.775440" lon="5.893230">
        <ele>479.72</ele>
      </trkpt>
      <trkpt lat="45.775380" lon="5.893280">
        <ele>479.28</ele>
      </trkpt>
      <trkpt lat="45.775310" lon="5.893340">
        <ele>478.88</ele>
      </trkpt>
      <trkpt lat="45.775230" lon="5.893400">
        <ele>478.6</ele>
      </trkpt>
      <trkpt lat="45.775150" lon="5.893460">
        <ele>478</ele>
      </trkpt>
      <trkpt lat="45.775060" lon="5.893510">
        <ele>477.76</ele>
      </trkpt>
      <trkpt lat="45.774970" lon="5.893560">
        <ele>477.51</ele>
      </trkpt>
      <trkpt lat="45.774800" lon="5.893640">
        <ele>476.99</ele>
      </trkpt>
      <trkpt lat="45.774680" lon="5.893700">
        <ele>476.39</ele>
      </trkpt>
      <trkpt lat="45.774640" lon="5.893730">
        <ele>476.15</ele>
      </trkpt>
      <trkpt lat="45.774590" lon="5.893760">
        <ele>475.88</ele>
      </trkpt>
      <trkpt lat="45.774550" lon="5.893790">
        <ele>475.62</ele>
      </trkpt>
      <trkpt lat="45.774500" lon="5.893830">
        <ele>475.64</ele>
      </trkpt>
      <trkpt lat="45.774470" lon="5.893890">
        <ele>475.68</ele>
      </trkpt>
      <trkpt lat="45.774420" lon="5.893950">
        <ele>475.36</ele>
      </trkpt>
      <trkpt lat="45.774390" lon="5.894010">
        <ele>475.05</ele>
      </trkpt>
      <trkpt lat="45.774340" lon="5.894090">
        <ele>474.73</ele>
      </trkpt>
      <trkpt lat="45.774300" lon="5.894170">
        <ele>474.42</ele>
      </trkpt>
      <trkpt lat="45.774240" lon="5.894250">
        <ele>474.05</ele>
      </trkpt>
      <trkpt lat="45.774170" lon="5.894360">
        <ele>473.67</ele>
      </trkpt>
      <trkpt lat="45.774040" lon="5.894530">
        <ele>473.16</ele>
      </trkpt>
      <trkpt lat="45.773950" lon="5.894660">
        <ele>472.59</ele>
      </trkpt>
      <trkpt lat="45.773790" lon="5.894870">
        <ele>472.11</ele>
      </trkpt>
      <trkpt lat="45.773630" lon="5.895080">
        <ele>471.75</ele>
      </trkpt>
      <trkpt lat="45.773560" lon="5.895190">
        <ele>471.51</ele>
      </trkpt>
      <trkpt lat="45.773510" lon="5.895260">
        <ele>471.48</ele>
      </trkpt>
      <trkpt lat="45.773480" lon="5.895330">
        <ele>471.61</ele>
      </trkpt>
      <trkpt lat="45.773440" lon="5.895400">
        <ele>471.8</ele>
      </trkpt>
      <trkpt lat="45.773400" lon="5.895480">
        <ele>471.98</ele>
      </trkpt>
      <trkpt lat="45.773340" lon="5.895640">
        <ele>472.21</ele>
      </trkpt>
      <trkpt lat="45.773310" lon="5.895700">
        <ele>472.18</ele>
      </trkpt>
      <trkpt lat="45.773120" lon="5.896150">
        <ele>472.1</ele>
      </trkpt>
      <trkpt lat="45.773050" lon="5.896320">
        <ele>471.98</ele>
      </trkpt>
      <trkpt lat="45.773050" lon="5.896330">
        <ele>471.86</ele>
      </trkpt>
      <trkpt lat="45.773040" lon="5.896380">
        <ele>471.66</ele>
      </trkpt>
      <trkpt lat="45.773030" lon="5.896410">
        <ele>471.74</ele>
      </trkpt>
      <trkpt lat="45.773020" lon="5.896450">
        <ele>471.86</ele>
      </trkpt>
      <trkpt lat="45.773020" lon="5.896550">
        <ele>471.76</ele>
      </trkpt>
      <trkpt lat="45.773020" lon="5.896610">
        <ele>471.67</ele>
      </trkpt>
      <trkpt lat="45.773030" lon="5.896700">
        <ele>471.58</ele>
      </trkpt>
      <trkpt lat="45.773030" lon="5.896790">
        <ele>471.48</ele>
      </trkpt>
      <trkpt lat="45.773040" lon="5.896890">
        <ele>471.2</ele>
      </trkpt>
      <trkpt lat="45.773050" lon="5.896990">
        <ele>471.14</ele>
      </trkpt>
      <trkpt lat="45.773060" lon="5.897090">
        <ele>471.06</ele>
      </trkpt>
      <trkpt lat="45.773060" lon="5.897200">
        <ele>470.96</ele>
      </trkpt>
      <trkpt lat="45.773060" lon="5.897330">
        <ele>470.69</ele>
      </trkpt>
      <trkpt lat="45.773050" lon="5.897420">
        <ele>470.32</ele>
      </trkpt>
      <trkpt lat="45.773040" lon="5.897740">
        <ele>469.74</ele>
      </trkpt>
      <trkpt lat="45.773030" lon="5.898090">
        <ele>469.09</ele>
      </trkpt>
      <trkpt lat="45.773020" lon="5.898390">
        <ele>468.13</ele>
      </trkpt>
      <trkpt lat="45.773000" lon="5.898680">
        <ele>467.17</ele>
      </trkpt>
      <trkpt lat="45.772980" lon="5.898920">
        <ele>465.94</ele>
      </trkpt>
      <trkpt lat="45.772950" lon="5.899190">
        <ele>464.57</ele>
      </trkpt>
      <trkpt lat="45.772890" lon="5.899580">
        <ele>463.01</ele>
      </trkpt>
      <trkpt lat="45.772830" lon="5.899950">
        <ele>461.69</ele>
      </trkpt>
      <trkpt lat="45.772790" lon="5.900160">
        <ele>460.46</ele>
      </trkpt>
      <trkpt lat="45.772760" lon="5.900240">
        <ele>459.7</ele>
      </trkpt>
      <trkpt lat="45.772740" lon="5.900300">
        <ele>459.09</ele>
      </trkpt>
      <trkpt lat="45.772720" lon="5.900370">
        <ele>458.65</ele>
      </trkpt>
      <trkpt lat="45.772700" lon="5.900430">
        <ele>458.35</ele>
      </trkpt>
      <trkpt lat="45.772640" lon="5.900530">
        <ele>457.78</ele>
      </trkpt>
      <trkpt lat="45.772550" lon="5.900700">
        <ele>457.24</ele>
      </trkpt>
      <trkpt lat="45.772400" lon="5.900970">
        <ele>457.01</ele>
      </trkpt>
      <trkpt lat="45.772230" lon="5.901290">
        <ele>456.8</ele>
      </trkpt>
      <trkpt lat="45.772100" lon="5.901530">
        <ele>456.7</ele>
      </trkpt>
      <trkpt lat="45.772050" lon="5.901630">
        <ele>456.89</ele>
      </trkpt>
      <trkpt lat="45.772010" lon="5.901710">
        <ele>457.11</ele>
      </trkpt>
      <trkpt lat="45.771980" lon="5.901800">
        <ele>457.18</ele>
      </trkpt>
      <trkpt lat="45.771950" lon="5.901860">
        <ele>457.31</ele>
      </trkpt>
      <trkpt lat="45.771940" lon="5.901930">
        <ele>457.26</ele>
      </trkpt>
      <trkpt lat="45.771940" lon="5.901980">
        <ele>457.21</ele>
      </trkpt>
      <trkpt lat="45.771940" lon="5.902040">
        <ele>456.94</ele>
      </trkpt>
      <trkpt lat="45.771940" lon="5.902060">
        <ele>456.72</ele>
      </trkpt>
      <trkpt lat="45.771950" lon="5.902100">
        <ele>456.55</ele>
      </trkpt>
      <trkpt lat="45.771980" lon="5.902150">
        <ele>456.45</ele>
      </trkpt>
      <trkpt lat="45.772010" lon="5.902200">
        <ele>455.95</ele>
      </trkpt>
      <trkpt lat="45.772040" lon="5.902260">
        <ele>455.85</ele>
      </trkpt>
      <trkpt lat="45.772090" lon="5.902310">
        <ele>455.54</ele>
      </trkpt>
      <trkpt lat="45.772180" lon="5.902410">
        <ele>455.21</ele>
      </trkpt>
      <trkpt lat="45.772290" lon="5.902540">
        <ele>454.83</ele>
      </trkpt>
      <trkpt lat="45.772330" lon="5.902600">
        <ele>454.63</ele>
      </trkpt>
      <trkpt lat="45.772360" lon="5.902650">
        <ele>454.29</ele>
      </trkpt>
      <trkpt lat="45.772390" lon="5.902720">
        <ele>454.17</ele>
      </trkpt>
      <trkpt lat="45.772400" lon="5.902790">
        <ele>453.56</ele>
      </trkpt>
      <trkpt lat="45.772410" lon="5.902880">
        <ele>452.96</ele>
      </trkpt>
      <trkpt lat="45.772420" lon="5.903020">
        <ele>452.31</ele>
      </trkpt>
      <trkpt lat="45.772430" lon="5.903220">
        <ele>451.64</ele>
      </trkpt>
      <trkpt lat="45.772440" lon="5.903450">
        <ele>450.96</ele>
      </trkpt>
      <trkpt lat="45.772450" lon="5.903550">
        <ele>450.78</ele>
      </trkpt>
      <trkpt lat="45.772460" lon="5.903640">
        <ele>450.32</ele>
      </trkpt>
      <trkpt lat="45.772480" lon="5.903750">
        <ele>450.16</ele>
      </trkpt>
      <trkpt lat="45.772500" lon="5.903850">
        <ele>450.01</ele>
      </trkpt>
      <trkpt lat="45.772530" lon="5.903950">
        <ele>449.86</ele>
      </trkpt>
      <trkpt lat="45.772550" lon="5.904050">
        <ele>449.55</ele>
      </trkpt>
      <trkpt lat="45.772570" lon="5.904140">
        <ele>449.43</ele>
      </trkpt>
      <trkpt lat="45.772580" lon="5.904230">
        <ele>449.25</ele>
      </trkpt>
      <trkpt lat="45.772590" lon="5.904350">
        <ele>449.08</ele>
      </trkpt>
      <trkpt lat="45.772580" lon="5.904480">
        <ele>448.76</ele>
      </trkpt>
      <trkpt lat="45.772560" lon="5.904730">
        <ele>448.51</ele>
      </trkpt>
      <trkpt lat="45.772550" lon="5.904860">
        <ele>448.24</ele>
      </trkpt>
      <trkpt lat="45.772530" lon="5.904930">
        <ele>447.18</ele>
      </trkpt>
      <trkpt lat="45.772520" lon="5.904970">
        <ele>445.88</ele>
      </trkpt>
      <trkpt lat="45.772480" lon="5.905020">
        <ele>444.45</ele>
      </trkpt>
      <trkpt lat="45.772450" lon="5.905050">
        <ele>442.86</ele>
      </trkpt>
      <trkpt lat="45.772410" lon="5.905100">
        <ele>442.33</ele>
      </trkpt>
      <trkpt lat="45.772370" lon="5.905130">
        <ele>442.42</ele>
      </trkpt>
      <trkpt lat="45.772320" lon="5.905180">
        <ele>442.53</ele>
      </trkpt>
      <trkpt lat="45.772260" lon="5.905250">
        <ele>442.81</ele>
      </trkpt>
      <trkpt lat="45.772170" lon="5.905360">
        <ele>443.29</ele>
      </trkpt>
      <trkpt lat="45.772080" lon="5.905480">
        <ele>442.75</ele>
      </trkpt>
      <trkpt lat="45.772020" lon="5.905560">
        <ele>442.45</ele>
      </trkpt>
      <trkpt lat="45.771980" lon="5.905630">
        <ele>442.37</ele>
      </trkpt>
      <trkpt lat="45.771940" lon="5.905710">
        <ele>441.73</ele>
      </trkpt>
      <trkpt lat="45.771890" lon="5.905800">
        <ele>440.65</ele>
      </trkpt>
      <trkpt lat="45.771850" lon="5.905920">
        <ele>439.76</ele>
      </trkpt>
      <trkpt lat="45.771680" lon="5.906340">
        <ele>437.99</ele>
      </trkpt>
      <trkpt lat="45.771500" lon="5.906770">
        <ele>436.21</ele>
      </trkpt>
      <trkpt lat="45.771320" lon="5.907210">
        <ele>435.97</ele>
      </trkpt>
      <trkpt lat="45.771270" lon="5.907320">
        <ele>435.5</ele>
      </trkpt>
      <trkpt lat="45.771220" lon="5.907430">
        <ele>434.85</ele>
      </trkpt>
      <trkpt lat="45.771150" lon="5.907580">
        <ele>435.01</ele>
      </trkpt>
      <trkpt lat="45.771080" lon="5.907710">
        <ele>435.03</ele>
      </trkpt>
      <trkpt lat="45.771000" lon="5.907860">
        <ele>434.11</ele>
      </trkpt>
      <trkpt lat="45.770890" lon="5.908070">
        <ele>432.98</ele>
      </trkpt>
      <trkpt lat="45.770860" lon="5.908120">
        <ele>432.91</ele>
      </trkpt>
      <trkpt lat="45.770700" lon="5.908420">
        <ele>432.91</ele>
      </trkpt>
      <trkpt lat="45.770540" lon="5.908730">
        <ele>431.87</ele>
      </trkpt>
      <trkpt lat="45.770520" lon="5.908770">
        <ele>430.83</ele>
      </trkpt>
      <trkpt lat="45.770440" lon="5.908920">
        <ele>430.88</ele>
      </trkpt>
      <trkpt lat="45.770280" lon="5.909230">
        <ele>429.91</ele>
      </trkpt>
      <trkpt lat="45.770150" lon="5.909460">
        <ele>428.93</ele>
      </trkpt>
      <trkpt lat="45.770030" lon="5.909690">
        <ele>429.17</ele>
      </trkpt>
      <trkpt lat="45.769930" lon="5.909880">
        <ele>429.47</ele>
      </trkpt>
      <trkpt lat="45.769830" lon="5.910060">
        <ele>429.35</ele>
      </trkpt>
      <trkpt lat="45.769700" lon="5.910260">
        <ele>429.37</ele>
      </trkpt>
      <trkpt lat="45.769590" lon="5.910450">
        <ele>429.34</ele>
      </trkpt>
      <trkpt lat="45.769480" lon="5.910600">
        <ele>429.19</ele>
      </trkpt>
      <trkpt lat="45.769450" lon="5.910680">
        <ele>429.21</ele>
      </trkpt>
      <trkpt lat="45.769420" lon="5.910780">
        <ele>429.47</ele>
      </trkpt>
      <trkpt lat="45.769410" lon="5.910880">
        <ele>429.52</ele>
      </trkpt>
      <trkpt lat="45.769410" lon="5.910980">
        <ele>429.57</ele>
      </trkpt>
      <trkpt lat="45.769410" lon="5.911080">
        <ele>429.78</ele>
      </trkpt>
      <trkpt lat="45.769530" lon="5.911120">
        <ele>429.75</ele>
      </trkpt>
      <trkpt lat="45.769590" lon="5.911140">
        <ele>429.74</ele>
      </trkpt>
      <trkpt lat="45.769660" lon="5.911160">
        <ele>429.76</ele>
      </trkpt>
      <trkpt lat="45.769720" lon="5.911180">
        <ele>429.76</ele>
      </trkpt>
      <trkpt lat="45.769790" lon="5.911190">
        <ele>429.58</ele>
      </trkpt>
      <trkpt lat="45.769870" lon="5.911200">
        <ele>429.37</ele>
      </trkpt>
      <trkpt lat="45.769950" lon="5.911220">
        <ele>429.13</ele>
      </trkpt>
      <trkpt lat="45.770010" lon="5.911230">
        <ele>428.85</ele>
      </trkpt>
      <trkpt lat="45.770090" lon="5.911250">
        <ele>428.87</ele>
      </trkpt>
      <trkpt lat="45.770170" lon="5.911270">
        <ele>428.84</ele>
      </trkpt>
      <trkpt lat="45.770230" lon="5.911290">
        <ele>428.77</ele>
      </trkpt>
      <trkpt lat="45.770310" lon="5.911320">
        <ele>428.99</ele>
      </trkpt>
      <trkpt lat="45.770370" lon="5.911350">
        <ele>429.17</ele>
      </trkpt>
      <trkpt lat="45.770420" lon="5.911380">
        <ele>429.02</ele>
      </trkpt>
      <trkpt lat="45.770480" lon="5.911410">
        <ele>428.9</ele>
      </trkpt>
      <trkpt lat="45.770540" lon="5.911460">
        <ele>428.82</ele>
      </trkpt>
      <trkpt lat="45.770580" lon="5.911500">
        <ele>428.74</ele>
      </trkpt>
      <trkpt lat="45.770630" lon="5.911550">
        <ele>428.7</ele>
      </trkpt>
      <trkpt lat="45.770710" lon="5.911620">
        <ele>428.79</ele>
      </trkpt>
      <trkpt lat="45.770750" lon="5.911660">
        <ele>428.98</ele>
      </trkpt>
      <trkpt lat="45.770790" lon="5.911710">
        <ele>429.26</ele>
      </trkpt>
      <trkpt lat="45.770830" lon="5.911770">
        <ele>429.32</ele>
      </trkpt>
      <trkpt lat="45.770860" lon="5.911830">
        <ele>429.48</ele>
      </trkpt>
      <trkpt lat="45.770880" lon="5.911900">
        <ele>429.61</ele>
      </trkpt>
      <trkpt lat="45.770900" lon="5.911960">
        <ele>429.74</ele>
      </trkpt>
      <trkpt lat="45.770920" lon="5.912030">
        <ele>429.9</ele>
      </trkpt>
      <trkpt lat="45.770930" lon="5.912090">
        <ele>430.1</ele>
      </trkpt>
      <trkpt lat="45.770940" lon="5.912160">
        <ele>430.32</ele>
      </trkpt>
      <trkpt lat="45.770940" lon="5.912210">
        <ele>430.53</ele>
      </trkpt>
      <trkpt lat="45.770950" lon="5.912280">
        <ele>430.89</ele>
      </trkpt>
      <trkpt lat="45.770970" lon="5.912350">
        <ele>431.41</ele>
      </trkpt>
      <trkpt lat="45.771000" lon="5.912430">
        <ele>430.8</ele>
      </trkpt>
      <trkpt lat="45.771030" lon="5.912510">
        <ele>430.35</ele>
      </trkpt>
      <trkpt lat="45.771060" lon="5.912580">
        <ele>430.08</ele>
      </trkpt>
      <trkpt lat="45.771090" lon="5.912630">
        <ele>429.81</ele>
      </trkpt>
      <trkpt lat="45.771140" lon="5.912690">
        <ele>429.44</ele>
      </trkpt>
      <trkpt lat="45.771170" lon="5.912740">
        <ele>428.83</ele>
      </trkpt>
      <trkpt lat="45.771220" lon="5.912790">
        <ele>428.08</ele>
      </trkpt>
      <trkpt lat="45.771260" lon="5.912820">
        <ele>427.07</ele>
      </trkpt>
      <trkpt lat="45.771310" lon="5.912850">
        <ele>425.84</ele>
      </trkpt>
      <trkpt lat="45.771400" lon="5.912870">
        <ele>424.42</ele>
      </trkpt>
      <trkpt lat="45.771460" lon="5.912880">
        <ele>423.21</ele>
      </trkpt>
      <trkpt lat="45.771520" lon="5.912890">
        <ele>421.9</ele>
      </trkpt>
      <trkpt lat="45.771580" lon="5.912900">
        <ele>420.77</ele>
      </trkpt>
      <trkpt lat="45.771640" lon="5.912940">
        <ele>419.62</ele>
      </trkpt>
      <trkpt lat="45.771680" lon="5.912990">
        <ele>418.99</ele>
      </trkpt>
      <trkpt lat="45.771720" lon="5.913050">
        <ele>420.04</ele>
      </trkpt>
      <trkpt lat="45.771810" lon="5.913210">
        <ele>421.03</ele>
      </trkpt>
      <trkpt lat="45.771930" lon="5.913410">
        <ele>421.7</ele>
      </trkpt>
      <trkpt lat="45.771970" lon="5.913510">
        <ele>422.07</ele>
      </trkpt>
      <trkpt lat="45.772040" lon="5.913640">
        <ele>422.12</ele>
      </trkpt>
      <trkpt lat="45.772110" lon="5.913810">
        <ele>421.79</ele>
      </trkpt>
      <trkpt lat="45.772120" lon="5.913850">
        <ele>421.72</ele>
      </trkpt>
      <trkpt lat="45.772160" lon="5.913920">
        <ele>422.02</ele>
      </trkpt>
      <trkpt lat="45.772200" lon="5.913980">
        <ele>422.76</ele>
      </trkpt>
      <trkpt lat="45.772240" lon="5.914040">
        <ele>423.43</ele>
      </trkpt>
      <trkpt lat="45.772280" lon="5.914080">
        <ele>422.92</ele>
      </trkpt>
      <trkpt lat="45.772330" lon="5.914130">
        <ele>422.17</ele>
      </trkpt>
      <trkpt lat="45.772380" lon="5.914160">
        <ele>420.6</ele>
      </trkpt>
      <trkpt lat="45.772420" lon="5.914190">
        <ele>419.03</ele>
      </trkpt>
      <trkpt lat="45.772490" lon="5.914220">
        <ele>417.44</ele>
      </trkpt>
      <trkpt lat="45.772550" lon="5.914270">
        <ele>416.89</ele>
      </trkpt>
      <trkpt lat="45.772600" lon="5.914310">
        <ele>416.47</ele>
      </trkpt>
      <trkpt lat="45.772640" lon="5.914340">
        <ele>416.65</ele>
      </trkpt>
      <trkpt lat="45.772680" lon="5.914400">
        <ele>416.68</ele>
      </trkpt>
      <trkpt lat="45.772720" lon="5.914450">
        <ele>416.59</ele>
      </trkpt>
      <trkpt lat="45.772760" lon="5.914510">
        <ele>416.79</ele>
      </trkpt>
      <trkpt lat="45.772790" lon="5.914570">
        <ele>416.91</ele>
      </trkpt>
      <trkpt lat="45.772840" lon="5.914640">
        <ele>417.02</ele>
      </trkpt>
      <trkpt lat="45.772880" lon="5.914710">
        <ele>417.33</ele>
      </trkpt>
      <trkpt lat="45.772920" lon="5.914790">
        <ele>417.7</ele>
      </trkpt>
      <trkpt lat="45.772970" lon="5.914860">
        <ele>417.48</ele>
      </trkpt>
      <trkpt lat="45.773110" lon="5.915030">
        <ele>417.3</ele>
      </trkpt>
      <trkpt lat="45.773360" lon="5.915350">
        <ele>417.35</ele>
      </trkpt>
      <trkpt lat="45.773550" lon="5.915590">
        <ele>416.94</ele>
      </trkpt>
      <trkpt lat="45.773750" lon="5.915830">
        <ele>416.56</ele>
      </trkpt>
      <trkpt lat="45.773900" lon="5.916010">
        <ele>416.37</ele>
      </trkpt>
      <trkpt lat="45.773970" lon="5.916120">
        <ele>416.25</ele>
      </trkpt>
      <trkpt lat="45.774020" lon="5.916200">
        <ele>416.29</ele>
      </trkpt>
      <trkpt lat="45.774060" lon="5.916270">
        <ele>416.63</ele>
      </trkpt>
      <trkpt lat="45.774090" lon="5.916340">
        <ele>416.85</ele>
      </trkpt>
      <trkpt lat="45.774120" lon="5.916420">
        <ele>416.91</ele>
      </trkpt>
      <trkpt lat="45.774160" lon="5.916500">
        <ele>416.55</ele>
      </trkpt>
      <trkpt lat="45.774200" lon="5.916590">
        <ele>415.85</ele>
      </trkpt>
      <trkpt lat="45.774230" lon="5.916690">
        <ele>414.94</ele>
      </trkpt>
      <trkpt lat="45.774260" lon="5.916820">
        <ele>413.93</ele>
      </trkpt>
      <trkpt lat="45.774280" lon="5.916930">
        <ele>413.64</ele>
      </trkpt>
      <trkpt lat="45.774300" lon="5.917010">
        <ele>415.81</ele>
      </trkpt>
      <trkpt lat="45.774320" lon="5.917120">
        <ele>416.33</ele>
      </trkpt>
      <trkpt lat="45.774330" lon="5.917210">
        <ele>417.55</ele>
      </trkpt>
      <trkpt lat="45.774360" lon="5.917420">
        <ele>417.8</ele>
      </trkpt>
      <trkpt lat="45.774380" lon="5.917730">
        <ele>418.12</ele>
      </trkpt>
      <trkpt lat="45.774400" lon="5.917890">
        <ele>415.43</ele>
      </trkpt>
      <trkpt lat="45.774410" lon="5.918010">
        <ele>413.8</ele>
      </trkpt>
      <trkpt lat="45.774440" lon="5.918240">
        <ele>411.6</ele>
      </trkpt>
      <trkpt lat="45.774490" lon="5.918610">
        <ele>410.4</ele>
      </trkpt>
      <trkpt lat="45.774540" lon="5.918980">
        <ele>408.41</ele>
      </trkpt>
      <trkpt lat="45.774550" lon="5.919080">
        <ele>407.56</ele>
      </trkpt>
      <trkpt lat="45.774560" lon="5.919200">
        <ele>407.48</ele>
      </trkpt>
      <trkpt lat="45.774570" lon="5.919290">
        <ele>407.71</ele>
      </trkpt>
      <trkpt lat="45.774560" lon="5.919370">
        <ele>408.4</ele>
      </trkpt>
      <trkpt lat="45.774550" lon="5.919450">
        <ele>409.75</ele>
      </trkpt>
      <trkpt lat="45.774530" lon="5.919540">
        <ele>410.28</ele>
      </trkpt>
      <trkpt lat="45.774500" lon="5.919640">
        <ele>411.45</ele>
      </trkpt>
      <trkpt lat="45.774480" lon="5.919730">
        <ele>413.16</ele>
      </trkpt>
      <trkpt lat="45.774460" lon="5.919820">
        <ele>415.19</ele>
      </trkpt>
      <trkpt lat="45.774450" lon="5.919910">
        <ele>414.62</ele>
      </trkpt>
      <trkpt lat="45.774450" lon="5.919980">
        <ele>415.6</ele>
      </trkpt>
      <trkpt lat="45.774460" lon="5.920070">
        <ele>416.66</ele>
      </trkpt>
      <trkpt lat="45.774470" lon="5.920160">
        <ele>417.88</ele>
      </trkpt>
      <trkpt lat="45.774480" lon="5.920250">
        <ele>419.57</ele>
      </trkpt>
      <trkpt lat="45.774500" lon="5.920340">
        <ele>420.95</ele>
      </trkpt>
      <trkpt lat="45.774510" lon="5.920440">
        <ele>422.76</ele>
      </trkpt>
      <trkpt lat="45.774530" lon="5.920580">
        <ele>425.33</ele>
      </trkpt>
      <trkpt lat="45.774530" lon="5.920700">
        <ele>424.34</ele>
      </trkpt>
      <trkpt lat="45.774540" lon="5.920840">
        <ele>424.68</ele>
      </trkpt>
      <trkpt lat="45.774540" lon="5.920990">
        <ele>424.49</ele>
      </trkpt>
      <trkpt lat="45.774540" lon="5.921170">
        <ele>426.96</ele>
      </trkpt>
      <trkpt lat="45.774540" lon="5.921360">
        <ele>426.77</ele>
      </trkpt>
      <trkpt lat="45.774540" lon="5.921680">
        <ele>430.29</ele>
      </trkpt>
      <trkpt lat="45.774540" lon="5.922010">
        <ele>428.14</ele>
      </trkpt>
      <trkpt lat="45.774540" lon="5.922100">
        <ele>429.83</ele>
      </trkpt>
      <trkpt lat="45.774550" lon="5.922170">
        <ele>428.41</ele>
      </trkpt>
      <trkpt lat="45.774560" lon="5.922240">
        <ele>424.78</ele>
      </trkpt>
      <trkpt lat="45.774570" lon="5.922330">
        <ele>422.5</ele>
      </trkpt>
      <trkpt lat="45.774660" lon="5.922680">
        <ele>421.03</ele>
      </trkpt>
      <trkpt lat="45.774720" lon="5.922940">
        <ele>419.4</ele>
      </trkpt>
      <trkpt lat="45.774750" lon="5.923030">
        <ele>417.55</ele>
      </trkpt>
      <trkpt lat="45.774770" lon="5.923110">
        <ele>419.49</ele>
      </trkpt>
      <trkpt lat="45.774810" lon="5.923190">
        <ele>416.79</ele>
      </trkpt>
      <trkpt lat="45.774840" lon="5.923250">
        <ele>416.59</ele>
      </trkpt>
      <trkpt lat="45.774880" lon="5.923330">
        <ele>415</ele>
      </trkpt>
      <trkpt lat="45.774920" lon="5.923400">
        <ele>412.83</ele>
      </trkpt>
      <trkpt lat="45.774970" lon="5.923460">
        <ele>410.17</ele>
      </trkpt>
      <trkpt lat="45.775010" lon="5.923530">
        <ele>409.82</ele>
      </trkpt>
      <trkpt lat="45.775020" lon="5.923560">
        <ele>409.55</ele>
      </trkpt>
      <trkpt lat="45.775040" lon="5.923590">
        <ele>410.14</ele>
      </trkpt>
      <trkpt lat="45.775060" lon="5.923640">
        <ele>410.73</ele>
      </trkpt>
      <trkpt lat="45.775070" lon="5.923700">
        <ele>410.25</ele>
      </trkpt>
      <trkpt lat="45.775080" lon="5.923780">
        <ele>409.93</ele>
      </trkpt>
      <trkpt lat="45.775090" lon="5.923860">
        <ele>409.75</ele>
      </trkpt>
      <trkpt lat="45.775100" lon="5.923940">
        <ele>408.7</ele>
      </trkpt>
      <trkpt lat="45.775120" lon="5.924030">
        <ele>407.31</ele>
      </trkpt>
      <trkpt lat="45.775140" lon="5.924140">
        <ele>405.4</ele>
      </trkpt>
      <trkpt lat="45.775160" lon="5.924220">
        <ele>403.68</ele>
      </trkpt>
      <trkpt lat="45.775190" lon="5.924320">
        <ele>402.04</ele>
      </trkpt>
      <trkpt lat="45.775220" lon="5.924400">
        <ele>401.42</ele>
      </trkpt>
      <trkpt lat="45.775250" lon="5.924470">
        <ele>401.13</ele>
      </trkpt>
      <trkpt lat="45.775290" lon="5.924540">
        <ele>402.44</ele>
      </trkpt>
      <trkpt lat="45.775330" lon="5.924600">
        <ele>401.42</ele>
      </trkpt>
      <trkpt lat="45.775380" lon="5.924640">
        <ele>400.15</ele>
      </trkpt>
      <trkpt lat="45.775430" lon="5.924690">
        <ele>398.67</ele>
      </trkpt>
      <trkpt lat="45.775490" lon="5.924730">
        <ele>397.03</ele>
      </trkpt>
      <trkpt lat="45.775540" lon="5.924770">
        <ele>395.3</ele>
      </trkpt>
      <trkpt lat="45.775540" lon="5.924780">
        <ele>395.45</ele>
      </trkpt>
      <trkpt lat="45.775590" lon="5.924830">
        <ele>395.5</ele>
      </trkpt>
      <trkpt lat="45.775620" lon="5.924880">
        <ele>395.62</ele>
      </trkpt>
      <trkpt lat="45.775650" lon="5.924910">
        <ele>395.93</ele>
      </trkpt>
      <trkpt lat="45.775720" lon="5.925030">
        <ele>396.29</ele>
      </trkpt>
      <trkpt lat="45.775800" lon="5.925140">
        <ele>396.62</ele>
      </trkpt>
      <trkpt lat="45.775870" lon="5.925240">
        <ele>397.24</ele>
      </trkpt>
      <trkpt lat="45.775960" lon="5.925340">
        <ele>397.17</ele>
      </trkpt>
      <trkpt lat="45.776080" lon="5.925430">
        <ele>397.2</ele>
      </trkpt>
      <trkpt lat="45.776180" lon="5.925520">
        <ele>397.04</ele>
      </trkpt>
      <trkpt lat="45.776260" lon="5.925620">
        <ele>397.03</ele>
      </trkpt>
      <trkpt lat="45.776500" lon="5.926070">
        <ele>396.78</ele>
      </trkpt>
      <trkpt lat="45.776570" lon="5.926190">
        <ele>397</ele>
      </trkpt>
      <trkpt lat="45.776630" lon="5.926290">
        <ele>396.91</ele>
      </trkpt>
      <trkpt lat="45.776690" lon="5.926380">
        <ele>396.92</ele>
      </trkpt>
      <trkpt lat="45.776760" lon="5.926490">
        <ele>396.82</ele>
      </trkpt>
      <trkpt lat="45.776890" lon="5.926740">
        <ele>396.63</ele>
      </trkpt>
      <trkpt lat="45.777100" lon="5.927200">
        <ele>396.43</ele>
      </trkpt>
      <trkpt lat="45.777160" lon="5.927320">
        <ele>396.44</ele>
      </trkpt>
      <trkpt lat="45.777220" lon="5.927440">
        <ele>395.95</ele>
      </trkpt>
      <trkpt lat="45.777310" lon="5.927620">
        <ele>395.37</ele>
      </trkpt>
      <trkpt lat="45.777420" lon="5.927840">
        <ele>395.14</ele>
      </trkpt>
      <trkpt lat="45.777540" lon="5.928100">
        <ele>394.99</ele>
      </trkpt>
      <trkpt lat="45.777650" lon="5.928340">
        <ele>394.62</ele>
      </trkpt>
      <trkpt lat="45.777760" lon="5.928620">
        <ele>395.09</ele>
      </trkpt>
      <trkpt lat="45.777820" lon="5.928790">
        <ele>395.59</ele>
      </trkpt>
      <trkpt lat="45.777860" lon="5.928870">
        <ele>395.66</ele>
      </trkpt>
      <trkpt lat="45.777870" lon="5.928900">
        <ele>395.49</ele>
      </trkpt>
      <trkpt lat="45.777900" lon="5.928960">
        <ele>395.65</ele>
      </trkpt>
      <trkpt lat="45.777940" lon="5.929040">
        <ele>395.88</ele>
      </trkpt>
      <trkpt lat="45.777980" lon="5.929130">
        <ele>395.44</ele>
      </trkpt>
      <trkpt lat="45.778030" lon="5.929230">
        <ele>395.27</ele>
      </trkpt>
      <trkpt lat="45.778060" lon="5.929320">
        <ele>395.56</ele>
      </trkpt>
      <trkpt lat="45.778090" lon="5.929410">
        <ele>395.99</ele>
      </trkpt>
      <trkpt lat="45.778110" lon="5.929480">
        <ele>395.91</ele>
      </trkpt>
      <trkpt lat="45.778150" lon="5.929610">
        <ele>396.12</ele>
      </trkpt>
      <trkpt lat="45.778180" lon="5.929730">
        <ele>396.63</ele>
      </trkpt>
      <trkpt lat="45.778230" lon="5.929860">
        <ele>396.7</ele>
      </trkpt>
      <trkpt lat="45.778270" lon="5.929980">
        <ele>396.76</ele>
      </trkpt>
      <trkpt lat="45.778320" lon="5.930120">
        <ele>396.43</ele>
      </trkpt>
      <trkpt lat="45.778490" lon="5.930500">
        <ele>396.15</ele>
      </trkpt>
      <trkpt lat="45.778620" lon="5.930770">
        <ele>396.21</ele>
      </trkpt>
      <trkpt lat="45.778730" lon="5.931030">
        <ele>396.53</ele>
      </trkpt>
      <trkpt lat="45.778770" lon="5.931110">
        <ele>396.32</ele>
      </trkpt>
      <trkpt lat="45.778820" lon="5.931200">
        <ele>396.48</ele>
      </trkpt>
      <trkpt lat="45.778860" lon="5.931280">
        <ele>397.2</ele>
      </trkpt>
      <trkpt lat="45.778920" lon="5.931360">
        <ele>397.29</ele>
      </trkpt>
      <trkpt lat="45.778970" lon="5.931430">
        <ele>396.59</ele>
      </trkpt>
      <trkpt lat="45.779030" lon="5.931510">
        <ele>396.01</ele>
      </trkpt>
      <trkpt lat="45.779090" lon="5.931580">
        <ele>395.57</ele>
      </trkpt>
      <trkpt lat="45.779170" lon="5.931670">
        <ele>394.19</ele>
      </trkpt>
      <trkpt lat="45.779370" lon="5.931890">
        <ele>392.25</ele>
      </trkpt>
      <trkpt lat="45.779560" lon="5.932110">
        <ele>389.86</ele>
      </trkpt>
      <trkpt lat="45.779780" lon="5.932400">
        <ele>387.05</ele>
      </trkpt>
      <trkpt lat="45.780010" lon="5.932690">
        <ele>384.12</ele>
      </trkpt>
      <trkpt lat="45.780210" lon="5.932970">
        <ele>381.89</ele>
      </trkpt>
      <trkpt lat="45.780420" lon="5.933260">
        <ele>379.95</ele>
      </trkpt>
      <trkpt lat="45.780620" lon="5.933540">
        <ele>379.45</ele>
      </trkpt>
      <trkpt lat="45.780690" lon="5.933620">
        <ele>379.37</ele>
      </trkpt>
      <trkpt lat="45.780750" lon="5.933690">
        <ele>379.44</ele>
      </trkpt>
      <trkpt lat="45.780780" lon="5.933730">
        <ele>379.59</ele>
      </trkpt>
      <trkpt lat="45.780820" lon="5.933780">
        <ele>379.85</ele>
      </trkpt>
      <trkpt lat="45.780830" lon="5.933780">
        <ele>379.68</ele>
      </trkpt>
      <trkpt lat="45.780880" lon="5.933830">
        <ele>379.2</ele>
      </trkpt>
      <trkpt lat="45.780950" lon="5.933880">
        <ele>379.01</ele>
      </trkpt>
      <trkpt lat="45.781020" lon="5.933940">
        <ele>378.9</ele>
      </trkpt>
      <trkpt lat="45.781160" lon="5.934030">
        <ele>378.56</ele>
      </trkpt>
      <trkpt lat="45.781230" lon="5.934080">
        <ele>378.54</ele>
      </trkpt>
      <trkpt lat="45.781290" lon="5.934130">
        <ele>378.85</ele>
      </trkpt>
      <trkpt lat="45.781350" lon="5.934180">
        <ele>378.52</ele>
      </trkpt>
      <trkpt lat="45.781400" lon="5.934240">
        <ele>378.21</ele>
      </trkpt>
      <trkpt lat="45.781440" lon="5.934290">
        <ele>378.21</ele>
      </trkpt>
      <trkpt lat="45.781480" lon="5.934350">
        <ele>377.84</ele>
      </trkpt>
      <trkpt lat="45.781520" lon="5.934420">
        <ele>377.35</ele>
      </trkpt>
      <trkpt lat="45.781610" lon="5.934580">
        <ele>376.91</ele>
      </trkpt>
      <trkpt lat="45.781690" lon="5.934780">
        <ele>376.28</ele>
      </trkpt>
      <trkpt lat="45.781790" lon="5.934990">
        <ele>376.16</ele>
      </trkpt>
      <trkpt lat="45.781800" lon="5.935030">
        <ele>377.34</ele>
      </trkpt>
      <trkpt lat="45.781810" lon="5.935060">
        <ele>378.57</ele>
      </trkpt>
      <trkpt lat="45.781850" lon="5.935120">
        <ele>380.06</ele>
      </trkpt>
      <trkpt lat="45.781870" lon="5.935160">
        <ele>381.6</ele>
      </trkpt>
      <trkpt lat="45.781910" lon="5.935210">
        <ele>382.41</ele>
      </trkpt>
      <trkpt lat="45.781970" lon="5.935260">
        <ele>381.23</ele>
      </trkpt>
      <trkpt lat="45.782050" lon="5.935330">
        <ele>379.85</ele>
      </trkpt>
      <trkpt lat="45.782320" lon="5.935610">
        <ele>378.45</ele>
      </trkpt>
      <trkpt lat="45.782590" lon="5.935900">
        <ele>376.96</ele>
      </trkpt>
      <trkpt lat="45.782860" lon="5.936180">
        <ele>375.16</ele>
      </trkpt>
      <trkpt lat="45.783040" lon="5.936360">
        <ele>374.32</ele>
      </trkpt>
      <trkpt lat="45.783200" lon="5.936520">
        <ele>373.79</ele>
      </trkpt>
      <trkpt lat="45.783210" lon="5.936540">
        <ele>373.3</ele>
      </trkpt>
      <trkpt lat="45.783280" lon="5.936610">
        <ele>372.84</ele>
      </trkpt>
      <trkpt lat="45.783370" lon="5.936700">
        <ele>372.48</ele>
      </trkpt>
      <trkpt lat="45.783440" lon="5.936770">
        <ele>372.11</ele>
      </trkpt>
      <trkpt lat="45.783530" lon="5.936870">
        <ele>371.61</ele>
      </trkpt>
      <trkpt lat="45.783600" lon="5.936950">
        <ele>371</ele>
      </trkpt>
      <trkpt lat="45.783670" lon="5.937020">
        <ele>369.89</ele>
      </trkpt>
      <trkpt lat="45.783740" lon="5.937110">
        <ele>369.36</ele>
      </trkpt>
      <trkpt lat="45.783800" lon="5.937210">
        <ele>369.01</ele>
      </trkpt>
      <trkpt lat="45.783870" lon="5.937300">
        <ele>368.88</ele>
      </trkpt>
      <trkpt lat="45.783940" lon="5.937420">
        <ele>368.1</ele>
      </trkpt>
      <trkpt lat="45.784020" lon="5.937570">
        <ele>368.13</ele>
      </trkpt>
      <trkpt lat="45.784090" lon="5.937690">
        <ele>368.03</ele>
      </trkpt>
      <trkpt lat="45.784130" lon="5.937770">
        <ele>367.25</ele>
      </trkpt>
      <trkpt lat="45.784260" lon="5.938020">
        <ele>366.31</ele>
      </trkpt>
      <trkpt lat="45.784370" lon="5.938200">
        <ele>365.99</ele>
      </trkpt>
      <trkpt lat="45.784500" lon="5.938380">
        <ele>365.67</ele>
      </trkpt>
      <trkpt lat="45.784620" lon="5.938520">
        <ele>365.17</ele>
      </trkpt>
      <trkpt lat="45.784770" lon="5.938690">
        <ele>365.03</ele>
      </trkpt>
      <trkpt lat="45.784820" lon="5.938740">
        <ele>364.61</ele>
      </trkpt>
      <trkpt lat="45.784840" lon="5.938790">
        <ele>364.36</ele>
      </trkpt>
      <trkpt lat="45.784860" lon="5.938820">
        <ele>363.9</ele>
      </trkpt>
      <trkpt lat="45.784890" lon="5.938860">
        <ele>363.33</ele>
      </trkpt>
      <trkpt lat="45.784890" lon="5.938870">
        <ele>362.93</ele>
      </trkpt>
      <trkpt lat="45.784910" lon="5.938910">
        <ele>362.86</ele>
      </trkpt>
      <trkpt lat="45.784930" lon="5.938990">
        <ele>362.82</ele>
      </trkpt>
      <trkpt lat="45.784940" lon="5.939090">
        <ele>362.85</ele>
      </trkpt>
      <trkpt lat="45.784960" lon="5.939180">
        <ele>363.06</ele>
      </trkpt>
      <trkpt lat="45.784970" lon="5.939290">
        <ele>363.25</ele>
      </trkpt>
      <trkpt lat="45.784970" lon="5.939400">
        <ele>363.42</ele>
      </trkpt>
      <trkpt lat="45.784970" lon="5.939490">
        <ele>363.58</ele>
      </trkpt>
      <trkpt lat="45.784970" lon="5.939590">
        <ele>363.44</ele>
      </trkpt>
      <trkpt lat="45.784960" lon="5.939690">
        <ele>363.39</ele>
      </trkpt>
      <trkpt lat="45.784960" lon="5.939790">
        <ele>363.38</ele>
      </trkpt>
      <trkpt lat="45.784960" lon="5.939900">
        <ele>363.09</ele>
      </trkpt>
      <trkpt lat="45.784970" lon="5.940040">
        <ele>362.88</ele>
      </trkpt>
      <trkpt lat="45.785010" lon="5.940240">
        <ele>362.81</ele>
      </trkpt>
      <trkpt lat="45.785050" lon="5.940490">
        <ele>362.32</ele>
      </trkpt>
      <trkpt lat="45.785110" lon="5.940740">
        <ele>361.82</ele>
      </trkpt>
      <trkpt lat="45.785160" lon="5.940930">
        <ele>361.22</ele>
      </trkpt>
      <trkpt lat="45.785250" lon="5.941190">
        <ele>360.81</ele>
      </trkpt>
      <trkpt lat="45.785330" lon="5.941420">
        <ele>360.13</ele>
      </trkpt>
      <trkpt lat="45.785370" lon="5.941550">
        <ele>359.82</ele>
      </trkpt>
      <trkpt lat="45.785420" lon="5.941760">
        <ele>359.56</ele>
      </trkpt>
      <trkpt lat="45.785470" lon="5.941970">
        <ele>359.59</ele>
      </trkpt>
      <trkpt lat="45.785520" lon="5.942190">
        <ele>359.33</ele>
      </trkpt>
      <trkpt lat="45.785570" lon="5.942420">
        <ele>359.51</ele>
      </trkpt>
      <trkpt lat="45.785610" lon="5.942670">
        <ele>359.15</ele>
      </trkpt>
      <trkpt lat="45.785650" lon="5.942870">
        <ele>358.89</ele>
      </trkpt>
      <trkpt lat="45.785700" lon="5.943150">
        <ele>358.51</ele>
      </trkpt>
      <trkpt lat="45.785740" lon="5.943410">
        <ele>358.12</ele>
      </trkpt>
      <trkpt lat="45.785780" lon="5.943690">
        <ele>357.65</ele>
      </trkpt>
      <trkpt lat="45.785790" lon="5.943750">
        <ele>357.82</ele>
      </trkpt>
      <trkpt lat="45.785820" lon="5.943990">
        <ele>357.74</ele>
      </trkpt>
      <trkpt lat="45.785880" lon="5.943860">
        <ele>357.7</ele>
      </trkpt>
      <trkpt lat="45.785930" lon="5.943780">
        <ele>357.62</ele>
      </trkpt>
      <trkpt lat="45.786020" lon="5.943740">
        <ele>357.56</ele>
      </trkpt>
      <trkpt lat="45.786120" lon="5.943760">
        <ele>357.53</ele>
      </trkpt>
      <trkpt lat="45.786210" lon="5.943800">
        <ele>357.29</ele>
      </trkpt>
      <trkpt lat="45.786260" lon="5.943870">
        <ele>357.36</ele>
      </trkpt>
      <trkpt lat="45.786290" lon="5.943940">
        <ele>357.35</ele>
      </trkpt>
      <trkpt lat="45.786270" lon="5.944040">
        <ele>357.3</ele>
      </trkpt>
      <trkpt lat="45.786240" lon="5.944150">
        <ele>357.46</ele>
      </trkpt>
      <trkpt lat="45.786210" lon="5.944280">
        <ele>357.73</ele>
      </trkpt>
      <trkpt lat="45.786180" lon="5.944400">
        <ele>357.73</ele>
      </trkpt>
      <trkpt lat="45.786150" lon="5.944500">
        <ele>357.72</ele>
      </trkpt>
      <trkpt lat="45.786120" lon="5.944580">
        <ele>357.72</ele>
      </trkpt>
      <trkpt lat="45.786080" lon="5.944620">
        <ele>357.21</ele>
      </trkpt>
      <trkpt lat="45.786040" lon="5.944630">
        <ele>356.98</ele>
      </trkpt>
      <trkpt lat="45.786040" lon="5.944630">
        <ele>356.98</ele>
      </trkpt>
      <trkpt lat="45.786030" lon="5.944630">
        <ele>356.91</ele>
      </trkpt>
      <trkpt lat="45.785980" lon="5.944620">
        <ele>357.36</ele>
      </trkpt>
      <trkpt lat="45.785910" lon="5.944620">
        <ele>357.55</ele>
      </trkpt>
      <trkpt lat="45.785850" lon="5.944610">
        <ele>357.66</ele>
      </trkpt>
      <trkpt lat="45.785850" lon="5.944580">
        <ele>358.02</ele>
      </trkpt>
      <trkpt lat="45.785850" lon="5.944430">
        <ele>357.92</ele>
      </trkpt>
      <trkpt lat="45.785850" lon="5.944280">
        <ele>357.82</ele>
      </trkpt>
      <trkpt lat="45.785840" lon="5.944110">
        <ele>357.87</ele>
      </trkpt>
      <trkpt lat="45.785820" lon="5.943990">
        <ele>357.95</ele>
      </trkpt>
      <trkpt lat="45.785880" lon="5.943860">
        <ele>357.73</ele>
      </trkpt>
      <trkpt lat="45.785930" lon="5.943780">
        <ele>357.62</ele>
      </trkpt>
      <trkpt lat="45.786020" lon="5.943740">
        <ele>357.56</ele>
      </trkpt>
      <trkpt lat="45.786120" lon="5.943760">
        <ele>357.53</ele>
      </trkpt>
      <trkpt lat="45.786210" lon="5.943800">
        <ele>357.29</ele>
      </trkpt>
      <trkpt lat="45.786260" lon="5.943870">
        <ele>357.45</ele>
      </trkpt>
      <trkpt lat="45.786290" lon="5.943940">
        <ele>357.58</ele>
      </trkpt>
      <trkpt lat="45.786400" lon="5.943850">
        <ele>357.82</ele>
      </trkpt>
      <trkpt lat="45.786470" lon="5.943680">
        <ele>357.8</ele>
      </trkpt>
      <trkpt lat="45.786660" lon="5.943310">
        <ele>358.36</ele>
      </trkpt>
      <trkpt lat="45.786900" lon="5.942810">
        <ele>358.9</ele>
      </trkpt>
      <trkpt lat="45.787080" lon="5.942490">
        <ele>360.11</ele>
      </trkpt>
      <trkpt lat="45.787100" lon="5.942450">
        <ele>361</ele>
      </trkpt>
      <trkpt lat="45.787330" lon="5.941970">
        <ele>362.24</ele>
      </trkpt>
      <trkpt lat="45.787400" lon="5.941830">
        <ele>362.85</ele>
      </trkpt>
      <trkpt lat="45.787460" lon="5.941680">
        <ele>363.28</ele>
      </trkpt>
      <trkpt lat="45.787790" lon="5.941810">
        <ele>363.14</ele>
      </trkpt>
      <trkpt lat="45.788130" lon="5.941940">
        <ele>362.97</ele>
      </trkpt>
      <trkpt lat="45.788460" lon="5.942070">
        <ele>362.49</ele>
      </trkpt>
      <trkpt lat="45.788760" lon="5.942190">
        <ele>362.47</ele>
      </trkpt>
      <trkpt lat="45.789060" lon="5.942310">
        <ele>362.44</ele>
      </trkpt>
      <trkpt lat="45.789180" lon="5.942360">
        <ele>362.44</ele>
      </trkpt>
      <trkpt lat="45.789480" lon="5.942480">
        <ele>362.65</ele>
      </trkpt>
      <trkpt lat="45.789560" lon="5.942530">
        <ele>362.93</ele>
      </trkpt>
      <trkpt lat="45.789630" lon="5.942570">
        <ele>362.95</ele>
      </trkpt>
      <trkpt lat="45.789660" lon="5.942590">
        <ele>362.91</ele>
      </trkpt>
      <trkpt lat="45.789710" lon="5.942660">
        <ele>362.81</ele>
      </trkpt>
      <trkpt lat="45.789760" lon="5.942650">
        <ele>362.91</ele>
      </trkpt>
      <trkpt lat="45.789800" lon="5.942660">
        <ele>363.09</ele>
      </trkpt>
      <trkpt lat="45.789920" lon="5.942710">
        <ele>363.4</ele>
      </trkpt>
      <trkpt lat="45.790060" lon="5.942780">
        <ele>363.65</ele>
      </trkpt>
      <trkpt lat="45.790120" lon="5.942810">
        <ele>363.96</ele>
      </trkpt>
      <trkpt lat="45.790170" lon="5.942830">
        <ele>364.21</ele>
      </trkpt>
      <trkpt lat="45.790210" lon="5.942830">
        <ele>364.48</ele>
      </trkpt>
      <trkpt lat="45.790260" lon="5.942820">
        <ele>364.81</ele>
      </trkpt>
      <trkpt lat="45.790300" lon="5.942800">
        <ele>365.23</ele>
      </trkpt>
      <trkpt lat="45.790330" lon="5.942780">
        <ele>365.67</ele>
      </trkpt>
      <trkpt lat="45.790350" lon="5.942770">
        <ele>366.12</ele>
      </trkpt>
      <trkpt lat="45.790380" lon="5.942740">
        <ele>366.93</ele>
      </trkpt>
      <trkpt lat="45.790470" lon="5.942640">
        <ele>367.85</ele>
      </trkpt>
      <trkpt lat="45.790560" lon="5.942560">
        <ele>369.34</ele>
      </trkpt>
      <trkpt lat="45.790640" lon="5.942460">
        <ele>370.75</ele>
      </trkpt>
      <trkpt lat="45.790720" lon="5.942360">
        <ele>372.26</ele>
      </trkpt>
      <trkpt lat="45.790730" lon="5.942350">
        <ele>372.95</ele>
      </trkpt>
      <trkpt lat="45.790800" lon="5.942250">
        <ele>373.54</ele>
      </trkpt>
      <trkpt lat="45.790850" lon="5.942180">
        <ele>373.62</ele>
      </trkpt>
      <trkpt lat="45.790900" lon="5.942140">
        <ele>374.16</ele>
      </trkpt>
      <trkpt lat="45.790950" lon="5.942100">
        <ele>374.56</ele>
      </trkpt>
      <trkpt lat="45.791010" lon="5.942060">
        <ele>375.38</ele>
      </trkpt>
      <trkpt lat="45.791080" lon="5.942030">
        <ele>376.89</ele>
      </trkpt>
      <trkpt lat="45.791190" lon="5.941980">
        <ele>378.25</ele>
      </trkpt>
      <trkpt lat="45.791390" lon="5.941900">
        <ele>379.92</ele>
      </trkpt>
      <trkpt lat="45.791510" lon="5.941840">
        <ele>381.18</ele>
      </trkpt>
      <trkpt lat="45.791600" lon="5.941810">
        <ele>382.65</ele>
      </trkpt>
      <trkpt lat="45.791780" lon="5.941730">
        <ele>383.43</ele>
      </trkpt>
      <trkpt lat="45.791840" lon="5.941700">
        <ele>384.91</ele>
      </trkpt>
      <trkpt lat="45.791940" lon="5.941650">
        <ele>385.68</ele>
      </trkpt>
      <trkpt lat="45.792110" lon="5.941550">
        <ele>386.86</ele>
      </trkpt>
      <trkpt lat="45.792200" lon="5.941500">
        <ele>387.8</ele>
      </trkpt>
      <trkpt lat="45.792260" lon="5.941450">
        <ele>388.59</ele>
      </trkpt>
      <trkpt lat="45.792300" lon="5.941420">
        <ele>388.75</ele>
      </trkpt>
      <trkpt lat="45.792330" lon="5.941370">
        <ele>389.15</ele>
      </trkpt>
      <trkpt lat="45.792360" lon="5.941320">
        <ele>389.61</ele>
      </trkpt>
      <trkpt lat="45.792390" lon="5.941260">
        <ele>390.12</ele>
      </trkpt>
      <trkpt lat="45.792420" lon="5.941160">
        <ele>390.73</ele>
      </trkpt>
      <trkpt lat="45.792450" lon="5.941070">
        <ele>391.1</ele>
      </trkpt>
      <trkpt lat="45.792480" lon="5.940990">
        <ele>391.27</ele>
      </trkpt>
      <trkpt lat="45.792510" lon="5.940900">
        <ele>391.42</ele>
      </trkpt>
      <trkpt lat="45.792560" lon="5.940810">
        <ele>391.53</ele>
      </trkpt>
      <trkpt lat="45.792610" lon="5.940750">
        <ele>391.19</ele>
      </trkpt>
      <trkpt lat="45.792630" lon="5.940700">
        <ele>391.11</ele>
      </trkpt>
      <trkpt lat="45.792660" lon="5.940670">
        <ele>391.5</ele>
      </trkpt>
      <trkpt lat="45.792710" lon="5.940610">
        <ele>391.84</ele>
      </trkpt>
      <trkpt lat="45.792760" lon="5.940550">
        <ele>392.15</ele>
      </trkpt>
      <trkpt lat="45.792800" lon="5.940480">
        <ele>392.89</ele>
      </trkpt>
      <trkpt lat="45.792840" lon="5.940420">
        <ele>393.57</ele>
      </trkpt>
      <trkpt lat="45.792880" lon="5.940340">
        <ele>393.08</ele>
      </trkpt>
      <trkpt lat="45.792910" lon="5.940280">
        <ele>393.16</ele>
      </trkpt>
      <trkpt lat="45.792950" lon="5.940170">
        <ele>393.25</ele>
      </trkpt>
      <trkpt lat="45.792970" lon="5.940090">
        <ele>393.35</ele>
      </trkpt>
      <trkpt lat="45.793000" lon="5.939960">
        <ele>395.21</ele>
      </trkpt>
      <trkpt lat="45.793010" lon="5.939910">
        <ele>397.38</ele>
      </trkpt>
      <trkpt lat="45.793070" lon="5.939650">
        <ele>399.69</ele>
      </trkpt>
      <trkpt lat="45.793120" lon="5.939370">
        <ele>401.09</ele>
      </trkpt>
      <trkpt lat="45.793170" lon="5.939120">
        <ele>402.61</ele>
      </trkpt>
      <trkpt lat="45.793220" lon="5.938880">
        <ele>402.88</ele>
      </trkpt>
      <trkpt lat="45.793270" lon="5.938580">
        <ele>403.43</ele>
      </trkpt>
      <trkpt lat="45.793300" lon="5.938370">
        <ele>403.21</ele>
      </trkpt>
      <trkpt lat="45.793310" lon="5.938330">
        <ele>403.85</ele>
      </trkpt>
      <trkpt lat="45.793330" lon="5.938210">
        <ele>404.98</ele>
      </trkpt>
      <trkpt lat="45.793350" lon="5.938100">
        <ele>405.65</ele>
      </trkpt>
      <trkpt lat="45.793370" lon="5.938000">
        <ele>406.39</ele>
      </trkpt>
      <trkpt lat="45.793400" lon="5.937870">
        <ele>407.22</ele>
      </trkpt>
      <trkpt lat="45.793430" lon="5.937770">
        <ele>407.93</ele>
      </trkpt>
      <trkpt lat="45.793470" lon="5.937660">
        <ele>407.82</ele>
      </trkpt>
      <trkpt lat="45.793530" lon="5.937480">
        <ele>408.55</ele>
      </trkpt>
      <trkpt lat="45.793590" lon="5.937280">
        <ele>409.2</ele>
      </trkpt>
      <trkpt lat="45.793630" lon="5.937150">
        <ele>409.74</ele>
      </trkpt>
      <trkpt lat="45.793650" lon="5.937090">
        <ele>410.37</ele>
      </trkpt>
      <trkpt lat="45.793660" lon="5.937030">
        <ele>411.1</ele>
      </trkpt>
      <trkpt lat="45.793670" lon="5.936960">
        <ele>410.82</ele>
      </trkpt>
      <trkpt lat="45.793660" lon="5.936900">
        <ele>411.35</ele>
      </trkpt>
      <trkpt lat="45.793650" lon="5.936840">
        <ele>411.84</ele>
      </trkpt>
      <trkpt lat="45.793630" lon="5.936780">
        <ele>412.3</ele>
      </trkpt>
      <trkpt lat="45.793600" lon="5.936740">
        <ele>413.15</ele>
      </trkpt>
      <trkpt lat="45.793570" lon="5.936670">
        <ele>414.21</ele>
      </trkpt>
      <trkpt lat="45.793470" lon="5.936520">
        <ele>414.42</ele>
      </trkpt>
      <trkpt lat="45.793340" lon="5.936330">
        <ele>414.86</ele>
      </trkpt>
      <trkpt lat="45.793260" lon="5.936190">
        <ele>415.72</ele>
      </trkpt>
      <trkpt lat="45.793160" lon="5.936020">
        <ele>416.18</ele>
      </trkpt>
      <trkpt lat="45.793100" lon="5.935920">
        <ele>416.44</ele>
      </trkpt>
      <trkpt lat="45.793060" lon="5.935840">
        <ele>416.67</ele>
      </trkpt>
      <trkpt lat="45.793020" lon="5.935770">
        <ele>416.65</ele>
      </trkpt>
      <trkpt lat="45.792980" lon="5.935670">
        <ele>416.41</ele>
      </trkpt>
      <trkpt lat="45.792960" lon="5.935620">
        <ele>416.23</ele>
      </trkpt>
      <trkpt lat="45.792900" lon="5.935440">
        <ele>415.94</ele>
      </trkpt>
      <trkpt lat="45.792820" lon="5.935170">
        <ele>415.74</ele>
      </trkpt>
      <trkpt lat="45.792730" lon="5.934880">
        <ele>415.58</ele>
      </trkpt>
      <trkpt lat="45.792700" lon="5.934780">
        <ele>415.24</ele>
      </trkpt>
      <trkpt lat="45.792690" lon="5.934710">
        <ele>414.89</ele>
      </trkpt>
      <trkpt lat="45.792680" lon="5.934640">
        <ele>414.68</ele>
      </trkpt>
      <trkpt lat="45.792680" lon="5.934590">
        <ele>414.46</ele>
      </trkpt>
      <trkpt lat="45.792690" lon="5.934490">
        <ele>414.23</ele>
      </trkpt>
      <trkpt lat="45.792710" lon="5.934430">
        <ele>414.05</ele>
      </trkpt>
      <trkpt lat="45.792740" lon="5.934360">
        <ele>414.01</ele>
      </trkpt>
      <trkpt lat="45.792780" lon="5.934290">
        <ele>413.98</ele>
      </trkpt>
      <trkpt lat="45.792820" lon="5.934240">
        <ele>413.96</ele>
      </trkpt>
      <trkpt lat="45.792900" lon="5.934130">
        <ele>414.02</ele>
      </trkpt>
      <trkpt lat="45.792970" lon="5.934060">
        <ele>414.3</ele>
      </trkpt>
      <trkpt lat="45.793000" lon="5.934010">
        <ele>414.65</ele>
      </trkpt>
      <trkpt lat="45.793090" lon="5.933930">
        <ele>415.27</ele>
      </trkpt>
      <trkpt lat="45.793170" lon="5.933850">
        <ele>416.06</ele>
      </trkpt>
      <trkpt lat="45.793270" lon="5.933770">
        <ele>416.66</ele>
      </trkpt>
      <trkpt lat="45.793370" lon="5.933680">
        <ele>417.24</ele>
      </trkpt>
      <trkpt lat="45.793490" lon="5.933580">
        <ele>418.21</ele>
      </trkpt>
      <trkpt lat="45.793600" lon="5.933480">
        <ele>418.84</ele>
      </trkpt>
      <trkpt lat="45.793720" lon="5.933380">
        <ele>419.47</ele>
      </trkpt>
      <trkpt lat="45.793830" lon="5.933280">
        <ele>420.4</ele>
      </trkpt>
      <trkpt lat="45.793920" lon="5.933190">
        <ele>421.3</ele>
      </trkpt>
      <trkpt lat="45.794020" lon="5.933090">
        <ele>421.71</ele>
      </trkpt>
      <trkpt lat="45.794110" lon="5.932990">
        <ele>422.32</ele>
      </trkpt>
      <trkpt lat="45.794190" lon="5.932890">
        <ele>422.43</ele>
      </trkpt>
      <trkpt lat="45.794280" lon="5.932790">
        <ele>422.4</ele>
      </trkpt>
      <trkpt lat="45.794370" lon="5.932690">
        <ele>422.36</ele>
      </trkpt>
      <trkpt lat="45.794410" lon="5.932660">
        <ele>422.37</ele>
      </trkpt>
      <trkpt lat="45.794470" lon="5.932740">
        <ele>422.01</ele>
      </trkpt>
      <trkpt lat="45.794570" lon="5.932850">
        <ele>421.68</ele>
      </trkpt>
      <trkpt lat="45.794690" lon="5.932990">
        <ele>421.34</ele>
      </trkpt>
      <trkpt lat="45.794900" lon="5.933190">
        <ele>420.87</ele>
      </trkpt>
      <trkpt lat="45.795050" lon="5.933310">
        <ele>420.21</ele>
      </trkpt>
      <trkpt lat="45.795110" lon="5.933350">
        <ele>419.84</ele>
      </trkpt>
      <trkpt lat="45.795170" lon="5.933370">
        <ele>419.77</ele>
      </trkpt>
      <trkpt lat="45.795250" lon="5.933400">
        <ele>419.62</ele>
      </trkpt>
      <trkpt lat="45.795330" lon="5.933420">
        <ele>419.44</ele>
      </trkpt>
      <trkpt lat="45.795410" lon="5.933450">
        <ele>419.33</ele>
      </trkpt>
      <trkpt lat="45.795500" lon="5.933490">
        <ele>419.23</ele>
      </trkpt>
      <trkpt lat="45.795570" lon="5.933530">
        <ele>419.23</ele>
      </trkpt>
      <trkpt lat="45.795640" lon="5.933590">
        <ele>419.25</ele>
      </trkpt>
      <trkpt lat="45.795710" lon="5.933660">
        <ele>419.28</ele>
      </trkpt>
      <trkpt lat="45.795780" lon="5.933750">
        <ele>419.42</ele>
      </trkpt>
      <trkpt lat="45.795840" lon="5.933820">
        <ele>419.54</ele>
      </trkpt>
      <trkpt lat="45.795890" lon="5.933920">
        <ele>419.52</ele>
      </trkpt>
      <trkpt lat="45.795930" lon="5.933990">
        <ele>419.57</ele>
      </trkpt>
      <trkpt lat="45.795950" lon="5.934110">
        <ele>419.42</ele>
      </trkpt>
      <trkpt lat="45.795980" lon="5.934220">
        <ele>419.14</ele>
      </trkpt>
      <trkpt lat="45.796020" lon="5.934350">
        <ele>418.91</ele>
      </trkpt>
      <trkpt lat="45.796060" lon="5.934460">
        <ele>418.75</ele>
      </trkpt>
      <trkpt lat="45.796110" lon="5.934570">
        <ele>418.41</ele>
      </trkpt>
      <trkpt lat="45.796170" lon="5.934680">
        <ele>418.27</ele>
      </trkpt>
      <trkpt lat="45.796250" lon="5.934810">
        <ele>417.71</ele>
      </trkpt>
      <trkpt lat="45.796360" lon="5.934960">
        <ele>417.48</ele>
      </trkpt>
      <trkpt lat="45.796540" lon="5.935180">
        <ele>416.8</ele>
      </trkpt>
      <trkpt lat="45.796740" lon="5.935390">
        <ele>416.39</ele>
      </trkpt>
      <trkpt lat="45.796910" lon="5.935580">
        <ele>415.85</ele>
      </trkpt>
      <trkpt lat="45.797020" lon="5.935700">
        <ele>415.87</ele>
      </trkpt>
      <trkpt lat="45.797090" lon="5.935770">
        <ele>415.35</ele>
      </trkpt>
      <trkpt lat="45.797230" lon="5.935920">
        <ele>414.89</ele>
      </trkpt>
      <trkpt lat="45.797330" lon="5.936020">
        <ele>414.49</ele>
      </trkpt>
      <trkpt lat="45.797420" lon="5.936100">
        <ele>414.38</ele>
      </trkpt>
      <trkpt lat="45.797500" lon="5.936170">
        <ele>413.78</ele>
      </trkpt>
      <trkpt lat="45.797570" lon="5.936230">
        <ele>413.53</ele>
      </trkpt>
      <trkpt lat="45.797640" lon="5.936290">
        <ele>413.48</ele>
      </trkpt>
      <trkpt lat="45.797720" lon="5.936350">
        <ele>413.29</ele>
      </trkpt>
      <trkpt lat="45.797800" lon="5.936400">
        <ele>412.86</ele>
      </trkpt>
      <trkpt lat="45.797880" lon="5.936470">
        <ele>412.77</ele>
      </trkpt>
      <trkpt lat="45.797960" lon="5.936530">
        <ele>412.54</ele>
      </trkpt>
      <trkpt lat="45.798010" lon="5.936560">
        <ele>412.46</ele>
      </trkpt>
      <trkpt lat="45.798070" lon="5.936600">
        <ele>412.26</ele>
      </trkpt>
      <trkpt lat="45.798140" lon="5.936630">
        <ele>412.13</ele>
      </trkpt>
      <trkpt lat="45.798210" lon="5.936670">
        <ele>411.97</ele>
      </trkpt>
      <trkpt lat="45.798280" lon="5.936700">
        <ele>411.79</ele>
      </trkpt>
      <trkpt lat="45.798360" lon="5.936730">
        <ele>411.43</ele>
      </trkpt>
      <trkpt lat="45.798450" lon="5.936770">
        <ele>411.16</ele>
      </trkpt>
      <trkpt lat="45.798540" lon="5.936800">
        <ele>410.9</ele>
      </trkpt>
      <trkpt lat="45.798620" lon="5.936840">
        <ele>410.75</ele>
      </trkpt>
      <trkpt lat="45.798700" lon="5.936870">
        <ele>410.53</ele>
      </trkpt>
      <trkpt lat="45.798780" lon="5.936910">
        <ele>410.36</ele>
      </trkpt>
      <trkpt lat="45.798860" lon="5.936960">
        <ele>410.14</ele>
      </trkpt>
      <trkpt lat="45.799000" lon="5.937030">
        <ele>410.38</ele>
      </trkpt>
      <trkpt lat="45.799260" lon="5.937190">
        <ele>410.53</ele>
      </trkpt>
      <trkpt lat="45.799420" lon="5.937290">
        <ele>410.79</ele>
      </trkpt>
      <trkpt lat="45.799510" lon="5.937340">
        <ele>411.13</ele>
      </trkpt>
      <trkpt lat="45.799620" lon="5.937400">
        <ele>411.53</ele>
      </trkpt>
      <trkpt lat="45.799710" lon="5.937460">
        <ele>411.51</ele>
      </trkpt>
      <trkpt lat="45.799820" lon="5.937510">
        <ele>411.47</ele>
      </trkpt>
      <trkpt lat="45.799910" lon="5.937570">
        <ele>411.42</ele>
      </trkpt>
      <trkpt lat="45.800010" lon="5.937630">
        <ele>411.35</ele>
      </trkpt>
      <trkpt lat="45.800090" lon="5.937700">
        <ele>411.28</ele>
      </trkpt>
      <trkpt lat="45.800170" lon="5.937760">
        <ele>411.19</ele>
      </trkpt>
      <trkpt lat="45.800250" lon="5.937830">
        <ele>411.17</ele>
      </trkpt>
      <trkpt lat="45.800320" lon="5.937910">
        <ele>411.15</ele>
      </trkpt>
      <trkpt lat="45.800370" lon="5.937960">
        <ele>410.87</ele>
      </trkpt>
      <trkpt lat="45.800410" lon="5.938010">
        <ele>410.7</ele>
      </trkpt>
      <trkpt lat="45.800470" lon="5.938080">
        <ele>410.6</ele>
      </trkpt>
      <trkpt lat="45.800530" lon="5.938170">
        <ele>410.56</ele>
      </trkpt>
      <trkpt lat="45.800600" lon="5.938250">
        <ele>410.2</ele>
      </trkpt>
      <trkpt lat="45.800670" lon="5.938350">
        <ele>410.01</ele>
      </trkpt>
      <trkpt lat="45.800720" lon="5.938430">
        <ele>409.76</ele>
      </trkpt>
      <trkpt lat="45.800780" lon="5.938510">
        <ele>409.47</ele>
      </trkpt>
      <trkpt lat="45.800850" lon="5.938590">
        <ele>408.91</ele>
      </trkpt>
      <trkpt lat="45.800920" lon="5.938660">
        <ele>408.7</ele>
      </trkpt>
      <trkpt lat="45.800980" lon="5.938730">
        <ele>408.68</ele>
      </trkpt>
      <trkpt lat="45.801050" lon="5.938810">
        <ele>408.46</ele>
      </trkpt>
      <trkpt lat="45.801110" lon="5.938870">
        <ele>408.22</ele>
      </trkpt>
      <trkpt lat="45.801340" lon="5.939120">
        <ele>408.09</ele>
      </trkpt>
      <trkpt lat="45.801510" lon="5.939320">
        <ele>407.93</ele>
      </trkpt>
      <trkpt lat="45.801590" lon="5.939420">
        <ele>407.74</ele>
      </trkpt>
      <trkpt lat="45.801680" lon="5.939520">
        <ele>407.74</ele>
      </trkpt>
      <trkpt lat="45.801730" lon="5.939600">
        <ele>408.31</ele>
      </trkpt>
      <trkpt lat="45.801780" lon="5.939670">
        <ele>408.7</ele>
      </trkpt>
      <trkpt lat="45.801840" lon="5.939770">
        <ele>408.85</ele>
      </trkpt>
      <trkpt lat="45.801890" lon="5.939860">
        <ele>408.8</ele>
      </trkpt>
      <trkpt lat="45.801950" lon="5.939950">
        <ele>409.36</ele>
      </trkpt>
      <trkpt lat="45.802010" lon="5.940060">
        <ele>407.57</ele>
      </trkpt>
      <trkpt lat="45.802050" lon="5.940140">
        <ele>406.39</ele>
      </trkpt>
      <trkpt lat="45.802100" lon="5.940230">
        <ele>406.14</ele>
      </trkpt>
      <trkpt lat="45.802160" lon="5.940350">
        <ele>404.79</ele>
      </trkpt>
      <trkpt lat="45.802240" lon="5.940520">
        <ele>402.46</ele>
      </trkpt>
      <trkpt lat="45.802300" lon="5.940630">
        <ele>402.47</ele>
      </trkpt>
      <trkpt lat="45.802150" lon="5.940750">
        <ele>399.63</ele>
      </trkpt>
      <trkpt lat="45.801990" lon="5.940880">
        <ele>396.51</ele>
      </trkpt>
      <trkpt lat="45.801820" lon="5.940990">
        <ele>394.04</ele>
      </trkpt>
      <trkpt lat="45.801670" lon="5.941090">
        <ele>392.93</ele>
      </trkpt>
      <trkpt lat="45.801600" lon="5.941130">
        <ele>389.62</ele>
      </trkpt>
      <trkpt lat="45.801460" lon="5.941180">
        <ele>388.6</ele>
      </trkpt>
      <trkpt lat="45.801290" lon="5.941230">
        <ele>387.24</ele>
      </trkpt>
      <trkpt lat="45.801030" lon="5.941310">
        <ele>386.06</ele>
      </trkpt>
      <trkpt lat="45.800860" lon="5.941360">
        <ele>383.43</ele>
      </trkpt>
      <trkpt lat="45.800780" lon="5.941380">
        <ele>382.48</ele>
      </trkpt>
      <trkpt lat="45.800700" lon="5.941400">
        <ele>381.75</ele>
      </trkpt>
      <trkpt lat="45.800640" lon="5.941430">
        <ele>380.96</ele>
      </trkpt>
      <trkpt lat="45.800570" lon="5.941490">
        <ele>380.68</ele>
      </trkpt>
      <trkpt lat="45.800500" lon="5.941550">
        <ele>381.03</ele>
      </trkpt>
      <trkpt lat="45.800440" lon="5.941620">
        <ele>381.3</ele>
      </trkpt>
      <trkpt lat="45.800380" lon="5.941690">
        <ele>380.99</ele>
      </trkpt>
      <trkpt lat="45.800320" lon="5.941750">
        <ele>380.48</ele>
      </trkpt>
      <trkpt lat="45.800250" lon="5.941820">
        <ele>379.81</ele>
      </trkpt>
      <trkpt lat="45.800210" lon="5.941870">
        <ele>379.51</ele>
      </trkpt>
      <trkpt lat="45.800170" lon="5.941910">
        <ele>379</ele>
      </trkpt>
      <trkpt lat="45.800100" lon="5.941970">
        <ele>378.88</ele>
      </trkpt>
      <trkpt lat="45.800020" lon="5.942030">
        <ele>379.44</ele>
      </trkpt>
      <trkpt lat="45.799940" lon="5.942070">
        <ele>379.99</ele>
      </trkpt>
      <trkpt lat="45.799850" lon="5.942130">
        <ele>379.28</ele>
      </trkpt>
      <trkpt lat="45.799770" lon="5.942180">
        <ele>379.23</ele>
      </trkpt>
      <trkpt lat="45.799640" lon="5.942280">
        <ele>379.34</ele>
      </trkpt>
      <trkpt lat="45.799560" lon="5.942350">
        <ele>378.94</ele>
      </trkpt>
      <trkpt lat="45.799490" lon="5.942400">
        <ele>378.67</ele>
      </trkpt>
      <trkpt lat="45.799440" lon="5.942470">
        <ele>379.1</ele>
      </trkpt>
      <trkpt lat="45.799380" lon="5.942560">
        <ele>378.63</ele>
      </trkpt>
      <trkpt lat="45.799330" lon="5.942630">
        <ele>378.36</ele>
      </trkpt>
      <trkpt lat="45.799070" lon="5.943080">
        <ele>378.11</ele>
      </trkpt>
      <trkpt lat="45.798810" lon="5.943520">
        <ele>377.86</ele>
      </trkpt>
      <trkpt lat="45.798780" lon="5.943580">
        <ele>377.86</ele>
      </trkpt>
      <trkpt lat="45.798750" lon="5.943660">
        <ele>378.33</ele>
      </trkpt>
      <trkpt lat="45.798720" lon="5.943750">
        <ele>378.4</ele>
      </trkpt>
      <trkpt lat="45.798700" lon="5.943860">
        <ele>378.43</ele>
      </trkpt>
      <trkpt lat="45.798670" lon="5.943980">
        <ele>378.42</ele>
      </trkpt>
      <trkpt lat="45.798660" lon="5.944070">
        <ele>378.1</ele>
      </trkpt>
      <trkpt lat="45.798650" lon="5.944170">
        <ele>377.75</ele>
      </trkpt>
      <trkpt lat="45.798640" lon="5.944300">
        <ele>377.53</ele>
      </trkpt>
      <trkpt lat="45.798640" lon="5.944400">
        <ele>377.26</ele>
      </trkpt>
      <trkpt lat="45.798640" lon="5.944530">
        <ele>376.67</ele>
      </trkpt>
      <trkpt lat="45.798640" lon="5.944640">
        <ele>376.11</ele>
      </trkpt>
      <trkpt lat="45.798660" lon="5.944910">
        <ele>375.17</ele>
      </trkpt>
      <trkpt lat="45.798670" lon="5.945020">
        <ele>374.35</ele>
      </trkpt>
      <trkpt lat="45.798680" lon="5.945160">
        <ele>373.62</ele>
      </trkpt>
      <trkpt lat="45.798690" lon="5.945260">
        <ele>373.25</ele>
      </trkpt>
      <trkpt lat="45.798680" lon="5.945350">
        <ele>372.89</ele>
      </trkpt>
      <trkpt lat="45.798680" lon="5.945420">
        <ele>372.57</ele>
      </trkpt>
      <trkpt lat="45.798660" lon="5.945500">
        <ele>372.21</ele>
      </trkpt>
      <trkpt lat="45.798640" lon="5.945580">
        <ele>371.81</ele>
      </trkpt>
      <trkpt lat="45.798610" lon="5.945680">
        <ele>371.34</ele>
      </trkpt>
      <trkpt lat="45.798570" lon="5.945760">
        <ele>370.83</ele>
      </trkpt>
      <trkpt lat="45.798530" lon="5.945870">
        <ele>370.64</ele>
      </trkpt>
      <trkpt lat="45.798500" lon="5.945960">
        <ele>370.48</ele>
      </trkpt>
      <trkpt lat="45.798470" lon="5.946050">
        <ele>370.35</ele>
      </trkpt>
      <trkpt lat="45.798440" lon="5.946150">
        <ele>370.27</ele>
      </trkpt>
      <trkpt lat="45.798430" lon="5.946200">
        <ele>370.27</ele>
      </trkpt>
      <trkpt lat="45.798420" lon="5.946250">
        <ele>370</ele>
      </trkpt>
      <trkpt lat="45.798400" lon="5.946360">
        <ele>369.73</ele>
      </trkpt>
      <trkpt lat="45.798390" lon="5.946470">
        <ele>369.46</ele>
      </trkpt>
      <trkpt lat="45.798380" lon="5.946590">
        <ele>369.18</ele>
      </trkpt>
      <trkpt lat="45.798370" lon="5.946680">
        <ele>368.59</ele>
      </trkpt>
      <trkpt lat="45.798370" lon="5.946770">
        <ele>367.91</ele>
      </trkpt>
      <trkpt lat="45.798350" lon="5.947060">
        <ele>367.02</ele>
      </trkpt>
      <trkpt lat="45.798320" lon="5.947450">
        <ele>366.24</ele>
      </trkpt>
      <trkpt lat="45.798290" lon="5.947810">
        <ele>364.98</ele>
      </trkpt>
      <trkpt lat="45.798250" lon="5.948070">
        <ele>363.96</ele>
      </trkpt>
      <trkpt lat="45.798230" lon="5.948230">
        <ele>363.21</ele>
      </trkpt>
      <trkpt lat="45.798200" lon="5.948370">
        <ele>362.44</ele>
      </trkpt>
      <trkpt lat="45.798180" lon="5.948530">
        <ele>361.82</ele>
      </trkpt>
      <trkpt lat="45.798290" lon="5.948560">
        <ele>361.89</ele>
      </trkpt>
      <trkpt lat="45.798590" lon="5.948630">
        <ele>362.13</ele>
      </trkpt>
      <trkpt lat="45.798920" lon="5.948720">
        <ele>362.71</ele>
      </trkpt>
      <trkpt lat="45.799150" lon="5.948770">
        <ele>363.32</ele>
      </trkpt>
      <trkpt lat="45.799380" lon="5.948830">
        <ele>363.38</ele>
      </trkpt>
      <trkpt lat="45.799620" lon="5.948890">
        <ele>363.05</ele>
      </trkpt>
      <trkpt lat="45.800050" lon="5.949000">
        <ele>362.64</ele>
      </trkpt>
      <trkpt lat="45.800480" lon="5.949100">
        <ele>362.04</ele>
      </trkpt>
      <trkpt lat="45.800900" lon="5.949200">
        <ele>362.43</ele>
      </trkpt>
      <trkpt lat="45.801330" lon="5.949310">
        <ele>364.37</ele>
      </trkpt>
      <trkpt lat="45.801730" lon="5.949410">
        <ele>366.48</ele>
      </trkpt>
      <trkpt lat="45.802140" lon="5.949510">
        <ele>367.55</ele>
      </trkpt>
      <trkpt lat="45.802400" lon="5.949580">
        <ele>368.22</ele>
      </trkpt>
      <trkpt lat="45.802780" lon="5.949680">
        <ele>369.04</ele>
      </trkpt>
      <trkpt lat="45.802760" lon="5.949840">
        <ele>367.38</ele>
      </trkpt>
      <trkpt lat="45.802720" lon="5.950010">
        <ele>366.84</ele>
      </trkpt>
      <trkpt lat="45.802690" lon="5.950200">
        <ele>368.32</ele>
      </trkpt>
      <trkpt lat="45.802670" lon="5.950380">
        <ele>368.65</ele>
      </trkpt>
      <trkpt lat="45.802660" lon="5.950540">
        <ele>369.95</ele>
      </trkpt>
      <trkpt lat="45.802650" lon="5.950740">
        <ele>369.62</ele>
      </trkpt>
      <trkpt lat="45.802630" lon="5.950930">
        <ele>367.92</ele>
      </trkpt>
      <trkpt lat="45.802630" lon="5.951460">
        <ele>364.9</ele>
      </trkpt>
      <trkpt lat="45.802640" lon="5.951920">
        <ele>363.23</ele>
      </trkpt>
      <trkpt lat="45.802640" lon="5.952250">
        <ele>359.48</ele>
      </trkpt>
      <trkpt lat="45.802640" lon="5.952490">
        <ele>358.56</ele>
      </trkpt>
      <trkpt lat="45.802640" lon="5.953040">
        <ele>357.82</ele>
      </trkpt>
      <trkpt lat="45.802640" lon="5.953470">
        <ele>357.3</ele>
      </trkpt>
      <trkpt lat="45.802640" lon="5.953910">
        <ele>356.99</ele>
      </trkpt>
      <trkpt lat="45.802630" lon="5.954150">
        <ele>356.82</ele>
      </trkpt>
      <trkpt lat="45.802620" lon="5.954250">
        <ele>356.95</ele>
      </trkpt>
      <trkpt lat="45.802600" lon="5.954330">
        <ele>357.17</ele>
      </trkpt>
      <trkpt lat="45.802570" lon="5.954410">
        <ele>357.34</ele>
      </trkpt>
      <trkpt lat="45.802540" lon="5.954460">
        <ele>357.26</ele>
      </trkpt>
      <trkpt lat="45.802460" lon="5.954610">
        <ele>357.78</ele>
      </trkpt>
      <trkpt lat="45.802380" lon="5.954740">
        <ele>358.01</ele>
      </trkpt>
      <trkpt lat="45.802440" lon="5.954820">
        <ele>358.07</ele>
      </trkpt>
      <trkpt lat="45.802450" lon="5.954830">
        <ele>358.11</ele>
      </trkpt>
      <trkpt lat="45.802500" lon="5.954880">
        <ele>358.33</ele>
      </trkpt>
      <trkpt lat="45.802560" lon="5.954940">
        <ele>357.82</ele>
      </trkpt>
      <trkpt lat="45.802600" lon="5.955000">
        <ele>357.21</ele>
      </trkpt>
      <trkpt lat="45.802620" lon="5.955070">
        <ele>357.37</ele>
      </trkpt>
      <trkpt lat="45.802630" lon="5.955150">
        <ele>357.09</ele>
      </trkpt>
      <trkpt lat="45.802630" lon="5.955250">
        <ele>355.94</ele>
      </trkpt>
      <trkpt lat="45.802620" lon="5.955380">
        <ele>356.03</ele>
      </trkpt>
      <trkpt lat="45.802620" lon="5.955600">
        <ele>355.29</ele>
      </trkpt>
      <trkpt lat="45.802610" lon="5.955800">
        <ele>355.14</ele>
      </trkpt>
      <trkpt lat="45.802600" lon="5.955990">
        <ele>354.4</ele>
      </trkpt>
      <trkpt lat="45.802600" lon="5.956180">
        <ele>355.74</ele>
      </trkpt>
      <trkpt lat="45.802590" lon="5.956410">
        <ele>355.28</ele>
      </trkpt>
      <trkpt lat="45.802590" lon="5.956610">
        <ele>356.25</ele>
      </trkpt>
      <trkpt lat="45.802590" lon="5.956810">
        <ele>355.46</ele>
      </trkpt>
      <trkpt lat="45.802580" lon="5.957030">
        <ele>356.05</ele>
      </trkpt>
      <trkpt lat="45.802580" lon="5.957260">
        <ele>355.66</ele>
      </trkpt>
      <trkpt lat="45.802580" lon="5.957500">
        <ele>355.63</ele>
      </trkpt>
      <trkpt lat="45.802580" lon="5.957740">
        <ele>355.18</ele>
      </trkpt>
      <trkpt lat="45.802580" lon="5.957990">
        <ele>355.25</ele>
      </trkpt>
      <trkpt lat="45.802570" lon="5.958230">
        <ele>355.45</ele>
      </trkpt>
      <trkpt lat="45.802560" lon="5.958460">
        <ele>355.53</ele>
      </trkpt>
      <trkpt lat="45.802560" lon="5.958690">
        <ele>355.98</ele>
      </trkpt>
      <trkpt lat="45.802560" lon="5.958740">
        <ele>356.37</ele>
      </trkpt>
      <trkpt lat="45.802560" lon="5.958770">
        <ele>356.86</ele>
      </trkpt>
      <trkpt lat="45.802560" lon="5.958810">
        <ele>357.02</ele>
      </trkpt>
      <trkpt lat="45.802550" lon="5.958870">
        <ele>357.35</ele>
      </trkpt>
      <trkpt lat="45.802540" lon="5.958940">
        <ele>357.42</ele>
      </trkpt>
      <trkpt lat="45.802510" lon="5.959260">
        <ele>357.09</ele>
      </trkpt>
      <trkpt lat="45.802450" lon="5.959690">
        <ele>356.68</ele>
      </trkpt>
      <trkpt lat="45.802400" lon="5.959930">
        <ele>356.25</ele>
      </trkpt>
      <trkpt lat="45.802360" lon="5.960120">
        <ele>355.71</ele>
      </trkpt>
      <trkpt lat="45.802260" lon="5.960420">
        <ele>355.13</ele>
      </trkpt>
      <trkpt lat="45.802150" lon="5.960740">
        <ele>355.18</ele>
      </trkpt>
      <trkpt lat="45.802070" lon="5.961030">
        <ele>355.21</ele>
      </trkpt>
      <trkpt lat="45.802050" lon="5.961120">
        <ele>355.19</ele>
      </trkpt>
      <trkpt lat="45.802030" lon="5.961200">
        <ele>355.03</ele>
      </trkpt>
      <trkpt lat="45.802020" lon="5.961270">
        <ele>355.28</ele>
      </trkpt>
      <trkpt lat="45.802020" lon="5.961360">
        <ele>355.49</ele>
      </trkpt>
      <trkpt lat="45.802030" lon="5.961660">
        <ele>355.59</ele>
      </trkpt>
      <trkpt lat="45.802060" lon="5.962020">
        <ele>355.67</ele>
      </trkpt>
      <trkpt lat="45.802080" lon="5.962210">
        <ele>356.2</ele>
      </trkpt>
      <trkpt lat="45.802080" lon="5.962270">
        <ele>356.55</ele>
      </trkpt>
      <trkpt lat="45.802080" lon="5.962320">
        <ele>356.64</ele>
      </trkpt>
      <trkpt lat="45.802080" lon="5.962370">
        <ele>356.81</ele>
      </trkpt>
      <trkpt lat="45.802070" lon="5.962430">
        <ele>357.72</ele>
      </trkpt>
      <trkpt lat="45.802060" lon="5.962530">
        <ele>357.98</ele>
      </trkpt>
      <trkpt lat="45.802030" lon="5.962800">
        <ele>358.1</ele>
      </trkpt>
      <trkpt lat="45.801970" lon="5.963240">
        <ele>358.3</ele>
      </trkpt>
      <trkpt lat="45.801940" lon="5.963440">
        <ele>358.48</ele>
      </trkpt>
      <trkpt lat="45.801930" lon="5.963720">
        <ele>358.15</ele>
      </trkpt>
      <trkpt lat="45.801930" lon="5.963910">
        <ele>358.03</ele>
      </trkpt>
      <trkpt lat="45.801930" lon="5.964080">
        <ele>358.05</ele>
      </trkpt>
      <trkpt lat="45.801930" lon="5.964180">
        <ele>358.28</ele>
      </trkpt>
      <trkpt lat="45.801920" lon="5.964280">
        <ele>358.54</ele>
      </trkpt>
      <trkpt lat="45.801900" lon="5.964430">
        <ele>358.79</ele>
      </trkpt>
      <trkpt lat="45.801870" lon="5.964660">
        <ele>359.07</ele>
      </trkpt>
      <trkpt lat="45.801850" lon="5.964880">
        <ele>359.56</ele>
      </trkpt>
      <trkpt lat="45.801870" lon="5.965070">
        <ele>359.97</ele>
      </trkpt>
      <trkpt lat="45.801920" lon="5.965350">
        <ele>360.41</ele>
      </trkpt>
      <trkpt lat="45.801990" lon="5.965750">
        <ele>360.66</ele>
      </trkpt>
      <trkpt lat="45.802000" lon="5.965820">
        <ele>360.91</ele>
      </trkpt>
      <trkpt lat="45.802010" lon="5.965890">
        <ele>360.97</ele>
      </trkpt>
      <trkpt lat="45.802020" lon="5.965950">
        <ele>361.06</ele>
      </trkpt>
      <trkpt lat="45.802020" lon="5.966000">
        <ele>361.17</ele>
      </trkpt>
      <trkpt lat="45.802020" lon="5.966060">
        <ele>361.32</ele>
      </trkpt>
      <trkpt lat="45.802030" lon="5.966120">
        <ele>361.49</ele>
      </trkpt>
      <trkpt lat="45.802030" lon="5.966170">
        <ele>361.69</ele>
      </trkpt>
      <trkpt lat="45.802030" lon="5.966220">
        <ele>361.72</ele>
      </trkpt>
      <trkpt lat="45.802030" lon="5.966260">
        <ele>361.76</ele>
      </trkpt>
      <trkpt lat="45.802030" lon="5.966310">
        <ele>361.79</ele>
      </trkpt>
      <trkpt lat="45.802030" lon="5.966370">
        <ele>361.93</ele>
      </trkpt>
      <trkpt lat="45.802040" lon="5.966430">
        <ele>362.07</ele>
      </trkpt>
      <trkpt lat="45.802070" lon="5.966580">
        <ele>362.51</ele>
      </trkpt>
      <trkpt lat="45.802080" lon="5.966650">
        <ele>362.97</ele>
      </trkpt>
      <trkpt lat="45.802090" lon="5.966690">
        <ele>363.43</ele>
      </trkpt>
      <trkpt lat="45.802100" lon="5.966750">
        <ele>363.79</ele>
      </trkpt>
      <trkpt lat="45.802110" lon="5.966810">
        <ele>364.06</ele>
      </trkpt>
      <trkpt lat="45.802110" lon="5.966860">
        <ele>364.02</ele>
      </trkpt>
      <trkpt lat="45.802110" lon="5.966910">
        <ele>363.96</ele>
      </trkpt>
      <trkpt lat="45.802110" lon="5.966960">
        <ele>363.89</ele>
      </trkpt>
      <trkpt lat="45.802110" lon="5.967020">
        <ele>363.8</ele>
      </trkpt>
      <trkpt lat="45.802110" lon="5.967070">
        <ele>363.81</ele>
      </trkpt>
      <trkpt lat="45.802110" lon="5.967130">
        <ele>363.81</ele>
      </trkpt>
      <trkpt lat="45.802100" lon="5.967200">
        <ele>364.21</ele>
      </trkpt>
      <trkpt lat="45.802100" lon="5.967270">
        <ele>364.59</ele>
      </trkpt>
      <trkpt lat="45.802090" lon="5.967330">
        <ele>364.59</ele>
      </trkpt>
      <trkpt lat="45.802090" lon="5.967390">
        <ele>364.6</ele>
      </trkpt>
      <trkpt lat="45.802080" lon="5.967450">
        <ele>364.62</ele>
      </trkpt>
      <trkpt lat="45.802070" lon="5.967500">
        <ele>364.25</ele>
      </trkpt>
      <trkpt lat="45.802060" lon="5.967540">
        <ele>363.92</ele>
      </trkpt>
      <trkpt lat="45.802060" lon="5.967570">
        <ele>364.23</ele>
      </trkpt>
      <trkpt lat="45.802040" lon="5.967620">
        <ele>364.77</ele>
      </trkpt>
      <trkpt lat="45.801950" lon="5.967940">
        <ele>365.3</ele>
      </trkpt>
      <trkpt lat="45.801880" lon="5.968240">
        <ele>366.08</ele>
      </trkpt>
      <trkpt lat="45.801800" lon="5.968600">
        <ele>367.09</ele>
      </trkpt>
      <trkpt lat="45.801720" lon="5.969030">
        <ele>367.85</ele>
      </trkpt>
      <trkpt lat="45.801640" lon="5.969420">
        <ele>368.75</ele>
      </trkpt>
      <trkpt lat="45.801630" lon="5.969460">
        <ele>369.82</ele>
      </trkpt>
      <trkpt lat="45.801560" lon="5.969850">
        <ele>370.77</ele>
      </trkpt>
      <trkpt lat="45.801480" lon="5.970250">
        <ele>371.46</ele>
      </trkpt>
      <trkpt lat="45.801420" lon="5.970550">
        <ele>372.11</ele>
      </trkpt>
      <trkpt lat="45.801480" lon="5.970590">
        <ele>372.47</ele>
      </trkpt>
      <trkpt lat="45.801440" lon="5.970570">
        <ele>372.1</ele>
      </trkpt>
      <trkpt lat="45.801370" lon="5.970740">
        <ele>372.7</ele>
      </trkpt>
      <trkpt lat="45.801320" lon="5.970830">
        <ele>373</ele>
      </trkpt>
      <trkpt lat="45.801260" lon="5.970870">
        <ele>373.2</ele>
      </trkpt>
      <trkpt lat="45.801140" lon="5.970840">
        <ele>373</ele>
      </trkpt>
      <trkpt lat="45.800780" lon="5.970710">
        <ele>373.5</ele>
      </trkpt>
      <trkpt lat="45.800300" lon="5.970710">
        <ele>373.5</ele>
      </trkpt>
      <trkpt lat="45.800100" lon="5.970740">
        <ele>373.9</ele>
      </trkpt>
      <trkpt lat="45.800030" lon="5.970740">
        <ele>374</ele>
      </trkpt>
      <trkpt lat="45.800030" lon="5.970950">
        <ele>374.4</ele>
      </trkpt>
      <trkpt lat="45.800190" lon="5.971250">
        <ele>375.5</ele>
      </trkpt>
      <trkpt lat="45.800420" lon="5.971460">
        <ele>376.6</ele>
      </trkpt>
      <trkpt lat="45.800580" lon="5.971590">
        <ele>377.9</ele>
      </trkpt>
      <trkpt lat="45.800610" lon="5.971610">
        <ele>378.1</ele>
      </trkpt>
      <trkpt lat="45.800890" lon="5.971800">
        <ele>381.4</ele>
      </trkpt>
      <trkpt lat="45.801130" lon="5.971960">
        <ele>383.1</ele>
      </trkpt>
      <trkpt lat="45.801230" lon="5.972090">
        <ele>383.8</ele>
      </trkpt>
      <trkpt lat="45.801280" lon="5.972250">
        <ele>384.5</ele>
      </trkpt>
      <trkpt lat="45.801310" lon="5.972330">
        <ele>384.7</ele>
      </trkpt>
      <trkpt lat="45.801350" lon="5.972460">
        <ele>385</ele>
      </trkpt>
      <trkpt lat="45.801440" lon="5.972430">
        <ele>384.7</ele>
      </trkpt>
      <trkpt lat="45.801450" lon="5.972430">
        <ele>384.7</ele>
      </trkpt>
      <trkpt lat="45.801670" lon="5.972370">
        <ele>384.5</ele>
      </trkpt>
      <trkpt lat="45.802140" lon="5.972250">
        <ele>382.5</ele>
      </trkpt>
      <trkpt lat="45.802160" lon="5.972310">
        <ele>382.9</ele>
      </trkpt>
      <trkpt lat="45.802220" lon="5.972470">
        <ele>383.8</ele>
      </trkpt>
      <trkpt lat="45.802460" lon="5.972750">
        <ele>385.8</ele>
      </trkpt>
      <trkpt lat="45.802640" lon="5.972770">
        <ele>386</ele>
      </trkpt>
      <trkpt lat="45.802910" lon="5.972890">
        <ele>386.4</ele>
      </trkpt>
      <trkpt lat="45.803200" lon="5.973030">
        <ele>386.4</ele>
      </trkpt>
      <trkpt lat="45.803280" lon="5.973110">
        <ele>386.4</ele>
      </trkpt>
      <trkpt lat="45.803340" lon="5.973180">
        <ele>386.4</ele>
      </trkpt>
      <trkpt lat="45.803430" lon="5.973360">
        <ele>385.4</ele>
      </trkpt>
      <trkpt lat="45.803470" lon="5.973490">
        <ele>386</ele>
      </trkpt>
      <trkpt lat="45.803460" lon="5.973670">
        <ele>387.1</ele>
      </trkpt>
      <trkpt lat="45.803390" lon="5.973870">
        <ele>387.7</ele>
      </trkpt>
      <trkpt lat="45.803010" lon="5.974640">
        <ele>391.8</ele>
      </trkpt>
      <trkpt lat="45.802580" lon="5.975490">
        <ele>398.7</ele>
      </trkpt>
      <trkpt lat="45.802650" lon="5.975580">
        <ele>399.1</ele>
      </trkpt>
      <trkpt lat="45.802790" lon="5.975800">
        <ele>399.9</ele>
      </trkpt>
      <trkpt lat="45.802740" lon="5.975890">
        <ele>400.2</ele>
      </trkpt>
      <trkpt lat="45.802710" lon="5.975960">
        <ele>400.6</ele>
      </trkpt>
      <trkpt lat="45.802680" lon="5.976080">
        <ele>401.2</ele>
      </trkpt>
      <trkpt lat="45.802660" lon="5.976500">
        <ele>404</ele>
      </trkpt>
      <trkpt lat="45.802660" lon="5.976630">
        <ele>404.7</ele>
      </trkpt>
      <trkpt lat="45.802660" lon="5.976740">
        <ele>405</ele>
      </trkpt>
      <trkpt lat="45.802670" lon="5.976820">
        <ele>405.1</ele>
      </trkpt>
      <trkpt lat="45.802700" lon="5.976910">
        <ele>405.2</ele>
      </trkpt>
      <trkpt lat="45.802760" lon="5.977010">
        <ele>405.5</ele>
      </trkpt>
      <trkpt lat="45.802790" lon="5.977050">
        <ele>405.8</ele>
      </trkpt>
      <trkpt lat="45.802880" lon="5.977120">
        <ele>406.7</ele>
      </trkpt>
      <trkpt lat="45.803020" lon="5.977200">
        <ele>408.5</ele>
      </trkpt>
      <trkpt lat="45.803190" lon="5.977270">
        <ele>409</ele>
      </trkpt>
      <trkpt lat="45.803330" lon="5.977320">
        <ele>409.3</ele>
      </trkpt>
      <trkpt lat="45.803410" lon="5.977370">
        <ele>408.9</ele>
      </trkpt>
      <trkpt lat="45.803470" lon="5.977460">
        <ele>409.1</ele>
      </trkpt>
      <trkpt lat="45.803520" lon="5.977570">
        <ele>409.7</ele>
      </trkpt>
      <trkpt lat="45.803540" lon="5.977690">
        <ele>410.6</ele>
      </trkpt>
      <trkpt lat="45.803540" lon="5.977840">
        <ele>410.9</ele>
      </trkpt>
      <trkpt lat="45.803440" lon="5.978510">
        <ele>413.8</ele>
      </trkpt>
      <trkpt lat="45.803420" lon="5.978580">
        <ele>414.9</ele>
      </trkpt>
      <trkpt lat="45.803400" lon="5.978660">
        <ele>415.6</ele>
      </trkpt>
      <trkpt lat="45.803450" lon="5.978750">
        <ele>414.6</ele>
      </trkpt>
      <trkpt lat="45.803500" lon="5.978890">
        <ele>414.6</ele>
      </trkpt>
      <trkpt lat="45.803570" lon="5.979270">
        <ele>415.8</ele>
      </trkpt>
      <trkpt lat="45.803590" lon="5.979350">
        <ele>416</ele>
      </trkpt>
      <trkpt lat="45.803760" lon="5.979660">
        <ele>416.9</ele>
      </trkpt>
      <trkpt lat="45.804510" lon="5.980620">
        <ele>419.5</ele>
      </trkpt>
      <trkpt lat="45.805060" lon="5.981320">
        <ele>422</ele>
      </trkpt>
      <trkpt lat="45.805620" lon="5.982140">
        <ele>425.4</ele>
      </trkpt>
      <trkpt lat="45.806020" lon="5.982690">
        <ele>430.4</ele>
      </trkpt>
      <trkpt lat="45.806180" lon="5.983080">
        <ele>434</ele>
      </trkpt>
      <trkpt lat="45.806270" lon="5.983720">
        <ele>440.2</ele>
      </trkpt>
      <trkpt lat="45.806360" lon="5.983970">
        <ele>442</ele>
      </trkpt>
      <trkpt lat="45.806740" lon="5.984620">
        <ele>445</ele>
      </trkpt>
      <trkpt lat="45.807100" lon="5.985310">
        <ele>448.1</ele>
      </trkpt>
      <trkpt lat="45.807210" lon="5.985640">
        <ele>449.3</ele>
      </trkpt>
      <trkpt lat="45.807530" lon="5.986540">
        <ele>448.9</ele>
      </trkpt>
      <trkpt lat="45.807960" lon="5.987410">
        <ele>447.6</ele>
      </trkpt>
      <trkpt lat="45.807950" lon="5.987510">
        <ele>447.8</ele>
      </trkpt>
      <trkpt lat="45.807950" lon="5.987620">
        <ele>448.2</ele>
      </trkpt>
      <trkpt lat="45.807920" lon="5.987790">
        <ele>449</ele>
      </trkpt>
      <trkpt lat="45.807860" lon="5.988030">
        <ele>449.7</ele>
      </trkpt>
      <trkpt lat="45.807770" lon="5.988480">
        <ele>453.1</ele>
      </trkpt>
      <trkpt lat="45.807810" lon="5.988790">
        <ele>456.2</ele>
      </trkpt>
      <trkpt lat="45.808360" lon="5.989900">
        <ele>464</ele>
      </trkpt>
      <trkpt lat="45.808660" lon="5.990520">
        <ele>463.7</ele>
      </trkpt>
      <trkpt lat="45.808770" lon="5.991330">
        <ele>465.7</ele>
      </trkpt>
      <trkpt lat="45.808850" lon="5.991760">
        <ele>466.6</ele>
      </trkpt>
      <trkpt lat="45.809160" lon="5.992490">
        <ele>468</ele>
      </trkpt>
      <trkpt lat="45.809430" lon="5.993120">
        <ele>469.5</ele>
      </trkpt>
      <trkpt lat="45.809660" lon="5.993490">
        <ele>470.6</ele>
      </trkpt>
      <trkpt lat="45.810110" lon="5.994120">
        <ele>473.8</ele>
      </trkpt>
      <trkpt lat="45.810220" lon="5.994340">
        <ele>474.8</ele>
      </trkpt>
      <trkpt lat="45.810520" lon="5.995010">
        <ele>476.5</ele>
      </trkpt>
      <trkpt lat="45.810690" lon="5.995430">
        <ele>476.7</ele>
      </trkpt>
      <trkpt lat="45.810850" lon="5.995940">
        <ele>477.6</ele>
      </trkpt>
      <trkpt lat="45.810930" lon="5.996250">
        <ele>478.7</ele>
      </trkpt>
      <trkpt lat="45.810970" lon="5.996450">
        <ele>479.6</ele>
      </trkpt>
      <trkpt lat="45.810970" lon="5.997040">
        <ele>485.5</ele>
      </trkpt>
      <trkpt lat="45.810980" lon="5.997330">
        <ele>488.2</ele>
      </trkpt>
      <trkpt lat="45.811010" lon="5.997650">
        <ele>489.3</ele>
      </trkpt>
      <trkpt lat="45.811030" lon="5.997850">
        <ele>489.7</ele>
      </trkpt>
      <trkpt lat="45.811030" lon="5.998010">
        <ele>490.3</ele>
      </trkpt>
      <trkpt lat="45.810990" lon="5.999330">
        <ele>491.4</ele>
      </trkpt>
      <trkpt lat="45.810990" lon="5.999580">
        <ele>490.7</ele>
      </trkpt>
      <trkpt lat="45.811020" lon="5.999920">
        <ele>489.5</ele>
      </trkpt>
      <trkpt lat="45.811030" lon="6.000160">
        <ele>489</ele>
      </trkpt>
      <trkpt lat="45.811020" lon="6.000400">
        <ele>488.8</ele>
      </trkpt>
      <trkpt lat="45.810970" lon="6.000690">
        <ele>488.5</ele>
      </trkpt>
      <trkpt lat="45.810850" lon="6.001160">
        <ele>488.8</ele>
      </trkpt>
      <trkpt lat="45.810700" lon="6.001610">
        <ele>489.2</ele>
      </trkpt>
      <trkpt lat="45.810510" lon="6.002040">
        <ele>490.4</ele>
      </trkpt>
      <trkpt lat="45.810500" lon="6.002110">
        <ele>490.6</ele>
      </trkpt>
      <trkpt lat="45.810490" lon="6.002190">
        <ele>490.7</ele>
      </trkpt>
      <trkpt lat="45.810500" lon="6.002300">
        <ele>490.9</ele>
      </trkpt>
      <trkpt lat="45.810520" lon="6.002480">
        <ele>491.2</ele>
      </trkpt>
      <trkpt lat="45.810560" lon="6.002690">
        <ele>491</ele>
      </trkpt>
      <trkpt lat="45.810650" lon="6.003170">
        <ele>491.6</ele>
      </trkpt>
      <trkpt lat="45.810670" lon="6.003270">
        <ele>491.7</ele>
      </trkpt>
      <trkpt lat="45.810690" lon="6.003460">
        <ele>491.5</ele>
      </trkpt>
      <trkpt lat="45.810730" lon="6.003620">
        <ele>491.2</ele>
      </trkpt>
      <trkpt lat="45.810990" lon="6.004460">
        <ele>490.4</ele>
      </trkpt>
      <trkpt lat="45.811050" lon="6.004630">
        <ele>490.4</ele>
      </trkpt>
      <trkpt lat="45.811060" lon="6.004670">
        <ele>490.4</ele>
      </trkpt>
      <trkpt lat="45.811090" lon="6.004750">
        <ele>490.4</ele>
      </trkpt>
      <trkpt lat="45.811230" lon="6.005010">
        <ele>490.4</ele>
      </trkpt>
      <trkpt lat="45.811230" lon="6.005020">
        <ele>490.4</ele>
      </trkpt>
      <trkpt lat="45.811280" lon="6.005100">
        <ele>490</ele>
      </trkpt>
      <trkpt lat="45.811350" lon="6.005250">
        <ele>489.4</ele>
      </trkpt>
      <trkpt lat="45.811420" lon="6.005460">
        <ele>489.4</ele>
      </trkpt>
      <trkpt lat="45.811530" lon="6.005920">
        <ele>488.8</ele>
      </trkpt>
      <trkpt lat="45.811550" lon="6.006060">
        <ele>488.3</ele>
      </trkpt>
      <trkpt lat="45.811600" lon="6.006450">
        <ele>487.8</ele>
      </trkpt>
      <trkpt lat="45.811620" lon="6.006570">
        <ele>487.6</ele>
      </trkpt>
      <trkpt lat="45.811640" lon="6.006660">
        <ele>487.3</ele>
      </trkpt>
      <trkpt lat="45.811650" lon="6.006710">
        <ele>487.5</ele>
      </trkpt>
      <trkpt lat="45.811710" lon="6.006910">
        <ele>488.3</ele>
      </trkpt>
      <trkpt lat="45.811830" lon="6.007330">
        <ele>488.6</ele>
      </trkpt>
      <trkpt lat="45.811860" lon="6.007560">
        <ele>489.2</ele>
      </trkpt>
      <trkpt lat="45.811830" lon="6.007680">
        <ele>489.9</ele>
      </trkpt>
      <trkpt lat="45.811820" lon="6.007730">
        <ele>490.1</ele>
      </trkpt>
      <trkpt lat="45.811810" lon="6.007740">
        <ele>490.3</ele>
      </trkpt>
      <trkpt lat="45.811780" lon="6.007800">
        <ele>490.9</ele>
      </trkpt>
      <trkpt lat="45.811750" lon="6.007870">
        <ele>491.4</ele>
      </trkpt>
      <trkpt lat="45.811750" lon="6.007950">
        <ele>491.8</ele>
      </trkpt>
      <trkpt lat="45.811760" lon="6.008030">
        <ele>491.9</ele>
      </trkpt>
      <trkpt lat="45.811790" lon="6.008090">
        <ele>491.8</ele>
      </trkpt>
      <trkpt lat="45.811830" lon="6.008150">
        <ele>491.5</ele>
      </trkpt>
      <trkpt lat="45.811880" lon="6.008180">
        <ele>491.1</ele>
      </trkpt>
      <trkpt lat="45.811930" lon="6.008190">
        <ele>490.6</ele>
      </trkpt>
      <trkpt lat="45.811970" lon="6.008180">
        <ele>490.3</ele>
      </trkpt>
      <trkpt lat="45.812050" lon="6.008260">
        <ele>490</ele>
      </trkpt>
      <trkpt lat="45.812140" lon="6.008340">
        <ele>489.6</ele>
      </trkpt>
      <trkpt lat="45.812190" lon="6.008440">
        <ele>489.6</ele>
      </trkpt>
      <trkpt lat="45.812440" lon="6.008760">
        <ele>488.5</ele>
      </trkpt>
      <trkpt lat="45.812780" lon="6.009250">
        <ele>487.3</ele>
      </trkpt>
      <trkpt lat="45.813580" lon="6.010310">
        <ele>485.4</ele>
      </trkpt>
      <trkpt lat="45.813970" lon="6.010840">
        <ele>483.5</ele>
      </trkpt>
      <trkpt lat="45.814630" lon="6.011740">
        <ele>480.9</ele>
      </trkpt>
      <trkpt lat="45.815050" lon="6.012330">
        <ele>476.6</ele>
      </trkpt>
      <trkpt lat="45.815160" lon="6.012500">
        <ele>475.8</ele>
      </trkpt>
      <trkpt lat="45.815200" lon="6.012550">
        <ele>475.5</ele>
      </trkpt>
      <trkpt lat="45.815280" lon="6.012650">
        <ele>475</ele>
      </trkpt>
      <trkpt lat="45.815350" lon="6.012750">
        <ele>474.7</ele>
      </trkpt>
      <trkpt lat="45.815480" lon="6.012940">
        <ele>474.1</ele>
      </trkpt>
      <trkpt lat="45.815900" lon="6.013460">
        <ele>472.9</ele>
      </trkpt>
      <trkpt lat="45.815940" lon="6.013520">
        <ele>472.9</ele>
      </trkpt>
      <trkpt lat="45.816360" lon="6.014110">
        <ele>472.7</ele>
      </trkpt>
      <trkpt lat="45.816400" lon="6.014140">
        <ele>472.9</ele>
      </trkpt>
      <trkpt lat="45.816510" lon="6.014240">
        <ele>472.6</ele>
      </trkpt>
      <trkpt lat="45.816590" lon="6.014320">
        <ele>472.3</ele>
      </trkpt>
      <trkpt lat="45.816620" lon="6.014360">
        <ele>472.2</ele>
      </trkpt>
      <trkpt lat="45.816640" lon="6.014390">
        <ele>472.1</ele>
      </trkpt>
      <trkpt lat="45.816650" lon="6.014460">
        <ele>472.1</ele>
      </trkpt>
      <trkpt lat="45.816660" lon="6.014490">
        <ele>472</ele>
      </trkpt>
      <trkpt lat="45.816670" lon="6.014510">
        <ele>472</ele>
      </trkpt>
      <trkpt lat="45.816690" lon="6.014550">
        <ele>472</ele>
      </trkpt>
      <trkpt lat="45.816720" lon="6.014580">
        <ele>471.9</ele>
      </trkpt>
      <trkpt lat="45.816750" lon="6.014590">
        <ele>471.8</ele>
      </trkpt>
      <trkpt lat="45.816840" lon="6.014720">
        <ele>471.4</ele>
      </trkpt>
      <trkpt lat="45.816920" lon="6.014840">
        <ele>471.1</ele>
      </trkpt>
      <trkpt lat="45.816990" lon="6.014950">
        <ele>470.9</ele>
      </trkpt>
      <trkpt lat="45.817060" lon="6.015060">
        <ele>470.4</ele>
      </trkpt>
      <trkpt lat="45.817320" lon="6.015410">
        <ele>468.3</ele>
      </trkpt>
      <trkpt lat="45.817530" lon="6.015680">
        <ele>466.5</ele>
      </trkpt>
      <trkpt lat="45.817620" lon="6.015800">
        <ele>465.7</ele>
      </trkpt>
      <trkpt lat="45.818080" lon="6.016440">
        <ele>460.2</ele>
      </trkpt>
      <trkpt lat="45.818120" lon="6.016510">
        <ele>459</ele>
      </trkpt>
      <trkpt lat="45.818120" lon="6.016550">
        <ele>458.4</ele>
      </trkpt>
      <trkpt lat="45.818120" lon="6.016590">
        <ele>457.9</ele>
      </trkpt>
      <trkpt lat="45.818100" lon="6.016650">
        <ele>457.1</ele>
      </trkpt>
      <trkpt lat="45.818080" lon="6.016690">
        <ele>456.6</ele>
      </trkpt>
      <trkpt lat="45.817900" lon="6.016900">
        <ele>453.9</ele>
      </trkpt>
      <trkpt lat="45.817770" lon="6.017010">
        <ele>452.8</ele>
      </trkpt>
      <trkpt lat="45.817690" lon="6.017060">
        <ele>451.8</ele>
      </trkpt>
      <trkpt lat="45.817610" lon="6.017090">
        <ele>451.1</ele>
      </trkpt>
      <trkpt lat="45.816730" lon="6.017310">
        <ele>439.8</ele>
      </trkpt>
      <trkpt lat="45.816490" lon="6.017370">
        <ele>436.7</ele>
      </trkpt>
      <trkpt lat="45.816360" lon="6.017400">
        <ele>435.4</ele>
      </trkpt>
      <trkpt lat="45.816300" lon="6.017460">
        <ele>434.5</ele>
      </trkpt>
      <trkpt lat="45.816200" lon="6.017620">
        <ele>433.6</ele>
      </trkpt>
      <trkpt lat="45.816190" lon="6.017670">
        <ele>433.5</ele>
      </trkpt>
      <trkpt lat="45.816220" lon="6.018010">
        <ele>431.7</ele>
      </trkpt>
      <trkpt lat="45.816300" lon="6.018510">
        <ele>426.6</ele>
      </trkpt>
      <trkpt lat="45.816320" lon="6.018620">
        <ele>425.3</ele>
      </trkpt>
      <trkpt lat="45.816370" lon="6.018930">
        <ele>420.9</ele>
      </trkpt>
      <trkpt lat="45.816400" lon="6.019140">
        <ele>418.5</ele>
      </trkpt>
      <trkpt lat="45.816420" lon="6.019290">
        <ele>417.9</ele>
      </trkpt>
      <trkpt lat="45.816440" lon="6.019440">
        <ele>417.1</ele>
      </trkpt>
      <trkpt lat="45.816480" lon="6.019750">
        <ele>412.9</ele>
      </trkpt>
      <trkpt lat="45.816510" lon="6.019940">
        <ele>410.3</ele>
      </trkpt>
      <trkpt lat="45.816530" lon="6.020010">
        <ele>409.4</ele>
      </trkpt>
      <trkpt lat="45.816570" lon="6.020090">
        <ele>408.8</ele>
      </trkpt>
      <trkpt lat="45.816760" lon="6.020300">
        <ele>406.6</ele>
      </trkpt>
      <trkpt lat="45.816870" lon="6.020430">
        <ele>405.6</ele>
      </trkpt>
      <trkpt lat="45.816900" lon="6.020460">
        <ele>405.4</ele>
      </trkpt>
      <trkpt lat="45.816960" lon="6.020500">
        <ele>405.1</ele>
      </trkpt>
      <trkpt lat="45.817050" lon="6.020570">
        <ele>403.7</ele>
      </trkpt>
      <trkpt lat="45.817100" lon="6.020640">
        <ele>402.5</ele>
      </trkpt>
      <trkpt lat="45.817180" lon="6.020750">
        <ele>400.5</ele>
      </trkpt>
      <trkpt lat="45.817260" lon="6.020760">
        <ele>398.9</ele>
      </trkpt>
      <trkpt lat="45.817310" lon="6.020740">
        <ele>398.2</ele>
      </trkpt>
      <trkpt lat="45.817360" lon="6.020720">
        <ele>397.5</ele>
      </trkpt>
      <trkpt lat="45.817420" lon="6.020660">
        <ele>397.3</ele>
      </trkpt>
      <trkpt lat="45.817450" lon="6.020600">
        <ele>397.8</ele>
      </trkpt>
      <trkpt lat="45.817530" lon="6.020370">
        <ele>399.5</ele>
      </trkpt>
      <trkpt lat="45.817560" lon="6.020290">
        <ele>400</ele>
      </trkpt>
      <trkpt lat="45.817570" lon="6.020240">
        <ele>400.2</ele>
      </trkpt>
      <trkpt lat="45.817710" lon="6.019870">
        <ele>401.4</ele>
      </trkpt>
      <trkpt lat="45.817730" lon="6.019790">
        <ele>401.5</ele>
      </trkpt>
      <trkpt lat="45.817760" lon="6.019720">
        <ele>401.6</ele>
      </trkpt>
      <trkpt lat="45.817770" lon="6.019680">
        <ele>401.7</ele>
      </trkpt>
      <trkpt lat="45.817800" lon="6.019610">
        <ele>402.3</ele>
      </trkpt>
      <trkpt lat="45.817840" lon="6.019570">
        <ele>402.5</ele>
      </trkpt>
      <trkpt lat="45.817870" lon="6.019540">
        <ele>402.5</ele>
      </trkpt>
      <trkpt lat="45.817960" lon="6.019460">
        <ele>402.2</ele>
      </trkpt>
      <trkpt lat="45.818120" lon="6.019370">
        <ele>401.6</ele>
      </trkpt>
      <trkpt lat="45.818160" lon="6.019340">
        <ele>401.8</ele>
      </trkpt>
      <trkpt lat="45.818180" lon="6.019330">
        <ele>401.8</ele>
      </trkpt>
      <trkpt lat="45.818280" lon="6.019290">
        <ele>402.1</ele>
      </trkpt>
      <trkpt lat="45.818360" lon="6.019300">
        <ele>402.1</ele>
      </trkpt>
      <trkpt lat="45.818470" lon="6.019330">
        <ele>402.1</ele>
      </trkpt>
      <trkpt lat="45.818610" lon="6.019420">
        <ele>402.1</ele>
      </trkpt>
      <trkpt lat="45.818760" lon="6.019510">
        <ele>401.4</ele>
      </trkpt>
      <trkpt lat="45.818800" lon="6.019530">
        <ele>401.2</ele>
      </trkpt>
      <trkpt lat="45.818820" lon="6.019540">
        <ele>401.1</ele>
      </trkpt>
      <trkpt lat="45.818920" lon="6.019610">
        <ele>401</ele>
      </trkpt>
      <trkpt lat="45.819000" lon="6.019650">
        <ele>401.1</ele>
      </trkpt>
      <trkpt lat="45.819070" lon="6.019700">
        <ele>401.4</ele>
      </trkpt>
      <trkpt lat="45.819300" lon="6.019830">
        <ele>401.6</ele>
      </trkpt>
      <trkpt lat="45.819600" lon="6.020020">
        <ele>405.8</ele>
      </trkpt>
      <trkpt lat="45.819660" lon="6.020040">
        <ele>407.1</ele>
      </trkpt>
      <trkpt lat="45.819690" lon="6.020080">
        <ele>407.9</ele>
      </trkpt>
      <trkpt lat="45.819730" lon="6.020140">
        <ele>408.8</ele>
      </trkpt>
      <trkpt lat="45.819760" lon="6.020250">
        <ele>409.6</ele>
      </trkpt>
      <trkpt lat="45.819770" lon="6.020410">
        <ele>409.1</ele>
      </trkpt>
      <trkpt lat="45.819760" lon="6.020500">
        <ele>408.1</ele>
      </trkpt>
      <trkpt lat="45.819730" lon="6.020780">
        <ele>404.9</ele>
      </trkpt>
      <trkpt lat="45.819710" lon="6.021150">
        <ele>399.7</ele>
      </trkpt>
      <trkpt lat="45.819700" lon="6.021510">
        <ele>397.2</ele>
      </trkpt>
      <trkpt lat="45.819690" lon="6.021800">
        <ele>394.9</ele>
      </trkpt>
      <trkpt lat="45.819660" lon="6.022100">
        <ele>391.5</ele>
      </trkpt>
      <trkpt lat="45.819660" lon="6.022160">
        <ele>390.9</ele>
      </trkpt>
      <trkpt lat="45.819630" lon="6.022290">
        <ele>388.2</ele>
      </trkpt>
      <trkpt lat="45.819630" lon="6.022340">
        <ele>387.9</ele>
      </trkpt>
      <trkpt lat="45.819620" lon="6.022360">
        <ele>387.2</ele>
      </trkpt>
      <trkpt lat="45.819620" lon="6.022390">
        <ele>386.8</ele>
      </trkpt>
      <trkpt lat="45.819620" lon="6.022410">
        <ele>386.8</ele>
      </trkpt>
      <trkpt lat="45.819630" lon="6.022440">
        <ele>387</ele>
      </trkpt>
      <trkpt lat="45.819650" lon="6.022450">
        <ele>387.6</ele>
      </trkpt>
      <trkpt lat="45.819660" lon="6.022470">
        <ele>388.4</ele>
      </trkpt>
      <trkpt lat="45.819680" lon="6.022470">
        <ele>389.3</ele>
      </trkpt>
      <trkpt lat="45.819700" lon="6.022460">
        <ele>390.3</ele>
      </trkpt>
      <trkpt lat="45.819720" lon="6.022450">
        <ele>391.3</ele>
      </trkpt>
      <trkpt lat="45.819730" lon="6.022420">
        <ele>392</ele>
      </trkpt>
      <trkpt lat="45.819730" lon="6.022410">
        <ele>392.3</ele>
      </trkpt>
      <trkpt lat="45.819780" lon="6.022360">
        <ele>394.3</ele>
      </trkpt>
      <trkpt lat="45.820060" lon="6.022330">
        <ele>403.4</ele>
      </trkpt>
      <trkpt lat="45.820100" lon="6.022340">
        <ele>403.7</ele>
      </trkpt>
      <trkpt lat="45.820140" lon="6.022350">
        <ele>404</ele>
      </trkpt>
      <trkpt lat="45.820200" lon="6.022410">
        <ele>403.2</ele>
      </trkpt>
      <trkpt lat="45.820250" lon="6.022460">
        <ele>402</ele>
      </trkpt>
      <trkpt lat="45.820280" lon="6.022490">
        <ele>401.4</ele>
      </trkpt>
      <trkpt lat="45.820380" lon="6.022630">
        <ele>398.4</ele>
      </trkpt>
      <trkpt lat="45.820390" lon="6.022650">
        <ele>397.9</ele>
      </trkpt>
      <trkpt lat="45.820460" lon="6.022750">
        <ele>395.9</ele>
      </trkpt>
      <trkpt lat="45.820520" lon="6.022850">
        <ele>394.9</ele>
      </trkpt>
      <trkpt lat="45.820610" lon="6.023130">
        <ele>393.8</ele>
      </trkpt>
      <trkpt lat="45.820640" lon="6.023310">
        <ele>393.7</ele>
      </trkpt>
      <trkpt lat="45.820650" lon="6.023410">
        <ele>393.8</ele>
      </trkpt>
      <trkpt lat="45.820660" lon="6.023520">
        <ele>393.9</ele>
      </trkpt>
      <trkpt lat="45.820500" lon="6.023530">
        <ele>394</ele>
      </trkpt>
      <trkpt lat="45.820430" lon="6.023530">
        <ele>394</ele>
      </trkpt>
      <trkpt lat="45.820180" lon="6.023570">
        <ele>393.6</ele>
      </trkpt>
      <trkpt lat="45.820160" lon="6.023610">
        <ele>393.6</ele>
      </trkpt>
      <trkpt lat="45.820080" lon="6.023620">
        <ele>393.3</ele>
      </trkpt>
      <trkpt lat="45.820030" lon="6.023660">
        <ele>393.1</ele>
      </trkpt>
      <trkpt lat="45.820010" lon="6.023750">
        <ele>393</ele>
      </trkpt>
      <trkpt lat="45.820040" lon="6.024160">
        <ele>393.2</ele>
      </trkpt>
      <trkpt lat="45.820050" lon="6.024330">
        <ele>392.2</ele>
      </trkpt>
      <trkpt lat="45.820020" lon="6.024600">
        <ele>386.8</ele>
      </trkpt>
      <trkpt lat="45.820030" lon="6.024790">
        <ele>380.9</ele>
      </trkpt>
      <trkpt lat="45.820050" lon="6.025230">
        <ele>371.3</ele>
      </trkpt>
      <trkpt lat="45.820080" lon="6.025770">
        <ele>384.2</ele>
      </trkpt>
      <trkpt lat="45.820090" lon="6.025940">
        <ele>389.3</ele>
      </trkpt>
      <trkpt lat="45.820100" lon="6.025980">
        <ele>390.3</ele>
      </trkpt>
      <trkpt lat="45.820110" lon="6.026110">
        <ele>393.8</ele>
      </trkpt>
      <trkpt lat="45.820150" lon="6.026370">
        <ele>399.1</ele>
      </trkpt>
      <trkpt lat="45.820180" lon="6.026560">
        <ele>402.1</ele>
      </trkpt>
      <trkpt lat="45.820190" lon="6.026750">
        <ele>404.2</ele>
      </trkpt>
      <trkpt lat="45.820200" lon="6.026990">
        <ele>406.1</ele>
      </trkpt>
      <trkpt lat="45.820190" lon="6.027190">
        <ele>407.9</ele>
      </trkpt>
      <trkpt lat="45.820170" lon="6.027390">
        <ele>409.9</ele>
      </trkpt>
      <trkpt lat="45.820100" lon="6.027860">
        <ele>413.1</ele>
      </trkpt>
      <trkpt lat="45.820030" lon="6.028360">
        <ele>416.5</ele>
      </trkpt>
      <trkpt lat="45.820020" lon="6.028510">
        <ele>417.7</ele>
      </trkpt>
      <trkpt lat="45.820010" lon="6.028620">
        <ele>418.4</ele>
      </trkpt>
      <trkpt lat="45.819970" lon="6.028690">
        <ele>418.8</ele>
      </trkpt>
      <trkpt lat="45.819920" lon="6.028880">
        <ele>420</ele>
      </trkpt>
      <trkpt lat="45.819870" lon="6.029270">
        <ele>421.4</ele>
      </trkpt>
      <trkpt lat="45.819790" lon="6.029980">
        <ele>425.8</ele>
      </trkpt>
      <trkpt lat="45.819750" lon="6.030330">
        <ele>426.7</ele>
      </trkpt>
      <trkpt lat="45.819730" lon="6.030560">
        <ele>426.4</ele>
      </trkpt>
      <trkpt lat="45.819730" lon="6.030810">
        <ele>427</ele>
      </trkpt>
      <trkpt lat="45.819720" lon="6.031100">
        <ele>428.9</ele>
      </trkpt>
      <trkpt lat="45.819740" lon="6.031360">
        <ele>430.5</ele>
      </trkpt>
      <trkpt lat="45.819800" lon="6.031840">
        <ele>435.2</ele>
      </trkpt>
      <trkpt lat="45.819870" lon="6.032240">
        <ele>438.1</ele>
      </trkpt>
      <trkpt lat="45.819920" lon="6.032390">
        <ele>438.8</ele>
      </trkpt>
      <trkpt lat="45.819950" lon="6.032500">
        <ele>439</ele>
      </trkpt>
      <trkpt lat="45.820110" lon="6.032900">
        <ele>439.5</ele>
      </trkpt>
      <trkpt lat="45.820160" lon="6.032890">
        <ele>439.3</ele>
      </trkpt>
      <trkpt lat="45.820200" lon="6.032990">
        <ele>439.4</ele>
      </trkpt>
      <trkpt lat="45.820210" lon="6.033020">
        <ele>439.4</ele>
      </trkpt>
      <trkpt lat="45.820310" lon="6.033220">
        <ele>439.5</ele>
      </trkpt>
      <trkpt lat="45.820560" lon="6.033710">
        <ele>439.7</ele>
      </trkpt>
      <trkpt lat="45.820740" lon="6.033650">
        <ele>438.5</ele>
      </trkpt>
      <trkpt lat="45.821040" lon="6.033600">
        <ele>436.5</ele>
      </trkpt>
      <trkpt lat="45.821160" lon="6.033540">
        <ele>435.8</ele>
      </trkpt>
      <trkpt lat="45.821220" lon="6.033510">
        <ele>435.5</ele>
      </trkpt>
      <trkpt lat="45.821250" lon="6.033480">
        <ele>435.3</ele>
      </trkpt>
      <trkpt lat="45.821310" lon="6.033410">
        <ele>434.8</ele>
      </trkpt>
      <trkpt lat="45.821340" lon="6.033350">
        <ele>434.4</ele>
      </trkpt>
      <trkpt lat="45.821370" lon="6.033260">
        <ele>434.1</ele>
      </trkpt>
      <trkpt lat="45.821400" lon="6.033180">
        <ele>434</ele>
      </trkpt>
      <trkpt lat="45.821490" lon="6.032740">
        <ele>433.3</ele>
      </trkpt>
      <trkpt lat="45.821580" lon="6.032370">
        <ele>432.6</ele>
      </trkpt>
      <trkpt lat="45.821600" lon="6.032300">
        <ele>432.5</ele>
      </trkpt>
      <trkpt lat="45.821650" lon="6.032190">
        <ele>432.3</ele>
      </trkpt>
      <trkpt lat="45.821700" lon="6.032070">
        <ele>432.3</ele>
      </trkpt>
      <trkpt lat="45.821760" lon="6.031960">
        <ele>431.9</ele>
      </trkpt>
      <trkpt lat="45.821880" lon="6.031790">
        <ele>431.2</ele>
      </trkpt>
      <trkpt lat="45.821980" lon="6.031710">
        <ele>430.3</ele>
      </trkpt>
      <trkpt lat="45.822040" lon="6.031670">
        <ele>429.2</ele>
      </trkpt>
      <trkpt lat="45.822130" lon="6.031660">
        <ele>427.8</ele>
      </trkpt>
      <trkpt lat="45.822230" lon="6.031650">
        <ele>426</ele>
      </trkpt>
      <trkpt lat="45.822670" lon="6.031630">
        <ele>421.3</ele>
      </trkpt>
      <trkpt lat="45.822780" lon="6.031580">
        <ele>420.3</ele>
      </trkpt>
      <trkpt lat="45.822900" lon="6.031500">
        <ele>419.4</ele>
      </trkpt>
      <trkpt lat="45.823110" lon="6.031280">
        <ele>418.7</ele>
      </trkpt>
      <trkpt lat="45.823230" lon="6.031080">
        <ele>418.9</ele>
      </trkpt>
      <trkpt lat="45.823300" lon="6.030870">
        <ele>419.3</ele>
      </trkpt>
      <trkpt lat="45.823360" lon="6.030680">
        <ele>420.2</ele>
      </trkpt>
      <trkpt lat="45.823400" lon="6.030590">
        <ele>420.5</ele>
      </trkpt>
      <trkpt lat="45.823440" lon="6.030540">
        <ele>420.3</ele>
      </trkpt>
      <trkpt lat="45.823540" lon="6.030490">
        <ele>418.8</ele>
      </trkpt>
      <trkpt lat="45.823670" lon="6.030430">
        <ele>416.9</ele>
      </trkpt>
      <trkpt lat="45.823980" lon="6.030350">
        <ele>413.4</ele>
      </trkpt>
      <trkpt lat="45.824120" lon="6.030280">
        <ele>412.3</ele>
      </trkpt>
      <trkpt lat="45.824180" lon="6.030250">
        <ele>412.1</ele>
      </trkpt>
      <trkpt lat="45.824220" lon="6.030330">
        <ele>413.1</ele>
      </trkpt>
      <trkpt lat="45.824280" lon="6.030520">
        <ele>415.7</ele>
      </trkpt>
      <trkpt lat="45.824260" lon="6.030890">
        <ele>418.3</ele>
      </trkpt>
      <trkpt lat="45.824290" lon="6.031240">
        <ele>419.3</ele>
      </trkpt>
      <trkpt lat="45.824620" lon="6.032120">
        <ele>424</ele>
      </trkpt>
      <trkpt lat="45.824630" lon="6.032160">
        <ele>424.1</ele>
      </trkpt>
      <trkpt lat="45.824760" lon="6.032540">
        <ele>426.3</ele>
      </trkpt>
      <trkpt lat="45.824770" lon="6.032980">
        <ele>428.1</ele>
      </trkpt>
      <trkpt lat="45.824920" lon="6.033500">
        <ele>432.5</ele>
      </trkpt>
      <trkpt lat="45.825110" lon="6.033910">
        <ele>435.7</ele>
      </trkpt>
      <trkpt lat="45.825310" lon="6.034140">
        <ele>437.7</ele>
      </trkpt>
      <trkpt lat="45.826310" lon="6.034800">
        <ele>447.5</ele>
      </trkpt>
      <trkpt lat="45.826530" lon="6.034910">
        <ele>451</ele>
      </trkpt>
      <trkpt lat="45.826570" lon="6.034910">
        <ele>451.8</ele>
      </trkpt>
      <trkpt lat="45.826690" lon="6.034910">
        <ele>454</ele>
      </trkpt>
      <trkpt lat="45.826700" lon="6.034910">
        <ele>454.4</ele>
      </trkpt>
      <trkpt lat="45.826790" lon="6.034850">
        <ele>456.5</ele>
      </trkpt>
      <trkpt lat="45.827060" lon="6.034640">
        <ele>456.4</ele>
      </trkpt>
      <trkpt lat="45.827270" lon="6.034470">
        <ele>452.5</ele>
      </trkpt>
      <trkpt lat="45.827450" lon="6.034390">
        <ele>453.6</ele>
      </trkpt>
      <trkpt lat="45.827690" lon="6.034400">
        <ele>456</ele>
      </trkpt>
      <trkpt lat="45.828000" lon="6.034500">
        <ele>457.8</ele>
      </trkpt>
      <trkpt lat="45.828290" lon="6.034610">
        <ele>458.5</ele>
      </trkpt>
      <trkpt lat="45.829120" lon="6.034860">
        <ele>462.3</ele>
      </trkpt>
      <trkpt lat="45.829400" lon="6.034910">
        <ele>463.2</ele>
      </trkpt>
      <trkpt lat="45.829870" lon="6.034920">
        <ele>465.4</ele>
      </trkpt>
      <trkpt lat="45.830690" lon="6.034830">
        <ele>469.5</ele>
      </trkpt>
      <trkpt lat="45.831960" lon="6.034720">
        <ele>476</ele>
      </trkpt>
      <trkpt lat="45.832290" lon="6.034740">
        <ele>477.6</ele>
      </trkpt>
      <trkpt lat="45.832450" lon="6.034850">
        <ele>480.1</ele>
      </trkpt>
      <trkpt lat="45.832530" lon="6.035040">
        <ele>482.6</ele>
      </trkpt>
      <trkpt lat="45.832520" lon="6.035230">
        <ele>483.9</ele>
      </trkpt>
      <trkpt lat="45.832340" lon="6.035700">
        <ele>486.5</ele>
      </trkpt>
      <trkpt lat="45.832180" lon="6.036530">
        <ele>491</ele>
      </trkpt>
      <trkpt lat="45.832110" lon="6.036770">
        <ele>492.5</ele>
      </trkpt>
      <trkpt lat="45.831880" lon="6.037070">
        <ele>494.4</ele>
      </trkpt>
      <trkpt lat="45.831480" lon="6.037290">
        <ele>497.5</ele>
      </trkpt>
      <trkpt lat="45.831370" lon="6.037420">
        <ele>498.4</ele>
      </trkpt>
      <trkpt lat="45.831310" lon="6.037620">
        <ele>499.7</ele>
      </trkpt>
      <trkpt lat="45.831330" lon="6.037860">
        <ele>501.4</ele>
      </trkpt>
      <trkpt lat="45.831420" lon="6.038030">
        <ele>503</ele>
      </trkpt>
      <trkpt lat="45.831880" lon="6.038390">
        <ele>507.1</ele>
      </trkpt>
      <trkpt lat="45.832020" lon="6.038430">
        <ele>508.7</ele>
      </trkpt>
      <trkpt lat="45.832200" lon="6.038380">
        <ele>509.4</ele>
      </trkpt>
      <trkpt lat="45.832360" lon="6.038210">
        <ele>510.2</ele>
      </trkpt>
      <trkpt lat="45.833060" lon="6.037090">
        <ele>516.1</ele>
      </trkpt>
      <trkpt lat="45.833310" lon="6.036870">
        <ele>517.8</ele>
      </trkpt>
      <trkpt lat="45.833880" lon="6.036770">
        <ele>521.4</ele>
      </trkpt>
      <trkpt lat="45.834690" lon="6.036650">
        <ele>524.5</ele>
      </trkpt>
      <trkpt lat="45.834910" lon="6.036680">
        <ele>525.9</ele>
      </trkpt>
      <trkpt lat="45.835540" lon="6.036840">
        <ele>530.8</ele>
      </trkpt>
      <trkpt lat="45.835880" lon="6.037080">
        <ele>534.6</ele>
      </trkpt>
      <trkpt lat="45.836120" lon="6.037200">
        <ele>536.8</ele>
      </trkpt>
      <trkpt lat="45.836360" lon="6.037250">
        <ele>538.4</ele>
      </trkpt>
      <trkpt lat="45.836580" lon="6.037260">
        <ele>540</ele>
      </trkpt>
      <trkpt lat="45.836870" lon="6.037300">
        <ele>542.6</ele>
      </trkpt>
      <trkpt lat="45.836970" lon="6.037250">
        <ele>542.7</ele>
      </trkpt>
      <trkpt lat="45.837340" lon="6.036590">
        <ele>540.9</ele>
      </trkpt>
      <trkpt lat="45.837630" lon="6.036040">
        <ele>542.8</ele>
      </trkpt>
      <trkpt lat="45.837830" lon="6.035880">
        <ele>544.1</ele>
      </trkpt>
      <trkpt lat="45.838090" lon="6.035840">
        <ele>546.5</ele>
      </trkpt>
      <trkpt lat="45.838410" lon="6.035930">
        <ele>550.8</ele>
      </trkpt>
      <trkpt lat="45.839660" lon="6.036420">
        <ele>561.8</ele>
      </trkpt>
      <trkpt lat="45.840820" lon="6.036860">
        <ele>572.2</ele>
      </trkpt>
      <trkpt lat="45.841100" lon="6.036890">
        <ele>574.7</ele>
      </trkpt>
      <trkpt lat="45.841260" lon="6.036790">
        <ele>576</ele>
      </trkpt>
      <trkpt lat="45.841510" lon="6.036480">
        <ele>577.6</ele>
      </trkpt>
      <trkpt lat="45.841810" lon="6.036050">
        <ele>579.3</ele>
      </trkpt>
      <trkpt lat="45.841990" lon="6.035870">
        <ele>580.5</ele>
      </trkpt>
      <trkpt lat="45.842180" lon="6.035820">
        <ele>581.6</ele>
      </trkpt>
      <trkpt lat="45.842330" lon="6.035920">
        <ele>583</ele>
      </trkpt>
      <trkpt lat="45.842920" lon="6.037120">
        <ele>592</ele>
      </trkpt>
      <trkpt lat="45.843100" lon="6.037340">
        <ele>594</ele>
      </trkpt>
      <trkpt lat="45.843180" lon="6.037500">
        <ele>595.4</ele>
      </trkpt>
      <trkpt lat="45.843240" lon="6.037590">
        <ele>596.3</ele>
      </trkpt>
      <trkpt lat="45.843310" lon="6.037540">
        <ele>596.2</ele>
      </trkpt>
      <trkpt lat="45.843370" lon="6.037520">
        <ele>596.2</ele>
      </trkpt>
      <trkpt lat="45.843410" lon="6.037510">
        <ele>596.1</ele>
      </trkpt>
      <trkpt lat="45.843450" lon="6.037500">
        <ele>596</ele>
      </trkpt>
      <trkpt lat="45.843500" lon="6.037510">
        <ele>596</ele>
      </trkpt>
      <trkpt lat="45.843560" lon="6.037520">
        <ele>596.1</ele>
      </trkpt>
      <trkpt lat="45.843620" lon="6.037530">
        <ele>596.2</ele>
      </trkpt>
      <trkpt lat="45.843900" lon="6.037540">
        <ele>597.3</ele>
      </trkpt>
      <trkpt lat="45.844610" lon="6.037520">
        <ele>597.1</ele>
      </trkpt>
      <trkpt lat="45.844970" lon="6.037500">
        <ele>597</ele>
      </trkpt>
      <trkpt lat="45.845080" lon="6.037490">
        <ele>597.2</ele>
      </trkpt>
      <trkpt lat="45.845130" lon="6.037490">
        <ele>597.4</ele>
      </trkpt>
      <trkpt lat="45.845150" lon="6.037490">
        <ele>597.5</ele>
      </trkpt>
      <trkpt lat="45.845230" lon="6.037490">
        <ele>597.7</ele>
      </trkpt>
      <trkpt lat="45.845260" lon="6.037490">
        <ele>597.9</ele>
      </trkpt>
      <trkpt lat="45.845430" lon="6.037540">
        <ele>598.7</ele>
      </trkpt>
      <trkpt lat="45.845510" lon="6.037910">
        <ele>599.9</ele>
      </trkpt>
      <trkpt lat="45.845570" lon="6.038200">
        <ele>600.5</ele>
      </trkpt>
      <trkpt lat="45.845650" lon="6.038330">
        <ele>601</ele>
      </trkpt>
      <trkpt lat="45.845620" lon="6.038490">
        <ele>601.6</ele>
      </trkpt>
      <trkpt lat="45.845550" lon="6.039200">
        <ele>605.3</ele>
      </trkpt>
      <trkpt lat="45.845540" lon="6.039540">
        <ele>607.4</ele>
      </trkpt>
      <trkpt lat="45.845590" lon="6.040310">
        <ele>609</ele>
      </trkpt>
      <trkpt lat="45.845630" lon="6.040820">
        <ele>609.3</ele>
      </trkpt>
      <trkpt lat="45.845670" lon="6.041150">
        <ele>610.4</ele>
      </trkpt>
      <trkpt lat="45.845780" lon="6.041530">
        <ele>610.8</ele>
      </trkpt>
      <trkpt lat="45.845910" lon="6.041920">
        <ele>611.3</ele>
      </trkpt>
      <trkpt lat="45.846040" lon="6.042260">
        <ele>612.9</ele>
      </trkpt>
      <trkpt lat="45.845950" lon="6.042400">
        <ele>613</ele>
      </trkpt>
      <trkpt lat="45.845680" lon="6.042650">
        <ele>613</ele>
      </trkpt>
      <trkpt lat="45.845390" lon="6.042930">
        <ele>611.8</ele>
      </trkpt>
      <trkpt lat="45.845360" lon="6.042960">
        <ele>611.6</ele>
      </trkpt>
      <trkpt lat="45.845180" lon="6.043070">
        <ele>611.1</ele>
      </trkpt>
      <trkpt lat="45.845050" lon="6.042980">
        <ele>610.8</ele>
      </trkpt>
      <trkpt lat="45.844940" lon="6.042940">
        <ele>610.4</ele>
      </trkpt>
      <trkpt lat="45.844870" lon="6.042970">
        <ele>610.2</ele>
      </trkpt>
      <trkpt lat="45.844800" lon="6.043130">
        <ele>610.4</ele>
      </trkpt>
      <trkpt lat="45.844710" lon="6.043370">
        <ele>609.9</ele>
      </trkpt>
      <trkpt lat="45.844630" lon="6.043660">
        <ele>609</ele>
      </trkpt>
      <trkpt lat="45.844530" lon="6.043910">
        <ele>607.2</ele>
      </trkpt>
      <trkpt lat="45.844450" lon="6.044180">
        <ele>606</ele>
      </trkpt>
      <trkpt lat="45.844410" lon="6.044550">
        <ele>604.6</ele>
      </trkpt>
      <trkpt lat="45.844350" lon="6.045050">
        <ele>601.8</ele>
      </trkpt>
      <trkpt lat="45.844300" lon="6.045560">
        <ele>599</ele>
      </trkpt>
      <trkpt lat="45.844250" lon="6.045930">
        <ele>596.3</ele>
      </trkpt>
      <trkpt lat="45.844220" lon="6.046200">
        <ele>594.4</ele>
      </trkpt>
      <trkpt lat="45.844200" lon="6.046450">
        <ele>592.6</ele>
      </trkpt>
      <trkpt lat="45.844200" lon="6.046610">
        <ele>591.4</ele>
      </trkpt>
      <trkpt lat="45.844330" lon="6.046700">
        <ele>590.6</ele>
      </trkpt>
      <trkpt lat="45.844500" lon="6.046810">
        <ele>589.5</ele>
      </trkpt>
      <trkpt lat="45.844650" lon="6.046940">
        <ele>588</ele>
      </trkpt>
      <trkpt lat="45.844780" lon="6.047080">
        <ele>587</ele>
      </trkpt>
      <trkpt lat="45.844880" lon="6.047280">
        <ele>585.6</ele>
      </trkpt>
      <trkpt lat="45.845040" lon="6.047500">
        <ele>584.1</ele>
      </trkpt>
      <trkpt lat="45.845140" lon="6.047680">
        <ele>582.2</ele>
      </trkpt>
      <trkpt lat="45.845190" lon="6.047810">
        <ele>580.7</ele>
      </trkpt>
      <trkpt lat="45.845290" lon="6.047890">
        <ele>580.2</ele>
      </trkpt>
      <trkpt lat="45.845640" lon="6.048310">
        <ele>575.9</ele>
      </trkpt>
      <trkpt lat="45.846140" lon="6.048790">
        <ele>568.5</ele>
      </trkpt>
      <trkpt lat="45.846510" lon="6.049080">
        <ele>564.9</ele>
      </trkpt>
      <trkpt lat="45.846710" lon="6.049200">
        <ele>562.5</ele>
      </trkpt>
      <trkpt lat="45.846940" lon="6.049300">
        <ele>560.6</ele>
      </trkpt>
      <trkpt lat="45.847140" lon="6.049390">
        <ele>558.3</ele>
      </trkpt>
      <trkpt lat="45.847350" lon="6.049500">
        <ele>556</ele>
      </trkpt>
      <trkpt lat="45.847590" lon="6.049620">
        <ele>553.5</ele>
      </trkpt>
      <trkpt lat="45.847770" lon="6.049710">
        <ele>551.2</ele>
      </trkpt>
      <trkpt lat="45.848060" lon="6.049770">
        <ele>547.8</ele>
      </trkpt>
      <trkpt lat="45.848230" lon="6.049790">
        <ele>546.9</ele>
      </trkpt>
      <trkpt lat="45.848470" lon="6.049820">
        <ele>545.6</ele>
      </trkpt>
      <trkpt lat="45.848690" lon="6.049860">
        <ele>544.4</ele>
      </trkpt>
      <trkpt lat="45.848860" lon="6.049940">
        <ele>543.5</ele>
      </trkpt>
      <trkpt lat="45.849040" lon="6.050000">
        <ele>542.4</ele>
      </trkpt>
      <trkpt lat="45.849290" lon="6.050060">
        <ele>541.8</ele>
      </trkpt>
      <trkpt lat="45.849520" lon="6.050030">
        <ele>541.9</ele>
      </trkpt>
      <trkpt lat="45.849740" lon="6.049990">
        <ele>542</ele>
      </trkpt>
      <trkpt lat="45.850070" lon="6.049950">
        <ele>542.1</ele>
      </trkpt>
      <trkpt lat="45.850490" lon="6.049940">
        <ele>542.2</ele>
      </trkpt>
      <trkpt lat="45.850750" lon="6.049950">
        <ele>541.5</ele>
      </trkpt>
      <trkpt lat="45.850850" lon="6.049940">
        <ele>541.2</ele>
      </trkpt>
      <trkpt lat="45.850940" lon="6.050450">
        <ele>540</ele>
      </trkpt>
      <trkpt lat="45.851050" lon="6.050920">
        <ele>539.8</ele>
      </trkpt>
      <trkpt lat="45.851070" lon="6.050910">
        <ele>539.8</ele>
      </trkpt>
      <trkpt lat="45.851080" lon="6.050910">
        <ele>539.9</ele>
      </trkpt>
      <trkpt lat="45.851090" lon="6.050910">
        <ele>539.9</ele>
      </trkpt>
      <trkpt lat="45.851110" lon="6.050920">
        <ele>540</ele>
      </trkpt>
      <trkpt lat="45.851120" lon="6.050940">
        <ele>540</ele>
      </trkpt>
      <trkpt lat="45.851120" lon="6.050960">
        <ele>540</ele>
      </trkpt>
      <trkpt lat="45.851120" lon="6.050980">
        <ele>540</ele>
      </trkpt>
      <trkpt lat="45.851120" lon="6.051000">
        <ele>540</ele>
      </trkpt>
      <trkpt lat="45.851210" lon="6.051190">
        <ele>539.8</ele>
      </trkpt>
      <trkpt lat="45.851250" lon="6.051260">
        <ele>539.7</ele>
      </trkpt>
      <trkpt lat="45.851340" lon="6.051410">
        <ele>539.8</ele>
      </trkpt>
      <trkpt lat="45.851650" lon="6.051840">
        <ele>541.4</ele>
      </trkpt>
      <trkpt lat="45.851890" lon="6.052200">
        <ele>544.9</ele>
      </trkpt>
      <trkpt lat="45.852050" lon="6.052320">
        <ele>547.4</ele>
      </trkpt>
      <trkpt lat="45.852450" lon="6.052440">
        <ele>551.7</ele>
      </trkpt>
      <trkpt lat="45.852950" lon="6.052640">
        <ele>553.1</ele>
      </trkpt>
      <trkpt lat="45.853440" lon="6.052910">
        <ele>552.9</ele>
      </trkpt>
      <trkpt lat="45.853680" lon="6.053060">
        <ele>551.2</ele>
      </trkpt>
      <trkpt lat="45.853910" lon="6.053120">
        <ele>550.8</ele>
      </trkpt>
      <trkpt lat="45.854140" lon="6.053100">
        <ele>550.7</ele>
      </trkpt>
      <trkpt lat="45.854440" lon="6.053050">
        <ele>551.1</ele>
      </trkpt>
      <trkpt lat="45.854750" lon="6.053070">
        <ele>552.2</ele>
      </trkpt>
      <trkpt lat="45.855310" lon="6.053220">
        <ele>557.2</ele>
      </trkpt>
      <trkpt lat="45.855870" lon="6.053400">
        <ele>559.4</ele>
      </trkpt>
      <trkpt lat="45.856210" lon="6.053600">
        <ele>562.2</ele>
      </trkpt>
      <trkpt lat="45.856540" lon="6.053550">
        <ele>565.8</ele>
      </trkpt>
      <trkpt lat="45.857030" lon="6.053620">
        <ele>570.5</ele>
      </trkpt>
      <trkpt lat="45.857380" lon="6.053670">
        <ele>570.1</ele>
      </trkpt>
      <trkpt lat="45.857740" lon="6.053630">
        <ele>566.4</ele>
      </trkpt>
      <trkpt lat="45.858010" lon="6.053510">
        <ele>565.4</ele>
      </trkpt>
      <trkpt lat="45.858250" lon="6.053460">
        <ele>564.6</ele>
      </trkpt>
      <trkpt lat="45.858360" lon="6.053450">
        <ele>564.5</ele>
      </trkpt>
      <trkpt lat="45.858470" lon="6.053480">
        <ele>564.7</ele>
      </trkpt>
      <trkpt lat="45.858720" lon="6.053560">
        <ele>564.8</ele>
      </trkpt>
      <trkpt lat="45.859040" lon="6.053590">
        <ele>564.9</ele>
      </trkpt>
      <trkpt lat="45.859250" lon="6.053390">
        <ele>566.7</ele>
      </trkpt>
      <trkpt lat="45.859480" lon="6.053210">
        <ele>565.4</ele>
      </trkpt>
      <trkpt lat="45.859710" lon="6.053030">
        <ele>563.4</ele>
      </trkpt>
      <trkpt lat="45.859870" lon="6.053070">
        <ele>561.9</ele>
      </trkpt>
      <trkpt lat="45.860070" lon="6.052960">
        <ele>561.2</ele>
      </trkpt>
      <trkpt lat="45.860220" lon="6.052880">
        <ele>560.7</ele>
      </trkpt>
      <trkpt lat="45.860260" lon="6.052860">
        <ele>560.5</ele>
      </trkpt>
      <trkpt lat="45.860390" lon="6.052810">
        <ele>560</ele>
      </trkpt>
      <trkpt lat="45.860470" lon="6.052780">
        <ele>559.6</ele>
      </trkpt>
      <trkpt lat="45.860480" lon="6.052690">
        <ele>560</ele>
      </trkpt>
      <trkpt lat="45.860490" lon="6.052610">
        <ele>560.3</ele>
      </trkpt>
      <trkpt lat="45.860540" lon="6.052600">
        <ele>559.8</ele>
      </trkpt>
      <trkpt lat="45.860610" lon="6.052600">
        <ele>559.9</ele>
      </trkpt>
      <trkpt lat="45.860630" lon="6.052600">
        <ele>560</ele>
      </trkpt>
      <trkpt lat="45.860890" lon="6.052540">
        <ele>562.2</ele>
      </trkpt>
      <trkpt lat="45.861250" lon="6.052170">
        <ele>568.3</ele>
      </trkpt>
      <trkpt lat="45.861650" lon="6.051820">
        <ele>569.6</ele>
      </trkpt>
      <trkpt lat="45.862050" lon="6.051480">
        <ele>568.7</ele>
      </trkpt>
      <trkpt lat="45.862200" lon="6.051370">
        <ele>568.5</ele>
      </trkpt>
      <trkpt lat="45.862300" lon="6.051370">
        <ele>567.9</ele>
      </trkpt>
      <trkpt lat="45.862480" lon="6.051460">
        <ele>566.1</ele>
      </trkpt>
      <trkpt lat="45.862770" lon="6.051610">
        <ele>564.6</ele>
      </trkpt>
      <trkpt lat="45.863120" lon="6.051730">
        <ele>563.2</ele>
      </trkpt>
      <trkpt lat="45.863730" lon="6.051220">
        <ele>564.8</ele>
      </trkpt>
      <trkpt lat="45.863860" lon="6.051130">
        <ele>565</ele>
      </trkpt>
      <trkpt lat="45.864280" lon="6.051170">
        <ele>563.9</ele>
      </trkpt>
      <trkpt lat="45.864550" lon="6.051150">
        <ele>563.5</ele>
      </trkpt>
      <trkpt lat="45.864800" lon="6.051030">
        <ele>563.2</ele>
      </trkpt>
      <trkpt lat="45.865160" lon="6.050970">
        <ele>563.5</ele>
      </trkpt>
      <trkpt lat="45.865500" lon="6.051000">
        <ele>560.6</ele>
      </trkpt>
      <trkpt lat="45.866390" lon="6.051490">
        <ele>552.7</ele>
      </trkpt>
      <trkpt lat="45.866690" lon="6.051660">
        <ele>549.8</ele>
      </trkpt>
      <trkpt lat="45.867260" lon="6.051320">
        <ele>544.1</ele>
      </trkpt>
      <trkpt lat="45.868000" lon="6.051620">
        <ele>539.4</ele>
      </trkpt>
      <trkpt lat="45.868110" lon="6.051530">
        <ele>539.4</ele>
      </trkpt>
      <trkpt lat="45.868160" lon="6.051340">
        <ele>540</ele>
      </trkpt>
      <trkpt lat="45.868220" lon="6.050640">
        <ele>540.7</ele>
      </trkpt>
      <trkpt lat="45.868290" lon="6.050240">
        <ele>541.2</ele>
        <extensions>
          <visugpx:TrkExtension xmlns:visugpx="https://www.visugpx.com/editgpx/">
            <visugpx:node>21</visugpx:node>
          </visugpx:TrkExtension>
        </extensions>
      </trkpt>
      <trkpt lat="45.868829" lon="6.051062">
        <ele>542.1</ele>
        <extensions>
          <visugpx:TrkExtension xmlns:visugpx="https://www.visugpx.com/editgpx/">
            <visugpx:node>22</visugpx:node>
          </visugpx:TrkExtension>
        </extensions>
      </trkpt>
      <trkpt lat="45.868868" lon="6.051144">
        <ele>542</ele>
      </trkpt>
      <trkpt lat="45.868936" lon="6.051287">
        <ele>542.4</ele>
      </trkpt>
      <trkpt lat="45.869618" lon="6.052757">
        <ele>536.7</ele>
      </trkpt>
      <trkpt lat="45.869802" lon="6.053080">
        <ele>535</ele>
      </trkpt>
      <trkpt lat="45.870254" lon="6.053597">
        <ele>534.1</ele>
      </trkpt>
      <trkpt lat="45.870752" lon="6.054397">
        <ele>532.7</ele>
      </trkpt>
      <trkpt lat="45.871139" lon="6.054790">
        <ele>533.2</ele>
      </trkpt>
      <trkpt lat="45.871711" lon="6.055458">
        <ele>533.6</ele>
      </trkpt>
      <trkpt lat="45.872298" lon="6.056157">
        <ele>531.8</ele>
      </trkpt>
      <trkpt lat="45.872441" lon="6.056242">
        <ele>531.3</ele>
      </trkpt>
      <trkpt lat="45.872602" lon="6.056300">
        <ele>530.6</ele>
      </trkpt>
      <trkpt lat="45.872968" lon="6.056348">
        <ele>529.3</ele>
      </trkpt>
      <trkpt lat="45.873026" lon="6.056356">
        <ele>529.1</ele>
      </trkpt>
      <trkpt lat="45.873337" lon="6.056359">
        <ele>527</ele>
      </trkpt>
      <trkpt lat="45.873646" lon="6.056296">
        <ele>526.1</ele>
      </trkpt>
      <trkpt lat="45.874889" lon="6.055957">
        <ele>521.6</ele>
      </trkpt>
      <trkpt lat="45.875483" lon="6.055830">
        <ele>517.2</ele>
      </trkpt>
      <trkpt lat="45.875809" lon="6.055723">
        <ele>511.7</ele>
      </trkpt>
      <trkpt lat="45.876250" lon="6.055577">
        <ele>507.5</ele>
      </trkpt>
      <trkpt lat="45.876409" lon="6.055531">
        <ele>507.2</ele>
      </trkpt>
      <trkpt lat="45.876517" lon="6.055492">
        <ele>508.3</ele>
      </trkpt>
      <trkpt lat="45.876635" lon="6.055471">
        <ele>509.3</ele>
      </trkpt>
      <trkpt lat="45.876716" lon="6.055470">
        <ele>510.1</ele>
      </trkpt>
      <trkpt lat="45.876853" lon="6.055510">
        <ele>511.3</ele>
      </trkpt>
      <trkpt lat="45.876952" lon="6.055561">
        <ele>512</ele>
      </trkpt>
      <trkpt lat="45.877084" lon="6.055661">
        <ele>512</ele>
      </trkpt>
      <trkpt lat="45.877228" lon="6.055764">
        <ele>512.8</ele>
      </trkpt>
      <trkpt lat="45.877319" lon="6.055792">
        <ele>513.4</ele>
      </trkpt>
      <trkpt lat="45.877388" lon="6.055803">
        <ele>514</ele>
      </trkpt>
      <trkpt lat="45.877438" lon="6.055798">
        <ele>514.5</ele>
      </trkpt>
      <trkpt lat="45.877558" lon="6.055752">
        <ele>515.8</ele>
      </trkpt>
      <trkpt lat="45.877637" lon="6.055682">
        <ele>516.5</ele>
      </trkpt>
      <trkpt lat="45.877709" lon="6.055607">
        <ele>516.8</ele>
      </trkpt>
      <trkpt lat="45.877839" lon="6.055472">
        <ele>517.7</ele>
      </trkpt>
      <trkpt lat="45.877912" lon="6.055398">
        <ele>518.3</ele>
      </trkpt>
      <trkpt lat="45.877940" lon="6.055371">
        <ele>518.4</ele>
      </trkpt>
      <trkpt lat="45.878206" lon="6.055120">
        <ele>519.8</ele>
      </trkpt>
      <trkpt lat="45.878375" lon="6.054909">
        <ele>520.9</ele>
      </trkpt>
      <trkpt lat="45.878444" lon="6.054821">
        <ele>521</ele>
      </trkpt>
      <trkpt lat="45.878507" lon="6.054756">
        <ele>521.3</ele>
      </trkpt>
      <trkpt lat="45.878809" lon="6.054512">
        <ele>521.7</ele>
      </trkpt>
      <trkpt lat="45.878848" lon="6.054478">
        <ele>521.8</ele>
      </trkpt>
      <trkpt lat="45.879191" lon="6.054174">
        <ele>522.1</ele>
      </trkpt>
      <trkpt lat="45.879281" lon="6.054103">
        <ele>522.4</ele>
      </trkpt>
      <trkpt lat="45.879362" lon="6.054077">
        <ele>522.7</ele>
      </trkpt>
      <trkpt lat="45.879425" lon="6.054072">
        <ele>522.9</ele>
      </trkpt>
      <trkpt lat="45.879482" lon="6.054094">
        <ele>523</ele>
      </trkpt>
      <trkpt lat="45.879506" lon="6.054116">
        <ele>523</ele>
      </trkpt>
      <trkpt lat="45.879548" lon="6.054167">
        <ele>523</ele>
      </trkpt>
      <trkpt lat="45.879715" lon="6.054471">
        <ele>523.1</ele>
      </trkpt>
      <trkpt lat="45.880098" lon="6.055124">
        <ele>523.6</ele>
      </trkpt>
      <trkpt lat="45.880136" lon="6.055181">
        <ele>523.5</ele>
      </trkpt>
      <trkpt lat="45.880174" lon="6.055224">
        <ele>523.4</ele>
      </trkpt>
      <trkpt lat="45.880173" lon="6.055245">
        <ele>523.4</ele>
      </trkpt>
      <trkpt lat="45.880179" lon="6.055264">
        <ele>523.4</ele>
      </trkpt>
      <trkpt lat="45.880189" lon="6.055279">
        <ele>523.3</ele>
      </trkpt>
      <trkpt lat="45.880202" lon="6.055287">
        <ele>523.3</ele>
      </trkpt>
      <trkpt lat="45.880196" lon="6.055377">
        <ele>523.7</ele>
      </trkpt>
      <trkpt lat="45.880174" lon="6.055595">
        <ele>524.6</ele>
      </trkpt>
      <trkpt lat="45.880167" lon="6.055661">
        <ele>525</ele>
      </trkpt>
      <trkpt lat="45.880156" lon="6.055832">
        <ele>526</ele>
      </trkpt>
      <trkpt lat="45.880139" lon="6.055930">
        <ele>526.3</ele>
      </trkpt>
      <trkpt lat="45.880105" lon="6.056043">
        <ele>526.8</ele>
      </trkpt>
      <trkpt lat="45.880148" lon="6.056075">
        <ele>526.9</ele>
      </trkpt>
      <trkpt lat="45.880170" lon="6.056102">
        <ele>527</ele>
      </trkpt>
      <trkpt lat="45.880185" lon="6.056153">
        <ele>527.2</ele>
      </trkpt>
      <trkpt lat="45.880196" lon="6.056206">
        <ele>527.4</ele>
      </trkpt>
      <trkpt lat="45.880270" lon="6.056470">
        <ele>528.3</ele>
      </trkpt>
      <trkpt lat="45.880380" lon="6.056888">
        <ele>528.3</ele>
      </trkpt>
      <trkpt lat="45.880398" lon="6.056983">
        <ele>528.2</ele>
      </trkpt>
      <trkpt lat="45.880547" lon="6.057796">
        <ele>527.9</ele>
      </trkpt>
      <trkpt lat="45.880601" lon="6.058059">
        <ele>526.8</ele>
      </trkpt>
      <trkpt lat="45.880763" lon="6.058703">
        <ele>525.2</ele>
      </trkpt>
      <trkpt lat="45.880865" lon="6.059106">
        <ele>524.2</ele>
      </trkpt>
      <trkpt lat="45.881010" lon="6.059660">
        <ele>521.7</ele>
      </trkpt>
      <trkpt lat="45.881299" lon="6.060682">
        <ele>517.6</ele>
      </trkpt>
      <trkpt lat="45.881388" lon="6.060893">
        <ele>517.2</ele>
      </trkpt>
      <trkpt lat="45.881432" lon="6.060996">
        <ele>517.3</ele>
      </trkpt>
      <trkpt lat="45.881628" lon="6.061336">
        <ele>516.3</ele>
      </trkpt>
      <trkpt lat="45.882018" lon="6.062016">
        <ele>515</ele>
      </trkpt>
      <trkpt lat="45.882068" lon="6.062065">
        <ele>515</ele>
      </trkpt>
      <trkpt lat="45.882032" lon="6.062161">
        <ele>515.5</ele>
      </trkpt>
      <trkpt lat="45.882003" lon="6.062250">
        <ele>515.8</ele>
      </trkpt>
      <trkpt lat="45.881996" lon="6.062382">
        <ele>515.8</ele>
      </trkpt>
      <trkpt lat="45.882012" lon="6.062460">
        <ele>515.8</ele>
      </trkpt>
      <trkpt lat="45.882014" lon="6.062470">
        <ele>515.7</ele>
      </trkpt>
      <trkpt lat="45.882078" lon="6.062554">
        <ele>515.8</ele>
      </trkpt>
      <trkpt lat="45.882389" lon="6.063082">
        <ele>517.2</ele>
      </trkpt>
      <trkpt lat="45.882717" lon="6.063595">
        <ele>521.6</ele>
      </trkpt>
      <trkpt lat="45.882786" lon="6.063786">
        <ele>522.6</ele>
      </trkpt>
      <trkpt lat="45.882788" lon="6.063942">
        <ele>523.3</ele>
      </trkpt>
      <trkpt lat="45.882738" lon="6.064141">
        <ele>524.7</ele>
      </trkpt>
      <trkpt lat="45.882711" lon="6.064187">
        <ele>524.9</ele>
      </trkpt>
      <trkpt lat="45.882669" lon="6.064206">
        <ele>524.9</ele>
      </trkpt>
      <trkpt lat="45.882649" lon="6.064316">
        <ele>525.6</ele>
      </trkpt>
      <trkpt lat="45.882622" lon="6.064424">
        <ele>526.3</ele>
      </trkpt>
      <trkpt lat="45.882593" lon="6.064597">
        <ele>527.1</ele>
      </trkpt>
      <trkpt lat="45.882591" lon="6.064708">
        <ele>527.6</ele>
      </trkpt>
      <trkpt lat="45.882607" lon="6.064821">
        <ele>528</ele>
      </trkpt>
      <trkpt lat="45.882639" lon="6.064957">
        <ele>528.3</ele>
      </trkpt>
      <trkpt lat="45.882689" lon="6.065075">
        <ele>528.5</ele>
      </trkpt>
      <trkpt lat="45.882883" lon="6.065380">
        <ele>529.6</ele>
      </trkpt>
      <trkpt lat="45.883047" lon="6.065643">
        <ele>530.6</ele>
      </trkpt>
      <trkpt lat="45.883068" lon="6.065706">
        <ele>531.1</ele>
      </trkpt>
      <trkpt lat="45.883118" lon="6.065856">
        <ele>532.1</ele>
      </trkpt>
      <trkpt lat="45.883167" lon="6.066054">
        <ele>532.8</ele>
      </trkpt>
      <trkpt lat="45.883179" lon="6.066115">
        <ele>533</ele>
      </trkpt>
      <trkpt lat="45.883191" lon="6.066305">
        <ele>533.7</ele>
      </trkpt>
      <trkpt lat="45.883186" lon="6.066546">
        <ele>534.2</ele>
      </trkpt>
      <trkpt lat="45.883137" lon="6.066834">
        <ele>534.9</ele>
      </trkpt>
      <trkpt lat="45.883125" lon="6.066894">
        <ele>535.1</ele>
      </trkpt>
      <trkpt lat="45.882823" lon="6.068001">
        <ele>537.8</ele>
      </trkpt>
      <trkpt lat="45.882817" lon="6.068038">
        <ele>538</ele>
      </trkpt>
      <trkpt lat="45.882788" lon="6.068204">
        <ele>538.6</ele>
      </trkpt>
      <trkpt lat="45.882750" lon="6.068417">
        <ele>539.2</ele>
      </trkpt>
      <trkpt lat="45.882717" lon="6.068694">
        <ele>540.2</ele>
      </trkpt>
      <trkpt lat="45.882703" lon="6.068976">
        <ele>541</ele>
      </trkpt>
      <trkpt lat="45.882682" lon="6.069144">
        <ele>541.6</ele>
      </trkpt>
      <trkpt lat="45.882651" lon="6.069330">
        <ele>542.1</ele>
      </trkpt>
      <trkpt lat="45.882597" lon="6.069669">
        <ele>543.2</ele>
      </trkpt>
      <trkpt lat="45.882591" lon="6.069697">
        <ele>543.2</ele>
      </trkpt>
      <trkpt lat="45.882489" lon="6.070289">
        <ele>544.9</ele>
      </trkpt>
      <trkpt lat="45.882475" lon="6.070357">
        <ele>544.8</ele>
      </trkpt>
      <trkpt lat="45.882434" lon="6.070535">
        <ele>544.3</ele>
      </trkpt>
      <trkpt lat="45.882416" lon="6.070598">
        <ele>544.2</ele>
      </trkpt>
      <trkpt lat="45.882366" lon="6.070718">
        <ele>544.1</ele>
      </trkpt>
      <trkpt lat="45.882283" lon="6.070826">
        <ele>543.6</ele>
      </trkpt>
      <trkpt lat="45.881995" lon="6.071181">
        <ele>542.2</ele>
      </trkpt>
      <trkpt lat="45.881179" lon="6.072110">
        <ele>545.4</ele>
      </trkpt>
      <trkpt lat="45.881026" lon="6.072289">
        <ele>546.3</ele>
      </trkpt>
      <trkpt lat="45.880958" lon="6.072367">
        <ele>546.8</ele>
      </trkpt>
      <trkpt lat="45.880745" lon="6.072646">
        <ele>548.8</ele>
      </trkpt>
      <trkpt lat="45.880667" lon="6.072734">
        <ele>549.4</ele>
      </trkpt>
      <trkpt lat="45.880620" lon="6.072810">
        <ele>549.9</ele>
      </trkpt>
      <trkpt lat="45.880579" lon="6.072906">
        <ele>550.3</ele>
      </trkpt>
      <trkpt lat="45.880560" lon="6.072966">
        <ele>550.7</ele>
      </trkpt>
      <trkpt lat="45.880545" lon="6.073044">
        <ele>550.9</ele>
      </trkpt>
      <trkpt lat="45.880539" lon="6.073137">
        <ele>550.9</ele>
      </trkpt>
      <trkpt lat="45.880548" lon="6.073220">
        <ele>551</ele>
      </trkpt>
      <trkpt lat="45.880612" lon="6.073634">
        <ele>551.8</ele>
      </trkpt>
      <trkpt lat="45.880645" lon="6.073796">
        <ele>551.9</ele>
      </trkpt>
      <trkpt lat="45.880664" lon="6.073890">
        <ele>552</ele>
      </trkpt>
      <trkpt lat="45.880672" lon="6.073926">
        <ele>551.9</ele>
      </trkpt>
      <trkpt lat="45.880681" lon="6.073970">
        <ele>551.7</ele>
      </trkpt>
      <trkpt lat="45.880690" lon="6.074018">
        <ele>551.5</ele>
      </trkpt>
      <trkpt lat="45.880790" lon="6.074402">
        <ele>549.9</ele>
      </trkpt>
      <trkpt lat="45.880815" lon="6.074500">
        <ele>549.3</ele>
      </trkpt>
      <trkpt lat="45.880825" lon="6.074619">
        <ele>548.1</ele>
      </trkpt>
      <trkpt lat="45.880824" lon="6.074680">
        <ele>547.4</ele>
      </trkpt>
      <trkpt lat="45.880817" lon="6.074774">
        <ele>546.6</ele>
      </trkpt>
      <trkpt lat="45.880791" lon="6.074849">
        <ele>545.9</ele>
      </trkpt>
      <trkpt lat="45.880741" lon="6.074956">
        <ele>545</ele>
      </trkpt>
      <trkpt lat="45.880370" lon="6.075604">
        <ele>540</ele>
      </trkpt>
      <trkpt lat="45.880126" lon="6.076018">
        <ele>539.6</ele>
      </trkpt>
      <trkpt lat="45.879860" lon="6.076480">
        <ele>539.7</ele>
      </trkpt>
      <trkpt lat="45.879820" lon="6.076600">
        <ele>540.1</ele>
      </trkpt>
      <trkpt lat="45.879793" lon="6.076730">
        <ele>540.8</ele>
      </trkpt>
      <trkpt lat="45.879785" lon="6.076858">
        <ele>541.4</ele>
      </trkpt>
      <trkpt lat="45.879806" lon="6.077020">
        <ele>542.2</ele>
      </trkpt>
      <trkpt lat="45.879824" lon="6.077113">
        <ele>542.6</ele>
      </trkpt>
      <trkpt lat="45.879886" lon="6.077243">
        <ele>542.9</ele>
      </trkpt>
      <trkpt lat="45.879934" lon="6.077319">
        <ele>542.8</ele>
      </trkpt>
      <trkpt lat="45.879986" lon="6.077317">
        <ele>542.4</ele>
      </trkpt>
      <trkpt lat="45.880008" lon="6.077334">
        <ele>542.3</ele>
      </trkpt>
      <trkpt lat="45.880084" lon="6.077416">
        <ele>542</ele>
      </trkpt>
      <trkpt lat="45.880412" lon="6.077777">
        <ele>542.5</ele>
      </trkpt>
      <trkpt lat="45.880455" lon="6.077833">
        <ele>542.7</ele>
      </trkpt>
      <trkpt lat="45.880517" lon="6.077944">
        <ele>542.9</ele>
      </trkpt>
      <trkpt lat="45.880555" lon="6.077982">
        <ele>542.7</ele>
      </trkpt>
      <trkpt lat="45.880623" lon="6.078067">
        <ele>543.1</ele>
      </trkpt>
      <trkpt lat="45.880755" lon="6.078311">
        <ele>544.2</ele>
      </trkpt>
      <trkpt lat="45.880860" lon="6.078504">
        <ele>544.8</ele>
      </trkpt>
      <trkpt lat="45.881053" lon="6.078905">
        <ele>546.3</ele>
      </trkpt>
      <trkpt lat="45.881389" lon="6.079556">
        <ele>547</ele>
      </trkpt>
      <trkpt lat="45.881617" lon="6.080029">
        <ele>546.9</ele>
      </trkpt>
      <trkpt lat="45.881640" lon="6.080076">
        <ele>546.8</ele>
      </trkpt>
      <trkpt lat="45.881729" lon="6.080260">
        <ele>545.8</ele>
      </trkpt>
      <trkpt lat="45.881801" lon="6.080412">
        <ele>545.5</ele>
      </trkpt>
      <trkpt lat="45.881935" lon="6.080765">
        <ele>545</ele>
      </trkpt>
      <trkpt lat="45.882024" lon="6.081194">
        <ele>543.6</ele>
      </trkpt>
      <trkpt lat="45.882044" lon="6.081285">
        <ele>543.4</ele>
      </trkpt>
      <trkpt lat="45.882097" lon="6.081525">
        <ele>542.9</ele>
      </trkpt>
      <trkpt lat="45.882149" lon="6.081724">
        <ele>542.5</ele>
      </trkpt>
      <trkpt lat="45.882183" lon="6.081828">
        <ele>542.2</ele>
      </trkpt>
      <trkpt lat="45.882238" lon="6.081951">
        <ele>541.9</ele>
      </trkpt>
      <trkpt lat="45.882514" lon="6.082488">
        <ele>540.9</ele>
      </trkpt>
      <trkpt lat="45.882681" lon="6.082779">
        <ele>540.7</ele>
      </trkpt>
      <trkpt lat="45.882711" lon="6.082834">
        <ele>540.6</ele>
      </trkpt>
      <trkpt lat="45.882840" lon="6.083068">
        <ele>540.8</ele>
      </trkpt>
      <trkpt lat="45.882847" lon="6.083224">
        <ele>540.8</ele>
      </trkpt>
      <trkpt lat="45.882822" lon="6.083256">
        <ele>540.8</ele>
      </trkpt>
      <trkpt lat="45.882803" lon="6.083297">
        <ele>540.9</ele>
      </trkpt>
      <trkpt lat="45.882796" lon="6.083329">
        <ele>540.9</ele>
      </trkpt>
      <trkpt lat="45.882792" lon="6.083342">
        <ele>541</ele>
      </trkpt>
      <trkpt lat="45.882789" lon="6.083391">
        <ele>541.2</ele>
      </trkpt>
      <trkpt lat="45.882795" lon="6.083438">
        <ele>541.3</ele>
      </trkpt>
      <trkpt lat="45.882808" lon="6.083482">
        <ele>541.4</ele>
      </trkpt>
      <trkpt lat="45.882829" lon="6.083520">
        <ele>541.5</ele>
      </trkpt>
      <trkpt lat="45.882842" lon="6.083534">
        <ele>541.5</ele>
      </trkpt>
      <trkpt lat="45.882856" lon="6.083550">
        <ele>541.5</ele>
      </trkpt>
      <trkpt lat="45.882886" lon="6.083569">
        <ele>541.5</ele>
      </trkpt>
      <trkpt lat="45.882919" lon="6.083576">
        <ele>541.4</ele>
      </trkpt>
      <trkpt lat="45.882953" lon="6.083571">
        <ele>541.2</ele>
      </trkpt>
      <trkpt lat="45.883009" lon="6.083662">
        <ele>541.2</ele>
      </trkpt>
      <trkpt lat="45.883135" lon="6.083921">
        <ele>541</ele>
      </trkpt>
      <trkpt lat="45.883180" lon="6.084030">
        <ele>541</ele>
      </trkpt>
      <trkpt lat="45.883204" lon="6.084104">
        <ele>541</ele>
      </trkpt>
      <trkpt lat="45.883256" lon="6.084341">
        <ele>541.2</ele>
      </trkpt>
      <trkpt lat="45.883300" lon="6.084679">
        <ele>542</ele>
      </trkpt>
      <trkpt lat="45.883312" lon="6.084799">
        <ele>542.1</ele>
      </trkpt>
      <trkpt lat="45.883321" lon="6.084861">
        <ele>542.1</ele>
      </trkpt>
      <trkpt lat="45.883340" lon="6.084956">
        <ele>542</ele>
      </trkpt>
      <trkpt lat="45.883357" lon="6.085015">
        <ele>542.1</ele>
      </trkpt>
      <trkpt lat="45.883373" lon="6.085065">
        <ele>542.4</ele>
      </trkpt>
      <trkpt lat="45.883387" lon="6.085105">
        <ele>542.7</ele>
      </trkpt>
      <trkpt lat="45.883394" lon="6.085118">
        <ele>542.8</ele>
      </trkpt>
      <trkpt lat="45.883408" lon="6.085146">
        <ele>542.9</ele>
      </trkpt>
      <trkpt lat="45.883473" lon="6.085249">
        <ele>543.3</ele>
      </trkpt>
      <trkpt lat="45.883525" lon="6.085308">
        <ele>543.5</ele>
      </trkpt>
      <trkpt lat="45.883597" lon="6.085373">
        <ele>543.7</ele>
      </trkpt>
      <trkpt lat="45.883642" lon="6.085412">
        <ele>544</ele>
      </trkpt>
      <trkpt lat="45.883668" lon="6.085435">
        <ele>544.1</ele>
      </trkpt>
      <trkpt lat="45.883705" lon="6.085476">
        <ele>544.3</ele>
      </trkpt>
      <trkpt lat="45.883740" lon="6.085525">
        <ele>544.4</ele>
      </trkpt>
      <trkpt lat="45.883839" lon="6.085688">
        <ele>545</ele>
      </trkpt>
      <trkpt lat="45.883887" lon="6.085769">
        <ele>545.5</ele>
      </trkpt>
      <trkpt lat="45.884016" lon="6.085976">
        <ele>545.8</ele>
      </trkpt>
      <trkpt lat="45.884065" lon="6.086068">
        <ele>545.7</ele>
      </trkpt>
      <trkpt lat="45.884114" lon="6.086182">
        <ele>545.7</ele>
      </trkpt>
      <trkpt lat="45.884228" lon="6.086469">
        <ele>545.4</ele>
      </trkpt>
      <trkpt lat="45.884354" lon="6.086767">
        <ele>544.8</ele>
      </trkpt>
      <trkpt lat="45.884405" lon="6.086884">
        <ele>544.9</ele>
      </trkpt>
      <trkpt lat="45.884422" lon="6.086929">
        <ele>545.1</ele>
      </trkpt>
      <trkpt lat="45.884468" lon="6.087032">
        <ele>544.9</ele>
      </trkpt>
      <trkpt lat="45.884639" lon="6.087403">
        <ele>542.8</ele>
      </trkpt>
      <trkpt lat="45.884768" lon="6.087657">
        <ele>542.6</ele>
      </trkpt>
      <trkpt lat="45.884870" lon="6.087840">
        <ele>542.9</ele>
      </trkpt>
      <trkpt lat="45.885152" lon="6.088311">
        <ele>543.9</ele>
      </trkpt>
      <trkpt lat="45.885185" lon="6.088365">
        <ele>544.1</ele>
      </trkpt>
      <trkpt lat="45.885242" lon="6.088451">
        <ele>544.4</ele>
      </trkpt>
      <trkpt lat="45.885302" lon="6.088520">
        <ele>544.7</ele>
      </trkpt>
      <trkpt lat="45.885338" lon="6.088546">
        <ele>544.8</ele>
      </trkpt>
      <trkpt lat="45.885411" lon="6.088587">
        <ele>544.9</ele>
      </trkpt>
      <trkpt lat="45.885456" lon="6.088605">
        <ele>545</ele>
      </trkpt>
      <trkpt lat="45.885512" lon="6.088615">
        <ele>545</ele>
      </trkpt>
      <trkpt lat="45.885579" lon="6.088608">
        <ele>544.8</ele>
      </trkpt>
      <trkpt lat="45.885642" lon="6.088587">
        <ele>544.3</ele>
      </trkpt>
      <trkpt lat="45.885717" lon="6.088553">
        <ele>543.7</ele>
      </trkpt>
      <trkpt lat="45.885861" lon="6.088459">
        <ele>542.9</ele>
      </trkpt>
      <trkpt lat="45.885934" lon="6.088433">
        <ele>542.8</ele>
      </trkpt>
      <trkpt lat="45.885987" lon="6.088419">
        <ele>542.6</ele>
      </trkpt>
      <trkpt lat="45.886046" lon="6.088414">
        <ele>542.5</ele>
      </trkpt>
      <trkpt lat="45.886151" lon="6.088417">
        <ele>542.2</ele>
      </trkpt>
      <trkpt lat="45.886209" lon="6.088426">
        <ele>542.1</ele>
      </trkpt>
      <trkpt lat="45.886855" lon="6.088620">
        <ele>541.3</ele>
      </trkpt>
      <trkpt lat="45.887008" lon="6.088666">
        <ele>541</ele>
      </trkpt>
      <trkpt lat="45.887351" lon="6.088769">
        <ele>539.6</ele>
      </trkpt>
      <trkpt lat="45.887468" lon="6.088797">
        <ele>538.9</ele>
      </trkpt>
      <trkpt lat="45.887683" lon="6.088795">
        <ele>538</ele>
      </trkpt>
      <trkpt lat="45.887794" lon="6.088779">
        <ele>537.5</ele>
      </trkpt>
      <trkpt lat="45.887883" lon="6.088757">
        <ele>537.1</ele>
      </trkpt>
      <trkpt lat="45.887881" lon="6.088886">
        <ele>537.6</ele>
      </trkpt>
      <trkpt lat="45.887879" lon="6.088949">
        <ele>537.9</ele>
      </trkpt>
      <trkpt lat="45.887872" lon="6.088994">
        <ele>538</ele>
      </trkpt>
      <trkpt lat="45.887626" lon="6.089872">
        <ele>541.8</ele>
      </trkpt>
      <trkpt lat="45.887620" lon="6.089897">
        <ele>541.8</ele>
      </trkpt>
      <trkpt lat="45.887530" lon="6.090282">
        <ele>543</ele>
      </trkpt>
      <trkpt lat="45.887416" lon="6.090819">
        <ele>543.9</ele>
      </trkpt>
      <trkpt lat="45.887273" lon="6.091512">
        <ele>545.4</ele>
      </trkpt>
      <trkpt lat="45.887216" lon="6.091790">
        <ele>546.5</ele>
      </trkpt>
      <trkpt lat="45.887188" lon="6.091930">
        <ele>547</ele>
      </trkpt>
      <trkpt lat="45.887161" lon="6.092086">
        <ele>547.1</ele>
      </trkpt>
      <trkpt lat="45.887153" lon="6.092137">
        <ele>547.2</ele>
      </trkpt>
      <trkpt lat="45.887134" lon="6.092395">
        <ele>547.5</ele>
      </trkpt>
      <trkpt lat="45.887116" lon="6.092858">
        <ele>547.6</ele>
      </trkpt>
      <trkpt lat="45.887117" lon="6.094135">
        <ele>544.4</ele>
      </trkpt>
      <trkpt lat="45.887119" lon="6.094276">
        <ele>544.1</ele>
      </trkpt>
      <trkpt lat="45.887134" lon="6.094624">
        <ele>543.2</ele>
      </trkpt>
      <trkpt lat="45.887146" lon="6.094776">
        <ele>542.7</ele>
      </trkpt>
      <trkpt lat="45.887172" lon="6.094953">
        <ele>542.2</ele>
      </trkpt>
      <trkpt lat="45.887217" lon="6.095154">
        <ele>542.6</ele>
      </trkpt>
      <trkpt lat="45.887311" lon="6.095307">
        <ele>542.3</ele>
      </trkpt>
      <trkpt lat="45.887346" lon="6.095362">
        <ele>541.9</ele>
      </trkpt>
      <trkpt lat="45.887374" lon="6.095406">
        <ele>541.7</ele>
      </trkpt>
      <trkpt lat="45.887388" lon="6.095426">
        <ele>541.6</ele>
      </trkpt>
      <trkpt lat="45.887475" lon="6.095558">
        <ele>541.1</ele>
      </trkpt>
      <trkpt lat="45.887529" lon="6.095651">
        <ele>541</ele>
      </trkpt>
      <trkpt lat="45.887795" lon="6.096230">
        <ele>539.8</ele>
      </trkpt>
      <trkpt lat="45.887845" lon="6.096359">
        <ele>539.5</ele>
      </trkpt>
      <trkpt lat="45.887873" lon="6.096474">
        <ele>539.2</ele>
      </trkpt>
      <trkpt lat="45.887900" lon="6.096623">
        <ele>539</ele>
      </trkpt>
      <trkpt lat="45.887926" lon="6.096708">
        <ele>538.8</ele>
      </trkpt>
      <trkpt lat="45.887970" lon="6.096931">
        <ele>537.7</ele>
      </trkpt>
      <trkpt lat="45.887975" lon="6.097012">
        <ele>537.3</ele>
      </trkpt>
      <trkpt lat="45.887974" lon="6.097080">
        <ele>537.1</ele>
      </trkpt>
      <trkpt lat="45.887967" lon="6.097153">
        <ele>536.9</ele>
      </trkpt>
      <trkpt lat="45.887959" lon="6.097217">
        <ele>536.7</ele>
      </trkpt>
      <trkpt lat="45.887945" lon="6.097287">
        <ele>536.4</ele>
      </trkpt>
      <trkpt lat="45.887922" lon="6.097362">
        <ele>536.2</ele>
      </trkpt>
      <trkpt lat="45.887758" lon="6.097691">
        <ele>535.7</ele>
      </trkpt>
      <trkpt lat="45.887724" lon="6.097773">
        <ele>535.4</ele>
      </trkpt>
      <trkpt lat="45.887704" lon="6.097854">
        <ele>535.2</ele>
      </trkpt>
      <trkpt lat="45.887690" lon="6.097928">
        <ele>534.9</ele>
      </trkpt>
      <trkpt lat="45.887688" lon="6.098004">
        <ele>534.6</ele>
      </trkpt>
      <trkpt lat="45.887696" lon="6.098092">
        <ele>534.2</ele>
      </trkpt>
      <trkpt lat="45.887716" lon="6.098187">
        <ele>533.7</ele>
      </trkpt>
      <trkpt lat="45.887730" lon="6.098269">
        <ele>533.4</ele>
      </trkpt>
      <trkpt lat="45.887730" lon="6.098366">
        <ele>533.1</ele>
      </trkpt>
      <trkpt lat="45.887719" lon="6.098459">
        <ele>532.8</ele>
      </trkpt>
      <trkpt lat="45.887698" lon="6.098534">
        <ele>532.6</ele>
      </trkpt>
      <trkpt lat="45.887673" lon="6.098589">
        <ele>532.5</ele>
      </trkpt>
      <trkpt lat="45.887628" lon="6.098652">
        <ele>532.5</ele>
      </trkpt>
      <trkpt lat="45.887584" lon="6.098687">
        <ele>532.6</ele>
      </trkpt>
      <trkpt lat="45.887206" lon="6.098860">
        <ele>533.1</ele>
      </trkpt>
      <trkpt lat="45.887176" lon="6.098883">
        <ele>533</ele>
      </trkpt>
      <trkpt lat="45.887115" lon="6.098930">
        <ele>532.9</ele>
      </trkpt>
      <trkpt lat="45.887388" lon="6.099356">
        <ele>530.7</ele>
      </trkpt>
      <trkpt lat="45.887514" lon="6.099529">
        <ele>529.7</ele>
      </trkpt>
      <trkpt lat="45.887539" lon="6.099614">
        <ele>529.3</ele>
      </trkpt>
      <trkpt lat="45.887598" lon="6.099706">
        <ele>528.7</ele>
      </trkpt>
      <trkpt lat="45.887601" lon="6.099822">
        <ele>528.3</ele>
      </trkpt>
      <trkpt lat="45.887592" lon="6.099882">
        <ele>528.1</ele>
      </trkpt>
      <trkpt lat="45.887578" lon="6.099970">
        <ele>527.7</ele>
      </trkpt>
      <trkpt lat="45.887554" lon="6.100048">
        <ele>527.1</ele>
      </trkpt>
      <trkpt lat="45.887533" lon="6.100104">
        <ele>526.8</ele>
      </trkpt>
      <trkpt lat="45.887498" lon="6.100146">
        <ele>526.5</ele>
      </trkpt>
      <trkpt lat="45.887295" lon="6.100477">
        <ele>525.3</ele>
      </trkpt>
      <trkpt lat="45.887224" lon="6.100584">
        <ele>524.8</ele>
      </trkpt>
      <trkpt lat="45.887165" lon="6.100690">
        <ele>523.9</ele>
      </trkpt>
      <trkpt lat="45.887059" lon="6.100863">
        <ele>522.9</ele>
      </trkpt>
      <trkpt lat="45.887030" lon="6.100915">
        <ele>522.8</ele>
      </trkpt>
      <trkpt lat="45.886903" lon="6.101049">
        <ele>522.1</ele>
      </trkpt>
      <trkpt lat="45.886863" lon="6.101106">
        <ele>521.7</ele>
      </trkpt>
      <trkpt lat="45.886824" lon="6.101160">
        <ele>521.5</ele>
      </trkpt>
      <trkpt lat="45.886803" lon="6.101183">
        <ele>521.4</ele>
      </trkpt>
      <trkpt lat="45.886759" lon="6.101262">
        <ele>521.2</ele>
      </trkpt>
      <trkpt lat="45.886711" lon="6.101347">
        <ele>521</ele>
      </trkpt>
      <trkpt lat="45.886672" lon="6.101390">
        <ele>521</ele>
      </trkpt>
      <trkpt lat="45.886648" lon="6.101407">
        <ele>520.9</ele>
      </trkpt>
      <trkpt lat="45.886604" lon="6.101443">
        <ele>520.7</ele>
      </trkpt>
      <trkpt lat="45.886573" lon="6.101489">
        <ele>520.4</ele>
      </trkpt>
      <trkpt lat="45.886561" lon="6.101532">
        <ele>520.2</ele>
      </trkpt>
      <trkpt lat="45.886527" lon="6.101643">
        <ele>519.6</ele>
      </trkpt>
      <trkpt lat="45.886514" lon="6.101672">
        <ele>519.3</ele>
      </trkpt>
      <trkpt lat="45.886477" lon="6.101754">
        <ele>517.9</ele>
      </trkpt>
      <trkpt lat="45.886228" lon="6.102162">
        <ele>517.8</ele>
      </trkpt>
      <trkpt lat="45.886198" lon="6.102205">
        <ele>518.6</ele>
      </trkpt>
      <trkpt lat="45.886193" lon="6.102211">
        <ele>518.7</ele>
      </trkpt>
      <trkpt lat="45.886132" lon="6.102270">
        <ele>519.7</ele>
      </trkpt>
      <trkpt lat="45.886100" lon="6.102265">
        <ele>520</ele>
      </trkpt>
      <trkpt lat="45.886068" lon="6.102272">
        <ele>520</ele>
      </trkpt>
      <trkpt lat="45.886038" lon="6.102290">
        <ele>519.9</ele>
      </trkpt>
      <trkpt lat="45.886013" lon="6.102317">
        <ele>519.9</ele>
      </trkpt>
      <trkpt lat="45.885996" lon="6.102345">
        <ele>519.8</ele>
      </trkpt>
      <trkpt lat="45.885984" lon="6.102376">
        <ele>519.7</ele>
      </trkpt>
      <trkpt lat="45.885976" lon="6.102411">
        <ele>519.7</ele>
      </trkpt>
      <trkpt lat="45.885974" lon="6.102447">
        <ele>519.6</ele>
      </trkpt>
      <trkpt lat="45.885976" lon="6.102483">
        <ele>519.5</ele>
      </trkpt>
      <trkpt lat="45.885964" lon="6.102581">
        <ele>519.2</ele>
      </trkpt>
      <trkpt lat="45.885956" lon="6.102645">
        <ele>519</ele>
      </trkpt>
      <trkpt lat="45.885929" lon="6.102739">
        <ele>518.8</ele>
      </trkpt>
      <trkpt lat="45.885697" lon="6.103139">
        <ele>517.6</ele>
      </trkpt>
      <trkpt lat="45.885673" lon="6.103181">
        <ele>517.2</ele>
      </trkpt>
      <trkpt lat="45.885479" lon="6.103511">
        <ele>515.7</ele>
      </trkpt>
      <trkpt lat="45.885441" lon="6.103581">
        <ele>515.2</ele>
      </trkpt>
      <trkpt lat="45.885337" lon="6.103740">
        <ele>514.1</ele>
      </trkpt>
      <trkpt lat="45.885244" lon="6.103857">
        <ele>513.9</ele>
      </trkpt>
      <trkpt lat="45.885191" lon="6.103857">
        <ele>513.6</ele>
      </trkpt>
      <trkpt lat="45.885160" lon="6.103848">
        <ele>513.5</ele>
      </trkpt>
      <trkpt lat="45.885097" lon="6.103897">
        <ele>512.6</ele>
      </trkpt>
      <trkpt lat="45.884968" lon="6.103995">
        <ele>511.9</ele>
      </trkpt>
      <trkpt lat="45.884824" lon="6.104104">
        <ele>511.9</ele>
      </trkpt>
      <trkpt lat="45.884700" lon="6.104196">
        <ele>512</ele>
      </trkpt>
      <trkpt lat="45.884597" lon="6.104244">
        <ele>512.2</ele>
      </trkpt>
      <trkpt lat="45.884561" lon="6.104248">
        <ele>512.3</ele>
      </trkpt>
      <trkpt lat="45.884529" lon="6.104267">
        <ele>512.3</ele>
      </trkpt>
      <trkpt lat="45.884501" lon="6.104301">
        <ele>512.3</ele>
      </trkpt>
      <trkpt lat="45.884481" lon="6.104345">
        <ele>512.2</ele>
      </trkpt>
      <trkpt lat="45.884471" lon="6.104395">
        <ele>512.1</ele>
      </trkpt>
      <trkpt lat="45.884422" lon="6.104493">
        <ele>511.9</ele>
      </trkpt>
      <trkpt lat="45.884398" lon="6.104537">
        <ele>511.8</ele>
      </trkpt>
      <trkpt lat="45.884408" lon="6.104569">
        <ele>511.4</ele>
      </trkpt>
      <trkpt lat="45.884418" lon="6.104596">
        <ele>511.1</ele>
      </trkpt>
      <trkpt lat="45.884447" lon="6.104641">
        <ele>510.6</ele>
      </trkpt>
      <trkpt lat="45.884291" lon="6.104769">
        <ele>510.9</ele>
      </trkpt>
      <trkpt lat="45.884172" lon="6.104897">
        <ele>511.3</ele>
      </trkpt>
      <trkpt lat="45.884065" lon="6.105071">
        <ele>511.2</ele>
      </trkpt>
      <trkpt lat="45.883930" lon="6.105304">
        <ele>511.6</ele>
      </trkpt>
      <trkpt lat="45.883744" lon="6.105622">
        <ele>511.4</ele>
      </trkpt>
      <trkpt lat="45.883650" lon="6.105759">
        <ele>511.8</ele>
      </trkpt>
      <trkpt lat="45.883550" lon="6.105868">
        <ele>512.1</ele>
      </trkpt>
      <trkpt lat="45.883369" lon="6.106025">
        <ele>512.2</ele>
      </trkpt>
      <trkpt lat="45.883284" lon="6.106094">
        <ele>512.2</ele>
      </trkpt>
      <trkpt lat="45.883204" lon="6.106182">
        <ele>512.2</ele>
      </trkpt>
      <trkpt lat="45.883215" lon="6.106242">
        <ele>512</ele>
      </trkpt>
      <trkpt lat="45.883262" lon="6.106511">
        <ele>510.5</ele>
      </trkpt>
      <trkpt lat="45.883287" lon="6.106627">
        <ele>509.6</ele>
      </trkpt>
      <trkpt lat="45.883307" lon="6.106682">
        <ele>509.2</ele>
      </trkpt>
      <trkpt lat="45.883334" lon="6.106765">
        <ele>509</ele>
      </trkpt>
      <trkpt lat="45.883387" lon="6.106875">
        <ele>508.7</ele>
      </trkpt>
      <trkpt lat="45.883461" lon="6.107016">
        <ele>507.7</ele>
      </trkpt>
      <trkpt lat="45.883510" lon="6.107089">
        <ele>507</ele>
      </trkpt>
      <trkpt lat="45.883893" lon="6.107636">
        <ele>503.5</ele>
      </trkpt>
      <trkpt lat="45.883978" lon="6.107780">
        <ele>502.7</ele>
      </trkpt>
      <trkpt lat="45.883995" lon="6.107806">
        <ele>502.4</ele>
      </trkpt>
      <trkpt lat="45.884327" lon="6.108423">
        <ele>496.1</ele>
      </trkpt>
      <trkpt lat="45.884379" lon="6.108538">
        <ele>494.3</ele>
      </trkpt>
      <trkpt lat="45.884392" lon="6.108566">
        <ele>493.8</ele>
      </trkpt>
      <trkpt lat="45.884411" lon="6.108682">
        <ele>492.5</ele>
      </trkpt>
      <trkpt lat="45.884416" lon="6.108713">
        <ele>492.3</ele>
      </trkpt>
      <trkpt lat="45.884421" lon="6.108745">
        <ele>492</ele>
      </trkpt>
      <trkpt lat="45.884451" lon="6.108835">
        <ele>491.4</ele>
      </trkpt>
      <trkpt lat="45.884735" lon="6.108933">
        <ele>489.3</ele>
      </trkpt>
      <trkpt lat="45.885020" lon="6.109128">
        <ele>488.7</ele>
      </trkpt>
      <trkpt lat="45.885115" lon="6.109199">
        <ele>487.7</ele>
      </trkpt>
      <trkpt lat="45.885177" lon="6.109246">
        <ele>487.3</ele>
      </trkpt>
      <trkpt lat="45.885294" lon="6.109349">
        <ele>486.8</ele>
      </trkpt>
      <trkpt lat="45.885456" lon="6.109499">
        <ele>486.3</ele>
      </trkpt>
      <trkpt lat="45.885575" lon="6.109605">
        <ele>485.9</ele>
      </trkpt>
      <trkpt lat="45.885930" lon="6.109902">
        <ele>484</ele>
      </trkpt>
      <trkpt lat="45.886026" lon="6.109982">
        <ele>483.2</ele>
      </trkpt>
      <trkpt lat="45.886433" lon="6.110359">
        <ele>479.8</ele>
      </trkpt>
      <trkpt lat="45.886562" lon="6.110530">
        <ele>478.1</ele>
      </trkpt>
      <trkpt lat="45.886676" lon="6.110677">
        <ele>476.5</ele>
      </trkpt>
      <trkpt lat="45.886811" lon="6.110877">
        <ele>475.2</ele>
      </trkpt>
      <trkpt lat="45.886981" lon="6.111167">
        <ele>472.8</ele>
      </trkpt>
      <trkpt lat="45.887071" lon="6.111352">
        <ele>471.7</ele>
      </trkpt>
      <trkpt lat="45.887094" lon="6.111428">
        <ele>471.3</ele>
      </trkpt>
      <trkpt lat="45.887125" lon="6.111531">
        <ele>470.7</ele>
      </trkpt>
      <trkpt lat="45.887136" lon="6.111638">
        <ele>470.1</ele>
      </trkpt>
      <trkpt lat="45.887120" lon="6.111680">
        <ele>469.9</ele>
      </trkpt>
      <trkpt lat="45.887113" lon="6.111727">
        <ele>469.6</ele>
      </trkpt>
      <trkpt lat="45.887115" lon="6.111776">
        <ele>469.3</ele>
      </trkpt>
      <trkpt lat="45.887126" lon="6.111822">
        <ele>469.1</ele>
      </trkpt>
      <trkpt lat="45.887146" lon="6.111861">
        <ele>468.9</ele>
      </trkpt>
      <trkpt lat="45.887173" lon="6.111892">
        <ele>468.9</ele>
      </trkpt>
      <trkpt lat="45.887205" lon="6.111910">
        <ele>469</ele>
      </trkpt>
      <trkpt lat="45.887239" lon="6.111914">
        <ele>469.2</ele>
      </trkpt>
      <trkpt lat="45.887368" lon="6.112023">
        <ele>468.3</ele>
      </trkpt>
      <trkpt lat="45.887439" lon="6.112084">
        <ele>468.2</ele>
      </trkpt>
      <trkpt lat="45.888276" lon="6.112932">
        <ele>461.9</ele>
      </trkpt>
      <trkpt lat="45.888398" lon="6.113059">
        <ele>461</ele>
      </trkpt>
      <trkpt lat="45.889169" lon="6.113860">
        <ele>457.2</ele>
      </trkpt>
      <trkpt lat="45.889305" lon="6.114004">
        <ele>456.5</ele>
      </trkpt>
      <trkpt lat="45.889564" lon="6.114275">
        <ele>455.8</ele>
      </trkpt>
      <trkpt lat="45.889568" lon="6.114279">
        <ele>455.8</ele>
      </trkpt>
      <trkpt lat="45.889623" lon="6.114341">
        <ele>455.6</ele>
      </trkpt>
      <trkpt lat="45.889693" lon="6.114460">
        <ele>455.1</ele>
      </trkpt>
      <trkpt lat="45.889698" lon="6.114470">
        <ele>455.1</ele>
      </trkpt>
      <trkpt lat="45.889714" lon="6.114508">
        <ele>455</ele>
      </trkpt>
      <trkpt lat="45.889757" lon="6.114608">
        <ele>455</ele>
      </trkpt>
      <trkpt lat="45.889763" lon="6.114649">
        <ele>455</ele>
      </trkpt>
      <trkpt lat="45.889773" lon="6.114688">
        <ele>455</ele>
      </trkpt>
      <trkpt lat="45.889792" lon="6.114731">
        <ele>455</ele>
      </trkpt>
      <trkpt lat="45.889817" lon="6.114767">
        <ele>454.9</ele>
      </trkpt>
      <trkpt lat="45.889847" lon="6.114794">
        <ele>454.9</ele>
      </trkpt>
      <trkpt lat="45.889881" lon="6.114811">
        <ele>454.8</ele>
      </trkpt>
      <trkpt lat="45.889916" lon="6.114817">
        <ele>454.8</ele>
      </trkpt>
      <trkpt lat="45.889944" lon="6.114814">
        <ele>454.7</ele>
      </trkpt>
      <trkpt lat="45.889971" lon="6.114804">
        <ele>454.7</ele>
      </trkpt>
      <trkpt lat="45.890037" lon="6.114815">
        <ele>454.6</ele>
      </trkpt>
      <trkpt lat="45.890076" lon="6.114831">
        <ele>454.4</ele>
      </trkpt>
      <trkpt lat="45.890149" lon="6.114860">
        <ele>454.2</ele>
      </trkpt>
      <trkpt lat="45.890436" lon="6.115141">
        <ele>453.2</ele>
      </trkpt>
      <trkpt lat="45.890756" lon="6.115427">
        <ele>452.1</ele>
      </trkpt>
      <trkpt lat="45.891478" lon="6.116074">
        <ele>450</ele>
      </trkpt>
      <trkpt lat="45.891895" lon="6.116451">
        <ele>449.1</ele>
      </trkpt>
      <trkpt lat="45.892258" lon="6.116771">
        <ele>449.1</ele>
      </trkpt>
      <trkpt lat="45.892417" lon="6.116912">
        <ele>449.1</ele>
      </trkpt>
      <trkpt lat="45.892578" lon="6.117061">
        <ele>449</ele>
      </trkpt>
      <trkpt lat="45.892627" lon="6.117106">
        <ele>449</ele>
      </trkpt>
      <trkpt lat="45.892794" lon="6.117257">
        <ele>448.9</ele>
      </trkpt>
      <trkpt lat="45.892884" lon="6.117335">
        <ele>448.6</ele>
      </trkpt>
      <trkpt lat="45.893033" lon="6.117464">
        <ele>448.1</ele>
      </trkpt>
      <trkpt lat="45.893060" lon="6.117487">
        <ele>448</ele>
      </trkpt>
      <trkpt lat="45.893098" lon="6.117521">
        <ele>448</ele>
      </trkpt>
      <trkpt lat="45.893108" lon="6.117531">
        <ele>448</ele>
      </trkpt>
      <trkpt lat="45.893120" lon="6.117541">
        <ele>448</ele>
      </trkpt>
      <trkpt lat="45.893340" lon="6.117738">
        <ele>448</ele>
      </trkpt>
      <trkpt lat="45.893381" lon="6.117775">
        <ele>448</ele>
      </trkpt>
      <trkpt lat="45.893555" lon="6.117933">
        <ele>448</ele>
      </trkpt>
      <trkpt lat="45.893626" lon="6.117996">
        <ele>448</ele>
      </trkpt>
      <trkpt lat="45.893738" lon="6.118095">
        <ele>448</ele>
      </trkpt>
      <trkpt lat="45.893837" lon="6.118184">
        <ele>448</ele>
      </trkpt>
      <trkpt lat="45.894017" lon="6.118347">
        <ele>448</ele>
      </trkpt>
      <trkpt lat="45.894040" lon="6.118367">
        <ele>448</ele>
      </trkpt>
      <trkpt lat="45.894064" lon="6.118389">
        <ele>448</ele>
      </trkpt>
      <trkpt lat="45.894120" lon="6.118438">
        <ele>448</ele>
      </trkpt>
      <trkpt lat="45.894553" lon="6.118791">
        <ele>448</ele>
      </trkpt>
      <trkpt lat="45.894659" lon="6.118889">
        <ele>448</ele>
      </trkpt>
      <trkpt lat="45.894676" lon="6.118906">
        <ele>448</ele>
      </trkpt>
      <trkpt lat="45.894747" lon="6.118971">
        <ele>448.1</ele>
      </trkpt>
      <trkpt lat="45.894865" lon="6.119080">
        <ele>448.2</ele>
      </trkpt>
      <trkpt lat="45.894879" lon="6.119091">
        <ele>448.2</ele>
      </trkpt>
      <trkpt lat="45.895068" lon="6.119257">
        <ele>448</ele>
      </trkpt>
      <trkpt lat="45.895089" lon="6.119275">
        <ele>448</ele>
      </trkpt>
      <trkpt lat="45.895103" lon="6.119289">
        <ele>448</ele>
      </trkpt>
      <trkpt lat="45.895172" lon="6.119356">
        <ele>448</ele>
      </trkpt>
      <trkpt lat="45.895243" lon="6.119418">
        <ele>448</ele>
      </trkpt>
      <trkpt lat="45.895261" lon="6.119438">
        <ele>448</ele>
      </trkpt>
      <trkpt lat="45.895282" lon="6.119461">
        <ele>447.9</ele>
      </trkpt>
      <trkpt lat="45.895427" lon="6.119587">
        <ele>447.8</ele>
      </trkpt>
      <trkpt lat="45.895760" lon="6.119879">
        <ele>448</ele>
      </trkpt>
      <trkpt lat="45.896126" lon="6.120199">
        <ele>448</ele>
      </trkpt>
      <trkpt lat="45.896180" lon="6.120245">
        <ele>448</ele>
      </trkpt>
      <trkpt lat="45.896217" lon="6.120276">
        <ele>448</ele>
      </trkpt>
      <trkpt lat="45.896410" lon="6.120441">
        <ele>448</ele>
      </trkpt>
      <trkpt lat="45.896445" lon="6.120471">
        <ele>448</ele>
      </trkpt>
      <trkpt lat="45.896563" lon="6.120572">
        <ele>448</ele>
      </trkpt>
      <trkpt lat="45.896575" lon="6.120583">
        <ele>448</ele>
      </trkpt>
      <trkpt lat="45.896636" lon="6.120635">
        <ele>448</ele>
      </trkpt>
      <trkpt lat="45.896740" lon="6.120726">
        <ele>448</ele>
      </trkpt>
      <trkpt lat="45.896798" lon="6.120789">
        <ele>448</ele>
      </trkpt>
      <trkpt lat="45.896859" lon="6.120860">
        <ele>448</ele>
      </trkpt>
      <trkpt lat="45.896864" lon="6.120866">
        <ele>448</ele>
      </trkpt>
      <trkpt lat="45.896873" lon="6.120874">
        <ele>448</ele>
      </trkpt>
      <trkpt lat="45.896998" lon="6.121053">
        <ele>448</ele>
      </trkpt>
      <trkpt lat="45.897057" lon="6.121170">
        <ele>448.1</ele>
      </trkpt>
      <trkpt lat="45.897117" lon="6.121300">
        <ele>448.3</ele>
      </trkpt>
      <trkpt lat="45.897131" lon="6.121328">
        <ele>448.3</ele>
      </trkpt>
      <trkpt lat="45.897160" lon="6.121390">
        <ele>448.2</ele>
      </trkpt>
      <trkpt lat="45.897174" lon="6.121434">
        <ele>448.2</ele>
      </trkpt>
      <trkpt lat="45.897226" lon="6.121602">
        <ele>448</ele>
      </trkpt>
      <trkpt lat="45.897267" lon="6.121817">
        <ele>448.1</ele>
      </trkpt>
      <trkpt lat="45.897344" lon="6.122496">
        <ele>448</ele>
      </trkpt>
      <trkpt lat="45.897358" lon="6.122618">
        <ele>448</ele>
      </trkpt>
      <trkpt lat="45.897447" lon="6.122593">
        <ele>448</ele>
      </trkpt>
      <trkpt lat="45.897930" lon="6.122460">
        <ele>447.1</ele>
      </trkpt>
      <trkpt lat="45.897954" lon="6.122452">
        <ele>447.1</ele>
      </trkpt>
      <trkpt lat="45.897983" lon="6.122443">
        <ele>447.1</ele>
      </trkpt>
      <trkpt lat="45.898040" lon="6.122446">
        <ele>447</ele>
      </trkpt>
      <trkpt lat="45.898138" lon="6.122432">
        <ele>447.1</ele>
      </trkpt>
      <trkpt lat="45.898180" lon="6.122417">
        <ele>447</ele>
      </trkpt>
      <trkpt lat="45.898209" lon="6.122407">
        <ele>447</ele>
      </trkpt>
      <trkpt lat="45.898222" lon="6.122401">
        <ele>447</ele>
      </trkpt>
      <trkpt lat="45.898344" lon="6.122352">
        <ele>446.4</ele>
      </trkpt>
      <trkpt lat="45.898476" lon="6.122302">
        <ele>445.9</ele>
      </trkpt>
      <trkpt lat="45.898730" lon="6.122197">
        <ele>446.8</ele>
      </trkpt>
      <trkpt lat="45.898744" lon="6.122187">
        <ele>446.9</ele>
      </trkpt>
      <trkpt lat="45.898826" lon="6.122142">
        <ele>447.3</ele>
      </trkpt>
      <trkpt lat="45.898840" lon="6.122134">
        <ele>447.4</ele>
      </trkpt>
      <trkpt lat="45.899000" lon="6.122008">
        <ele>447.5</ele>
      </trkpt>
      <trkpt lat="45.899520" lon="6.121764">
        <ele>448</ele>
      </trkpt>
      <trkpt lat="45.899628" lon="6.121724">
        <ele>448</ele>
      </trkpt>
      <trkpt lat="45.899745" lon="6.121683">
        <ele>448</ele>
      </trkpt>
      <trkpt lat="45.900227" lon="6.121488">
        <ele>448</ele>
      </trkpt>
      <trkpt lat="45.900276" lon="6.121448">
        <ele>448</ele>
      </trkpt>
      <trkpt lat="45.900397" lon="6.121387">
        <ele>448.4</ele>
      </trkpt>
      <trkpt lat="45.900424" lon="6.121374">
        <ele>448.5</ele>
      </trkpt>
      <trkpt lat="45.900485" lon="6.121380">
        <ele>448.7</ele>
      </trkpt>
      <trkpt lat="45.900512" lon="6.121381">
        <ele>448.8</ele>
      </trkpt>
      <trkpt lat="45.900538" lon="6.121380">
        <ele>448.9</ele>
      </trkpt>
      <trkpt lat="45.900563" lon="6.121377">
        <ele>449</ele>
      </trkpt>
      <trkpt lat="45.900588" lon="6.121371">
        <ele>448.9</ele>
      </trkpt>
      <trkpt lat="45.900666" lon="6.121342">
        <ele>448.9</ele>
      </trkpt>
      <trkpt lat="45.900684" lon="6.121335">
        <ele>448.9</ele>
      </trkpt>
      <trkpt lat="45.900689" lon="6.121345">
        <ele>448.9</ele>
      </trkpt>
      <trkpt lat="45.900695" lon="6.121353">
        <ele>448.9</ele>
      </trkpt>
      <trkpt lat="45.900702" lon="6.121360">
        <ele>449</ele>
      </trkpt>
      <trkpt lat="45.900709" lon="6.121366">
        <ele>449</ele>
      </trkpt>
      <trkpt lat="45.900717" lon="6.121370">
        <ele>449</ele>
      </trkpt>
      <trkpt lat="45.900725" lon="6.121373">
        <ele>449</ele>
      </trkpt>
      <trkpt lat="45.900734" lon="6.121374">
        <ele>449</ele>
      </trkpt>
      <trkpt lat="45.900742" lon="6.121373">
        <ele>449</ele>
      </trkpt>
      <trkpt lat="45.900750" lon="6.121370">
        <ele>449</ele>
      </trkpt>
      <trkpt lat="45.900758" lon="6.121366">
        <ele>449</ele>
      </trkpt>
      <trkpt lat="45.900767" lon="6.121359">
        <ele>449</ele>
      </trkpt>
      <trkpt lat="45.900774" lon="6.121350">
        <ele>449</ele>
      </trkpt>
      <trkpt lat="45.900781" lon="6.121339">
        <ele>449</ele>
      </trkpt>
      <trkpt lat="45.900786" lon="6.121327">
        <ele>449</ele>
      </trkpt>
      <trkpt lat="45.900790" lon="6.121314">
        <ele>449</ele>
      </trkpt>
      <trkpt lat="45.900792" lon="6.121300">
        <ele>449</ele>
      </trkpt>
      <trkpt lat="45.900792" lon="6.121286">
        <ele>448.9</ele>
      </trkpt>
      <trkpt lat="45.900791" lon="6.121272">
        <ele>448.9</ele>
      </trkpt>
      <trkpt lat="45.900788" lon="6.121259">
        <ele>448.9</ele>
      </trkpt>
      <trkpt lat="45.900784" lon="6.121246">
        <ele>448.9</ele>
      </trkpt>
      <trkpt lat="45.900815" lon="6.121230">
        <ele>449</ele>
      </trkpt>
      <trkpt lat="45.900837" lon="6.121220">
        <ele>449</ele>
      </trkpt>
      <trkpt lat="45.900865" lon="6.121206">
        <ele>449</ele>
      </trkpt>
      <trkpt lat="45.900874" lon="6.121201">
        <ele>449</ele>
      </trkpt>
      <trkpt lat="45.900919" lon="6.121274">
        <ele>449</ele>
      </trkpt>
      <trkpt lat="45.900930" lon="6.121379">
        <ele>449</ele>
      </trkpt>
      <trkpt lat="45.900958" lon="6.121567">
        <ele>449</ele>
      </trkpt>
      <trkpt lat="45.900989" lon="6.121714">
        <ele>449</ele>
      </trkpt>
      <trkpt lat="45.901033" lon="6.121904">
        <ele>449</ele>
      </trkpt>
      <trkpt lat="45.901028" lon="6.121927">
        <ele>449</ele>
      </trkpt>
      <trkpt lat="45.901003" lon="6.122064">
        <ele>449</ele>
      </trkpt>
      <trkpt lat="45.901053" lon="6.122187">
        <ele>449</ele>
      </trkpt>
      <trkpt lat="45.901162" lon="6.122750">
        <ele>449</ele>
      </trkpt>
      <trkpt lat="45.901177" lon="6.122881">
        <ele>449</ele>
      </trkpt>
      <trkpt lat="45.901192" lon="6.123016">
        <ele>449</ele>
      </trkpt>
      <trkpt lat="45.901196" lon="6.123061">
        <ele>449</ele>
      </trkpt>
      <trkpt lat="45.901220" lon="6.123292">
        <ele>449</ele>
      </trkpt>
      <trkpt lat="45.901311" lon="6.124159">
        <ele>449</ele>
      </trkpt>
      <trkpt lat="45.901320" lon="6.124250">
        <ele>449</ele>
      </trkpt>
      <trkpt lat="45.901328" lon="6.124320">
        <ele>449</ele>
      </trkpt>
      <trkpt lat="45.901373" lon="6.124756">
        <ele>448.9</ele>
      </trkpt>
      <trkpt lat="45.901389" lon="6.124903">
        <ele>449</ele>
      </trkpt>
      <trkpt lat="45.901390" lon="6.124918">
        <ele>449</ele>
      </trkpt>
      <trkpt lat="45.901458" lon="6.125466">
        <ele>449.1</ele>
      </trkpt>
      <trkpt lat="45.901549" lon="6.125985">
        <ele>449</ele>
      </trkpt>
      <trkpt lat="45.901560" lon="6.126097">
        <ele>449</ele>
      </trkpt>
      <trkpt lat="45.901564" lon="6.126211">
        <ele>449</ele>
      </trkpt>
      <trkpt lat="45.901560" lon="6.126300">
        <ele>449</ele>
      </trkpt>
      <trkpt lat="45.901548" lon="6.126380">
        <ele>449</ele>
      </trkpt>
      <trkpt lat="45.901521" lon="6.126519">
        <ele>449</ele>
      </trkpt>
      <trkpt lat="45.901476" lon="6.126747">
        <ele>449</ele>
      </trkpt>
      <trkpt lat="45.901472" lon="6.126773">
        <ele>449</ele>
      </trkpt>
      <trkpt lat="45.901459" lon="6.126860">
        <ele>449</ele>
      </trkpt>
      <trkpt lat="45.901455" lon="6.126954">
        <ele>449</ele>
      </trkpt>
      <trkpt lat="45.901472" lon="6.127030">
        <ele>449</ele>
      </trkpt>
      <trkpt lat="45.901514" lon="6.127097">
        <ele>449</ele>
      </trkpt>
      <trkpt lat="45.901501" lon="6.127114">
        <ele>449</ele>
      </trkpt>
      <trkpt lat="45.901475" lon="6.127150">
        <ele>449</ele>
      </trkpt>
      <trkpt lat="45.901439" lon="6.127199">
        <ele>449</ele>
      </trkpt>
      <trkpt lat="45.901268" lon="6.127444">
        <ele>448.9</ele>
      </trkpt>
      <trkpt lat="45.901230" lon="6.127503">
        <ele>449</ele>
      </trkpt>
      <trkpt lat="45.901207" lon="6.127541">
        <ele>449</ele>
      </trkpt>
      <trkpt lat="45.901141" lon="6.127647">
        <ele>449</ele>
        <extensions>
          <visugpx:TrkExtension xmlns:visugpx="https://www.visugpx.com/editgpx/">
            <visugpx:node>23</visugpx:node>
          </visugpx:TrkExtension>
        </extensions>
      </trkpt>
    </trkseg>
  </trk>
</gpx>