<?xml version="1.0" encoding="UTF-8" standalone="no" ?>
<gpx xmlns="http://www.topografix.com/GPX/1/1" xmlns:xsi="http://www.w3.org/2001/XMLSchema-instance" xsi:schemaLocation="http://www.topografix.com/GPX/1/1 http://www.topografix.com/GPX/1/1/gpx.xsd" version="1.1" creator="EditGPX">
  <metadata>
    <name>TK13</name>
  </metadata>
  <trk>
    <desc><![CDATA[DEVELOPED_WITH_SIGNS

DEVELOPED_WITH_SIGNS

DEVELOPED_WITH_SIGNS

UNDER_DEVELOPMENT

UNDER_DEVELOPMENT

DEVELOPED_WITH_SIGNS

DEVELOPED_WITH_SIGNS

DEVELOPED_WITH_SIGNS

DEVELOPED_WITH_SIGNS

DEVELOPED_WITH_SIGNS

DEVELOPED_WITH_SIGNS

DEVELOPED_WITH_SIGNS

DEVELOPED

DEVELOPED

DEVELOPED_WITH_SIGNS

DEVELOPED_WITH_SIGNS

DEVELOPED_WITH_SIGNS

DEVELOPED_WITH_SIGNS

DEVELOPED_WITH_SIGNS

DEVELOPED_WITH_SIGNS

UNDER_DEVELOPMENT

UNDER_DEVELOPMENT

DEVELOPED_WITH_SIGNS

DEVELOPED_WITH_SIGNS

DEVELOPED_WITH_SIGNS

DEVELOPED_WITH_SIGNS

DEVELOPED_WITH_SIGNS

DEVELOPED_WITH_SIGNS

DEVELOPED_WITH_SIGNS

DEVELOPED_WITH_SIGNS

DEVELOPED_WITH_SIGNS

DEVELOPED_WITH_SIGNS

DEVELOPED_WITH_SIGNS

DEVELOPED_WITH_SIGNS

DEVELOPED_WITH_SIGNS

DEVELOPED_WITH_SIGNS

DEVELOPED_WITH_SIGNS

DEVELOPED_WITH_SIGNS

DEVELOPED_WITH_SIGNS

UNDER_DEVELOPMENT

DEVELOPED_WITH_SIGNS

DEVELOPED_WITH_SIGNS

DEVELOPED_WITH_SIGNS

DEVELOPED_WITH_SIGNS

DEVELOPED_WITH_SIGNS

UNDER_DEVELOPMENT

DEVELOPED_WITH_SIGNS

DEVELOPED_WITH_SIGNS

DEVELOPED_WITH_SIGNS

DEVELOPED_WITH_SIGNS

UNDER_DEVELOPMENT

DEVELOPED_WITH_SIGNS

DEVELOPED_WITH_SIGNS

DEVELOPED_WITH_SIGNS

DEVELOPED_WITH_SIGNS

DEVELOPED

DEVELOPED

DEVELOPED_WITH_SIGNS

DEVELOPED_WITH_SIGNS

DEVELOPED_WITH_SIGNS

DEVELOPED_WITH_SIGNS

DEVELOPED_WITH_SIGNS

DEVELOPED_WITH_SIGNS

UNDER_DEVELOPMENT

UNDER_DEVELOPMENT

DEVELOPED_WITH_SIGNS

DEVELOPED_WITH_SIGNS

DEVELOPED_WITH_SIGNS

DEVELOPED_WITH_SIGNS

DEVELOPED_WITH_SIGNS

DEVELOPED_WITH_SIGNS

DEVELOPED_WITH_SIGNS

DEVELOPED_WITH_SIGNS

DEVELOPED_WITH_SIGNS

DEVELOPED_WITH_SIGNS

DEVELOPED_WITH_SIGNS

DEVELOPED_WITH_SIGNS

DEVELOPED_WITH_SIGNS

DEVELOPED_WITH_SIGNS

DEVELOPED_WITH_SIGNS

DEVELOPED_WITH_SIGNS

DEVELOPED_WITH_SIGNS

UNDER_DEVELOPMENT

DEVELOPED_WITH_SIGNS

DEVELOPED_WITH_SIGNS

DEVELOPED_WITH_SIGNS

DEVELOPED_WITH_SIGNS

DEVELOPED_WITH_SIGNS

UNDER_DEVELOPMENT

DEVELOPED_WITH_SIGNS

DEVELOPED_WITH_SIGNS

DEVELOPED_WITH_SIGNS

DEVELOPED_WITH_SIGNS

UNDER_DEVELOPMENT

DEVELOPED_WITH_SIGNS

DEVELOPED_WITH_SIGNS

DEVELOPED_WITH_SIGNS







DEVELOPED_WITH_SIGNS

DEVELOPED

DEVELOPED

DEVELOPED_WITH_SIGNS

DEVELOPED_WITH_SIGNS

DEVELOPED_WITH_SIGNS

DEVELOPED_WITH_SIGNS

DEVELOPED_WITH_SIGNS

DEVELOPED_WITH_SIGNS

UNDER_DEVELOPMENT

UNDER_DEVELOPMENT

DEVELOPED_WITH_SIGNS

DEVELOPED_WITH_SIGNS

DEVELOPED_WITH_SIGNS

DEVELOPED_WITH_SIGNS

DEVELOPED_WITH_SIGNS

DEVELOPED_WITH_SIGNS

DEVELOPED_WITH_SIGNS

DEVELOPED_WITH_SIGNS

DEVELOPED_WITH_SIGNS

DEVELOPED_WITH_SIGNS

DEVELOPED_WITH_SIGNS

DEVELOPED_WITH_SIGNS

DEVELOPED_WITH_SIGNS

DEVELOPED_WITH_SIGNS

DEVELOPED_WITH_SIGNS

DEVELOPED_WITH_SIGNS

DEVELOPED_WITH_SIGNS

UNDER_DEVELOPMENT

DEVELOPED_WITH_SIGNS

DEVELOPED_WITH_SIGNS

DEVELOPED_WITH_SIGNS

DEVELOPED_WITH_SIGNS

DEVELOPED_WITH_SIGNS

UNDER_DEVELOPMENT

DEVELOPED_WITH_SIGNS

DEVELOPED_WITH_SIGNS

DEVELOPED_WITH_SIGNS

DEVELOPED_WITH_SIGNS

UNDER_DEVELOPMENT

DEVELOPED_WITH_SIGNS

DEVELOPED_WITH_SIGNS

DEVELOPED_WITH_SIGNS

DEVELOPED_WITH_SIGNS

DEVELOPED

DEVELOPED

DEVELOPED_WITH_SIGNS

DEVELOPED_WITH_SIGNS

DEVELOPED_WITH_SIGNS

DEVELOPED_WITH_SIGNS

DEVELOPED_WITH_SIGNS

DEVELOPED_WITH_SIGNS

UNDER_DEVELOPMENT

UNDER_DEVELOPMENT

DEVELOPED_WITH_SIGNS

DEVELOPED_WITH_SIGNS

DEVELOPED_WITH_SIGNS

DEVELOPED_WITH_SIGNS

DEVELOPED_WITH_SIGNS

DEVELOPED_WITH_SIGNS

DEVELOPED_WITH_SIGNS

DEVELOPED_WITH_SIGNS

DEVELOPED_WITH_SIGNS

DEVELOPED_WITH_SIGNS

DEVELOPED_WITH_SIGNS

DEVELOPED_WITH_SIGNS

DEVELOPED_WITH_SIGNS

DEVELOPED_WITH_SIGNS

DEVELOPED_WITH_SIGNS

DEVELOPED_WITH_SIGNS

DEVELOPED_WITH_SIGNS

UNDER_DEVELOPMENT

DEVELOPED_WITH_SIGNS

DEVELOPED_WITH_SIGNS

DEVELOPED_WITH_SIGNS

DEVELOPED_WITH_SIGNS

DEVELOPED_WITH_SIGNS

UNDER_DEVELOPMENT

DEVELOPED_WITH_SIGNS

DEVELOPED_WITH_SIGNS

DEVELOPED_WITH_SIGNS

DEVELOPED_WITH_SIGNS

UNDER_DEVELOPMENT

DEVELOPED_WITH_SIGNS

DEVELOPED_WITH_SIGNS

DEVELOPED_WITH_SIGNS



DEVELOPED_WITH_SIGNS

DEVELOPED_WITH_SIGNS

DEVELOPED_WITH_SIGNS

UNDER_DEVELOPMENT

UNDER_DEVELOPMENT

DEVELOPED_WITH_SIGNS

DEVELOPED_WITH_SIGNS

DEVELOPED_WITH_SIGNS

DEVELOPED_WITH_SIGNS

DEVELOPED_WITH_SIGNS

DEVELOPED_WITH_SIGNS

DEVELOPED_WITH_SIGNS

DEVELOPED_WITH_SIGNS

DEVELOPED_WITH_SIGNS

UNDER_DEVELOPMENT

UNDER_DEVELOPMENT

DEVELOPED_WITH_SIGNS

DEVELOPED_WITH_SIGNS

DEVELOPED_WITH_SIGNS

DEVELOPED_WITH_SIGNS

DEVELOPED_WITH_SIGNS

DEVELOPED_WITH_SIGNS

DEVELOPED_WITH_SIGNS

DEVELOPED

DEVELOPED

DEVELOPED_WITH_SIGNS

DEVELOPED_WITH_SIGNS

DEVELOPED_WITH_SIGNS

DEVELOPED_WITH_SIGNS

DEVELOPED_WITH_SIGNS

DEVELOPED_WITH_SIGNS

UNDER_DEVELOPMENT

UNDER_DEVELOPMENT

DEVELOPED_WITH_SIGNS

DEVELOPED_WITH_SIGNS

DEVELOPED_WITH_SIGNS

DEVELOPED_WITH_SIGNS

DEVELOPED_WITH_SIGNS

DEVELOPED_WITH_SIGNS

DEVELOPED_WITH_SIGNS

DEVELOPED_WITH_SIGNS

DEVELOPED_WITH_SIGNS

DEVELOPED_WITH_SIGNS

DEVELOPED_WITH_SIGNS

DEVELOPED_WITH_SIGNS

DEVELOPED_WITH_SIGNS

DEVELOPED_WITH_SIGNS

DEVELOPED_WITH_SIGNS

DEVELOPED_WITH_SIGNS

DEVELOPED_WITH_SIGNS

UNDER_DEVELOPMENT

DEVELOPED_WITH_SIGNS

DEVELOPED_WITH_SIGNS

DEVELOPED_WITH_SIGNS

DEVELOPED_WITH_SIGNS

DEVELOPED_WITH_SIGNS

UNDER_DEVELOPMENT

DEVELOPED_WITH_SIGNS

DEVELOPED_WITH_SIGNS

DEVELOPED_WITH_SIGNS

DEVELOPED_WITH_SIGNS

UNDER_DEVELOPMENT

DEVELOPED_WITH_SIGNS

DEVELOPED_WITH_SIGNS

DEVELOPED_WITH_SIGNS

DEVELOPED_WITH_SIGNS

DEVELOPED

DEVELOPED

DEVELOPED_WITH_SIGNS

DEVELOPED_WITH_SIGNS

DEVELOPED_WITH_SIGNS

DEVELOPED_WITH_SIGNS

DEVELOPED_WITH_SIGNS

DEVELOPED_WITH_SIGNS

UNDER_DEVELOPMENT

UNDER_DEVELOPMENT

DEVELOPED_WITH_SIGNS

DEVELOPED_WITH_SIGNS

DEVELOPED_WITH_SIGNS

DEVELOPED_WITH_SIGNS

DEVELOPED_WITH_SIGNS

DEVELOPED_WITH_SIGNS

DEVELOPED_WITH_SIGNS

DEVELOPED_WITH_SIGNS

DEVELOPED_WITH_SIGNS

DEVELOPED_WITH_SIGNS

DEVELOPED_WITH_SIGNS

DEVELOPED_WITH_SIGNS

DEVELOPED_WITH_SIGNS

DEVELOPED_WITH_SIGNS

DEVELOPED_WITH_SIGNS

DEVELOPED_WITH_SIGNS

DEVELOPED_WITH_SIGNS

UNDER_DEVELOPMENT

DEVELOPED_WITH_SIGNS

DEVELOPED_WITH_SIGNS

DEVELOPED_WITH_SIGNS

DEVELOPED_WITH_SIGNS

DEVELOPED_WITH_SIGNS

UNDER_DEVELOPMENT

DEVELOPED_WITH_SIGNS

DEVELOPED_WITH_SIGNS

DEVELOPED_WITH_SIGNS

DEVELOPED_WITH_SIGNS

UNDER_DEVELOPMENT

DEVELOPED_WITH_SIGNS

DEVELOPED_WITH_SIGNS

DEVELOPED_WITH_SIGNS







DEVELOPED_WITH_SIGNS

DEVELOPED

DEVELOPED

DEVELOPED_WITH_SIGNS

DEVELOPED_WITH_SIGNS

DEVELOPED_WITH_SIGNS

DEVELOPED_WITH_SIGNS

DEVELOPED_WITH_SIGNS

DEVELOPED_WITH_SIGNS

UNDER_DEVELOPMENT

UNDER_DEVELOPMENT

DEVELOPED_WITH_SIGNS

DEVELOPED_WITH_SIGNS

DEVELOPED_WITH_SIGNS

DEVELOPED_WITH_SIGNS

DEVELOPED_WITH_SIGNS

DEVELOPED_WITH_SIGNS

DEVELOPED_WITH_SIGNS

DEVELOPED_WITH_SIGNS

DEVELOPED_WITH_SIGNS

DEVELOPED_WITH_SIGNS

DEVELOPED_WITH_SIGNS

DEVELOPED_WITH_SIGNS

DEVELOPED_WITH_SIGNS

DEVELOPED_WITH_SIGNS

DEVELOPED_WITH_SIGNS

DEVELOPED_WITH_SIGNS

DEVELOPED_WITH_SIGNS

UNDER_DEVELOPMENT

DEVELOPED_WITH_SIGNS

DEVELOPED_WITH_SIGNS

DEVELOPED_WITH_SIGNS

DEVELOPED_WITH_SIGNS

DEVELOPED_WITH_SIGNS

UNDER_DEVELOPMENT

DEVELOPED_WITH_SIGNS

DEVELOPED_WITH_SIGNS

DEVELOPED_WITH_SIGNS

DEVELOPED_WITH_SIGNS

UNDER_DEVELOPMENT

DEVELOPED_WITH_SIGNS

DEVELOPED_WITH_SIGNS

DEVELOPED_WITH_SIGNS

DEVELOPED_WITH_SIGNS

DEVELOPED

DEVELOPED

DEVELOPED_WITH_SIGNS

DEVELOPED_WITH_SIGNS

DEVELOPED_WITH_SIGNS

DEVELOPED_WITH_SIGNS

DEVELOPED_WITH_SIGNS

DEVELOPED_WITH_SIGNS

UNDER_DEVELOPMENT

UNDER_DEVELOPMENT

DEVELOPED_WITH_SIGNS

DEVELOPED_WITH_SIGNS

DEVELOPED_WITH_SIGNS

DEVELOPED_WITH_SIGNS

DEVELOPED_WITH_SIGNS

DEVELOPED_WITH_SIGNS

DEVELOPED_WITH_SIGNS

DEVELOPED_WITH_SIGNS

DEVELOPED_WITH_SIGNS

DEVELOPED_WITH_SIGNS

DEVELOPED_WITH_SIGNS

DEVELOPED_WITH_SIGNS

DEVELOPED_WITH_SIGNS

DEVELOPED_WITH_SIGNS

DEVELOPED_WITH_SIGNS

DEVELOPED_WITH_SIGNS

DEVELOPED_WITH_SIGNS

UNDER_DEVELOPMENT

DEVELOPED_WITH_SIGNS

DEVELOPED_WITH_SIGNS

DEVELOPED_WITH_SIGNS

DEVELOPED_WITH_SIGNS

DEVELOPED_WITH_SIGNS

UNDER_DEVELOPMENT

DEVELOPED_WITH_SIGNS

DEVELOPED_WITH_SIGNS

DEVELOPED_WITH_SIGNS

DEVELOPED_WITH_SIGNS

UNDER_DEVELOPMENT

DEVELOPED_WITH_SIGNS

DEVELOPED_WITH_SIGNS

DEVELOPED_WITH_SIGNS]]></desc>
    <trkseg>
      <trkpt lat="45.901141" lon="6.127647">
        <ele>449</ele>
      </trkpt>
      <trkpt lat="45.901115" lon="6.127690">
        <ele>449</ele>
      </trkpt>
      <trkpt lat="45.901135" lon="6.127711">
        <ele>449</ele>
      </trkpt>
      <trkpt lat="45.901160" lon="6.127747">
        <ele>449</ele>
      </trkpt>
      <trkpt lat="45.901186" lon="6.127792">
        <ele>449</ele>
      </trkpt>
      <trkpt lat="45.901206" lon="6.127838">
        <ele>449</ele>
      </trkpt>
      <trkpt lat="45.901228" lon="6.127901">
        <ele>449</ele>
      </trkpt>
      <trkpt lat="45.901246" lon="6.127971">
        <ele>449</ele>
      </trkpt>
      <trkpt lat="45.901259" lon="6.128033">
        <ele>449</ele>
      </trkpt>
      <trkpt lat="45.901270" lon="6.128085">
        <ele>448.9</ele>
      </trkpt>
      <trkpt lat="45.901273" lon="6.128140">
        <ele>448.7</ele>
      </trkpt>
      <trkpt lat="45.901271" lon="6.128206">
        <ele>448.5</ele>
      </trkpt>
      <trkpt lat="45.901266" lon="6.128286">
        <ele>448.2</ele>
      </trkpt>
      <trkpt lat="45.901269" lon="6.128352">
        <ele>448</ele>
      </trkpt>
      <trkpt lat="45.901277" lon="6.128402">
        <ele>448</ele>
      </trkpt>
      <trkpt lat="45.901476" lon="6.129124">
        <ele>448</ele>
      </trkpt>
      <trkpt lat="45.901547" lon="6.129390">
        <ele>448</ele>
      </trkpt>
      <trkpt lat="45.901781" lon="6.130273">
        <ele>448</ele>
      </trkpt>
      <trkpt lat="45.902025" lon="6.131198">
        <ele>448</ele>
      </trkpt>
      <trkpt lat="45.902097" lon="6.131474">
        <ele>447.9</ele>
      </trkpt>
      <trkpt lat="45.902239" lon="6.132000">
        <ele>448</ele>
      </trkpt>
      <trkpt lat="45.902653" lon="6.133497">
        <ele>447.6</ele>
      </trkpt>
      <trkpt lat="45.902688" lon="6.133528">
        <ele>447.7</ele>
      </trkpt>
      <trkpt lat="45.902746" lon="6.133730">
        <ele>447.9</ele>
      </trkpt>
      <trkpt lat="45.902679" lon="6.133762">
        <ele>447.6</ele>
      </trkpt>
      <trkpt lat="45.902660" lon="6.133692">
        <ele>447.6</ele>
      </trkpt>
      <trkpt lat="45.902660" lon="6.133692">
        <ele>447.6</ele>
      </trkpt>
      <trkpt lat="45.902679" lon="6.133762">
        <ele>447.6</ele>
      </trkpt>
      <trkpt lat="45.902746" lon="6.133730">
        <ele>447.9</ele>
      </trkpt>
      <trkpt lat="45.902783" lon="6.133880">
        <ele>448</ele>
      </trkpt>
      <trkpt lat="45.902887" lon="6.134262">
        <ele>447.8</ele>
      </trkpt>
      <trkpt lat="45.902960" lon="6.134363">
        <ele>447.8</ele>
      </trkpt>
      <trkpt lat="45.903191" lon="6.135278">
        <ele>448</ele>
      </trkpt>
      <trkpt lat="45.903180" lon="6.135368">
        <ele>448</ele>
      </trkpt>
      <trkpt lat="45.903173" lon="6.135441">
        <ele>448</ele>
      </trkpt>
      <trkpt lat="45.903226" lon="6.135631">
        <ele>447.9</ele>
      </trkpt>
      <trkpt lat="45.903287" lon="6.135851">
        <ele>447.8</ele>
      </trkpt>
      <trkpt lat="45.903325" lon="6.135984">
        <ele>448</ele>
      </trkpt>
      <trkpt lat="45.903345" lon="6.136055">
        <ele>448</ele>
      </trkpt>
      <trkpt lat="45.903353" lon="6.136084">
        <ele>448</ele>
      </trkpt>
      <trkpt lat="45.903373" lon="6.136149">
        <ele>447.9</ele>
      </trkpt>
      <trkpt lat="45.903441" lon="6.136169">
        <ele>447.9</ele>
      </trkpt>
      <trkpt lat="45.903929" lon="6.138023">
        <ele>448</ele>
      </trkpt>
      <trkpt lat="45.903904" lon="6.138172">
        <ele>447.6</ele>
      </trkpt>
      <trkpt lat="45.904002" lon="6.138525">
        <ele>447.4</ele>
      </trkpt>
      <trkpt lat="45.904054" lon="6.138714">
        <ele>447.6</ele>
      </trkpt>
      <trkpt lat="45.904077" lon="6.138799">
        <ele>447.7</ele>
      </trkpt>
      <trkpt lat="45.904153" lon="6.138757">
        <ele>448</ele>
      </trkpt>
      <trkpt lat="45.904129" lon="6.138671">
        <ele>447.9</ele>
      </trkpt>
      <trkpt lat="45.904118" lon="6.138617">
        <ele>447.8</ele>
      </trkpt>
      <trkpt lat="45.904188" lon="6.138565">
        <ele>448</ele>
      </trkpt>
      <trkpt lat="45.904368" lon="6.138432">
        <ele>448</ele>
      </trkpt>
      <trkpt lat="45.904793" lon="6.138121">
        <ele>448</ele>
      </trkpt>
      <trkpt lat="45.904832" lon="6.138090">
        <ele>448</ele>
      </trkpt>
      <trkpt lat="45.904854" lon="6.138073">
        <ele>448</ele>
      </trkpt>
      <trkpt lat="45.904899" lon="6.138036">
        <ele>448</ele>
      </trkpt>
      <trkpt lat="45.905673" lon="6.137467">
        <ele>448</ele>
      </trkpt>
      <trkpt lat="45.905743" lon="6.137456">
        <ele>448</ele>
      </trkpt>
      <trkpt lat="45.905840" lon="6.137384">
        <ele>448</ele>
      </trkpt>
      <trkpt lat="45.905857" lon="6.137373">
        <ele>448</ele>
      </trkpt>
      <trkpt lat="45.905895" lon="6.137357">
        <ele>448</ele>
      </trkpt>
      <trkpt lat="45.905959" lon="6.137326">
        <ele>448</ele>
      </trkpt>
      <trkpt lat="45.906012" lon="6.137297">
        <ele>448</ele>
      </trkpt>
      <trkpt lat="45.906133" lon="6.137184">
        <ele>448.1</ele>
      </trkpt>
      <trkpt lat="45.906369" lon="6.137051">
        <ele>448.4</ele>
      </trkpt>
      <trkpt lat="45.906990" lon="6.136701">
        <ele>449</ele>
      </trkpt>
      <trkpt lat="45.907440" lon="6.136448">
        <ele>449</ele>
      </trkpt>
      <trkpt lat="45.907574" lon="6.136379">
        <ele>449</ele>
      </trkpt>
      <trkpt lat="45.907668" lon="6.136338">
        <ele>449</ele>
      </trkpt>
      <trkpt lat="45.907689" lon="6.136332">
        <ele>449</ele>
      </trkpt>
      <trkpt lat="45.907710" lon="6.136323">
        <ele>449</ele>
      </trkpt>
      <trkpt lat="45.907746" lon="6.136340">
        <ele>449</ele>
      </trkpt>
      <trkpt lat="45.907761" lon="6.136344">
        <ele>449</ele>
      </trkpt>
      <trkpt lat="45.907782" lon="6.136343">
        <ele>449</ele>
      </trkpt>
      <trkpt lat="45.907809" lon="6.136338">
        <ele>449.1</ele>
      </trkpt>
      <trkpt lat="45.907845" lon="6.136318">
        <ele>449.2</ele>
      </trkpt>
      <trkpt lat="45.907862" lon="6.136253">
        <ele>449.3</ele>
      </trkpt>
      <trkpt lat="45.907882" lon="6.136190">
        <ele>449.4</ele>
      </trkpt>
      <trkpt lat="45.907907" lon="6.136112">
        <ele>449.5</ele>
      </trkpt>
      <trkpt lat="45.907934" lon="6.136037">
        <ele>449.6</ele>
      </trkpt>
      <trkpt lat="45.907969" lon="6.135978">
        <ele>449.7</ele>
      </trkpt>
      <trkpt lat="45.907996" lon="6.135949">
        <ele>449.8</ele>
      </trkpt>
      <trkpt lat="45.908025" lon="6.135919">
        <ele>449.9</ele>
      </trkpt>
      <trkpt lat="45.908062" lon="6.135889">
        <ele>450</ele>
      </trkpt>
      <trkpt lat="45.908104" lon="6.135864">
        <ele>449.9</ele>
      </trkpt>
      <trkpt lat="45.908176" lon="6.135825">
        <ele>449.6</ele>
      </trkpt>
      <trkpt lat="45.908239" lon="6.135795">
        <ele>449.4</ele>
      </trkpt>
      <trkpt lat="45.908305" lon="6.135769">
        <ele>449.3</ele>
      </trkpt>
      <trkpt lat="45.908354" lon="6.135761">
        <ele>449.3</ele>
      </trkpt>
      <trkpt lat="45.908462" lon="6.135766">
        <ele>449.6</ele>
      </trkpt>
      <trkpt lat="45.908530" lon="6.135776">
        <ele>449.8</ele>
      </trkpt>
      <trkpt lat="45.908668" lon="6.135775">
        <ele>450</ele>
      </trkpt>
      <trkpt lat="45.908742" lon="6.135806">
        <ele>450</ele>
      </trkpt>
      <trkpt lat="45.908798" lon="6.135837">
        <ele>450</ele>
      </trkpt>
      <trkpt lat="45.908862" lon="6.135874">
        <ele>450</ele>
      </trkpt>
      <trkpt lat="45.909050" lon="6.136003">
        <ele>450.6</ele>
      </trkpt>
      <trkpt lat="45.909111" lon="6.136042">
        <ele>450.8</ele>
      </trkpt>
      <trkpt lat="45.909601" lon="6.136374">
        <ele>451</ele>
      </trkpt>
      <trkpt lat="45.909654" lon="6.136407">
        <ele>451</ele>
      </trkpt>
      <trkpt lat="45.909737" lon="6.136517">
        <ele>451</ele>
      </trkpt>
      <trkpt lat="45.909777" lon="6.136560">
        <ele>451.1</ele>
      </trkpt>
      <trkpt lat="45.909814" lon="6.136600">
        <ele>451.1</ele>
      </trkpt>
      <trkpt lat="45.909838" lon="6.136636">
        <ele>451</ele>
      </trkpt>
      <trkpt lat="45.909856" lon="6.136670">
        <ele>451</ele>
      </trkpt>
      <trkpt lat="45.909871" lon="6.136712">
        <ele>451</ele>
      </trkpt>
      <trkpt lat="45.909923" lon="6.136670">
        <ele>451</ele>
      </trkpt>
      <trkpt lat="45.909957" lon="6.136649">
        <ele>451.1</ele>
      </trkpt>
      <trkpt lat="45.909980" lon="6.136637">
        <ele>451.1</ele>
      </trkpt>
      <trkpt lat="45.910006" lon="6.136627">
        <ele>451.2</ele>
      </trkpt>
      <trkpt lat="45.910032" lon="6.136627">
        <ele>451.2</ele>
      </trkpt>
      <trkpt lat="45.910088" lon="6.136630">
        <ele>451.4</ele>
      </trkpt>
      <trkpt lat="45.910284" lon="6.136604">
        <ele>452</ele>
      </trkpt>
      <trkpt lat="45.910419" lon="6.136617">
        <ele>452</ele>
      </trkpt>
      <trkpt lat="45.910681" lon="6.136636">
        <ele>452</ele>
      </trkpt>
      <trkpt lat="45.910901" lon="6.136702">
        <ele>452</ele>
      </trkpt>
      <trkpt lat="45.910943" lon="6.136710">
        <ele>452</ele>
      </trkpt>
      <trkpt lat="45.910993" lon="6.136718">
        <ele>452</ele>
      </trkpt>
      <trkpt lat="45.911017" lon="6.136721">
        <ele>452</ele>
      </trkpt>
      <trkpt lat="45.911097" lon="6.136738">
        <ele>452</ele>
      </trkpt>
      <trkpt lat="45.911179" lon="6.136768">
        <ele>452.2</ele>
      </trkpt>
      <trkpt lat="45.911286" lon="6.136808">
        <ele>452.3</ele>
      </trkpt>
      <trkpt lat="45.911321" lon="6.136821">
        <ele>452.3</ele>
      </trkpt>
      <trkpt lat="45.911382" lon="6.136836">
        <ele>452.4</ele>
      </trkpt>
      <trkpt lat="45.911451" lon="6.136801">
        <ele>452.6</ele>
      </trkpt>
      <trkpt lat="45.911514" lon="6.136743">
        <ele>452.8</ele>
      </trkpt>
      <trkpt lat="45.911543" lon="6.136712">
        <ele>452.9</ele>
      </trkpt>
      <trkpt lat="45.911564" lon="6.136653">
        <ele>453</ele>
      </trkpt>
      <trkpt lat="45.911615" lon="6.136601">
        <ele>453</ele>
      </trkpt>
      <trkpt lat="45.912158" lon="6.136087">
        <ele>453.8</ele>
      </trkpt>
      <trkpt lat="45.912474" lon="6.135785">
        <ele>454</ele>
      </trkpt>
      <trkpt lat="45.912860" lon="6.135415">
        <ele>454.3</ele>
      </trkpt>
      <trkpt lat="45.912929" lon="6.135350">
        <ele>454.5</ele>
      </trkpt>
      <trkpt lat="45.913014" lon="6.135271">
        <ele>454.9</ele>
      </trkpt>
      <trkpt lat="45.913033" lon="6.135253">
        <ele>454.9</ele>
      </trkpt>
      <trkpt lat="45.913125" lon="6.135169">
        <ele>455</ele>
      </trkpt>
      <trkpt lat="45.913205" lon="6.135100">
        <ele>455</ele>
      </trkpt>
      <trkpt lat="45.913252" lon="6.135060">
        <ele>455</ele>
      </trkpt>
      <trkpt lat="45.913318" lon="6.135003">
        <ele>455</ele>
      </trkpt>
      <trkpt lat="45.913386" lon="6.134955">
        <ele>455</ele>
      </trkpt>
      <trkpt lat="45.913462" lon="6.134903">
        <ele>455</ele>
      </trkpt>
      <trkpt lat="45.913558" lon="6.134844">
        <ele>455</ele>
      </trkpt>
      <trkpt lat="45.913654" lon="6.134784">
        <ele>455</ele>
      </trkpt>
      <trkpt lat="45.913937" lon="6.134634">
        <ele>455</ele>
      </trkpt>
      <trkpt lat="45.914015" lon="6.134595">
        <ele>455</ele>
      </trkpt>
      <trkpt lat="45.914342" lon="6.134432">
        <ele>455</ele>
      </trkpt>
      <trkpt lat="45.914813" lon="6.134196">
        <ele>456</ele>
      </trkpt>
      <trkpt lat="45.914897" lon="6.134157">
        <ele>456</ele>
      </trkpt>
      <trkpt lat="45.914937" lon="6.134134">
        <ele>456</ele>
      </trkpt>
      <trkpt lat="45.914979" lon="6.134112">
        <ele>456</ele>
      </trkpt>
      <trkpt lat="45.915133" lon="6.134037">
        <ele>456</ele>
      </trkpt>
      <trkpt lat="45.915535" lon="6.133837">
        <ele>456</ele>
      </trkpt>
      <trkpt lat="45.915588" lon="6.133810">
        <ele>456</ele>
      </trkpt>
      <trkpt lat="45.915704" lon="6.133749">
        <ele>456</ele>
      </trkpt>
      <trkpt lat="45.915775" lon="6.133712">
        <ele>456</ele>
      </trkpt>
      <trkpt lat="45.915849" lon="6.133674">
        <ele>456.1</ele>
      </trkpt>
      <trkpt lat="45.915964" lon="6.133614">
        <ele>456.5</ele>
      </trkpt>
      <trkpt lat="45.916104" lon="6.133541">
        <ele>457</ele>
      </trkpt>
      <trkpt lat="45.916053" lon="6.133429">
        <ele>456.9</ele>
      </trkpt>
      <trkpt lat="45.916111" lon="6.133400">
        <ele>457</ele>
      </trkpt>
      <trkpt lat="45.916291" lon="6.133316">
        <ele>457</ele>
      </trkpt>
      <trkpt lat="45.916418" lon="6.133247">
        <ele>457</ele>
      </trkpt>
      <trkpt lat="45.916538" lon="6.133189">
        <ele>457.3</ele>
      </trkpt>
      <trkpt lat="45.916602" lon="6.133156">
        <ele>457.5</ele>
      </trkpt>
      <trkpt lat="45.916714" lon="6.133095">
        <ele>457.9</ele>
      </trkpt>
      <trkpt lat="45.916936" lon="6.132974">
        <ele>458</ele>
      </trkpt>
      <trkpt lat="45.917084" lon="6.132893">
        <ele>458</ele>
      </trkpt>
      <trkpt lat="45.917262" lon="6.132794">
        <ele>458</ele>
      </trkpt>
      <trkpt lat="45.917262" lon="6.132746">
        <ele>458</ele>
      </trkpt>
      <trkpt lat="45.917318" lon="6.132691">
        <ele>458.1</ele>
      </trkpt>
      <trkpt lat="45.917375" lon="6.132639">
        <ele>458.3</ele>
      </trkpt>
      <trkpt lat="45.917406" lon="6.132666">
        <ele>458.3</ele>
      </trkpt>
      <trkpt lat="45.917430" lon="6.132682">
        <ele>458.3</ele>
      </trkpt>
      <trkpt lat="45.917456" lon="6.132692">
        <ele>458.3</ele>
      </trkpt>
      <trkpt lat="45.917483" lon="6.132691">
        <ele>458.3</ele>
      </trkpt>
      <trkpt lat="45.918085" lon="6.132379">
        <ele>459</ele>
      </trkpt>
      <trkpt lat="45.918132" lon="6.132355">
        <ele>459</ele>
      </trkpt>
      <trkpt lat="45.918728" lon="6.132062">
        <ele>459.2</ele>
      </trkpt>
      <trkpt lat="45.918743" lon="6.132056">
        <ele>459.3</ele>
      </trkpt>
      <trkpt lat="45.918761" lon="6.132049">
        <ele>459.3</ele>
      </trkpt>
      <trkpt lat="45.918999" lon="6.131923">
        <ele>459.6</ele>
      </trkpt>
      <trkpt lat="45.919131" lon="6.131854">
        <ele>459.4</ele>
      </trkpt>
      <trkpt lat="45.919434" lon="6.131701">
        <ele>459.9</ele>
      </trkpt>
      <trkpt lat="45.919600" lon="6.131620">
        <ele>459.5</ele>
      </trkpt>
      <trkpt lat="45.919730" lon="6.131555">
        <ele>459.4</ele>
      </trkpt>
      <trkpt lat="45.919775" lon="6.131487">
        <ele>459.7</ele>
      </trkpt>
      <trkpt lat="45.919821" lon="6.131428">
        <ele>459.9</ele>
      </trkpt>
      <trkpt lat="45.919869" lon="6.131367">
        <ele>460</ele>
      </trkpt>
      <trkpt lat="45.919929" lon="6.131402">
        <ele>460</ele>
      </trkpt>
      <trkpt lat="45.919966" lon="6.131412">
        <ele>460</ele>
      </trkpt>
      <trkpt lat="45.920005" lon="6.131404">
        <ele>460</ele>
      </trkpt>
      <trkpt lat="45.920065" lon="6.131383">
        <ele>460</ele>
      </trkpt>
      <trkpt lat="45.920325" lon="6.131247">
        <ele>460</ele>
      </trkpt>
      <trkpt lat="45.920513" lon="6.131157">
        <ele>460</ele>
      </trkpt>
      <trkpt lat="45.920903" lon="6.130971">
        <ele>460.6</ele>
      </trkpt>
      <trkpt lat="45.921195" lon="6.130814">
        <ele>461</ele>
      </trkpt>
      <trkpt lat="45.921517" lon="6.130657">
        <ele>461</ele>
      </trkpt>
      <trkpt lat="45.921595" lon="6.130618">
        <ele>461</ele>
      </trkpt>
      <trkpt lat="45.922239" lon="6.130296">
        <ele>462</ele>
      </trkpt>
      <trkpt lat="45.922269" lon="6.130272">
        <ele>462</ele>
      </trkpt>
      <trkpt lat="45.922290" lon="6.130241">
        <ele>462</ele>
      </trkpt>
      <trkpt lat="45.922309" lon="6.130190">
        <ele>462</ele>
      </trkpt>
      <trkpt lat="45.922374" lon="6.130174">
        <ele>462</ele>
      </trkpt>
      <trkpt lat="45.922433" lon="6.130155">
        <ele>462</ele>
      </trkpt>
      <trkpt lat="45.922561" lon="6.130043">
        <ele>462</ele>
      </trkpt>
      <trkpt lat="45.922925" lon="6.129859">
        <ele>462.8</ele>
      </trkpt>
      <trkpt lat="45.923126" lon="6.129752">
        <ele>463</ele>
      </trkpt>
      <trkpt lat="45.923216" lon="6.129693">
        <ele>462.9</ele>
      </trkpt>
      <trkpt lat="45.923303" lon="6.129626">
        <ele>462.7</ele>
      </trkpt>
      <trkpt lat="45.923393" lon="6.129522">
        <ele>462.4</ele>
      </trkpt>
      <trkpt lat="45.923476" lon="6.129421">
        <ele>462.5</ele>
      </trkpt>
      <trkpt lat="45.923525" lon="6.129357">
        <ele>462.7</ele>
      </trkpt>
      <trkpt lat="45.923546" lon="6.129324">
        <ele>462.8</ele>
      </trkpt>
      <trkpt lat="45.923591" lon="6.129226">
        <ele>462.9</ele>
      </trkpt>
      <trkpt lat="45.923943" lon="6.128253">
        <ele>463</ele>
      </trkpt>
      <trkpt lat="45.924112" lon="6.127802">
        <ele>463.6</ele>
      </trkpt>
      <trkpt lat="45.924199" lon="6.127567">
        <ele>463.3</ele>
      </trkpt>
      <trkpt lat="45.924263" lon="6.127415">
        <ele>463.3</ele>
      </trkpt>
      <trkpt lat="45.924353" lon="6.127356">
        <ele>463.7</ele>
      </trkpt>
      <trkpt lat="45.924381" lon="6.127321">
        <ele>463.8</ele>
      </trkpt>
      <trkpt lat="45.924417" lon="6.127289">
        <ele>463.9</ele>
      </trkpt>
      <trkpt lat="45.924397" lon="6.127219">
        <ele>463.8</ele>
      </trkpt>
      <trkpt lat="45.924384" lon="6.127173">
        <ele>463.8</ele>
      </trkpt>
      <trkpt lat="45.924368" lon="6.127107">
        <ele>463.7</ele>
      </trkpt>
      <trkpt lat="45.924370" lon="6.126980">
        <ele>463.7</ele>
      </trkpt>
      <trkpt lat="45.924338" lon="6.126743">
        <ele>463.2</ele>
      </trkpt>
      <trkpt lat="45.924330" lon="6.126648">
        <ele>463</ele>
      </trkpt>
      <trkpt lat="45.924323" lon="6.126553">
        <ele>463</ele>
      </trkpt>
      <trkpt lat="45.924318" lon="6.126462">
        <ele>463</ele>
      </trkpt>
      <trkpt lat="45.924320" lon="6.126367">
        <ele>462.8</ele>
      </trkpt>
      <trkpt lat="45.924332" lon="6.126244">
        <ele>461.4</ele>
      </trkpt>
      <trkpt lat="45.924350" lon="6.126154">
        <ele>460.2</ele>
      </trkpt>
      <trkpt lat="45.924430" lon="6.125839">
        <ele>461.8</ele>
      </trkpt>
      <trkpt lat="45.924453" lon="6.125747">
        <ele>462.7</ele>
      </trkpt>
      <trkpt lat="45.924480" lon="6.125664">
        <ele>463.3</ele>
      </trkpt>
      <trkpt lat="45.924499" lon="6.125634">
        <ele>463.5</ele>
      </trkpt>
      <trkpt lat="45.924511" lon="6.125614">
        <ele>463.7</ele>
      </trkpt>
      <trkpt lat="45.924532" lon="6.125580">
        <ele>463.9</ele>
      </trkpt>
      <trkpt lat="45.924570" lon="6.125545">
        <ele>464</ele>
      </trkpt>
      <trkpt lat="45.924605" lon="6.125519">
        <ele>463.9</ele>
      </trkpt>
      <trkpt lat="45.924638" lon="6.125502">
        <ele>463.9</ele>
      </trkpt>
      <trkpt lat="45.924689" lon="6.125473">
        <ele>464</ele>
      </trkpt>
      <trkpt lat="45.924748" lon="6.125467">
        <ele>464</ele>
      </trkpt>
      <trkpt lat="45.924927" lon="6.125463">
        <ele>464.2</ele>
      </trkpt>
      <trkpt lat="45.925079" lon="6.125456">
        <ele>464.4</ele>
      </trkpt>
      <trkpt lat="45.925111" lon="6.125455">
        <ele>464.4</ele>
      </trkpt>
      <trkpt lat="45.925145" lon="6.125462">
        <ele>464.3</ele>
      </trkpt>
      <trkpt lat="45.925178" lon="6.125473">
        <ele>464.3</ele>
      </trkpt>
      <trkpt lat="45.925207" lon="6.125486">
        <ele>464.3</ele>
      </trkpt>
      <trkpt lat="45.925244" lon="6.125507">
        <ele>464.2</ele>
      </trkpt>
      <trkpt lat="45.925576" lon="6.125689">
        <ele>462.9</ele>
      </trkpt>
      <trkpt lat="45.925600" lon="6.125702">
        <ele>462.8</ele>
      </trkpt>
      <trkpt lat="45.925669" lon="6.125733">
        <ele>462.7</ele>
      </trkpt>
      <trkpt lat="45.925748" lon="6.125769">
        <ele>462.7</ele>
      </trkpt>
      <trkpt lat="45.925836" lon="6.125625">
        <ele>461.5</ele>
      </trkpt>
      <trkpt lat="45.925850" lon="6.125600">
        <ele>461.5</ele>
      </trkpt>
      <trkpt lat="45.925862" lon="6.125575">
        <ele>461.4</ele>
      </trkpt>
      <trkpt lat="45.925872" lon="6.125547">
        <ele>461.4</ele>
      </trkpt>
      <trkpt lat="45.925880" lon="6.125507">
        <ele>461.5</ele>
      </trkpt>
      <trkpt lat="45.925885" lon="6.125469">
        <ele>461.5</ele>
      </trkpt>
      <trkpt lat="45.925886" lon="6.125433">
        <ele>461.5</ele>
      </trkpt>
      <trkpt lat="45.925887" lon="6.125262">
        <ele>461.3</ele>
      </trkpt>
      <trkpt lat="45.925875" lon="6.125200">
        <ele>460.9</ele>
      </trkpt>
      <trkpt lat="45.925872" lon="6.125182">
        <ele>460.8</ele>
      </trkpt>
      <trkpt lat="45.925871" lon="6.125159">
        <ele>460.7</ele>
      </trkpt>
      <trkpt lat="45.925871" lon="6.125140">
        <ele>460.6</ele>
      </trkpt>
      <trkpt lat="45.925865" lon="6.125056">
        <ele>460.2</ele>
      </trkpt>
      <trkpt lat="45.925865" lon="6.124993">
        <ele>459.9</ele>
      </trkpt>
      <trkpt lat="45.925865" lon="6.124975">
        <ele>459.9</ele>
      </trkpt>
      <trkpt lat="45.925862" lon="6.124254">
        <ele>459.9</ele>
      </trkpt>
      <trkpt lat="45.925862" lon="6.124215">
        <ele>459.9</ele>
      </trkpt>
      <trkpt lat="45.925862" lon="6.124158">
        <ele>459.9</ele>
      </trkpt>
      <trkpt lat="45.925862" lon="6.124049">
        <ele>459.5</ele>
      </trkpt>
      <trkpt lat="45.925862" lon="6.124032">
        <ele>459.5</ele>
      </trkpt>
      <trkpt lat="45.925862" lon="6.124010">
        <ele>459.4</ele>
      </trkpt>
      <trkpt lat="45.925881" lon="6.124010">
        <ele>459.4</ele>
      </trkpt>
      <trkpt lat="45.926026" lon="6.124008">
        <ele>459.1</ele>
      </trkpt>
      <trkpt lat="45.926118" lon="6.124008">
        <ele>459</ele>
      </trkpt>
      <trkpt lat="45.926132" lon="6.124010">
        <ele>459</ele>
      </trkpt>
      <trkpt lat="45.926140" lon="6.124015">
        <ele>459</ele>
      </trkpt>
      <trkpt lat="45.926147" lon="6.124024">
        <ele>459</ele>
      </trkpt>
      <trkpt lat="45.926165" lon="6.124054">
        <ele>459</ele>
      </trkpt>
      <trkpt lat="45.926172" lon="6.124066">
        <ele>459</ele>
      </trkpt>
      <trkpt lat="45.926181" lon="6.124073">
        <ele>459</ele>
      </trkpt>
      <trkpt lat="45.926191" lon="6.124076">
        <ele>459</ele>
      </trkpt>
      <trkpt lat="45.926459" lon="6.124079">
        <ele>459</ele>
      </trkpt>
      <trkpt lat="45.926474" lon="6.124074">
        <ele>459</ele>
      </trkpt>
      <trkpt lat="45.926490" lon="6.124067">
        <ele>459</ele>
      </trkpt>
      <trkpt lat="45.926517" lon="6.124057">
        <ele>459</ele>
      </trkpt>
      <trkpt lat="45.926610" lon="6.124011">
        <ele>459</ele>
      </trkpt>
      <trkpt lat="45.926627" lon="6.124004">
        <ele>459</ele>
      </trkpt>
      <trkpt lat="45.926647" lon="6.123999">
        <ele>459</ele>
      </trkpt>
      <trkpt lat="45.926668" lon="6.123997">
        <ele>459</ele>
      </trkpt>
      <trkpt lat="45.926685" lon="6.123998">
        <ele>459</ele>
      </trkpt>
      <trkpt lat="45.926703" lon="6.124000">
        <ele>459</ele>
      </trkpt>
      <trkpt lat="45.926718" lon="6.124003">
        <ele>459</ele>
      </trkpt>
      <trkpt lat="45.927068" lon="6.124098">
        <ele>459.3</ele>
      </trkpt>
      <trkpt lat="45.927066" lon="6.123945">
        <ele>459.1</ele>
      </trkpt>
      <trkpt lat="45.927066" lon="6.123875">
        <ele>459</ele>
      </trkpt>
      <trkpt lat="45.927099" lon="6.123874">
        <ele>459</ele>
      </trkpt>
      <trkpt lat="45.927098" lon="6.123828">
        <ele>459</ele>
      </trkpt>
      <trkpt lat="45.927098" lon="6.123755">
        <ele>459</ele>
      </trkpt>
      <trkpt lat="45.927149" lon="6.123748">
        <ele>459</ele>
      </trkpt>
      <trkpt lat="45.927224" lon="6.123680">
        <ele>459</ele>
      </trkpt>
      <trkpt lat="45.927252" lon="6.123651">
        <ele>459</ele>
      </trkpt>
      <trkpt lat="45.927291" lon="6.123600">
        <ele>459</ele>
      </trkpt>
      <trkpt lat="45.927346" lon="6.123514">
        <ele>459</ele>
      </trkpt>
      <trkpt lat="45.927398" lon="6.123449">
        <ele>459</ele>
      </trkpt>
      <trkpt lat="45.927434" lon="6.123412">
        <ele>459</ele>
      </trkpt>
      <trkpt lat="45.927478" lon="6.123383">
        <ele>459</ele>
      </trkpt>
      <trkpt lat="45.927548" lon="6.123405">
        <ele>459.1</ele>
      </trkpt>
      <trkpt lat="45.927585" lon="6.123278">
        <ele>459.1</ele>
      </trkpt>
      <trkpt lat="45.927627" lon="6.123219">
        <ele>458.9</ele>
      </trkpt>
      <trkpt lat="45.927736" lon="6.123070">
        <ele>457.4</ele>
      </trkpt>
      <trkpt lat="45.927798" lon="6.122971">
        <ele>456.9</ele>
      </trkpt>
      <trkpt lat="45.927843" lon="6.122862">
        <ele>456.6</ele>
      </trkpt>
      <trkpt lat="45.927950" lon="6.122586">
        <ele>453.2</ele>
      </trkpt>
      <trkpt lat="45.928111" lon="6.122308">
        <ele>452.6</ele>
      </trkpt>
      <trkpt lat="45.928289" lon="6.122116">
        <ele>451</ele>
      </trkpt>
      <trkpt lat="45.928623" lon="6.121891">
        <ele>449.4</ele>
      </trkpt>
      <trkpt lat="45.928691" lon="6.121851">
        <ele>449.3</ele>
      </trkpt>
      <trkpt lat="45.928755" lon="6.121776">
        <ele>449.1</ele>
      </trkpt>
      <trkpt lat="45.928798" lon="6.121717">
        <ele>449.2</ele>
      </trkpt>
      <trkpt lat="45.928858" lon="6.121625">
        <ele>449.5</ele>
      </trkpt>
      <trkpt lat="45.928959" lon="6.121482">
        <ele>449.1</ele>
      </trkpt>
      <trkpt lat="45.929084" lon="6.121281">
        <ele>448.2</ele>
      </trkpt>
      <trkpt lat="45.929176" lon="6.121088">
        <ele>447.1</ele>
      </trkpt>
      <trkpt lat="45.929198" lon="6.121049">
        <ele>445.5</ele>
      </trkpt>
      <trkpt lat="45.929804" lon="6.119957">
        <ele>442.3</ele>
      </trkpt>
      <trkpt lat="45.929970" lon="6.119673">
        <ele>445.7</ele>
      </trkpt>
      <trkpt lat="45.930044" lon="6.119590">
        <ele>445.6</ele>
      </trkpt>
      <trkpt lat="45.930168" lon="6.119457">
        <ele>445.6</ele>
      </trkpt>
      <trkpt lat="45.930191" lon="6.119435">
        <ele>445.6</ele>
      </trkpt>
      <trkpt lat="45.930416" lon="6.119218">
        <ele>446.4</ele>
      </trkpt>
      <trkpt lat="45.930589" lon="6.119077">
        <ele>446.9</ele>
      </trkpt>
      <trkpt lat="45.930769" lon="6.118949">
        <ele>448.2</ele>
      </trkpt>
      <trkpt lat="45.931057" lon="6.118820">
        <ele>450.5</ele>
      </trkpt>
      <trkpt lat="45.931340" lon="6.118735">
        <ele>452.5</ele>
      </trkpt>
      <trkpt lat="45.931601" lon="6.118694">
        <ele>453.9</ele>
      </trkpt>
      <trkpt lat="45.931900" lon="6.118701">
        <ele>455.1</ele>
      </trkpt>
      <trkpt lat="45.931921" lon="6.118701">
        <ele>455.2</ele>
      </trkpt>
      <trkpt lat="45.932097" lon="6.118728">
        <ele>455.9</ele>
      </trkpt>
      <trkpt lat="45.932151" lon="6.118742">
        <ele>456.2</ele>
      </trkpt>
      <trkpt lat="45.932250" lon="6.118768">
        <ele>456.5</ele>
      </trkpt>
      <trkpt lat="45.932426" lon="6.118823">
        <ele>457</ele>
      </trkpt>
      <trkpt lat="45.932564" lon="6.118872">
        <ele>457.3</ele>
      </trkpt>
      <trkpt lat="45.933125" lon="6.119081">
        <ele>459.4</ele>
      </trkpt>
      <trkpt lat="45.933202" lon="6.119109">
        <ele>459.9</ele>
      </trkpt>
      <trkpt lat="45.933261" lon="6.119125">
        <ele>460.4</ele>
      </trkpt>
      <trkpt lat="45.933311" lon="6.119132">
        <ele>460.7</ele>
      </trkpt>
      <trkpt lat="45.933368" lon="6.119139">
        <ele>461.2</ele>
      </trkpt>
      <trkpt lat="45.933448" lon="6.119134">
        <ele>461.7</ele>
      </trkpt>
      <trkpt lat="45.933516" lon="6.119122">
        <ele>462.2</ele>
      </trkpt>
      <trkpt lat="45.933575" lon="6.119100">
        <ele>462.5</ele>
      </trkpt>
      <trkpt lat="45.933621" lon="6.119079">
        <ele>462.9</ele>
      </trkpt>
      <trkpt lat="45.933700" lon="6.119027">
        <ele>463.9</ele>
      </trkpt>
      <trkpt lat="45.933774" lon="6.118962">
        <ele>464.5</ele>
      </trkpt>
      <trkpt lat="45.933889" lon="6.118830">
        <ele>464.8</ele>
      </trkpt>
      <trkpt lat="45.933920" lon="6.118785">
        <ele>465.1</ele>
      </trkpt>
      <trkpt lat="45.933966" lon="6.118722">
        <ele>465.5</ele>
      </trkpt>
      <trkpt lat="45.934005" lon="6.118663">
        <ele>465.9</ele>
      </trkpt>
      <trkpt lat="45.934033" lon="6.118606">
        <ele>466.1</ele>
      </trkpt>
      <trkpt lat="45.934071" lon="6.118491">
        <ele>466.2</ele>
      </trkpt>
      <trkpt lat="45.934094" lon="6.118401">
        <ele>466.2</ele>
      </trkpt>
      <trkpt lat="45.934105" lon="6.118331">
        <ele>466.1</ele>
      </trkpt>
      <trkpt lat="45.934117" lon="6.118243">
        <ele>466</ele>
      </trkpt>
      <trkpt lat="45.934128" lon="6.118161">
        <ele>465.9</ele>
      </trkpt>
      <trkpt lat="45.934144" lon="6.118053">
        <ele>465.8</ele>
      </trkpt>
      <trkpt lat="45.934171" lon="6.117971">
        <ele>466.3</ele>
      </trkpt>
      <trkpt lat="45.934227" lon="6.117888">
        <ele>466.5</ele>
      </trkpt>
      <trkpt lat="45.934298" lon="6.117980">
        <ele>466.1</ele>
      </trkpt>
      <trkpt lat="45.934373" lon="6.118025">
        <ele>466</ele>
      </trkpt>
      <trkpt lat="45.934421" lon="6.118042">
        <ele>466</ele>
      </trkpt>
      <trkpt lat="45.934480" lon="6.118046">
        <ele>466</ele>
      </trkpt>
      <trkpt lat="45.934524" lon="6.118022">
        <ele>466</ele>
      </trkpt>
      <trkpt lat="45.934577" lon="6.117959">
        <ele>466</ele>
      </trkpt>
      <trkpt lat="45.934630" lon="6.117895">
        <ele>466</ele>
      </trkpt>
      <trkpt lat="45.934654" lon="6.117855">
        <ele>466</ele>
      </trkpt>
      <trkpt lat="45.934676" lon="6.117819">
        <ele>466</ele>
      </trkpt>
      <trkpt lat="45.934697" lon="6.117793">
        <ele>466</ele>
      </trkpt>
      <trkpt lat="45.934720" lon="6.117760">
        <ele>466</ele>
      </trkpt>
      <trkpt lat="45.934718" lon="6.117664">
        <ele>466</ele>
      </trkpt>
      <trkpt lat="45.934716" lon="6.117554">
        <ele>466</ele>
      </trkpt>
      <trkpt lat="45.934712" lon="6.117504">
        <ele>466</ele>
      </trkpt>
      <trkpt lat="45.934708" lon="6.117447">
        <ele>466</ele>
      </trkpt>
      <trkpt lat="45.934885" lon="6.117433">
        <ele>466</ele>
      </trkpt>
      <trkpt lat="45.935045" lon="6.117422">
        <ele>465.9</ele>
      </trkpt>
      <trkpt lat="45.935617" lon="6.117352">
        <ele>464.6</ele>
      </trkpt>
      <trkpt lat="45.935622" lon="6.117437">
        <ele>464.1</ele>
      </trkpt>
      <trkpt lat="45.935627" lon="6.117530">
        <ele>463.9</ele>
      </trkpt>
      <trkpt lat="45.935633" lon="6.117637">
        <ele>464.6</ele>
      </trkpt>
      <trkpt lat="45.935672" lon="6.117635">
        <ele>464.3</ele>
      </trkpt>
      <trkpt lat="45.935715" lon="6.117661">
        <ele>464.3</ele>
      </trkpt>
      <trkpt lat="45.935745" lon="6.117690">
        <ele>464.2</ele>
      </trkpt>
      <trkpt lat="45.935767" lon="6.117733">
        <ele>464.3</ele>
      </trkpt>
      <trkpt lat="45.935797" lon="6.117828">
        <ele>464.6</ele>
      </trkpt>
      <trkpt lat="45.935811" lon="6.117851">
        <ele>464.6</ele>
      </trkpt>
      <trkpt lat="45.935833" lon="6.117868">
        <ele>464.7</ele>
      </trkpt>
      <trkpt lat="45.935855" lon="6.117881">
        <ele>464.7</ele>
      </trkpt>
      <trkpt lat="45.935887" lon="6.117900">
        <ele>464.9</ele>
      </trkpt>
      <trkpt lat="45.935933" lon="6.117894">
        <ele>464.8</ele>
      </trkpt>
      <trkpt lat="45.935962" lon="6.117882">
        <ele>464.6</ele>
      </trkpt>
      <trkpt lat="45.936004" lon="6.117882">
        <ele>464.6</ele>
      </trkpt>
      <trkpt lat="45.936056" lon="6.117893">
        <ele>464.7</ele>
      </trkpt>
      <trkpt lat="45.936084" lon="6.117901">
        <ele>464.8</ele>
      </trkpt>
      <trkpt lat="45.936108" lon="6.117894">
        <ele>464.7</ele>
      </trkpt>
      <trkpt lat="45.936129" lon="6.117865">
        <ele>464.3</ele>
      </trkpt>
      <trkpt lat="45.936148" lon="6.117821">
        <ele>463.7</ele>
      </trkpt>
      <trkpt lat="45.936152" lon="6.117760">
        <ele>463.1</ele>
      </trkpt>
      <trkpt lat="45.936217" lon="6.117690">
        <ele>463.2</ele>
      </trkpt>
      <trkpt lat="45.936252" lon="6.117675">
        <ele>463.2</ele>
      </trkpt>
      <trkpt lat="45.936282" lon="6.117677">
        <ele>463.1</ele>
      </trkpt>
      <trkpt lat="45.936318" lon="6.117682">
        <ele>463.1</ele>
      </trkpt>
      <trkpt lat="45.936332" lon="6.117684">
        <ele>463.1</ele>
      </trkpt>
      <trkpt lat="45.936570" lon="6.117771">
        <ele>463</ele>
      </trkpt>
      <trkpt lat="45.936793" lon="6.117862">
        <ele>464.6</ele>
      </trkpt>
      <trkpt lat="45.936854" lon="6.117899">
        <ele>464.7</ele>
      </trkpt>
      <trkpt lat="45.936874" lon="6.117917">
        <ele>464.6</ele>
      </trkpt>
      <trkpt lat="45.936881" lon="6.117931">
        <ele>464.7</ele>
      </trkpt>
      <trkpt lat="45.936891" lon="6.117954">
        <ele>464.7</ele>
      </trkpt>
      <trkpt lat="45.936897" lon="6.117991">
        <ele>464.7</ele>
      </trkpt>
      <trkpt lat="45.936910" lon="6.118078">
        <ele>464.8</ele>
      </trkpt>
      <trkpt lat="45.936924" lon="6.118118">
        <ele>464.6</ele>
      </trkpt>
      <trkpt lat="45.936959" lon="6.118205">
        <ele>464.6</ele>
      </trkpt>
      <trkpt lat="45.936979" lon="6.118240">
        <ele>464.7</ele>
      </trkpt>
      <trkpt lat="45.937086" lon="6.118274">
        <ele>464.9</ele>
      </trkpt>
      <trkpt lat="45.937243" lon="6.118300">
        <ele>465.1</ele>
      </trkpt>
      <trkpt lat="45.937284" lon="6.118310">
        <ele>465.2</ele>
      </trkpt>
      <trkpt lat="45.937332" lon="6.118335">
        <ele>465.4</ele>
      </trkpt>
      <trkpt lat="45.937359" lon="6.118354">
        <ele>465.6</ele>
      </trkpt>
      <trkpt lat="45.937417" lon="6.118417">
        <ele>466.1</ele>
      </trkpt>
      <trkpt lat="45.937466" lon="6.118485">
        <ele>466.5</ele>
      </trkpt>
      <trkpt lat="45.937927" lon="6.119164">
        <ele>467.5</ele>
      </trkpt>
      <trkpt lat="45.938168" lon="6.119510">
        <ele>468.1</ele>
      </trkpt>
      <trkpt lat="45.938352" lon="6.119803">
        <ele>468.7</ele>
      </trkpt>
      <trkpt lat="45.938453" lon="6.119975">
        <ele>468.4</ele>
      </trkpt>
      <trkpt lat="45.938503" lon="6.120084">
        <ele>468.8</ele>
      </trkpt>
      <trkpt lat="45.938538" lon="6.120174">
        <ele>469.2</ele>
      </trkpt>
      <trkpt lat="45.938547" lon="6.120220">
        <ele>469.4</ele>
      </trkpt>
      <trkpt lat="45.938549" lon="6.120251">
        <ele>469.5</ele>
      </trkpt>
      <trkpt lat="45.938547" lon="6.120284">
        <ele>469.5</ele>
      </trkpt>
      <trkpt lat="45.938542" lon="6.120317">
        <ele>469.5</ele>
      </trkpt>
      <trkpt lat="45.938519" lon="6.120370">
        <ele>469.4</ele>
      </trkpt>
      <trkpt lat="45.938466" lon="6.120438">
        <ele>469.3</ele>
      </trkpt>
      <trkpt lat="45.938467" lon="6.120508">
        <ele>469.4</ele>
      </trkpt>
      <trkpt lat="45.938470" lon="6.120581">
        <ele>469.4</ele>
      </trkpt>
      <trkpt lat="45.938512" lon="6.120586">
        <ele>469.6</ele>
      </trkpt>
      <trkpt lat="45.938539" lon="6.120606">
        <ele>469.7</ele>
      </trkpt>
      <trkpt lat="45.938558" lon="6.120633">
        <ele>469.8</ele>
      </trkpt>
      <trkpt lat="45.938572" lon="6.120670">
        <ele>469.8</ele>
      </trkpt>
      <trkpt lat="45.938580" lon="6.120713">
        <ele>469.8</ele>
      </trkpt>
      <trkpt lat="45.938579" lon="6.120774">
        <ele>469.8</ele>
      </trkpt>
      <trkpt lat="45.938616" lon="6.120787">
        <ele>470</ele>
      </trkpt>
      <trkpt lat="45.938654" lon="6.120802">
        <ele>470.2</ele>
      </trkpt>
      <trkpt lat="45.938680" lon="6.120829">
        <ele>470.2</ele>
      </trkpt>
      <trkpt lat="45.938721" lon="6.120873">
        <ele>470.7</ele>
      </trkpt>
      <trkpt lat="45.938740" lon="6.120844">
        <ele>470.5</ele>
      </trkpt>
      <trkpt lat="45.938764" lon="6.120822">
        <ele>470.6</ele>
      </trkpt>
      <trkpt lat="45.938792" lon="6.120810">
        <ele>470.7</ele>
      </trkpt>
      <trkpt lat="45.938825" lon="6.120800">
        <ele>470.8</ele>
      </trkpt>
      <trkpt lat="45.938851" lon="6.120796">
        <ele>470.9</ele>
      </trkpt>
      <trkpt lat="45.938880" lon="6.120795">
        <ele>471</ele>
      </trkpt>
      <trkpt lat="45.938916" lon="6.120810">
        <ele>471.1</ele>
      </trkpt>
      <trkpt lat="45.938961" lon="6.120835">
        <ele>471.3</ele>
      </trkpt>
      <trkpt lat="45.939017" lon="6.120859">
        <ele>471.7</ele>
      </trkpt>
      <trkpt lat="45.939062" lon="6.120888">
        <ele>472</ele>
      </trkpt>
      <trkpt lat="45.939086" lon="6.120911">
        <ele>472.2</ele>
      </trkpt>
      <trkpt lat="45.939137" lon="6.120969">
        <ele>472.5</ele>
      </trkpt>
      <trkpt lat="45.939471" lon="6.121403">
        <ele>474</ele>
      </trkpt>
      <trkpt lat="45.939531" lon="6.121485">
        <ele>474.1</ele>
      </trkpt>
      <trkpt lat="45.939593" lon="6.121570">
        <ele>474.3</ele>
      </trkpt>
      <trkpt lat="45.940036" lon="6.122181">
        <ele>477.7</ele>
      </trkpt>
      <trkpt lat="45.940076" lon="6.122220">
        <ele>478</ele>
      </trkpt>
      <trkpt lat="45.940122" lon="6.122227">
        <ele>478</ele>
      </trkpt>
      <trkpt lat="45.940130" lon="6.122249">
        <ele>478</ele>
      </trkpt>
      <trkpt lat="45.940135" lon="6.122272">
        <ele>478</ele>
      </trkpt>
      <trkpt lat="45.940136" lon="6.122308">
        <ele>478</ele>
      </trkpt>
      <trkpt lat="45.940138" lon="6.122414">
        <ele>478</ele>
      </trkpt>
      <trkpt lat="45.940129" lon="6.122547">
        <ele>478.2</ele>
      </trkpt>
      <trkpt lat="45.940193" lon="6.122564">
        <ele>478.2</ele>
      </trkpt>
      <trkpt lat="45.940270" lon="6.122585">
        <ele>478.3</ele>
      </trkpt>
      <trkpt lat="45.940287" lon="6.122590">
        <ele>478.4</ele>
      </trkpt>
      <trkpt lat="45.940298" lon="6.122593">
        <ele>478.4</ele>
      </trkpt>
      <trkpt lat="45.940591" lon="6.122672">
        <ele>479.5</ele>
      </trkpt>
      <trkpt lat="45.941476" lon="6.122902">
        <ele>480.9</ele>
      </trkpt>
      <trkpt lat="45.941607" lon="6.122942">
        <ele>481.2</ele>
      </trkpt>
      <trkpt lat="45.941740" lon="6.122981">
        <ele>481.3</ele>
      </trkpt>
      <trkpt lat="45.941756" lon="6.122927">
        <ele>480.9</ele>
      </trkpt>
      <trkpt lat="45.941783" lon="6.122892">
        <ele>480.7</ele>
      </trkpt>
      <trkpt lat="45.941811" lon="6.122878">
        <ele>480.5</ele>
      </trkpt>
      <trkpt lat="45.941838" lon="6.122878">
        <ele>480.5</ele>
      </trkpt>
      <trkpt lat="45.942568" lon="6.123131">
        <ele>481.1</ele>
      </trkpt>
      <trkpt lat="45.942891" lon="6.123194">
        <ele>481</ele>
      </trkpt>
      <trkpt lat="45.942927" lon="6.123200">
        <ele>481</ele>
      </trkpt>
      <trkpt lat="45.942975" lon="6.123207">
        <ele>481.1</ele>
      </trkpt>
      <trkpt lat="45.943012" lon="6.123191">
        <ele>481</ele>
      </trkpt>
      <trkpt lat="45.943048" lon="6.123166">
        <ele>480.8</ele>
      </trkpt>
      <trkpt lat="45.943077" lon="6.123136">
        <ele>480.6</ele>
      </trkpt>
      <trkpt lat="45.943098" lon="6.123090">
        <ele>480.4</ele>
      </trkpt>
      <trkpt lat="45.943108" lon="6.123063">
        <ele>480.2</ele>
      </trkpt>
      <trkpt lat="45.943126" lon="6.123049">
        <ele>480.2</ele>
      </trkpt>
      <trkpt lat="45.943147" lon="6.123047">
        <ele>480.3</ele>
      </trkpt>
      <trkpt lat="45.943174" lon="6.123058">
        <ele>480.4</ele>
      </trkpt>
      <trkpt lat="45.943214" lon="6.123075">
        <ele>480.7</ele>
      </trkpt>
      <trkpt lat="45.943204" lon="6.122957">
        <ele>480.3</ele>
      </trkpt>
      <trkpt lat="45.943197" lon="6.122784">
        <ele>480</ele>
      </trkpt>
      <trkpt lat="45.943179" lon="6.122656">
        <ele>479.8</ele>
      </trkpt>
      <trkpt lat="45.943152" lon="6.122536">
        <ele>479.4</ele>
      </trkpt>
      <trkpt lat="45.943356" lon="6.122422">
        <ele>479.7</ele>
      </trkpt>
      <trkpt lat="45.943418" lon="6.122373">
        <ele>479.7</ele>
      </trkpt>
      <trkpt lat="45.943482" lon="6.122307">
        <ele>479.7</ele>
      </trkpt>
      <trkpt lat="45.943512" lon="6.122255">
        <ele>479.7</ele>
      </trkpt>
      <trkpt lat="45.943542" lon="6.122181">
        <ele>479.6</ele>
      </trkpt>
      <trkpt lat="45.943680" lon="6.122042">
        <ele>480.4</ele>
      </trkpt>
      <trkpt lat="45.943826" lon="6.121840">
        <ele>482</ele>
      </trkpt>
      <trkpt lat="45.944144" lon="6.121398">
        <ele>485.7</ele>
      </trkpt>
      <trkpt lat="45.944501" lon="6.120939">
        <ele>488</ele>
      </trkpt>
      <trkpt lat="45.944823" lon="6.120582">
        <ele>490</ele>
      </trkpt>
      <trkpt lat="45.945109" lon="6.120296">
        <ele>492.3</ele>
      </trkpt>
      <trkpt lat="45.945306" lon="6.120065">
        <ele>493.4</ele>
      </trkpt>
      <trkpt lat="45.945383" lon="6.119945">
        <ele>493.5</ele>
      </trkpt>
      <trkpt lat="45.945576" lon="6.119723">
        <ele>493.1</ele>
      </trkpt>
      <trkpt lat="45.945648" lon="6.119613">
        <ele>492.7</ele>
      </trkpt>
      <trkpt lat="45.945992" lon="6.119264">
        <ele>493</ele>
      </trkpt>
      <trkpt lat="45.946015" lon="6.119325">
        <ele>493.4</ele>
      </trkpt>
      <trkpt lat="45.946030" lon="6.119366">
        <ele>493.5</ele>
      </trkpt>
      <trkpt lat="45.946053" lon="6.119423">
        <ele>493.8</ele>
      </trkpt>
      <trkpt lat="45.946154" lon="6.119336">
        <ele>493.9</ele>
      </trkpt>
      <trkpt lat="45.946187" lon="6.119311">
        <ele>493.9</ele>
      </trkpt>
      <trkpt lat="45.946228" lon="6.119276">
        <ele>493.7</ele>
      </trkpt>
      <trkpt lat="45.946274" lon="6.119230">
        <ele>493.5</ele>
      </trkpt>
      <trkpt lat="45.946299" lon="6.119200">
        <ele>493.4</ele>
      </trkpt>
      <trkpt lat="45.946334" lon="6.119153">
        <ele>493.2</ele>
      </trkpt>
      <trkpt lat="45.946396" lon="6.119087">
        <ele>493</ele>
      </trkpt>
      <trkpt lat="45.946464" lon="6.119025">
        <ele>493.1</ele>
      </trkpt>
      <trkpt lat="45.946529" lon="6.118981">
        <ele>493.2</ele>
      </trkpt>
      <trkpt lat="45.946549" lon="6.118966">
        <ele>493.2</ele>
      </trkpt>
      <trkpt lat="45.946576" lon="6.118950">
        <ele>493.1</ele>
      </trkpt>
      <trkpt lat="45.946602" lon="6.118930">
        <ele>493.1</ele>
      </trkpt>
      <trkpt lat="45.946627" lon="6.118907">
        <ele>493.1</ele>
      </trkpt>
      <trkpt lat="45.946637" lon="6.118899">
        <ele>493</ele>
      </trkpt>
      <trkpt lat="45.946687" lon="6.118829">
        <ele>492.8</ele>
      </trkpt>
      <trkpt lat="45.946698" lon="6.118846">
        <ele>492.9</ele>
      </trkpt>
      <trkpt lat="45.946711" lon="6.118858">
        <ele>492.9</ele>
      </trkpt>
      <trkpt lat="45.946726" lon="6.118864">
        <ele>492.9</ele>
      </trkpt>
      <trkpt lat="45.946741" lon="6.118865">
        <ele>492.9</ele>
      </trkpt>
      <trkpt lat="45.946756" lon="6.118860">
        <ele>492.9</ele>
      </trkpt>
      <trkpt lat="45.946770" lon="6.118850">
        <ele>492.9</ele>
      </trkpt>
      <trkpt lat="45.946782" lon="6.118835">
        <ele>492.9</ele>
      </trkpt>
      <trkpt lat="45.946790" lon="6.118816">
        <ele>492.9</ele>
      </trkpt>
      <trkpt lat="45.946795" lon="6.118793">
        <ele>492.8</ele>
      </trkpt>
      <trkpt lat="45.946795" lon="6.118769">
        <ele>492.8</ele>
      </trkpt>
      <trkpt lat="45.946790" lon="6.118746">
        <ele>492.7</ele>
      </trkpt>
      <trkpt lat="45.946781" lon="6.118725">
        <ele>492.7</ele>
      </trkpt>
      <trkpt lat="45.946866" lon="6.118615">
        <ele>492.7</ele>
      </trkpt>
      <trkpt lat="45.947096" lon="6.118316">
        <ele>492.6</ele>
      </trkpt>
      <trkpt lat="45.947268" lon="6.118092">
        <ele>493.2</ele>
      </trkpt>
      <trkpt lat="45.947599" lon="6.117661">
        <ele>494.7</ele>
      </trkpt>
      <trkpt lat="45.947984" lon="6.117159">
        <ele>498.1</ele>
      </trkpt>
      <trkpt lat="45.948098" lon="6.117011">
        <ele>498.7</ele>
      </trkpt>
      <trkpt lat="45.948232" lon="6.116874">
        <ele>499.8</ele>
      </trkpt>
      <trkpt lat="45.948279" lon="6.116828">
        <ele>500.2</ele>
      </trkpt>
      <trkpt lat="45.948315" lon="6.116791">
        <ele>500.3</ele>
      </trkpt>
      <trkpt lat="45.948438" lon="6.116673">
        <ele>500.4</ele>
      </trkpt>
      <trkpt lat="45.948592" lon="6.116534">
        <ele>500.5</ele>
      </trkpt>
      <trkpt lat="45.948837" lon="6.116287">
        <ele>500.4</ele>
      </trkpt>
      <trkpt lat="45.949183" lon="6.115958">
        <ele>499.4</ele>
      </trkpt>
      <trkpt lat="45.949302" lon="6.115839">
        <ele>499</ele>
      </trkpt>
      <trkpt lat="45.949540" lon="6.115640">
        <ele>497.4</ele>
      </trkpt>
      <trkpt lat="45.949623" lon="6.115562">
        <ele>496.4</ele>
      </trkpt>
      <trkpt lat="45.949718" lon="6.115444">
        <ele>496</ele>
      </trkpt>
      <trkpt lat="45.949740" lon="6.115420">
        <ele>495.9</ele>
      </trkpt>
      <trkpt lat="45.949827" lon="6.115374">
        <ele>495.4</ele>
      </trkpt>
      <trkpt lat="45.949843" lon="6.115364">
        <ele>495.3</ele>
      </trkpt>
      <trkpt lat="45.949885" lon="6.115339">
        <ele>495</ele>
      </trkpt>
      <trkpt lat="45.949941" lon="6.115292">
        <ele>494.5</ele>
      </trkpt>
      <trkpt lat="45.949973" lon="6.115257">
        <ele>494.1</ele>
      </trkpt>
      <trkpt lat="45.950010" lon="6.115287">
        <ele>494</ele>
      </trkpt>
      <trkpt lat="45.950058" lon="6.115307">
        <ele>493.9</ele>
      </trkpt>
      <trkpt lat="45.950098" lon="6.115322">
        <ele>493.9</ele>
      </trkpt>
      <trkpt lat="45.950184" lon="6.115348">
        <ele>493.8</ele>
      </trkpt>
      <trkpt lat="45.950295" lon="6.115373">
        <ele>493.5</ele>
      </trkpt>
      <trkpt lat="45.950457" lon="6.115450">
        <ele>492.3</ele>
      </trkpt>
      <trkpt lat="45.950481" lon="6.115461">
        <ele>492.1</ele>
      </trkpt>
      <trkpt lat="45.950810" lon="6.115615">
        <ele>492.5</ele>
      </trkpt>
      <trkpt lat="45.951188" lon="6.115777">
        <ele>492.7</ele>
      </trkpt>
      <trkpt lat="45.951257" lon="6.115806">
        <ele>491.3</ele>
      </trkpt>
      <trkpt lat="45.951363" lon="6.115856">
        <ele>489.6</ele>
      </trkpt>
      <trkpt lat="45.951565" lon="6.115950">
        <ele>489.2</ele>
      </trkpt>
      <trkpt lat="45.951635" lon="6.115977">
        <ele>489.1</ele>
      </trkpt>
      <trkpt lat="45.951704" lon="6.115999">
        <ele>488.7</ele>
      </trkpt>
      <trkpt lat="45.951740" lon="6.116004">
        <ele>488.5</ele>
      </trkpt>
      <trkpt lat="45.951797" lon="6.116012">
        <ele>488.1</ele>
      </trkpt>
      <trkpt lat="45.951877" lon="6.116005">
        <ele>487.5</ele>
      </trkpt>
      <trkpt lat="45.951898" lon="6.116002">
        <ele>487.3</ele>
      </trkpt>
      <trkpt lat="45.952001" lon="6.115982">
        <ele>487.9</ele>
      </trkpt>
      <trkpt lat="45.952148" lon="6.115960">
        <ele>490.3</ele>
      </trkpt>
      <trkpt lat="45.952206" lon="6.115945">
        <ele>491.3</ele>
      </trkpt>
      <trkpt lat="45.952214" lon="6.115987">
        <ele>491.3</ele>
      </trkpt>
      <trkpt lat="45.952229" lon="6.116024">
        <ele>491.4</ele>
      </trkpt>
      <trkpt lat="45.952249" lon="6.116055">
        <ele>491.4</ele>
      </trkpt>
      <trkpt lat="45.952274" lon="6.116079">
        <ele>491.5</ele>
      </trkpt>
      <trkpt lat="45.952302" lon="6.116093">
        <ele>491.6</ele>
      </trkpt>
      <trkpt lat="45.952332" lon="6.116097">
        <ele>491.8</ele>
      </trkpt>
      <trkpt lat="45.952364" lon="6.116090">
        <ele>492.1</ele>
      </trkpt>
      <trkpt lat="45.952394" lon="6.116070">
        <ele>492.4</ele>
      </trkpt>
      <trkpt lat="45.952419" lon="6.116040">
        <ele>492.7</ele>
      </trkpt>
      <trkpt lat="45.952438" lon="6.116001">
        <ele>493</ele>
      </trkpt>
      <trkpt lat="45.952449" lon="6.115957">
        <ele>493.2</ele>
      </trkpt>
      <trkpt lat="45.952452" lon="6.115903">
        <ele>493.4</ele>
      </trkpt>
      <trkpt lat="45.952442" lon="6.115850">
        <ele>493.5</ele>
      </trkpt>
      <trkpt lat="45.952422" lon="6.115804">
        <ele>493.5</ele>
      </trkpt>
      <trkpt lat="45.952393" lon="6.115768">
        <ele>493.4</ele>
      </trkpt>
      <trkpt lat="45.952502" lon="6.115548">
        <ele>494</ele>
      </trkpt>
      <trkpt lat="45.952705" lon="6.115074">
        <ele>495.9</ele>
      </trkpt>
      <trkpt lat="45.952741" lon="6.114998">
        <ele>495.7</ele>
      </trkpt>
      <trkpt lat="45.952790" lon="6.114891">
        <ele>496.1</ele>
      </trkpt>
      <trkpt lat="45.953067" lon="6.114349">
        <ele>497.1</ele>
      </trkpt>
      <trkpt lat="45.953193" lon="6.114100">
        <ele>498</ele>
      </trkpt>
      <trkpt lat="45.953350" lon="6.113767">
        <ele>499.2</ele>
      </trkpt>
      <trkpt lat="45.953442" lon="6.113573">
        <ele>500.6</ele>
      </trkpt>
      <trkpt lat="45.953577" lon="6.113287">
        <ele>502.6</ele>
      </trkpt>
      <trkpt lat="45.953676" lon="6.113064">
        <ele>503.7</ele>
      </trkpt>
      <trkpt lat="45.953727" lon="6.112956">
        <ele>504.5</ele>
      </trkpt>
      <trkpt lat="45.953751" lon="6.112917">
        <ele>504.8</ele>
      </trkpt>
      <trkpt lat="45.953773" lon="6.112886">
        <ele>505</ele>
      </trkpt>
      <trkpt lat="45.953957" lon="6.112667">
        <ele>507.8</ele>
      </trkpt>
      <trkpt lat="45.953975" lon="6.112640">
        <ele>508.2</ele>
      </trkpt>
      <trkpt lat="45.953990" lon="6.112604">
        <ele>508.6</ele>
      </trkpt>
      <trkpt lat="45.953999" lon="6.112570">
        <ele>508.8</ele>
      </trkpt>
      <trkpt lat="45.954006" lon="6.112531">
        <ele>509</ele>
      </trkpt>
      <trkpt lat="45.954012" lon="6.112474">
        <ele>509.2</ele>
      </trkpt>
      <trkpt lat="45.954014" lon="6.112426">
        <ele>509.3</ele>
      </trkpt>
      <trkpt lat="45.954016" lon="6.112353">
        <ele>509.3</ele>
      </trkpt>
      <trkpt lat="45.954019" lon="6.112121">
        <ele>509.7</ele>
      </trkpt>
      <trkpt lat="45.954021" lon="6.112075">
        <ele>509.9</ele>
      </trkpt>
      <trkpt lat="45.954027" lon="6.112045">
        <ele>510.1</ele>
      </trkpt>
      <trkpt lat="45.954037" lon="6.112008">
        <ele>510.4</ele>
      </trkpt>
      <trkpt lat="45.954090" lon="6.112045">
        <ele>511</ele>
      </trkpt>
      <trkpt lat="45.954144" lon="6.112094">
        <ele>511.7</ele>
      </trkpt>
      <trkpt lat="45.954182" lon="6.112171">
        <ele>512.2</ele>
      </trkpt>
      <trkpt lat="45.954254" lon="6.112317">
        <ele>512.9</ele>
      </trkpt>
      <trkpt lat="45.954294" lon="6.112374">
        <ele>513.4</ele>
      </trkpt>
      <trkpt lat="45.954315" lon="6.112395">
        <ele>513.6</ele>
      </trkpt>
      <trkpt lat="45.954371" lon="6.112421">
        <ele>514.2</ele>
      </trkpt>
      <trkpt lat="45.954655" lon="6.112474">
        <ele>515.8</ele>
      </trkpt>
      <trkpt lat="45.954687" lon="6.112479">
        <ele>515.9</ele>
      </trkpt>
      <trkpt lat="45.954729" lon="6.112486">
        <ele>516</ele>
      </trkpt>
      <trkpt lat="45.954784" lon="6.112495">
        <ele>516.4</ele>
      </trkpt>
      <trkpt lat="45.954876" lon="6.112499">
        <ele>517.1</ele>
      </trkpt>
      <trkpt lat="45.954937" lon="6.112502">
        <ele>517.5</ele>
      </trkpt>
      <trkpt lat="45.955083" lon="6.112498">
        <ele>518.3</ele>
      </trkpt>
      <trkpt lat="45.955126" lon="6.112489">
        <ele>518.4</ele>
      </trkpt>
      <trkpt lat="45.955178" lon="6.112478">
        <ele>518.6</ele>
      </trkpt>
      <trkpt lat="45.955223" lon="6.112483">
        <ele>518.7</ele>
      </trkpt>
      <trkpt lat="45.955371" lon="6.112514">
        <ele>519.7</ele>
      </trkpt>
      <trkpt lat="45.955426" lon="6.112545">
        <ele>520.2</ele>
      </trkpt>
      <trkpt lat="45.955484" lon="6.112579">
        <ele>520.7</ele>
      </trkpt>
      <trkpt lat="45.955973" lon="6.113248">
        <ele>527.2</ele>
      </trkpt>
      <trkpt lat="45.956493" lon="6.113705">
        <ele>531.2</ele>
      </trkpt>
      <trkpt lat="45.956514" lon="6.113724">
        <ele>531.4</ele>
      </trkpt>
      <trkpt lat="45.956581" lon="6.113756">
        <ele>531.9</ele>
      </trkpt>
      <trkpt lat="45.956609" lon="6.113765">
        <ele>532.1</ele>
      </trkpt>
      <trkpt lat="45.956638" lon="6.113768">
        <ele>532.2</ele>
      </trkpt>
      <trkpt lat="45.956695" lon="6.113754">
        <ele>533</ele>
      </trkpt>
      <trkpt lat="45.956717" lon="6.113733">
        <ele>533.5</ele>
      </trkpt>
      <trkpt lat="45.956735" lon="6.113703">
        <ele>534</ele>
      </trkpt>
      <trkpt lat="45.956774" lon="6.113598">
        <ele>534.9</ele>
      </trkpt>
      <trkpt lat="45.956834" lon="6.113389">
        <ele>534.6</ele>
      </trkpt>
      <trkpt lat="45.956862" lon="6.113301">
        <ele>534.3</ele>
      </trkpt>
      <trkpt lat="45.956884" lon="6.113228">
        <ele>534.2</ele>
      </trkpt>
      <trkpt lat="45.956889" lon="6.113211">
        <ele>534.2</ele>
      </trkpt>
      <trkpt lat="45.956911" lon="6.113153">
        <ele>534.1</ele>
      </trkpt>
      <trkpt lat="45.956958" lon="6.113100">
        <ele>534.4</ele>
      </trkpt>
      <trkpt lat="45.957016" lon="6.113070">
        <ele>535.1</ele>
      </trkpt>
      <trkpt lat="45.957078" lon="6.113096">
        <ele>536.1</ele>
      </trkpt>
      <trkpt lat="45.957123" lon="6.113151">
        <ele>536.9</ele>
      </trkpt>
      <trkpt lat="45.957152" lon="6.113257">
        <ele>537.7</ele>
      </trkpt>
      <trkpt lat="45.957117" lon="6.113471">
        <ele>539.3</ele>
      </trkpt>
      <trkpt lat="45.957069" lon="6.113756">
        <ele>540.2</ele>
      </trkpt>
      <trkpt lat="45.957073" lon="6.113875">
        <ele>540.3</ele>
      </trkpt>
      <trkpt lat="45.957092" lon="6.114015">
        <ele>541.1</ele>
      </trkpt>
      <trkpt lat="45.957162" lon="6.114210">
        <ele>542.8</ele>
      </trkpt>
      <trkpt lat="45.957495" lon="6.114834">
        <ele>546.9</ele>
      </trkpt>
      <trkpt lat="45.957598" lon="6.115052">
        <ele>549.1</ele>
      </trkpt>
      <trkpt lat="45.957644" lon="6.115197">
        <ele>550.1</ele>
      </trkpt>
      <trkpt lat="45.957675" lon="6.115362">
        <ele>550.7</ele>
      </trkpt>
      <trkpt lat="45.957697" lon="6.115512">
        <ele>550.9</ele>
      </trkpt>
      <trkpt lat="45.957719" lon="6.115714">
        <ele>551.8</ele>
      </trkpt>
      <trkpt lat="45.957722" lon="6.115813">
        <ele>552.3</ele>
      </trkpt>
      <trkpt lat="45.957725" lon="6.116008">
        <ele>553.8</ele>
      </trkpt>
      <trkpt lat="45.957753" lon="6.116284">
        <ele>554.8</ele>
      </trkpt>
      <trkpt lat="45.957945" lon="6.117166">
        <ele>558.1</ele>
      </trkpt>
      <trkpt lat="45.958020" lon="6.117421">
        <ele>558.6</ele>
      </trkpt>
      <trkpt lat="45.958113" lon="6.117592">
        <ele>559.5</ele>
      </trkpt>
      <trkpt lat="45.958252" lon="6.117764">
        <ele>560.7</ele>
      </trkpt>
      <trkpt lat="45.958510" lon="6.118038">
        <ele>563.6</ele>
      </trkpt>
      <trkpt lat="45.958692" lon="6.118168">
        <ele>565.5</ele>
      </trkpt>
      <trkpt lat="45.958978" lon="6.118225">
        <ele>569</ele>
      </trkpt>
      <trkpt lat="45.959446" lon="6.118368">
        <ele>569.5</ele>
      </trkpt>
      <trkpt lat="45.959683" lon="6.118504">
        <ele>570.1</ele>
      </trkpt>
      <trkpt lat="45.959918" lon="6.118722">
        <ele>569.9</ele>
      </trkpt>
      <trkpt lat="45.960230" lon="6.119022">
        <ele>570.4</ele>
      </trkpt>
      <trkpt lat="45.960405" lon="6.119234">
        <ele>572.2</ele>
      </trkpt>
      <trkpt lat="45.960462" lon="6.119323">
        <ele>572.5</ele>
      </trkpt>
      <trkpt lat="45.960512" lon="6.119451">
        <ele>572.2</ele>
      </trkpt>
      <trkpt lat="45.960576" lon="6.119636">
        <ele>572.1</ele>
      </trkpt>
      <trkpt lat="45.960785" lon="6.120407">
        <ele>573.3</ele>
      </trkpt>
      <trkpt lat="45.960822" lon="6.120503">
        <ele>573.4</ele>
      </trkpt>
      <trkpt lat="45.960867" lon="6.120577">
        <ele>573.4</ele>
      </trkpt>
      <trkpt lat="45.960906" lon="6.120620">
        <ele>573.6</ele>
      </trkpt>
      <trkpt lat="45.961002" lon="6.120672">
        <ele>574.2</ele>
      </trkpt>
      <trkpt lat="45.961137" lon="6.120715">
        <ele>574.7</ele>
      </trkpt>
      <trkpt lat="45.961920" lon="6.120911">
        <ele>576.5</ele>
      </trkpt>
      <trkpt lat="45.962189" lon="6.120958">
        <ele>577.9</ele>
      </trkpt>
      <trkpt lat="45.962407" lon="6.120979">
        <ele>578.6</ele>
      </trkpt>
      <trkpt lat="45.962607" lon="6.120981">
        <ele>579.7</ele>
      </trkpt>
      <trkpt lat="45.962709" lon="6.120991">
        <ele>580.3</ele>
      </trkpt>
      <trkpt lat="45.962771" lon="6.121007">
        <ele>580.7</ele>
      </trkpt>
      <trkpt lat="45.962840" lon="6.121035">
        <ele>581.3</ele>
      </trkpt>
      <trkpt lat="45.962952" lon="6.121114">
        <ele>581.9</ele>
      </trkpt>
      <trkpt lat="45.963109" lon="6.121246">
        <ele>583.3</ele>
      </trkpt>
      <trkpt lat="45.963187" lon="6.121289">
        <ele>584.1</ele>
      </trkpt>
      <trkpt lat="45.963263" lon="6.121319">
        <ele>584.9</ele>
      </trkpt>
      <trkpt lat="45.963330" lon="6.121335">
        <ele>585.5</ele>
      </trkpt>
      <trkpt lat="45.963446" lon="6.121351">
        <ele>585.9</ele>
      </trkpt>
      <trkpt lat="45.963621" lon="6.121370">
        <ele>586.4</ele>
      </trkpt>
      <trkpt lat="45.963727" lon="6.121396">
        <ele>587.6</ele>
      </trkpt>
      <trkpt lat="45.963813" lon="6.121441">
        <ele>588.6</ele>
      </trkpt>
      <trkpt lat="45.965945" lon="6.122694">
        <ele>602.7</ele>
      </trkpt>
      <trkpt lat="45.966020" lon="6.122714">
        <ele>603.3</ele>
      </trkpt>
      <trkpt lat="45.966156" lon="6.122721">
        <ele>604.1</ele>
      </trkpt>
      <trkpt lat="45.966332" lon="6.122696">
        <ele>604</ele>
      </trkpt>
      <trkpt lat="45.966665" lon="6.122601">
        <ele>601.8</ele>
      </trkpt>
      <trkpt lat="45.966746" lon="6.122585">
        <ele>602.4</ele>
      </trkpt>
      <trkpt lat="45.966850" lon="6.122573">
        <ele>603.1</ele>
      </trkpt>
      <trkpt lat="45.966931" lon="6.122578">
        <ele>603.3</ele>
      </trkpt>
      <trkpt lat="45.966981" lon="6.122586">
        <ele>603.5</ele>
      </trkpt>
      <trkpt lat="45.967029" lon="6.122605">
        <ele>603.6</ele>
      </trkpt>
      <trkpt lat="45.967074" lon="6.122636">
        <ele>603.7</ele>
      </trkpt>
      <trkpt lat="45.967115" lon="6.122677">
        <ele>603.7</ele>
      </trkpt>
      <trkpt lat="45.967150" lon="6.122724">
        <ele>603.9</ele>
      </trkpt>
      <trkpt lat="45.967179" lon="6.122779">
        <ele>604.1</ele>
      </trkpt>
      <trkpt lat="45.967201" lon="6.122840">
        <ele>604.8</ele>
      </trkpt>
      <trkpt lat="45.967217" lon="6.122905">
        <ele>605.3</ele>
      </trkpt>
      <trkpt lat="45.967256" lon="6.123233">
        <ele>607.9</ele>
      </trkpt>
      <trkpt lat="45.967339" lon="6.123627">
        <ele>610.2</ele>
      </trkpt>
      <trkpt lat="45.967369" lon="6.123734">
        <ele>611.3</ele>
      </trkpt>
      <trkpt lat="45.967388" lon="6.123781">
        <ele>611.8</ele>
      </trkpt>
      <trkpt lat="45.967413" lon="6.123822">
        <ele>612.4</ele>
      </trkpt>
      <trkpt lat="45.967443" lon="6.123857">
        <ele>613</ele>
      </trkpt>
      <trkpt lat="45.967476" lon="6.123883">
        <ele>613.6</ele>
      </trkpt>
      <trkpt lat="45.967512" lon="6.123901">
        <ele>614</ele>
      </trkpt>
      <trkpt lat="45.967550" lon="6.123909">
        <ele>614.4</ele>
      </trkpt>
      <trkpt lat="45.967591" lon="6.123907">
        <ele>614.9</ele>
      </trkpt>
      <trkpt lat="45.967631" lon="6.123893">
        <ele>615.4</ele>
      </trkpt>
      <trkpt lat="45.967669" lon="6.123869">
        <ele>615.8</ele>
      </trkpt>
      <trkpt lat="45.967703" lon="6.123835">
        <ele>616.1</ele>
      </trkpt>
      <trkpt lat="45.967759" lon="6.123770">
        <ele>616.8</ele>
      </trkpt>
      <trkpt lat="45.967826" lon="6.123675">
        <ele>617.7</ele>
      </trkpt>
      <trkpt lat="45.967901" lon="6.123516">
        <ele>618.8</ele>
      </trkpt>
      <trkpt lat="45.968037" lon="6.123218">
        <ele>620.7</ele>
      </trkpt>
      <trkpt lat="45.968064" lon="6.123172">
        <ele>621.1</ele>
      </trkpt>
      <trkpt lat="45.968096" lon="6.123133">
        <ele>621.3</ele>
      </trkpt>
      <trkpt lat="45.968131" lon="6.123102">
        <ele>621.6</ele>
      </trkpt>
      <trkpt lat="45.968169" lon="6.123078">
        <ele>621.8</ele>
      </trkpt>
      <trkpt lat="45.968216" lon="6.123062">
        <ele>622.2</ele>
      </trkpt>
      <trkpt lat="45.968263" lon="6.123057">
        <ele>622.5</ele>
      </trkpt>
      <trkpt lat="45.968311" lon="6.123065">
        <ele>622.9</ele>
      </trkpt>
      <trkpt lat="45.968356" lon="6.123084">
        <ele>623.4</ele>
      </trkpt>
      <trkpt lat="45.968626" lon="6.123186">
        <ele>626.6</ele>
      </trkpt>
      <trkpt lat="45.968674" lon="6.123202">
        <ele>626.7</ele>
      </trkpt>
      <trkpt lat="45.968732" lon="6.123211">
        <ele>626.9</ele>
      </trkpt>
      <trkpt lat="45.968810" lon="6.123215">
        <ele>627.1</ele>
      </trkpt>
      <trkpt lat="45.969000" lon="6.123219">
        <ele>627.6</ele>
      </trkpt>
      <trkpt lat="45.969106" lon="6.123220">
        <ele>627.7</ele>
      </trkpt>
      <trkpt lat="45.969156" lon="6.123225">
        <ele>627.8</ele>
      </trkpt>
      <trkpt lat="45.969212" lon="6.123236">
        <ele>627.9</ele>
      </trkpt>
      <trkpt lat="45.969263" lon="6.123257">
        <ele>627.9</ele>
      </trkpt>
      <trkpt lat="45.969321" lon="6.123288">
        <ele>627.9</ele>
      </trkpt>
      <trkpt lat="45.969536" lon="6.123430">
        <ele>628.2</ele>
      </trkpt>
      <trkpt lat="45.969592" lon="6.123448">
        <ele>628.4</ele>
      </trkpt>
      <trkpt lat="45.969614" lon="6.123453">
        <ele>628.5</ele>
      </trkpt>
      <trkpt lat="45.969613" lon="6.123460">
        <ele>628.5</ele>
      </trkpt>
      <trkpt lat="45.969614" lon="6.123476">
        <ele>628.4</ele>
      </trkpt>
      <trkpt lat="45.969618" lon="6.123492">
        <ele>628.3</ele>
      </trkpt>
      <trkpt lat="45.969625" lon="6.123504">
        <ele>628.3</ele>
      </trkpt>
      <trkpt lat="45.969635" lon="6.123513">
        <ele>628.3</ele>
      </trkpt>
      <trkpt lat="45.969646" lon="6.123517">
        <ele>628.3</ele>
      </trkpt>
      <trkpt lat="45.969658" lon="6.123515">
        <ele>628.4</ele>
      </trkpt>
      <trkpt lat="45.969669" lon="6.123508">
        <ele>628.5</ele>
      </trkpt>
      <trkpt lat="45.969673" lon="6.123502">
        <ele>628.5</ele>
      </trkpt>
      <trkpt lat="45.969686" lon="6.123528">
        <ele>628.4</ele>
      </trkpt>
      <trkpt lat="45.969856" lon="6.123723">
        <ele>628.6</ele>
      </trkpt>
      <trkpt lat="45.970073" lon="6.123953">
        <ele>629.1</ele>
      </trkpt>
      <trkpt lat="45.970739" lon="6.124547">
        <ele>632.1</ele>
      </trkpt>
      <trkpt lat="45.970806" lon="6.124585">
        <ele>632.3</ele>
      </trkpt>
      <trkpt lat="45.970879" lon="6.124625">
        <ele>632.2</ele>
      </trkpt>
      <trkpt lat="45.970939" lon="6.124651">
        <ele>632.1</ele>
      </trkpt>
      <trkpt lat="45.971030" lon="6.124680">
        <ele>632.2</ele>
      </trkpt>
      <trkpt lat="45.971111" lon="6.124702">
        <ele>632.2</ele>
      </trkpt>
      <trkpt lat="45.971193" lon="6.124716">
        <ele>632.4</ele>
      </trkpt>
      <trkpt lat="45.971350" lon="6.124729">
        <ele>632.8</ele>
      </trkpt>
      <trkpt lat="45.972128" lon="6.124784">
        <ele>634.3</ele>
      </trkpt>
      <trkpt lat="45.972220" lon="6.124795">
        <ele>634.2</ele>
      </trkpt>
      <trkpt lat="45.972368" lon="6.124840">
        <ele>634.8</ele>
      </trkpt>
      <trkpt lat="45.973073" lon="6.125197">
        <ele>635</ele>
      </trkpt>
      <trkpt lat="45.973629" lon="6.125493">
        <ele>635.2</ele>
      </trkpt>
      <trkpt lat="45.973722" lon="6.125538">
        <ele>634.7</ele>
      </trkpt>
      <trkpt lat="45.973791" lon="6.125565">
        <ele>634.3</ele>
      </trkpt>
      <trkpt lat="45.973855" lon="6.125572">
        <ele>634.1</ele>
      </trkpt>
      <trkpt lat="45.973890" lon="6.125568">
        <ele>634</ele>
      </trkpt>
      <trkpt lat="45.973926" lon="6.125554">
        <ele>634.1</ele>
      </trkpt>
      <trkpt lat="45.973954" lon="6.125540">
        <ele>634.3</ele>
      </trkpt>
      <trkpt lat="45.973984" lon="6.125606">
        <ele>634</ele>
      </trkpt>
      <trkpt lat="45.974012" lon="6.125651">
        <ele>633.8</ele>
      </trkpt>
      <trkpt lat="45.974202" lon="6.125836">
        <ele>632.2</ele>
      </trkpt>
      <trkpt lat="45.974324" lon="6.125913">
        <ele>632.7</ele>
      </trkpt>
      <trkpt lat="45.974523" lon="6.125971">
        <ele>633</ele>
      </trkpt>
      <trkpt lat="45.974624" lon="6.125996">
        <ele>632.8</ele>
      </trkpt>
      <trkpt lat="45.974684" lon="6.126004">
        <ele>632.8</ele>
      </trkpt>
      <trkpt lat="45.975589" lon="6.125990">
        <ele>632.9</ele>
      </trkpt>
      <trkpt lat="45.975706" lon="6.125995">
        <ele>632.8</ele>
      </trkpt>
      <trkpt lat="45.976402" lon="6.126156">
        <ele>632.6</ele>
      </trkpt>
      <trkpt lat="45.977028" lon="6.126294">
        <ele>631.6</ele>
      </trkpt>
      <trkpt lat="45.977220" lon="6.126313">
        <ele>631.1</ele>
      </trkpt>
      <trkpt lat="45.977576" lon="6.126294">
        <ele>630.6</ele>
      </trkpt>
      <trkpt lat="45.977953" lon="6.126234">
        <ele>629.6</ele>
      </trkpt>
      <trkpt lat="45.978090" lon="6.126220">
        <ele>629.4</ele>
      </trkpt>
      <trkpt lat="45.978381" lon="6.126208">
        <ele>629.5</ele>
      </trkpt>
      <trkpt lat="45.978577" lon="6.126184">
        <ele>629.3</ele>
      </trkpt>
      <trkpt lat="45.978837" lon="6.126088">
        <ele>629.4</ele>
      </trkpt>
      <trkpt lat="45.978887" lon="6.126072">
        <ele>629.3</ele>
      </trkpt>
      <trkpt lat="45.978904" lon="6.126055">
        <ele>629.4</ele>
      </trkpt>
      <trkpt lat="45.978916" lon="6.126037">
        <ele>629.5</ele>
      </trkpt>
      <trkpt lat="45.978928" lon="6.126053">
        <ele>629.3</ele>
      </trkpt>
      <trkpt lat="45.978946" lon="6.126068">
        <ele>629.1</ele>
      </trkpt>
      <trkpt lat="45.979001" lon="6.126091">
        <ele>628.8</ele>
      </trkpt>
      <trkpt lat="45.979120" lon="6.126127">
        <ele>628.1</ele>
      </trkpt>
      <trkpt lat="45.979546" lon="6.126208">
        <ele>627.2</ele>
      </trkpt>
      <trkpt lat="45.979803" lon="6.126165">
        <ele>627.2</ele>
      </trkpt>
      <trkpt lat="45.979968" lon="6.126102">
        <ele>627.1</ele>
      </trkpt>
      <trkpt lat="45.980128" lon="6.126015">
        <ele>627</ele>
      </trkpt>
      <trkpt lat="45.980245" lon="6.125964">
        <ele>627.1</ele>
      </trkpt>
      <trkpt lat="45.980369" lon="6.125935">
        <ele>627.3</ele>
      </trkpt>
      <trkpt lat="45.980766" lon="6.125902">
        <ele>628.1</ele>
      </trkpt>
      <trkpt lat="45.981332" lon="6.125874">
        <ele>627.6</ele>
      </trkpt>
      <trkpt lat="45.981640" lon="6.125883">
        <ele>627.5</ele>
      </trkpt>
      <trkpt lat="45.982253" lon="6.126017">
        <ele>627.2</ele>
      </trkpt>
      <trkpt lat="45.982334" lon="6.126007">
        <ele>626.8</ele>
      </trkpt>
      <trkpt lat="45.982356" lon="6.125997">
        <ele>626.7</ele>
      </trkpt>
      <trkpt lat="45.982372" lon="6.125970">
        <ele>626.7</ele>
      </trkpt>
      <trkpt lat="45.982828" lon="6.126392">
        <ele>624.8</ele>
      </trkpt>
      <trkpt lat="45.983312" lon="6.126724">
        <ele>622.6</ele>
      </trkpt>
      <trkpt lat="45.983429" lon="6.126819">
        <ele>622.7</ele>
      </trkpt>
      <trkpt lat="45.983503" lon="6.126873">
        <ele>623.3</ele>
      </trkpt>
      <trkpt lat="45.983550" lon="6.126916">
        <ele>624</ele>
      </trkpt>
      <trkpt lat="45.983578" lon="6.126948">
        <ele>624.5</ele>
      </trkpt>
      <trkpt lat="45.983629" lon="6.127047">
        <ele>625.1</ele>
      </trkpt>
      <trkpt lat="45.983671" lon="6.127126">
        <ele>625.3</ele>
      </trkpt>
      <trkpt lat="45.983698" lon="6.127079">
        <ele>625.5</ele>
      </trkpt>
      <trkpt lat="45.983773" lon="6.126993">
        <ele>626.1</ele>
      </trkpt>
      <trkpt lat="45.983831" lon="6.126933">
        <ele>626.5</ele>
      </trkpt>
      <trkpt lat="45.983952" lon="6.126816">
        <ele>625.9</ele>
      </trkpt>
      <trkpt lat="45.984080" lon="6.126707">
        <ele>626.7</ele>
      </trkpt>
      <trkpt lat="45.984182" lon="6.126642">
        <ele>628</ele>
      </trkpt>
      <trkpt lat="45.984258" lon="6.126601">
        <ele>627.8</ele>
      </trkpt>
      <trkpt lat="45.984341" lon="6.126572">
        <ele>627.8</ele>
      </trkpt>
      <trkpt lat="45.984431" lon="6.126549">
        <ele>627.9</ele>
      </trkpt>
      <trkpt lat="45.984522" lon="6.126533">
        <ele>628.2</ele>
      </trkpt>
      <trkpt lat="45.985055" lon="6.126468">
        <ele>629</ele>
      </trkpt>
      <trkpt lat="45.985678" lon="6.126394">
        <ele>630</ele>
      </trkpt>
      <trkpt lat="45.986056" lon="6.126339">
        <ele>631.1</ele>
      </trkpt>
      <trkpt lat="45.986691" lon="6.126248">
        <ele>630.6</ele>
      </trkpt>
      <trkpt lat="45.987156" lon="6.126099">
        <ele>632.1</ele>
      </trkpt>
      <trkpt lat="45.987290" lon="6.126032">
        <ele>632.6</ele>
      </trkpt>
      <trkpt lat="45.987512" lon="6.125919">
        <ele>633.1</ele>
      </trkpt>
      <trkpt lat="45.987681" lon="6.125870">
        <ele>633.9</ele>
      </trkpt>
      <trkpt lat="45.987786" lon="6.125833">
        <ele>634.9</ele>
      </trkpt>
      <trkpt lat="45.987846" lon="6.125756">
        <ele>634.7</ele>
      </trkpt>
      <trkpt lat="45.987896" lon="6.125616">
        <ele>635.5</ele>
      </trkpt>
      <trkpt lat="45.987947" lon="6.125440">
        <ele>636.2</ele>
      </trkpt>
      <trkpt lat="45.988035" lon="6.125302">
        <ele>636.1</ele>
      </trkpt>
      <trkpt lat="45.988069" lon="6.125249">
        <ele>636.2</ele>
      </trkpt>
      <trkpt lat="45.988165" lon="6.125153">
        <ele>636.8</ele>
      </trkpt>
      <trkpt lat="45.988341" lon="6.125046">
        <ele>636.2</ele>
      </trkpt>
      <trkpt lat="45.988637" lon="6.124876">
        <ele>637.6</ele>
      </trkpt>
      <trkpt lat="45.989144" lon="6.124540">
        <ele>638.4</ele>
      </trkpt>
      <trkpt lat="45.989528" lon="6.124299">
        <ele>639.3</ele>
      </trkpt>
      <trkpt lat="45.990969" lon="6.123582">
        <ele>639.3</ele>
      </trkpt>
      <trkpt lat="45.991633" lon="6.123210">
        <ele>639</ele>
      </trkpt>
      <trkpt lat="45.992033" lon="6.122875">
        <ele>639</ele>
      </trkpt>
      <trkpt lat="45.992657" lon="6.122073">
        <ele>639</ele>
      </trkpt>
      <trkpt lat="45.992922" lon="6.121836">
        <ele>638.8</ele>
      </trkpt>
      <trkpt lat="45.993026" lon="6.121707">
        <ele>638.8</ele>
      </trkpt>
      <trkpt lat="45.993439" lon="6.121573">
        <ele>638.2</ele>
      </trkpt>
      <trkpt lat="45.993525" lon="6.121532">
        <ele>637.9</ele>
      </trkpt>
      <trkpt lat="45.993712" lon="6.121477">
        <ele>637.6</ele>
      </trkpt>
      <trkpt lat="45.993925" lon="6.121473">
        <ele>637.3</ele>
      </trkpt>
      <trkpt lat="45.994210" lon="6.121451">
        <ele>636.8</ele>
      </trkpt>
      <trkpt lat="45.994578" lon="6.121395">
        <ele>637</ele>
      </trkpt>
      <trkpt lat="45.994737" lon="6.121366">
        <ele>637.3</ele>
      </trkpt>
      <trkpt lat="45.994811" lon="6.121353">
        <ele>637.4</ele>
      </trkpt>
      <trkpt lat="45.994996" lon="6.121290">
        <ele>638.4</ele>
      </trkpt>
      <trkpt lat="45.995079" lon="6.121257">
        <ele>638.5</ele>
      </trkpt>
      <trkpt lat="45.995197" lon="6.121179">
        <ele>638.4</ele>
      </trkpt>
      <trkpt lat="45.995369" lon="6.121033">
        <ele>638.2</ele>
      </trkpt>
      <trkpt lat="45.995504" lon="6.120957">
        <ele>638.3</ele>
      </trkpt>
      <trkpt lat="45.995689" lon="6.120918">
        <ele>638.4</ele>
      </trkpt>
      <trkpt lat="45.996331" lon="6.120846">
        <ele>638.9</ele>
      </trkpt>
      <trkpt lat="45.996542" lon="6.120802">
        <ele>639.6</ele>
      </trkpt>
      <trkpt lat="45.996906" lon="6.120711">
        <ele>641.3</ele>
      </trkpt>
      <trkpt lat="45.997252" lon="6.120586">
        <ele>640.9</ele>
      </trkpt>
      <trkpt lat="45.997359" lon="6.120548">
        <ele>641.1</ele>
      </trkpt>
      <trkpt lat="45.997775" lon="6.120373">
        <ele>642.3</ele>
      </trkpt>
      <trkpt lat="45.997806" lon="6.120360">
        <ele>642.3</ele>
      </trkpt>
      <trkpt lat="45.998343" lon="6.120136">
        <ele>643</ele>
      </trkpt>
      <trkpt lat="45.998441" lon="6.120127">
        <ele>643.3</ele>
      </trkpt>
      <trkpt lat="45.998548" lon="6.120149">
        <ele>643.3</ele>
      </trkpt>
      <trkpt lat="45.998795" lon="6.120312">
        <ele>642.9</ele>
      </trkpt>
      <trkpt lat="45.998793" lon="6.120339">
        <ele>642.8</ele>
      </trkpt>
      <trkpt lat="45.998796" lon="6.120366">
        <ele>642.8</ele>
      </trkpt>
      <trkpt lat="45.998805" lon="6.120390">
        <ele>642.8</ele>
      </trkpt>
      <trkpt lat="45.998818" lon="6.120409">
        <ele>642.8</ele>
      </trkpt>
      <trkpt lat="45.998835" lon="6.120422">
        <ele>642.8</ele>
      </trkpt>
      <trkpt lat="45.998855" lon="6.120426">
        <ele>642.9</ele>
      </trkpt>
      <trkpt lat="45.998875" lon="6.120422">
        <ele>642.9</ele>
      </trkpt>
      <trkpt lat="45.998893" lon="6.120408">
        <ele>643</ele>
      </trkpt>
      <trkpt lat="45.998907" lon="6.120387">
        <ele>643</ele>
      </trkpt>
      <trkpt lat="45.998915" lon="6.120360">
        <ele>643.1</ele>
      </trkpt>
      <trkpt lat="45.998917" lon="6.120331">
        <ele>643.1</ele>
      </trkpt>
      <trkpt lat="45.998912" lon="6.120302">
        <ele>643.1</ele>
      </trkpt>
      <trkpt lat="45.998902" lon="6.120277">
        <ele>643.1</ele>
      </trkpt>
      <trkpt lat="45.998886" lon="6.120259">
        <ele>643.1</ele>
      </trkpt>
      <trkpt lat="45.998949" lon="6.120050">
        <ele>644</ele>
      </trkpt>
      <trkpt lat="45.999096" lon="6.119702">
        <ele>645.1</ele>
      </trkpt>
      <trkpt lat="45.999114" lon="6.119659">
        <ele>645.5</ele>
      </trkpt>
      <trkpt lat="45.999132" lon="6.119628">
        <ele>645.7</ele>
      </trkpt>
      <trkpt lat="45.999280" lon="6.119371">
        <ele>647</ele>
      </trkpt>
      <trkpt lat="45.999941" lon="6.118544">
        <ele>649</ele>
      </trkpt>
      <trkpt lat="46.000071" lon="6.118412">
        <ele>650.2</ele>
      </trkpt>
      <trkpt lat="46.000084" lon="6.118398">
        <ele>650.3</ele>
      </trkpt>
      <trkpt lat="46.000464" lon="6.118183">
        <ele>651.8</ele>
      </trkpt>
      <trkpt lat="46.000853" lon="6.117998">
        <ele>655.2</ele>
      </trkpt>
      <trkpt lat="46.000949" lon="6.117960">
        <ele>655.2</ele>
      </trkpt>
      <trkpt lat="46.001204" lon="6.117858">
        <ele>656.4</ele>
      </trkpt>
      <trkpt lat="46.001462" lon="6.117710">
        <ele>658.3</ele>
      </trkpt>
      <trkpt lat="46.001655" lon="6.117557">
        <ele>660</ele>
      </trkpt>
      <trkpt lat="46.001852" lon="6.117322">
        <ele>662.3</ele>
      </trkpt>
      <trkpt lat="46.002051" lon="6.117086">
        <ele>664</ele>
      </trkpt>
      <trkpt lat="46.002218" lon="6.116982">
        <ele>665.4</ele>
      </trkpt>
      <trkpt lat="46.002831" lon="6.116705">
        <ele>669.6</ele>
      </trkpt>
      <trkpt lat="46.003021" lon="6.116807">
        <ele>668.9</ele>
      </trkpt>
      <trkpt lat="46.003161" lon="6.116900">
        <ele>668.7</ele>
      </trkpt>
      <trkpt lat="46.003290" lon="6.116977">
        <ele>668.7</ele>
      </trkpt>
      <trkpt lat="46.003419" lon="6.117061">
        <ele>667.8</ele>
      </trkpt>
      <trkpt lat="46.003482" lon="6.117110">
        <ele>667</ele>
      </trkpt>
      <trkpt lat="46.003457" lon="6.116826">
        <ele>669</ele>
      </trkpt>
      <trkpt lat="46.003445" lon="6.116659">
        <ele>670.2</ele>
      </trkpt>
      <trkpt lat="46.003634" lon="6.116689">
        <ele>669</ele>
      </trkpt>
      <trkpt lat="46.003762" lon="6.116700">
        <ele>669.8</ele>
      </trkpt>
      <trkpt lat="46.003869" lon="6.116658">
        <ele>671</ele>
      </trkpt>
      <trkpt lat="46.003929" lon="6.116654">
        <ele>671.9</ele>
      </trkpt>
      <trkpt lat="46.004084" lon="6.116717">
        <ele>673.9</ele>
      </trkpt>
      <trkpt lat="46.004251" lon="6.116787">
        <ele>675.2</ele>
      </trkpt>
      <trkpt lat="46.004518" lon="6.116891">
        <ele>676.6</ele>
      </trkpt>
      <trkpt lat="46.004617" lon="6.116919">
        <ele>677.2</ele>
      </trkpt>
      <trkpt lat="46.004716" lon="6.116940">
        <ele>678</ele>
      </trkpt>
      <trkpt lat="46.004806" lon="6.116954">
        <ele>678.2</ele>
      </trkpt>
      <trkpt lat="46.004922" lon="6.116944">
        <ele>678.7</ele>
      </trkpt>
      <trkpt lat="46.005036" lon="6.116895">
        <ele>679.9</ele>
      </trkpt>
      <trkpt lat="46.005147" lon="6.116860">
        <ele>680.4</ele>
      </trkpt>
      <trkpt lat="46.005244" lon="6.116818">
        <ele>680.9</ele>
      </trkpt>
      <trkpt lat="46.005382" lon="6.116741">
        <ele>681.4</ele>
      </trkpt>
      <trkpt lat="46.005469" lon="6.116700">
        <ele>681.7</ele>
      </trkpt>
      <trkpt lat="46.005690" lon="6.116558">
        <ele>682.2</ele>
      </trkpt>
      <trkpt lat="46.005949" lon="6.116420">
        <ele>683.7</ele>
      </trkpt>
      <trkpt lat="46.006169" lon="6.116368">
        <ele>685</ele>
      </trkpt>
      <trkpt lat="46.006264" lon="6.116346">
        <ele>684.7</ele>
      </trkpt>
      <trkpt lat="46.006503" lon="6.116305">
        <ele>683.9</ele>
      </trkpt>
      <trkpt lat="46.006743" lon="6.116231">
        <ele>684.4</ele>
      </trkpt>
      <trkpt lat="46.007081" lon="6.116091">
        <ele>684</ele>
      </trkpt>
      <trkpt lat="46.007285" lon="6.115944">
        <ele>684.4</ele>
      </trkpt>
      <trkpt lat="46.007560" lon="6.115737">
        <ele>682.9</ele>
      </trkpt>
      <trkpt lat="46.007856" lon="6.115530">
        <ele>682.3</ele>
      </trkpt>
      <trkpt lat="46.008097" lon="6.115376">
        <ele>682</ele>
      </trkpt>
      <trkpt lat="46.008258" lon="6.115240">
        <ele>680.4</ele>
      </trkpt>
      <trkpt lat="46.008508" lon="6.115043">
        <ele>677.9</ele>
      </trkpt>
      <trkpt lat="46.008732" lon="6.114880">
        <ele>676</ele>
      </trkpt>
      <trkpt lat="46.008926" lon="6.114666">
        <ele>674.2</ele>
      </trkpt>
      <trkpt lat="46.009113" lon="6.114411">
        <ele>670.9</ele>
      </trkpt>
      <trkpt lat="46.009285" lon="6.114122">
        <ele>667.9</ele>
      </trkpt>
      <trkpt lat="46.009374" lon="6.113893">
        <ele>666.5</ele>
      </trkpt>
      <trkpt lat="46.009500" lon="6.113513">
        <ele>665.4</ele>
      </trkpt>
      <trkpt lat="46.009549" lon="6.113328">
        <ele>666.6</ele>
      </trkpt>
      <trkpt lat="46.009690" lon="6.112957">
        <ele>664.6</ele>
      </trkpt>
      <trkpt lat="46.009846" lon="6.112590">
        <ele>665.8</ele>
      </trkpt>
      <trkpt lat="46.009954" lon="6.112390">
        <ele>664.2</ele>
      </trkpt>
      <trkpt lat="46.010139" lon="6.112202">
        <ele>662.4</ele>
      </trkpt>
      <trkpt lat="46.010155" lon="6.112188">
        <ele>662.6</ele>
      </trkpt>
      <trkpt lat="46.010178" lon="6.112173">
        <ele>662.7</ele>
      </trkpt>
      <trkpt lat="46.010201" lon="6.112161">
        <ele>662.8</ele>
      </trkpt>
      <trkpt lat="46.010227" lon="6.112151">
        <ele>662.7</ele>
      </trkpt>
      <trkpt lat="46.010217" lon="6.112174">
        <ele>662.4</ele>
      </trkpt>
      <trkpt lat="46.010209" lon="6.112204">
        <ele>661.9</ele>
      </trkpt>
      <trkpt lat="46.010204" lon="6.112237">
        <ele>661.4</ele>
      </trkpt>
      <trkpt lat="46.010203" lon="6.112264">
        <ele>661.3</ele>
      </trkpt>
      <trkpt lat="46.010203" lon="6.112290">
        <ele>661.1</ele>
      </trkpt>
      <trkpt lat="46.010208" lon="6.112324">
        <ele>660.9</ele>
      </trkpt>
      <trkpt lat="46.010213" lon="6.112351">
        <ele>660.6</ele>
      </trkpt>
      <trkpt lat="46.010229" lon="6.112430">
        <ele>660</ele>
      </trkpt>
      <trkpt lat="46.010326" lon="6.112357">
        <ele>659.1</ele>
      </trkpt>
      <trkpt lat="46.010311" lon="6.112285">
        <ele>660</ele>
      </trkpt>
      <trkpt lat="46.010307" lon="6.112263">
        <ele>660.2</ele>
      </trkpt>
      <trkpt lat="46.010302" lon="6.112234">
        <ele>660.6</ele>
      </trkpt>
      <trkpt lat="46.010300" lon="6.112199">
        <ele>661.1</ele>
      </trkpt>
      <trkpt lat="46.010301" lon="6.112164">
        <ele>661.7</ele>
      </trkpt>
      <trkpt lat="46.010306" lon="6.112127">
        <ele>662.2</ele>
      </trkpt>
      <trkpt lat="46.010316" lon="6.112092">
        <ele>662.7</ele>
      </trkpt>
      <trkpt lat="46.010350" lon="6.112006">
        <ele>663.4</ele>
      </trkpt>
      <trkpt lat="46.010416" lon="6.111910">
        <ele>663.5</ele>
      </trkpt>
      <trkpt lat="46.010434" lon="6.111881">
        <ele>663.5</ele>
      </trkpt>
      <trkpt lat="46.010453" lon="6.111848">
        <ele>663.5</ele>
      </trkpt>
      <trkpt lat="46.010469" lon="6.111817">
        <ele>663.5</ele>
      </trkpt>
      <trkpt lat="46.010486" lon="6.111780">
        <ele>663.6</ele>
      </trkpt>
      <trkpt lat="46.010503" lon="6.111743">
        <ele>663.6</ele>
      </trkpt>
      <trkpt lat="46.010779" lon="6.111137">
        <ele>661.5</ele>
      </trkpt>
      <trkpt lat="46.010798" lon="6.111097">
        <ele>660.9</ele>
      </trkpt>
      <trkpt lat="46.010814" lon="6.111057">
        <ele>660.2</ele>
      </trkpt>
      <trkpt lat="46.010826" lon="6.111025">
        <ele>659.6</ele>
      </trkpt>
      <trkpt lat="46.010853" lon="6.111033">
        <ele>658.1</ele>
      </trkpt>
      <trkpt lat="46.010878" lon="6.111040">
        <ele>656.5</ele>
      </trkpt>
      <trkpt lat="46.010904" lon="6.111048">
        <ele>654.8</ele>
      </trkpt>
      <trkpt lat="46.012607" lon="6.111519">
        <ele>642.4</ele>
      </trkpt>
      <trkpt lat="46.013102" lon="6.111642">
        <ele>659.5</ele>
      </trkpt>
      <trkpt lat="46.013224" lon="6.111674">
        <ele>660.8</ele>
      </trkpt>
      <trkpt lat="46.013303" lon="6.111661">
        <ele>661.7</ele>
      </trkpt>
      <trkpt lat="46.013454" lon="6.111637">
        <ele>663.1</ele>
      </trkpt>
      <trkpt lat="46.013648" lon="6.111556">
        <ele>664.8</ele>
      </trkpt>
      <trkpt lat="46.013709" lon="6.111511">
        <ele>665.3</ele>
      </trkpt>
      <trkpt lat="46.013727" lon="6.111498">
        <ele>665.5</ele>
      </trkpt>
      <trkpt lat="46.013762" lon="6.111442">
        <ele>666.1</ele>
      </trkpt>
      <trkpt lat="46.013768" lon="6.111366">
        <ele>666.7</ele>
      </trkpt>
      <trkpt lat="46.013759" lon="6.111285">
        <ele>667.1</ele>
      </trkpt>
      <trkpt lat="46.013725" lon="6.111089">
        <ele>667.8</ele>
      </trkpt>
      <trkpt lat="46.013811" lon="6.111050">
        <ele>668.4</ele>
      </trkpt>
      <trkpt lat="46.013864" lon="6.111215">
        <ele>668.1</ele>
      </trkpt>
      <trkpt lat="46.013937" lon="6.111400">
        <ele>666.9</ele>
      </trkpt>
      <trkpt lat="46.013913" lon="6.111434">
        <ele>666.5</ele>
      </trkpt>
      <trkpt lat="46.013896" lon="6.111476">
        <ele>666.1</ele>
      </trkpt>
      <trkpt lat="46.013887" lon="6.111523">
        <ele>665.5</ele>
      </trkpt>
      <trkpt lat="46.013886" lon="6.111571">
        <ele>665</ele>
      </trkpt>
      <trkpt lat="46.013902" lon="6.111641">
        <ele>664.3</ele>
      </trkpt>
      <trkpt lat="46.013935" lon="6.111697">
        <ele>663.6</ele>
      </trkpt>
      <trkpt lat="46.013969" lon="6.111725">
        <ele>663.2</ele>
      </trkpt>
      <trkpt lat="46.014008" lon="6.111737">
        <ele>663.1</ele>
      </trkpt>
      <trkpt lat="46.014047" lon="6.111732">
        <ele>663.2</ele>
      </trkpt>
      <trkpt lat="46.014131" lon="6.111784">
        <ele>662.7</ele>
      </trkpt>
      <trkpt lat="46.014206" lon="6.111829">
        <ele>662.4</ele>
      </trkpt>
      <trkpt lat="46.014286" lon="6.111873">
        <ele>662.2</ele>
      </trkpt>
      <trkpt lat="46.014343" lon="6.111875">
        <ele>662.4</ele>
      </trkpt>
      <trkpt lat="46.014406" lon="6.111877">
        <ele>662.6</ele>
      </trkpt>
      <trkpt lat="46.014446" lon="6.111882">
        <ele>662.7</ele>
      </trkpt>
      <trkpt lat="46.014490" lon="6.111886">
        <ele>662.8</ele>
      </trkpt>
      <trkpt lat="46.014544" lon="6.111897">
        <ele>662.9</ele>
      </trkpt>
      <trkpt lat="46.014594" lon="6.111914">
        <ele>662.9</ele>
      </trkpt>
      <trkpt lat="46.014782" lon="6.111975">
        <ele>663.1</ele>
      </trkpt>
      <trkpt lat="46.014830" lon="6.111990">
        <ele>663.3</ele>
      </trkpt>
      <trkpt lat="46.014882" lon="6.112020">
        <ele>663.3</ele>
      </trkpt>
      <trkpt lat="46.015172" lon="6.112196">
        <ele>663.5</ele>
      </trkpt>
      <trkpt lat="46.015165" lon="6.112130">
        <ele>664.2</ele>
      </trkpt>
      <trkpt lat="46.015150" lon="6.112087">
        <ele>664.5</ele>
      </trkpt>
      <trkpt lat="46.015129" lon="6.112056">
        <ele>664.7</ele>
      </trkpt>
      <trkpt lat="46.015107" lon="6.112041">
        <ele>664.7</ele>
      </trkpt>
      <trkpt lat="46.015035" lon="6.112002">
        <ele>664.6</ele>
      </trkpt>
      <trkpt lat="46.014981" lon="6.111962">
        <ele>664.7</ele>
      </trkpt>
      <trkpt lat="46.014934" lon="6.111912">
        <ele>664.9</ele>
      </trkpt>
      <trkpt lat="46.014893" lon="6.111858">
        <ele>665.2</ele>
      </trkpt>
      <trkpt lat="46.014860" lon="6.111803">
        <ele>665.5</ele>
      </trkpt>
      <trkpt lat="46.014832" lon="6.111751">
        <ele>665.9</ele>
      </trkpt>
      <trkpt lat="46.014809" lon="6.111695">
        <ele>666.3</ele>
      </trkpt>
      <trkpt lat="46.014788" lon="6.111627">
        <ele>666.9</ele>
      </trkpt>
      <trkpt lat="46.014724" lon="6.111350">
        <ele>669.3</ele>
      </trkpt>
      <trkpt lat="46.014723" lon="6.111304">
        <ele>669.6</ele>
      </trkpt>
      <trkpt lat="46.014731" lon="6.111266">
        <ele>669.9</ele>
      </trkpt>
      <trkpt lat="46.014751" lon="6.111237">
        <ele>670.3</ele>
      </trkpt>
      <trkpt lat="46.014781" lon="6.111215">
        <ele>670.6</ele>
      </trkpt>
      <trkpt lat="46.014923" lon="6.111147">
        <ele>672.1</ele>
      </trkpt>
      <trkpt lat="46.014972" lon="6.111115">
        <ele>672.8</ele>
      </trkpt>
      <trkpt lat="46.015017" lon="6.111070">
        <ele>673.3</ele>
      </trkpt>
      <trkpt lat="46.015039" lon="6.111033">
        <ele>673.6</ele>
      </trkpt>
      <trkpt lat="46.015055" lon="6.111007">
        <ele>673.8</ele>
      </trkpt>
      <trkpt lat="46.015084" lon="6.110936">
        <ele>674.2</ele>
      </trkpt>
      <trkpt lat="46.015105" lon="6.110860">
        <ele>674.7</ele>
      </trkpt>
      <trkpt lat="46.015122" lon="6.110787">
        <ele>675.1</ele>
      </trkpt>
      <trkpt lat="46.015135" lon="6.110712">
        <ele>675.6</ele>
      </trkpt>
      <trkpt lat="46.015143" lon="6.110641">
        <ele>676.1</ele>
      </trkpt>
      <trkpt lat="46.015229" lon="6.109888">
        <ele>679.7</ele>
      </trkpt>
      <trkpt lat="46.015243" lon="6.109767">
        <ele>680.3</ele>
      </trkpt>
      <trkpt lat="46.015256" lon="6.109657">
        <ele>680.9</ele>
      </trkpt>
      <trkpt lat="46.015315" lon="6.109139">
        <ele>683.6</ele>
      </trkpt>
      <trkpt lat="46.015376" lon="6.108607">
        <ele>685.8</ele>
      </trkpt>
      <trkpt lat="46.015403" lon="6.108408">
        <ele>686.3</ele>
      </trkpt>
      <trkpt lat="46.015429" lon="6.108245">
        <ele>686.6</ele>
      </trkpt>
      <trkpt lat="46.015455" lon="6.108101">
        <ele>686.9</ele>
      </trkpt>
      <trkpt lat="46.015485" lon="6.107974">
        <ele>687.7</ele>
      </trkpt>
      <trkpt lat="46.015937" lon="6.106318">
        <ele>695.8</ele>
      </trkpt>
      <trkpt lat="46.015965" lon="6.106236">
        <ele>695.7</ele>
      </trkpt>
      <trkpt lat="46.015997" lon="6.106160">
        <ele>695.8</ele>
      </trkpt>
      <trkpt lat="46.016038" lon="6.106093">
        <ele>696.1</ele>
      </trkpt>
      <trkpt lat="46.016089" lon="6.106044">
        <ele>696.5</ele>
      </trkpt>
      <trkpt lat="46.016137" lon="6.106010">
        <ele>696.1</ele>
      </trkpt>
      <trkpt lat="46.016198" lon="6.105981">
        <ele>694.8</ele>
      </trkpt>
      <trkpt lat="46.016255" lon="6.105966">
        <ele>693.7</ele>
      </trkpt>
      <trkpt lat="46.016307" lon="6.105965">
        <ele>692.7</ele>
      </trkpt>
      <trkpt lat="46.016363" lon="6.105971">
        <ele>691.5</ele>
      </trkpt>
      <trkpt lat="46.016595" lon="6.106025">
        <ele>693.9</ele>
      </trkpt>
      <trkpt lat="46.016868" lon="6.106110">
        <ele>700.8</ele>
      </trkpt>
      <trkpt lat="46.017043" lon="6.106168">
        <ele>703.9</ele>
      </trkpt>
      <trkpt lat="46.017116" lon="6.106173">
        <ele>704.8</ele>
      </trkpt>
      <trkpt lat="46.017175" lon="6.106164">
        <ele>705.5</ele>
      </trkpt>
      <trkpt lat="46.017236" lon="6.106143">
        <ele>706.1</ele>
      </trkpt>
      <trkpt lat="46.017301" lon="6.106107">
        <ele>706.9</ele>
      </trkpt>
      <trkpt lat="46.017385" lon="6.106038">
        <ele>707.8</ele>
      </trkpt>
      <trkpt lat="46.017552" lon="6.105845">
        <ele>709.6</ele>
      </trkpt>
      <trkpt lat="46.017706" lon="6.105624">
        <ele>711.2</ele>
      </trkpt>
      <trkpt lat="46.017754" lon="6.105555">
        <ele>711.7</ele>
      </trkpt>
      <trkpt lat="46.017985" lon="6.105287">
        <ele>713.3</ele>
      </trkpt>
      <trkpt lat="46.018230" lon="6.105030">
        <ele>714.4</ele>
      </trkpt>
      <trkpt lat="46.018461" lon="6.104895">
        <ele>715.5</ele>
      </trkpt>
      <trkpt lat="46.018545" lon="6.104861">
        <ele>716</ele>
      </trkpt>
      <trkpt lat="46.018622" lon="6.104855">
        <ele>716.6</ele>
      </trkpt>
      <trkpt lat="46.018680" lon="6.104846">
        <ele>716.9</ele>
      </trkpt>
      <trkpt lat="46.018793" lon="6.104809">
        <ele>717.6</ele>
      </trkpt>
      <trkpt lat="46.019236" lon="6.104590">
        <ele>720</ele>
      </trkpt>
      <trkpt lat="46.019376" lon="6.104567">
        <ele>720.9</ele>
      </trkpt>
      <trkpt lat="46.019430" lon="6.104558">
        <ele>721.3</ele>
      </trkpt>
      <trkpt lat="46.019688" lon="6.104391">
        <ele>721.7</ele>
      </trkpt>
      <trkpt lat="46.019883" lon="6.104240">
        <ele>722</ele>
      </trkpt>
      <trkpt lat="46.020106" lon="6.104082">
        <ele>722.3</ele>
      </trkpt>
      <trkpt lat="46.020261" lon="6.104029">
        <ele>722.9</ele>
      </trkpt>
      <trkpt lat="46.020458" lon="6.104031">
        <ele>724</ele>
      </trkpt>
      <trkpt lat="46.020917" lon="6.104030">
        <ele>726.8</ele>
      </trkpt>
      <trkpt lat="46.020987" lon="6.104032">
        <ele>727.4</ele>
      </trkpt>
      <trkpt lat="46.021389" lon="6.104011">
        <ele>730.9</ele>
      </trkpt>
      <trkpt lat="46.021859" lon="6.103965">
        <ele>734.6</ele>
      </trkpt>
      <trkpt lat="46.021941" lon="6.103957">
        <ele>735.5</ele>
      </trkpt>
      <trkpt lat="46.022201" lon="6.103903">
        <ele>737.9</ele>
      </trkpt>
      <trkpt lat="46.022335" lon="6.103796">
        <ele>738.4</ele>
      </trkpt>
      <trkpt lat="46.022432" lon="6.103592">
        <ele>737.9</ele>
      </trkpt>
      <trkpt lat="46.022566" lon="6.103292">
        <ele>737.7</ele>
      </trkpt>
      <trkpt lat="46.022835" lon="6.102884">
        <ele>738.4</ele>
      </trkpt>
      <trkpt lat="46.022875" lon="6.102848">
        <ele>738.9</ele>
      </trkpt>
      <trkpt lat="46.023051" lon="6.102691">
        <ele>740.7</ele>
      </trkpt>
      <trkpt lat="46.023393" lon="6.102541">
        <ele>743.2</ele>
      </trkpt>
      <trkpt lat="46.023594" lon="6.102541">
        <ele>745.3</ele>
      </trkpt>
      <trkpt lat="46.023766" lon="6.102648">
        <ele>746.9</ele>
      </trkpt>
      <trkpt lat="46.023916" lon="6.102837">
        <ele>748.4</ele>
      </trkpt>
      <trkpt lat="46.023945" lon="6.102873">
        <ele>748.7</ele>
      </trkpt>
      <trkpt lat="46.024042" lon="6.102994">
        <ele>749.6</ele>
      </trkpt>
      <trkpt lat="46.024153" lon="6.103131">
        <ele>750.5</ele>
      </trkpt>
      <trkpt lat="46.024194" lon="6.103164">
        <ele>750.9</ele>
      </trkpt>
      <trkpt lat="46.024325" lon="6.103270">
        <ele>752.1</ele>
      </trkpt>
      <trkpt lat="46.024439" lon="6.103286">
        <ele>752.6</ele>
      </trkpt>
      <trkpt lat="46.024481" lon="6.103292">
        <ele>753.1</ele>
      </trkpt>
      <trkpt lat="46.024697" lon="6.103227">
        <ele>754.6</ele>
      </trkpt>
      <trkpt lat="46.024921" lon="6.103152">
        <ele>756.2</ele>
      </trkpt>
      <trkpt lat="46.025137" lon="6.103013">
        <ele>756.9</ele>
      </trkpt>
      <trkpt lat="46.025323" lon="6.102798">
        <ele>756.9</ele>
      </trkpt>
      <trkpt lat="46.025665" lon="6.102455">
        <ele>758.9</ele>
      </trkpt>
      <trkpt lat="46.025776" lon="6.102349">
        <ele>759.7</ele>
      </trkpt>
      <trkpt lat="46.025869" lon="6.102276">
        <ele>760.6</ele>
      </trkpt>
      <trkpt lat="46.025975" lon="6.102257">
        <ele>761.7</ele>
      </trkpt>
      <trkpt lat="46.026007" lon="6.102265">
        <ele>762</ele>
      </trkpt>
      <trkpt lat="46.026028" lon="6.102269">
        <ele>762.3</ele>
      </trkpt>
      <trkpt lat="46.026057" lon="6.102276">
        <ele>762.6</ele>
      </trkpt>
      <trkpt lat="46.026124" lon="6.102322">
        <ele>763.5</ele>
      </trkpt>
      <trkpt lat="46.026179" lon="6.102358">
        <ele>764</ele>
      </trkpt>
      <trkpt lat="46.026463" lon="6.102630">
        <ele>766.6</ele>
      </trkpt>
      <trkpt lat="46.026681" lon="6.102834">
        <ele>768.3</ele>
      </trkpt>
      <trkpt lat="46.026839" lon="6.102980">
        <ele>768.4</ele>
      </trkpt>
      <trkpt lat="46.026962" lon="6.103131">
        <ele>768.3</ele>
      </trkpt>
      <trkpt lat="46.027054" lon="6.103326">
        <ele>768.4</ele>
      </trkpt>
      <trkpt lat="46.027073" lon="6.103367">
        <ele>768.3</ele>
      </trkpt>
      <trkpt lat="46.027170" lon="6.103656">
        <ele>767.8</ele>
      </trkpt>
      <trkpt lat="46.027215" lon="6.103925">
        <ele>767</ele>
      </trkpt>
      <trkpt lat="46.027222" lon="6.104279">
        <ele>766.4</ele>
      </trkpt>
      <trkpt lat="46.027234" lon="6.104567">
        <ele>766.8</ele>
      </trkpt>
      <trkpt lat="46.027236" lon="6.104616">
        <ele>766.8</ele>
      </trkpt>
      <trkpt lat="46.027239" lon="6.104657">
        <ele>766.7</ele>
      </trkpt>
      <trkpt lat="46.027243" lon="6.104689">
        <ele>766.6</ele>
      </trkpt>
      <trkpt lat="46.027256" lon="6.104766">
        <ele>766.4</ele>
      </trkpt>
      <trkpt lat="46.027263" lon="6.104800">
        <ele>766.3</ele>
      </trkpt>
      <trkpt lat="46.027269" lon="6.104829">
        <ele>766.2</ele>
      </trkpt>
      <trkpt lat="46.027295" lon="6.104905">
        <ele>765.9</ele>
      </trkpt>
      <trkpt lat="46.027309" lon="6.104944">
        <ele>765.7</ele>
      </trkpt>
      <trkpt lat="46.027329" lon="6.104989">
        <ele>765.4</ele>
      </trkpt>
      <trkpt lat="46.027346" lon="6.105021">
        <ele>765.2</ele>
      </trkpt>
      <trkpt lat="46.027367" lon="6.105048">
        <ele>764.8</ele>
      </trkpt>
      <trkpt lat="46.027388" lon="6.105071">
        <ele>764.5</ele>
      </trkpt>
      <trkpt lat="46.027409" lon="6.105089">
        <ele>764.1</ele>
      </trkpt>
      <trkpt lat="46.027434" lon="6.105109">
        <ele>763.7</ele>
      </trkpt>
      <trkpt lat="46.027458" lon="6.105117">
        <ele>763.2</ele>
      </trkpt>
      <trkpt lat="46.027486" lon="6.105122">
        <ele>762.8</ele>
      </trkpt>
      <trkpt lat="46.027510" lon="6.105124">
        <ele>762.5</ele>
      </trkpt>
      <trkpt lat="46.027532" lon="6.105124">
        <ele>762.3</ele>
      </trkpt>
      <trkpt lat="46.027557" lon="6.105117">
        <ele>762.1</ele>
      </trkpt>
      <trkpt lat="46.027575" lon="6.105111">
        <ele>762</ele>
      </trkpt>
      <trkpt lat="46.027592" lon="6.105103">
        <ele>761.9</ele>
      </trkpt>
      <trkpt lat="46.027613" lon="6.105091">
        <ele>761.7</ele>
      </trkpt>
      <trkpt lat="46.027637" lon="6.105074">
        <ele>761.5</ele>
      </trkpt>
      <trkpt lat="46.027682" lon="6.105034">
        <ele>761.1</ele>
      </trkpt>
      <trkpt lat="46.027707" lon="6.105006">
        <ele>760.8</ele>
      </trkpt>
      <trkpt lat="46.027782" lon="6.105132">
        <ele>760.5</ele>
      </trkpt>
      <trkpt lat="46.027852" lon="6.105235">
        <ele>760.5</ele>
      </trkpt>
      <trkpt lat="46.027915" lon="6.105309">
        <ele>760.7</ele>
      </trkpt>
      <trkpt lat="46.027965" lon="6.105358">
        <ele>760.8</ele>
      </trkpt>
      <trkpt lat="46.028034" lon="6.105421">
        <ele>761.1</ele>
      </trkpt>
      <trkpt lat="46.028105" lon="6.105479">
        <ele>761.4</ele>
      </trkpt>
      <trkpt lat="46.028181" lon="6.105527">
        <ele>761.8</ele>
      </trkpt>
      <trkpt lat="46.028238" lon="6.105558">
        <ele>762</ele>
      </trkpt>
      <trkpt lat="46.028303" lon="6.105586">
        <ele>762.2</ele>
      </trkpt>
      <trkpt lat="46.028348" lon="6.105600">
        <ele>762.3</ele>
      </trkpt>
      <trkpt lat="46.028410" lon="6.105610">
        <ele>762.4</ele>
      </trkpt>
      <trkpt lat="46.028449" lon="6.105613">
        <ele>762.4</ele>
      </trkpt>
      <trkpt lat="46.028478" lon="6.105612">
        <ele>762.4</ele>
      </trkpt>
      <trkpt lat="46.028689" lon="6.105601">
        <ele>762.6</ele>
      </trkpt>
      <trkpt lat="46.029018" lon="6.105580">
        <ele>763.7</ele>
      </trkpt>
      <trkpt lat="46.029170" lon="6.105570">
        <ele>764.2</ele>
      </trkpt>
      <trkpt lat="46.029580" lon="6.105544">
        <ele>766.9</ele>
      </trkpt>
      <trkpt lat="46.030034" lon="6.105514">
        <ele>769.9</ele>
      </trkpt>
      <trkpt lat="46.030455" lon="6.105491">
        <ele>772.8</ele>
      </trkpt>
      <trkpt lat="46.030558" lon="6.105486">
        <ele>773.5</ele>
      </trkpt>
      <trkpt lat="46.030750" lon="6.105476">
        <ele>774.6</ele>
      </trkpt>
      <trkpt lat="46.030842" lon="6.105490">
        <ele>775.3</ele>
      </trkpt>
      <trkpt lat="46.030855" lon="6.105504">
        <ele>775.5</ele>
      </trkpt>
      <trkpt lat="46.030871" lon="6.105511">
        <ele>775.5</ele>
      </trkpt>
      <trkpt lat="46.030888" lon="6.105509">
        <ele>775.5</ele>
      </trkpt>
      <trkpt lat="46.030966" lon="6.105539">
        <ele>775.8</ele>
      </trkpt>
      <trkpt lat="46.031004" lon="6.105558">
        <ele>776</ele>
      </trkpt>
      <trkpt lat="46.031070" lon="6.105593">
        <ele>776.4</ele>
      </trkpt>
      <trkpt lat="46.031196" lon="6.105664">
        <ele>777.4</ele>
      </trkpt>
      <trkpt lat="46.031294" lon="6.105735">
        <ele>778.2</ele>
      </trkpt>
      <trkpt lat="46.031385" lon="6.105798">
        <ele>778.7</ele>
      </trkpt>
      <trkpt lat="46.031620" lon="6.105964">
        <ele>779.9</ele>
      </trkpt>
      <trkpt lat="46.031953" lon="6.106200">
        <ele>781.3</ele>
      </trkpt>
      <trkpt lat="46.032021" lon="6.106248">
        <ele>781.6</ele>
      </trkpt>
      <trkpt lat="46.032122" lon="6.106320">
        <ele>781.9</ele>
      </trkpt>
      <trkpt lat="46.032183" lon="6.106360">
        <ele>782</ele>
      </trkpt>
      <trkpt lat="46.032464" lon="6.106542">
        <ele>782.9</ele>
      </trkpt>
      <trkpt lat="46.032487" lon="6.106557">
        <ele>783</ele>
      </trkpt>
      <trkpt lat="46.032656" lon="6.106636">
        <ele>783</ele>
      </trkpt>
      <trkpt lat="46.032734" lon="6.106690">
        <ele>783</ele>
      </trkpt>
      <trkpt lat="46.032841" lon="6.106771">
        <ele>782.8</ele>
      </trkpt>
      <trkpt lat="46.033175" lon="6.107012">
        <ele>781.6</ele>
      </trkpt>
      <trkpt lat="46.033303" lon="6.107112">
        <ele>781.1</ele>
      </trkpt>
      <trkpt lat="46.033421" lon="6.107238">
        <ele>780.7</ele>
      </trkpt>
      <trkpt lat="46.033490" lon="6.107314">
        <ele>780.2</ele>
      </trkpt>
      <trkpt lat="46.033769" lon="6.107605">
        <ele>778.2</ele>
      </trkpt>
      <trkpt lat="46.033848" lon="6.107693">
        <ele>777.6</ele>
      </trkpt>
      <trkpt lat="46.034136" lon="6.108006">
        <ele>775.4</ele>
      </trkpt>
      <trkpt lat="46.034490" lon="6.108374">
        <ele>773.7</ele>
      </trkpt>
      <trkpt lat="46.034655" lon="6.108560">
        <ele>773</ele>
      </trkpt>
      <trkpt lat="46.034825" lon="6.108723">
        <ele>772.6</ele>
      </trkpt>
      <trkpt lat="46.034892" lon="6.108781">
        <ele>772.4</ele>
      </trkpt>
      <trkpt lat="46.034938" lon="6.108816">
        <ele>772.2</ele>
      </trkpt>
      <trkpt lat="46.035039" lon="6.108903">
        <ele>771.9</ele>
      </trkpt>
      <trkpt lat="46.035054" lon="6.108940">
        <ele>771.8</ele>
      </trkpt>
      <trkpt lat="46.035068" lon="6.108958">
        <ele>771.8</ele>
      </trkpt>
      <trkpt lat="46.035094" lon="6.108978">
        <ele>771.8</ele>
      </trkpt>
      <trkpt lat="46.035117" lon="6.108984">
        <ele>771.7</ele>
      </trkpt>
      <trkpt lat="46.035139" lon="6.108983">
        <ele>771.7</ele>
      </trkpt>
      <trkpt lat="46.035163" lon="6.108969">
        <ele>771.6</ele>
      </trkpt>
      <trkpt lat="46.035182" lon="6.108946">
        <ele>771.5</ele>
      </trkpt>
      <trkpt lat="46.035199" lon="6.108911">
        <ele>771.3</ele>
      </trkpt>
      <trkpt lat="46.035206" lon="6.108871">
        <ele>771.3</ele>
      </trkpt>
      <trkpt lat="46.035263" lon="6.108764">
        <ele>771.1</ele>
      </trkpt>
      <trkpt lat="46.035322" lon="6.108692">
        <ele>771.2</ele>
      </trkpt>
      <trkpt lat="46.035631" lon="6.108407">
        <ele>771.1</ele>
      </trkpt>
      <trkpt lat="46.035666" lon="6.108323">
        <ele>770.8</ele>
      </trkpt>
      <trkpt lat="46.036030" lon="6.107973">
        <ele>769.6</ele>
      </trkpt>
      <trkpt lat="46.036037" lon="6.107900">
        <ele>768.8</ele>
      </trkpt>
      <trkpt lat="46.036002" lon="6.107824">
        <ele>768.2</ele>
      </trkpt>
      <trkpt lat="46.035982" lon="6.107766">
        <ele>768</ele>
      </trkpt>
      <trkpt lat="46.035983" lon="6.107694">
        <ele>768.2</ele>
      </trkpt>
      <trkpt lat="46.035998" lon="6.107623">
        <ele>768.3</ele>
      </trkpt>
      <trkpt lat="46.036022" lon="6.107554">
        <ele>768.2</ele>
      </trkpt>
      <trkpt lat="46.036063" lon="6.107487">
        <ele>767.8</ele>
      </trkpt>
      <trkpt lat="46.036542" lon="6.106929">
        <ele>765.4</ele>
      </trkpt>
      <trkpt lat="46.036709" lon="6.106735">
        <ele>763.4</ele>
      </trkpt>
      <trkpt lat="46.037079" lon="6.106101">
        <ele>760.5</ele>
      </trkpt>
      <trkpt lat="46.037313" lon="6.105694">
        <ele>758.5</ele>
      </trkpt>
      <trkpt lat="46.037492" lon="6.105406">
        <ele>754.6</ele>
      </trkpt>
      <trkpt lat="46.037602" lon="6.105176">
        <ele>754.9</ele>
      </trkpt>
      <trkpt lat="46.037658" lon="6.105033">
        <ele>754.8</ele>
      </trkpt>
      <trkpt lat="46.037708" lon="6.104833">
        <ele>754.1</ele>
      </trkpt>
      <trkpt lat="46.037720" lon="6.104723">
        <ele>753.4</ele>
      </trkpt>
      <trkpt lat="46.037737" lon="6.104631">
        <ele>752.8</ele>
      </trkpt>
      <trkpt lat="46.037713" lon="6.104576">
        <ele>752</ele>
      </trkpt>
      <trkpt lat="46.037777" lon="6.104247">
        <ele>752</ele>
      </trkpt>
      <trkpt lat="46.037841" lon="6.103773">
        <ele>752.6</ele>
      </trkpt>
      <trkpt lat="46.037850" lon="6.103450">
        <ele>751.2</ele>
      </trkpt>
      <trkpt lat="46.037877" lon="6.103253">
        <ele>750.4</ele>
      </trkpt>
      <trkpt lat="46.037942" lon="6.103063">
        <ele>750.2</ele>
      </trkpt>
      <trkpt lat="46.038106" lon="6.102789">
        <ele>751.4</ele>
      </trkpt>
      <trkpt lat="46.038455" lon="6.102331">
        <ele>751.2</ele>
      </trkpt>
      <trkpt lat="46.038661" lon="6.102024">
        <ele>749.9</ele>
      </trkpt>
      <trkpt lat="46.039077" lon="6.101387">
        <ele>748.7</ele>
      </trkpt>
      <trkpt lat="46.039453" lon="6.100843">
        <ele>747.4</ele>
      </trkpt>
      <trkpt lat="46.039896" lon="6.100215">
        <ele>747.1</ele>
      </trkpt>
      <trkpt lat="46.040084" lon="6.099920">
        <ele>747.6</ele>
      </trkpt>
      <trkpt lat="46.040144" lon="6.099778">
        <ele>747.2</ele>
      </trkpt>
      <trkpt lat="46.040267" lon="6.099631">
        <ele>747.8</ele>
      </trkpt>
      <trkpt lat="46.040387" lon="6.099435">
        <ele>747.9</ele>
      </trkpt>
      <trkpt lat="46.040567" lon="6.099113">
        <ele>748.8</ele>
      </trkpt>
      <trkpt lat="46.040698" lon="6.098832">
        <ele>748.5</ele>
      </trkpt>
      <trkpt lat="46.040828" lon="6.098406">
        <ele>747.4</ele>
      </trkpt>
      <trkpt lat="46.040981" lon="6.098161">
        <ele>745.8</ele>
      </trkpt>
      <trkpt lat="46.041118" lon="6.098039">
        <ele>745.8</ele>
      </trkpt>
      <trkpt lat="46.041213" lon="6.097986">
        <ele>745.6</ele>
      </trkpt>
      <trkpt lat="46.041394" lon="6.097927">
        <ele>745.7</ele>
      </trkpt>
      <trkpt lat="46.041470" lon="6.097905">
        <ele>745.7</ele>
      </trkpt>
      <trkpt lat="46.041651" lon="6.097832">
        <ele>745.7</ele>
      </trkpt>
      <trkpt lat="46.041737" lon="6.097798">
        <ele>745.5</ele>
      </trkpt>
      <trkpt lat="46.041758" lon="6.097784">
        <ele>745.4</ele>
      </trkpt>
      <trkpt lat="46.042049" lon="6.097601">
        <ele>743.2</ele>
      </trkpt>
      <trkpt lat="46.042118" lon="6.097549">
        <ele>742.5</ele>
      </trkpt>
      <trkpt lat="46.042358" lon="6.097368">
        <ele>740.8</ele>
      </trkpt>
      <trkpt lat="46.042440" lon="6.097276">
        <ele>740.2</ele>
      </trkpt>
      <trkpt lat="46.042482" lon="6.097195">
        <ele>739.3</ele>
      </trkpt>
      <trkpt lat="46.042507" lon="6.097115">
        <ele>738.2</ele>
      </trkpt>
      <trkpt lat="46.042573" lon="6.096769">
        <ele>734.7</ele>
      </trkpt>
      <trkpt lat="46.042598" lon="6.096695">
        <ele>734.4</ele>
      </trkpt>
      <trkpt lat="46.042631" lon="6.096638">
        <ele>734.7</ele>
      </trkpt>
      <trkpt lat="46.042734" lon="6.096531">
        <ele>736.6</ele>
      </trkpt>
      <trkpt lat="46.042947" lon="6.096355">
        <ele>740</ele>
      </trkpt>
      <trkpt lat="46.042914" lon="6.096568">
        <ele>740.4</ele>
      </trkpt>
      <trkpt lat="46.042874" lon="6.096812">
        <ele>741.5</ele>
      </trkpt>
      <trkpt lat="46.042954" lon="6.096868">
        <ele>743.5</ele>
      </trkpt>
      <trkpt lat="46.042999" lon="6.096896">
        <ele>744.6</ele>
      </trkpt>
      <trkpt lat="46.043040" lon="6.096903">
        <ele>745.4</ele>
      </trkpt>
      <trkpt lat="46.043170" lon="6.096922">
        <ele>747.9</ele>
      </trkpt>
      <trkpt lat="46.043538" lon="6.096352">
        <ele>748.6</ele>
      </trkpt>
      <trkpt lat="46.044290" lon="6.095153">
        <ele>746</ele>
      </trkpt>
      <trkpt lat="46.045629" lon="6.093031">
        <ele>736.8</ele>
      </trkpt>
      <trkpt lat="46.046206" lon="6.092100">
        <ele>733.6</ele>
      </trkpt>
      <trkpt lat="46.046440" lon="6.091719">
        <ele>733.6</ele>
      </trkpt>
      <trkpt lat="46.046601" lon="6.091455">
        <ele>733.8</ele>
      </trkpt>
      <trkpt lat="46.046850" lon="6.091038">
        <ele>734.1</ele>
      </trkpt>
      <trkpt lat="46.046971" lon="6.090819">
        <ele>735</ele>
      </trkpt>
      <trkpt lat="46.047061" lon="6.090711">
        <ele>735.2</ele>
      </trkpt>
      <trkpt lat="46.047145" lon="6.090607">
        <ele>735.5</ele>
      </trkpt>
      <trkpt lat="46.047204" lon="6.090558">
        <ele>735.9</ele>
      </trkpt>
      <trkpt lat="46.047289" lon="6.090515">
        <ele>736.5</ele>
      </trkpt>
      <trkpt lat="46.047320" lon="6.090512">
        <ele>736.8</ele>
      </trkpt>
      <trkpt lat="46.047350" lon="6.090501">
        <ele>737.1</ele>
      </trkpt>
      <trkpt lat="46.047378" lon="6.090483">
        <ele>737.3</ele>
      </trkpt>
      <trkpt lat="46.047403" lon="6.090457">
        <ele>737.4</ele>
      </trkpt>
      <trkpt lat="46.047472" lon="6.090434">
        <ele>737.9</ele>
      </trkpt>
      <trkpt lat="46.047519" lon="6.090418">
        <ele>738.5</ele>
      </trkpt>
      <trkpt lat="46.047552" lon="6.090419">
        <ele>739.2</ele>
      </trkpt>
      <trkpt lat="46.047600" lon="6.090410">
        <ele>740.3</ele>
      </trkpt>
      <trkpt lat="46.047631" lon="6.090409">
        <ele>741</ele>
      </trkpt>
      <trkpt lat="46.047671" lon="6.090382">
        <ele>741.8</ele>
      </trkpt>
      <trkpt lat="46.047722" lon="6.090333">
        <ele>742.8</ele>
      </trkpt>
      <trkpt lat="46.047752" lon="6.090293">
        <ele>743.4</ele>
      </trkpt>
      <trkpt lat="46.047781" lon="6.090228">
        <ele>743.7</ele>
      </trkpt>
      <trkpt lat="46.047889" lon="6.089849">
        <ele>742.8</ele>
      </trkpt>
      <trkpt lat="46.047938" lon="6.089693">
        <ele>742.2</ele>
      </trkpt>
      <trkpt lat="46.047978" lon="6.089594">
        <ele>741.9</ele>
      </trkpt>
      <trkpt lat="46.048023" lon="6.089514">
        <ele>741.6</ele>
      </trkpt>
      <trkpt lat="46.048074" lon="6.089449">
        <ele>741.4</ele>
      </trkpt>
      <trkpt lat="46.048129" lon="6.089392">
        <ele>741.9</ele>
      </trkpt>
      <trkpt lat="46.048187" lon="6.089347">
        <ele>742.5</ele>
      </trkpt>
      <trkpt lat="46.048236" lon="6.089317">
        <ele>743</ele>
      </trkpt>
      <trkpt lat="46.048282" lon="6.089296">
        <ele>743.6</ele>
      </trkpt>
      <trkpt lat="46.048409" lon="6.089257">
        <ele>744.8</ele>
      </trkpt>
      <trkpt lat="46.048697" lon="6.089182">
        <ele>747.1</ele>
      </trkpt>
      <trkpt lat="46.048845" lon="6.089152">
        <ele>748.3</ele>
      </trkpt>
      <trkpt lat="46.048979" lon="6.089128">
        <ele>749.1</ele>
      </trkpt>
      <trkpt lat="46.049101" lon="6.089119">
        <ele>749.8</ele>
      </trkpt>
      <trkpt lat="46.049239" lon="6.089127">
        <ele>750.7</ele>
      </trkpt>
      <trkpt lat="46.049360" lon="6.089147">
        <ele>751.4</ele>
      </trkpt>
      <trkpt lat="46.049413" lon="6.089158">
        <ele>751.8</ele>
      </trkpt>
      <trkpt lat="46.049647" lon="6.089207">
        <ele>754</ele>
      </trkpt>
      <trkpt lat="46.049790" lon="6.089236">
        <ele>755.7</ele>
      </trkpt>
      <trkpt lat="46.049902" lon="6.089246">
        <ele>756.9</ele>
      </trkpt>
      <trkpt lat="46.049994" lon="6.089238">
        <ele>757.7</ele>
      </trkpt>
      <trkpt lat="46.050137" lon="6.089209">
        <ele>758.9</ele>
      </trkpt>
      <trkpt lat="46.050419" lon="6.089145">
        <ele>761.3</ele>
      </trkpt>
      <trkpt lat="46.050455" lon="6.089137">
        <ele>761.6</ele>
      </trkpt>
      <trkpt lat="46.050490" lon="6.089113">
        <ele>761.7</ele>
      </trkpt>
      <trkpt lat="46.050526" lon="6.089063">
        <ele>761.6</ele>
      </trkpt>
      <trkpt lat="46.050575" lon="6.088993">
        <ele>761.3</ele>
      </trkpt>
      <trkpt lat="46.050604" lon="6.088960">
        <ele>761.3</ele>
      </trkpt>
      <trkpt lat="46.050644" lon="6.088921">
        <ele>761.3</ele>
      </trkpt>
      <trkpt lat="46.050672" lon="6.088983">
        <ele>762.3</ele>
      </trkpt>
      <trkpt lat="46.050711" lon="6.089041">
        <ele>763.3</ele>
      </trkpt>
      <trkpt lat="46.050744" lon="6.089085">
        <ele>764.2</ele>
      </trkpt>
      <trkpt lat="46.050772" lon="6.089106">
        <ele>764.7</ele>
      </trkpt>
      <trkpt lat="46.050868" lon="6.089147">
        <ele>766.2</ele>
      </trkpt>
      <trkpt lat="46.050983" lon="6.089178">
        <ele>767.8</ele>
      </trkpt>
      <trkpt lat="46.051261" lon="6.089215">
        <ele>770.3</ele>
      </trkpt>
      <trkpt lat="46.051422" lon="6.089223">
        <ele>771.2</ele>
      </trkpt>
      <trkpt lat="46.051660" lon="6.089220">
        <ele>772.1</ele>
      </trkpt>
      <trkpt lat="46.051902" lon="6.089221">
        <ele>773.2</ele>
      </trkpt>
      <trkpt lat="46.051984" lon="6.089228">
        <ele>773.7</ele>
      </trkpt>
      <trkpt lat="46.052063" lon="6.089247">
        <ele>774.5</ele>
      </trkpt>
      <trkpt lat="46.052142" lon="6.089267">
        <ele>775.2</ele>
      </trkpt>
      <trkpt lat="46.053363" lon="6.089689">
        <ele>788.3</ele>
      </trkpt>
      <trkpt lat="46.053773" lon="6.089782">
        <ele>790.1</ele>
      </trkpt>
      <trkpt lat="46.053917" lon="6.089815">
        <ele>790.8</ele>
      </trkpt>
      <trkpt lat="46.053979" lon="6.089838">
        <ele>791.6</ele>
      </trkpt>
      <trkpt lat="46.054030" lon="6.089849">
        <ele>792.1</ele>
      </trkpt>
      <trkpt lat="46.054082" lon="6.089850">
        <ele>792.4</ele>
      </trkpt>
      <trkpt lat="46.054136" lon="6.089841">
        <ele>792.5</ele>
      </trkpt>
      <trkpt lat="46.054199" lon="6.089825">
        <ele>792.9</ele>
      </trkpt>
      <trkpt lat="46.054263" lon="6.089794">
        <ele>793.3</ele>
      </trkpt>
      <trkpt lat="46.054336" lon="6.089747">
        <ele>793.7</ele>
      </trkpt>
      <trkpt lat="46.054667" lon="6.089499">
        <ele>795.8</ele>
      </trkpt>
      <trkpt lat="46.054783" lon="6.089423">
        <ele>796.5</ele>
      </trkpt>
      <trkpt lat="46.055017" lon="6.089343">
        <ele>798.3</ele>
      </trkpt>
      <trkpt lat="46.055097" lon="6.089327">
        <ele>798.8</ele>
      </trkpt>
      <trkpt lat="46.055173" lon="6.089322">
        <ele>799.4</ele>
      </trkpt>
      <trkpt lat="46.055233" lon="6.089326">
        <ele>800</ele>
      </trkpt>
      <trkpt lat="46.055312" lon="6.089342">
        <ele>800.9</ele>
      </trkpt>
      <trkpt lat="46.055407" lon="6.089370">
        <ele>801.9</ele>
      </trkpt>
      <trkpt lat="46.055851" lon="6.089530">
        <ele>808</ele>
      </trkpt>
      <trkpt lat="46.055927" lon="6.089545">
        <ele>809.1</ele>
      </trkpt>
      <trkpt lat="46.055985" lon="6.089546">
        <ele>809.6</ele>
      </trkpt>
      <trkpt lat="46.056038" lon="6.089535">
        <ele>809.9</ele>
      </trkpt>
      <trkpt lat="46.056092" lon="6.089511">
        <ele>810</ele>
      </trkpt>
      <trkpt lat="46.056151" lon="6.089472">
        <ele>810.2</ele>
      </trkpt>
      <trkpt lat="46.056252" lon="6.089374">
        <ele>810.1</ele>
      </trkpt>
      <trkpt lat="46.056621" lon="6.088990">
        <ele>811.4</ele>
      </trkpt>
      <trkpt lat="46.056730" lon="6.088883">
        <ele>812.1</ele>
      </trkpt>
      <trkpt lat="46.056823" lon="6.088807">
        <ele>812.8</ele>
      </trkpt>
      <trkpt lat="46.056907" lon="6.088760">
        <ele>813.5</ele>
      </trkpt>
      <trkpt lat="46.056981" lon="6.088740">
        <ele>813.9</ele>
      </trkpt>
      <trkpt lat="46.057048" lon="6.088751">
        <ele>814.2</ele>
      </trkpt>
      <trkpt lat="46.057107" lon="6.088768">
        <ele>814.6</ele>
      </trkpt>
      <trkpt lat="46.057169" lon="6.088808">
        <ele>815.4</ele>
      </trkpt>
      <trkpt lat="46.057565" lon="6.089139">
        <ele>822</ele>
      </trkpt>
      <trkpt lat="46.057625" lon="6.089181">
        <ele>823.2</ele>
      </trkpt>
      <trkpt lat="46.057692" lon="6.089205">
        <ele>824.1</ele>
      </trkpt>
      <trkpt lat="46.057760" lon="6.089215">
        <ele>824.8</ele>
      </trkpt>
      <trkpt lat="46.057810" lon="6.089213">
        <ele>825.4</ele>
      </trkpt>
      <trkpt lat="46.057872" lon="6.089193">
        <ele>826.1</ele>
      </trkpt>
      <trkpt lat="46.057923" lon="6.089163">
        <ele>826.6</ele>
      </trkpt>
      <trkpt lat="46.057971" lon="6.089125">
        <ele>826.8</ele>
      </trkpt>
      <trkpt lat="46.058030" lon="6.089047">
        <ele>826.8</ele>
      </trkpt>
      <trkpt lat="46.058162" lon="6.088852">
        <ele>826.8</ele>
      </trkpt>
      <trkpt lat="46.058251" lon="6.088747">
        <ele>827.5</ele>
      </trkpt>
      <trkpt lat="46.058345" lon="6.088674">
        <ele>828.9</ele>
      </trkpt>
      <trkpt lat="46.058421" lon="6.088633">
        <ele>829.8</ele>
      </trkpt>
      <trkpt lat="46.059027" lon="6.088399">
        <ele>835.6</ele>
      </trkpt>
      <trkpt lat="46.059523" lon="6.088220">
        <ele>838.9</ele>
      </trkpt>
      <trkpt lat="46.059640" lon="6.088189">
        <ele>839.3</ele>
      </trkpt>
      <trkpt lat="46.059733" lon="6.088176">
        <ele>839.8</ele>
      </trkpt>
      <trkpt lat="46.060206" lon="6.088163">
        <ele>842.4</ele>
      </trkpt>
      <trkpt lat="46.060478" lon="6.088142">
        <ele>844</ele>
      </trkpt>
      <trkpt lat="46.060630" lon="6.088114">
        <ele>844.3</ele>
      </trkpt>
      <trkpt lat="46.060745" lon="6.088077">
        <ele>844.1</ele>
      </trkpt>
      <trkpt lat="46.060866" lon="6.088021">
        <ele>843.6</ele>
      </trkpt>
      <trkpt lat="46.060979" lon="6.087974">
        <ele>843.3</ele>
      </trkpt>
      <trkpt lat="46.061032" lon="6.087963">
        <ele>843.3</ele>
      </trkpt>
      <trkpt lat="46.061102" lon="6.087967">
        <ele>843.7</ele>
      </trkpt>
      <trkpt lat="46.061145" lon="6.087980">
        <ele>843.7</ele>
      </trkpt>
      <trkpt lat="46.061204" lon="6.088008">
        <ele>843.8</ele>
      </trkpt>
      <trkpt lat="46.061255" lon="6.088042">
        <ele>844.1</ele>
      </trkpt>
      <trkpt lat="46.061300" lon="6.088088">
        <ele>844.5</ele>
      </trkpt>
      <trkpt lat="46.061332" lon="6.088135">
        <ele>845</ele>
      </trkpt>
      <trkpt lat="46.061372" lon="6.088210">
        <ele>845.9</ele>
      </trkpt>
      <trkpt lat="46.061428" lon="6.088357">
        <ele>847.4</ele>
      </trkpt>
      <trkpt lat="46.061537" lon="6.088714">
        <ele>850.6</ele>
      </trkpt>
      <trkpt lat="46.061568" lon="6.088803">
        <ele>851.2</ele>
      </trkpt>
      <trkpt lat="46.061599" lon="6.088871">
        <ele>851.7</ele>
      </trkpt>
      <trkpt lat="46.061639" lon="6.088928">
        <ele>851.8</ele>
      </trkpt>
      <trkpt lat="46.061698" lon="6.088997">
        <ele>852</ele>
      </trkpt>
      <trkpt lat="46.061757" lon="6.089046">
        <ele>852.2</ele>
      </trkpt>
      <trkpt lat="46.061820" lon="6.089077">
        <ele>852.3</ele>
      </trkpt>
      <trkpt lat="46.061873" lon="6.089095">
        <ele>852.3</ele>
      </trkpt>
      <trkpt lat="46.061940" lon="6.089109">
        <ele>852.2</ele>
      </trkpt>
      <trkpt lat="46.061997" lon="6.089106">
        <ele>852.7</ele>
      </trkpt>
      <trkpt lat="46.062052" lon="6.089092">
        <ele>853.1</ele>
      </trkpt>
      <trkpt lat="46.062099" lon="6.089075">
        <ele>853.3</ele>
      </trkpt>
      <trkpt lat="46.062163" lon="6.089036">
        <ele>853.5</ele>
      </trkpt>
      <trkpt lat="46.062207" lon="6.088997">
        <ele>853.4</ele>
      </trkpt>
      <trkpt lat="46.062259" lon="6.088938">
        <ele>853.5</ele>
      </trkpt>
      <trkpt lat="46.062526" lon="6.088537">
        <ele>852.3</ele>
      </trkpt>
      <trkpt lat="46.062573" lon="6.088480">
        <ele>852.2</ele>
      </trkpt>
      <trkpt lat="46.062622" lon="6.088429">
        <ele>852.1</ele>
      </trkpt>
      <trkpt lat="46.062675" lon="6.088395">
        <ele>852.4</ele>
      </trkpt>
      <trkpt lat="46.062731" lon="6.088372">
        <ele>852.9</ele>
      </trkpt>
      <trkpt lat="46.062793" lon="6.088364">
        <ele>853.5</ele>
      </trkpt>
      <trkpt lat="46.062867" lon="6.088374">
        <ele>853.9</ele>
      </trkpt>
      <trkpt lat="46.063243" lon="6.088457">
        <ele>855.8</ele>
      </trkpt>
      <trkpt lat="46.063528" lon="6.088526">
        <ele>856.8</ele>
      </trkpt>
      <trkpt lat="46.063665" lon="6.088559">
        <ele>857.1</ele>
      </trkpt>
      <trkpt lat="46.063982" lon="6.088615">
        <ele>857.4</ele>
      </trkpt>
      <trkpt lat="46.064358" lon="6.088651">
        <ele>858.7</ele>
      </trkpt>
      <trkpt lat="46.064589" lon="6.088652">
        <ele>859.2</ele>
      </trkpt>
      <trkpt lat="46.064767" lon="6.088625">
        <ele>859.4</ele>
      </trkpt>
      <trkpt lat="46.064964" lon="6.088607">
        <ele>859.8</ele>
      </trkpt>
      <trkpt lat="46.065034" lon="6.088651">
        <ele>860.7</ele>
      </trkpt>
      <trkpt lat="46.065053" lon="6.088677">
        <ele>861.1</ele>
      </trkpt>
      <trkpt lat="46.065086" lon="6.088630">
        <ele>860.6</ele>
      </trkpt>
      <trkpt lat="46.065124" lon="6.088607">
        <ele>860.4</ele>
      </trkpt>
      <trkpt lat="46.065174" lon="6.088586">
        <ele>860.3</ele>
      </trkpt>
      <trkpt lat="46.065248" lon="6.088573">
        <ele>860.3</ele>
      </trkpt>
      <trkpt lat="46.065321" lon="6.088569">
        <ele>860.5</ele>
      </trkpt>
      <trkpt lat="46.065821" lon="6.088542">
        <ele>862.2</ele>
      </trkpt>
      <trkpt lat="46.065855" lon="6.088538">
        <ele>862.3</ele>
      </trkpt>
      <trkpt lat="46.066037" lon="6.088514">
        <ele>862.9</ele>
      </trkpt>
      <trkpt lat="46.066247" lon="6.088473">
        <ele>863.7</ele>
      </trkpt>
      <trkpt lat="46.066326" lon="6.088452">
        <ele>864.1</ele>
      </trkpt>
      <trkpt lat="46.066384" lon="6.088427">
        <ele>864.3</ele>
      </trkpt>
      <trkpt lat="46.066422" lon="6.088404">
        <ele>864.5</ele>
      </trkpt>
      <trkpt lat="46.066495" lon="6.088336">
        <ele>864.8</ele>
      </trkpt>
      <trkpt lat="46.066558" lon="6.088256">
        <ele>865.1</ele>
      </trkpt>
      <trkpt lat="46.066613" lon="6.088173">
        <ele>865.5</ele>
      </trkpt>
      <trkpt lat="46.066780" lon="6.087838">
        <ele>867.3</ele>
      </trkpt>
      <trkpt lat="46.066821" lon="6.087735">
        <ele>867.8</ele>
      </trkpt>
      <trkpt lat="46.066992" lon="6.087250">
        <ele>870.5</ele>
      </trkpt>
      <trkpt lat="46.067023" lon="6.087145">
        <ele>870.8</ele>
      </trkpt>
      <trkpt lat="46.067032" lon="6.087098">
        <ele>870.9</ele>
      </trkpt>
      <trkpt lat="46.067036" lon="6.087045">
        <ele>871</ele>
      </trkpt>
      <trkpt lat="46.067035" lon="6.087004">
        <ele>871</ele>
      </trkpt>
      <trkpt lat="46.067034" lon="6.086966">
        <ele>871</ele>
      </trkpt>
      <trkpt lat="46.067027" lon="6.086922">
        <ele>870.9</ele>
      </trkpt>
      <trkpt lat="46.067002" lon="6.086836">
        <ele>870.9</ele>
      </trkpt>
      <trkpt lat="46.066862" lon="6.086534">
        <ele>870.6</ele>
      </trkpt>
      <trkpt lat="46.066800" lon="6.086396">
        <ele>870.4</ele>
      </trkpt>
      <trkpt lat="46.066753" lon="6.086274">
        <ele>870.3</ele>
      </trkpt>
      <trkpt lat="46.066698" lon="6.086091">
        <ele>870.3</ele>
      </trkpt>
      <trkpt lat="46.066663" lon="6.085928">
        <ele>870</ele>
      </trkpt>
      <trkpt lat="46.066638" lon="6.085798">
        <ele>869.7</ele>
      </trkpt>
      <trkpt lat="46.066613" lon="6.085598">
        <ele>869.6</ele>
      </trkpt>
      <trkpt lat="46.066579" lon="6.085226">
        <ele>869.2</ele>
      </trkpt>
      <trkpt lat="46.066569" lon="6.084916">
        <ele>868.5</ele>
      </trkpt>
      <trkpt lat="46.066569" lon="6.084737">
        <ele>868.3</ele>
      </trkpt>
      <trkpt lat="46.066575" lon="6.084589">
        <ele>867.9</ele>
      </trkpt>
      <trkpt lat="46.066594" lon="6.084438">
        <ele>867.4</ele>
      </trkpt>
      <trkpt lat="46.066626" lon="6.084249">
        <ele>866.4</ele>
      </trkpt>
      <trkpt lat="46.066660" lon="6.084130">
        <ele>865.7</ele>
      </trkpt>
      <trkpt lat="46.066707" lon="6.084001">
        <ele>865</ele>
      </trkpt>
      <trkpt lat="46.066751" lon="6.083901">
        <ele>864.4</ele>
      </trkpt>
      <trkpt lat="46.066882" lon="6.083662">
        <ele>863.1</ele>
      </trkpt>
      <trkpt lat="46.067030" lon="6.083407">
        <ele>862.6</ele>
      </trkpt>
      <trkpt lat="46.067100" lon="6.083295">
        <ele>862.3</ele>
      </trkpt>
      <trkpt lat="46.067155" lon="6.083216">
        <ele>861.7</ele>
      </trkpt>
      <trkpt lat="46.067195" lon="6.083171">
        <ele>861.3</ele>
      </trkpt>
      <trkpt lat="46.067240" lon="6.083130">
        <ele>860.7</ele>
      </trkpt>
      <trkpt lat="46.067292" lon="6.083091">
        <ele>859.9</ele>
      </trkpt>
      <trkpt lat="46.067331" lon="6.083067">
        <ele>859.4</ele>
      </trkpt>
      <trkpt lat="46.067364" lon="6.083054">
        <ele>858.9</ele>
      </trkpt>
      <trkpt lat="46.067409" lon="6.083042">
        <ele>858.4</ele>
      </trkpt>
      <trkpt lat="46.067458" lon="6.083037">
        <ele>857.9</ele>
      </trkpt>
      <trkpt lat="46.067508" lon="6.083040">
        <ele>857.5</ele>
      </trkpt>
      <trkpt lat="46.067562" lon="6.083052">
        <ele>857</ele>
      </trkpt>
      <trkpt lat="46.067616" lon="6.083072">
        <ele>856.6</ele>
      </trkpt>
      <trkpt lat="46.067714" lon="6.083119">
        <ele>856</ele>
      </trkpt>
      <trkpt lat="46.067994" lon="6.083270">
        <ele>854</ele>
      </trkpt>
      <trkpt lat="46.068157" lon="6.083374">
        <ele>852.4</ele>
      </trkpt>
      <trkpt lat="46.068264" lon="6.083452">
        <ele>851.5</ele>
      </trkpt>
      <trkpt lat="46.068362" lon="6.083528">
        <ele>850.8</ele>
      </trkpt>
      <trkpt lat="46.068527" lon="6.083673">
        <ele>848.9</ele>
      </trkpt>
      <trkpt lat="46.068610" lon="6.083756">
        <ele>848.1</ele>
      </trkpt>
      <trkpt lat="46.068728" lon="6.083888">
        <ele>847.5</ele>
      </trkpt>
      <trkpt lat="46.068844" lon="6.084015">
        <ele>846.3</ele>
      </trkpt>
      <trkpt lat="46.068916" lon="6.084084">
        <ele>845.6</ele>
      </trkpt>
      <trkpt lat="46.069007" lon="6.084152">
        <ele>844.7</ele>
      </trkpt>
      <trkpt lat="46.069178" lon="6.084232">
        <ele>842.7</ele>
      </trkpt>
      <trkpt lat="46.069302" lon="6.084301">
        <ele>841</ele>
      </trkpt>
      <trkpt lat="46.069417" lon="6.084371">
        <ele>839.5</ele>
      </trkpt>
      <trkpt lat="46.069516" lon="6.084446">
        <ele>838.2</ele>
      </trkpt>
      <trkpt lat="46.069636" lon="6.084548">
        <ele>836.5</ele>
      </trkpt>
      <trkpt lat="46.069790" lon="6.084698">
        <ele>834.9</ele>
      </trkpt>
      <trkpt lat="46.070091" lon="6.085012">
        <ele>831.1</ele>
      </trkpt>
      <trkpt lat="46.070236" lon="6.085191">
        <ele>829.4</ele>
      </trkpt>
      <trkpt lat="46.070333" lon="6.085344">
        <ele>828.5</ele>
      </trkpt>
      <trkpt lat="46.070423" lon="6.085507">
        <ele>827.9</ele>
      </trkpt>
      <trkpt lat="46.070520" lon="6.085714">
        <ele>826.5</ele>
      </trkpt>
      <trkpt lat="46.070610" lon="6.085931">
        <ele>825.5</ele>
      </trkpt>
      <trkpt lat="46.070688" lon="6.086129">
        <ele>824.8</ele>
      </trkpt>
      <trkpt lat="46.070756" lon="6.086304">
        <ele>824.3</ele>
      </trkpt>
      <trkpt lat="46.070804" lon="6.086408">
        <ele>823.9</ele>
      </trkpt>
      <trkpt lat="46.070854" lon="6.086497">
        <ele>823.4</ele>
      </trkpt>
      <trkpt lat="46.070891" lon="6.086546">
        <ele>823</ele>
      </trkpt>
      <trkpt lat="46.070946" lon="6.086603">
        <ele>822.2</ele>
      </trkpt>
      <trkpt lat="46.071047" lon="6.086669">
        <ele>820.4</ele>
      </trkpt>
      <trkpt lat="46.071195" lon="6.086734">
        <ele>818.3</ele>
      </trkpt>
      <trkpt lat="46.071332" lon="6.086790">
        <ele>817.1</ele>
      </trkpt>
      <trkpt lat="46.071440" lon="6.086822">
        <ele>816</ele>
      </trkpt>
      <trkpt lat="46.071564" lon="6.086859">
        <ele>814.8</ele>
      </trkpt>
      <trkpt lat="46.071664" lon="6.086877">
        <ele>813.8</ele>
      </trkpt>
      <trkpt lat="46.071933" lon="6.086925">
        <ele>811.1</ele>
      </trkpt>
      <trkpt lat="46.072108" lon="6.086952">
        <ele>809.8</ele>
      </trkpt>
      <trkpt lat="46.073050" lon="6.087097">
        <ele>799.1</ele>
      </trkpt>
      <trkpt lat="46.073277" lon="6.087132">
        <ele>796.3</ele>
      </trkpt>
      <trkpt lat="46.073448" lon="6.087173">
        <ele>794.6</ele>
      </trkpt>
      <trkpt lat="46.073522" lon="6.087183">
        <ele>793.8</ele>
      </trkpt>
      <trkpt lat="46.073642" lon="6.087201">
        <ele>792.6</ele>
      </trkpt>
      <trkpt lat="46.073785" lon="6.087224">
        <ele>791.1</ele>
      </trkpt>
      <trkpt lat="46.073849" lon="6.087232">
        <ele>790.4</ele>
      </trkpt>
      <trkpt lat="46.073916" lon="6.087228">
        <ele>789.7</ele>
      </trkpt>
      <trkpt lat="46.073956" lon="6.087216">
        <ele>789.3</ele>
      </trkpt>
      <trkpt lat="46.073985" lon="6.087202">
        <ele>789</ele>
      </trkpt>
      <trkpt lat="46.074009" lon="6.087187">
        <ele>788.7</ele>
      </trkpt>
      <trkpt lat="46.074056" lon="6.087149">
        <ele>788.2</ele>
      </trkpt>
      <trkpt lat="46.074086" lon="6.087111">
        <ele>787.9</ele>
      </trkpt>
      <trkpt lat="46.074198" lon="6.086969">
        <ele>786.9</ele>
      </trkpt>
      <trkpt lat="46.074277" lon="6.086895">
        <ele>786.7</ele>
      </trkpt>
      <trkpt lat="46.074329" lon="6.086915">
        <ele>786.5</ele>
      </trkpt>
      <trkpt lat="46.074400" lon="6.086954">
        <ele>786.1</ele>
      </trkpt>
      <trkpt lat="46.074447" lon="6.086957">
        <ele>786</ele>
      </trkpt>
      <trkpt lat="46.074463" lon="6.086954">
        <ele>786</ele>
      </trkpt>
      <trkpt lat="46.074560" lon="6.086877">
        <ele>786.7</ele>
      </trkpt>
      <trkpt lat="46.074593" lon="6.086881">
        <ele>786.8</ele>
      </trkpt>
      <trkpt lat="46.074669" lon="6.086998">
        <ele>786.5</ele>
      </trkpt>
      <trkpt lat="46.074678" lon="6.087112">
        <ele>785.7</ele>
      </trkpt>
      <trkpt lat="46.074676" lon="6.087258">
        <ele>784.8</ele>
      </trkpt>
      <trkpt lat="46.074626" lon="6.087459">
        <ele>783.6</ele>
      </trkpt>
      <trkpt lat="46.074817" lon="6.087754">
        <ele>781.2</ele>
      </trkpt>
      <trkpt lat="46.074931" lon="6.087931">
        <ele>779.9</ele>
      </trkpt>
      <trkpt lat="46.075238" lon="6.088405">
        <ele>775.8</ele>
      </trkpt>
      <trkpt lat="46.075333" lon="6.088551">
        <ele>775.1</ele>
      </trkpt>
      <trkpt lat="46.076551" lon="6.090431">
        <ele>762.7</ele>
      </trkpt>
      <trkpt lat="46.076614" lon="6.090528">
        <ele>762.2</ele>
      </trkpt>
      <trkpt lat="46.076884" lon="6.090946">
        <ele>760.1</ele>
      </trkpt>
      <trkpt lat="46.077053" lon="6.091158">
        <ele>758.7</ele>
      </trkpt>
      <trkpt lat="46.077446" lon="6.091409">
        <ele>755.2</ele>
      </trkpt>
      <trkpt lat="46.077570" lon="6.091458">
        <ele>754.1</ele>
      </trkpt>
      <trkpt lat="46.077654" lon="6.091448">
        <ele>753.6</ele>
      </trkpt>
      <trkpt lat="46.077735" lon="6.091409">
        <ele>753.2</ele>
      </trkpt>
      <trkpt lat="46.077902" lon="6.091174">
        <ele>750.4</ele>
      </trkpt>
      <trkpt lat="46.077916" lon="6.091161">
        <ele>750.1</ele>
      </trkpt>
      <trkpt lat="46.077952" lon="6.091126">
        <ele>749.3</ele>
      </trkpt>
      <trkpt lat="46.078230" lon="6.090866">
        <ele>747.8</ele>
      </trkpt>
      <trkpt lat="46.078410" lon="6.090778">
        <ele>746.6</ele>
      </trkpt>
      <trkpt lat="46.078563" lon="6.090688">
        <ele>746</ele>
      </trkpt>
      <trkpt lat="46.078840" lon="6.090513">
        <ele>744.7</ele>
      </trkpt>
      <trkpt lat="46.079084" lon="6.090395">
        <ele>743.4</ele>
      </trkpt>
      <trkpt lat="46.079201" lon="6.090338">
        <ele>742.3</ele>
      </trkpt>
      <trkpt lat="46.079464" lon="6.090185">
        <ele>740.3</ele>
      </trkpt>
      <trkpt lat="46.079558" lon="6.090131">
        <ele>738.8</ele>
      </trkpt>
      <trkpt lat="46.079771" lon="6.090007">
        <ele>736.4</ele>
      </trkpt>
      <trkpt lat="46.079901" lon="6.089931">
        <ele>735.7</ele>
      </trkpt>
      <trkpt lat="46.080561" lon="6.089548">
        <ele>731.2</ele>
      </trkpt>
      <trkpt lat="46.081118" lon="6.089187">
        <ele>727.8</ele>
      </trkpt>
      <trkpt lat="46.081437" lon="6.089036">
        <ele>726.2</ele>
      </trkpt>
      <trkpt lat="46.081712" lon="6.088965">
        <ele>722.7</ele>
      </trkpt>
      <trkpt lat="46.081788" lon="6.088965">
        <ele>721.4</ele>
      </trkpt>
      <trkpt lat="46.081849" lon="6.089018">
        <ele>720.1</ele>
      </trkpt>
      <trkpt lat="46.081919" lon="6.089100">
        <ele>718.6</ele>
      </trkpt>
      <trkpt lat="46.081945" lon="6.089213">
        <ele>717.7</ele>
      </trkpt>
      <trkpt lat="46.081949" lon="6.089395">
        <ele>716.3</ele>
      </trkpt>
      <trkpt lat="46.081928" lon="6.089552">
        <ele>715.9</ele>
      </trkpt>
      <trkpt lat="46.081877" lon="6.089917">
        <ele>714.2</ele>
      </trkpt>
      <trkpt lat="46.081821" lon="6.090345">
        <ele>711.6</ele>
      </trkpt>
      <trkpt lat="46.081756" lon="6.090618">
        <ele>710.9</ele>
      </trkpt>
      <trkpt lat="46.081734" lon="6.090735">
        <ele>709.8</ele>
      </trkpt>
      <trkpt lat="46.081685" lon="6.090889">
        <ele>708.9</ele>
      </trkpt>
      <trkpt lat="46.081590" lon="6.091096">
        <ele>707.8</ele>
      </trkpt>
      <trkpt lat="46.081288" lon="6.091757">
        <ele>706.7</ele>
      </trkpt>
      <trkpt lat="46.081115" lon="6.092064">
        <ele>705.2</ele>
      </trkpt>
      <trkpt lat="46.080956" lon="6.092332">
        <ele>703.7</ele>
      </trkpt>
      <trkpt lat="46.080929" lon="6.092378">
        <ele>703.5</ele>
      </trkpt>
      <trkpt lat="46.080773" lon="6.092679">
        <ele>702.4</ele>
      </trkpt>
      <trkpt lat="46.080738" lon="6.092795">
        <ele>701.9</ele>
      </trkpt>
      <trkpt lat="46.080746" lon="6.092923">
        <ele>700.9</ele>
      </trkpt>
      <trkpt lat="46.080807" lon="6.093055">
        <ele>699.3</ele>
      </trkpt>
      <trkpt lat="46.080907" lon="6.093164">
        <ele>697.6</ele>
      </trkpt>
      <trkpt lat="46.081107" lon="6.093336">
        <ele>696</ele>
      </trkpt>
      <trkpt lat="46.081389" lon="6.093569">
        <ele>694</ele>
      </trkpt>
      <trkpt lat="46.081745" lon="6.093868">
        <ele>690.9</ele>
      </trkpt>
      <trkpt lat="46.081997" lon="6.094080">
        <ele>688.7</ele>
      </trkpt>
      <trkpt lat="46.082038" lon="6.094114">
        <ele>688.2</ele>
      </trkpt>
      <trkpt lat="46.082100" lon="6.094041">
        <ele>687.8</ele>
      </trkpt>
      <trkpt lat="46.082145" lon="6.093996">
        <ele>687.4</ele>
      </trkpt>
      <trkpt lat="46.082200" lon="6.093947">
        <ele>687</ele>
      </trkpt>
      <trkpt lat="46.082270" lon="6.093895">
        <ele>686.6</ele>
      </trkpt>
      <trkpt lat="46.082346" lon="6.093852">
        <ele>686.3</ele>
      </trkpt>
      <trkpt lat="46.082453" lon="6.093791">
        <ele>685.8</ele>
      </trkpt>
      <trkpt lat="46.082535" lon="6.093733">
        <ele>685.2</ele>
      </trkpt>
      <trkpt lat="46.082616" lon="6.093662">
        <ele>684.6</ele>
      </trkpt>
      <trkpt lat="46.082694" lon="6.093569">
        <ele>683.8</ele>
      </trkpt>
      <trkpt lat="46.082829" lon="6.093383">
        <ele>681.8</ele>
      </trkpt>
      <trkpt lat="46.083388" lon="6.092601">
        <ele>676.7</ele>
      </trkpt>
      <trkpt lat="46.083563" lon="6.092347">
        <ele>675.4</ele>
      </trkpt>
      <trkpt lat="46.083673" lon="6.092178">
        <ele>674.9</ele>
      </trkpt>
      <trkpt lat="46.083750" lon="6.092034">
        <ele>674.8</ele>
      </trkpt>
      <trkpt lat="46.083826" lon="6.091860">
        <ele>674.2</ele>
      </trkpt>
      <trkpt lat="46.084314" lon="6.090651">
        <ele>670.1</ele>
      </trkpt>
      <trkpt lat="46.084374" lon="6.090493">
        <ele>669.6</ele>
      </trkpt>
      <trkpt lat="46.084435" lon="6.090333">
        <ele>669.1</ele>
      </trkpt>
      <trkpt lat="46.084479" lon="6.090191">
        <ele>669.1</ele>
      </trkpt>
      <trkpt lat="46.084522" lon="6.090030">
        <ele>669.4</ele>
      </trkpt>
      <trkpt lat="46.084550" lon="6.089872">
        <ele>669.2</ele>
      </trkpt>
      <trkpt lat="46.084573" lon="6.089722">
        <ele>669.1</ele>
      </trkpt>
      <trkpt lat="46.084589" lon="6.089585">
        <ele>669.5</ele>
      </trkpt>
      <trkpt lat="46.084599" lon="6.089441">
        <ele>670</ele>
      </trkpt>
      <trkpt lat="46.084603" lon="6.089306">
        <ele>670.2</ele>
      </trkpt>
      <trkpt lat="46.084693" lon="6.087385">
        <ele>676.5</ele>
      </trkpt>
      <trkpt lat="46.084711" lon="6.087237">
        <ele>676.2</ele>
      </trkpt>
      <trkpt lat="46.084730" lon="6.087142">
        <ele>676.5</ele>
      </trkpt>
      <trkpt lat="46.084757" lon="6.087041">
        <ele>676.8</ele>
      </trkpt>
      <trkpt lat="46.084798" lon="6.086931">
        <ele>677</ele>
      </trkpt>
      <trkpt lat="46.084850" lon="6.086839">
        <ele>676.5</ele>
      </trkpt>
      <trkpt lat="46.084917" lon="6.086750">
        <ele>675.9</ele>
      </trkpt>
      <trkpt lat="46.084959" lon="6.086697">
        <ele>675.5</ele>
      </trkpt>
      <trkpt lat="46.084997" lon="6.086660">
        <ele>675.1</ele>
      </trkpt>
      <trkpt lat="46.085111" lon="6.086575">
        <ele>674.3</ele>
      </trkpt>
      <trkpt lat="46.085783" lon="6.086144">
        <ele>670.5</ele>
      </trkpt>
      <trkpt lat="46.086113" lon="6.085936">
        <ele>670</ele>
      </trkpt>
      <trkpt lat="46.086167" lon="6.085891">
        <ele>669.8</ele>
      </trkpt>
      <trkpt lat="46.086208" lon="6.085844">
        <ele>669.7</ele>
      </trkpt>
      <trkpt lat="46.086258" lon="6.085772">
        <ele>669.7</ele>
      </trkpt>
      <trkpt lat="46.086396" lon="6.085527">
        <ele>669.1</ele>
      </trkpt>
      <trkpt lat="46.086536" lon="6.085275">
        <ele>669.5</ele>
      </trkpt>
      <trkpt lat="46.086647" lon="6.085111">
        <ele>669.7</ele>
      </trkpt>
      <trkpt lat="46.086883" lon="6.084824">
        <ele>670</ele>
      </trkpt>
      <trkpt lat="46.087588" lon="6.083988">
        <ele>674</ele>
      </trkpt>
      <trkpt lat="46.088067" lon="6.083416">
        <ele>676.7</ele>
      </trkpt>
      <trkpt lat="46.088229" lon="6.083246">
        <ele>677.2</ele>
      </trkpt>
      <trkpt lat="46.088485" lon="6.083004">
        <ele>677.3</ele>
      </trkpt>
      <trkpt lat="46.088786" lon="6.082707">
        <ele>677.8</ele>
      </trkpt>
      <trkpt lat="46.088947" lon="6.082536">
        <ele>677.7</ele>
      </trkpt>
      <trkpt lat="46.089069" lon="6.082423">
        <ele>677.4</ele>
      </trkpt>
      <trkpt lat="46.089185" lon="6.082327">
        <ele>677.3</ele>
      </trkpt>
      <trkpt lat="46.089404" lon="6.082158">
        <ele>677.3</ele>
      </trkpt>
      <trkpt lat="46.089529" lon="6.082052">
        <ele>677.8</ele>
      </trkpt>
      <trkpt lat="46.089656" lon="6.081938">
        <ele>678.5</ele>
      </trkpt>
      <trkpt lat="46.089809" lon="6.081791">
        <ele>679</ele>
      </trkpt>
      <trkpt lat="46.090004" lon="6.081572">
        <ele>679.6</ele>
      </trkpt>
      <trkpt lat="46.090181" lon="6.081361">
        <ele>679.2</ele>
      </trkpt>
      <trkpt lat="46.090564" lon="6.080894">
        <ele>678.7</ele>
      </trkpt>
      <trkpt lat="46.091047" lon="6.080315">
        <ele>681.9</ele>
      </trkpt>
      <trkpt lat="46.091445" lon="6.079850">
        <ele>683.5</ele>
      </trkpt>
      <trkpt lat="46.091657" lon="6.079422">
        <ele>685.2</ele>
      </trkpt>
      <trkpt lat="46.091992" lon="6.079008">
        <ele>684.7</ele>
      </trkpt>
      <trkpt lat="46.092145" lon="6.078823">
        <ele>684.1</ele>
      </trkpt>
      <trkpt lat="46.092459" lon="6.078575">
        <ele>684.6</ele>
      </trkpt>
      <trkpt lat="46.092647" lon="6.078366">
        <ele>685.5</ele>
      </trkpt>
      <trkpt lat="46.093032" lon="6.077850">
        <ele>686.5</ele>
      </trkpt>
      <trkpt lat="46.093139" lon="6.077698">
        <ele>686.6</ele>
      </trkpt>
      <trkpt lat="46.093196" lon="6.077593">
        <ele>687.1</ele>
      </trkpt>
      <trkpt lat="46.093247" lon="6.077479">
        <ele>687.6</ele>
      </trkpt>
      <trkpt lat="46.093428" lon="6.077033">
        <ele>686.6</ele>
      </trkpt>
      <trkpt lat="46.093470" lon="6.076906">
        <ele>686.6</ele>
      </trkpt>
      <trkpt lat="46.093516" lon="6.076824">
        <ele>686</ele>
      </trkpt>
      <trkpt lat="46.093583" lon="6.076756">
        <ele>685.1</ele>
      </trkpt>
      <trkpt lat="46.093653" lon="6.076691">
        <ele>684.5</ele>
      </trkpt>
      <trkpt lat="46.093699" lon="6.076660">
        <ele>684</ele>
      </trkpt>
      <trkpt lat="46.093755" lon="6.076588">
        <ele>683.3</ele>
      </trkpt>
      <trkpt lat="46.093799" lon="6.076502">
        <ele>682.6</ele>
      </trkpt>
      <trkpt lat="46.093888" lon="6.076250">
        <ele>681</ele>
      </trkpt>
      <trkpt lat="46.093928" lon="6.076134">
        <ele>680.4</ele>
      </trkpt>
      <trkpt lat="46.093957" lon="6.076070">
        <ele>680.1</ele>
      </trkpt>
      <trkpt lat="46.093985" lon="6.076034">
        <ele>679.8</ele>
      </trkpt>
      <trkpt lat="46.094016" lon="6.076003">
        <ele>679.4</ele>
      </trkpt>
      <trkpt lat="46.094055" lon="6.075981">
        <ele>678.8</ele>
      </trkpt>
      <trkpt lat="46.094090" lon="6.075979">
        <ele>678.2</ele>
      </trkpt>
      <trkpt lat="46.094167" lon="6.076017">
        <ele>677</ele>
      </trkpt>
      <trkpt lat="46.094224" lon="6.076075">
        <ele>676.2</ele>
      </trkpt>
      <trkpt lat="46.094375" lon="6.076247">
        <ele>674.4</ele>
      </trkpt>
      <trkpt lat="46.094538" lon="6.076471">
        <ele>672.2</ele>
      </trkpt>
      <trkpt lat="46.094609" lon="6.076587">
        <ele>671.2</ele>
      </trkpt>
      <trkpt lat="46.094750" lon="6.076846">
        <ele>669</ele>
      </trkpt>
      <trkpt lat="46.094791" lon="6.076903">
        <ele>668.3</ele>
      </trkpt>
      <trkpt lat="46.094859" lon="6.076963">
        <ele>667.5</ele>
      </trkpt>
      <trkpt lat="46.094901" lon="6.076991">
        <ele>666.9</ele>
      </trkpt>
      <trkpt lat="46.094972" lon="6.077023">
        <ele>666</ele>
      </trkpt>
      <trkpt lat="46.095053" lon="6.077041">
        <ele>665.1</ele>
      </trkpt>
      <trkpt lat="46.095674" lon="6.077146">
        <ele>659.6</ele>
      </trkpt>
      <trkpt lat="46.095800" lon="6.077174">
        <ele>658.3</ele>
      </trkpt>
      <trkpt lat="46.095908" lon="6.077212">
        <ele>657.5</ele>
      </trkpt>
      <trkpt lat="46.096009" lon="6.077266">
        <ele>656.8</ele>
      </trkpt>
      <trkpt lat="46.096120" lon="6.077347">
        <ele>655.9</ele>
      </trkpt>
      <trkpt lat="46.096238" lon="6.077364">
        <ele>655.1</ele>
      </trkpt>
      <trkpt lat="46.096473" lon="6.077606">
        <ele>653.7</ele>
      </trkpt>
      <trkpt lat="46.096693" lon="6.077849">
        <ele>652.6</ele>
      </trkpt>
      <trkpt lat="46.096815" lon="6.077991">
        <ele>651.6</ele>
      </trkpt>
      <trkpt lat="46.097011" lon="6.078217">
        <ele>650.9</ele>
      </trkpt>
      <trkpt lat="46.097140" lon="6.078345">
        <ele>650.3</ele>
      </trkpt>
      <trkpt lat="46.097389" lon="6.078619">
        <ele>648.8</ele>
      </trkpt>
      <trkpt lat="46.097779" lon="6.079042">
        <ele>647.4</ele>
      </trkpt>
      <trkpt lat="46.097842" lon="6.079146">
        <ele>646.8</ele>
      </trkpt>
      <trkpt lat="46.097948" lon="6.079230">
        <ele>646.4</ele>
      </trkpt>
      <trkpt lat="46.098126" lon="6.079427">
        <ele>645.5</ele>
      </trkpt>
      <trkpt lat="46.098249" lon="6.079572">
        <ele>644.9</ele>
      </trkpt>
      <trkpt lat="46.098273" lon="6.079692">
        <ele>645.1</ele>
      </trkpt>
      <trkpt lat="46.098350" lon="6.079555">
        <ele>644.3</ele>
      </trkpt>
      <trkpt lat="46.098620" lon="6.079223">
        <ele>643</ele>
      </trkpt>
      <trkpt lat="46.098762" lon="6.079041">
        <ele>642.7</ele>
      </trkpt>
      <trkpt lat="46.098812" lon="6.078983">
        <ele>642.5</ele>
      </trkpt>
      <trkpt lat="46.098922" lon="6.078873">
        <ele>641.8</ele>
      </trkpt>
      <trkpt lat="46.098953" lon="6.078841">
        <ele>641.6</ele>
      </trkpt>
      <trkpt lat="46.098980" lon="6.078826">
        <ele>641.4</ele>
      </trkpt>
      <trkpt lat="46.099050" lon="6.078783">
        <ele>641</ele>
      </trkpt>
      <trkpt lat="46.099162" lon="6.078728">
        <ele>640.4</ele>
      </trkpt>
      <trkpt lat="46.099290" lon="6.078688">
        <ele>639.4</ele>
      </trkpt>
      <trkpt lat="46.099384" lon="6.078670">
        <ele>638.6</ele>
      </trkpt>
      <trkpt lat="46.099441" lon="6.078663">
        <ele>638.2</ele>
      </trkpt>
      <trkpt lat="46.099508" lon="6.078655">
        <ele>637.9</ele>
      </trkpt>
      <trkpt lat="46.099641" lon="6.078656">
        <ele>637.5</ele>
      </trkpt>
      <trkpt lat="46.099795" lon="6.078668">
        <ele>636.5</ele>
      </trkpt>
      <trkpt lat="46.099889" lon="6.078688">
        <ele>635.6</ele>
      </trkpt>
      <trkpt lat="46.100000" lon="6.078745">
        <ele>635</ele>
      </trkpt>
      <trkpt lat="46.100092" lon="6.078798">
        <ele>634.1</ele>
      </trkpt>
      <trkpt lat="46.100219" lon="6.078855">
        <ele>632.7</ele>
      </trkpt>
      <trkpt lat="46.100326" lon="6.078869">
        <ele>631.7</ele>
      </trkpt>
      <trkpt lat="46.100416" lon="6.078865">
        <ele>631.3</ele>
      </trkpt>
      <trkpt lat="46.100636" lon="6.078813">
        <ele>629.3</ele>
      </trkpt>
      <trkpt lat="46.100852" lon="6.078765">
        <ele>626.5</ele>
      </trkpt>
      <trkpt lat="46.101047" lon="6.078746">
        <ele>624.5</ele>
      </trkpt>
      <trkpt lat="46.101161" lon="6.078751">
        <ele>623.6</ele>
      </trkpt>
      <trkpt lat="46.101255" lon="6.078764">
        <ele>622.8</ele>
      </trkpt>
      <trkpt lat="46.101461" lon="6.078812">
        <ele>620.9</ele>
      </trkpt>
      <trkpt lat="46.101655" lon="6.078852">
        <ele>619</ele>
      </trkpt>
      <trkpt lat="46.101682" lon="6.078847">
        <ele>618.7</ele>
      </trkpt>
      <trkpt lat="46.101737" lon="6.078851">
        <ele>618</ele>
      </trkpt>
      <trkpt lat="46.101803" lon="6.078855">
        <ele>617.2</ele>
      </trkpt>
      <trkpt lat="46.101836" lon="6.078859">
        <ele>616.9</ele>
      </trkpt>
      <trkpt lat="46.101861" lon="6.078866">
        <ele>616.6</ele>
      </trkpt>
      <trkpt lat="46.102061" lon="6.078954">
        <ele>614.2</ele>
      </trkpt>
      <trkpt lat="46.102505" lon="6.079149">
        <ele>610.7</ele>
      </trkpt>
      <trkpt lat="46.102607" lon="6.079184">
        <ele>609.9</ele>
      </trkpt>
      <trkpt lat="46.102693" lon="6.079205">
        <ele>609.1</ele>
      </trkpt>
      <trkpt lat="46.102781" lon="6.079217">
        <ele>608.1</ele>
      </trkpt>
      <trkpt lat="46.102899" lon="6.079219">
        <ele>606.6</ele>
      </trkpt>
      <trkpt lat="46.102992" lon="6.079212">
        <ele>605.5</ele>
      </trkpt>
      <trkpt lat="46.103103" lon="6.079197">
        <ele>604.4</ele>
      </trkpt>
      <trkpt lat="46.103302" lon="6.079164">
        <ele>603.2</ele>
      </trkpt>
      <trkpt lat="46.104815" lon="6.078914">
        <ele>593.6</ele>
      </trkpt>
      <trkpt lat="46.104957" lon="6.078883">
        <ele>593.2</ele>
      </trkpt>
      <trkpt lat="46.105066" lon="6.078843">
        <ele>592.6</ele>
      </trkpt>
      <trkpt lat="46.105161" lon="6.078800">
        <ele>592</ele>
      </trkpt>
      <trkpt lat="46.105271" lon="6.078725">
        <ele>591.6</ele>
      </trkpt>
      <trkpt lat="46.105371" lon="6.078651">
        <ele>590.6</ele>
      </trkpt>
      <trkpt lat="46.105573" lon="6.078468">
        <ele>589.3</ele>
      </trkpt>
      <trkpt lat="46.105658" lon="6.078403">
        <ele>588.8</ele>
      </trkpt>
      <trkpt lat="46.105749" lon="6.078348">
        <ele>589</ele>
      </trkpt>
      <trkpt lat="46.105835" lon="6.078315">
        <ele>589</ele>
      </trkpt>
      <trkpt lat="46.105912" lon="6.078289">
        <ele>588.2</ele>
      </trkpt>
      <trkpt lat="46.106018" lon="6.078270">
        <ele>587.3</ele>
      </trkpt>
      <trkpt lat="46.106116" lon="6.078265">
        <ele>586.5</ele>
      </trkpt>
      <trkpt lat="46.106206" lon="6.078273">
        <ele>586.1</ele>
      </trkpt>
      <trkpt lat="46.106740" lon="6.078348">
        <ele>583.4</ele>
      </trkpt>
      <trkpt lat="46.106816" lon="6.078359">
        <ele>582.8</ele>
      </trkpt>
      <trkpt lat="46.107280" lon="6.078426">
        <ele>580.5</ele>
      </trkpt>
      <trkpt lat="46.107566" lon="6.078476">
        <ele>579.4</ele>
      </trkpt>
      <trkpt lat="46.107718" lon="6.078508">
        <ele>578.9</ele>
      </trkpt>
      <trkpt lat="46.107905" lon="6.078552">
        <ele>578.3</ele>
      </trkpt>
      <trkpt lat="46.108119" lon="6.078599">
        <ele>578</ele>
      </trkpt>
      <trkpt lat="46.108238" lon="6.078626">
        <ele>578</ele>
      </trkpt>
      <trkpt lat="46.108345" lon="6.078649">
        <ele>578</ele>
      </trkpt>
      <trkpt lat="46.108477" lon="6.078661">
        <ele>577.4</ele>
      </trkpt>
      <trkpt lat="46.108629" lon="6.078655">
        <ele>576.8</ele>
      </trkpt>
      <trkpt lat="46.108664" lon="6.078656">
        <ele>576.7</ele>
      </trkpt>
      <trkpt lat="46.108809" lon="6.078652">
        <ele>576.2</ele>
      </trkpt>
      <trkpt lat="46.108935" lon="6.078647">
        <ele>576</ele>
      </trkpt>
      <trkpt lat="46.108946" lon="6.078646">
        <ele>576</ele>
      </trkpt>
      <trkpt lat="46.108962" lon="6.078647">
        <ele>576</ele>
      </trkpt>
      <trkpt lat="46.109041" lon="6.078649">
        <ele>576</ele>
      </trkpt>
      <trkpt lat="46.109131" lon="6.078673">
        <ele>576</ele>
      </trkpt>
      <trkpt lat="46.109283" lon="6.078730">
        <ele>575.8</ele>
      </trkpt>
      <trkpt lat="46.109298" lon="6.078736">
        <ele>575.8</ele>
      </trkpt>
      <trkpt lat="46.109330" lon="6.078750">
        <ele>575.7</ele>
      </trkpt>
      <trkpt lat="46.109391" lon="6.078777">
        <ele>575.5</ele>
      </trkpt>
      <trkpt lat="46.109446" lon="6.078802">
        <ele>575.3</ele>
      </trkpt>
      <trkpt lat="46.109475" lon="6.078815">
        <ele>575.2</ele>
      </trkpt>
      <trkpt lat="46.109500" lon="6.078823">
        <ele>575.2</ele>
      </trkpt>
      <trkpt lat="46.109567" lon="6.078844">
        <ele>575.1</ele>
      </trkpt>
      <trkpt lat="46.109606" lon="6.078865">
        <ele>575</ele>
      </trkpt>
      <trkpt lat="46.109630" lon="6.078877">
        <ele>575</ele>
      </trkpt>
      <trkpt lat="46.109727" lon="6.078945">
        <ele>575</ele>
      </trkpt>
      <trkpt lat="46.109741" lon="6.078955">
        <ele>575</ele>
      </trkpt>
      <trkpt lat="46.109756" lon="6.078968">
        <ele>575</ele>
      </trkpt>
      <trkpt lat="46.109787" lon="6.078994">
        <ele>574.9</ele>
      </trkpt>
      <trkpt lat="46.109839" lon="6.079037">
        <ele>574.8</ele>
      </trkpt>
      <trkpt lat="46.109980" lon="6.079161">
        <ele>574.1</ele>
      </trkpt>
      <trkpt lat="46.110049" lon="6.079204">
        <ele>574</ele>
      </trkpt>
      <trkpt lat="46.110082" lon="6.079223">
        <ele>573.9</ele>
      </trkpt>
      <trkpt lat="46.110117" lon="6.079256">
        <ele>573.9</ele>
      </trkpt>
      <trkpt lat="46.110186" lon="6.079317">
        <ele>573.6</ele>
      </trkpt>
      <trkpt lat="46.110242" lon="6.079361">
        <ele>573.4</ele>
      </trkpt>
      <trkpt lat="46.110420" lon="6.079484">
        <ele>572.9</ele>
      </trkpt>
      <trkpt lat="46.110518" lon="6.079515">
        <ele>572.8</ele>
      </trkpt>
      <trkpt lat="46.110573" lon="6.079551">
        <ele>572.6</ele>
      </trkpt>
      <trkpt lat="46.110704" lon="6.079636">
        <ele>571.8</ele>
      </trkpt>
      <trkpt lat="46.110795" lon="6.079695">
        <ele>571.2</ele>
      </trkpt>
      <trkpt lat="46.110886" lon="6.079738">
        <ele>571</ele>
      </trkpt>
      <trkpt lat="46.110931" lon="6.079756">
        <ele>571</ele>
      </trkpt>
      <trkpt lat="46.110965" lon="6.079757">
        <ele>570.9</ele>
      </trkpt>
      <trkpt lat="46.110993" lon="6.079760">
        <ele>570.9</ele>
      </trkpt>
      <trkpt lat="46.111068" lon="6.079779">
        <ele>570.8</ele>
      </trkpt>
      <trkpt lat="46.111169" lon="6.079813">
        <ele>570.5</ele>
      </trkpt>
      <trkpt lat="46.111246" lon="6.079845">
        <ele>570.3</ele>
      </trkpt>
      <trkpt lat="46.111255" lon="6.079848">
        <ele>570.3</ele>
      </trkpt>
      <trkpt lat="46.111270" lon="6.079852">
        <ele>570.2</ele>
      </trkpt>
      <trkpt lat="46.111428" lon="6.079890">
        <ele>569.9</ele>
      </trkpt>
      <trkpt lat="46.111518" lon="6.079912">
        <ele>569.7</ele>
      </trkpt>
      <trkpt lat="46.111556" lon="6.079922">
        <ele>569.6</ele>
      </trkpt>
      <trkpt lat="46.111597" lon="6.079930">
        <ele>569.4</ele>
      </trkpt>
      <trkpt lat="46.111642" lon="6.079933">
        <ele>569.3</ele>
      </trkpt>
      <trkpt lat="46.111660" lon="6.079935">
        <ele>569.3</ele>
      </trkpt>
      <trkpt lat="46.111669" lon="6.079934">
        <ele>569.2</ele>
      </trkpt>
      <trkpt lat="46.111775" lon="6.079919">
        <ele>569.2</ele>
      </trkpt>
      <trkpt lat="46.111929" lon="6.079898">
        <ele>569</ele>
      </trkpt>
      <trkpt lat="46.111982" lon="6.079887">
        <ele>569</ele>
      </trkpt>
      <trkpt lat="46.112041" lon="6.079874">
        <ele>569</ele>
      </trkpt>
      <trkpt lat="46.112114" lon="6.079898">
        <ele>569</ele>
      </trkpt>
      <trkpt lat="46.112128" lon="6.079903">
        <ele>569</ele>
      </trkpt>
      <trkpt lat="46.112178" lon="6.079920">
        <ele>569</ele>
      </trkpt>
      <trkpt lat="46.112200" lon="6.079930">
        <ele>569</ele>
      </trkpt>
      <trkpt lat="46.112234" lon="6.079946">
        <ele>569</ele>
      </trkpt>
      <trkpt lat="46.112324" lon="6.079987">
        <ele>569</ele>
      </trkpt>
      <trkpt lat="46.112450" lon="6.080044">
        <ele>569.2</ele>
      </trkpt>
      <trkpt lat="46.112523" lon="6.080067">
        <ele>569.2</ele>
      </trkpt>
      <trkpt lat="46.112631" lon="6.080088">
        <ele>568.8</ele>
      </trkpt>
      <trkpt lat="46.112716" lon="6.080094">
        <ele>568.6</ele>
      </trkpt>
      <trkpt lat="46.112728" lon="6.080092">
        <ele>568.5</ele>
      </trkpt>
      <trkpt lat="46.112822" lon="6.080096">
        <ele>568.3</ele>
      </trkpt>
      <trkpt lat="46.112881" lon="6.080097">
        <ele>568.2</ele>
      </trkpt>
      <trkpt lat="46.112965" lon="6.080099">
        <ele>568.1</ele>
      </trkpt>
      <trkpt lat="46.113021" lon="6.080100">
        <ele>568</ele>
      </trkpt>
      <trkpt lat="46.113119" lon="6.080103">
        <ele>567.6</ele>
      </trkpt>
      <trkpt lat="46.113201" lon="6.080104">
        <ele>567.1</ele>
      </trkpt>
      <trkpt lat="46.113290" lon="6.080098">
        <ele>566.6</ele>
      </trkpt>
      <trkpt lat="46.113447" lon="6.080081">
        <ele>565.9</ele>
      </trkpt>
      <trkpt lat="46.114166" lon="6.080022">
        <ele>561.1</ele>
      </trkpt>
      <trkpt lat="46.114221" lon="6.080026">
        <ele>560.9</ele>
      </trkpt>
      <trkpt lat="46.114285" lon="6.080037">
        <ele>560.8</ele>
      </trkpt>
      <trkpt lat="46.114329" lon="6.080042">
        <ele>560.7</ele>
      </trkpt>
      <trkpt lat="46.114388" lon="6.080043">
        <ele>560.5</ele>
      </trkpt>
      <trkpt lat="46.114585" lon="6.080053">
        <ele>559.3</ele>
      </trkpt>
      <trkpt lat="46.115065" lon="6.080143">
        <ele>556</ele>
      </trkpt>
      <trkpt lat="46.115846" lon="6.080283">
        <ele>551.9</ele>
      </trkpt>
      <trkpt lat="46.115922" lon="6.080292">
        <ele>551.4</ele>
      </trkpt>
      <trkpt lat="46.116022" lon="6.080293">
        <ele>550.7</ele>
      </trkpt>
      <trkpt lat="46.116103" lon="6.080287">
        <ele>550.1</ele>
      </trkpt>
      <trkpt lat="46.116121" lon="6.080284">
        <ele>550</ele>
      </trkpt>
      <trkpt lat="46.116183" lon="6.080273">
        <ele>549.7</ele>
      </trkpt>
      <trkpt lat="46.116241" lon="6.080257">
        <ele>549.5</ele>
      </trkpt>
      <trkpt lat="46.116296" lon="6.080240">
        <ele>549.2</ele>
      </trkpt>
      <trkpt lat="46.116395" lon="6.080197">
        <ele>548.7</ele>
      </trkpt>
      <trkpt lat="46.116520" lon="6.080125">
        <ele>547.5</ele>
      </trkpt>
      <trkpt lat="46.116569" lon="6.080097">
        <ele>547.1</ele>
      </trkpt>
      <trkpt lat="46.116622" lon="6.080067">
        <ele>546.6</ele>
      </trkpt>
      <trkpt lat="46.116657" lon="6.080048">
        <ele>546.2</ele>
      </trkpt>
      <trkpt lat="46.116668" lon="6.080116">
        <ele>546.4</ele>
      </trkpt>
      <trkpt lat="46.116863" lon="6.079990">
        <ele>545.3</ele>
      </trkpt>
      <trkpt lat="46.117195" lon="6.079804">
        <ele>543.1</ele>
      </trkpt>
      <trkpt lat="46.117435" lon="6.079644">
        <ele>541.7</ele>
      </trkpt>
      <trkpt lat="46.117673" lon="6.079439">
        <ele>540.6</ele>
      </trkpt>
      <trkpt lat="46.117822" lon="6.079345">
        <ele>540.4</ele>
      </trkpt>
      <trkpt lat="46.118087" lon="6.079168">
        <ele>538</ele>
      </trkpt>
      <trkpt lat="46.118171" lon="6.079119">
        <ele>538.1</ele>
      </trkpt>
      <trkpt lat="46.118427" lon="6.079110">
        <ele>537.4</ele>
      </trkpt>
      <trkpt lat="46.118693" lon="6.079122">
        <ele>535.9</ele>
      </trkpt>
      <trkpt lat="46.119372" lon="6.079300">
        <ele>533.7</ele>
      </trkpt>
      <trkpt lat="46.120330" lon="6.079529">
        <ele>531.1</ele>
      </trkpt>
      <trkpt lat="46.120917" lon="6.079668">
        <ele>529.3</ele>
      </trkpt>
      <trkpt lat="46.121136" lon="6.079727">
        <ele>528</ele>
      </trkpt>
      <trkpt lat="46.121285" lon="6.079767">
        <ele>528.1</ele>
      </trkpt>
      <trkpt lat="46.121565" lon="6.079864">
        <ele>527.7</ele>
      </trkpt>
      <trkpt lat="46.121728" lon="6.079984">
        <ele>527.7</ele>
      </trkpt>
      <trkpt lat="46.122191" lon="6.080343">
        <ele>526.1</ele>
      </trkpt>
      <trkpt lat="46.122496" lon="6.080596">
        <ele>525.2</ele>
      </trkpt>
      <trkpt lat="46.122749" lon="6.080777">
        <ele>524.9</ele>
      </trkpt>
      <trkpt lat="46.122991" lon="6.080909">
        <ele>523.7</ele>
      </trkpt>
      <trkpt lat="46.123275" lon="6.081051">
        <ele>523.2</ele>
      </trkpt>
      <trkpt lat="46.123599" lon="6.081208">
        <ele>522</ele>
      </trkpt>
      <trkpt lat="46.123844" lon="6.081331">
        <ele>521.2</ele>
      </trkpt>
      <trkpt lat="46.124694" lon="6.081364">
        <ele>519</ele>
      </trkpt>
      <trkpt lat="46.125475" lon="6.081383">
        <ele>517</ele>
      </trkpt>
      <trkpt lat="46.125796" lon="6.081401">
        <ele>515.3</ele>
      </trkpt>
      <trkpt lat="46.126003" lon="6.081386">
        <ele>514.4</ele>
      </trkpt>
      <trkpt lat="46.126312" lon="6.081337">
        <ele>512.7</ele>
      </trkpt>
      <trkpt lat="46.126477" lon="6.081316">
        <ele>511.9</ele>
      </trkpt>
      <trkpt lat="46.126674" lon="6.081235">
        <ele>511.5</ele>
      </trkpt>
      <trkpt lat="46.126874" lon="6.081154">
        <ele>511</ele>
      </trkpt>
      <trkpt lat="46.127050" lon="6.081012">
        <ele>510.4</ele>
      </trkpt>
      <trkpt lat="46.127194" lon="6.080900">
        <ele>509.9</ele>
      </trkpt>
      <trkpt lat="46.127268" lon="6.080833">
        <ele>508.8</ele>
      </trkpt>
      <trkpt lat="46.127331" lon="6.080777">
        <ele>507</ele>
      </trkpt>
      <trkpt lat="46.127795" lon="6.080397">
        <ele>503</ele>
      </trkpt>
      <trkpt lat="46.127933" lon="6.080301">
        <ele>502</ele>
      </trkpt>
      <trkpt lat="46.128313" lon="6.079990">
        <ele>498.5</ele>
      </trkpt>
      <trkpt lat="46.128534" lon="6.079761">
        <ele>497.5</ele>
      </trkpt>
      <trkpt lat="46.128581" lon="6.079730">
        <ele>497.3</ele>
      </trkpt>
      <trkpt lat="46.128691" lon="6.079656">
        <ele>495.5</ele>
      </trkpt>
      <trkpt lat="46.128831" lon="6.079550">
        <ele>493.9</ele>
      </trkpt>
      <trkpt lat="46.128992" lon="6.079421">
        <ele>491.5</ele>
      </trkpt>
      <trkpt lat="46.129144" lon="6.079288">
        <ele>489.4</ele>
      </trkpt>
      <trkpt lat="46.129284" lon="6.079228">
        <ele>488.9</ele>
      </trkpt>
      <trkpt lat="46.129468" lon="6.079165">
        <ele>488.9</ele>
      </trkpt>
      <trkpt lat="46.129625" lon="6.079171">
        <ele>487.6</ele>
      </trkpt>
      <trkpt lat="46.129787" lon="6.079162">
        <ele>486.4</ele>
      </trkpt>
      <trkpt lat="46.129969" lon="6.079147">
        <ele>484.6</ele>
      </trkpt>
      <trkpt lat="46.130076" lon="6.079107">
        <ele>484.1</ele>
      </trkpt>
      <trkpt lat="46.130316" lon="6.079026">
        <ele>481.1</ele>
      </trkpt>
      <trkpt lat="46.130424" lon="6.078999">
        <ele>479.1</ele>
      </trkpt>
      <trkpt lat="46.130532" lon="6.079036">
        <ele>475.8</ele>
      </trkpt>
      <trkpt lat="46.130720" lon="6.079242">
        <ele>474.8</ele>
      </trkpt>
      <trkpt lat="46.130742" lon="6.079262">
        <ele>475.3</ele>
      </trkpt>
      <trkpt lat="46.130790" lon="6.079291">
        <ele>476.2</ele>
      </trkpt>
      <trkpt lat="46.130878" lon="6.079379">
        <ele>476.9</ele>
      </trkpt>
      <trkpt lat="46.131019" lon="6.079422">
        <ele>476.9</ele>
      </trkpt>
      <trkpt lat="46.131204" lon="6.079380">
        <ele>476.5</ele>
      </trkpt>
      <trkpt lat="46.131309" lon="6.079280">
        <ele>475.4</ele>
      </trkpt>
      <trkpt lat="46.131275" lon="6.079170">
        <ele>474.4</ele>
      </trkpt>
      <trkpt lat="46.131334" lon="6.079135">
        <ele>474</ele>
      </trkpt>
      <trkpt lat="46.131781" lon="6.078849">
        <ele>472.3</ele>
      </trkpt>
      <trkpt lat="46.131990" lon="6.078720">
        <ele>471.4</ele>
      </trkpt>
      <trkpt lat="46.132173" lon="6.078606">
        <ele>470.6</ele>
      </trkpt>
      <trkpt lat="46.132270" lon="6.078556">
        <ele>471.2</ele>
      </trkpt>
      <trkpt lat="46.132350" lon="6.078518">
        <ele>471.6</ele>
      </trkpt>
      <trkpt lat="46.132432" lon="6.078486">
        <ele>471.8</ele>
      </trkpt>
      <trkpt lat="46.132534" lon="6.078459">
        <ele>471.8</ele>
      </trkpt>
      <trkpt lat="46.132703" lon="6.078422">
        <ele>471.3</ele>
      </trkpt>
      <trkpt lat="46.132762" lon="6.078414">
        <ele>471.2</ele>
      </trkpt>
      <trkpt lat="46.133153" lon="6.078362">
        <ele>469.9</ele>
      </trkpt>
      <trkpt lat="46.133580" lon="6.078312">
        <ele>470.7</ele>
      </trkpt>
      <trkpt lat="46.133625" lon="6.078307">
        <ele>470.7</ele>
      </trkpt>
      <trkpt lat="46.133901" lon="6.078274">
        <ele>470.4</ele>
      </trkpt>
      <trkpt lat="46.133976" lon="6.078263">
        <ele>470.2</ele>
      </trkpt>
      <trkpt lat="46.134044" lon="6.078247">
        <ele>470.1</ele>
      </trkpt>
      <trkpt lat="46.134204" lon="6.078198">
        <ele>469.6</ele>
      </trkpt>
      <trkpt lat="46.134294" lon="6.078183">
        <ele>469.6</ele>
      </trkpt>
      <trkpt lat="46.134363" lon="6.078178">
        <ele>469.7</ele>
      </trkpt>
      <trkpt lat="46.134445" lon="6.078181">
        <ele>469.9</ele>
      </trkpt>
      <trkpt lat="46.134494" lon="6.078187">
        <ele>470</ele>
      </trkpt>
      <trkpt lat="46.134549" lon="6.078203">
        <ele>470.2</ele>
      </trkpt>
      <trkpt lat="46.134832" lon="6.078255">
        <ele>470.8</ele>
      </trkpt>
      <trkpt lat="46.135197" lon="6.078279">
        <ele>470.7</ele>
      </trkpt>
      <trkpt lat="46.135864" lon="6.078296">
        <ele>470.5</ele>
      </trkpt>
      <trkpt lat="46.135915" lon="6.078302">
        <ele>470.6</ele>
      </trkpt>
      <trkpt lat="46.135963" lon="6.078313">
        <ele>470.7</ele>
      </trkpt>
      <trkpt lat="46.136014" lon="6.078331">
        <ele>471</ele>
      </trkpt>
      <trkpt lat="46.136060" lon="6.078355">
        <ele>471.1</ele>
      </trkpt>
      <trkpt lat="46.136118" lon="6.078395">
        <ele>471.2</ele>
      </trkpt>
      <trkpt lat="46.136154" lon="6.078431">
        <ele>471.5</ele>
      </trkpt>
      <trkpt lat="46.136177" lon="6.078396">
        <ele>471.4</ele>
      </trkpt>
      <trkpt lat="46.136188" lon="6.078381">
        <ele>471.4</ele>
      </trkpt>
      <trkpt lat="46.136203" lon="6.078366">
        <ele>471.4</ele>
      </trkpt>
      <trkpt lat="46.136219" lon="6.078360">
        <ele>471.4</ele>
      </trkpt>
      <trkpt lat="46.136258" lon="6.078352">
        <ele>471.6</ele>
      </trkpt>
      <trkpt lat="46.136320" lon="6.078347">
        <ele>471.8</ele>
      </trkpt>
      <trkpt lat="46.136366" lon="6.078337">
        <ele>471.9</ele>
      </trkpt>
      <trkpt lat="46.136404" lon="6.078326">
        <ele>472</ele>
      </trkpt>
      <trkpt lat="46.136444" lon="6.078305">
        <ele>472</ele>
      </trkpt>
      <trkpt lat="46.136488" lon="6.078273">
        <ele>471.9</ele>
      </trkpt>
      <trkpt lat="46.136541" lon="6.078223">
        <ele>471.8</ele>
      </trkpt>
      <trkpt lat="46.136679" lon="6.078072">
        <ele>471.1</ele>
      </trkpt>
      <trkpt lat="46.136726" lon="6.078019">
        <ele>471</ele>
      </trkpt>
      <trkpt lat="46.136768" lon="6.077973">
        <ele>470.9</ele>
      </trkpt>
      <trkpt lat="46.136910" lon="6.077816">
        <ele>470.2</ele>
      </trkpt>
      <trkpt lat="46.136932" lon="6.077799">
        <ele>470.1</ele>
      </trkpt>
      <trkpt lat="46.136965" lon="6.077773">
        <ele>470</ele>
      </trkpt>
      <trkpt lat="46.137001" lon="6.077748">
        <ele>469.9</ele>
      </trkpt>
      <trkpt lat="46.137040" lon="6.077732">
        <ele>469.8</ele>
      </trkpt>
      <trkpt lat="46.137078" lon="6.077717">
        <ele>469.7</ele>
      </trkpt>
      <trkpt lat="46.137123" lon="6.077704">
        <ele>469.6</ele>
      </trkpt>
      <trkpt lat="46.137159" lon="6.077691">
        <ele>469.4</ele>
      </trkpt>
      <trkpt lat="46.137173" lon="6.077688">
        <ele>469.4</ele>
      </trkpt>
      <trkpt lat="46.137229" lon="6.077648">
        <ele>469</ele>
      </trkpt>
      <trkpt lat="46.137320" lon="6.077556">
        <ele>468</ele>
      </trkpt>
      <trkpt lat="46.137361" lon="6.077502">
        <ele>467.5</ele>
      </trkpt>
      <trkpt lat="46.137387" lon="6.077462">
        <ele>467.2</ele>
      </trkpt>
      <trkpt lat="46.137402" lon="6.077425">
        <ele>466.9</ele>
      </trkpt>
      <trkpt lat="46.137415" lon="6.077380">
        <ele>466.6</ele>
      </trkpt>
      <trkpt lat="46.137419" lon="6.077343">
        <ele>466.3</ele>
      </trkpt>
      <trkpt lat="46.137420" lon="6.077272">
        <ele>465.9</ele>
      </trkpt>
      <trkpt lat="46.137405" lon="6.077106">
        <ele>464.3</ele>
      </trkpt>
      <trkpt lat="46.137380" lon="6.076948">
        <ele>462.2</ele>
      </trkpt>
      <trkpt lat="46.137343" lon="6.076767">
        <ele>460.5</ele>
      </trkpt>
      <trkpt lat="46.137200" lon="6.076144">
        <ele>457.8</ele>
      </trkpt>
      <trkpt lat="46.137153" lon="6.075922">
        <ele>457.3</ele>
      </trkpt>
      <trkpt lat="46.137143" lon="6.075845">
        <ele>457.2</ele>
      </trkpt>
      <trkpt lat="46.137140" lon="6.075792">
        <ele>456.9</ele>
      </trkpt>
      <trkpt lat="46.137153" lon="6.075745">
        <ele>456.8</ele>
      </trkpt>
      <trkpt lat="46.137175" lon="6.075718">
        <ele>456.8</ele>
      </trkpt>
      <trkpt lat="46.137204" lon="6.075703">
        <ele>456.9</ele>
      </trkpt>
      <trkpt lat="46.137262" lon="6.075686">
        <ele>456.8</ele>
      </trkpt>
      <trkpt lat="46.137422" lon="6.075663">
        <ele>455.9</ele>
      </trkpt>
      <trkpt lat="46.137493" lon="6.075660">
        <ele>455.5</ele>
      </trkpt>
      <trkpt lat="46.137563" lon="6.075673">
        <ele>455.5</ele>
      </trkpt>
      <trkpt lat="46.137668" lon="6.075708">
        <ele>455.5</ele>
      </trkpt>
      <trkpt lat="46.137851" lon="6.075791">
        <ele>455.6</ele>
      </trkpt>
      <trkpt lat="46.138002" lon="6.075846">
        <ele>455.3</ele>
      </trkpt>
      <trkpt lat="46.138123" lon="6.075892">
        <ele>454.4</ele>
      </trkpt>
      <trkpt lat="46.138447" lon="6.076012">
        <ele>451.6</ele>
      </trkpt>
      <trkpt lat="46.138571" lon="6.076050">
        <ele>451.8</ele>
      </trkpt>
      <trkpt lat="46.138716" lon="6.076090">
        <ele>451.6</ele>
      </trkpt>
      <trkpt lat="46.138811" lon="6.076115">
        <ele>451.3</ele>
      </trkpt>
      <trkpt lat="46.138906" lon="6.076138">
        <ele>450.8</ele>
      </trkpt>
      <trkpt lat="46.139053" lon="6.076165">
        <ele>448.8</ele>
      </trkpt>
      <trkpt lat="46.139089" lon="6.076168">
        <ele>448.3</ele>
      </trkpt>
      <trkpt lat="46.139132" lon="6.076165">
        <ele>447.7</ele>
      </trkpt>
      <trkpt lat="46.139264" lon="6.076182">
        <ele>448.2</ele>
      </trkpt>
      <trkpt lat="46.139379" lon="6.076216">
        <ele>449.4</ele>
      </trkpt>
      <trkpt lat="46.139465" lon="6.076231">
        <ele>450</ele>
      </trkpt>
      <trkpt lat="46.139608" lon="6.076250">
        <ele>450.3</ele>
      </trkpt>
      <trkpt lat="46.139722" lon="6.076259">
        <ele>450.5</ele>
      </trkpt>
      <trkpt lat="46.139770" lon="6.076264">
        <ele>451</ele>
      </trkpt>
      <trkpt lat="46.139827" lon="6.076267">
        <ele>451.5</ele>
      </trkpt>
      <trkpt lat="46.139884" lon="6.076269">
        <ele>452</ele>
      </trkpt>
      <trkpt lat="46.139957" lon="6.076253">
        <ele>452.6</ele>
      </trkpt>
      <trkpt lat="46.139959" lon="6.076253">
        <ele>452.6</ele>
      </trkpt>
      <trkpt lat="46.140058" lon="6.076193">
        <ele>455.6</ele>
      </trkpt>
      <trkpt lat="46.140103" lon="6.076162">
        <ele>457.9</ele>
      </trkpt>
      <trkpt lat="46.140118" lon="6.076210">
        <ele>458.2</ele>
      </trkpt>
      <trkpt lat="46.140154" lon="6.076323">
        <ele>458.6</ele>
      </trkpt>
      <trkpt lat="46.140201" lon="6.076462">
        <ele>458.9</ele>
      </trkpt>
      <trkpt lat="46.140241" lon="6.076544">
        <ele>459.4</ele>
      </trkpt>
      <trkpt lat="46.140287" lon="6.076603">
        <ele>459.9</ele>
      </trkpt>
      <trkpt lat="46.140325" lon="6.076640">
        <ele>460.5</ele>
      </trkpt>
      <trkpt lat="46.140380" lon="6.076686">
        <ele>461.4</ele>
      </trkpt>
      <trkpt lat="46.140417" lon="6.076719">
        <ele>462</ele>
      </trkpt>
      <trkpt lat="46.140451" lon="6.076733">
        <ele>462.8</ele>
      </trkpt>
      <trkpt lat="46.140485" lon="6.076756">
        <ele>463.5</ele>
      </trkpt>
      <trkpt lat="46.140556" lon="6.076776">
        <ele>465.2</ele>
      </trkpt>
      <trkpt lat="46.140600" lon="6.076780">
        <ele>465.6</ele>
      </trkpt>
      <trkpt lat="46.140639" lon="6.076779">
        <ele>466</ele>
      </trkpt>
      <trkpt lat="46.140685" lon="6.076779">
        <ele>466.5</ele>
      </trkpt>
      <trkpt lat="46.140731" lon="6.076769">
        <ele>467</ele>
      </trkpt>
      <trkpt lat="46.140793" lon="6.076764">
        <ele>467.6</ele>
      </trkpt>
      <trkpt lat="46.141181" lon="6.076665">
        <ele>467</ele>
      </trkpt>
      <trkpt lat="46.141291" lon="6.076639">
        <ele>467.2</ele>
      </trkpt>
      <trkpt lat="46.141408" lon="6.076612">
        <ele>467.4</ele>
      </trkpt>
      <trkpt lat="46.141650" lon="6.076566">
        <ele>467.4</ele>
      </trkpt>
      <trkpt lat="46.141815" lon="6.076522">
        <ele>467.2</ele>
      </trkpt>
      <trkpt lat="46.141860" lon="6.076508">
        <ele>467.2</ele>
      </trkpt>
      <trkpt lat="46.141982" lon="6.076481">
        <ele>466.8</ele>
      </trkpt>
      <trkpt lat="46.142064" lon="6.076453">
        <ele>466.5</ele>
      </trkpt>
      <trkpt lat="46.142137" lon="6.076459">
        <ele>466.1</ele>
      </trkpt>
      <trkpt lat="46.142199" lon="6.076458">
        <ele>465.9</ele>
      </trkpt>
      <trkpt lat="46.142251" lon="6.076510">
        <ele>465.4</ele>
      </trkpt>
      <trkpt lat="46.142319" lon="6.076542">
        <ele>464.9</ele>
      </trkpt>
      <trkpt lat="46.142351" lon="6.076565">
        <ele>464.7</ele>
      </trkpt>
      <trkpt lat="46.142409" lon="6.076615">
        <ele>464.4</ele>
      </trkpt>
      <trkpt lat="46.142477" lon="6.076655">
        <ele>464.1</ele>
      </trkpt>
      <trkpt lat="46.142495" lon="6.076675">
        <ele>464</ele>
      </trkpt>
      <trkpt lat="46.142615" lon="6.076797">
        <ele>463.2</ele>
      </trkpt>
      <trkpt lat="46.142806" lon="6.076990">
        <ele>461.7</ele>
      </trkpt>
      <trkpt lat="46.142854" lon="6.077034">
        <ele>461.4</ele>
      </trkpt>
      <trkpt lat="46.142911" lon="6.077086">
        <ele>461</ele>
      </trkpt>
      <trkpt lat="46.142988" lon="6.077161">
        <ele>460.5</ele>
      </trkpt>
      <trkpt lat="46.143171" lon="6.077337">
        <ele>459.3</ele>
      </trkpt>
      <trkpt lat="46.143257" lon="6.077419">
        <ele>459.1</ele>
      </trkpt>
      <trkpt lat="46.143375" lon="6.077531">
        <ele>458.6</ele>
      </trkpt>
      <trkpt lat="46.143460" lon="6.077610">
        <ele>457.9</ele>
      </trkpt>
      <trkpt lat="46.143501" lon="6.077526">
        <ele>457.8</ele>
      </trkpt>
      <trkpt lat="46.143600" lon="6.077318">
        <ele>458.3</ele>
      </trkpt>
      <trkpt lat="46.143696" lon="6.077111">
        <ele>458.5</ele>
      </trkpt>
      <trkpt lat="46.143796" lon="6.076932">
        <ele>458.4</ele>
      </trkpt>
      <trkpt lat="46.143854" lon="6.076816">
        <ele>458.6</ele>
      </trkpt>
      <trkpt lat="46.143878" lon="6.076738">
        <ele>458.8</ele>
      </trkpt>
      <trkpt lat="46.143937" lon="6.076653">
        <ele>458.5</ele>
      </trkpt>
      <trkpt lat="46.144026" lon="6.076546">
        <ele>457.7</ele>
      </trkpt>
      <trkpt lat="46.144042" lon="6.076538">
        <ele>457.6</ele>
      </trkpt>
      <trkpt lat="46.144066" lon="6.076524">
        <ele>457.4</ele>
      </trkpt>
      <trkpt lat="46.144259" lon="6.076421">
        <ele>456.2</ele>
      </trkpt>
      <trkpt lat="46.144552" lon="6.076259">
        <ele>454.7</ele>
      </trkpt>
      <trkpt lat="46.144635" lon="6.076205">
        <ele>454.3</ele>
      </trkpt>
      <trkpt lat="46.144693" lon="6.076169">
        <ele>454</ele>
      </trkpt>
      <trkpt lat="46.144830" lon="6.076064">
        <ele>453.6</ele>
      </trkpt>
      <trkpt lat="46.144907" lon="6.075986">
        <ele>453.6</ele>
      </trkpt>
      <trkpt lat="46.144921" lon="6.075961">
        <ele>453.6</ele>
      </trkpt>
      <trkpt lat="46.144976" lon="6.075859">
        <ele>454</ele>
      </trkpt>
      <trkpt lat="46.145022" lon="6.075755">
        <ele>454.1</ele>
      </trkpt>
      <trkpt lat="46.145055" lon="6.075706">
        <ele>454.2</ele>
      </trkpt>
      <trkpt lat="46.145096" lon="6.075658">
        <ele>454.2</ele>
      </trkpt>
      <trkpt lat="46.145146" lon="6.075617">
        <ele>454.1</ele>
      </trkpt>
      <trkpt lat="46.145204" lon="6.075591">
        <ele>454</ele>
      </trkpt>
      <trkpt lat="46.145261" lon="6.075572">
        <ele>453.9</ele>
      </trkpt>
      <trkpt lat="46.145337" lon="6.075563">
        <ele>453.3</ele>
      </trkpt>
      <trkpt lat="46.145431" lon="6.075574">
        <ele>452.2</ele>
      </trkpt>
      <trkpt lat="46.145501" lon="6.075599">
        <ele>451.4</ele>
      </trkpt>
      <trkpt lat="46.145565" lon="6.075625">
        <ele>450.7</ele>
      </trkpt>
      <trkpt lat="46.145642" lon="6.075672">
        <ele>450</ele>
      </trkpt>
      <trkpt lat="46.145729" lon="6.075734">
        <ele>449.1</ele>
      </trkpt>
      <trkpt lat="46.145825" lon="6.075802">
        <ele>448.2</ele>
      </trkpt>
      <trkpt lat="46.145892" lon="6.075834">
        <ele>447.4</ele>
      </trkpt>
      <trkpt lat="46.145963" lon="6.075855">
        <ele>446.6</ele>
      </trkpt>
      <trkpt lat="46.146080" lon="6.075887">
        <ele>445.3</ele>
      </trkpt>
      <trkpt lat="46.146221" lon="6.075949">
        <ele>444.2</ele>
      </trkpt>
      <trkpt lat="46.146326" lon="6.075999">
        <ele>443.5</ele>
      </trkpt>
      <trkpt lat="46.146378" lon="6.076019">
        <ele>443.1</ele>
      </trkpt>
      <trkpt lat="46.146765" lon="6.076163">
        <ele>440.4</ele>
      </trkpt>
      <trkpt lat="46.146864" lon="6.076197">
        <ele>439.7</ele>
      </trkpt>
      <trkpt lat="46.147096" lon="6.076292">
        <ele>437.9</ele>
      </trkpt>
      <trkpt lat="46.147185" lon="6.076326">
        <ele>437.3</ele>
      </trkpt>
      <trkpt lat="46.147292" lon="6.076375">
        <ele>436.7</ele>
      </trkpt>
      <trkpt lat="46.147342" lon="6.076398">
        <ele>436.6</ele>
      </trkpt>
      <trkpt lat="46.147466" lon="6.076455">
        <ele>435.9</ele>
      </trkpt>
      <trkpt lat="46.147623" lon="6.076522">
        <ele>434.6</ele>
      </trkpt>
      <trkpt lat="46.147772" lon="6.076586">
        <ele>433.7</ele>
      </trkpt>
      <trkpt lat="46.147803" lon="6.076609">
        <ele>433.7</ele>
      </trkpt>
      <trkpt lat="46.147847" lon="6.076660">
        <ele>433.7</ele>
      </trkpt>
      <trkpt lat="46.147944" lon="6.076468">
        <ele>432.7</ele>
      </trkpt>
      <trkpt lat="46.147952" lon="6.076452">
        <ele>432.6</ele>
      </trkpt>
      <trkpt lat="46.148113" lon="6.076142">
        <ele>429.3</ele>
      </trkpt>
      <trkpt lat="46.148121" lon="6.076128">
        <ele>429.1</ele>
      </trkpt>
      <trkpt lat="46.148153" lon="6.076054">
        <ele>428.7</ele>
      </trkpt>
      <trkpt lat="46.148173" lon="6.076002">
        <ele>428.4</ele>
      </trkpt>
      <trkpt lat="46.148212" lon="6.075898">
        <ele>427.8</ele>
      </trkpt>
      <trkpt lat="46.148242" lon="6.075811">
        <ele>427.2</ele>
      </trkpt>
      <trkpt lat="46.148285" lon="6.075666">
        <ele>426.6</ele>
      </trkpt>
      <trkpt lat="46.148312" lon="6.075578">
        <ele>426.2</ele>
      </trkpt>
      <trkpt lat="46.148340" lon="6.075502">
        <ele>426</ele>
      </trkpt>
      <trkpt lat="46.148376" lon="6.075423">
        <ele>426</ele>
      </trkpt>
      <trkpt lat="46.148396" lon="6.075445">
        <ele>426</ele>
      </trkpt>
      <trkpt lat="46.148431" lon="6.075463">
        <ele>426</ele>
      </trkpt>
      <trkpt lat="46.148470" lon="6.075459">
        <ele>426</ele>
      </trkpt>
      <trkpt lat="46.148517" lon="6.075409">
        <ele>426</ele>
      </trkpt>
      <trkpt lat="46.148600" lon="6.075263">
        <ele>425.9</ele>
      </trkpt>
      <trkpt lat="46.148660" lon="6.075125">
        <ele>425.3</ele>
      </trkpt>
      <trkpt lat="46.148715" lon="6.074884">
        <ele>425</ele>
      </trkpt>
      <trkpt lat="46.148745" lon="6.074771">
        <ele>425</ele>
      </trkpt>
      <trkpt lat="46.148836" lon="6.074819">
        <ele>425</ele>
      </trkpt>
      <trkpt lat="46.148866" lon="6.074831">
        <ele>425</ele>
      </trkpt>
      <trkpt lat="46.148889" lon="6.074822">
        <ele>425</ele>
      </trkpt>
      <trkpt lat="46.148951" lon="6.074782">
        <ele>425</ele>
        <extensions>
          <visugpx:TrkExtension xmlns:visugpx="https://www.visugpx.com/editgpx/">
            <visugpx:node>1</visugpx:node>
          </visugpx:TrkExtension>
        </extensions>
      </trkpt>
    </trkseg>
  </trk>
</gpx>