<?xml version="1.0" encoding="UTF-8" standalone="no" ?>
<gpx xmlns="http://www.topografix.com/GPX/1/1" xmlns:xsi="http://www.w3.org/2001/XMLSchema-instance" xsi:schemaLocation="http://www.topografix.com/GPX/1/1 http://www.topografix.com/GPX/1/1/gpx.xsd" version="1.1" creator="EditGPX">
  <metadata>
    <name>TK19</name>
  </metadata>
  <trk>
    <name><![CDATA[KAPP complet v1 29]]></name>
    <extensions>
      <line xmlns="http://www.topografix.com/GPX/gpx_style/0/2">
        <color>ff0000</color>
        <opacity>1</opacity>
        <width>4</width>
      </line>
    </extensions>
    <trkseg>
      <trkpt lat="48.278751" lon="8.094581">
        <ele>217.026343</ele>
        <time>2023-04-08T10:58:16.888Z</time>
        <extensions>
          <visugpx:TrkExtension xmlns:visugpx="https://www.visugpx.com/editgpx/">
            <visugpx:node>1</visugpx:node>
          </visugpx:TrkExtension>
        </extensions>
      </trkpt>
      <trkpt lat="48.278749" lon="8.094833">
        <ele>216.927116</ele>
        <time>2023-04-08T10:58:20.339Z</time>
      </trkpt>
      <trkpt lat="48.278663" lon="8.095156">
        <ele>216.790141</ele>
        <time>2023-04-08T10:58:25.045Z</time>
      </trkpt>
      <trkpt lat="48.278655" lon="8.095305">
        <ele>216.731285</ele>
        <time>2023-04-08T10:58:27.173Z</time>
      </trkpt>
      <trkpt lat="48.278671" lon="8.095461">
        <ele>216.669138</ele>
        <time>2023-04-08T10:58:29.458Z</time>
      </trkpt>
      <trkpt lat="48.278765" lon="8.095705">
        <ele>216.571432</ele>
        <time>2023-04-08T10:58:33.458Z</time>
      </trkpt>
      <trkpt lat="48.278986" lon="8.095848">
        <ele>216.589561</ele>
        <time>2023-04-08T10:58:39.096Z</time>
      </trkpt>
      <trkpt lat="48.279284" lon="8.095919">
        <ele>216.612294</ele>
        <time>2023-04-08T10:58:46.219Z</time>
      </trkpt>
      <trkpt lat="48.279561" lon="8.095984">
        <ele>216.633417</ele>
        <time>2023-04-08T10:58:52.651Z</time>
      </trkpt>
      <trkpt lat="48.279539" lon="8.096411">
        <ele>216.654891</ele>
        <time>2023-04-08T10:58:59.672Z</time>
      </trkpt>
      <trkpt lat="48.279501" lon="8.096646">
        <ele>216.667017</ele>
        <time>2023-04-08T10:59:03.735Z</time>
      </trkpt>
      <trkpt lat="48.279416" lon="8.096687">
        <ele>216.673743</ele>
        <time>2023-04-08T10:59:05.947Z</time>
      </trkpt>
      <trkpt lat="48.278888" lon="8.096639">
        <ele>216.756833</ele>
        <time>2023-04-08T10:59:18.775Z</time>
      </trkpt>
      <trkpt lat="48.278926" lon="8.097182">
        <ele>216.929414</ele>
        <time>2023-04-08T10:59:27.890Z</time>
      </trkpt>
      <trkpt lat="48.278913" lon="8.098270">
        <ele>217.27337</ele>
        <time>2023-04-08T10:59:46.238Z</time>
      </trkpt>
      <trkpt lat="48.278970" lon="8.098949">
        <ele>217.489693</ele>
        <time>2023-04-08T10:59:57.307Z</time>
      </trkpt>
      <trkpt lat="48.279181" lon="8.100616">
        <ele>217.824654</ele>
        <time>2023-04-08T11:00:25.033Z</time>
      </trkpt>
      <trkpt lat="48.279580" lon="8.103229">
        <ele>218.253521</ele>
        <time>2023-04-08T11:01:05.242Z</time>
      </trkpt>
      <trkpt lat="48.280042" lon="8.105448">
        <ele>219.120992</ele>
        <time>2023-04-08T11:01:42.579Z</time>
      </trkpt>
      <trkpt lat="48.280030" lon="8.106799">
        <ele>219.985386</ele>
        <time>2023-04-08T11:02:08.992Z</time>
      </trkpt>
      <trkpt lat="48.280167" lon="8.108245">
        <ele>220.26917</ele>
        <time>2023-04-08T11:02:36.511Z</time>
      </trkpt>
      <trkpt lat="48.280244" lon="8.108393">
        <ele>220.286197</ele>
        <time>2023-04-08T11:02:39.317Z</time>
      </trkpt>
      <trkpt lat="48.281273" lon="8.111369">
        <ele>219.372981</ele>
        <time>2023-04-08T11:03:24.264Z</time>
      </trkpt>
      <trkpt lat="48.281334" lon="8.111654">
        <ele>219.220052</ele>
        <time>2023-04-08T11:03:28.388Z</time>
      </trkpt>
      <trkpt lat="48.281366" lon="8.111638">
        <ele>219.194164</ele>
        <time>2023-04-08T11:03:29.068Z</time>
      </trkpt>
      <trkpt lat="48.282148" lon="8.111138">
        <ele>218.954504</ele>
        <time>2023-04-08T11:03:46.907Z</time>
      </trkpt>
      <trkpt lat="48.282253" lon="8.111075">
        <ele>218.941675</ele>
        <time>2023-04-08T11:03:49.416Z</time>
      </trkpt>
      <trkpt lat="48.282452" lon="8.112035">
        <ele>218.865751</ele>
        <time>2023-04-08T11:04:04.822Z</time>
      </trkpt>
      <trkpt lat="48.282513" lon="8.112829">
        <ele>218.873066</ele>
        <time>2023-04-08T11:04:17.227Z</time>
      </trkpt>
      <trkpt lat="48.282507" lon="8.113588">
        <ele>219.04937</ele>
        <time>2023-04-08T11:04:29.801Z</time>
      </trkpt>
      <trkpt lat="48.282472" lon="8.114115">
        <ele>219.172384</ele>
        <time>2023-04-08T11:04:38.303Z</time>
      </trkpt>
      <trkpt lat="48.282393" lon="8.114658">
        <ele>219.301485</ele>
        <time>2023-04-08T11:04:46.817Z</time>
      </trkpt>
      <trkpt lat="48.282292" lon="8.115156">
        <ele>219.422408</ele>
        <time>2023-04-08T11:04:54.962Z</time>
      </trkpt>
      <trkpt lat="48.282115" lon="8.115773">
        <ele>219.725981</ele>
        <time>2023-04-08T11:05:06.358Z</time>
      </trkpt>
      <trkpt lat="48.281643" lon="8.116903">
        <ele>220.391116</ele>
        <time>2023-04-08T11:05:29.370Z</time>
      </trkpt>
      <trkpt lat="48.281478" lon="8.117328">
        <ele>220.636419</ele>
        <time>2023-04-08T11:05:38.303Z</time>
      </trkpt>
      <trkpt lat="48.281428" lon="8.117849">
        <ele>220.964834</ele>
        <time>2023-04-08T11:05:48.210Z</time>
      </trkpt>
      <trkpt lat="48.281382" lon="8.118218">
        <ele>221.273575</ele>
        <time>2023-04-08T11:05:55.307Z</time>
      </trkpt>
      <trkpt lat="48.281482" lon="8.118734">
        <ele>221.715558</ele>
        <time>2023-04-08T11:06:05.931Z</time>
      </trkpt>
      <trkpt lat="48.281482" lon="8.119436">
        <ele>222.292876</ele>
        <time>2023-04-08T11:06:20.307Z</time>
      </trkpt>
      <trkpt lat="48.281461" lon="8.119887">
        <ele>222.664681</ele>
        <time>2023-04-08T11:06:29.377Z</time>
      </trkpt>
      <trkpt lat="48.281334" lon="8.120176">
        <ele>222.949496</ele>
        <time>2023-04-08T11:06:36.014Z</time>
      </trkpt>
      <trkpt lat="48.281268" lon="8.120328">
        <ele>223.049288</ele>
        <time>2023-04-08T11:06:39.458Z</time>
      </trkpt>
      <trkpt lat="48.281201" lon="8.120583">
        <ele>223.133073</ele>
        <time>2023-04-08T11:06:44.806Z</time>
      </trkpt>
      <trkpt lat="48.281211" lon="8.121185">
        <ele>223.317108</ele>
        <time>2023-04-08T11:06:56.392Z</time>
      </trkpt>
      <trkpt lat="48.281151" lon="8.122023">
        <ele>223.574688</ele>
        <time>2023-04-08T11:07:10.874Z</time>
      </trkpt>
      <trkpt lat="48.281139" lon="8.122600">
        <ele>223.751112</ele>
        <time>2023-04-08T11:07:19.560Z</time>
      </trkpt>
      <trkpt lat="48.281260" lon="8.123200">
        <ele>223.700765</ele>
        <time>2023-04-08T11:07:28.759Z</time>
      </trkpt>
      <trkpt lat="48.281295" lon="8.123397">
        <ele>223.607128</ele>
        <time>2023-04-08T11:07:31.672Z</time>
      </trkpt>
      <trkpt lat="48.281301" lon="8.123598">
        <ele>223.514729</ele>
        <time>2023-04-08T11:07:34.504Z</time>
      </trkpt>
      <trkpt lat="48.281208" lon="8.124236">
        <ele>223.214791</ele>
        <time>2023-04-08T11:07:43.394Z</time>
      </trkpt>
      <trkpt lat="48.281152" lon="8.124787">
        <ele>222.958818</ele>
        <time>2023-04-08T11:07:51.070Z</time>
      </trkpt>
      <trkpt lat="48.281221" lon="8.125208">
        <ele>222.759703</ele>
        <time>2023-04-08T11:07:57.283Z</time>
      </trkpt>
      <trkpt lat="48.281324" lon="8.125894">
        <ele>222.611787</ele>
        <time>2023-04-08T11:08:07.661Z</time>
      </trkpt>
      <trkpt lat="48.281407" lon="8.126202">
        <ele>222.618113</ele>
        <time>2023-04-08T11:08:12.793Z</time>
      </trkpt>
      <trkpt lat="48.281477" lon="8.126455">
        <ele>222.623329</ele>
        <time>2023-04-08T11:08:16.949Z</time>
      </trkpt>
      <trkpt lat="48.281562" lon="8.127012">
        <ele>222.634207</ele>
        <time>2023-04-08T11:08:25.805Z</time>
      </trkpt>
      <trkpt lat="48.281681" lon="8.127725">
        <ele>222.648201</ele>
        <time>2023-04-08T11:08:37.257Z</time>
      </trkpt>
      <trkpt lat="48.281814" lon="8.128239">
        <ele>222.687647</ele>
        <time>2023-04-08T11:08:46.515Z</time>
      </trkpt>
      <trkpt lat="48.281964" lon="8.128599">
        <ele>222.792175</ele>
        <time>2023-04-08T11:08:54.185Z</time>
      </trkpt>
      <trkpt lat="48.282097" lon="8.128823">
        <ele>222.866052</ele>
        <time>2023-04-08T11:08:59.662Z</time>
      </trkpt>
      <trkpt lat="48.282388" lon="8.129519">
        <ele>223.068335</ele>
        <time>2023-04-08T11:09:14.272Z</time>
      </trkpt>
      <trkpt lat="48.282645" lon="8.130010">
        <ele>223.222065</ele>
        <time>2023-04-08T11:09:24.083Z</time>
      </trkpt>
      <trkpt lat="48.282867" lon="8.130820">
        <ele>223.360636</ele>
        <time>2023-04-08T11:09:37.180Z</time>
      </trkpt>
      <trkpt lat="48.283109" lon="8.131362">
        <ele>223.414825</ele>
        <time>2023-04-08T11:09:47.037Z</time>
      </trkpt>
      <trkpt lat="48.283164" lon="8.131594">
        <ele>223.435273</ele>
        <time>2023-04-08T11:09:50.786Z</time>
      </trkpt>
      <trkpt lat="48.283209" lon="8.131929">
        <ele>223.463647</ele>
        <time>2023-04-08T11:09:56.458Z</time>
      </trkpt>
      <trkpt lat="48.283233" lon="8.132486">
        <ele>223.509988</ele>
        <time>2023-04-08T11:10:05.749Z</time>
      </trkpt>
      <trkpt lat="48.283237" lon="8.132653">
        <ele>223.523861</ele>
        <time>2023-04-08T11:10:08.465Z</time>
      </trkpt>
      <trkpt lat="48.283153" lon="8.133065">
        <ele>223.656709</ele>
        <time>2023-04-08T11:10:15.803Z</time>
      </trkpt>
      <trkpt lat="48.282977" lon="8.133771">
        <ele>224.159457</ele>
        <time>2023-04-08T11:10:28.885Z</time>
      </trkpt>
      <trkpt lat="48.282968" lon="8.133966">
        <ele>224.289805</ele>
        <time>2023-04-08T11:10:32.390Z</time>
      </trkpt>
      <trkpt lat="48.283002" lon="8.134161">
        <ele>224.42423</ele>
        <time>2023-04-08T11:10:35.884Z</time>
      </trkpt>
      <trkpt lat="48.283070" lon="8.134326">
        <ele>224.553653</ele>
        <time>2023-04-08T11:10:39.397Z</time>
      </trkpt>
      <trkpt lat="48.284723" lon="8.137790">
        <ele>227.747111</ele>
        <time>2023-04-08T11:12:02.760Z</time>
      </trkpt>
      <trkpt lat="48.285022" lon="8.138314">
        <ele>227.773345</ele>
        <time>2023-04-08T11:12:12.683Z</time>
      </trkpt>
      <trkpt lat="48.285121" lon="8.138344">
        <ele>227.779113</ele>
        <time>2023-04-08T11:12:15.290Z</time>
      </trkpt>
      <trkpt lat="48.285007" lon="8.138501">
        <ele>227.787945</ele>
        <time>2023-04-08T11:12:18.529Z</time>
      </trkpt>
      <trkpt lat="48.284326" lon="8.139223">
        <ele>227.835544</ele>
        <time>2023-04-08T11:12:36.692Z</time>
      </trkpt>
      <trkpt lat="48.284397" lon="8.139371">
        <ele>227.78029</ele>
        <time>2023-04-08T11:12:39.382Z</time>
      </trkpt>
      <trkpt lat="48.284875" lon="8.140339">
        <ele>227.396336</ele>
        <time>2023-04-08T11:12:55.083Z</time>
      </trkpt>
      <trkpt lat="48.286109" lon="8.142910">
        <ele>226.739827</ele>
        <time>2023-04-08T11:13:41.129Z</time>
      </trkpt>
      <trkpt lat="48.286194" lon="8.143260">
        <ele>226.692408</ele>
        <time>2023-04-08T11:13:46.510Z</time>
      </trkpt>
      <trkpt lat="48.286085" lon="8.144250">
        <ele>226.637519</ele>
        <time>2023-04-08T11:14:00.862Z</time>
      </trkpt>
      <trkpt lat="48.286035" lon="8.144736">
        <ele>226.643815</ele>
        <time>2023-04-08T11:14:08.004Z</time>
      </trkpt>
      <trkpt lat="48.286136" lon="8.144887">
        <ele>226.646556</ele>
        <time>2023-04-08T11:14:11.072Z</time>
      </trkpt>
      <trkpt lat="48.286485" lon="8.145679">
        <ele>226.658717</ele>
        <time>2023-04-08T11:14:25.276Z</time>
      </trkpt>
      <trkpt lat="48.287111" lon="8.146975">
        <ele>227.108962</ele>
        <time>2023-04-08T11:14:51.002Z</time>
      </trkpt>
      <trkpt lat="48.287308" lon="8.147634">
        <ele>227.407262</ele>
        <time>2023-04-08T11:15:03.209Z</time>
      </trkpt>
      <trkpt lat="48.287182" lon="8.148167">
        <ele>227.640813</ele>
        <time>2023-04-08T11:15:13.152Z</time>
      </trkpt>
      <trkpt lat="48.287147" lon="8.148429">
        <ele>227.751152</ele>
        <time>2023-04-08T11:15:17.899Z</time>
      </trkpt>
      <trkpt lat="48.287086" lon="8.150433">
        <ele>228.884603</ele>
        <time>2023-04-08T11:15:54.643Z</time>
      </trkpt>
      <trkpt lat="48.287039" lon="8.150678">
        <ele>229.030147</ele>
        <time>2023-04-08T11:15:59.130Z</time>
      </trkpt>
      <trkpt lat="48.286940" lon="8.150837">
        <ele>229.154443</ele>
        <time>2023-04-08T11:16:02.665Z</time>
      </trkpt>
      <trkpt lat="48.285936" lon="8.152068">
        <ele>229.718471</ele>
        <time>2023-04-08T11:16:33.935Z</time>
      </trkpt>
      <trkpt lat="48.285643" lon="8.152764">
        <ele>229.915188</ele>
        <time>2023-04-08T11:16:47.318Z</time>
      </trkpt>
      <trkpt lat="48.285353" lon="8.153282">
        <ele>229.983494</ele>
        <time>2023-04-08T11:16:57.732Z</time>
      </trkpt>
      <trkpt lat="48.285055" lon="8.153915">
        <ele>230.006638</ele>
        <time>2023-04-08T11:17:08.896Z</time>
      </trkpt>
      <trkpt lat="48.284932" lon="8.154727">
        <ele>230.031495</ele>
        <time>2023-04-08T11:17:21.210Z</time>
      </trkpt>
      <trkpt lat="48.284979" lon="8.154847">
        <ele>230.035651</ele>
        <time>2023-04-08T11:17:23.266Z</time>
      </trkpt>
      <trkpt lat="48.285116" lon="8.154999">
        <ele>230.04329</ele>
        <time>2023-04-08T11:17:27.082Z</time>
      </trkpt>
      <trkpt lat="48.285201" lon="8.155071">
        <ele>230.047667</ele>
        <time>2023-04-08T11:17:29.365Z</time>
      </trkpt>
      <trkpt lat="48.285383" lon="8.155206">
        <ele>230.0932</ele>
        <time>2023-04-08T11:17:33.837Z</time>
      </trkpt>
      <trkpt lat="48.285919" lon="8.155727">
        <ele>230.297636</ele>
        <time>2023-04-08T11:17:49.137Z</time>
      </trkpt>
      <trkpt lat="48.285927" lon="8.155817">
        <ele>230.316986</ele>
        <time>2023-04-08T11:17:50.532Z</time>
      </trkpt>
      <trkpt lat="48.285868" lon="8.155984">
        <ele>230.35728</ele>
        <time>2023-04-08T11:17:53.681Z</time>
      </trkpt>
      <trkpt lat="48.285812" lon="8.156024">
        <ele>230.377137</ele>
        <time>2023-04-08T11:17:55.162Z</time>
      </trkpt>
      <trkpt lat="48.285468" lon="8.155719">
        <ele>230.505051</ele>
        <time>2023-04-08T11:18:04.322Z</time>
      </trkpt>
      <trkpt lat="48.285404" lon="8.155705">
        <ele>230.525763</ele>
        <time>2023-04-08T11:18:05.754Z</time>
      </trkpt>
      <trkpt lat="48.285327" lon="8.155748">
        <ele>230.552071</ele>
        <time>2023-04-08T11:18:07.744Z</time>
      </trkpt>
      <trkpt lat="48.285261" lon="8.156249">
        <ele>230.72362</ele>
        <time>2023-04-08T11:18:16.352Z</time>
      </trkpt>
      <trkpt lat="48.285175" lon="8.156636">
        <ele>230.970758</ele>
        <time>2023-04-08T11:18:23.239Z</time>
      </trkpt>
      <trkpt lat="48.284687" lon="8.158023">
        <ele>231.921099</ele>
        <time>2023-04-08T11:18:51.179Z</time>
      </trkpt>
      <trkpt lat="48.284653" lon="8.158228">
        <ele>232.04907</ele>
        <time>2023-04-08T11:18:55.301Z</time>
      </trkpt>
      <trkpt lat="48.284641" lon="8.159027">
        <ele>232.623475</ele>
        <time>2023-04-08T11:19:10.832Z</time>
      </trkpt>
      <trkpt lat="48.284622" lon="8.159213">
        <ele>232.77572</ele>
        <time>2023-04-08T11:19:14.411Z</time>
      </trkpt>
      <trkpt lat="48.284536" lon="8.159434">
        <ele>232.982848</ele>
        <time>2023-04-08T11:19:19.311Z</time>
      </trkpt>
      <trkpt lat="48.284241" lon="8.159792">
        <ele>233.443862</ele>
        <time>2023-04-08T11:19:30.120Z</time>
      </trkpt>
      <trkpt lat="48.284176" lon="8.160016">
        <ele>233.641571</ele>
        <time>2023-04-08T11:19:34.699Z</time>
      </trkpt>
      <trkpt lat="48.284137" lon="8.160414">
        <ele>233.967047</ele>
        <time>2023-04-08T11:19:42.319Z</time>
      </trkpt>
      <trkpt lat="48.284140" lon="8.160937">
        <ele>234.390197</ele>
        <time>2023-04-08T11:19:52.158Z</time>
      </trkpt>
      <trkpt lat="48.284253" lon="8.162302">
        <ele>234.981678</ele>
        <time>2023-04-08T11:20:16.866Z</time>
      </trkpt>
      <trkpt lat="48.284569" lon="8.165580">
        <ele>235.794816</ele>
        <time>2023-04-08T11:21:08.705Z</time>
      </trkpt>
      <trkpt lat="48.284621" lon="8.165968">
        <ele>235.844711</ele>
        <time>2023-04-08T11:21:14.720Z</time>
      </trkpt>
      <trkpt lat="48.284694" lon="8.166167">
        <ele>235.873358</ele>
        <time>2023-04-08T11:21:18.076Z</time>
      </trkpt>
      <trkpt lat="48.284697" lon="8.166253">
        <ele>235.884214</ele>
        <time>2023-04-08T11:21:19.420Z</time>
      </trkpt>
      <trkpt lat="48.284698" lon="8.166339">
        <ele>235.895005</ele>
        <time>2023-04-08T11:21:20.835Z</time>
      </trkpt>
      <trkpt lat="48.284699" lon="8.166381">
        <ele>235.899128</ele>
        <time>2023-04-08T11:21:21.512Z</time>
      </trkpt>
      <trkpt lat="48.284758" lon="8.166407">
        <ele>235.908194</ele>
        <time>2023-04-08T11:21:22.817Z</time>
      </trkpt>
      <trkpt lat="48.284785" lon="8.166470">
        <ele>235.915546</ele>
        <time>2023-04-08T11:21:23.890Z</time>
      </trkpt>
      <trkpt lat="48.284901" lon="8.167485">
        <ele>236.016588</ele>
        <time>2023-04-08T11:21:39.064Z</time>
      </trkpt>
      <trkpt lat="48.285221" lon="8.170824">
        <ele>236.731977</ele>
        <time>2023-04-08T11:22:32.136Z</time>
      </trkpt>
      <trkpt lat="48.285437" lon="8.173106">
        <ele>237.623718</ele>
        <time>2023-04-08T11:23:12.750Z</time>
      </trkpt>
      <trkpt lat="48.285477" lon="8.173529">
        <ele>237.808598</ele>
        <time>2023-04-08T11:23:20.143Z</time>
      </trkpt>
      <trkpt lat="48.285572" lon="8.174456">
        <ele>238.142756</ele>
        <time>2023-04-08T11:23:35.401Z</time>
      </trkpt>
      <trkpt lat="48.285826" lon="8.176299">
        <ele>238.189041</ele>
        <time>2023-04-08T11:24:02.959Z</time>
      </trkpt>
      <trkpt lat="48.285891" lon="8.176619">
        <ele>238.197269</ele>
        <time>2023-04-08T11:24:08.079Z</time>
      </trkpt>
      <trkpt lat="48.286082" lon="8.177140">
        <ele>238.228591</ele>
        <time>2023-04-08T11:24:16.967Z</time>
      </trkpt>
      <trkpt lat="48.286578" lon="8.178590">
        <ele>238.36446</ele>
        <time>2023-04-08T11:24:41.929Z</time>
      </trkpt>
      <trkpt lat="48.287071" lon="8.180038">
        <ele>238.893631</ele>
        <time>2023-04-08T11:25:09.378Z</time>
      </trkpt>
      <trkpt lat="48.287440" lon="8.181369">
        <ele>239.69105</ele>
        <time>2023-04-08T11:25:36.320Z</time>
      </trkpt>
      <trkpt lat="48.287683" lon="8.182609">
        <ele>240.319952</ele>
        <time>2023-04-08T11:26:01.242Z</time>
      </trkpt>
      <trkpt lat="48.287949" lon="8.184214">
        <ele>241.071124</ele>
        <time>2023-04-08T11:26:30.108Z</time>
      </trkpt>
      <trkpt lat="48.288070" lon="8.185333">
        <ele>241.080256</ele>
        <time>2023-04-08T11:26:47.467Z</time>
      </trkpt>
      <trkpt lat="48.288154" lon="8.186747">
        <ele>240.972465</ele>
        <time>2023-04-08T11:27:08.670Z</time>
      </trkpt>
      <trkpt lat="48.288114" lon="8.187951">
        <ele>240.953969</ele>
        <time>2023-04-08T11:27:26.719Z</time>
      </trkpt>
      <trkpt lat="48.288101" lon="8.188151">
        <ele>240.955464</ele>
        <time>2023-04-08T11:27:29.771Z</time>
      </trkpt>
      <trkpt lat="48.288065" lon="8.188511">
        <ele>240.958174</ele>
        <time>2023-04-08T11:27:35.110Z</time>
      </trkpt>
      <trkpt lat="48.287982" lon="8.189165">
        <ele>240.963129</ele>
        <time>2023-04-08T11:27:45.067Z</time>
      </trkpt>
      <trkpt lat="48.287867" lon="8.189767">
        <ele>240.981512</ele>
        <time>2023-04-08T11:27:54.902Z</time>
      </trkpt>
      <trkpt lat="48.287642" lon="8.190684">
        <ele>241.436227</ele>
        <time>2023-04-08T11:28:10.954Z</time>
      </trkpt>
      <trkpt lat="48.287337" lon="8.191626">
        <ele>241.923625</ele>
        <time>2023-04-08T11:28:29.672Z</time>
      </trkpt>
      <trkpt lat="48.287105" lon="8.192203">
        <ele>242.232135</ele>
        <time>2023-04-08T11:28:41.875Z</time>
      </trkpt>
      <trkpt lat="48.287045" lon="8.192233">
        <ele>242.257517</ele>
        <time>2023-04-08T11:28:43.424Z</time>
      </trkpt>
      <trkpt lat="48.286963" lon="8.192227">
        <ele>242.290471</ele>
        <time>2023-04-08T11:28:45.734Z</time>
      </trkpt>
      <trkpt lat="48.286909" lon="8.192231">
        <ele>242.312173</ele>
        <time>2023-04-08T11:28:47.211Z</time>
      </trkpt>
      <trkpt lat="48.286786" lon="8.192346">
        <ele>242.37032</ele>
        <time>2023-04-08T11:28:50.857Z</time>
      </trkpt>
      <trkpt lat="48.286304" lon="8.193065">
        <ele>242.642925</ele>
        <time>2023-04-08T11:29:07.079Z</time>
      </trkpt>
      <trkpt lat="48.286103" lon="8.193426">
        <ele>242.76865</ele>
        <time>2023-04-08T11:29:14.342Z</time>
      </trkpt>
      <trkpt lat="48.285975" lon="8.193680">
        <ele>242.853753</ele>
        <time>2023-04-08T11:29:19.007Z</time>
      </trkpt>
      <trkpt lat="48.285777" lon="8.194213">
        <ele>243.134246</ele>
        <time>2023-04-08T11:29:28.608Z</time>
      </trkpt>
      <trkpt lat="48.285778" lon="8.194561">
        <ele>243.384002</ele>
        <time>2023-04-08T11:29:34.295Z</time>
      </trkpt>
      <trkpt lat="48.285759" lon="8.194708">
        <ele>243.491474</ele>
        <time>2023-04-08T11:29:36.848Z</time>
      </trkpt>
      <trkpt lat="48.285729" lon="8.194776">
        <ele>243.550028</ele>
        <time>2023-04-08T11:29:38.304Z</time>
      </trkpt>
      <trkpt lat="48.285602" lon="8.194993">
        <ele>243.757433</ele>
        <time>2023-04-08T11:29:43.501Z</time>
      </trkpt>
      <trkpt lat="48.285537" lon="8.194814">
        <ele>243.903783</ele>
        <time>2023-04-08T11:29:47.236Z</time>
      </trkpt>
      <trkpt lat="48.285545" lon="8.194465">
        <ele>244.154405</ele>
        <time>2023-04-08T11:29:53.891Z</time>
      </trkpt>
      <trkpt lat="48.285610" lon="8.194697">
        <ele>244.335066</ele>
        <time>2023-04-08T11:29:58.570Z</time>
      </trkpt>
      <trkpt lat="48.285629" lon="8.194881">
        <ele>244.468701</ele>
        <time>2023-04-08T11:30:02.065Z</time>
      </trkpt>
      <trkpt lat="48.285769" lon="8.196038">
        <ele>245.531397</ele>
        <time>2023-04-08T11:30:27.170Z</time>
      </trkpt>
      <trkpt lat="48.285739" lon="8.196501">
        <ele>246.036838</ele>
        <time>2023-04-08T11:30:36.931Z</time>
      </trkpt>
      <trkpt lat="48.285738" lon="8.196532">
        <ele>246.07056</ele>
        <time>2023-04-08T11:30:37.776Z</time>
      </trkpt>
      <trkpt lat="48.285605" lon="8.197041">
        <ele>246.664715</ele>
        <time>2023-04-08T11:30:48.985Z</time>
      </trkpt>
      <trkpt lat="48.285449" lon="8.197391">
        <ele>247.122429</ele>
        <time>2023-04-08T11:30:58.213Z</time>
      </trkpt>
      <trkpt lat="48.285238" lon="8.197863">
        <ele>247.740258</ele>
        <time>2023-04-08T11:31:09.310Z</time>
      </trkpt>
      <trkpt lat="48.285449" lon="8.197391">
        <ele>248.043352</ele>
        <time>2023-04-08T11:31:19.165Z</time>
      </trkpt>
      <trkpt lat="48.285605" lon="8.197041">
        <ele>248.231322</ele>
        <time>2023-04-08T11:31:25.264Z</time>
      </trkpt>
      <trkpt lat="48.285738" lon="8.196532">
        <ele>248.475324</ele>
        <time>2023-04-08T11:31:33.840Z</time>
      </trkpt>
      <trkpt lat="48.285799" lon="8.196472">
        <ele>248.524211</ele>
        <time>2023-04-08T11:31:36.148Z</time>
      </trkpt>
      <trkpt lat="48.285738" lon="8.196532">
        <ele>248.573098</ele>
        <time>2023-04-08T11:31:37.585Z</time>
      </trkpt>
      <trkpt lat="48.285605" lon="8.197041">
        <ele>248.8171</ele>
        <time>2023-04-08T11:31:46.436Z</time>
      </trkpt>
      <trkpt lat="48.285449" lon="8.197391">
        <ele>249.00507</ele>
        <time>2023-04-08T11:31:54.134Z</time>
      </trkpt>
      <trkpt lat="48.285238" lon="8.197863">
        <ele>249.509115</ele>
        <time>2023-04-08T11:32:04.661Z</time>
      </trkpt>
      <trkpt lat="48.284967" lon="8.198471">
        <ele>250.193124</ele>
        <time>2023-04-08T11:32:19.089Z</time>
      </trkpt>
      <trkpt lat="48.284881" lon="8.199046">
        <ele>250.743987</ele>
        <time>2023-04-08T11:32:30.995Z</time>
      </trkpt>
      <trkpt lat="48.284979" lon="8.199972">
        <ele>251.617156</ele>
        <time>2023-04-08T11:32:49.625Z</time>
      </trkpt>
      <trkpt lat="48.284979" lon="8.200206">
        <ele>251.824746</ele>
        <time>2023-04-08T11:32:54.164Z</time>
      </trkpt>
      <trkpt lat="48.284945" lon="8.200540">
        <ele>252.124498</ele>
        <time>2023-04-08T11:33:00.951Z</time>
      </trkpt>
      <trkpt lat="48.284823" lon="8.201118">
        <ele>252.662444</ele>
        <time>2023-04-08T11:33:13.330Z</time>
      </trkpt>
      <trkpt lat="48.284647" lon="8.201773">
        <ele>253.289109</ele>
        <time>2023-04-08T11:33:27.589Z</time>
      </trkpt>
      <trkpt lat="48.284534" lon="8.202076">
        <ele>253.597252</ele>
        <time>2023-04-08T11:33:34.245Z</time>
      </trkpt>
      <trkpt lat="48.284438" lon="8.202174">
        <ele>253.751975</ele>
        <time>2023-04-08T11:33:37.232Z</time>
      </trkpt>
      <trkpt lat="48.284349" lon="8.202371">
        <ele>253.956921</ele>
        <time>2023-04-08T11:33:41.365Z</time>
      </trkpt>
      <trkpt lat="48.284042" lon="8.202876">
        <ele>254.121984</ele>
        <time>2023-04-08T11:33:52.345Z</time>
      </trkpt>
      <trkpt lat="48.283796" lon="8.203157">
        <ele>254.234041</ele>
        <time>2023-04-08T11:33:59.739Z</time>
      </trkpt>
      <trkpt lat="48.283561" lon="8.203481">
        <ele>254.349695</ele>
        <time>2023-04-08T11:34:07.589Z</time>
      </trkpt>
      <trkpt lat="48.283350" lon="8.203842">
        <ele>254.465645</ele>
        <time>2023-04-08T11:34:15.491Z</time>
      </trkpt>
      <trkpt lat="48.283214" lon="8.203970">
        <ele>254.523839</ele>
        <time>2023-04-08T11:34:19.408Z</time>
      </trkpt>
      <trkpt lat="48.282989" lon="8.204532">
        <ele>254.438763</ele>
        <time>2023-04-08T11:34:29.162Z</time>
      </trkpt>
      <trkpt lat="48.282602" lon="8.205363">
        <ele>253.892266</ele>
        <time>2023-04-08T11:34:42.718Z</time>
      </trkpt>
      <trkpt lat="48.282220" lon="8.206342">
        <ele>253.280785</ele>
        <time>2023-04-08T11:34:57.542Z</time>
      </trkpt>
      <trkpt lat="48.282020" lon="8.206639">
        <ele>253.046676</ele>
        <time>2023-04-08T11:35:03.043Z</time>
      </trkpt>
      <trkpt lat="48.281692" lon="8.207522">
        <ele>252.465754</ele>
        <time>2023-04-08T11:35:16.303Z</time>
      </trkpt>
      <trkpt lat="48.281564" lon="8.207602">
        <ele>252.346083</ele>
        <time>2023-04-08T11:35:19.088Z</time>
      </trkpt>
      <trkpt lat="48.281470" lon="8.207754">
        <ele>252.226882</ele>
        <time>2023-04-08T11:35:21.702Z</time>
      </trkpt>
      <trkpt lat="48.281424" lon="8.208249">
        <ele>251.939763</ele>
        <time>2023-04-08T11:35:28.414Z</time>
      </trkpt>
      <trkpt lat="48.281324" lon="8.208665">
        <ele>251.685673</ele>
        <time>2023-04-08T11:35:34.430Z</time>
      </trkpt>
      <trkpt lat="48.281287" lon="8.208938">
        <ele>251.619265</ele>
        <time>2023-04-08T11:35:39.093Z</time>
      </trkpt>
      <trkpt lat="48.281271" lon="8.209392">
        <ele>251.696666</ele>
        <time>2023-04-08T11:35:45.747Z</time>
      </trkpt>
      <trkpt lat="48.281324" lon="8.209864">
        <ele>251.778159</ele>
        <time>2023-04-08T11:35:52.744Z</time>
      </trkpt>
      <trkpt lat="48.281453" lon="8.210503">
        <ele>251.891842</ele>
        <time>2023-04-08T11:36:04.063Z</time>
      </trkpt>
      <trkpt lat="48.281450" lon="8.210750">
        <ele>251.9339</ele>
        <time>2023-04-08T11:36:07.601Z</time>
      </trkpt>
      <trkpt lat="48.281475" lon="8.210819">
        <ele>251.947276</ele>
        <time>2023-04-08T11:36:08.745Z</time>
      </trkpt>
      <trkpt lat="48.281544" lon="8.210791">
        <ele>251.96556</ele>
        <time>2023-04-08T11:36:11.223Z</time>
      </trkpt>
      <trkpt lat="48.281558" lon="8.210775">
        <ele>251.97006</ele>
        <time>2023-04-08T11:36:11.820Z</time>
      </trkpt>
      <trkpt lat="48.281669" lon="8.210793">
        <ele>251.998622</ele>
        <time>2023-04-08T11:36:14.654Z</time>
      </trkpt>
      <trkpt lat="48.281917" lon="8.211157">
        <ele>252.210221</ele>
        <time>2023-04-08T11:36:23.097Z</time>
      </trkpt>
      <trkpt lat="48.282294" lon="8.211491">
        <ele>252.791749</ele>
        <time>2023-04-08T11:36:34.561Z</time>
      </trkpt>
      <trkpt lat="48.282766" lon="8.211700">
        <ele>253.445592</ele>
        <time>2023-04-08T11:36:48.316Z</time>
      </trkpt>
      <trkpt lat="48.283187" lon="8.211771">
        <ele>254.008517</ele>
        <time>2023-04-08T11:37:01.172Z</time>
      </trkpt>
      <trkpt lat="48.283629" lon="8.211714">
        <ele>254.73759</ele>
        <time>2023-04-08T11:37:15.242Z</time>
      </trkpt>
      <trkpt lat="48.283815" lon="8.211751">
        <ele>255.218913</ele>
        <time>2023-04-08T11:37:21.588Z</time>
      </trkpt>
      <trkpt lat="48.284015" lon="8.211747">
        <ele>255.732034</ele>
        <time>2023-04-08T11:37:29.275Z</time>
      </trkpt>
      <trkpt lat="48.284977" lon="8.211512">
        <ele>258.232322</ele>
        <time>2023-04-08T11:38:09.206Z</time>
      </trkpt>
      <trkpt lat="48.285636" lon="8.211137">
        <ele>258.728181</ele>
        <time>2023-04-08T11:38:27.807Z</time>
      </trkpt>
      <trkpt lat="48.286023" lon="8.211041">
        <ele>258.38447</ele>
        <time>2023-04-08T11:38:35.653Z</time>
      </trkpt>
      <trkpt lat="48.286421" lon="8.211047">
        <ele>258.03569</ele>
        <time>2023-04-08T11:38:43.249Z</time>
      </trkpt>
      <trkpt lat="48.286655" lon="8.211113">
        <ele>257.82706</ele>
        <time>2023-04-08T11:38:47.769Z</time>
      </trkpt>
      <trkpt lat="48.286855" lon="8.211231">
        <ele>257.63878</ele>
        <time>2023-04-08T11:38:51.641Z</time>
      </trkpt>
      <trkpt lat="48.287007" lon="8.211398">
        <ele>257.477455</ele>
        <time>2023-04-08T11:38:55.110Z</time>
      </trkpt>
      <trkpt lat="48.287303" lon="8.211599">
        <ele>257.277823</ele>
        <time>2023-04-08T11:39:00.891Z</time>
      </trkpt>
      <trkpt lat="48.287416" lon="8.211729">
        <ele>257.19036</ele>
        <time>2023-04-08T11:39:03.365Z</time>
      </trkpt>
      <trkpt lat="48.287673" lon="8.212187">
        <ele>256.945348</ele>
        <time>2023-04-08T11:39:10.336Z</time>
      </trkpt>
      <trkpt lat="48.288772" lon="8.215070">
        <ele>257.610043</ele>
        <time>2023-04-08T11:40:12.545Z</time>
      </trkpt>
      <trkpt lat="48.288900" lon="8.215348">
        <ele>257.824099</ele>
        <time>2023-04-08T11:40:18.112Z</time>
      </trkpt>
      <trkpt lat="48.289079" lon="8.215985">
        <ele>257.983628</ele>
        <time>2023-04-08T11:40:30.035Z</time>
      </trkpt>
      <trkpt lat="48.289144" lon="8.215956">
        <ele>257.942348</ele>
        <time>2023-04-08T11:40:31.507Z</time>
      </trkpt>
      <trkpt lat="48.289289" lon="8.215829">
        <ele>257.840173</ele>
        <time>2023-04-08T11:40:35.068Z</time>
      </trkpt>
      <trkpt lat="48.289426" lon="8.215720">
        <ele>257.7458</ele>
        <time>2023-04-08T11:40:38.890Z</time>
      </trkpt>
      <trkpt lat="48.289441" lon="8.215617">
        <ele>257.703089</ele>
        <time>2023-04-08T11:40:40.339Z</time>
      </trkpt>
      <trkpt lat="48.289490" lon="8.215603">
        <ele>257.672723</ele>
        <time>2023-04-08T11:40:41.309Z</time>
      </trkpt>
      <trkpt lat="48.289540" lon="8.215440">
        <ele>257.600015</ele>
        <time>2023-04-08T11:40:43.813Z</time>
      </trkpt>
      <trkpt lat="48.289556" lon="8.215402">
        <ele>257.581799</ele>
        <time>2023-04-08T11:40:44.540Z</time>
      </trkpt>
      <trkpt lat="48.289744" lon="8.215528">
        <ele>257.456477</ele>
        <time>2023-04-08T11:40:48.743Z</time>
      </trkpt>
      <trkpt lat="48.289919" lon="8.215849">
        <ele>257.288372</ele>
        <time>2023-04-08T11:40:54.316Z</time>
      </trkpt>
      <trkpt lat="48.290118" lon="8.215995">
        <ele>257.153554</ele>
        <time>2023-04-08T11:40:58.409Z</time>
      </trkpt>
      <trkpt lat="48.290129" lon="8.216039">
        <ele>257.134514</ele>
        <time>2023-04-08T11:40:59.039Z</time>
      </trkpt>
      <trkpt lat="48.290121" lon="8.216103">
        <ele>257.108136</ele>
        <time>2023-04-08T11:40:59.903Z</time>
      </trkpt>
      <trkpt lat="48.290113" lon="8.216159">
        <ele>257.084934</ele>
        <time>2023-04-08T11:41:00.564Z</time>
      </trkpt>
      <trkpt lat="48.290556" lon="8.216601">
        <ele>256.840815</ele>
        <time>2023-04-08T11:41:10.383Z</time>
      </trkpt>
      <trkpt lat="48.290827" lon="8.216963">
        <ele>256.694549</ele>
        <time>2023-04-08T11:41:18.145Z</time>
      </trkpt>
      <trkpt lat="48.291009" lon="8.217264">
        <ele>256.585377</ele>
        <time>2023-04-08T11:41:24.045Z</time>
      </trkpt>
      <trkpt lat="48.291101" lon="8.217348">
        <ele>256.54195</ele>
        <time>2023-04-08T11:41:26.405Z</time>
      </trkpt>
      <trkpt lat="48.291236" lon="8.217537">
        <ele>256.467521</ele>
        <time>2023-04-08T11:41:30.427Z</time>
      </trkpt>
      <trkpt lat="48.291644" lon="8.218174">
        <ele>256.41495</ele>
        <time>2023-04-08T11:41:43.852Z</time>
      </trkpt>
      <trkpt lat="48.291885" lon="8.218624">
        <ele>256.952379</ele>
        <time>2023-04-08T11:41:54.137Z</time>
      </trkpt>
      <trkpt lat="48.292219" lon="8.219309">
        <ele>257.742467</ele>
        <time>2023-04-08T11:42:10.252Z</time>
      </trkpt>
      <trkpt lat="48.292458" lon="8.219813">
        <ele>258.318259</ele>
        <time>2023-04-08T11:42:23.157Z</time>
      </trkpt>
      <trkpt lat="48.292517" lon="8.219855">
        <ele>258.409544</ele>
        <time>2023-04-08T11:42:25.356Z</time>
      </trkpt>
      <trkpt lat="48.292574" lon="8.219834">
        <ele>258.491606</ele>
        <time>2023-04-08T11:42:27.309Z</time>
      </trkpt>
      <trkpt lat="48.292788" lon="8.219850">
        <ele>258.793673</ele>
        <time>2023-04-08T11:42:34.485Z</time>
      </trkpt>
      <trkpt lat="48.292867" lon="8.219864">
        <ele>258.964168</ele>
        <time>2023-04-08T11:42:37.231Z</time>
      </trkpt>
      <trkpt lat="48.293238" lon="8.219971">
        <ele>259.773847</ele>
        <time>2023-04-08T11:42:50.285Z</time>
      </trkpt>
      <trkpt lat="48.293528" lon="8.219971">
        <ele>260.39541</ele>
        <time>2023-04-08T11:43:00.762Z</time>
      </trkpt>
      <trkpt lat="48.293718" lon="8.219876">
        <ele>260.824583</ele>
        <time>2023-04-08T11:43:08.205Z</time>
      </trkpt>
      <trkpt lat="48.294133" lon="8.219573">
        <ele>261.813448</ele>
        <time>2023-04-08T11:43:24.138Z</time>
      </trkpt>
      <trkpt lat="48.294452" lon="8.219431">
        <ele>262.526521</ele>
        <time>2023-04-08T11:43:33.876Z</time>
      </trkpt>
      <trkpt lat="48.295123" lon="8.219134">
        <ele>262.933258</ele>
        <time>2023-04-08T11:43:52.637Z</time>
      </trkpt>
      <trkpt lat="48.296008" lon="8.219165">
        <ele>263.332992</ele>
        <time>2023-04-08T11:44:13.017Z</time>
      </trkpt>
      <trkpt lat="48.296818" lon="8.219186">
        <ele>263.609055</ele>
        <time>2023-04-08T11:44:30.300Z</time>
      </trkpt>
      <trkpt lat="48.297408" lon="8.219265">
        <ele>263.77853</ele>
        <time>2023-04-08T11:44:44.057Z</time>
      </trkpt>
      <trkpt lat="48.297796" lon="8.219367">
        <ele>263.891226</ele>
        <time>2023-04-08T11:44:55.218Z</time>
      </trkpt>
      <trkpt lat="48.297989" lon="8.219415">
        <ele>263.947197</ele>
        <time>2023-04-08T11:45:00.432Z</time>
      </trkpt>
      <trkpt lat="48.298495" lon="8.219610">
        <ele>264.301964</ele>
        <time>2023-04-08T11:45:12.632Z</time>
      </trkpt>
      <trkpt lat="48.298673" lon="8.219679">
        <ele>264.438791</ele>
        <time>2023-04-08T11:45:17.223Z</time>
      </trkpt>
      <trkpt lat="48.299148" lon="8.219717">
        <ele>264.792854</ele>
        <time>2023-04-08T11:45:29.164Z</time>
      </trkpt>
      <trkpt lat="48.299197" lon="8.219731">
        <ele>264.829979</ele>
        <time>2023-04-08T11:45:30.465Z</time>
      </trkpt>
      <trkpt lat="48.299424" lon="8.220021">
        <ele>265.051722</ele>
        <time>2023-04-08T11:45:42.493Z</time>
      </trkpt>
      <trkpt lat="48.299657" lon="8.220237">
        <ele>265.255481</ele>
        <time>2023-04-08T11:45:49.838Z</time>
      </trkpt>
      <trkpt lat="48.299689" lon="8.220364">
        <ele>265.382885</ele>
        <time>2023-04-08T11:45:52.025Z</time>
      </trkpt>
      <trkpt lat="48.299714" lon="8.220488">
        <ele>265.696614</ele>
        <time>2023-04-08T11:45:54.342Z</time>
      </trkpt>
      <trkpt lat="48.299794" lon="8.220692">
        <ele>266.270001</ele>
        <time>2023-04-08T11:45:59.062Z</time>
      </trkpt>
      <trkpt lat="48.299818" lon="8.220812">
        <ele>266.573405</ele>
        <time>2023-04-08T11:46:01.633Z</time>
      </trkpt>
      <trkpt lat="48.299862" lon="8.221076">
        <ele>267.232387</ele>
        <time>2023-04-08T11:46:07.543Z</time>
      </trkpt>
      <trkpt lat="48.299886" lon="8.221186">
        <ele>267.51269</ele>
        <time>2023-04-08T11:46:10.307Z</time>
      </trkpt>
      <trkpt lat="48.299757" lon="8.221260">
        <ele>268.015249</ele>
        <time>2023-04-08T11:46:15.293Z</time>
      </trkpt>
      <trkpt lat="48.299410" lon="8.221477">
        <ele>269.383189</ele>
        <time>2023-04-08T11:46:27.370Z</time>
      </trkpt>
      <trkpt lat="48.299319" lon="8.221486">
        <ele>269.715127</ele>
        <time>2023-04-08T11:46:30.761Z</time>
      </trkpt>
      <trkpt lat="48.299234" lon="8.221579">
        <ele>270.097782</ele>
        <time>2023-04-08T11:46:35.219Z</time>
      </trkpt>
      <trkpt lat="48.299173" lon="8.221600">
        <ele>270.325557</ele>
        <time>2023-04-08T11:46:38.062Z</time>
      </trkpt>
      <trkpt lat="48.299124" lon="8.221615">
        <ele>270.507568</ele>
        <time>2023-04-08T11:46:40.236Z</time>
      </trkpt>
      <trkpt lat="48.298964" lon="8.221850">
        <ele>271.321773</ele>
        <time>2023-04-08T11:46:51.364Z</time>
      </trkpt>
      <trkpt lat="48.298565" lon="8.222436">
        <ele>275.178835</ele>
        <time>2023-04-08T11:47:32.511Z</time>
      </trkpt>
      <trkpt lat="48.298834" lon="8.222829">
        <ele>278.208886</ele>
        <time>2023-04-08T11:47:57.150Z</time>
      </trkpt>
      <trkpt lat="48.298956" lon="8.223030">
        <ele>279.670989</ele>
        <time>2023-04-08T11:48:09.279Z</time>
      </trkpt>
      <trkpt lat="48.299185" lon="8.223452">
        <ele>282.597399</ele>
        <time>2023-04-08T11:48:33.376Z</time>
      </trkpt>
      <trkpt lat="48.299008" lon="8.223728">
        <ele>284.657434</ele>
        <time>2023-04-08T11:48:51.126Z</time>
      </trkpt>
      <trkpt lat="48.298914" lon="8.223875">
        <ele>285.753106</ele>
        <time>2023-04-08T11:49:00.581Z</time>
      </trkpt>
      <trkpt lat="48.299091" lon="8.224143">
        <ele>287.11389</ele>
        <time>2023-04-08T11:49:13.406Z</time>
      </trkpt>
      <trkpt lat="48.299287" lon="8.224514">
        <ele>288.443779</ele>
        <time>2023-04-08T11:49:28.853Z</time>
      </trkpt>
      <trkpt lat="48.299074" lon="8.225549">
        <ele>291.484975</ele>
        <time>2023-04-08T11:50:03.280Z</time>
      </trkpt>
      <trkpt lat="48.298965" lon="8.225937">
        <ele>292.667267</ele>
        <time>2023-04-08T11:50:12.341Z</time>
      </trkpt>
      <trkpt lat="48.298944" lon="8.226032">
        <ele>292.94828</ele>
        <time>2023-04-08T11:50:13.647Z</time>
      </trkpt>
      <trkpt lat="48.298808" lon="8.226837">
        <ele>294.339891</ele>
        <time>2023-04-08T11:50:29.101Z</time>
      </trkpt>
      <trkpt lat="48.298629" lon="8.227632">
        <ele>295.002205</ele>
        <time>2023-04-08T11:50:51.638Z</time>
      </trkpt>
      <trkpt lat="48.298555" lon="8.227935">
        <ele>295.256914</ele>
        <time>2023-04-08T11:50:58.830Z</time>
      </trkpt>
      <trkpt lat="48.298330" lon="8.228790">
        <ele>295.982492</ele>
        <time>2023-04-08T11:51:15.471Z</time>
      </trkpt>
      <trkpt lat="48.298247" lon="8.229204">
        <ele>295.773926</ele>
        <time>2023-04-08T11:51:23.101Z</time>
      </trkpt>
      <trkpt lat="48.298126" lon="8.230746">
        <ele>293.905729</ele>
        <time>2023-04-08T11:51:43.319Z</time>
      </trkpt>
      <trkpt lat="48.297916" lon="8.231795">
        <ele>292.383582</ele>
        <time>2023-04-08T11:51:55.189Z</time>
      </trkpt>
      <trkpt lat="48.297416" lon="8.233733">
        <ele>287.95796</ele>
        <time>2023-04-08T11:52:18.156Z</time>
      </trkpt>
      <trkpt lat="48.296910" lon="8.235038">
        <ele>285.209347</ele>
        <time>2023-04-08T11:52:38.706Z</time>
      </trkpt>
      <trkpt lat="48.296322" lon="8.235993">
        <ele>282.988781</ele>
        <time>2023-04-08T11:52:53.596Z</time>
      </trkpt>
      <trkpt lat="48.296174" lon="8.236479">
        <ele>281.670204</ele>
        <time>2023-04-08T11:52:59.424Z</time>
      </trkpt>
      <trkpt lat="48.296189" lon="8.236487">
        <ele>281.588515</ele>
        <time>2023-04-08T11:52:59.658Z</time>
      </trkpt>
      <trkpt lat="48.296509" lon="8.236715">
        <ele>279.770958</ele>
        <time>2023-04-08T11:53:05.636Z</time>
      </trkpt>
      <trkpt lat="48.296582" lon="8.236774">
        <ele>279.345562</ele>
        <time>2023-04-08T11:53:06.965Z</time>
      </trkpt>
      <trkpt lat="48.296581" lon="8.236851">
        <ele>279.082596</ele>
        <time>2023-04-08T11:53:08.115Z</time>
      </trkpt>
      <trkpt lat="48.296644" lon="8.236982">
        <ele>278.530664</ele>
        <time>2023-04-08T11:53:10.449Z</time>
      </trkpt>
      <trkpt lat="48.296751" lon="8.236985">
        <ele>277.981396</ele>
        <time>2023-04-08T11:53:12.826Z</time>
      </trkpt>
      <trkpt lat="48.296893" lon="8.237018">
        <ele>277.243927</ele>
        <time>2023-04-08T11:53:15.830Z</time>
      </trkpt>
      <trkpt lat="48.296965" lon="8.237040">
        <ele>276.866833</ele>
        <time>2023-04-08T11:53:17.393Z</time>
      </trkpt>
      <trkpt lat="48.297002" lon="8.237559">
        <ele>275.084577</ele>
        <time>2023-04-08T11:53:24.742Z</time>
      </trkpt>
      <trkpt lat="48.297039" lon="8.237942">
        <ele>273.763119</ele>
        <time>2023-04-08T11:53:28.635Z</time>
      </trkpt>
      <trkpt lat="48.297044" lon="8.238331">
        <ele>273.163705</ele>
        <time>2023-04-08T11:53:32.575Z</time>
      </trkpt>
      <trkpt lat="48.297179" lon="8.238735">
        <ele>272.998157</ele>
        <time>2023-04-08T11:53:37.586Z</time>
      </trkpt>
      <trkpt lat="48.297731" lon="8.239726">
        <ele>272.524878</ele>
        <time>2023-04-08T11:53:56.821Z</time>
      </trkpt>
      <trkpt lat="48.298023" lon="8.239548">
        <ele>272.351442</ele>
        <time>2023-04-08T11:54:12.212Z</time>
      </trkpt>
      <trkpt lat="48.298060" lon="8.239422">
        <ele>272.30101</ele>
        <time>2023-04-08T11:54:17.259Z</time>
      </trkpt>
      <trkpt lat="48.298127" lon="8.239451">
        <ele>272.262634</ele>
        <time>2023-04-08T11:54:21.109Z</time>
      </trkpt>
      <trkpt lat="48.298162" lon="8.239228">
        <ele>272.961572</ele>
        <time>2023-04-08T11:54:27.002Z</time>
      </trkpt>
      <trkpt lat="48.298271" lon="8.239232">
        <ele>273.470737</ele>
        <time>2023-04-08T11:54:31.946Z</time>
      </trkpt>
      <trkpt lat="48.298667" lon="8.239222">
        <ele>275.320258</ele>
        <time>2023-04-08T11:54:50.029Z</time>
      </trkpt>
      <trkpt lat="48.298917" lon="8.239184">
        <ele>276.493673</ele>
        <time>2023-04-08T11:55:01.884Z</time>
      </trkpt>
      <trkpt lat="48.298992" lon="8.239172">
        <ele>276.84589</ele>
        <time>2023-04-08T11:55:05.704Z</time>
      </trkpt>
      <trkpt lat="48.299561" lon="8.239001">
        <ele>279.555615</ele>
        <time>2023-04-08T11:55:35.221Z</time>
      </trkpt>
      <trkpt lat="48.300024" lon="8.238968">
        <ele>281.639262</ele>
        <time>2023-04-08T11:55:59.024Z</time>
      </trkpt>
      <trkpt lat="48.300633" lon="8.239027">
        <ele>284.271437</ele>
        <time>2023-04-08T11:56:27.479Z</time>
      </trkpt>
      <trkpt lat="48.301191" lon="8.239155">
        <ele>286.706051</ele>
        <time>2023-04-08T11:56:51.848Z</time>
      </trkpt>
      <trkpt lat="48.302299" lon="8.239605">
        <ele>291.357033</ele>
        <time>2023-04-08T11:57:37.255Z</time>
      </trkpt>
      <trkpt lat="48.302366" lon="8.239583">
        <ele>291.625481</ele>
        <time>2023-04-08T11:57:39.568Z</time>
      </trkpt>
      <trkpt lat="48.302420" lon="8.239522">
        <ele>291.889885</ele>
        <time>2023-04-08T11:57:42.348Z</time>
      </trkpt>
      <trkpt lat="48.302497" lon="8.239358">
        <ele>292.412573</ele>
        <time>2023-04-08T11:57:48.569Z</time>
      </trkpt>
      <trkpt lat="48.303084" lon="8.239580">
        <ele>294.781923</ele>
        <time>2023-04-08T11:58:14.467Z</time>
      </trkpt>
      <trkpt lat="48.303883" lon="8.239639">
        <ele>298.32875</ele>
        <time>2023-04-08T11:58:53.229Z</time>
      </trkpt>
      <trkpt lat="48.304943" lon="8.239865">
        <ele>303.228971</ele>
        <time>2023-04-08T11:59:41.776Z</time>
      </trkpt>
      <trkpt lat="48.306541" lon="8.240385">
        <ele>308.847262</ele>
        <time>2023-04-08T12:00:45.470Z</time>
      </trkpt>
      <trkpt lat="48.306777" lon="8.240368">
        <ele>309.641387</ele>
        <time>2023-04-08T12:00:54.263Z</time>
      </trkpt>
      <trkpt lat="48.307177" lon="8.240272">
        <ele>310.736306</ele>
        <time>2023-04-08T12:01:09.460Z</time>
      </trkpt>
      <trkpt lat="48.307431" lon="8.240236">
        <ele>311.413248</ele>
        <time>2023-04-08T12:01:18.096Z</time>
      </trkpt>
      <trkpt lat="48.307604" lon="8.240175">
        <ele>311.884735</ele>
        <time>2023-04-08T12:01:24.264Z</time>
      </trkpt>
      <trkpt lat="48.307747" lon="8.239910">
        <ele>312.486975</ele>
        <time>2023-04-08T12:01:31.441Z</time>
      </trkpt>
      <trkpt lat="48.307993" lon="8.239663">
        <ele>313.271877</ele>
        <time>2023-04-08T12:01:40.827Z</time>
      </trkpt>
      <trkpt lat="48.308106" lon="8.239619">
        <ele>313.5816</ele>
        <time>2023-04-08T12:01:44.954Z</time>
      </trkpt>
      <trkpt lat="48.308464" lon="8.239622">
        <ele>314.530896</ele>
        <time>2023-04-08T12:01:58.569Z</time>
      </trkpt>
      <trkpt lat="48.308999" lon="8.239688">
        <ele>315.914998</ele>
        <time>2023-04-08T12:02:19.612Z</time>
      </trkpt>
      <trkpt lat="48.309243" lon="8.239627">
        <ele>316.552776</ele>
        <time>2023-04-08T12:02:28.167Z</time>
      </trkpt>
      <trkpt lat="48.309433" lon="8.239627">
        <ele>317.04268</ele>
        <time>2023-04-08T12:02:34.350Z</time>
      </trkpt>
      <trkpt lat="48.309674" lon="8.239644">
        <ele>317.664768</ele>
        <time>2023-04-08T12:02:41.431Z</time>
      </trkpt>
      <trkpt lat="48.309872" lon="8.239705">
        <ele>318.185907</ele>
        <time>2023-04-08T12:02:47.913Z</time>
      </trkpt>
      <trkpt lat="48.310085" lon="8.239838">
        <ele>318.780594</ele>
        <time>2023-04-08T12:02:55.086Z</time>
      </trkpt>
      <trkpt lat="48.310454" lon="8.240337">
        <ele>320.544056</ele>
        <time>2023-04-08T12:03:13.570Z</time>
      </trkpt>
      <trkpt lat="48.310541" lon="8.240414">
        <ele>320.942281</ele>
        <time>2023-04-08T12:03:17.677Z</time>
      </trkpt>
      <trkpt lat="48.310933" lon="8.240622">
        <ele>322.582034</ele>
        <time>2023-04-08T12:03:36.455Z</time>
      </trkpt>
      <trkpt lat="48.311341" lon="8.240757">
        <ele>324.229947</ele>
        <time>2023-04-08T12:03:56.867Z</time>
      </trkpt>
      <trkpt lat="48.312132" lon="8.240970">
        <ele>327.622394</ele>
        <time>2023-04-08T12:04:30.352Z</time>
      </trkpt>
      <trkpt lat="48.312818" lon="8.240958">
        <ele>330.848972</ele>
        <time>2023-04-08T12:04:56.799Z</time>
      </trkpt>
      <trkpt lat="48.313371" lon="8.241151">
        <ele>333.518954</ele>
        <time>2023-04-08T12:05:18.400Z</time>
      </trkpt>
      <trkpt lat="48.314284" lon="8.241699">
        <ele>342.943969</ele>
        <time>2023-04-08T12:06:27.579Z</time>
      </trkpt>
      <trkpt lat="48.314410" lon="8.241817">
        <ele>344.616284</ele>
        <time>2023-04-08T12:06:39.581Z</time>
      </trkpt>
      <trkpt lat="48.314477" lon="8.241898">
        <ele>345.584816</ele>
        <time>2023-04-08T12:06:46.803Z</time>
      </trkpt>
      <trkpt lat="48.314579" lon="8.242133">
        <ele>347.687325</ele>
        <time>2023-04-08T12:07:02.662Z</time>
      </trkpt>
      <trkpt lat="48.314633" lon="8.242404">
        <ele>349.806922</ele>
        <time>2023-04-08T12:07:19.466Z</time>
      </trkpt>
      <trkpt lat="48.314636" lon="8.242698">
        <ele>352.00992</ele>
        <time>2023-04-08T12:07:36.848Z</time>
      </trkpt>
      <trkpt lat="48.314639" lon="8.242881">
        <ele>353.381428</ele>
        <time>2023-04-08T12:07:47.985Z</time>
      </trkpt>
      <trkpt lat="48.314650" lon="8.243136">
        <ele>355.242766</ele>
        <time>2023-04-08T12:08:04.017Z</time>
      </trkpt>
      <trkpt lat="48.314718" lon="8.243204">
        <ele>356.014945</ele>
        <time>2023-04-08T12:08:11.191Z</time>
      </trkpt>
      <trkpt lat="48.315230" lon="8.243360">
        <ele>360.954548</ele>
        <time>2023-04-08T12:08:59.462Z</time>
      </trkpt>
      <trkpt lat="48.315505" lon="8.243746">
        <ele>364.511636</ele>
        <time>2023-04-08T12:09:31.910Z</time>
      </trkpt>
      <trkpt lat="48.315620" lon="8.243863">
        <ele>365.824526</ele>
        <time>2023-04-08T12:09:42.748Z</time>
      </trkpt>
      <trkpt lat="48.316135" lon="8.244087">
        <ele>370.893731</ele>
        <time>2023-04-08T12:10:09.163Z</time>
      </trkpt>
      <trkpt lat="48.316632" lon="8.244556">
        <ele>371.490257</ele>
        <time>2023-04-08T12:10:23.520Z</time>
      </trkpt>
      <trkpt lat="48.317316" lon="8.245025">
        <ele>370.724309</ele>
        <time>2023-04-08T12:10:36.993Z</time>
      </trkpt>
      <trkpt lat="48.317547" lon="8.245472">
        <ele>370.340739</ele>
        <time>2023-04-08T12:10:43.769Z</time>
      </trkpt>
      <trkpt lat="48.317775" lon="8.246174">
        <ele>369.744757</ele>
        <time>2023-04-08T12:10:53.332Z</time>
      </trkpt>
      <trkpt lat="48.317881" lon="8.246307">
        <ele>369.575513</ele>
        <time>2023-04-08T12:10:55.561Z</time>
      </trkpt>
      <trkpt lat="48.318113" lon="8.246407">
        <ele>369.279642</ele>
        <time>2023-04-08T12:10:59.741Z</time>
      </trkpt>
      <trkpt lat="48.318278" lon="8.246642">
        <ele>369.001036</ele>
        <time>2023-04-08T12:11:03.816Z</time>
      </trkpt>
      <trkpt lat="48.318412" lon="8.247021">
        <ele>368.651104</ele>
        <time>2023-04-08T12:11:09.113Z</time>
      </trkpt>
      <trkpt lat="48.318511" lon="8.247204">
        <ele>368.458782</ele>
        <time>2023-04-08T12:11:12.510Z</time>
      </trkpt>
      <trkpt lat="48.318667" lon="8.247313">
        <ele>368.247899</ele>
        <time>2023-04-08T12:11:15.771Z</time>
      </trkpt>
      <trkpt lat="48.318849" lon="8.247496">
        <ele>367.979497</ele>
        <time>2023-04-08T12:11:21.632Z</time>
      </trkpt>
      <trkpt lat="48.318915" lon="8.247430">
        <ele>368.211558</ele>
        <time>2023-04-08T12:11:23.285Z</time>
      </trkpt>
      <trkpt lat="48.319182" lon="8.247286">
        <ele>370.067695</ele>
        <time>2023-04-08T12:11:33.751Z</time>
      </trkpt>
      <trkpt lat="48.319272" lon="8.247271">
        <ele>370.660235</ele>
        <time>2023-04-08T12:11:36.956Z</time>
      </trkpt>
      <trkpt lat="48.319608" lon="8.247338">
        <ele>372.878167</ele>
        <time>2023-04-08T12:11:54.650Z</time>
      </trkpt>
      <trkpt lat="48.319697" lon="8.247328">
        <ele>373.462181</ele>
        <time>2023-04-08T12:11:59.440Z</time>
      </trkpt>
      <trkpt lat="48.319792" lon="8.247272">
        <ele>374.129886</ele>
        <time>2023-04-08T12:12:05.630Z</time>
      </trkpt>
      <trkpt lat="48.320154" lon="8.246854">
        <ele>377.11646</ele>
        <time>2023-04-08T12:12:33.317Z</time>
      </trkpt>
      <trkpt lat="48.320363" lon="8.246540">
        <ele>379.049661</ele>
        <time>2023-04-08T12:12:52.874Z</time>
      </trkpt>
      <trkpt lat="48.320564" lon="8.245935">
        <ele>383.836971</ele>
        <time>2023-04-08T12:13:31.385Z</time>
      </trkpt>
      <trkpt lat="48.320776" lon="8.245634">
        <ele>387.282567</ele>
        <time>2023-04-08T12:13:57.566Z</time>
      </trkpt>
      <trkpt lat="48.320995" lon="8.245471">
        <ele>390.170328</ele>
        <time>2023-04-08T12:14:19.779Z</time>
      </trkpt>
      <trkpt lat="48.320996" lon="8.245470">
        <ele>390.18452</ele>
        <time>2023-04-08T12:14:19.885Z</time>
      </trkpt>
      <trkpt lat="48.321206" lon="8.245423">
        <ele>392.693617</ele>
        <time>2023-04-08T12:14:38.315Z</time>
      </trkpt>
      <trkpt lat="48.321419" lon="8.245589">
        <ele>395.528768</ele>
        <time>2023-04-08T12:14:57.693Z</time>
      </trkpt>
      <trkpt lat="48.321778" lon="8.246066">
        <ele>401.114054</ele>
        <time>2023-04-08T12:15:35.069Z</time>
      </trkpt>
      <trkpt lat="48.321943" lon="8.246234">
        <ele>402.689629</ele>
        <time>2023-04-08T12:15:50.072Z</time>
      </trkpt>
      <trkpt lat="48.322063" lon="8.246276">
        <ele>403.663846</ele>
        <time>2023-04-08T12:15:59.470Z</time>
      </trkpt>
      <trkpt lat="48.322145" lon="8.246257">
        <ele>404.319883</ele>
        <time>2023-04-08T12:16:05.746Z</time>
      </trkpt>
      <trkpt lat="48.322255" lon="8.246142">
        <ele>405.379188</ele>
        <time>2023-04-08T12:16:14.844Z</time>
      </trkpt>
      <trkpt lat="48.322375" lon="8.245954">
        <ele>406.749367</ele>
        <time>2023-04-08T12:16:25.723Z</time>
      </trkpt>
      <trkpt lat="48.322745" lon="8.245260">
        <ele>411.426306</ele>
        <time>2023-04-08T12:16:58.880Z</time>
      </trkpt>
      <trkpt lat="48.322955" lon="8.244954">
        <ele>413.738386</ele>
        <time>2023-04-08T12:17:15.444Z</time>
      </trkpt>
      <trkpt lat="48.323245" lon="8.244669">
        <ele>415.991692</ele>
        <time>2023-04-08T12:17:33.836Z</time>
      </trkpt>
      <trkpt lat="48.323386" lon="8.244601">
        <ele>416.723226</ele>
        <time>2023-04-08T12:17:40.019Z</time>
      </trkpt>
      <trkpt lat="48.324092" lon="8.244498">
        <ele>420.227513</ele>
        <time>2023-04-08T12:18:12.732Z</time>
      </trkpt>
      <trkpt lat="48.324646" lon="8.244922">
        <ele>423.298497</ele>
        <time>2023-04-08T12:18:36.536Z</time>
      </trkpt>
      <trkpt lat="48.325475" lon="8.245355">
        <ele>429.329133</ele>
        <time>2023-04-08T12:19:25.047Z</time>
      </trkpt>
      <trkpt lat="48.325718" lon="8.245420">
        <ele>431.128176</ele>
        <time>2023-04-08T12:19:41.871Z</time>
      </trkpt>
      <trkpt lat="48.326023" lon="8.245638">
        <ele>433.589626</ele>
        <time>2023-04-08T12:20:03.953Z</time>
      </trkpt>
      <trkpt lat="48.326119" lon="8.245743">
        <ele>434.454847</ele>
        <time>2023-04-08T12:20:11.553Z</time>
      </trkpt>
      <trkpt lat="48.326225" lon="8.245920">
        <ele>435.60933</ele>
        <time>2023-04-08T12:20:20.847Z</time>
      </trkpt>
      <trkpt lat="48.326434" lon="8.246593">
        <ele>439.983227</ele>
        <time>2023-04-08T12:20:48.232Z</time>
      </trkpt>
      <trkpt lat="48.326493" lon="8.246732">
        <ele>441.087141</ele>
        <time>2023-04-08T12:20:55.640Z</time>
      </trkpt>
      <trkpt lat="48.326565" lon="8.246790">
        <ele>441.909462</ele>
        <time>2023-04-08T12:21:00.672Z</time>
      </trkpt>
      <trkpt lat="48.326791" lon="8.246928">
        <ele>444.365194</ele>
        <time>2023-04-08T12:21:18.249Z</time>
      </trkpt>
      <trkpt lat="48.327328" lon="8.247101">
        <ele>449.894326</ele>
        <time>2023-04-08T12:22:03.119Z</time>
      </trkpt>
      <trkpt lat="48.327645" lon="8.246968">
        <ele>453.207719</ele>
        <time>2023-04-08T12:22:29.592Z</time>
      </trkpt>
      <trkpt lat="48.327734" lon="8.246988">
        <ele>454.113714</ele>
        <time>2023-04-08T12:22:36.565Z</time>
      </trkpt>
      <trkpt lat="48.327974" lon="8.247192">
        <ele>457.08248</ele>
        <time>2023-04-08T12:22:57.045Z</time>
      </trkpt>
      <trkpt lat="48.328463" lon="8.247851">
        <ele>464.490626</ele>
        <time>2023-04-08T12:23:44.731Z</time>
      </trkpt>
      <trkpt lat="48.328654" lon="8.248146">
        <ele>467.579558</ele>
        <time>2023-04-08T12:24:06.144Z</time>
      </trkpt>
      <trkpt lat="48.328739" lon="8.248219">
        <ele>468.683945</ele>
        <time>2023-04-08T12:24:13.489Z</time>
      </trkpt>
      <trkpt lat="48.329222" lon="8.248393">
        <ele>474.28777</ele>
        <time>2023-04-08T12:24:56.287Z</time>
      </trkpt>
      <trkpt lat="48.329749" lon="8.248700">
        <ele>479.751181</ele>
        <time>2023-04-08T12:25:44.597Z</time>
      </trkpt>
      <trkpt lat="48.330154" lon="8.248787">
        <ele>483.537873</ele>
        <time>2023-04-08T12:26:16.582Z</time>
      </trkpt>
      <trkpt lat="48.330461" lon="8.248757">
        <ele>486.385437</ele>
        <time>2023-04-08T12:26:38.794Z</time>
      </trkpt>
      <trkpt lat="48.330548" lon="8.248782">
        <ele>487.205267</ele>
        <time>2023-04-08T12:26:44.938Z</time>
      </trkpt>
      <trkpt lat="48.330788" lon="8.249027">
        <ele>489.889985</ele>
        <time>2023-04-08T12:27:03.312Z</time>
      </trkpt>
      <trkpt lat="48.331097" lon="8.249217">
        <ele>492.500403</ele>
        <time>2023-04-08T12:27:17.257Z</time>
      </trkpt>
      <trkpt lat="48.331225" lon="8.249338">
        <ele>493.005233</ele>
        <time>2023-04-08T12:27:22.312Z</time>
      </trkpt>
      <trkpt lat="48.331432" lon="8.249654">
        <ele>493.990089</ele>
        <time>2023-04-08T12:27:30.605Z</time>
      </trkpt>
      <trkpt lat="48.331594" lon="8.249984">
        <ele>494.900777</ele>
        <time>2023-04-08T12:27:39.991Z</time>
      </trkpt>
      <trkpt lat="48.331718" lon="8.250421">
        <ele>495.955593</ele>
        <time>2023-04-08T12:27:51.673Z</time>
      </trkpt>
      <trkpt lat="48.331804" lon="8.250587">
        <ele>496.422796</ele>
        <time>2023-04-08T12:27:55.921Z</time>
      </trkpt>
      <trkpt lat="48.331857" lon="8.250631">
        <ele>496.624945</ele>
        <time>2023-04-08T12:27:59.238Z</time>
      </trkpt>
      <trkpt lat="48.332114" lon="8.250571">
        <ele>497.493415</ele>
        <time>2023-04-08T12:28:08.944Z</time>
      </trkpt>
      <trkpt lat="48.332175" lon="8.250582">
        <ele>497.698569</ele>
        <time>2023-04-08T12:28:11.852Z</time>
      </trkpt>
      <trkpt lat="48.332425" lon="8.250705">
        <ele>498.688008</ele>
        <time>2023-04-08T12:28:23.151Z</time>
      </trkpt>
      <trkpt lat="48.332675" lon="8.250872">
        <ele>499.899117</ele>
        <time>2023-04-08T12:28:35.660Z</time>
      </trkpt>
      <trkpt lat="48.332984" lon="8.251145">
        <ele>501.485739</ele>
        <time>2023-04-08T12:28:49.542Z</time>
      </trkpt>
      <trkpt lat="48.333135" lon="8.251371">
        <ele>502.42885</ele>
        <time>2023-04-08T12:28:56.704Z</time>
      </trkpt>
      <trkpt lat="48.333487" lon="8.252545">
        <ele>506.229201</ele>
        <time>2023-04-08T12:29:37.237Z</time>
      </trkpt>
      <trkpt lat="48.333590" lon="8.252831">
        <ele>507.64595</ele>
        <time>2023-04-08T12:29:49.549Z</time>
      </trkpt>
      <trkpt lat="48.333770" lon="8.253195">
        <ele>509.621908</ele>
        <time>2023-04-08T12:30:06.865Z</time>
      </trkpt>
      <trkpt lat="48.333869" lon="8.253291">
        <ele>510.393631</ele>
        <time>2023-04-08T12:30:13.360Z</time>
      </trkpt>
      <trkpt lat="48.334206" lon="8.253479">
        <ele>512.74854</ele>
        <time>2023-04-08T12:30:33.216Z</time>
      </trkpt>
      <trkpt lat="48.334452" lon="8.253781">
        <ele>514.828907</ele>
        <time>2023-04-08T12:30:50.208Z</time>
      </trkpt>
      <trkpt lat="48.335083" lon="8.254518">
        <ele>520.636237</ele>
        <time>2023-04-08T12:31:35.138Z</time>
      </trkpt>
      <trkpt lat="48.335219" lon="8.254756">
        <ele>522.380046</ele>
        <time>2023-04-08T12:31:47.599Z</time>
      </trkpt>
      <trkpt lat="48.335335" lon="8.255249">
        <ele>525.285823</ele>
        <time>2023-04-08T12:32:10.658Z</time>
      </trkpt>
      <trkpt lat="48.335456" lon="8.255603">
        <ele>527.49752</ele>
        <time>2023-04-08T12:32:29.608Z</time>
      </trkpt>
      <trkpt lat="48.335691" lon="8.255989">
        <ele>530.405752</ele>
        <time>2023-04-08T12:32:54.250Z</time>
      </trkpt>
      <trkpt lat="48.335922" lon="8.256192">
        <ele>532.641815</ele>
        <time>2023-04-08T12:33:12.192Z</time>
      </trkpt>
      <trkpt lat="48.336683" lon="8.256576">
        <ele>539.261216</ele>
        <time>2023-04-08T12:34:01.221Z</time>
      </trkpt>
      <trkpt lat="48.337070" lon="8.256865">
        <ele>542.821437</ele>
        <time>2023-04-08T12:34:27.735Z</time>
      </trkpt>
      <trkpt lat="48.337499" lon="8.256996">
        <ele>546.428531</ele>
        <time>2023-04-08T12:34:54.919Z</time>
      </trkpt>
      <trkpt lat="48.337666" lon="8.257066">
        <ele>547.860031</ele>
        <time>2023-04-08T12:35:05.814Z</time>
      </trkpt>
      <trkpt lat="48.338063" lon="8.257238">
        <ele>551.805428</ele>
        <time>2023-04-08T12:35:35.351Z</time>
      </trkpt>
      <trkpt lat="48.338340" lon="8.257467">
        <ele>554.823869</ele>
        <time>2023-04-08T12:35:57.145Z</time>
      </trkpt>
      <trkpt lat="48.338557" lon="8.257712">
        <ele>557.414895</ele>
        <time>2023-04-08T12:36:15.440Z</time>
      </trkpt>
      <trkpt lat="48.338736" lon="8.258039">
        <ele>560.103973</ele>
        <time>2023-04-08T12:36:35.001Z</time>
      </trkpt>
      <trkpt lat="48.339069" lon="8.258871">
        <ele>566.017088</ele>
        <time>2023-04-08T12:37:24.018Z</time>
      </trkpt>
      <trkpt lat="48.339390" lon="8.259365">
        <ele>569.521331</ele>
        <time>2023-04-08T12:37:57.574Z</time>
      </trkpt>
      <trkpt lat="48.339578" lon="8.259490">
        <ele>571.089853</ele>
        <time>2023-04-08T12:38:10.808Z</time>
      </trkpt>
      <trkpt lat="48.339904" lon="8.259820">
        <ele>574.088336</ele>
        <time>2023-04-08T12:38:34.257Z</time>
      </trkpt>
      <trkpt lat="48.340060" lon="8.259913">
        <ele>575.368852</ele>
        <time>2023-04-08T12:38:42.796Z</time>
      </trkpt>
      <trkpt lat="48.340871" lon="8.260199">
        <ele>581.536644</ele>
        <time>2023-04-08T12:39:19.313Z</time>
      </trkpt>
      <trkpt lat="48.341148" lon="8.260354">
        <ele>583.649279</ele>
        <time>2023-04-08T12:39:35.517Z</time>
      </trkpt>
      <trkpt lat="48.341599" lon="8.260791">
        <ele>587.484006</ele>
        <time>2023-04-08T12:40:06.555Z</time>
      </trkpt>
      <trkpt lat="48.341688" lon="8.260904">
        <ele>588.316494</ele>
        <time>2023-04-08T12:40:13.284Z</time>
      </trkpt>
      <trkpt lat="48.341929" lon="8.261450">
        <ele>591.430691</ele>
        <time>2023-04-08T12:40:41.586Z</time>
      </trkpt>
      <trkpt lat="48.342453" lon="8.262237">
        <ele>600.991529</ele>
        <time>2023-04-08T12:41:39.501Z</time>
      </trkpt>
      <trkpt lat="48.342544" lon="8.262478">
        <ele>603.405166</ele>
        <time>2023-04-08T12:41:56.636Z</time>
      </trkpt>
      <trkpt lat="48.342598" lon="8.262750">
        <ele>605.87715</ele>
        <time>2023-04-08T12:42:15.120Z</time>
      </trkpt>
      <trkpt lat="48.342612" lon="8.263003">
        <ele>608.087903</ele>
        <time>2023-04-08T12:42:32.693Z</time>
      </trkpt>
      <trkpt lat="48.342556" lon="8.263514">
        <ele>612.597785</ele>
        <time>2023-04-08T12:43:09.409Z</time>
      </trkpt>
      <trkpt lat="48.342557" lon="8.263812">
        <ele>615.187043</ele>
        <time>2023-04-08T12:43:30.414Z</time>
      </trkpt>
      <trkpt lat="48.342998" lon="8.265256">
        <ele>626.389174</ele>
        <time>2023-04-08T12:44:56.765Z</time>
      </trkpt>
      <trkpt lat="48.343071" lon="8.265596">
        <ele>628.907833</ele>
        <time>2023-04-08T12:45:13.002Z</time>
      </trkpt>
      <trkpt lat="48.343147" lon="8.265774">
        <ele>630.399163</ele>
        <time>2023-04-08T12:45:22.524Z</time>
      </trkpt>
      <trkpt lat="48.343277" lon="8.265889">
        <ele>631.998544</ele>
        <time>2023-04-08T12:45:32.251Z</time>
      </trkpt>
      <trkpt lat="48.343495" lon="8.265982">
        <ele>634.280449</ele>
        <time>2023-04-08T12:45:45.533Z</time>
      </trkpt>
      <trkpt lat="48.343666" lon="8.266134">
        <ele>634.825905</ele>
        <time>2023-04-08T12:45:56.291Z</time>
      </trkpt>
      <trkpt lat="48.344148" lon="8.267006">
        <ele>636.896116</ele>
        <time>2023-04-08T12:46:24.716Z</time>
      </trkpt>
      <trkpt lat="48.344576" lon="8.268083">
        <ele>639.18637</ele>
        <time>2023-04-08T12:46:43.045Z</time>
      </trkpt>
      <trkpt lat="48.345149" lon="8.269799">
        <ele>642.599735</ele>
        <time>2023-04-08T12:47:24.192Z</time>
      </trkpt>
      <trkpt lat="48.345225" lon="8.270166">
        <ele>643.282978</ele>
        <time>2023-04-08T12:47:35.859Z</time>
      </trkpt>
      <trkpt lat="48.345276" lon="8.270300">
        <ele>643.557438</ele>
        <time>2023-04-08T12:47:41.300Z</time>
      </trkpt>
      <trkpt lat="48.345342" lon="8.270335">
        <ele>643.744582</ele>
        <time>2023-04-08T12:47:44.621Z</time>
      </trkpt>
      <trkpt lat="48.345487" lon="8.270327">
        <ele>644.34139</ele>
        <time>2023-04-08T12:47:50.479Z</time>
      </trkpt>
      <trkpt lat="48.346038" lon="8.271395">
        <ele>650.207679</ele>
        <time>2023-04-08T12:48:34.484Z</time>
      </trkpt>
      <trkpt lat="48.346064" lon="8.271709">
        <ele>651.580638</ele>
        <time>2023-04-08T12:48:45.217Z</time>
      </trkpt>
      <trkpt lat="48.345992" lon="8.271869">
        <ele>652.419026</ele>
        <time>2023-04-08T12:48:53.511Z</time>
      </trkpt>
      <trkpt lat="48.345901" lon="8.271892">
        <ele>653.02143</ele>
        <time>2023-04-08T12:48:59.054Z</time>
      </trkpt>
      <trkpt lat="48.345825" lon="8.271860">
        <ele>653.536646</ele>
        <time>2023-04-08T12:49:03.457Z</time>
      </trkpt>
      <trkpt lat="48.345653" lon="8.271635">
        <ele>655.02458</ele>
        <time>2023-04-08T12:49:19.650Z</time>
      </trkpt>
      <trkpt lat="48.345519" lon="8.271551">
        <ele>656.059132</ele>
        <time>2023-04-08T12:49:29.896Z</time>
      </trkpt>
      <trkpt lat="48.345438" lon="8.271537">
        <ele>656.78218</ele>
        <time>2023-04-08T12:49:35.731Z</time>
      </trkpt>
      <trkpt lat="48.345276" lon="8.271576">
        <ele>658.237101</ele>
        <time>2023-04-08T12:49:47.512Z</time>
      </trkpt>
      <trkpt lat="48.345059" lon="8.271697">
        <ele>660.289405</ele>
        <time>2023-04-08T12:50:03.525Z</time>
      </trkpt>
      <trkpt lat="48.344974" lon="8.271800">
        <ele>661.257279</ele>
        <time>2023-04-08T12:50:10.887Z</time>
      </trkpt>
      <trkpt lat="48.344905" lon="8.271952">
        <ele>662.342219</ele>
        <time>2023-04-08T12:50:18.688Z</time>
      </trkpt>
      <trkpt lat="48.344846" lon="8.272264">
        <ele>664.254195</ele>
        <time>2023-04-08T12:50:32.511Z</time>
      </trkpt>
      <trkpt lat="48.344808" lon="8.272896">
        <ele>667.994545</ele>
        <time>2023-04-08T12:50:57.408Z</time>
      </trkpt>
      <trkpt lat="48.344775" lon="8.273172">
        <ele>669.647461</ele>
        <time>2023-04-08T12:51:09.553Z</time>
      </trkpt>
      <trkpt lat="48.344723" lon="8.273359">
        <ele>670.842258</ele>
        <time>2023-04-08T12:51:18.650Z</time>
      </trkpt>
      <trkpt lat="48.344563" lon="8.273689">
        <ele>673.61941</ele>
        <time>2023-04-08T12:51:38.303Z</time>
      </trkpt>
      <trkpt lat="48.343829" lon="8.274812">
        <ele>685.089026</ele>
        <time>2023-04-08T12:53:01.768Z</time>
      </trkpt>
      <trkpt lat="48.343635" lon="8.275170">
        <ele>688.452753</ele>
        <time>2023-04-08T12:53:26.912Z</time>
      </trkpt>
      <trkpt lat="48.343425" lon="8.275729">
        <ele>692.907162</ele>
        <time>2023-04-08T12:54:00.909Z</time>
      </trkpt>
      <trkpt lat="48.343302" lon="8.276634">
        <ele>698.777956</ele>
        <time>2023-04-08T12:54:44.617Z</time>
      </trkpt>
      <trkpt lat="48.343186" lon="8.276896">
        <ele>700.778724</ele>
        <time>2023-04-08T12:54:58.175Z</time>
      </trkpt>
      <trkpt lat="48.342997" lon="8.277155">
        <ele>703.223249</ele>
        <time>2023-04-08T12:55:14.563Z</time>
      </trkpt>
      <trkpt lat="48.342949" lon="8.277300">
        <ele>704.252782</ele>
        <time>2023-04-08T12:55:21.649Z</time>
      </trkpt>
      <trkpt lat="48.342943" lon="8.277533">
        <ele>705.73475</ele>
        <time>2023-04-08T12:55:31.936Z</time>
      </trkpt>
      <trkpt lat="48.342956" lon="8.277841">
        <ele>707.69622</ele>
        <time>2023-04-08T12:55:45.672Z</time>
      </trkpt>
      <trkpt lat="48.343041" lon="8.278580">
        <ele>711.843536</ele>
        <time>2023-04-08T12:56:20.917Z</time>
      </trkpt>
      <trkpt lat="48.343021" lon="8.278827">
        <ele>713.172358</ele>
        <time>2023-04-08T12:56:32.416Z</time>
      </trkpt>
      <trkpt lat="48.342967" lon="8.279059">
        <ele>714.485096</ele>
        <time>2023-04-08T12:56:43.787Z</time>
      </trkpt>
      <trkpt lat="48.342872" lon="8.279272">
        <ele>715.854957</ele>
        <time>2023-04-08T12:56:54.916Z</time>
      </trkpt>
      <trkpt lat="48.342776" lon="8.279378">
        <ele>716.811716</ele>
        <time>2023-04-08T12:57:02.388Z</time>
      </trkpt>
      <trkpt lat="48.342625" lon="8.279448">
        <ele>718.081232</ele>
        <time>2023-04-08T12:57:11.693Z</time>
      </trkpt>
      <trkpt lat="48.342485" lon="8.279368">
        <ele>719.284481</ele>
        <time>2023-04-08T12:57:19.759Z</time>
      </trkpt>
      <trkpt lat="48.342334" lon="8.279175">
        <ele>720.876421</ele>
        <time>2023-04-08T12:57:30.375Z</time>
      </trkpt>
      <trkpt lat="48.342173" lon="8.278889">
        <ele>722.877968</ele>
        <time>2023-04-08T12:57:43.310Z</time>
      </trkpt>
      <trkpt lat="48.342059" lon="8.278801">
        <ele>723.81481</ele>
        <time>2023-04-08T12:57:50.150Z</time>
      </trkpt>
      <trkpt lat="48.341942" lon="8.278807">
        <ele>724.655263</ele>
        <time>2023-04-08T12:57:56.259Z</time>
      </trkpt>
      <trkpt lat="48.341801" lon="8.278926">
        <ele>725.815927</ele>
        <time>2023-04-08T12:58:05.683Z</time>
      </trkpt>
      <trkpt lat="48.341715" lon="8.279042">
        <ele>726.645145</ele>
        <time>2023-04-08T12:58:13.017Z</time>
      </trkpt>
      <trkpt lat="48.341531" lon="8.279348">
        <ele>728.614197</ele>
        <time>2023-04-08T12:58:30.911Z</time>
      </trkpt>
      <trkpt lat="48.341334" lon="8.279801">
        <ele>731.197438</ele>
        <time>2023-04-08T12:58:55.010Z</time>
      </trkpt>
      <trkpt lat="48.341038" lon="8.280051">
        <ele>733.634448</ele>
        <time>2023-04-08T12:59:15.999Z</time>
      </trkpt>
      <trkpt lat="48.340881" lon="8.280122">
        <ele>734.811401</ele>
        <time>2023-04-08T12:59:24.979Z</time>
      </trkpt>
      <trkpt lat="48.340720" lon="8.280128">
        <ele>735.950706</ele>
        <time>2023-04-08T12:59:33.015Z</time>
      </trkpt>
      <trkpt lat="48.340419" lon="8.280005">
        <ele>736.018103</ele>
        <time>2023-04-08T12:59:47.792Z</time>
      </trkpt>
      <trkpt lat="48.340130" lon="8.280073">
        <ele>736.08131</ele>
        <time>2023-04-08T12:59:59.389Z</time>
      </trkpt>
      <trkpt lat="48.340028" lon="8.280152">
        <ele>736.106099</ele>
        <time>2023-04-08T13:00:03.169Z</time>
      </trkpt>
      <trkpt lat="48.339839" lon="8.280437">
        <ele>736.163922</ele>
        <time>2023-04-08T13:00:10.962Z</time>
      </trkpt>
      <trkpt lat="48.339186" lon="8.281163">
        <ele>736.322</ele>
        <time>2023-04-08T13:00:25.012Z</time>
      </trkpt>
      <trkpt lat="48.339051" lon="8.281386">
        <ele>734.969885</ele>
        <time>2023-04-08T13:00:28.051Z</time>
      </trkpt>
      <trkpt lat="48.338968" lon="8.281699">
        <ele>733.459232</ele>
        <time>2023-04-08T13:00:31.378Z</time>
      </trkpt>
      <trkpt lat="48.338777" lon="8.282255">
        <ele>730.653611</ele>
        <time>2023-04-08T13:00:37.389Z</time>
      </trkpt>
      <trkpt lat="48.338658" lon="8.282774">
        <ele>728.19249</ele>
        <time>2023-04-08T13:00:42.679Z</time>
      </trkpt>
      <trkpt lat="48.338901" lon="8.283119">
        <ele>725.939163</ele>
        <time>2023-04-08T13:00:47.587Z</time>
      </trkpt>
      <trkpt lat="48.339137" lon="8.283600">
        <ele>724.734647</ele>
        <time>2023-04-08T13:00:53.587Z</time>
      </trkpt>
      <trkpt lat="48.339297" lon="8.284046">
        <ele>725.992144</ele>
        <time>2023-04-08T13:00:59.336Z</time>
      </trkpt>
      <trkpt lat="48.339422" lon="8.285461">
        <ele>729.533919</ele>
        <time>2023-04-08T13:01:45.322Z</time>
      </trkpt>
      <trkpt lat="48.339464" lon="8.285691">
        <ele>730.125738</ele>
        <time>2023-04-08T13:01:57.384Z</time>
      </trkpt>
      <trkpt lat="48.339706" lon="8.286046">
        <ele>732.261717</ele>
        <time>2023-04-08T13:02:29.855Z</time>
      </trkpt>
      <trkpt lat="48.340150" lon="8.286932">
        <ele>740.195174</ele>
        <time>2023-04-08T13:03:43.723Z</time>
      </trkpt>
      <trkpt lat="48.340401" lon="8.287304">
        <ele>743.98513</ele>
        <time>2023-04-08T13:04:17.940Z</time>
      </trkpt>
      <trkpt lat="48.340699" lon="8.287857">
        <ele>749.075125</ele>
        <time>2023-04-08T13:05:00.776Z</time>
      </trkpt>
      <trkpt lat="48.340808" lon="8.287977">
        <ele>750.390139</ele>
        <time>2023-04-08T13:05:12.069Z</time>
      </trkpt>
      <trkpt lat="48.341779" lon="8.288532">
        <ele>755.594989</ele>
        <time>2023-04-08T13:06:21.350Z</time>
      </trkpt>
      <trkpt lat="48.342762" lon="8.289480">
        <ele>759.305372</ele>
        <time>2023-04-08T13:07:18.598Z</time>
      </trkpt>
      <trkpt lat="48.342949" lon="8.289691">
        <ele>759.317674</ele>
        <time>2023-04-08T13:07:29.006Z</time>
      </trkpt>
      <trkpt lat="48.343220" lon="8.290134">
        <ele>759.338734</ele>
        <time>2023-04-08T13:07:45.485Z</time>
      </trkpt>
      <trkpt lat="48.343448" lon="8.290629">
        <ele>759.359801</ele>
        <time>2023-04-08T13:07:59.617Z</time>
      </trkpt>
      <trkpt lat="48.343753" lon="8.291311">
        <ele>757.604603</ele>
        <time>2023-04-08T13:08:16.786Z</time>
      </trkpt>
      <trkpt lat="48.343894" lon="8.291759">
        <ele>754.87043</ele>
        <time>2023-04-08T13:08:26.381Z</time>
      </trkpt>
      <trkpt lat="48.343971" lon="8.292168">
        <ele>752.525672</ele>
        <time>2023-04-08T13:08:34.138Z</time>
      </trkpt>
      <trkpt lat="48.344095" lon="8.293835">
        <ele>742.280688</ele>
        <time>2023-04-08T13:09:02.355Z</time>
      </trkpt>
      <trkpt lat="48.344175" lon="8.294411">
        <ele>736.298485</ele>
        <time>2023-04-08T13:09:11.829Z</time>
      </trkpt>
      <trkpt lat="48.344281" lon="8.294850">
        <ele>731.550165</ele>
        <time>2023-04-08T13:09:19.267Z</time>
      </trkpt>
      <trkpt lat="48.344398" lon="8.295178">
        <ele>727.765803</ele>
        <time>2023-04-08T13:09:25.216Z</time>
      </trkpt>
      <trkpt lat="48.344540" lon="8.295417">
        <ele>724.506844</ele>
        <time>2023-04-08T13:09:30.333Z</time>
      </trkpt>
      <trkpt lat="48.344811" lon="8.295706">
        <ele>719.42616</ele>
        <time>2023-04-08T13:09:38.255Z</time>
      </trkpt>
      <trkpt lat="48.344953" lon="8.295803">
        <ele>717.040836</ele>
        <time>2023-04-08T13:09:41.938Z</time>
      </trkpt>
      <trkpt lat="48.345236" lon="8.295836">
        <ele>712.662472</ele>
        <time>2023-04-08T13:09:48.680Z</time>
      </trkpt>
      <trkpt lat="48.345551" lon="8.295798">
        <ele>707.787029</ele>
        <time>2023-04-08T13:09:56.177Z</time>
      </trkpt>
      <trkpt lat="48.345804" lon="8.295708">
        <ele>703.77611</ele>
        <time>2023-04-08T13:10:02.365Z</time>
      </trkpt>
      <trkpt lat="48.345995" lon="8.295613">
        <ele>700.672507</ele>
        <time>2023-04-08T13:10:07.207Z</time>
      </trkpt>
      <trkpt lat="48.346111" lon="8.295508">
        <ele>698.583946</ele>
        <time>2023-04-08T13:10:10.443Z</time>
      </trkpt>
      <trkpt lat="48.346391" lon="8.295107">
        <ele>692.620027</ele>
        <time>2023-04-08T13:10:19.833Z</time>
      </trkpt>
      <trkpt lat="48.346760" lon="8.294689">
        <ele>687.437705</ele>
        <time>2023-04-08T13:10:31.272Z</time>
      </trkpt>
      <trkpt lat="48.347348" lon="8.294265">
        <ele>682.668392</ele>
        <time>2023-04-08T13:10:48.093Z</time>
      </trkpt>
      <trkpt lat="48.347941" lon="8.293924">
        <ele>678.024937</ele>
        <time>2023-04-08T13:11:06.274Z</time>
      </trkpt>
      <trkpt lat="48.348278" lon="8.293801">
        <ele>675.94309</ele>
        <time>2023-04-08T13:11:17.875Z</time>
      </trkpt>
      <trkpt lat="48.348708" lon="8.293768">
        <ele>675.418897</ele>
        <time>2023-04-08T13:11:33.403Z</time>
      </trkpt>
      <trkpt lat="48.349106" lon="8.293819">
        <ele>674.932589</ele>
        <time>2023-04-08T13:11:48.413Z</time>
      </trkpt>
      <trkpt lat="48.349696" lon="8.294093">
        <ele>674.180846</ele>
        <time>2023-04-08T13:12:11.315Z</time>
      </trkpt>
      <trkpt lat="48.350004" lon="8.294305">
        <ele>673.390408</ele>
        <time>2023-04-08T13:12:23.097Z</time>
      </trkpt>
      <trkpt lat="48.351157" lon="8.295347">
        <ele>663.561235</ele>
        <time>2023-04-08T13:13:00.603Z</time>
      </trkpt>
      <trkpt lat="48.351778" lon="8.295882">
        <ele>656.533105</ele>
        <time>2023-04-08T13:13:10.783Z</time>
      </trkpt>
      <trkpt lat="48.352077" lon="8.296115">
        <ele>652.203028</ele>
        <time>2023-04-08T13:13:15.369Z</time>
      </trkpt>
      <trkpt lat="48.352208" lon="8.296176">
        <ele>650.439582</ele>
        <time>2023-04-08T13:13:17.234Z</time>
      </trkpt>
      <trkpt lat="48.352326" lon="8.296200">
        <ele>648.908329</ele>
        <time>2023-04-08T13:13:18.867Z</time>
      </trkpt>
      <trkpt lat="48.352515" lon="8.296158">
        <ele>646.45147</ele>
        <time>2023-04-08T13:13:21.501Z</time>
      </trkpt>
      <trkpt lat="48.352926" lon="8.295644">
        <ele>639.579067</ele>
        <time>2023-04-08T13:13:28.840Z</time>
      </trkpt>
      <trkpt lat="48.353054" lon="8.295450">
        <ele>637.331438</ele>
        <time>2023-04-08T13:13:31.331Z</time>
      </trkpt>
      <trkpt lat="48.353459" lon="8.295065">
        <ele>632.843656</ele>
        <time>2023-04-08T13:13:37.891Z</time>
      </trkpt>
      <trkpt lat="48.353726" lon="8.295065">
        <ele>630.342341</ele>
        <time>2023-04-08T13:13:41.587Z</time>
      </trkpt>
      <trkpt lat="48.353871" lon="8.295159">
        <ele>628.86326</ele>
        <time>2023-04-08T13:13:43.806Z</time>
      </trkpt>
      <trkpt lat="48.354025" lon="8.295378">
        <ele>626.878272</ele>
        <time>2023-04-08T13:13:46.896Z</time>
      </trkpt>
      <trkpt lat="48.354111" lon="8.295719">
        <ele>624.607661</ele>
        <time>2023-04-08T13:13:50.523Z</time>
      </trkpt>
      <trkpt lat="48.354139" lon="8.295938">
        <ele>623.219291</ele>
        <time>2023-04-08T13:13:52.828Z</time>
      </trkpt>
      <trkpt lat="48.354146" lon="8.296171">
        <ele>621.767288</ele>
        <time>2023-04-08T13:13:55.280Z</time>
      </trkpt>
      <trkpt lat="48.354107" lon="8.296462">
        <ele>620.747747</ele>
        <time>2023-04-08T13:13:58.323Z</time>
      </trkpt>
      <trkpt lat="48.354032" lon="8.296592">
        <ele>620.786062</ele>
        <time>2023-04-08T13:14:00.090Z</time>
      </trkpt>
      <trkpt lat="48.353762" lon="8.296899">
        <ele>620.899399</ele>
        <time>2023-04-08T13:14:05.589Z</time>
      </trkpt>
      <trkpt lat="48.353611" lon="8.297365">
        <ele>621.014785</ele>
        <time>2023-04-08T13:14:12.037Z</time>
      </trkpt>
      <trkpt lat="48.353589" lon="8.297538">
        <ele>621.053987</ele>
        <time>2023-04-08T13:14:14.539Z</time>
      </trkpt>
      <trkpt lat="48.353597" lon="8.298033">
        <ele>621.164186</ele>
        <time>2023-04-08T13:14:26.400Z</time>
      </trkpt>
      <trkpt lat="48.353704" lon="8.298572">
        <ele>621.289384</ele>
        <time>2023-04-08T13:14:45.916Z</time>
      </trkpt>
      <trkpt lat="48.353613" lon="8.298691">
        <ele>621.483808</ele>
        <time>2023-04-08T13:14:55.502Z</time>
      </trkpt>
      <trkpt lat="48.353541" lon="8.298873">
        <ele>622.414062</ele>
        <time>2023-04-08T13:15:05.886Z</time>
      </trkpt>
      <trkpt lat="48.353316" lon="8.299121">
        <ele>624.257338</ele>
        <time>2023-04-08T13:15:26.225Z</time>
      </trkpt>
      <trkpt lat="48.352988" lon="8.299599">
        <ele>627.275054</ele>
        <time>2023-04-08T13:15:56.203Z</time>
      </trkpt>
      <trkpt lat="48.352962" lon="8.299736">
        <ele>627.900814</ele>
        <time>2023-04-08T13:16:02.505Z</time>
      </trkpt>
      <trkpt lat="48.352983" lon="8.299943">
        <ele>628.820491</ele>
        <time>2023-04-08T13:16:12.933Z</time>
      </trkpt>
      <trkpt lat="48.353023" lon="8.300088">
        <ele>629.510021</ele>
        <time>2023-04-08T13:16:20.839Z</time>
      </trkpt>
      <trkpt lat="48.353125" lon="8.300249">
        <ele>630.486982</ele>
        <time>2023-04-08T13:16:32.059Z</time>
      </trkpt>
      <trkpt lat="48.353288" lon="8.300364">
        <ele>631.676787</ele>
        <time>2023-04-08T13:16:46.351Z</time>
      </trkpt>
      <trkpt lat="48.353471" lon="8.300418">
        <ele>632.909283</ele>
        <time>2023-04-08T13:17:00.833Z</time>
      </trkpt>
      <trkpt lat="48.353593" lon="8.300410">
        <ele>633.606449</ele>
        <time>2023-04-08T13:17:09.314Z</time>
      </trkpt>
      <trkpt lat="48.353685" lon="8.300364">
        <ele>634.108395</ele>
        <time>2023-04-08T13:17:15.939Z</time>
      </trkpt>
      <trkpt lat="48.353817" lon="8.300149">
        <ele>635.115527</ele>
        <time>2023-04-08T13:17:27.971Z</time>
      </trkpt>
      <trkpt lat="48.353821" lon="8.300149">
        <ele>635.136238</ele>
        <time>2023-04-08T13:17:28.225Z</time>
      </trkpt>
      <trkpt lat="48.353919" lon="8.300127">
        <ele>635.649258</ele>
        <time>2023-04-08T13:17:34.289Z</time>
      </trkpt>
      <trkpt lat="48.354117" lon="8.300180">
        <ele>636.690515</ele>
        <time>2023-04-08T13:17:46.777Z</time>
      </trkpt>
      <trkpt lat="48.354438" lon="8.300410">
        <ele>638.531305</ele>
        <time>2023-04-08T13:18:07.331Z</time>
      </trkpt>
      <trkpt lat="48.354900" lon="8.300525">
        <ele>640.955861</ele>
        <time>2023-04-08T13:18:35.152Z</time>
      </trkpt>
      <trkpt lat="48.354987" lon="8.300586">
        <ele>641.452806</ele>
        <time>2023-04-08T13:18:41.083Z</time>
      </trkpt>
      <trkpt lat="48.355048" lon="8.300678">
        <ele>641.899958</ele>
        <time>2023-04-08T13:18:46.657Z</time>
      </trkpt>
      <trkpt lat="48.355114" lon="8.300900">
        <ele>642.551619</ele>
        <time>2023-04-08T13:18:56.945Z</time>
      </trkpt>
      <trkpt lat="48.355119" lon="8.301183">
        <ele>642.687611</ele>
        <time>2023-04-08T13:19:09.534Z</time>
      </trkpt>
      <trkpt lat="48.355078" lon="8.301680">
        <ele>642.928185</ele>
        <time>2023-04-08T13:19:30.234Z</time>
      </trkpt>
      <trkpt lat="48.355038" lon="8.301902">
        <ele>643.038677</ele>
        <time>2023-04-08T13:19:38.487Z</time>
      </trkpt>
      <trkpt lat="48.354936" lon="8.302224">
        <ele>643.210031</ele>
        <time>2023-04-08T13:19:48.895Z</time>
      </trkpt>
      <trkpt lat="48.354921" lon="8.302369">
        <ele>643.280524</ele>
        <time>2023-04-08T13:19:52.889Z</time>
      </trkpt>
      <trkpt lat="48.354936" lon="8.302553">
        <ele>643.369574</ele>
        <time>2023-04-08T13:19:57.730Z</time>
      </trkpt>
      <trkpt lat="48.354990" lon="8.302789">
        <ele>643.489473</ele>
        <time>2023-04-08T13:20:03.361Z</time>
      </trkpt>
      <trkpt lat="48.355070" lon="8.302930">
        <ele>643.578535</ele>
        <time>2023-04-08T13:20:07.476Z</time>
      </trkpt>
      <trkpt lat="48.355132" lon="8.303004">
        <ele>643.635739</ele>
        <time>2023-04-08T13:20:10.069Z</time>
      </trkpt>
      <trkpt lat="48.355494" lon="8.303214">
        <ele>642.36354</ele>
        <time>2023-04-08T13:20:21.590Z</time>
      </trkpt>
      <trkpt lat="48.355692" lon="8.303245">
        <ele>640.140549</ele>
        <time>2023-04-08T13:20:27.028Z</time>
      </trkpt>
      <trkpt lat="48.356102" lon="8.303090">
        <ele>635.419838</ele>
        <time>2023-04-08T13:20:37.995Z</time>
      </trkpt>
      <trkpt lat="48.356297" lon="8.303073">
        <ele>633.238631</ele>
        <time>2023-04-08T13:20:42.874Z</time>
      </trkpt>
      <trkpt lat="48.356425" lon="8.303118">
        <ele>631.770776</ele>
        <time>2023-04-08T13:20:46.100Z</time>
      </trkpt>
      <trkpt lat="48.356730" lon="8.303371">
        <ele>627.881721</ele>
        <time>2023-04-08T13:20:54.543Z</time>
      </trkpt>
      <trkpt lat="48.356807" lon="8.303343">
        <ele>626.99712</ele>
        <time>2023-04-08T13:20:56.462Z</time>
      </trkpt>
      <trkpt lat="48.356864" lon="8.303282">
        <ele>626.216072</ele>
        <time>2023-04-08T13:20:58.150Z</time>
      </trkpt>
      <trkpt lat="48.357133" lon="8.302668">
        <ele>619.640556</ele>
        <time>2023-04-08T13:21:09.886Z</time>
      </trkpt>
      <trkpt lat="48.357245" lon="8.302538">
        <ele>617.467857</ele>
        <time>2023-04-08T13:21:13.265Z</time>
      </trkpt>
      <trkpt lat="48.357754" lon="8.302247">
        <ele>609.103938</ele>
        <time>2023-04-08T13:21:26.295Z</time>
      </trkpt>
      <trkpt lat="48.357870" lon="8.302140">
        <ele>607.013993</ele>
        <time>2023-04-08T13:21:29.579Z</time>
      </trkpt>
      <trkpt lat="48.357942" lon="8.302010">
        <ele>605.286595</ele>
        <time>2023-04-08T13:21:32.265Z</time>
      </trkpt>
      <trkpt lat="48.358114" lon="8.301374">
        <ele>598.27789</ele>
        <time>2023-04-08T13:21:43.252Z</time>
      </trkpt>
      <trkpt lat="48.358272" lon="8.300923">
        <ele>594.054682</ele>
        <time>2023-04-08T13:21:51.511Z</time>
      </trkpt>
      <trkpt lat="48.358593" lon="8.299713">
        <ele>585.055709</ele>
        <time>2023-04-08T13:22:13.279Z</time>
      </trkpt>
      <trkpt lat="48.358613" lon="8.299453">
        <ele>583.247896</ele>
        <time>2023-04-08T13:22:17.776Z</time>
      </trkpt>
      <trkpt lat="48.358715" lon="8.298864">
        <ele>579.043784</ele>
        <time>2023-04-08T13:22:28.481Z</time>
      </trkpt>
      <trkpt lat="48.358801" lon="8.298619">
        <ele>577.375891</ele>
        <time>2023-04-08T13:22:33.545Z</time>
      </trkpt>
      <trkpt lat="48.359228" lon="8.297693">
        <ele>576.404418</ele>
        <time>2023-04-08T13:22:55.587Z</time>
      </trkpt>
      <trkpt lat="48.359279" lon="8.297479">
        <ele>576.208469</ele>
        <time>2023-04-08T13:23:00.552Z</time>
      </trkpt>
      <trkpt lat="48.359310" lon="8.297012">
        <ele>575.803964</ele>
        <time>2023-04-08T13:23:11.937Z</time>
      </trkpt>
      <trkpt lat="48.359345" lon="8.296881">
        <ele>575.682271</ele>
        <time>2023-04-08T13:23:15.765Z</time>
      </trkpt>
      <trkpt lat="48.359372" lon="8.296831">
        <ele>575.62674</ele>
        <time>2023-04-08T13:23:17.606Z</time>
      </trkpt>
      <trkpt lat="48.359406" lon="8.296767">
        <ele>575.556116</ele>
        <time>2023-04-08T13:23:20.175Z</time>
      </trkpt>
      <trkpt lat="48.359477" lon="8.296667">
        <ele>575.42998</ele>
        <time>2023-04-08T13:23:24.934Z</time>
      </trkpt>
      <trkpt lat="48.359671" lon="8.296545">
        <ele>575.157252</ele>
        <time>2023-04-08T13:23:35.744Z</time>
      </trkpt>
      <trkpt lat="48.360418" lon="8.296384">
        <ele>580.132487</ele>
        <time>2023-04-08T13:24:26.360Z</time>
      </trkpt>
      <trkpt lat="48.360607" lon="8.296422">
        <ele>581.522397</ele>
        <time>2023-04-08T13:24:41.515Z</time>
      </trkpt>
      <trkpt lat="48.360678" lon="8.296484">
        <ele>582.120741</ele>
        <time>2023-04-08T13:24:48.106Z</time>
      </trkpt>
      <trkpt lat="48.360739" lon="8.296629">
        <ele>582.951944</ele>
        <time>2023-04-08T13:24:57.363Z</time>
      </trkpt>
      <trkpt lat="48.360785" lon="8.296889">
        <ele>584.255071</ele>
        <time>2023-04-08T13:25:12.206Z</time>
      </trkpt>
      <trkpt lat="48.360779" lon="8.297073">
        <ele>585.147305</ele>
        <time>2023-04-08T13:25:22.194Z</time>
      </trkpt>
      <trkpt lat="48.360744" lon="8.297249">
        <ele>586.03708</ele>
        <time>2023-04-08T13:25:32.374Z</time>
      </trkpt>
      <trkpt lat="48.360525" lon="8.297915">
        <ele>589.682076</ele>
        <time>2023-04-08T13:26:12.647Z</time>
      </trkpt>
      <trkpt lat="48.360352" lon="8.298611">
        <ele>593.395474</ele>
        <time>2023-04-08T13:26:53.008Z</time>
      </trkpt>
      <trkpt lat="48.360144" lon="8.299805">
        <ele>599.563721</ele>
        <time>2023-04-08T13:27:55.220Z</time>
      </trkpt>
      <trkpt lat="48.360083" lon="8.299997">
        <ele>600.627215</ele>
        <time>2023-04-08T13:28:04.340Z</time>
      </trkpt>
      <trkpt lat="48.359981" lon="8.300188">
        <ele>601.840709</ele>
        <time>2023-04-08T13:28:14.114Z</time>
      </trkpt>
      <trkpt lat="48.359574" lon="8.300838">
        <ele>605.941533</ele>
        <time>2023-04-08T13:28:48.428Z</time>
      </trkpt>
      <trkpt lat="48.359483" lon="8.301045">
        <ele>607.081162</ele>
        <time>2023-04-08T13:28:59.334Z</time>
      </trkpt>
      <trkpt lat="48.359114" lon="8.302432">
        <ele>613.941085</ele>
        <time>2023-04-08T13:30:15.029Z</time>
      </trkpt>
      <trkpt lat="48.359066" lon="8.302614">
        <ele>615.217256</ele>
        <time>2023-04-08T13:30:26.166Z</time>
      </trkpt>
      <trkpt lat="48.358760" lon="8.303372">
        <ele>621.498031</ele>
        <time>2023-04-08T13:31:17.227Z</time>
      </trkpt>
      <trkpt lat="48.358613" lon="8.304199">
        <ele>627.560365</ele>
        <time>2023-04-08T13:32:12.781Z</time>
      </trkpt>
      <trkpt lat="48.358557" lon="8.304374">
        <ele>628.935855</ele>
        <time>2023-04-08T13:32:24.457Z</time>
      </trkpt>
      <trkpt lat="48.358359" lon="8.304704">
        <ele>632.084502</ele>
        <time>2023-04-08T13:32:52.103Z</time>
      </trkpt>
      <trkpt lat="48.358140" lon="8.305163">
        <ele>635.914244</ele>
        <time>2023-04-08T13:33:27.244Z</time>
      </trkpt>
      <trkpt lat="48.358043" lon="8.305737">
        <ele>639.848466</ele>
        <time>2023-04-08T13:34:03.232Z</time>
      </trkpt>
      <trkpt lat="48.358059" lon="8.305852">
        <ele>640.628931</ele>
        <time>2023-04-08T13:34:10.450Z</time>
      </trkpt>
      <trkpt lat="48.358109" lon="8.305982">
        <ele>641.626696</ele>
        <time>2023-04-08T13:34:19.093Z</time>
      </trkpt>
      <trkpt lat="48.358348" lon="8.306326">
        <ele>644.93273</ele>
        <time>2023-04-08T13:34:47.952Z</time>
      </trkpt>
      <trkpt lat="48.358389" lon="8.306426">
        <ele>645.71326</ele>
        <time>2023-04-08T13:34:54.804Z</time>
      </trkpt>
      <trkpt lat="48.358369" lon="8.306701">
        <ele>647.550872</ele>
        <time>2023-04-08T13:35:10.593Z</time>
      </trkpt>
      <trkpt lat="48.358059" lon="8.307995">
        <ele>655.707934</ele>
        <time>2023-04-08T13:36:22.743Z</time>
      </trkpt>
      <trkpt lat="48.358074" lon="8.308309">
        <ele>657.419123</ele>
        <time>2023-04-08T13:36:38.727Z</time>
      </trkpt>
      <trkpt lat="48.358170" lon="8.308783">
        <ele>660.112629</ele>
        <time>2023-04-08T13:37:07.259Z</time>
      </trkpt>
      <trkpt lat="48.358170" lon="8.308929">
        <ele>660.906227</ele>
        <time>2023-04-08T13:37:15.597Z</time>
      </trkpt>
      <trkpt lat="48.358140" lon="8.309051">
        <ele>661.613325</ele>
        <time>2023-04-08T13:37:22.903Z</time>
      </trkpt>
      <trkpt lat="48.358079" lon="8.309135">
        <ele>662.289696</ele>
        <time>2023-04-08T13:37:29.255Z</time>
      </trkpt>
      <trkpt lat="48.357962" lon="8.309242">
        <ele>663.409657</ele>
        <time>2023-04-08T13:37:39.487Z</time>
      </trkpt>
      <trkpt lat="48.357692" lon="8.309403">
        <ele>665.785408</ele>
        <time>2023-04-08T13:38:00.129Z</time>
      </trkpt>
      <trkpt lat="48.357591" lon="8.309571">
        <ele>666.458805</ele>
        <time>2023-04-08T13:38:10.393Z</time>
      </trkpt>
      <trkpt lat="48.357489" lon="8.309824">
        <ele>667.17764</ele>
        <time>2023-04-08T13:38:23.089Z</time>
      </trkpt>
      <trkpt lat="48.357438" lon="8.310000">
        <ele>667.644046</ele>
        <time>2023-04-08T13:38:31.021Z</time>
      </trkpt>
      <trkpt lat="48.357433" lon="8.310122">
        <ele>667.940961</ele>
        <time>2023-04-08T13:38:36.414Z</time>
      </trkpt>
      <trkpt lat="48.357484" lon="8.310291">
        <ele>668.391832</ele>
        <time>2023-04-08T13:38:44.227Z</time>
      </trkpt>
      <trkpt lat="48.357703" lon="8.310566">
        <ele>669.434504</ele>
        <time>2023-04-08T13:39:02.286Z</time>
      </trkpt>
      <trkpt lat="48.357774" lon="8.310719">
        <ele>669.887815</ele>
        <time>2023-04-08T13:39:09.866Z</time>
      </trkpt>
      <trkpt lat="48.357825" lon="8.310903">
        <ele>670.372094</ele>
        <time>2023-04-08T13:39:17.372Z</time>
      </trkpt>
      <trkpt lat="48.357896" lon="8.311339">
        <ele>671.462516</ele>
        <time>2023-04-08T13:39:32.781Z</time>
      </trkpt>
      <trkpt lat="48.357933" lon="8.311856">
        <ele>672.379353</ele>
        <time>2023-04-08T13:39:46.125Z</time>
      </trkpt>
      <trkpt lat="48.357927" lon="8.312051">
        <ele>671.701374</ele>
        <time>2023-04-08T13:39:50.463Z</time>
      </trkpt>
      <trkpt lat="48.357973" lon="8.312468">
        <ele>670.233274</ele>
        <time>2023-04-08T13:39:59.070Z</time>
      </trkpt>
      <trkpt lat="48.358066" lon="8.312813">
        <ele>668.940214</ele>
        <time>2023-04-08T13:40:06.351Z</time>
      </trkpt>
      <trkpt lat="48.358387" lon="8.313604">
        <ele>665.721186</ele>
        <time>2023-04-08T13:40:23.510Z</time>
      </trkpt>
      <trkpt lat="48.358487" lon="8.313790">
        <ele>664.890224</ele>
        <time>2023-04-08T13:40:27.809Z</time>
      </trkpt>
      <trkpt lat="48.358550" lon="8.313847">
        <ele>664.506009</ele>
        <time>2023-04-08T13:40:29.766Z</time>
      </trkpt>
      <trkpt lat="48.358801" lon="8.313835">
        <ele>663.193416</ele>
        <time>2023-04-08T13:40:36.410Z</time>
      </trkpt>
      <trkpt lat="48.358933" lon="8.313733">
        <ele>661.898984</ele>
        <time>2023-04-08T13:40:40.271Z</time>
      </trkpt>
      <trkpt lat="48.359283" lon="8.313254">
        <ele>657.7472</ele>
        <time>2023-04-08T13:40:52.411Z</time>
      </trkpt>
      <trkpt lat="48.359344" lon="8.313133">
        <ele>656.8615</ele>
        <time>2023-04-08T13:40:54.978Z</time>
      </trkpt>
      <trkpt lat="48.359545" lon="8.312378">
        <ele>652.118571</ele>
        <time>2023-04-08T13:41:08.795Z</time>
      </trkpt>
      <trkpt lat="48.360622" lon="8.310643">
        <ele>644.406179</ele>
        <time>2023-04-08T13:41:52.228Z</time>
      </trkpt>
      <trkpt lat="48.360657" lon="8.310520">
        <ele>644.15043</ele>
        <time>2023-04-08T13:41:55.049Z</time>
      </trkpt>
      <trkpt lat="48.360657" lon="8.310429">
        <ele>643.976497</ele>
        <time>2023-04-08T13:41:57.931Z</time>
      </trkpt>
      <trkpt lat="48.360622" lon="8.310275">
        <ele>643.665405</ele>
        <time>2023-04-08T13:42:03.114Z</time>
      </trkpt>
      <trkpt lat="48.360510" lon="8.310013">
        <ele>643.06994</ele>
        <time>2023-04-08T13:42:10.555Z</time>
      </trkpt>
      <trkpt lat="48.360651" lon="8.310027">
        <ele>642.663452</ele>
        <time>2023-04-08T13:42:19.101Z</time>
      </trkpt>
      <trkpt lat="48.360779" lon="8.309972">
        <ele>642.280529</ele>
        <time>2023-04-08T13:42:25.285Z</time>
      </trkpt>
      <trkpt lat="48.360888" lon="8.309859">
        <ele>643.171579</ele>
        <time>2023-04-08T13:42:32.478Z</time>
      </trkpt>
      <trkpt lat="48.361157" lon="8.309494">
        <ele>646.23335</ele>
        <time>2023-04-08T13:42:55.445Z</time>
      </trkpt>
      <trkpt lat="48.361362" lon="8.309134">
        <ele>648.896448</ele>
        <time>2023-04-08T13:43:17.958Z</time>
      </trkpt>
      <trkpt lat="48.361544" lon="8.308793">
        <ele>651.353224</ele>
        <time>2023-04-08T13:43:43.038Z</time>
      </trkpt>
      <trkpt lat="48.361703" lon="8.308405">
        <ele>653.91373</ele>
        <time>2023-04-08T13:44:13.512Z</time>
      </trkpt>
      <trkpt lat="48.361844" lon="8.308160">
        <ele>655.734306</ele>
        <time>2023-04-08T13:44:35.079Z</time>
      </trkpt>
      <trkpt lat="48.362473" lon="8.307381">
        <ele>664.539628</ele>
        <time>2023-04-08T13:45:52.086Z</time>
      </trkpt>
      <trkpt lat="48.362560" lon="8.307326">
        <ele>665.632172</ele>
        <time>2023-04-08T13:46:00.675Z</time>
      </trkpt>
      <trkpt lat="48.362701" lon="8.307385">
        <ele>667.3266</ele>
        <time>2023-04-08T13:46:14.205Z</time>
      </trkpt>
      <trkpt lat="48.362737" lon="8.307485">
        <ele>668.201527</ele>
        <time>2023-04-08T13:46:21.368Z</time>
      </trkpt>
      <trkpt lat="48.362737" lon="8.307750">
        <ele>670.240073</ele>
        <time>2023-04-08T13:46:37.847Z</time>
      </trkpt>
      <trkpt lat="48.362610" lon="8.308488">
        <ele>676.104572</ele>
        <time>2023-04-08T13:47:26.344Z</time>
      </trkpt>
      <trkpt lat="48.362560" lon="8.309444">
        <ele>682.712431</ele>
        <time>2023-04-08T13:48:27.850Z</time>
      </trkpt>
      <trkpt lat="48.362464" lon="8.310806">
        <ele>691.698948</ele>
        <time>2023-04-08T13:49:55.703Z</time>
      </trkpt>
      <trkpt lat="48.362473" lon="8.311380">
        <ele>695.466136</ele>
        <time>2023-04-08T13:50:21.688Z</time>
      </trkpt>
      <trkpt lat="48.362506" lon="8.311535">
        <ele>695.935067</ele>
        <time>2023-04-08T13:50:27.790Z</time>
      </trkpt>
      <trkpt lat="48.362570" lon="8.311604">
        <ele>695.816096</ele>
        <time>2023-04-08T13:50:32.465Z</time>
      </trkpt>
      <trkpt lat="48.362620" lon="8.311990">
        <ele>695.421228</ele>
        <time>2023-04-08T13:50:47.215Z</time>
      </trkpt>
      <trkpt lat="48.362707" lon="8.312312">
        <ele>695.072208</ele>
        <time>2023-04-08T13:50:58.992Z</time>
      </trkpt>
      <trkpt lat="48.362620" lon="8.311990">
        <ele>694.723188</ele>
        <time>2023-04-08T13:51:07.104Z</time>
      </trkpt>
      <trkpt lat="48.362570" lon="8.311604">
        <ele>694.328321</ele>
        <time>2023-04-08T13:51:15.685Z</time>
      </trkpt>
      <trkpt lat="48.362582" lon="8.311275">
        <ele>693.997484</ele>
        <time>2023-04-08T13:51:22.449Z</time>
      </trkpt>
      <trkpt lat="48.362629" lon="8.310938">
        <ele>693.651739</ele>
        <time>2023-04-08T13:51:28.739Z</time>
      </trkpt>
      <trkpt lat="48.362751" lon="8.310428">
        <ele>691.995659</ele>
        <time>2023-04-08T13:51:38.288Z</time>
      </trkpt>
      <trkpt lat="48.362891" lon="8.309994">
        <ele>688.660925</ele>
        <time>2023-04-08T13:51:46.330Z</time>
      </trkpt>
      <trkpt lat="48.362976" lon="8.309730">
        <ele>686.633159</ele>
        <time>2023-04-08T13:51:51.148Z</time>
      </trkpt>
      <trkpt lat="48.363403" lon="8.308678">
        <ele>678.112122</ele>
        <time>2023-04-08T13:52:11.538Z</time>
      </trkpt>
      <trkpt lat="48.363621" lon="8.308259">
        <ele>674.553244</ele>
        <time>2023-04-08T13:52:20.702Z</time>
      </trkpt>
      <trkpt lat="48.363783" lon="8.308044">
        <ele>674.087707</ele>
        <time>2023-04-08T13:52:26.487Z</time>
      </trkpt>
      <trkpt lat="48.364074" lon="8.307927">
        <ele>673.438485</ele>
        <time>2023-04-08T13:52:34.908Z</time>
      </trkpt>
      <trkpt lat="48.364511" lon="8.307918">
        <ele>672.496477</ele>
        <time>2023-04-08T13:52:48.001Z</time>
      </trkpt>
      <trkpt lat="48.364253" lon="8.308117">
        <ele>671.87161</ele>
        <time>2023-04-08T13:52:58.285Z</time>
      </trkpt>
      <trkpt lat="48.363683" lon="8.309584">
        <ele>676.018193</ele>
        <time>2023-04-08T13:54:02.652Z</time>
      </trkpt>
      <trkpt lat="48.363470" lon="8.310475">
        <ele>681.689685</ele>
        <time>2023-04-08T13:55:01.653Z</time>
      </trkpt>
      <trkpt lat="48.363355" lon="8.311367">
        <ele>687.127377</ele>
        <time>2023-04-08T13:56:01.518Z</time>
      </trkpt>
      <trkpt lat="48.363385" lon="8.311643">
        <ele>688.766298</ele>
        <time>2023-04-08T13:56:20.277Z</time>
      </trkpt>
      <trkpt lat="48.363704" lon="8.312625">
        <ele>695.172028</ele>
        <time>2023-04-08T13:57:30.008Z</time>
      </trkpt>
      <trkpt lat="48.363894" lon="8.313297">
        <ele>699.451812</ele>
        <time>2023-04-08T13:58:09.181Z</time>
      </trkpt>
      <trkpt lat="48.364025" lon="8.313740">
        <ele>702.293382</ele>
        <time>2023-04-08T13:58:29.412Z</time>
      </trkpt>
      <trkpt lat="48.364345" lon="8.314327">
        <ele>701.091265</ele>
        <time>2023-04-08T13:58:50.697Z</time>
      </trkpt>
      <trkpt lat="48.364556" lon="8.314617">
        <ele>700.01147</ele>
        <time>2023-04-08T13:58:59.818Z</time>
      </trkpt>
      <trkpt lat="48.364720" lon="8.314740">
        <ele>699.31903</ele>
        <time>2023-04-08T13:59:05.379Z</time>
      </trkpt>
      <trkpt lat="48.364933" lon="8.314788">
        <ele>698.505127</ele>
        <time>2023-04-08T13:59:11.440Z</time>
      </trkpt>
      <trkpt lat="48.365060" lon="8.314742">
        <ele>698.01149</ele>
        <time>2023-04-08T13:59:15.052Z</time>
      </trkpt>
      <trkpt lat="48.365479" lon="8.314237">
        <ele>695.978931</ele>
        <time>2023-04-08T13:59:29.047Z</time>
      </trkpt>
      <trkpt lat="48.365562" lon="8.314128">
        <ele>695.295412</ele>
        <time>2023-04-08T13:59:31.954Z</time>
      </trkpt>
      <trkpt lat="48.365761" lon="8.313576">
        <ele>692.70627</ele>
        <time>2023-04-08T13:59:42.649Z</time>
      </trkpt>
      <trkpt lat="48.366086" lon="8.312995">
        <ele>689.575081</ele>
        <time>2023-04-08T13:59:55.733Z</time>
      </trkpt>
      <trkpt lat="48.366268" lon="8.312591">
        <ele>687.562756</ele>
        <time>2023-04-08T14:00:04.839Z</time>
      </trkpt>
      <trkpt lat="48.366353" lon="8.312483">
        <ele>686.872509</ele>
        <time>2023-04-08T14:00:08.195Z</time>
      </trkpt>
      <trkpt lat="48.366929" lon="8.311908">
        <ele>686.690455</ele>
        <time>2023-04-08T14:00:35.336Z</time>
      </trkpt>
      <trkpt lat="48.367077" lon="8.311794">
        <ele>687.546368</ele>
        <time>2023-04-08T14:00:44.749Z</time>
      </trkpt>
      <trkpt lat="48.367236" lon="8.311714">
        <ele>688.409462</ele>
        <time>2023-04-08T14:00:54.366Z</time>
      </trkpt>
      <trkpt lat="48.367521" lon="8.311669">
        <ele>689.884767</ele>
        <time>2023-04-08T14:01:13.270Z</time>
      </trkpt>
      <trkpt lat="48.367652" lon="8.311714">
        <ele>690.576529</ele>
        <time>2023-04-08T14:01:22.433Z</time>
      </trkpt>
      <trkpt lat="48.368147" lon="8.312124">
        <ele>693.485258</ele>
        <time>2023-04-08T14:02:05.045Z</time>
      </trkpt>
      <trkpt lat="48.368363" lon="8.312244">
        <ele>695.400277</ele>
        <time>2023-04-08T14:02:24.425Z</time>
      </trkpt>
      <trkpt lat="48.368881" lon="8.312335">
        <ele>701.448449</ele>
        <time>2023-04-08T14:03:13.347Z</time>
      </trkpt>
      <trkpt lat="48.369473" lon="8.312602">
        <ele>708.615597</ele>
        <time>2023-04-08T14:04:15.236Z</time>
      </trkpt>
      <trkpt lat="48.369707" lon="8.312739">
        <ele>711.527401</ele>
        <time>2023-04-08T14:04:40.583Z</time>
      </trkpt>
      <trkpt lat="48.370009" lon="8.313069">
        <ele>715.738377</ele>
        <time>2023-04-08T14:05:17.599Z</time>
      </trkpt>
      <trkpt lat="48.370157" lon="8.313428">
        <ele>718.574293</ele>
        <time>2023-04-08T14:05:45.671Z</time>
      </trkpt>
      <trkpt lat="48.370754" lon="8.314408">
        <ele>727.499056</ele>
        <time>2023-04-08T14:07:12.840Z</time>
      </trkpt>
      <trkpt lat="48.371290" lon="8.315304">
        <ele>732.114698</ele>
        <time>2023-04-08T14:08:11.174Z</time>
      </trkpt>
      <trkpt lat="48.371523" lon="8.315618">
        <ele>730.828808</ele>
        <time>2023-04-08T14:08:22.811Z</time>
      </trkpt>
      <trkpt lat="48.371750" lon="8.315847">
        <ele>729.705207</ele>
        <time>2023-04-08T14:08:31.030Z</time>
      </trkpt>
      <trkpt lat="48.372085" lon="8.315957">
        <ele>728.29535</ele>
        <time>2023-04-08T14:08:40.331Z</time>
      </trkpt>
      <trkpt lat="48.372205" lon="8.315929">
        <ele>727.796036</ele>
        <time>2023-04-08T14:08:43.556Z</time>
      </trkpt>
      <trkpt lat="48.372394" lon="8.315842">
        <ele>726.983376</ele>
        <time>2023-04-08T14:08:48.654Z</time>
      </trkpt>
      <trkpt lat="48.372494" lon="8.315752">
        <ele>726.504309</ele>
        <time>2023-04-08T14:08:51.660Z</time>
      </trkpt>
      <trkpt lat="48.372876" lon="8.315146">
        <ele>722.509946</ele>
        <time>2023-04-08T14:09:05.514Z</time>
      </trkpt>
      <trkpt lat="48.373116" lon="8.314697">
        <ele>719.141483</ele>
        <time>2023-04-08T14:09:15.028Z</time>
      </trkpt>
      <trkpt lat="48.373718" lon="8.313425">
        <ele>710.012929</ele>
        <time>2023-04-08T14:09:42.526Z</time>
      </trkpt>
      <trkpt lat="48.373943" lon="8.313035">
        <ele>710.077138</ele>
        <time>2023-04-08T14:09:53.763Z</time>
      </trkpt>
      <trkpt lat="48.374131" lon="8.312762">
        <ele>710.218216</ele>
        <time>2023-04-08T14:10:04.277Z</time>
      </trkpt>
      <trkpt lat="48.374233" lon="8.312659">
        <ele>710.284551</ele>
        <time>2023-04-08T14:10:09.457Z</time>
      </trkpt>
      <trkpt lat="48.374427" lon="8.312585">
        <ele>710.392641</ele>
        <time>2023-04-08T14:10:18.329Z</time>
      </trkpt>
      <trkpt lat="48.374751" lon="8.312608">
        <ele>710.567826</ele>
        <time>2023-04-08T14:10:31.786Z</time>
      </trkpt>
      <trkpt lat="48.375679" lon="8.313047">
        <ele>713.299559</ele>
        <time>2023-04-08T14:11:25.752Z</time>
      </trkpt>
      <trkpt lat="48.375873" lon="8.313189">
        <ele>714.569093</ele>
        <time>2023-04-08T14:11:41.642Z</time>
      </trkpt>
      <trkpt lat="48.376055" lon="8.313439">
        <ele>716.019064</ele>
        <time>2023-04-08T14:11:58.130Z</time>
      </trkpt>
      <trkpt lat="48.376231" lon="8.313774">
        <ele>717.688765</ele>
        <time>2023-04-08T14:12:15.653Z</time>
      </trkpt>
      <trkpt lat="48.376172" lon="8.313861">
        <ele>718.174808</ele>
        <time>2023-04-08T14:12:22.838Z</time>
      </trkpt>
      <trkpt lat="48.376141" lon="8.313969">
        <ele>718.634735</ele>
        <time>2023-04-08T14:12:28.796Z</time>
      </trkpt>
      <trkpt lat="48.376470" lon="8.315841">
        <ele>727.209712</ele>
        <time>2023-04-08T14:14:03.039Z</time>
      </trkpt>
      <trkpt lat="48.376641" lon="8.316377">
        <ele>730.02618</ele>
        <time>2023-04-08T14:14:36.300Z</time>
      </trkpt>
      <trkpt lat="48.376837" lon="8.316712">
        <ele>732.140713</ele>
        <time>2023-04-08T14:14:57.267Z</time>
      </trkpt>
      <trkpt lat="48.377154" lon="8.317047">
        <ele>734.762512</ele>
        <time>2023-04-08T14:15:22.545Z</time>
      </trkpt>
      <trkpt lat="48.377526" lon="8.317285">
        <ele>736.994703</ele>
        <time>2023-04-08T14:15:46.361Z</time>
      </trkpt>
      <trkpt lat="48.378203" lon="8.317495">
        <ele>740.811993</ele>
        <time>2023-04-08T14:16:27.734Z</time>
      </trkpt>
      <trkpt lat="48.379132" lon="8.317651">
        <ele>747.06741</ele>
        <time>2023-04-08T14:17:31.785Z</time>
      </trkpt>
      <trkpt lat="48.379671" lon="8.317980">
        <ele>752.275038</ele>
        <time>2023-04-08T14:18:19.240Z</time>
      </trkpt>
      <trkpt lat="48.380590" lon="8.319001">
        <ele>762.569301</ele>
        <time>2023-04-08T14:20:01.102Z</time>
      </trkpt>
      <trkpt lat="48.381801" lon="8.320506">
        <ele>777.023035</ele>
        <time>2023-04-08T14:22:12.379Z</time>
      </trkpt>
      <trkpt lat="48.382108" lon="8.321013">
        <ele>779.912547</ele>
        <time>2023-04-08T14:22:46.736Z</time>
      </trkpt>
      <trkpt lat="48.382816" lon="8.322910">
        <ele>788.796846</ele>
        <time>2023-04-08T14:24:22.306Z</time>
      </trkpt>
      <trkpt lat="48.383380" lon="8.324078">
        <ele>792.592772</ele>
        <time>2023-04-08T14:25:14.828Z</time>
      </trkpt>
      <trkpt lat="48.383916" lon="8.324926">
        <ele>795.596049</ele>
        <time>2023-04-08T14:25:57.700Z</time>
      </trkpt>
      <trkpt lat="48.384091" lon="8.325065">
        <ele>796.115392</ele>
        <time>2023-04-08T14:26:08.869Z</time>
      </trkpt>
      <trkpt lat="48.384960" lon="8.325338">
        <ele>798.445508</ele>
        <time>2023-04-08T14:26:58.622Z</time>
      </trkpt>
      <trkpt lat="48.385162" lon="8.325517">
        <ele>799.060733</ele>
        <time>2023-04-08T14:27:10.667Z</time>
      </trkpt>
      <trkpt lat="48.385478" lon="8.326044">
        <ele>800.049978</ele>
        <time>2023-04-08T14:27:31.050Z</time>
      </trkpt>
      <trkpt lat="48.385813" lon="8.326887">
        <ele>798.404975</ele>
        <time>2023-04-08T14:27:52.421Z</time>
      </trkpt>
      <trkpt lat="48.385929" lon="8.327161">
        <ele>797.860873</ele>
        <time>2023-04-08T14:27:58.965Z</time>
      </trkpt>
      <trkpt lat="48.386095" lon="8.327342">
        <ele>797.344114</ele>
        <time>2023-04-08T14:28:05.144Z</time>
      </trkpt>
      <trkpt lat="48.386387" lon="8.327553">
        <ele>796.527485</ele>
        <time>2023-04-08T14:28:14.795Z</time>
      </trkpt>
      <trkpt lat="48.386884" lon="8.327849">
        <ele>795.306238</ele>
        <time>2023-04-08T14:28:30.783Z</time>
      </trkpt>
      <trkpt lat="48.387047" lon="8.328007">
        <ele>794.952654</ele>
        <time>2023-04-08T14:28:36.631Z</time>
      </trkpt>
      <trkpt lat="48.387168" lon="8.328251">
        <ele>794.583786</ele>
        <time>2023-04-08T14:28:42.790Z</time>
      </trkpt>
      <trkpt lat="48.387273" lon="8.328623">
        <ele>794.094173</ele>
        <time>2023-04-08T14:28:51.065Z</time>
      </trkpt>
      <trkpt lat="48.387284" lon="8.328745">
        <ele>793.945039</ele>
        <time>2023-04-08T14:28:53.636Z</time>
      </trkpt>
      <trkpt lat="48.387270" lon="8.328978">
        <ele>793.661655</ele>
        <time>2023-04-08T14:28:58.627Z</time>
      </trkpt>
      <trkpt lat="48.387200" lon="8.329197">
        <ele>793.367254</ele>
        <time>2023-04-08T14:29:04.054Z</time>
      </trkpt>
      <trkpt lat="48.386911" lon="8.329622">
        <ele>792.630444</ele>
        <time>2023-04-08T14:29:18.676Z</time>
      </trkpt>
      <trkpt lat="48.386280" lon="8.330714">
        <ele>793.066808</ele>
        <time>2023-04-08T14:30:03.363Z</time>
      </trkpt>
      <trkpt lat="48.386049" lon="8.331557">
        <ele>793.597774</ele>
        <time>2023-04-08T14:30:29.487Z</time>
      </trkpt>
      <trkpt lat="48.385450" lon="8.332356">
        <ele>793.579856</ele>
        <time>2023-04-08T14:30:58.545Z</time>
      </trkpt>
      <trkpt lat="48.384665" lon="8.333798">
        <ele>792.534122</ele>
        <time>2023-04-08T14:31:40.421Z</time>
      </trkpt>
      <trkpt lat="48.384466" lon="8.334028">
        <ele>792.440535</ele>
        <time>2023-04-08T14:31:49.193Z</time>
      </trkpt>
      <trkpt lat="48.384242" lon="8.334219">
        <ele>792.503696</ele>
        <time>2023-04-08T14:31:58.218Z</time>
      </trkpt>
      <trkpt lat="48.383960" lon="8.334393">
        <ele>792.578472</ele>
        <time>2023-04-08T14:32:09.237Z</time>
      </trkpt>
      <trkpt lat="48.384242" lon="8.334219">
        <ele>792.653248</ele>
        <time>2023-04-08T14:32:20.956Z</time>
      </trkpt>
      <trkpt lat="48.384466" lon="8.334028">
        <ele>792.71641</ele>
        <time>2023-04-08T14:32:31.483Z</time>
      </trkpt>
      <trkpt lat="48.384665" lon="8.333798">
        <ele>792.777963</ele>
        <time>2023-04-08T14:32:41.836Z</time>
      </trkpt>
      <trkpt lat="48.385450" lon="8.332356">
        <ele>793.338673</ele>
        <time>2023-04-08T14:33:35.840Z</time>
      </trkpt>
      <trkpt lat="48.386049" lon="8.331557">
        <ele>793.757639</ele>
        <time>2023-04-08T14:34:06.529Z</time>
      </trkpt>
      <trkpt lat="48.386280" lon="8.330714">
        <ele>792.548438</ele>
        <time>2023-04-08T14:34:27.185Z</time>
      </trkpt>
      <trkpt lat="48.386911" lon="8.329622">
        <ele>790.286552</ele>
        <time>2023-04-08T14:34:57.681Z</time>
      </trkpt>
      <trkpt lat="48.387200" lon="8.329197">
        <ele>788.920735</ele>
        <time>2023-04-08T14:35:09.739Z</time>
      </trkpt>
      <trkpt lat="48.387194" lon="8.329630">
        <ele>787.015035</ele>
        <time>2023-04-08T14:35:18.125Z</time>
      </trkpt>
      <trkpt lat="48.387188" lon="8.329967">
        <ele>785.531636</ele>
        <time>2023-04-08T14:35:24.492Z</time>
      </trkpt>
      <trkpt lat="48.387072" lon="8.330409">
        <ele>783.440382</ele>
        <time>2023-04-08T14:35:33.321Z</time>
      </trkpt>
      <trkpt lat="48.386977" lon="8.331022">
        <ele>780.670579</ele>
        <time>2023-04-08T14:35:44.754Z</time>
      </trkpt>
      <trkpt lat="48.386963" lon="8.332033">
        <ele>774.639769</ele>
        <time>2023-04-08T14:36:02.388Z</time>
      </trkpt>
      <trkpt lat="48.386926" lon="8.332430">
        <ele>770.919994</ele>
        <time>2023-04-08T14:36:09.109Z</time>
      </trkpt>
      <trkpt lat="48.386812" lon="8.332885">
        <ele>766.407668</ele>
        <time>2023-04-08T14:36:17.110Z</time>
      </trkpt>
      <trkpt lat="48.386390" lon="8.334158">
        <ele>753.205858</ele>
        <time>2023-04-08T14:36:39.612Z</time>
      </trkpt>
      <trkpt lat="48.386285" lon="8.334799">
        <ele>747.288114</ele>
        <time>2023-04-08T14:36:50.080Z</time>
      </trkpt>
      <trkpt lat="48.386250" lon="8.335366">
        <ele>742.206729</ele>
        <time>2023-04-08T14:36:59.175Z</time>
      </trkpt>
      <trkpt lat="48.386156" lon="8.336136">
        <ele>735.220566</ele>
        <time>2023-04-08T14:37:11.899Z</time>
      </trkpt>
      <trkpt lat="48.386140" lon="8.336188">
        <ele>734.709162</ele>
        <time>2023-04-08T14:37:12.856Z</time>
      </trkpt>
      <trkpt lat="48.386030" lon="8.336231">
        <ele>733.182126</ele>
        <time>2023-04-08T14:37:15.708Z</time>
      </trkpt>
      <trkpt lat="48.386101" lon="8.336511">
        <ele>730.507623</ele>
        <time>2023-04-08T14:37:20.720Z</time>
      </trkpt>
      <trkpt lat="48.386115" lon="8.336683">
        <ele>728.961306</ele>
        <time>2023-04-08T14:37:23.693Z</time>
      </trkpt>
      <trkpt lat="48.385564" lon="8.337298">
        <ele>725.814907</ele>
        <time>2023-04-08T14:37:42.282Z</time>
      </trkpt>
      <trkpt lat="48.384786" lon="8.338327">
        <ele>721.717181</ele>
        <time>2023-04-08T14:38:17.415Z</time>
      </trkpt>
      <trkpt lat="48.384144" lon="8.339330">
        <ele>720.087033</ele>
        <time>2023-04-08T14:38:48.730Z</time>
      </trkpt>
      <trkpt lat="48.383575" lon="8.340309">
        <ele>718.855056</ele>
        <time>2023-04-08T14:39:16.352Z</time>
      </trkpt>
      <trkpt lat="48.382756" lon="8.341921">
        <ele>721.271958</ele>
        <time>2023-04-08T14:40:08.748Z</time>
      </trkpt>
      <trkpt lat="48.382615" lon="8.342271">
        <ele>721.854727</ele>
        <time>2023-04-08T14:40:25.489Z</time>
      </trkpt>
      <trkpt lat="48.382565" lon="8.342652">
        <ele>722.407617</ele>
        <time>2023-04-08T14:40:42.972Z</time>
      </trkpt>
      <trkpt lat="48.382562" lon="8.343247">
        <ele>725.109811</ele>
        <time>2023-04-08T14:41:12.162Z</time>
      </trkpt>
      <trkpt lat="48.382751" lon="8.344382">
        <ele>730.99195</ele>
        <time>2023-04-08T14:42:14.133Z</time>
      </trkpt>
      <trkpt lat="48.382686" lon="8.344752">
        <ele>732.915869</ele>
        <time>2023-04-08T14:42:34.824Z</time>
      </trkpt>
      <trkpt lat="48.382533" lon="8.345071">
        <ele>734.893885</ele>
        <time>2023-04-08T14:42:55.703Z</time>
      </trkpt>
      <trkpt lat="48.382175" lon="8.345283">
        <ele>736.996356</ele>
        <time>2023-04-08T14:43:23.723Z</time>
      </trkpt>
      <trkpt lat="48.381488" lon="8.345270">
        <ele>739.676823</ele>
        <time>2023-04-08T14:44:04.281Z</time>
      </trkpt>
      <trkpt lat="48.380725" lon="8.345189">
        <ele>742.660975</ele>
        <time>2023-04-08T14:44:39.705Z</time>
      </trkpt>
      <trkpt lat="48.380383" lon="8.345240">
        <ele>743.995937</ele>
        <time>2023-04-08T14:44:56.023Z</time>
      </trkpt>
      <trkpt lat="48.380088" lon="8.345358">
        <ele>745.178578</ele>
        <time>2023-04-08T14:45:11.751Z</time>
      </trkpt>
      <trkpt lat="48.379649" lon="8.345835">
        <ele>747.276188</ele>
        <time>2023-04-08T14:45:42.529Z</time>
      </trkpt>
      <trkpt lat="48.378851" lon="8.348581">
        <ele>755.057937</ele>
        <time>2023-04-08T14:47:45.721Z</time>
      </trkpt>
      <trkpt lat="48.378452" lon="8.350212">
        <ele>757.935487</ele>
        <time>2023-04-08T14:48:39.156Z</time>
      </trkpt>
      <trkpt lat="48.378290" lon="8.350782">
        <ele>758.438092</ele>
        <time>2023-04-08T14:48:55.245Z</time>
      </trkpt>
      <trkpt lat="48.378238" lon="8.351130">
        <ele>758.727255</ele>
        <time>2023-04-08T14:49:04.112Z</time>
      </trkpt>
      <trkpt lat="48.378464" lon="8.351081">
        <ele>759.005934</ele>
        <time>2023-04-08T14:49:12.958Z</time>
      </trkpt>
      <trkpt lat="48.378680" lon="8.350898">
        <ele>759.308437</ele>
        <time>2023-04-08T14:49:22.987Z</time>
      </trkpt>
      <trkpt lat="48.379972" lon="8.350122">
        <ele>762.310903</ele>
        <time>2023-04-08T14:50:30.686Z</time>
      </trkpt>
      <trkpt lat="48.380167" lon="8.349970">
        <ele>762.794397</ele>
        <time>2023-04-08T14:50:41.815Z</time>
      </trkpt>
      <trkpt lat="48.380311" lon="8.349799">
        <ele>763.198218</ele>
        <time>2023-04-08T14:50:51.286Z</time>
      </trkpt>
      <trkpt lat="48.380691" lon="8.349490">
        <ele>763.943309</ele>
        <time>2023-04-08T14:51:12.730Z</time>
      </trkpt>
      <trkpt lat="48.380886" lon="8.349420">
        <ele>764.271878</ele>
        <time>2023-04-08T14:51:22.519Z</time>
      </trkpt>
      <trkpt lat="48.381087" lon="8.349392">
        <ele>764.602729</ele>
        <time>2023-04-08T14:51:32.456Z</time>
      </trkpt>
      <trkpt lat="48.382318" lon="8.349475">
        <ele>766.475485</ele>
        <time>2023-04-08T14:52:24.711Z</time>
      </trkpt>
      <trkpt lat="48.382480" lon="8.349566">
        <ele>766.632916</ele>
        <time>2023-04-08T14:52:31.097Z</time>
      </trkpt>
      <trkpt lat="48.382520" lon="8.349641">
        <ele>766.691083</ele>
        <time>2023-04-08T14:52:33.403Z</time>
      </trkpt>
      <trkpt lat="48.383165" lon="8.351463">
        <ele>767.942663</ele>
        <time>2023-04-08T14:53:30.039Z</time>
      </trkpt>
      <trkpt lat="48.383323" lon="8.352112">
        <ele>768.487888</ele>
        <time>2023-04-08T14:53:51.404Z</time>
      </trkpt>
      <trkpt lat="48.383392" lon="8.352643">
        <ele>768.914669</ele>
        <time>2023-04-08T14:54:07.797Z</time>
      </trkpt>
      <trkpt lat="48.383502" lon="8.353584">
        <ele>769.668314</ele>
        <time>2023-04-08T14:54:34.946Z</time>
      </trkpt>
      <trkpt lat="48.383490" lon="8.354046">
        <ele>770.033006</ele>
        <time>2023-04-08T14:54:47.569Z</time>
      </trkpt>
      <trkpt lat="48.383312" lon="8.354665">
        <ele>770.462853</ele>
        <time>2023-04-08T14:55:04.887Z</time>
      </trkpt>
      <trkpt lat="48.383032" lon="8.355424">
        <ele>771.00752</ele>
        <time>2023-04-08T14:55:28.174Z</time>
      </trkpt>
      <trkpt lat="48.382766" lon="8.356416">
        <ele>771.678643</ele>
        <time>2023-04-08T14:55:57.815Z</time>
      </trkpt>
      <trkpt lat="48.382758" lon="8.356634">
        <ele>771.939495</ele>
        <time>2023-04-08T14:56:04.324Z</time>
      </trkpt>
      <trkpt lat="48.382784" lon="8.356774">
        <ele>772.252417</ele>
        <time>2023-04-08T14:56:08.584Z</time>
      </trkpt>
      <trkpt lat="48.382936" lon="8.357047">
        <ele>773.019255</ele>
        <time>2023-04-08T14:56:19.812Z</time>
      </trkpt>
      <trkpt lat="48.383363" lon="8.356943">
        <ele>774.421198</ele>
        <time>2023-04-08T14:56:42.248Z</time>
      </trkpt>
      <trkpt lat="48.383905" lon="8.356607">
        <ele>776.320942</ele>
        <time>2023-04-08T14:57:16.115Z</time>
      </trkpt>
      <trkpt lat="48.384822" lon="8.355730">
        <ele>779.698262</ele>
        <time>2023-04-08T14:58:19.810Z</time>
      </trkpt>
      <trkpt lat="48.385472" lon="8.354553">
        <ele>782.782686</ele>
        <time>2023-04-08T14:59:09.823Z</time>
      </trkpt>
      <trkpt lat="48.386032" lon="8.353727">
        <ele>783.649906</ele>
        <time>2023-04-08T14:59:45.125Z</time>
      </trkpt>
      <trkpt lat="48.388143" lon="8.351499">
        <ele>784.532715</ele>
        <time>2023-04-08T15:01:23.842Z</time>
      </trkpt>
      <trkpt lat="48.388770" lon="8.351339">
        <ele>784.277409</ele>
        <time>2023-04-08T15:01:45.658Z</time>
      </trkpt>
      <trkpt lat="48.389683" lon="8.351462">
        <ele>783.570289</ele>
        <time>2023-04-08T15:02:17.125Z</time>
      </trkpt>
      <trkpt lat="48.390264" lon="8.351924">
        <ele>783.25356</ele>
        <time>2023-04-08T15:02:40.352Z</time>
      </trkpt>
      <trkpt lat="48.390602" lon="8.352376">
        <ele>783.893407</ele>
        <time>2023-04-08T15:02:57.412Z</time>
      </trkpt>
      <trkpt lat="48.390969" lon="8.353152">
        <ele>784.788888</ele>
        <time>2023-04-08T15:03:25.238Z</time>
      </trkpt>
      <trkpt lat="48.391332" lon="8.354047">
        <ele>785.938453</ele>
        <time>2023-04-08T15:04:00.282Z</time>
      </trkpt>
      <trkpt lat="48.391632" lon="8.354429">
        <ele>787.422371</ele>
        <time>2023-04-08T15:04:21.543Z</time>
      </trkpt>
      <trkpt lat="48.391934" lon="8.354564">
        <ele>788.612263</ele>
        <time>2023-04-08T15:04:39.156Z</time>
      </trkpt>
      <trkpt lat="48.392238" lon="8.354411">
        <ele>789.822943</ele>
        <time>2023-04-08T15:04:57.553Z</time>
      </trkpt>
      <trkpt lat="48.392736" lon="8.353566">
        <ele>792.662597</ele>
        <time>2023-04-08T15:05:41.974Z</time>
      </trkpt>
      <trkpt lat="48.393557" lon="8.349697">
        <ele>801.339333</ele>
        <time>2023-04-08T15:08:13.244Z</time>
      </trkpt>
      <trkpt lat="48.394684" lon="8.348362">
        <ele>802.741847</ele>
        <time>2023-04-08T15:09:06.327Z</time>
      </trkpt>
      <trkpt lat="48.395110" lon="8.348228">
        <ele>802.54309</ele>
        <time>2023-04-08T15:09:21.056Z</time>
      </trkpt>
      <trkpt lat="48.395555" lon="8.348204">
        <ele>802.339723</ele>
        <time>2023-04-08T15:09:36.858Z</time>
      </trkpt>
      <trkpt lat="48.395878" lon="8.348338">
        <ele>802.186711</ele>
        <time>2023-04-08T15:09:48.931Z</time>
      </trkpt>
      <trkpt lat="48.396147" lon="8.348507">
        <ele>802.417301</ele>
        <time>2023-04-08T15:09:59.571Z</time>
      </trkpt>
      <trkpt lat="48.396380" lon="8.348748">
        <ele>802.641093</ele>
        <time>2023-04-08T15:10:09.988Z</time>
      </trkpt>
      <trkpt lat="48.396727" lon="8.349405">
        <ele>803.082419</ele>
        <time>2023-04-08T15:10:33.164Z</time>
      </trkpt>
      <trkpt lat="48.396971" lon="8.350127">
        <ele>803.508306</ele>
        <time>2023-04-08T15:10:57.246Z</time>
      </trkpt>
      <trkpt lat="48.397593" lon="8.352369">
        <ele>806.305041</ele>
        <time>2023-04-08T15:12:11.758Z</time>
      </trkpt>
      <trkpt lat="48.397673" lon="8.352552">
        <ele>806.569169</ele>
        <time>2023-04-08T15:12:18.515Z</time>
      </trkpt>
      <trkpt lat="48.397830" lon="8.352817">
        <ele>807.016936</ele>
        <time>2023-04-08T15:12:29.375Z</time>
      </trkpt>
      <trkpt lat="48.397990" lon="8.352984">
        <ele>807.427716</ele>
        <time>2023-04-08T15:12:38.406Z</time>
      </trkpt>
      <trkpt lat="48.398225" lon="8.353123">
        <ele>807.960482</ele>
        <time>2023-04-08T15:12:49.770Z</time>
      </trkpt>
      <trkpt lat="48.398360" lon="8.353134">
        <ele>808.245775</ele>
        <time>2023-04-08T15:12:56.161Z</time>
      </trkpt>
      <trkpt lat="48.399064" lon="8.352887">
        <ele>809.771125</ele>
        <time>2023-04-08T15:13:30.869Z</time>
      </trkpt>
      <trkpt lat="48.399671" lon="8.352839">
        <ele>811.072331</ele>
        <time>2023-04-08T15:14:01.603Z</time>
      </trkpt>
      <trkpt lat="48.399917" lon="8.352694">
        <ele>811.656852</ele>
        <time>2023-04-08T15:14:14.365Z</time>
      </trkpt>
      <trkpt lat="48.400189" lon="8.352415">
        <ele>812.385015</ele>
        <time>2023-04-08T15:14:29.508Z</time>
      </trkpt>
      <trkpt lat="48.400460" lon="8.351868">
        <ele>813.387664</ele>
        <time>2023-04-08T15:14:50.229Z</time>
      </trkpt>
      <trkpt lat="48.400586" lon="8.351465">
        <ele>814.042055</ele>
        <time>2023-04-08T15:15:04.551Z</time>
      </trkpt>
      <trkpt lat="48.400695" lon="8.350964">
        <ele>814.778951</ele>
        <time>2023-04-08T15:15:22.135Z</time>
      </trkpt>
      <trkpt lat="48.400844" lon="8.350212">
        <ele>815.668846</ele>
        <time>2023-04-08T15:15:48.210Z</time>
      </trkpt>
      <trkpt lat="48.400937" lon="8.349772">
        <ele>816.192457</ele>
        <time>2023-04-08T15:16:02.761Z</time>
      </trkpt>
      <trkpt lat="48.401042" lon="8.349499">
        <ele>816.550218</ele>
        <time>2023-04-08T15:16:12.321Z</time>
      </trkpt>
      <trkpt lat="48.401275" lon="8.349314">
        <ele>817.000082</ele>
        <time>2023-04-08T15:16:23.403Z</time>
      </trkpt>
      <trkpt lat="48.401514" lon="8.349180">
        <ele>817.43565</ele>
        <time>2023-04-08T15:16:33.916Z</time>
      </trkpt>
      <trkpt lat="48.401778" lon="8.349111">
        <ele>817.776991</ele>
        <time>2023-04-08T15:16:45.092Z</time>
      </trkpt>
      <trkpt lat="48.402107" lon="8.349127">
        <ele>817.953619</ele>
        <time>2023-04-08T15:16:58.616Z</time>
      </trkpt>
      <trkpt lat="48.403031" lon="8.349293">
        <ele>818.452935</ele>
        <time>2023-04-08T15:17:34.711Z</time>
      </trkpt>
      <trkpt lat="48.403422" lon="8.349417">
        <ele>818.667338</ele>
        <time>2023-04-08T15:17:49.880Z</time>
      </trkpt>
      <trkpt lat="48.403598" lon="8.349575">
        <ele>818.920313</ele>
        <time>2023-04-08T15:17:58.006Z</time>
      </trkpt>
      <trkpt lat="48.403740" lon="8.349829">
        <ele>819.229917</ele>
        <time>2023-04-08T15:18:06.851Z</time>
      </trkpt>
      <trkpt lat="48.404182" lon="8.350739">
        <ele>820.281195</ele>
        <time>2023-04-08T15:18:39.557Z</time>
      </trkpt>
      <trkpt lat="48.404285" lon="8.351076">
        <ele>820.627097</ele>
        <time>2023-04-08T15:18:50.754Z</time>
      </trkpt>
      <trkpt lat="48.404328" lon="8.351499">
        <ele>821.026077</ele>
        <time>2023-04-08T15:19:04.245Z</time>
      </trkpt>
      <trkpt lat="48.404392" lon="8.351841">
        <ele>821.471517</ele>
        <time>2023-04-08T15:19:15.586Z</time>
      </trkpt>
      <trkpt lat="48.404664" lon="8.352474">
        <ele>822.737735</ele>
        <time>2023-04-08T15:19:40.888Z</time>
      </trkpt>
      <trkpt lat="48.404815" lon="8.352875">
        <ele>823.511904</ele>
        <time>2023-04-08T15:19:56.354Z</time>
      </trkpt>
      <trkpt lat="48.404905" lon="8.352988">
        <ele>823.808275</ele>
        <time>2023-04-08T15:20:02.271Z</time>
      </trkpt>
      <trkpt lat="48.405034" lon="8.353098">
        <ele>824.183239</ele>
        <time>2023-04-08T15:20:09.820Z</time>
      </trkpt>
      <trkpt lat="48.405155" lon="8.353116">
        <ele>824.4908</ele>
        <time>2023-04-08T15:20:16.099Z</time>
      </trkpt>
      <trkpt lat="48.405269" lon="8.353089">
        <ele>824.782709</ele>
        <time>2023-04-08T15:20:21.864Z</time>
      </trkpt>
      <trkpt lat="48.405372" lon="8.352973">
        <ele>825.108017</ele>
        <time>2023-04-08T15:20:28.359Z</time>
      </trkpt>
      <trkpt lat="48.405902" lon="8.351889">
        <ele>826.855717</ele>
        <time>2023-04-08T15:21:12.063Z</time>
      </trkpt>
      <trkpt lat="48.406090" lon="8.351404">
        <ele>827.49721</ele>
        <time>2023-04-08T15:21:29.913Z</time>
      </trkpt>
      <trkpt lat="48.406249" lon="8.350730">
        <ele>828.314215</ele>
        <time>2023-04-08T15:21:50.724Z</time>
      </trkpt>
      <trkpt lat="48.406386" lon="8.350350">
        <ele>828.808127</ele>
        <time>2023-04-08T15:22:02.551Z</time>
      </trkpt>
      <trkpt lat="48.406669" lon="8.349931">
        <ele>828.856299</ele>
        <time>2023-04-08T15:22:18.103Z</time>
      </trkpt>
      <trkpt lat="48.406977" lon="8.349564">
        <ele>828.853093</ele>
        <time>2023-04-08T15:22:33.037Z</time>
      </trkpt>
      <trkpt lat="48.407219" lon="8.349459">
        <ele>828.851037</ele>
        <time>2023-04-08T15:22:42.444Z</time>
      </trkpt>
      <trkpt lat="48.407369" lon="8.349473">
        <ele>828.849809</ele>
        <time>2023-04-08T15:22:47.937Z</time>
      </trkpt>
      <trkpt lat="48.407794" lon="8.349685">
        <ele>828.846154</ele>
        <time>2023-04-08T15:23:04.006Z</time>
      </trkpt>
      <trkpt lat="48.407964" lon="8.349716">
        <ele>828.844756</ele>
        <time>2023-04-08T15:23:10.054Z</time>
      </trkpt>
      <trkpt lat="48.408282" lon="8.349711">
        <ele>828.682981</ele>
        <time>2023-04-08T15:23:21.214Z</time>
      </trkpt>
      <trkpt lat="48.408425" lon="8.349754">
        <ele>828.604472</ele>
        <time>2023-04-08T15:23:26.291Z</time>
      </trkpt>
      <trkpt lat="48.408549" lon="8.349843">
        <ele>828.530522</ele>
        <time>2023-04-08T15:23:31.129Z</time>
      </trkpt>
      <trkpt lat="48.408670" lon="8.349979">
        <ele>828.449243</ele>
        <time>2023-04-08T15:23:36.442Z</time>
      </trkpt>
      <trkpt lat="48.408765" lon="8.350134">
        <ele>828.373846</ele>
        <time>2023-04-08T15:23:41.356Z</time>
      </trkpt>
      <trkpt lat="48.408891" lon="8.350430">
        <ele>828.248177</ele>
        <time>2023-04-08T15:23:49.644Z</time>
      </trkpt>
      <trkpt lat="48.409473" lon="8.352506">
        <ele>828.114387</ele>
        <time>2023-04-08T15:24:43.578Z</time>
      </trkpt>
      <trkpt lat="48.409714" lon="8.353257">
        <ele>828.278175</ele>
        <time>2023-04-08T15:25:04.021Z</time>
      </trkpt>
      <trkpt lat="48.409862" lon="8.353640">
        <ele>828.365193</ele>
        <time>2023-04-08T15:25:15.992Z</time>
      </trkpt>
      <trkpt lat="48.410494" lon="8.353504">
        <ele>829.873815</ele>
        <time>2023-04-08T15:25:32.506Z</time>
      </trkpt>
      <trkpt lat="48.411126" lon="8.353368">
        <ele>831.772586</ele>
        <time>2023-04-08T15:25:49.025Z</time>
      </trkpt>
      <trkpt lat="48.411147" lon="8.353338">
        <ele>831.85866</ele>
        <time>2023-04-08T15:25:51.347Z</time>
      </trkpt>
      <trkpt lat="48.411733" lon="8.351986">
        <ele>834.528127</ele>
        <time>2023-04-08T15:26:51.346Z</time>
      </trkpt>
      <trkpt lat="48.411869" lon="8.351548">
        <ele>835.098794</ele>
        <time>2023-04-08T15:27:07.350Z</time>
      </trkpt>
      <trkpt lat="48.412039" lon="8.350863">
        <ele>835.961853</ele>
        <time>2023-04-08T15:27:31.197Z</time>
      </trkpt>
      <trkpt lat="48.412188" lon="8.350494">
        <ele>836.471575</ele>
        <time>2023-04-08T15:27:42.870Z</time>
      </trkpt>
      <trkpt lat="48.412311" lon="8.350312">
        <ele>836.7781</ele>
        <time>2023-04-08T15:27:49.103Z</time>
      </trkpt>
      <trkpt lat="48.412452" lon="8.350205">
        <ele>836.713546</ele>
        <time>2023-04-08T15:27:54.626Z</time>
      </trkpt>
      <trkpt lat="48.412592" lon="8.350180">
        <ele>836.124868</ele>
        <time>2023-04-08T15:27:59.298Z</time>
      </trkpt>
      <trkpt lat="48.412771" lon="8.350207">
        <ele>835.373696</ele>
        <time>2023-04-08T15:28:05.064Z</time>
      </trkpt>
      <trkpt lat="48.413082" lon="8.350497">
        <ele>833.846464</ele>
        <time>2023-04-08T15:28:16.198Z</time>
      </trkpt>
      <trkpt lat="48.413511" lon="8.351058">
        <ele>831.474446</ele>
        <time>2023-04-08T15:28:32.485Z</time>
      </trkpt>
      <trkpt lat="48.413622" lon="8.351280">
        <ele>830.70412</ele>
        <time>2023-04-08T15:28:37.621Z</time>
      </trkpt>
      <trkpt lat="48.413801" lon="8.351895">
        <ele>828.6073</ele>
        <time>2023-04-08T15:28:49.875Z</time>
      </trkpt>
      <trkpt lat="48.413914" lon="8.352634">
        <ele>825.683204</ele>
        <time>2023-04-08T15:29:03.679Z</time>
      </trkpt>
      <trkpt lat="48.414149" lon="8.353858">
        <ele>820.770205</ele>
        <time>2023-04-08T15:29:27.355Z</time>
      </trkpt>
      <trkpt lat="48.414261" lon="8.354332">
        <ele>818.983898</ele>
        <time>2023-04-08T15:29:37.009Z</time>
      </trkpt>
      <trkpt lat="48.414370" lon="8.354691">
        <ele>818.868002</ele>
        <time>2023-04-08T15:29:44.749Z</time>
      </trkpt>
      <trkpt lat="48.414487" lon="8.354963">
        <ele>818.772848</ele>
        <time>2023-04-08T15:29:51.151Z</time>
      </trkpt>
      <trkpt lat="48.414636" lon="8.355144">
        <ele>818.688191</ele>
        <time>2023-04-08T15:29:57.616Z</time>
      </trkpt>
      <trkpt lat="48.414779" lon="8.355266">
        <ele>818.615506</ele>
        <time>2023-04-08T15:30:03.032Z</time>
      </trkpt>
      <trkpt lat="48.415782" lon="8.355084">
        <ele>818.307485</ele>
        <time>2023-04-08T15:30:52.005Z</time>
      </trkpt>
      <trkpt lat="48.415912" lon="8.355038">
        <ele>818.50186</ele>
        <time>2023-04-08T15:30:58.892Z</time>
      </trkpt>
      <trkpt lat="48.416126" lon="8.354873">
        <ele>818.851774</ele>
        <time>2023-04-08T15:31:12.718Z</time>
      </trkpt>
      <trkpt lat="48.416819" lon="8.353762">
        <ele>820.324713</ele>
        <time>2023-04-08T15:32:00.114Z</time>
      </trkpt>
      <trkpt lat="48.416957" lon="8.353700">
        <ele>820.534324</ele>
        <time>2023-04-08T15:32:05.362Z</time>
      </trkpt>
      <trkpt lat="48.417243" lon="8.353787">
        <ele>820.582042</ele>
        <time>2023-04-08T15:32:16.083Z</time>
      </trkpt>
      <trkpt lat="48.417367" lon="8.353911">
        <ele>820.21501</ele>
        <time>2023-04-08T15:32:20.958Z</time>
      </trkpt>
      <trkpt lat="48.418013" lon="8.355750">
        <ele>816.809324</ele>
        <time>2023-04-08T15:33:02.775Z</time>
      </trkpt>
      <trkpt lat="48.418200" lon="8.356167">
        <ele>816.603114</ele>
        <time>2023-04-08T15:33:13.492Z</time>
      </trkpt>
      <trkpt lat="48.418347" lon="8.356317">
        <ele>816.845094</ele>
        <time>2023-04-08T15:33:19.695Z</time>
      </trkpt>
      <trkpt lat="48.418495" lon="8.356426">
        <ele>817.069621</ele>
        <time>2023-04-08T15:33:25.523Z</time>
      </trkpt>
      <trkpt lat="48.418701" lon="8.356451">
        <ele>817.351303</ele>
        <time>2023-04-08T15:33:33.980Z</time>
      </trkpt>
      <trkpt lat="48.418859" lon="8.356342">
        <ele>817.588151</ele>
        <time>2023-04-08T15:33:41.359Z</time>
      </trkpt>
      <trkpt lat="48.419016" lon="8.356125">
        <ele>817.878531</ele>
        <time>2023-04-08T15:33:51.874Z</time>
      </trkpt>
      <trkpt lat="48.419183" lon="8.355568">
        <ele>818.431406</ele>
        <time>2023-04-08T15:34:13.342Z</time>
      </trkpt>
      <trkpt lat="48.419399" lon="8.354120">
        <ele>820.432599</ele>
        <time>2023-04-08T15:35:11.812Z</time>
      </trkpt>
      <trkpt lat="48.419722" lon="8.350828">
        <ele>821.555669</ele>
        <time>2023-04-08T15:36:45.339Z</time>
      </trkpt>
      <trkpt lat="48.419918" lon="8.349754">
        <ele>820.332089</ele>
        <time>2023-04-08T15:37:07.008Z</time>
      </trkpt>
      <trkpt lat="48.419987" lon="8.349516">
        <ele>819.022349</ele>
        <time>2023-04-08T15:37:11.796Z</time>
      </trkpt>
      <trkpt lat="48.420064" lon="8.349362">
        <ele>818.050002</ele>
        <time>2023-04-08T15:37:15.418Z</time>
      </trkpt>
      <trkpt lat="48.420170" lon="8.349245">
        <ele>817.051564</ele>
        <time>2023-04-08T15:37:19.075Z</time>
      </trkpt>
      <trkpt lat="48.420273" lon="8.349184">
        <ele>816.210624</ele>
        <time>2023-04-08T15:37:22.125Z</time>
      </trkpt>
      <trkpt lat="48.420386" lon="8.349160">
        <ele>815.343494</ele>
        <time>2023-04-08T15:37:25.274Z</time>
      </trkpt>
      <trkpt lat="48.420586" lon="8.349177">
        <ele>813.821356</ele>
        <time>2023-04-08T15:37:30.574Z</time>
      </trkpt>
      <trkpt lat="48.420904" lon="8.349325">
        <ele>811.292363</ele>
        <time>2023-04-08T15:37:39.314Z</time>
      </trkpt>
      <trkpt lat="48.421116" lon="8.349376">
        <ele>809.661057</ele>
        <time>2023-04-08T15:37:44.922Z</time>
      </trkpt>
      <trkpt lat="48.421308" lon="8.349379">
        <ele>808.202046</ele>
        <time>2023-04-08T15:37:49.893Z</time>
      </trkpt>
      <trkpt lat="48.421551" lon="8.349297">
        <ele>806.380084</ele>
        <time>2023-04-08T15:37:56.384Z</time>
      </trkpt>
      <trkpt lat="48.421745" lon="8.349270">
        <ele>805.058361</ele>
        <time>2023-04-08T15:38:01.485Z</time>
      </trkpt>
      <trkpt lat="48.421825" lon="8.349306">
        <ele>804.491945</ele>
        <time>2023-04-08T15:38:03.678Z</time>
      </trkpt>
      <trkpt lat="48.421906" lon="8.349422">
        <ele>803.733842</ele>
        <time>2023-04-08T15:38:06.623Z</time>
      </trkpt>
      <trkpt lat="48.421970" lon="8.349601">
        <ele>802.818426</ele>
        <time>2023-04-08T15:38:10.232Z</time>
      </trkpt>
      <trkpt lat="48.422064" lon="8.350183">
        <ele>800.121654</ele>
        <time>2023-04-08T15:38:21.055Z</time>
      </trkpt>
      <trkpt lat="48.422233" lon="8.350982">
        <ele>796.346104</ele>
        <time>2023-04-08T15:38:36.664Z</time>
      </trkpt>
      <trkpt lat="48.422377" lon="8.351512">
        <ele>794.840637</ele>
        <time>2023-04-08T15:38:47.429Z</time>
      </trkpt>
      <trkpt lat="48.422488" lon="8.351831">
        <ele>794.967363</ele>
        <time>2023-04-08T15:38:54.573Z</time>
      </trkpt>
      <trkpt lat="48.423164" lon="8.353290">
        <ele>795.593412</ele>
        <time>2023-04-08T15:39:44.632Z</time>
      </trkpt>
      <trkpt lat="48.423363" lon="8.353610">
        <ele>796.177143</ele>
        <time>2023-04-08T15:40:03.207Z</time>
      </trkpt>
      <trkpt lat="48.423454" lon="8.353680">
        <ele>796.975252</ele>
        <time>2023-04-08T15:40:10.044Z</time>
      </trkpt>
      <trkpt lat="48.423559" lon="8.353711">
        <ele>797.811055</ele>
        <time>2023-04-08T15:40:17.525Z</time>
      </trkpt>
      <trkpt lat="48.423769" lon="8.353601">
        <ele>799.547753</ele>
        <time>2023-04-08T15:40:33.825Z</time>
      </trkpt>
      <trkpt lat="48.423897" lon="8.353427">
        <ele>800.89435</ele>
        <time>2023-04-08T15:40:47.230Z</time>
      </trkpt>
      <trkpt lat="48.423999" lon="8.353208">
        <ele>802.28131</ele>
        <time>2023-04-08T15:41:01.472Z</time>
      </trkpt>
      <trkpt lat="48.424609" lon="8.351356">
        <ele>811.539027</ele>
        <time>2023-04-08T15:42:56.845Z</time>
      </trkpt>
      <trkpt lat="48.424787" lon="8.350895">
        <ele>813.054989</ele>
        <time>2023-04-08T15:43:20.679Z</time>
      </trkpt>
      <trkpt lat="48.425204" lon="8.350126">
        <ele>815.877648</ele>
        <time>2023-04-08T15:43:54.187Z</time>
      </trkpt>
      <trkpt lat="48.425351" lon="8.349935">
        <ele>816.708992</ele>
        <time>2023-04-08T15:44:01.881Z</time>
      </trkpt>
      <trkpt lat="48.425584" lon="8.349827">
        <ele>817.416863</ele>
        <time>2023-04-08T15:44:11.242Z</time>
      </trkpt>
      <trkpt lat="48.425763" lon="8.349826">
        <ele>817.271758</ele>
        <time>2023-04-08T15:44:17.394Z</time>
      </trkpt>
      <trkpt lat="48.425964" lon="8.349904">
        <ele>817.103504</ele>
        <time>2023-04-08T15:44:24.532Z</time>
      </trkpt>
      <trkpt lat="48.426060" lon="8.349977">
        <ele>817.016336</ele>
        <time>2023-04-08T15:44:28.129Z</time>
      </trkpt>
      <trkpt lat="48.426253" lon="8.350236">
        <ele>816.806841</ele>
        <time>2023-04-08T15:44:36.778Z</time>
      </trkpt>
      <trkpt lat="48.426418" lon="8.350607">
        <ele>816.566593</ele>
        <time>2023-04-08T15:44:46.640Z</time>
      </trkpt>
      <trkpt lat="48.426496" lon="8.350868">
        <ele>816.412614</ele>
        <time>2023-04-08T15:44:52.821Z</time>
      </trkpt>
      <trkpt lat="48.426546" lon="8.351113">
        <ele>816.274731</ele>
        <time>2023-04-08T15:44:58.468Z</time>
      </trkpt>
      <trkpt lat="48.426564" lon="8.351436">
        <ele>816.10037</ele>
        <time>2023-04-08T15:45:05.573Z</time>
      </trkpt>
      <trkpt lat="48.426782" lon="8.353178">
        <ele>818.37369</ele>
        <time>2023-04-08T15:45:53.099Z</time>
      </trkpt>
      <trkpt lat="48.427061" lon="8.354159">
        <ele>819.940027</ele>
        <time>2023-04-08T15:46:35.037Z</time>
      </trkpt>
      <trkpt lat="48.427179" lon="8.354462">
        <ele>821.302746</ele>
        <time>2023-04-08T15:46:50.608Z</time>
      </trkpt>
      <trkpt lat="48.427290" lon="8.354643">
        <ele>822.322779</ele>
        <time>2023-04-08T15:47:01.430Z</time>
      </trkpt>
      <trkpt lat="48.427403" lon="8.354735">
        <ele>823.123846</ele>
        <time>2023-04-08T15:47:10.508Z</time>
      </trkpt>
      <trkpt lat="48.427509" lon="8.354775">
        <ele>823.805387</ele>
        <time>2023-04-08T15:47:18.012Z</time>
      </trkpt>
      <trkpt lat="48.427643" lon="8.354760">
        <ele>824.643456</ele>
        <time>2023-04-08T15:47:27.236Z</time>
      </trkpt>
      <trkpt lat="48.427969" lon="8.354589">
        <ele>826.796386</ele>
        <time>2023-04-08T15:47:51.741Z</time>
      </trkpt>
      <trkpt lat="48.428160" lon="8.354356">
        <ele>828.329045</ele>
        <time>2023-04-08T15:48:09.412Z</time>
      </trkpt>
      <trkpt lat="48.428337" lon="8.354041">
        <ele>830.037348</ele>
        <time>2023-04-08T15:48:28.971Z</time>
      </trkpt>
      <trkpt lat="48.428526" lon="8.353535">
        <ele>832.089303</ele>
        <time>2023-04-08T15:48:56.215Z</time>
      </trkpt>
      <trkpt lat="48.428683" lon="8.352972">
        <ele>833.896316</ele>
        <time>2023-04-08T15:49:23.350Z</time>
      </trkpt>
      <trkpt lat="48.428809" lon="8.352666">
        <ele>834.961912</ele>
        <time>2023-04-08T15:49:38.288Z</time>
      </trkpt>
      <trkpt lat="48.429019" lon="8.352260">
        <ele>836.485094</ele>
        <time>2023-04-08T15:49:58.125Z</time>
      </trkpt>
      <trkpt lat="48.429277" lon="8.351934">
        <ele>837.986448</ele>
        <time>2023-04-08T15:50:15.660Z</time>
      </trkpt>
      <trkpt lat="48.429525" lon="8.351688">
        <ele>839.263818</ele>
        <time>2023-04-08T15:50:30.154Z</time>
      </trkpt>
      <trkpt lat="48.429760" lon="8.351510">
        <ele>839.765347</ele>
        <time>2023-04-08T15:50:42.413Z</time>
      </trkpt>
      <trkpt lat="48.429943" lon="8.351463">
        <ele>840.119335</ele>
        <time>2023-04-08T15:50:50.781Z</time>
      </trkpt>
      <trkpt lat="48.430191" lon="8.351493">
        <ele>840.59376</ele>
        <time>2023-04-08T15:51:01.941Z</time>
      </trkpt>
      <trkpt lat="48.430460" lon="8.351551">
        <ele>841.111931</ele>
        <time>2023-04-08T15:51:14.040Z</time>
      </trkpt>
      <trkpt lat="48.430698" lon="8.351661">
        <ele>841.586628</ele>
        <time>2023-04-08T15:51:25.362Z</time>
      </trkpt>
      <trkpt lat="48.431006" lon="8.352114">
        <ele>842.40727</ele>
        <time>2023-04-08T15:51:45.205Z</time>
      </trkpt>
      <trkpt lat="48.431211" lon="8.352630">
        <ele>843.343079</ele>
        <time>2023-04-08T15:52:04.261Z</time>
      </trkpt>
      <trkpt lat="48.431434" lon="8.353069">
        <ele>844.282723</ele>
        <time>2023-04-08T15:52:22.414Z</time>
      </trkpt>
      <trkpt lat="48.431642" lon="8.353377">
        <ele>845.029621</ele>
        <time>2023-04-08T15:52:37.320Z</time>
      </trkpt>
      <trkpt lat="48.431861" lon="8.353551">
        <ele>845.663746</ele>
        <time>2023-04-08T15:52:50.224Z</time>
      </trkpt>
      <trkpt lat="48.432390" lon="8.353826">
        <ele>847.097074</ele>
        <time>2023-04-08T15:53:18.873Z</time>
      </trkpt>
      <trkpt lat="48.432536" lon="8.353953">
        <ele>847.429772</ele>
        <time>2023-04-08T15:53:25.227Z</time>
      </trkpt>
      <trkpt lat="48.432760" lon="8.354299">
        <ele>847.941781</ele>
        <time>2023-04-08T15:53:37.083Z</time>
      </trkpt>
      <trkpt lat="48.432996" lon="8.354704">
        <ele>848.512677</ele>
        <time>2023-04-08T15:53:54.119Z</time>
      </trkpt>
      <trkpt lat="48.433129" lon="8.355018">
        <ele>848.907236</ele>
        <time>2023-04-08T15:54:05.471Z</time>
      </trkpt>
      <trkpt lat="48.433169" lon="8.355113">
        <ele>849.026404</ele>
        <time>2023-04-08T15:54:08.868Z</time>
      </trkpt>
      <trkpt lat="48.433437" lon="8.355972">
        <ele>850.031761</ele>
        <time>2023-04-08T15:54:35.777Z</time>
      </trkpt>
      <trkpt lat="48.433605" lon="8.356408">
        <ele>849.652054</ele>
        <time>2023-04-08T15:54:48.949Z</time>
      </trkpt>
      <trkpt lat="48.433822" lon="8.356838">
        <ele>849.004726</ele>
        <time>2023-04-08T15:55:01.539Z</time>
      </trkpt>
      <trkpt lat="48.434612" lon="8.358076">
        <ele>846.946625</ele>
        <time>2023-04-08T15:55:37.180Z</time>
      </trkpt>
      <trkpt lat="48.434832" lon="8.358546">
        <ele>845.713658</ele>
        <time>2023-04-08T15:55:48.866Z</time>
      </trkpt>
      <trkpt lat="48.435216" lon="8.359308">
        <ele>843.579758</ele>
        <time>2023-04-08T15:56:00.019Z</time>
      </trkpt>
      <trkpt lat="48.435425" lon="8.359628">
        <ele>842.578391</ele>
        <time>2023-04-08T15:56:05.164Z</time>
      </trkpt>
      <trkpt lat="48.435654" lon="8.359868">
        <ele>841.64089</ele>
        <time>2023-04-08T15:56:10.016Z</time>
      </trkpt>
      <trkpt lat="48.435777" lon="8.359808">
        <ele>841.206349</ele>
        <time>2023-04-08T15:56:12.349Z</time>
      </trkpt>
      <trkpt lat="48.435818" lon="8.359927">
        <ele>840.907328</ele>
        <time>2023-04-08T15:56:13.844Z</time>
      </trkpt>
      <trkpt lat="48.436146" lon="8.360814">
        <ele>839.657981</ele>
        <time>2023-04-08T15:56:25.961Z</time>
      </trkpt>
      <trkpt lat="48.436200" lon="8.360961">
        <ele>839.456146</ele>
        <time>2023-04-08T15:56:28.048Z</time>
      </trkpt>
      <trkpt lat="48.436479" lon="8.361730">
        <ele>838.403335</ele>
        <time>2023-04-08T15:56:40.143Z</time>
      </trkpt>
      <trkpt lat="48.436701" lon="8.362268">
        <ele>837.642301</ele>
        <time>2023-04-08T15:56:48.116Z</time>
      </trkpt>
      <trkpt lat="48.436996" lon="8.362853">
        <ele>836.360235</ele>
        <time>2023-04-08T15:56:56.935Z</time>
      </trkpt>
      <trkpt lat="48.437101" lon="8.363054">
        <ele>835.904535</ele>
        <time>2023-04-08T15:56:59.953Z</time>
      </trkpt>
      <trkpt lat="48.437154" lon="8.363135">
        <ele>835.701888</ele>
        <time>2023-04-08T15:57:01.279Z</time>
      </trkpt>
      <trkpt lat="48.437165" lon="8.363152">
        <ele>835.659589</ele>
        <time>2023-04-08T15:57:01.543Z</time>
      </trkpt>
      <trkpt lat="48.437210" lon="8.363236">
        <ele>835.467274</ele>
        <time>2023-04-08T15:57:02.787Z</time>
      </trkpt>
      <trkpt lat="48.437353" lon="8.363466">
        <ele>834.905801</ele>
        <time>2023-04-08T15:57:06.394Z</time>
      </trkpt>
      <trkpt lat="48.437474" lon="8.363685">
        <ele>834.398147</ele>
        <time>2023-04-08T15:57:09.619Z</time>
      </trkpt>
      <trkpt lat="48.438031" lon="8.364937">
        <ele>831.642169</ele>
        <time>2023-04-08T15:57:26.771Z</time>
      </trkpt>
      <trkpt lat="48.438201" lon="8.365175">
        <ele>830.976976</ele>
        <time>2023-04-08T15:57:30.776Z</time>
      </trkpt>
      <trkpt lat="48.438423" lon="8.365296">
        <ele>830.300165</ele>
        <time>2023-04-08T15:57:34.818Z</time>
      </trkpt>
      <trkpt lat="48.438633" lon="8.365329">
        <ele>829.694828</ele>
        <time>2023-04-08T15:57:38.414Z</time>
      </trkpt>
      <trkpt lat="48.439473" lon="8.364713">
        <ele>827.369512</ele>
        <time>2023-04-08T15:57:54.816Z</time>
      </trkpt>
      <trkpt lat="48.439941" lon="8.364488">
        <ele>826.811746</ele>
        <time>2023-04-08T15:58:04.199Z</time>
      </trkpt>
      <trkpt lat="48.440437" lon="8.364501">
        <ele>826.248476</ele>
        <time>2023-04-08T15:58:14.182Z</time>
      </trkpt>
      <trkpt lat="48.440611" lon="8.364538">
        <ele>826.048952</ele>
        <time>2023-04-08T15:58:17.792Z</time>
      </trkpt>
      <trkpt lat="48.440923" lon="8.364604">
        <ele>825.691219</ele>
        <time>2023-04-08T15:58:24.377Z</time>
      </trkpt>
      <trkpt lat="48.441318" lon="8.364526">
        <ele>825.9358</ele>
        <time>2023-04-08T15:58:32.935Z</time>
      </trkpt>
      <trkpt lat="48.441758" lon="8.364234">
        <ele>826.579727</ele>
        <time>2023-04-08T15:58:45.376Z</time>
      </trkpt>
      <trkpt lat="48.442363" lon="8.363566">
        <ele>827.584194</ele>
        <time>2023-04-08T15:59:09.951Z</time>
      </trkpt>
      <trkpt lat="48.442601" lon="8.363003">
        <ele>828.188314</ele>
        <time>2023-04-08T15:59:25.408Z</time>
      </trkpt>
      <trkpt lat="48.442980" lon="8.361663">
        <ele>829.550187</ele>
        <time>2023-04-08T15:59:57.674Z</time>
      </trkpt>
      <trkpt lat="48.443420" lon="8.360517">
        <ele>830.306576</ele>
        <time>2023-04-08T16:00:18.427Z</time>
      </trkpt>
      <trkpt lat="48.443663" lon="8.360010">
        <ele>829.905022</ele>
        <time>2023-04-08T16:00:26.657Z</time>
      </trkpt>
      <trkpt lat="48.444037" lon="8.359698">
        <ele>829.491347</ele>
        <time>2023-04-08T16:00:35.031Z</time>
      </trkpt>
      <trkpt lat="48.444704" lon="8.359456">
        <ele>828.827407</ele>
        <time>2023-04-08T16:00:48.374Z</time>
      </trkpt>
      <trkpt lat="48.444926" lon="8.359346">
        <ele>828.593475</ele>
        <time>2023-04-08T16:00:52.691Z</time>
      </trkpt>
      <trkpt lat="48.445135" lon="8.359161">
        <ele>828.347567</ele>
        <time>2023-04-08T16:00:57.119Z</time>
      </trkpt>
      <trkpt lat="48.445639" lon="8.358439">
        <ele>827.64214</ele>
        <time>2023-04-08T16:01:10.186Z</time>
      </trkpt>
      <trkpt lat="48.445744" lon="8.358324">
        <ele>827.510457</ele>
        <time>2023-04-08T16:01:12.818Z</time>
      </trkpt>
      <trkpt lat="48.445856" lon="8.358262">
        <ele>827.389401</ele>
        <time>2023-04-08T16:01:15.365Z</time>
      </trkpt>
      <trkpt lat="48.446394" lon="8.358196">
        <ele>826.957419</ele>
        <time>2023-04-08T16:01:28.194Z</time>
      </trkpt>
      <trkpt lat="48.446723" lon="8.358055">
        <ele>827.031902</ele>
        <time>2023-04-08T16:01:36.638Z</time>
      </trkpt>
      <trkpt lat="48.447306" lon="8.357689">
        <ele>827.169426</ele>
        <time>2023-04-08T16:01:49.816Z</time>
      </trkpt>
      <trkpt lat="48.447543" lon="8.357471">
        <ele>827.229884</ele>
        <time>2023-04-08T16:01:55.652Z</time>
      </trkpt>
      <trkpt lat="48.447808" lon="8.357283">
        <ele>827.293661</ele>
        <time>2023-04-08T16:02:02.760Z</time>
      </trkpt>
      <trkpt lat="48.447950" lon="8.357245">
        <ele>827.325067</ele>
        <time>2023-04-08T16:02:06.610Z</time>
      </trkpt>
      <trkpt lat="48.448075" lon="8.357265">
        <ele>827.657379</ele>
        <time>2023-04-08T16:02:10.457Z</time>
      </trkpt>
      <trkpt lat="48.448149" lon="8.357342">
        <ele>827.927995</ele>
        <time>2023-04-08T16:02:13.404Z</time>
      </trkpt>
      <trkpt lat="48.448213" lon="8.357547">
        <ele>828.380308</ele>
        <time>2023-04-08T16:02:18.224Z</time>
      </trkpt>
      <trkpt lat="48.448589" lon="8.357253">
        <ele>829.655108</ele>
        <time>2023-04-08T16:02:33.187Z</time>
      </trkpt>
      <trkpt lat="48.448881" lon="8.357106">
        <ele>830.581645</ele>
        <time>2023-04-08T16:02:44.834Z</time>
      </trkpt>
      <trkpt lat="48.450050" lon="8.356740">
        <ele>835.562133</ele>
        <time>2023-04-08T16:03:36.341Z</time>
      </trkpt>
      <trkpt lat="48.450178" lon="8.356661">
        <ele>836.381334</ele>
        <time>2023-04-08T16:03:43.729Z</time>
      </trkpt>
      <trkpt lat="48.450295" lon="8.356535">
        <ele>837.232948</ele>
        <time>2023-04-08T16:03:51.836Z</time>
      </trkpt>
      <trkpt lat="48.450347" lon="8.356186">
        <ele>838.638165</ele>
        <time>2023-04-08T16:04:05.175Z</time>
      </trkpt>
      <trkpt lat="48.450244" lon="8.353836">
        <ele>847.983775</ele>
        <time>2023-04-08T16:05:31.378Z</time>
      </trkpt>
      <trkpt lat="48.450273" lon="8.353540">
        <ele>849.183677</ele>
        <time>2023-04-08T16:05:42.371Z</time>
      </trkpt>
      <trkpt lat="48.450363" lon="8.353273">
        <ele>850.384739</ele>
        <time>2023-04-08T16:05:53.119Z</time>
      </trkpt>
      <trkpt lat="48.450431" lon="8.353147">
        <ele>851.036158</ele>
        <time>2023-04-08T16:05:58.886Z</time>
      </trkpt>
      <trkpt lat="48.452477" lon="8.350447">
        <ele>864.733362</ele>
        <time>2023-04-08T16:08:08.558Z</time>
      </trkpt>
      <trkpt lat="48.452546" lon="8.350322">
        <ele>865.12628</ele>
        <time>2023-04-08T16:08:12.904Z</time>
      </trkpt>
      <trkpt lat="48.452230" lon="8.349128">
        <ele>868.232229</ele>
        <time>2023-04-08T16:08:46.011Z</time>
      </trkpt>
      <trkpt lat="48.452151" lon="8.348638">
        <ele>869.450571</ele>
        <time>2023-04-08T16:08:58.282Z</time>
      </trkpt>
      <trkpt lat="48.451939" lon="8.345190">
        <ele>874.815729</ele>
        <time>2023-04-08T16:10:20.436Z</time>
      </trkpt>
      <trkpt lat="48.452094" lon="8.343796">
        <ele>875.298478</ele>
        <time>2023-04-08T16:10:43.884Z</time>
      </trkpt>
      <trkpt lat="48.452218" lon="8.343602">
        <ele>875.390497</ele>
        <time>2023-04-08T16:10:47.437Z</time>
      </trkpt>
      <trkpt lat="48.452357" lon="8.343247">
        <ele>875.531294</ele>
        <time>2023-04-08T16:10:52.895Z</time>
      </trkpt>
      <trkpt lat="48.452772" lon="8.342781">
        <ele>874.109811</ele>
        <time>2023-04-08T16:11:02.537Z</time>
      </trkpt>
      <trkpt lat="48.453487" lon="8.342268">
        <ele>871.779901</ele>
        <time>2023-04-08T16:11:15.846Z</time>
      </trkpt>
      <trkpt lat="48.453866" lon="8.342163">
        <ele>870.646041</ele>
        <time>2023-04-08T16:11:22.182Z</time>
      </trkpt>
      <trkpt lat="48.453987" lon="8.342158">
        <ele>870.28987</ele>
        <time>2023-04-08T16:11:24.196Z</time>
      </trkpt>
      <trkpt lat="48.454134" lon="8.342196">
        <ele>869.901233</ele>
        <time>2023-04-08T16:11:26.685Z</time>
      </trkpt>
      <trkpt lat="48.454318" lon="8.342292">
        <ele>869.399728</ele>
        <time>2023-04-08T16:11:30.014Z</time>
      </trkpt>
      <trkpt lat="48.454462" lon="8.342474">
        <ele>868.915752</ele>
        <time>2023-04-08T16:11:33.213Z</time>
      </trkpt>
      <trkpt lat="48.454647" lon="8.342811">
        <ele>868.168441</ele>
        <time>2023-04-08T16:11:38.216Z</time>
      </trkpt>
      <trkpt lat="48.454820" lon="8.343252">
        <ele>867.293179</ele>
        <time>2023-04-08T16:11:44.185Z</time>
      </trkpt>
      <trkpt lat="48.454982" lon="8.343756">
        <ele>866.336435</ele>
        <time>2023-04-08T16:11:50.829Z</time>
      </trkpt>
      <trkpt lat="48.455620" lon="8.345735">
        <ele>865.453861</ele>
        <time>2023-04-08T16:12:20.065Z</time>
      </trkpt>
      <trkpt lat="48.455679" lon="8.345865">
        <ele>865.439075</ele>
        <time>2023-04-08T16:12:22.793Z</time>
      </trkpt>
      <trkpt lat="48.455809" lon="8.346039">
        <ele>865.414472</ele>
        <time>2023-04-08T16:12:27.781Z</time>
      </trkpt>
      <trkpt lat="48.456011" lon="8.346141">
        <ele>865.384321</ele>
        <time>2023-04-08T16:12:33.893Z</time>
      </trkpt>
      <trkpt lat="48.456192" lon="8.346125">
        <ele>865.501348</ele>
        <time>2023-04-08T16:12:39.531Z</time>
      </trkpt>
      <trkpt lat="48.456345" lon="8.346047">
        <ele>865.892944</ele>
        <time>2023-04-08T16:12:44.474Z</time>
      </trkpt>
      <trkpt lat="48.456768" lon="8.345624">
        <ele>867.123602</ele>
        <time>2023-04-08T16:13:01.431Z</time>
      </trkpt>
      <trkpt lat="48.457322" lon="8.344864">
        <ele>868.939558</ele>
        <time>2023-04-08T16:13:27.970Z</time>
      </trkpt>
      <trkpt lat="48.457859" lon="8.343969">
        <ele>871.321797</ele>
        <time>2023-04-08T16:13:58.690Z</time>
      </trkpt>
      <trkpt lat="48.458335" lon="8.343236">
        <ele>873.603252</ele>
        <time>2023-04-08T16:14:25.363Z</time>
      </trkpt>
      <trkpt lat="48.458982" lon="8.342447">
        <ele>876.298269</ele>
        <time>2023-04-08T16:14:58.771Z</time>
      </trkpt>
      <trkpt lat="48.459079" lon="8.342252">
        <ele>876.758923</ele>
        <time>2023-04-08T16:15:05.211Z</time>
      </trkpt>
      <trkpt lat="48.459165" lon="8.341951">
        <ele>877.378289</ele>
        <time>2023-04-08T16:15:13.382Z</time>
      </trkpt>
      <trkpt lat="48.459365" lon="8.340648">
        <ele>879.905742</ele>
        <time>2023-04-08T16:15:45.453Z</time>
      </trkpt>
      <trkpt lat="48.459426" lon="8.340104">
        <ele>880.908723</ele>
        <time>2023-04-08T16:15:58.074Z</time>
      </trkpt>
      <trkpt lat="48.459444" lon="8.339176">
        <ele>881.57257</ele>
        <time>2023-04-08T16:16:17.510Z</time>
      </trkpt>
      <trkpt lat="48.459348" lon="8.338503">
        <ele>882.064803</ele>
        <time>2023-04-08T16:16:29.809Z</time>
      </trkpt>
      <trkpt lat="48.459109" lon="8.337607">
        <ele>882.755373</ele>
        <time>2023-04-08T16:16:44.632Z</time>
      </trkpt>
      <trkpt lat="48.458918" lon="8.336815">
        <ele>882.96804</ele>
        <time>2023-04-08T16:16:57.672Z</time>
      </trkpt>
      <trkpt lat="48.458906" lon="8.336244">
        <ele>883.078235</ele>
        <time>2023-04-08T16:17:06.922Z</time>
      </trkpt>
      <trkpt lat="48.458998" lon="8.334427">
        <ele>883.189292</ele>
        <time>2023-04-08T16:17:35.972Z</time>
      </trkpt>
      <trkpt lat="48.458974" lon="8.333747">
        <ele>882.938183</ele>
        <time>2023-04-08T16:17:45.793Z</time>
      </trkpt>
      <trkpt lat="48.458914" lon="8.333280">
        <ele>882.762772</ele>
        <time>2023-04-08T16:17:52.489Z</time>
      </trkpt>
      <trkpt lat="48.458911" lon="8.333072">
        <ele>882.686053</ele>
        <time>2023-04-08T16:17:55.372Z</time>
      </trkpt>
      <trkpt lat="48.458829" lon="8.330276">
        <ele>880.413815</ele>
        <time>2023-04-08T16:18:30.808Z</time>
      </trkpt>
      <trkpt lat="48.458906" lon="8.329211">
        <ele>879.571158</ele>
        <time>2023-04-08T16:18:43.856Z</time>
      </trkpt>
      <trkpt lat="48.458996" lon="8.328725">
        <ele>879.601185</ele>
        <time>2023-04-08T16:18:50.361Z</time>
      </trkpt>
      <trkpt lat="48.459142" lon="8.328232">
        <ele>879.633315</ele>
        <time>2023-04-08T16:18:57.876Z</time>
      </trkpt>
      <trkpt lat="48.459301" lon="8.327893">
        <ele>879.658024</ele>
        <time>2023-04-08T16:19:04.650Z</time>
      </trkpt>
      <trkpt lat="48.459408" lon="8.327729">
        <ele>879.671715</ele>
        <time>2023-04-08T16:19:08.276Z</time>
      </trkpt>
      <trkpt lat="48.459618" lon="8.327345">
        <ele>879.701334</ele>
        <time>2023-04-08T16:19:17.506Z</time>
      </trkpt>
      <trkpt lat="48.459764" lon="8.326989">
        <ele>879.962813</ele>
        <time>2023-04-08T16:19:26.303Z</time>
      </trkpt>
      <trkpt lat="48.459986" lon="8.325710">
        <ele>882.407139</ele>
        <time>2023-04-08T16:19:57.110Z</time>
      </trkpt>
      <trkpt lat="48.460678" lon="8.321073">
        <ele>892.306148</ele>
        <time>2023-04-08T16:22:00.915Z</time>
      </trkpt>
      <trkpt lat="48.460891" lon="8.320380">
        <ele>893.763627</ele>
        <time>2023-04-08T16:22:19.286Z</time>
      </trkpt>
      <trkpt lat="48.462091" lon="8.317855">
        <ele>898.603886</ele>
        <time>2023-04-08T16:23:31.123Z</time>
      </trkpt>
      <trkpt lat="48.462420" lon="8.317026">
        <ele>899.661009</ele>
        <time>2023-04-08T16:23:49.016Z</time>
      </trkpt>
      <trkpt lat="48.462762" lon="8.316339">
        <ele>899.735749</ele>
        <time>2023-04-08T16:24:02.455Z</time>
      </trkpt>
      <trkpt lat="48.462872" lon="8.316166">
        <ele>899.756601</ele>
        <time>2023-04-08T16:24:05.971Z</time>
      </trkpt>
      <trkpt lat="48.463037" lon="8.316020">
        <ele>899.781701</ele>
        <time>2023-04-08T16:24:10.236Z</time>
      </trkpt>
      <trkpt lat="48.463867" lon="8.315691">
        <ele>899.865664</ele>
        <time>2023-04-08T16:24:28.319Z</time>
      </trkpt>
      <trkpt lat="48.466998" lon="8.314855">
        <ele>899.138817</ele>
        <time>2023-04-08T16:25:38.241Z</time>
      </trkpt>
      <trkpt lat="48.467814" lon="8.314654">
        <ele>898.397396</ele>
        <time>2023-04-08T16:25:54.541Z</time>
      </trkpt>
      <trkpt lat="48.468511" lon="8.313797">
        <ele>897.290111</ele>
        <time>2023-04-08T16:26:11.231Z</time>
      </trkpt>
      <trkpt lat="48.470129" lon="8.311858">
        <ele>896.895405</ele>
        <time>2023-04-08T16:26:54.552Z</time>
      </trkpt>
      <trkpt lat="48.470245" lon="8.311601">
        <ele>897.271062</ele>
        <time>2023-04-08T16:27:01.738Z</time>
      </trkpt>
      <trkpt lat="48.470352" lon="8.311283">
        <ele>898.221319</ele>
        <time>2023-04-08T16:27:10.562Z</time>
      </trkpt>
      <trkpt lat="48.470458" lon="8.310841">
        <ele>899.473801</ele>
        <time>2023-04-08T16:27:23.328Z</time>
      </trkpt>
      <trkpt lat="48.470634" lon="8.310092">
        <ele>901.591303</ele>
        <time>2023-04-08T16:27:47.843Z</time>
      </trkpt>
      <trkpt lat="48.470649" lon="8.309863">
        <ele>902.204488</ele>
        <time>2023-04-08T16:27:55.214Z</time>
      </trkpt>
      <trkpt lat="48.470601" lon="8.309413">
        <ele>903.41902</ele>
        <time>2023-04-08T16:28:10.508Z</time>
      </trkpt>
      <trkpt lat="48.470380" lon="8.308129">
        <ele>906.703409</ele>
        <time>2023-04-08T16:28:51.005Z</time>
      </trkpt>
      <trkpt lat="48.470287" lon="8.307217">
        <ele>908.944129</ele>
        <time>2023-04-08T16:29:14.547Z</time>
      </trkpt>
      <trkpt lat="48.470275" lon="8.306863">
        <ele>909.804898</ele>
        <time>2023-04-08T16:29:22.880Z</time>
      </trkpt>
      <trkpt lat="48.470324" lon="8.306143">
        <ele>911.438099</ele>
        <time>2023-04-08T16:29:39.241Z</time>
      </trkpt>
      <trkpt lat="48.470378" lon="8.305886">
        <ele>911.996411</ele>
        <time>2023-04-08T16:29:45.153Z</time>
      </trkpt>
      <trkpt lat="48.470468" lon="8.305727">
        <ele>912.429364</ele>
        <time>2023-04-08T16:29:50.017Z</time>
      </trkpt>
      <trkpt lat="48.470661" lon="8.305650">
        <ele>913.052935</ele>
        <time>2023-04-08T16:29:56.612Z</time>
      </trkpt>
      <trkpt lat="48.470656" lon="8.305326">
        <ele>913.724089</ele>
        <time>2023-04-08T16:30:07.752Z</time>
      </trkpt>
      <trkpt lat="48.470655" lon="8.305230">
        <ele>913.92292</ele>
        <time>2023-04-08T16:30:11.020Z</time>
      </trkpt>
      <trkpt lat="48.470651" lon="8.304965">
        <ele>914.471851</ele>
        <time>2023-04-08T16:30:20.526Z</time>
      </trkpt>
      <trkpt lat="48.470852" lon="8.304229">
        <ele>916.120271</ele>
        <time>2023-04-08T16:30:49.825Z</time>
      </trkpt>
      <trkpt lat="48.470861" lon="8.304199">
        <ele>916.188462</ele>
        <time>2023-04-08T16:30:51.075Z</time>
      </trkpt>
      <trkpt lat="48.470904" lon="8.303774">
        <ele>917.215424</ele>
        <time>2023-04-08T16:31:07.879Z</time>
      </trkpt>
      <trkpt lat="48.470897" lon="8.303282">
        <ele>918.421861</ele>
        <time>2023-04-08T16:31:27.221Z</time>
      </trkpt>
      <trkpt lat="48.470790" lon="8.302860">
        <ele>919.529487</ele>
        <time>2023-04-08T16:31:45.425Z</time>
      </trkpt>
      <trkpt lat="48.470780" lon="8.302586">
        <ele>920.202228</ele>
        <time>2023-04-08T16:31:56.070Z</time>
      </trkpt>
      <trkpt lat="48.470848" lon="8.301417">
        <ele>922.998796</ele>
        <time>2023-04-08T16:32:37.570Z</time>
      </trkpt>
      <trkpt lat="48.470828" lon="8.301016">
        <ele>923.133012</ele>
        <time>2023-04-08T16:32:50.276Z</time>
      </trkpt>
      <trkpt lat="48.470783" lon="8.300772">
        <ele>923.217542</ele>
        <time>2023-04-08T16:32:57.982Z</time>
      </trkpt>
      <trkpt lat="48.470754" lon="8.300621">
        <ele>923.270012</ele>
        <time>2023-04-08T16:33:02.568Z</time>
      </trkpt>
      <trkpt lat="48.470594" lon="8.300225">
        <ele>923.42479</ele>
        <time>2023-04-08T16:33:15.276Z</time>
      </trkpt>
      <trkpt lat="48.470295" lon="8.299597">
        <ele>923.682839</ele>
        <time>2023-04-08T16:33:34.157Z</time>
      </trkpt>
      <trkpt lat="48.470377" lon="8.299301">
        <ele>923.789911</ele>
        <time>2023-04-08T16:33:38.456Z</time>
      </trkpt>
      <trkpt lat="48.470490" lon="8.299060">
        <ele>923.88843</ele>
        <time>2023-04-08T16:33:42.145Z</time>
      </trkpt>
      <trkpt lat="48.470848" lon="8.299305">
        <ele>923.661801</ele>
        <time>2023-04-08T16:33:49.401Z</time>
      </trkpt>
      <trkpt lat="48.471051" lon="8.299394">
        <ele>923.536225</ele>
        <time>2023-04-08T16:33:53.287Z</time>
      </trkpt>
      <trkpt lat="48.471214" lon="8.299408">
        <ele>923.439243</ele>
        <time>2023-04-08T16:33:56.544Z</time>
      </trkpt>
      <trkpt lat="48.471492" lon="8.299305">
        <ele>923.269198</ele>
        <time>2023-04-08T16:34:02.251Z</time>
      </trkpt>
      <trkpt lat="48.471616" lon="8.299222">
        <ele>923.188612</ele>
        <time>2023-04-08T16:34:05.160Z</time>
      </trkpt>
      <trkpt lat="48.472024" lon="8.298794">
        <ele>922.893401</ele>
        <time>2023-04-08T16:34:15.900Z</time>
      </trkpt>
      <trkpt lat="48.472271" lon="8.298482">
        <ele>923.450798</ele>
        <time>2023-04-08T16:34:24.537Z</time>
      </trkpt>
      <trkpt lat="48.472494" lon="8.298144">
        <ele>924.423717</ele>
        <time>2023-04-08T16:34:34.071Z</time>
      </trkpt>
      <trkpt lat="48.472691" lon="8.297797">
        <ele>925.355816</ele>
        <time>2023-04-08T16:34:44.552Z</time>
      </trkpt>
      <trkpt lat="48.472903" lon="8.297353">
        <ele>926.4722</ele>
        <time>2023-04-08T16:34:59.429Z</time>
      </trkpt>
      <trkpt lat="48.472968" lon="8.297293">
        <ele>926.706723</ele>
        <time>2023-04-08T16:35:02.719Z</time>
      </trkpt>
      <trkpt lat="48.473023" lon="8.297292">
        <ele>926.875998</ele>
        <time>2023-04-08T16:35:05.138Z</time>
      </trkpt>
      <trkpt lat="48.473279" lon="8.297411">
        <ele>927.700401</ele>
        <time>2023-04-08T16:35:18.172Z</time>
      </trkpt>
      <trkpt lat="48.473408" lon="8.297050">
        <ele>928.646433</ele>
        <time>2023-04-08T16:35:31.088Z</time>
      </trkpt>
      <trkpt lat="48.473607" lon="8.296615">
        <ele>930.3846</ele>
        <time>2023-04-08T16:35:47.908Z</time>
      </trkpt>
      <trkpt lat="48.473673" lon="8.296490">
        <ele>930.910145</ele>
        <time>2023-04-08T16:35:53.098Z</time>
      </trkpt>
      <trkpt lat="48.473865" lon="8.296124">
        <ele>932.44509</ele>
        <time>2023-04-08T16:36:07.745Z</time>
      </trkpt>
      <trkpt lat="48.474024" lon="8.295855">
        <ele>933.630329</ele>
        <time>2023-04-08T16:36:18.914Z</time>
      </trkpt>
      <trkpt lat="48.474175" lon="8.295599">
        <ele>934.757244</ele>
        <time>2023-04-08T16:36:29.216Z</time>
      </trkpt>
      <trkpt lat="48.474271" lon="8.295428">
        <ele>935.494171</ele>
        <time>2023-04-08T16:36:37.057Z</time>
      </trkpt>
      <trkpt lat="48.474473" lon="8.295085">
        <ele>937.003014</ele>
        <time>2023-04-08T16:36:53.434Z</time>
      </trkpt>
      <trkpt lat="48.474706" lon="8.294685">
        <ele>938.623222</ele>
        <time>2023-04-08T16:37:10.332Z</time>
      </trkpt>
      <trkpt lat="48.474807" lon="8.294512">
        <ele>939.313951</ele>
        <time>2023-04-08T16:37:17.891Z</time>
      </trkpt>
      <trkpt lat="48.475146" lon="8.293930">
        <ele>941.635341</ele>
        <time>2023-04-08T16:37:45.164Z</time>
      </trkpt>
      <trkpt lat="48.475193" lon="8.293999">
        <ele>941.931773</ele>
        <time>2023-04-08T16:37:48.308Z</time>
      </trkpt>
      <trkpt lat="48.475257" lon="8.294072">
        <ele>942.294431</ele>
        <time>2023-04-08T16:37:52.017Z</time>
      </trkpt>
      <trkpt lat="48.476137" lon="8.294958">
        <ele>946.110872</ele>
        <time>2023-04-08T16:38:36.458Z</time>
      </trkpt>
      <trkpt lat="48.476415" lon="8.294254">
        <ele>947.143023</ele>
        <time>2023-04-08T16:38:58.882Z</time>
      </trkpt>
      <trkpt lat="48.477335" lon="8.292507">
        <ele>947.900496</ele>
        <time>2023-04-08T16:39:36.772Z</time>
      </trkpt>
      <trkpt lat="48.477459" lon="8.292123">
        <ele>947.457011</ele>
        <time>2023-04-08T16:39:42.704Z</time>
      </trkpt>
      <trkpt lat="48.477609" lon="8.291568">
        <ele>946.834717</ele>
        <time>2023-04-08T16:39:50.851Z</time>
      </trkpt>
      <trkpt lat="48.477755" lon="8.290814">
        <ele>946.019146</ele>
        <time>2023-04-08T16:40:01.166Z</time>
      </trkpt>
      <trkpt lat="48.477944" lon="8.289827">
        <ele>943.684168</ele>
        <time>2023-04-08T16:40:14.199Z</time>
      </trkpt>
      <trkpt lat="48.478020" lon="8.289064">
        <ele>941.923197</ele>
        <time>2023-04-08T16:40:23.880Z</time>
      </trkpt>
      <trkpt lat="48.478122" lon="8.288563">
        <ele>940.727036</ele>
        <time>2023-04-08T16:40:30.432Z</time>
      </trkpt>
      <trkpt lat="48.478239" lon="8.288164">
        <ele>939.75483</ele>
        <time>2023-04-08T16:40:35.870Z</time>
      </trkpt>
      <trkpt lat="48.479003" lon="8.286647">
        <ele>936.582517</ele>
        <time>2023-04-08T16:40:59.832Z</time>
      </trkpt>
      <trkpt lat="48.479221" lon="8.286315">
        <ele>935.804401</ele>
        <time>2023-04-08T16:41:06.411Z</time>
      </trkpt>
      <trkpt lat="48.479899" lon="8.285454">
        <ele>936.993828</ele>
        <time>2023-04-08T16:41:33.200Z</time>
      </trkpt>
      <trkpt lat="48.479963" lon="8.285295">
        <ele>937.298398</ele>
        <time>2023-04-08T16:41:37.741Z</time>
      </trkpt>
      <trkpt lat="48.480007" lon="8.285267">
        <ele>937.416351</ele>
        <time>2023-04-08T16:41:39.377Z</time>
      </trkpt>
      <trkpt lat="48.479940" lon="8.283690">
        <ele>940.243497</ele>
        <time>2023-04-08T16:42:37.307Z</time>
      </trkpt>
      <trkpt lat="48.479822" lon="8.283532">
        <ele>940.991734</ele>
        <time>2023-04-08T16:42:47.132Z</time>
      </trkpt>
      <trkpt lat="48.479062" lon="8.283226">
        <ele>944.722108</ele>
        <time>2023-04-08T16:43:38.846Z</time>
      </trkpt>
      <trkpt lat="48.478824" lon="8.282761">
        <ele>946.568958</ele>
        <time>2023-04-08T16:44:03.070Z</time>
      </trkpt>
      <trkpt lat="48.479184" lon="8.281320">
        <ele>950.636567</ele>
        <time>2023-04-08T16:44:44.446Z</time>
      </trkpt>
      <trkpt lat="48.479376" lon="8.280725">
        <ele>952.203985</ele>
        <time>2023-04-08T16:45:01.677Z</time>
      </trkpt>
      <trkpt lat="48.480293" lon="8.278639">
        <ele>957.879336</ele>
        <time>2023-04-08T16:46:07.158Z</time>
      </trkpt>
      <trkpt lat="48.480414" lon="8.278320">
        <ele>958.685651</ele>
        <time>2023-04-08T16:46:17.165Z</time>
      </trkpt>
      <trkpt lat="48.480456" lon="8.278125">
        <ele>959.135469</ele>
        <time>2023-04-08T16:46:22.427Z</time>
      </trkpt>
      <trkpt lat="48.480482" lon="8.277941">
        <ele>959.548207</ele>
        <time>2023-04-08T16:46:27.355Z</time>
      </trkpt>
      <trkpt lat="48.480504" lon="8.277450">
        <ele>960.627845</ele>
        <time>2023-04-08T16:46:39.509Z</time>
      </trkpt>
      <trkpt lat="48.480446" lon="8.277049">
        <ele>961.03906</ele>
        <time>2023-04-08T16:46:49.146Z</time>
      </trkpt>
      <trkpt lat="48.480379" lon="8.276785">
        <ele>961.312827</ele>
        <time>2023-04-08T16:46:55.935Z</time>
      </trkpt>
      <trkpt lat="48.480245" lon="8.276475">
        <ele>961.671236</ele>
        <time>2023-04-08T16:47:03.895Z</time>
      </trkpt>
      <trkpt lat="48.480285" lon="8.276315">
        <ele>961.836842</ele>
        <time>2023-04-08T16:47:08.638Z</time>
      </trkpt>
      <trkpt lat="48.480572" lon="8.275753">
        <ele>962.523892</ele>
        <time>2023-04-08T16:47:26.187Z</time>
      </trkpt>
      <trkpt lat="48.480936" lon="8.275341">
        <ele>963.188725</ele>
        <time>2023-04-08T16:47:40.385Z</time>
      </trkpt>
      <trkpt lat="48.481038" lon="8.275080">
        <ele>962.978765</ele>
        <time>2023-04-08T16:47:46.017Z</time>
      </trkpt>
      <trkpt lat="48.481327" lon="8.274921">
        <ele>962.307924</ele>
        <time>2023-04-08T16:47:51.910Z</time>
      </trkpt>
      <trkpt lat="48.481885" lon="8.274691">
        <ele>961.046461</ele>
        <time>2023-04-08T16:48:02.112Z</time>
      </trkpt>
      <trkpt lat="48.482071" lon="8.274640">
        <ele>960.634195</ele>
        <time>2023-04-08T16:48:05.430Z</time>
      </trkpt>
      <trkpt lat="48.482867" lon="8.274539">
        <ele>958.732709</ele>
        <time>2023-04-08T16:48:19.186Z</time>
      </trkpt>
      <trkpt lat="48.482939" lon="8.274510">
        <ele>958.514533</ele>
        <time>2023-04-08T16:48:20.457Z</time>
      </trkpt>
      <trkpt lat="48.482993" lon="8.274416">
        <ele>958.273142</ele>
        <time>2023-04-08T16:48:21.848Z</time>
      </trkpt>
      <trkpt lat="48.483229" lon="8.274418">
        <ele>957.582199</ele>
        <time>2023-04-08T16:48:25.867Z</time>
      </trkpt>
      <trkpt lat="48.483332" lon="8.274214">
        <ele>957.084552</ele>
        <time>2023-04-08T16:48:28.713Z</time>
      </trkpt>
      <trkpt lat="48.485945" lon="8.273623">
        <ele>950.62032</ele>
        <time>2023-04-08T16:49:15.196Z</time>
      </trkpt>
      <trkpt lat="48.486435" lon="8.273514">
        <ele>950.313492</ele>
        <time>2023-04-08T16:49:26.093Z</time>
      </trkpt>
      <trkpt lat="48.486560" lon="8.273448">
        <ele>950.345252</ele>
        <time>2023-04-08T16:49:29.525Z</time>
      </trkpt>
      <trkpt lat="48.487078" lon="8.272949">
        <ele>950.492638</ele>
        <time>2023-04-08T16:49:45.834Z</time>
      </trkpt>
      <trkpt lat="48.487558" lon="8.272357">
        <ele>950.641315</ele>
        <time>2023-04-08T16:50:02.367Z</time>
      </trkpt>
      <trkpt lat="48.487856" lon="8.272195">
        <ele>950.329185</ele>
        <time>2023-04-08T16:50:09.966Z</time>
      </trkpt>
      <trkpt lat="48.487895" lon="8.272083">
        <ele>950.188004</ele>
        <time>2023-04-08T16:50:11.783Z</time>
      </trkpt>
      <trkpt lat="48.488572" lon="8.271023">
        <ele>948.545318</ele>
        <time>2023-04-08T16:50:30.555Z</time>
      </trkpt>
      <trkpt lat="48.488778" lon="8.270556">
        <ele>947.919327</ele>
        <time>2023-04-08T16:50:36.951Z</time>
      </trkpt>
      <trkpt lat="48.489232" lon="8.269888">
        <ele>945.919883</ele>
        <time>2023-04-08T16:50:47.315Z</time>
      </trkpt>
      <trkpt lat="48.489553" lon="8.269534">
        <ele>944.459779</ele>
        <time>2023-04-08T16:50:53.798Z</time>
      </trkpt>
      <trkpt lat="48.490441" lon="8.268910">
        <ele>940.981809</ele>
        <time>2023-04-08T16:51:10.015Z</time>
      </trkpt>
      <trkpt lat="48.491467" lon="8.268313">
        <ele>939.730232</ele>
        <time>2023-04-08T16:51:30.766Z</time>
      </trkpt>
      <trkpt lat="48.491748" lon="8.268102">
        <ele>939.372995</ele>
        <time>2023-04-08T16:51:37.643Z</time>
      </trkpt>
      <trkpt lat="48.492017" lon="8.267855">
        <ele>939.014597</ele>
        <time>2023-04-08T16:51:45.478Z</time>
      </trkpt>
      <trkpt lat="48.492197" lon="8.267639">
        <ele>939.383484</ele>
        <time>2023-04-08T16:51:51.676Z</time>
      </trkpt>
      <trkpt lat="48.492480" lon="8.267197">
        <ele>940.161786</ele>
        <time>2023-04-08T16:52:03.675Z</time>
      </trkpt>
      <trkpt lat="48.492656" lon="8.266770">
        <ele>940.798584</ele>
        <time>2023-04-08T16:52:14.553Z</time>
      </trkpt>
      <trkpt lat="48.492921" lon="8.265673">
        <ele>942.277209</ele>
        <time>2023-04-08T16:52:41.471Z</time>
      </trkpt>
      <trkpt lat="48.492953" lon="8.265280">
        <ele>942.873084</ele>
        <time>2023-04-08T16:52:50.797Z</time>
      </trkpt>
      <trkpt lat="48.492958" lon="8.264794">
        <ele>943.653129</ele>
        <time>2023-04-08T16:53:02.340Z</time>
      </trkpt>
      <trkpt lat="48.492937" lon="8.264471">
        <ele>944.17398</ele>
        <time>2023-04-08T16:53:10.222Z</time>
      </trkpt>
      <trkpt lat="48.492833" lon="8.263894">
        <ele>945.13361</ele>
        <time>2023-04-08T16:53:24.950Z</time>
      </trkpt>
      <trkpt lat="48.492596" lon="8.262924">
        <ele>946.785591</ele>
        <time>2023-04-08T16:53:47.642Z</time>
      </trkpt>
      <trkpt lat="48.492601" lon="8.262618">
        <ele>946.980674</ele>
        <time>2023-04-08T16:53:53.576Z</time>
      </trkpt>
      <trkpt lat="48.492650" lon="8.262408">
        <ele>947.122568</ele>
        <time>2023-04-08T16:53:57.949Z</time>
      </trkpt>
      <trkpt lat="48.492819" lon="8.261906">
        <ele>947.481422</ele>
        <time>2023-04-08T16:54:08.202Z</time>
      </trkpt>
      <trkpt lat="48.493211" lon="8.261043">
        <ele>948.14823</ele>
        <time>2023-04-08T16:54:25.925Z</time>
      </trkpt>
      <trkpt lat="48.493587" lon="8.260293">
        <ele>948.721739</ele>
        <time>2023-04-08T16:54:40.881Z</time>
      </trkpt>
      <trkpt lat="48.494213" lon="8.259078">
        <ele>949.595573</ele>
        <time>2023-04-08T16:55:06.233Z</time>
      </trkpt>
      <trkpt lat="48.494297" lon="8.258973">
        <ele>949.689029</ele>
        <time>2023-04-08T16:55:09.485Z</time>
      </trkpt>
      <trkpt lat="48.494574" lon="8.258243">
        <ele>950.264735</ele>
        <time>2023-04-08T16:55:26.577Z</time>
      </trkpt>
      <trkpt lat="48.494698" lon="8.257816">
        <ele>950.755275</ele>
        <time>2023-04-08T16:55:36.319Z</time>
      </trkpt>
      <trkpt lat="48.494815" lon="8.257269">
        <ele>951.36007</ele>
        <time>2023-04-08T16:55:47.765Z</time>
      </trkpt>
      <trkpt lat="48.494912" lon="8.256314">
        <ele>952.376661</ele>
        <time>2023-04-08T16:56:06.664Z</time>
      </trkpt>
      <trkpt lat="48.494922" lon="8.256014">
        <ele>952.692722</ele>
        <time>2023-04-08T16:56:12.630Z</time>
      </trkpt>
      <trkpt lat="48.494838" lon="8.255784">
        <ele>952.980439</ele>
        <time>2023-04-08T16:56:17.811Z</time>
      </trkpt>
      <trkpt lat="48.494518" lon="8.255313">
        <ele>953.821664</ele>
        <time>2023-04-08T16:56:31.789Z</time>
      </trkpt>
      <trkpt lat="48.494451" lon="8.254931">
        <ele>954.314459</ele>
        <time>2023-04-08T16:56:40.192Z</time>
      </trkpt>
      <trkpt lat="48.494509" lon="8.254408">
        <ele>954.975763</ele>
        <time>2023-04-08T16:56:51.552Z</time>
      </trkpt>
      <trkpt lat="48.494670" lon="8.253957">
        <ele>955.614619</ele>
        <time>2023-04-08T16:57:02.566Z</time>
      </trkpt>
      <trkpt lat="48.494775" lon="8.253536">
        <ele>956.175598</ele>
        <time>2023-04-08T16:57:12.367Z</time>
      </trkpt>
      <trkpt lat="48.494790" lon="8.253248">
        <ele>956.379967</ele>
        <time>2023-04-08T16:57:18.381Z</time>
      </trkpt>
      <trkpt lat="48.494771" lon="8.252958">
        <ele>956.510713</ele>
        <time>2023-04-08T16:57:24.490Z</time>
      </trkpt>
      <trkpt lat="48.494724" lon="8.252744">
        <ele>956.611863</ele>
        <time>2023-04-08T16:57:29.059Z</time>
      </trkpt>
      <trkpt lat="48.494525" lon="8.252221">
        <ele>956.882442</ele>
        <time>2023-04-08T16:57:40.814Z</time>
      </trkpt>
      <trkpt lat="48.494196" lon="8.251706">
        <ele>957.203386</ele>
        <time>2023-04-08T16:57:53.159Z</time>
      </trkpt>
      <trkpt lat="48.493246" lon="8.249367">
        <ele>956.125634</ele>
        <time>2023-04-08T16:58:28.464Z</time>
      </trkpt>
      <trkpt lat="48.493058" lon="8.248235">
        <ele>955.736366</ele>
        <time>2023-04-08T16:58:44.319Z</time>
      </trkpt>
      <trkpt lat="48.493228" lon="8.247224">
        <ele>955.839276</ele>
        <time>2023-04-08T16:59:10.695Z</time>
      </trkpt>
      <trkpt lat="48.493338" lon="8.246902">
        <ele>955.875018</ele>
        <time>2023-04-08T16:59:20.375Z</time>
      </trkpt>
      <trkpt lat="48.493399" lon="8.246625">
        <ele>955.903817</ele>
        <time>2023-04-08T16:59:28.132Z</time>
      </trkpt>
      <trkpt lat="48.493409" lon="8.246771">
        <ele>955.918299</ele>
        <time>2023-04-08T16:59:30.619Z</time>
      </trkpt>
      <trkpt lat="48.493521" lon="8.246761">
        <ele>955.935002</ele>
        <time>2023-04-08T16:59:33.956Z</time>
      </trkpt>
      <trkpt lat="48.493627" lon="8.246920">
        <ele>955.918306</ele>
        <time>2023-04-08T16:59:38.282Z</time>
      </trkpt>
      <trkpt lat="48.493688" lon="8.247164">
        <ele>955.672171</ele>
        <time>2023-04-08T16:59:43.491Z</time>
      </trkpt>
      <trkpt lat="48.493905" lon="8.248321">
        <ele>954.53728</ele>
        <time>2023-04-08T17:00:02.534Z</time>
      </trkpt>
      <trkpt lat="48.494090" lon="8.248735">
        <ele>954.066007</ele>
        <time>2023-04-08T17:00:09.309Z</time>
      </trkpt>
      <trkpt lat="48.494435" lon="8.249241">
        <ele>953.352497</ele>
        <time>2023-04-08T17:00:18.577Z</time>
      </trkpt>
      <trkpt lat="48.494952" lon="8.249412">
        <ele>950.680789</ele>
        <time>2023-04-08T17:00:34.014Z</time>
      </trkpt>
      <trkpt lat="48.495494" lon="8.249444">
        <ele>947.942745</ele>
        <time>2023-04-08T17:00:49.438Z</time>
      </trkpt>
      <trkpt lat="48.496606" lon="8.249509">
        <ele>942.242709</ele>
        <time>2023-04-08T17:01:20.828Z</time>
      </trkpt>
      <trkpt lat="48.497284" lon="8.249756">
        <ele>938.575617</ele>
        <time>2023-04-08T17:01:40.893Z</time>
      </trkpt>
      <trkpt lat="48.497789" lon="8.250206">
        <ele>935.492174</ele>
        <time>2023-04-08T17:01:57.734Z</time>
      </trkpt>
      <trkpt lat="48.497922" lon="8.250426">
        <ele>934.441376</ele>
        <time>2023-04-08T17:02:03.448Z</time>
      </trkpt>
      <trkpt lat="48.498322" lon="8.251086">
        <ele>931.222193</ele>
        <time>2023-04-08T17:02:20.369Z</time>
      </trkpt>
      <trkpt lat="48.499045" lon="8.252510">
        <ele>924.82933</ele>
        <time>2023-04-08T17:02:53.848Z</time>
      </trkpt>
      <trkpt lat="48.499119" lon="8.254422">
        <ele>919.3069</ele>
        <time>2023-04-08T17:03:30.436Z</time>
      </trkpt>
      <trkpt lat="48.499105" lon="8.254854">
        <ele>918.059789</ele>
        <time>2023-04-08T17:03:39.032Z</time>
      </trkpt>
      <trkpt lat="48.498962" lon="8.256368">
        <ele>917.057843</ele>
        <time>2023-04-08T17:04:12.740Z</time>
      </trkpt>
      <trkpt lat="48.498964" lon="8.256801">
        <ele>916.987958</ele>
        <time>2023-04-08T17:04:24.036Z</time>
      </trkpt>
      <trkpt lat="48.498881" lon="8.257343">
        <ele>916.898178</ele>
        <time>2023-04-08T17:04:40.395Z</time>
      </trkpt>
      <trkpt lat="48.498605" lon="8.258190">
        <ele>916.903684</ele>
        <time>2023-04-08T17:05:09.419Z</time>
      </trkpt>
      <trkpt lat="48.498459" lon="8.258862">
        <ele>917.026707</ele>
        <time>2023-04-08T17:05:30.156Z</time>
      </trkpt>
      <trkpt lat="48.498458" lon="8.259253">
        <ele>917.094726</ele>
        <time>2023-04-08T17:05:41.417Z</time>
      </trkpt>
      <trkpt lat="48.498501" lon="8.259886">
        <ele>917.205419</ele>
        <time>2023-04-08T17:05:57.668Z</time>
      </trkpt>
      <trkpt lat="48.498585" lon="8.260447">
        <ele>917.021796</ele>
        <time>2023-04-08T17:06:10.375Z</time>
      </trkpt>
      <trkpt lat="48.498722" lon="8.260958">
        <ele>914.747294</ele>
        <time>2023-04-08T17:06:21.502Z</time>
      </trkpt>
      <trkpt lat="48.499057" lon="8.261347">
        <ele>912.115257</ele>
        <time>2023-04-08T17:06:28.083Z</time>
      </trkpt>
      <trkpt lat="48.499734" lon="8.261708">
        <ele>907.644261</ele>
        <time>2023-04-08T17:06:38.672Z</time>
      </trkpt>
      <trkpt lat="48.500047" lon="8.261748">
        <ele>905.483428</ele>
        <time>2023-04-08T17:06:43.184Z</time>
      </trkpt>
      <trkpt lat="48.500366" lon="8.261571">
        <ele>902.298756</ele>
        <time>2023-04-08T17:06:48.014Z</time>
      </trkpt>
      <trkpt lat="48.500652" lon="8.261305">
        <ele>899.150887</ele>
        <time>2023-04-08T17:06:52.786Z</time>
      </trkpt>
      <trkpt lat="48.500911" lon="8.260960">
        <ele>895.913949</ele>
        <time>2023-04-08T17:06:57.691Z</time>
      </trkpt>
      <trkpt lat="48.501946" lon="8.259307">
        <ele>883.782139</ele>
        <time>2023-04-08T17:07:19.422Z</time>
      </trkpt>
      <trkpt lat="48.502683" lon="8.258385">
        <ele>877.207317</ele>
        <time>2023-04-08T17:07:34.205Z</time>
      </trkpt>
      <trkpt lat="48.503248" lon="8.257977">
        <ele>875.881712</ele>
        <time>2023-04-08T17:07:44.877Z</time>
      </trkpt>
      <trkpt lat="48.503584" lon="8.257820">
        <ele>875.271697</ele>
        <time>2023-04-08T17:07:51.382Z</time>
      </trkpt>
      <trkpt lat="48.503999" lon="8.257706">
        <ele>874.540136</ele>
        <time>2023-04-08T17:07:59.762Z</time>
      </trkpt>
      <trkpt lat="48.504307" lon="8.257712">
        <ele>874.005926</ele>
        <time>2023-04-08T17:08:06.610Z</time>
      </trkpt>
      <trkpt lat="48.504506" lon="8.257769">
        <ele>873.905383</ele>
        <time>2023-04-08T17:08:11.930Z</time>
      </trkpt>
      <trkpt lat="48.504787" lon="8.257949">
        <ele>874.549737</ele>
        <time>2023-04-08T17:08:20.687Z</time>
      </trkpt>
      <trkpt lat="48.505075" lon="8.258262">
        <ele>875.29886</ele>
        <time>2023-04-08T17:08:32.146Z</time>
      </trkpt>
      <trkpt lat="48.505258" lon="8.258503">
        <ele>875.811514</ele>
        <time>2023-04-08T17:08:40.522Z</time>
      </trkpt>
      <trkpt lat="48.505499" lon="8.258963">
        <ele>876.631667</ele>
        <time>2023-04-08T17:08:54.802Z</time>
      </trkpt>
      <trkpt lat="48.505625" lon="8.259395">
        <ele>877.29178</ele>
        <time>2023-04-08T17:09:06.598Z</time>
      </trkpt>
      <trkpt lat="48.505791" lon="8.260283">
        <ele>877.146616</ele>
        <time>2023-04-08T17:09:29.549Z</time>
      </trkpt>
      <trkpt lat="48.506024" lon="8.261157">
        <ele>876.605835</ele>
        <time>2023-04-08T17:09:46.373Z</time>
      </trkpt>
      <trkpt lat="48.506100" lon="8.262190">
        <ele>876.009233</ele>
        <time>2023-04-08T17:09:57.916Z</time>
      </trkpt>
      <trkpt lat="48.506214" lon="8.262531">
        <ele>873.339274</ele>
        <time>2023-04-08T17:10:01.685Z</time>
      </trkpt>
      <trkpt lat="48.506534" lon="8.262951">
        <ele>868.804523</ele>
        <time>2023-04-08T17:10:07.747Z</time>
      </trkpt>
      <trkpt lat="48.506850" lon="8.263077">
        <ele>865.309449</ele>
        <time>2023-04-08T17:10:12.251Z</time>
      </trkpt>
      <trkpt lat="48.507226" lon="8.263072">
        <ele>861.288532</ele>
        <time>2023-04-08T17:10:17.365Z</time>
      </trkpt>
      <trkpt lat="48.507529" lon="8.262927">
        <ele>857.889447</ele>
        <time>2023-04-08T17:10:21.662Z</time>
      </trkpt>
      <trkpt lat="48.508360" lon="8.262310">
        <ele>850.048016</ele>
        <time>2023-04-08T17:10:34.513Z</time>
      </trkpt>
      <trkpt lat="48.508719" lon="8.262059">
        <ele>846.810042</ele>
        <time>2023-04-08T17:10:40.451Z</time>
      </trkpt>
      <trkpt lat="48.509162" lon="8.261849">
        <ele>843.009904</ele>
        <time>2023-04-08T17:10:47.982Z</time>
      </trkpt>
      <trkpt lat="48.509378" lon="8.261789">
        <ele>841.846179</ele>
        <time>2023-04-08T17:10:51.667Z</time>
      </trkpt>
      <trkpt lat="48.509721" lon="8.261766">
        <ele>841.157339</ele>
        <time>2023-04-08T17:10:57.984Z</time>
      </trkpt>
      <trkpt lat="48.509894" lon="8.261786">
        <ele>840.809232</ele>
        <time>2023-04-08T17:11:01.686Z</time>
      </trkpt>
      <trkpt lat="48.510247" lon="8.261892">
        <ele>840.08713</ele>
        <time>2023-04-08T17:11:09.313Z</time>
      </trkpt>
      <trkpt lat="48.511886" lon="8.262465">
        <ele>835.635444</ele>
        <time>2023-04-08T17:11:39.842Z</time>
      </trkpt>
      <trkpt lat="48.512144" lon="8.262620">
        <ele>834.732043</ele>
        <time>2023-04-08T17:11:44.408Z</time>
      </trkpt>
      <trkpt lat="48.513811" lon="8.264081">
        <ele>826.278637</ele>
        <time>2023-04-08T17:12:15.668Z</time>
      </trkpt>
      <trkpt lat="48.513984" lon="8.264319">
        <ele>825.114857</ele>
        <time>2023-04-08T17:12:19.182Z</time>
      </trkpt>
      <trkpt lat="48.514519" lon="8.265214">
        <ele>820.757191</ele>
        <time>2023-04-08T17:12:31.528Z</time>
      </trkpt>
      <trkpt lat="48.514637" lon="8.265309">
        <ele>819.989501</ele>
        <time>2023-04-08T17:12:33.713Z</time>
      </trkpt>
      <trkpt lat="48.514725" lon="8.265289">
        <ele>819.478643</ele>
        <time>2023-04-08T17:12:35.036Z</time>
      </trkpt>
      <trkpt lat="48.514749" lon="8.265218">
        <ele>819.175533</ele>
        <time>2023-04-08T17:12:35.816Z</time>
      </trkpt>
      <trkpt lat="48.514746" lon="8.265101">
        <ele>818.730288</ele>
        <time>2023-04-08T17:12:37.054Z</time>
      </trkpt>
      <trkpt lat="48.514647" lon="8.264876">
        <ele>817.703141</ele>
        <time>2023-04-08T17:12:39.896Z</time>
      </trkpt>
      <trkpt lat="48.513892" lon="8.263756">
        <ele>811.850147</ele>
        <time>2023-04-08T17:12:56.201Z</time>
      </trkpt>
      <trkpt lat="48.512453" lon="8.261823">
        <ele>801.350994</ele>
        <time>2023-04-08T17:13:27.167Z</time>
      </trkpt>
      <trkpt lat="48.512088" lon="8.261454">
        <ele>798.229459</ele>
        <time>2023-04-08T17:13:33.891Z</time>
      </trkpt>
      <trkpt lat="48.510176" lon="8.259964">
        <ele>781.418379</ele>
        <time>2023-04-08T17:14:05.039Z</time>
      </trkpt>
      <trkpt lat="48.509680" lon="8.259646">
        <ele>776.914866</ele>
        <time>2023-04-08T17:14:12.898Z</time>
      </trkpt>
      <trkpt lat="48.509184" lon="8.259433">
        <ele>773.553706</ele>
        <time>2023-04-08T17:14:20.748Z</time>
      </trkpt>
      <trkpt lat="48.508805" lon="8.259348">
        <ele>771.122247</ele>
        <time>2023-04-08T17:14:26.664Z</time>
      </trkpt>
      <trkpt lat="48.508453" lon="8.259340">
        <ele>768.888275</ele>
        <time>2023-04-08T17:14:31.969Z</time>
      </trkpt>
      <trkpt lat="48.508047" lon="8.259479">
        <ele>766.246439</ele>
        <time>2023-04-08T17:14:38.207Z</time>
      </trkpt>
      <trkpt lat="48.507894" lon="8.259448">
        <ele>765.266824</ele>
        <time>2023-04-08T17:14:40.529Z</time>
      </trkpt>
      <trkpt lat="48.507758" lon="8.259335">
        <ele>764.935352</ele>
        <time>2023-04-08T17:14:42.929Z</time>
      </trkpt>
      <trkpt lat="48.507710" lon="8.259185">
        <ele>764.773197</ele>
        <time>2023-04-08T17:14:44.827Z</time>
      </trkpt>
      <trkpt lat="48.507695" lon="8.258927">
        <ele>764.521086</ele>
        <time>2023-04-08T17:14:47.722Z</time>
      </trkpt>
      <trkpt lat="48.507720" lon="8.258669">
        <ele>764.267268</ele>
        <time>2023-04-08T17:14:51.127Z</time>
      </trkpt>
      <trkpt lat="48.507831" lon="8.258329">
        <ele>763.8983</ele>
        <time>2023-04-08T17:14:56.277Z</time>
      </trkpt>
      <trkpt lat="48.507883" lon="8.258057">
        <ele>763.622724</ele>
        <time>2023-04-08T17:15:01.005Z</time>
      </trkpt>
      <trkpt lat="48.507899" lon="8.257768">
        <ele>763.340422</ele>
        <time>2023-04-08T17:15:05.946Z</time>
      </trkpt>
      <trkpt lat="48.507851" lon="8.257484">
        <ele>763.055114</ele>
        <time>2023-04-08T17:15:10.640Z</time>
      </trkpt>
      <trkpt lat="48.507821" lon="8.257385">
        <ele>762.949142</ele>
        <time>2023-04-08T17:15:12.170Z</time>
      </trkpt>
      <trkpt lat="48.507851" lon="8.257484">
        <ele>762.843171</ele>
        <time>2023-04-08T17:15:13.894Z</time>
      </trkpt>
      <trkpt lat="48.507899" lon="8.257768">
        <ele>762.557862</ele>
        <time>2023-04-08T17:15:18.013Z</time>
      </trkpt>
      <trkpt lat="48.507883" lon="8.258057">
        <ele>762.982974</ele>
        <time>2023-04-08T17:15:21.944Z</time>
      </trkpt>
      <trkpt lat="48.507831" lon="8.258329">
        <ele>763.618297</ele>
        <time>2023-04-08T17:15:25.839Z</time>
      </trkpt>
      <trkpt lat="48.507720" lon="8.258669">
        <ele>764.468932</ele>
        <time>2023-04-08T17:15:32.252Z</time>
      </trkpt>
      <trkpt lat="48.507695" lon="8.258927">
        <ele>765.054093</ele>
        <time>2023-04-08T17:15:37.054Z</time>
      </trkpt>
      <trkpt lat="48.507710" lon="8.259185">
        <ele>765.635319</ele>
        <time>2023-04-08T17:15:43.853Z</time>
      </trkpt>
      <trkpt lat="48.507758" lon="8.259335">
        <ele>766.009158</ele>
        <time>2023-04-08T17:15:48.024Z</time>
      </trkpt>
      <trkpt lat="48.507894" lon="8.259448">
        <ele>766.535025</ele>
        <time>2023-04-08T17:15:56.007Z</time>
      </trkpt>
      <trkpt lat="48.508047" lon="8.259479">
        <ele>767.057939</ele>
        <time>2023-04-08T17:16:04.784Z</time>
      </trkpt>
      <trkpt lat="48.508453" lon="8.259340">
        <ele>768.46814</ele>
        <time>2023-04-08T17:16:28.542Z</time>
      </trkpt>
      <trkpt lat="48.508805" lon="8.259348">
        <ele>770.85397</ele>
        <time>2023-04-08T17:16:48.403Z</time>
      </trkpt>
      <trkpt lat="48.509184" lon="8.259433">
        <ele>773.588117</ele>
        <time>2023-04-08T17:17:08.363Z</time>
      </trkpt>
      <trkpt lat="48.509680" lon="8.259646">
        <ele>777.267909</ele>
        <time>2023-04-08T17:17:36.208Z</time>
      </trkpt>
      <trkpt lat="48.510176" lon="8.259964">
        <ele>781.113279</ele>
        <time>2023-04-08T17:18:10.713Z</time>
      </trkpt>
      <trkpt lat="48.512088" lon="8.261454">
        <ele>798.589275</ele>
        <time>2023-04-08T17:20:33.111Z</time>
      </trkpt>
      <trkpt lat="48.512453" lon="8.261823">
        <ele>801.109932</ele>
        <time>2023-04-08T17:20:56.568Z</time>
      </trkpt>
      <trkpt lat="48.513892" lon="8.263756">
        <ele>810.235913</ele>
        <time>2023-04-08T17:22:21.963Z</time>
      </trkpt>
      <trkpt lat="48.514647" lon="8.264876">
        <ele>813.53319</ele>
        <time>2023-04-08T17:23:01.414Z</time>
      </trkpt>
      <trkpt lat="48.514746" lon="8.265101">
        <ele>813.577926</ele>
        <time>2023-04-08T17:23:05.753Z</time>
      </trkpt>
      <trkpt lat="48.514749" lon="8.265218">
        <ele>813.597319</ele>
        <time>2023-04-08T17:23:08.465Z</time>
      </trkpt>
      <trkpt lat="48.514725" lon="8.265289">
        <ele>813.61052</ele>
        <time>2023-04-08T17:23:11.129Z</time>
      </trkpt>
      <trkpt lat="48.515000" lon="8.265867">
        <ele>813.728382</ele>
        <time>2023-04-08T17:23:29.786Z</time>
      </trkpt>
      <trkpt lat="48.515175" lon="8.266398">
        <ele>813.82661</ele>
        <time>2023-04-08T17:23:44.117Z</time>
      </trkpt>
      <trkpt lat="48.515647" lon="8.268059">
        <ele>811.489854</ele>
        <time>2023-04-08T17:24:23.462Z</time>
      </trkpt>
      <trkpt lat="48.515700" lon="8.268293">
        <ele>810.922188</ele>
        <time>2023-04-08T17:24:28.378Z</time>
      </trkpt>
      <trkpt lat="48.515795" lon="8.270203">
        <ele>805.646718</ele>
        <time>2023-04-08T17:25:05.327Z</time>
      </trkpt>
      <trkpt lat="48.515847" lon="8.270744">
        <ele>803.465335</ele>
        <time>2023-04-08T17:25:15.544Z</time>
      </trkpt>
      <trkpt lat="48.516013" lon="8.271720">
        <ele>799.444442</ele>
        <time>2023-04-08T17:25:34.176Z</time>
      </trkpt>
      <trkpt lat="48.516124" lon="8.272137">
        <ele>797.651154</ele>
        <time>2023-04-08T17:25:42.334Z</time>
      </trkpt>
      <trkpt lat="48.516463" lon="8.272996">
        <ele>792.222239</ele>
        <time>2023-04-08T17:26:00.178Z</time>
      </trkpt>
      <trkpt lat="48.516799" lon="8.273635">
        <ele>787.511668</ele>
        <time>2023-04-08T17:26:14.606Z</time>
      </trkpt>
      <trkpt lat="48.517290" lon="8.274429">
        <ele>781.240088</ele>
        <time>2023-04-08T17:26:33.291Z</time>
      </trkpt>
      <trkpt lat="48.518079" lon="8.275488">
        <ele>767.207993</ele>
        <time>2023-04-08T17:26:59.525Z</time>
      </trkpt>
      <trkpt lat="48.518331" lon="8.275631">
        <ele>763.624826</ele>
        <time>2023-04-08T17:27:06.068Z</time>
      </trkpt>
      <trkpt lat="48.518542" lon="8.275870">
        <ele>760.113911</ele>
        <time>2023-04-08T17:27:12.448Z</time>
      </trkpt>
      <trkpt lat="48.518956" lon="8.276186">
        <ele>753.27796</ele>
        <time>2023-04-08T17:27:23.606Z</time>
      </trkpt>
      <trkpt lat="48.519973" lon="8.276661">
        <ele>736.289355</ele>
        <time>2023-04-08T17:27:48.989Z</time>
      </trkpt>
      <trkpt lat="48.520723" lon="8.276880">
        <ele>724.603752</ele>
        <time>2023-04-08T17:28:07.393Z</time>
      </trkpt>
      <trkpt lat="48.523138" lon="8.277566">
        <ele>689.649803</ele>
        <time>2023-04-08T17:29:07.549Z</time>
      </trkpt>
      <trkpt lat="48.524230" lon="8.277545">
        <ele>673.645626</ele>
        <time>2023-04-08T17:29:34.047Z</time>
      </trkpt>
      <trkpt lat="48.524816" lon="8.277401">
        <ele>664.25349</ele>
        <time>2023-04-08T17:29:48.288Z</time>
      </trkpt>
      <trkpt lat="48.525047" lon="8.277227">
        <ele>660.169724</ele>
        <time>2023-04-08T17:29:54.431Z</time>
      </trkpt>
      <trkpt lat="48.525090" lon="8.277163">
        <ele>659.214563</ele>
        <time>2023-04-08T17:29:55.861Z</time>
      </trkpt>
      <trkpt lat="48.525116" lon="8.277060">
        <ele>658.059701</ele>
        <time>2023-04-08T17:29:57.614Z</time>
      </trkpt>
      <trkpt lat="48.525103" lon="8.276916">
        <ele>656.537053</ele>
        <time>2023-04-08T17:29:59.893Z</time>
      </trkpt>
      <trkpt lat="48.524842" lon="8.276216">
        <ele>648.259974</ele>
        <time>2023-04-08T17:30:12.645Z</time>
      </trkpt>
      <trkpt lat="48.524686" lon="8.275948">
        <ele>645.227711</ele>
        <time>2023-04-08T17:30:15.828Z</time>
      </trkpt>
      <trkpt lat="48.524611" lon="8.275696">
        <ele>642.879775</ele>
        <time>2023-04-08T17:30:18.293Z</time>
      </trkpt>
      <trkpt lat="48.524605" lon="8.275517">
        <ele>641.356586</ele>
        <time>2023-04-08T17:30:19.899Z</time>
      </trkpt>
      <trkpt lat="48.524653" lon="8.275395">
        <ele>640.150611</ele>
        <time>2023-04-08T17:30:22.190Z</time>
      </trkpt>
      <trkpt lat="48.524750" lon="8.275293">
        <ele>638.633805</ele>
        <time>2023-04-08T17:30:25.094Z</time>
      </trkpt>
      <trkpt lat="48.525138" lon="8.275124">
        <ele>633.451999</ele>
        <time>2023-04-08T17:30:35.103Z</time>
      </trkpt>
      <trkpt lat="48.525345" lon="8.275171">
        <ele>630.765928</ele>
        <time>2023-04-08T17:30:38.145Z</time>
      </trkpt>
      <trkpt lat="48.525405" lon="8.275185">
        <ele>629.986873</ele>
        <time>2023-04-08T17:30:39.024Z</time>
      </trkpt>
      <trkpt lat="48.525491" lon="8.275178">
        <ele>628.881726</ele>
        <time>2023-04-08T17:30:40.290Z</time>
      </trkpt>
      <trkpt lat="48.525647" lon="8.275089">
        <ele>626.74182</ele>
        <time>2023-04-08T17:30:42.765Z</time>
      </trkpt>
      <trkpt lat="48.525752" lon="8.274991">
        <ele>625.461106</ele>
        <time>2023-04-08T17:30:44.581Z</time>
      </trkpt>
      <trkpt lat="48.525799" lon="8.274959">
        <ele>625.123044</ele>
        <time>2023-04-08T17:30:45.356Z</time>
      </trkpt>
      <trkpt lat="48.526308" lon="8.274845">
        <ele>621.749</ele>
        <time>2023-04-08T17:30:53.263Z</time>
      </trkpt>
      <trkpt lat="48.526746" lon="8.275021">
        <ele>618.777065</ele>
        <time>2023-04-08T17:31:00.583Z</time>
      </trkpt>
      <trkpt lat="48.526879" lon="8.275025">
        <ele>617.904807</ele>
        <time>2023-04-08T17:31:02.785Z</time>
      </trkpt>
      <trkpt lat="48.527459" lon="8.274864">
        <ele>614.038001</ele>
        <time>2023-04-08T17:31:12.638Z</time>
      </trkpt>
      <trkpt lat="48.527622" lon="8.275155">
        <ele>613.185803</ele>
        <time>2023-04-08T17:31:16.848Z</time>
      </trkpt>
      <trkpt lat="48.528348" lon="8.276461">
        <ele>609.493806</ele>
        <time>2023-04-08T17:31:36.201Z</time>
      </trkpt>
      <trkpt lat="48.529019" lon="8.277663">
        <ele>607.14527</ele>
        <time>2023-04-08T17:31:54.532Z</time>
      </trkpt>
      <trkpt lat="48.529167" lon="8.277926">
        <ele>606.789643</ele>
        <time>2023-04-08T17:31:58.720Z</time>
      </trkpt>
      <trkpt lat="48.529285" lon="8.278139">
        <ele>606.503495</ele>
        <time>2023-04-08T17:32:02.469Z</time>
      </trkpt>
      <trkpt lat="48.529628" lon="8.278767">
        <ele>605.664709</ele>
        <time>2023-04-08T17:32:13.248Z</time>
      </trkpt>
      <trkpt lat="48.529668" lon="8.278838">
        <ele>605.568658</ele>
        <time>2023-04-08T17:32:14.583Z</time>
      </trkpt>
      <trkpt lat="48.529781" lon="8.279051">
        <ele>605.302626</ele>
        <time>2023-04-08T17:32:18.457Z</time>
      </trkpt>
      <trkpt lat="48.529872" lon="8.279287">
        <ele>605.265321</ele>
        <time>2023-04-08T17:32:22.139Z</time>
      </trkpt>
      <trkpt lat="48.530063" lon="8.280089">
        <ele>605.148896</ele>
        <time>2023-04-08T17:32:34.357Z</time>
      </trkpt>
      <trkpt lat="48.530226" lon="8.280632">
        <ele>605.067457</ele>
        <time>2023-04-08T17:32:43.463Z</time>
      </trkpt>
      <trkpt lat="48.531129" lon="8.282710">
        <ele>604.505008</ele>
        <time>2023-04-08T17:33:18.971Z</time>
      </trkpt>
      <trkpt lat="48.531529" lon="8.283384">
        <ele>604.247575</ele>
        <time>2023-04-08T17:33:31.116Z</time>
      </trkpt>
      <trkpt lat="48.531930" lon="8.283962">
        <ele>603.931494</ele>
        <time>2023-04-08T17:33:42.877Z</time>
      </trkpt>
      <trkpt lat="48.532262" lon="8.284366">
        <ele>603.654343</ele>
        <time>2023-04-08T17:33:51.581Z</time>
      </trkpt>
      <trkpt lat="48.532455" lon="8.284590">
        <ele>603.496118</ele>
        <time>2023-04-08T17:33:56.500Z</time>
      </trkpt>
      <trkpt lat="48.532542" lon="8.284743">
        <ele>603.409312</ele>
        <time>2023-04-08T17:33:59.187Z</time>
      </trkpt>
      <trkpt lat="48.532646" lon="8.285070">
        <ele>603.253166</ele>
        <time>2023-04-08T17:34:04.219Z</time>
      </trkpt>
      <trkpt lat="48.532706" lon="8.285810">
        <ele>602.882392</ele>
        <time>2023-04-08T17:34:14.652Z</time>
      </trkpt>
      <trkpt lat="48.532784" lon="8.286343">
        <ele>602.451968</ele>
        <time>2023-04-08T17:34:22.021Z</time>
      </trkpt>
      <trkpt lat="48.532864" lon="8.286872">
        <ele>602.0241</ele>
        <time>2023-04-08T17:34:29.045Z</time>
      </trkpt>
      <trkpt lat="48.533073" lon="8.287813">
        <ele>601.241478</ele>
        <time>2023-04-08T17:34:41.410Z</time>
      </trkpt>
      <trkpt lat="48.533105" lon="8.288062">
        <ele>601.041473</ele>
        <time>2023-04-08T17:34:44.541Z</time>
      </trkpt>
      <trkpt lat="48.533599" lon="8.288106">
        <ele>600.691889</ele>
        <time>2023-04-08T17:34:55.238Z</time>
      </trkpt>
      <trkpt lat="48.533876" lon="8.288075">
        <ele>600.560212</ele>
        <time>2023-04-08T17:35:01.440Z</time>
      </trkpt>
      <trkpt lat="48.534748" lon="8.287442">
        <ele>600.101548</ele>
        <time>2023-04-08T17:35:24.093Z</time>
      </trkpt>
      <trkpt lat="48.534768" lon="8.287430">
        <ele>600.091345</ele>
        <time>2023-04-08T17:35:24.745Z</time>
      </trkpt>
      <trkpt lat="48.534788" lon="8.287495">
        <ele>600.068846</ele>
        <time>2023-04-08T17:35:25.863Z</time>
      </trkpt>
      <trkpt lat="48.534827" lon="8.287615">
        <ele>600.026884</ele>
        <time>2023-04-08T17:35:29.436Z</time>
      </trkpt>
      <trkpt lat="48.534851" lon="8.287681">
        <ele>600.003247</ele>
        <time>2023-04-08T17:35:30.786Z</time>
      </trkpt>
      <trkpt lat="48.535323" lon="8.287151">
        <ele>601.046368</ele>
        <time>2023-04-08T17:35:47.423Z</time>
      </trkpt>
      <trkpt lat="48.535432" lon="8.286943">
        <ele>601.36581</ele>
        <time>2023-04-08T17:35:52.662Z</time>
      </trkpt>
      <trkpt lat="48.535796" lon="8.285614">
        <ele>603.097793</ele>
        <time>2023-04-08T17:36:24.482Z</time>
      </trkpt>
      <trkpt lat="48.536010" lon="8.284861">
        <ele>605.025495</ele>
        <time>2023-04-08T17:36:45.208Z</time>
      </trkpt>
      <trkpt lat="48.536124" lon="8.284377">
        <ele>606.357779</ele>
        <time>2023-04-08T17:36:58.479Z</time>
      </trkpt>
      <trkpt lat="48.536399" lon="8.283403">
        <ele>609.103852</ele>
        <time>2023-04-08T17:37:26.343Z</time>
      </trkpt>
      <trkpt lat="48.536670" lon="8.282698">
        <ele>611.995079</ele>
        <time>2023-04-08T17:37:54.024Z</time>
      </trkpt>
      <trkpt lat="48.537025" lon="8.281955">
        <ele>616.413362</ele>
        <time>2023-04-08T17:38:30.253Z</time>
      </trkpt>
      <trkpt lat="48.537169" lon="8.281681">
        <ele>618.100242</ele>
        <time>2023-04-08T17:38:44.706Z</time>
      </trkpt>
      <trkpt lat="48.537363" lon="8.281383">
        <ele>620.115464</ele>
        <time>2023-04-08T17:39:01.937Z</time>
      </trkpt>
      <trkpt lat="48.537532" lon="8.281203">
        <ele>621.621527</ele>
        <time>2023-04-08T17:39:14.867Z</time>
      </trkpt>
      <trkpt lat="48.537736" lon="8.281066">
        <ele>623.247466</ele>
        <time>2023-04-08T17:39:28.791Z</time>
      </trkpt>
      <trkpt lat="48.538198" lon="8.280937">
        <ele>626.496711</ele>
        <time>2023-04-08T17:39:57.569Z</time>
      </trkpt>
      <trkpt lat="48.538444" lon="8.280831">
        <ele>628.261117</ele>
        <time>2023-04-08T17:40:13.198Z</time>
      </trkpt>
      <trkpt lat="48.538854" lon="8.280560">
        <ele>631.347907</ele>
        <time>2023-04-08T17:40:39.988Z</time>
      </trkpt>
      <trkpt lat="48.539037" lon="8.280341">
        <ele>632.958284</ele>
        <time>2023-04-08T17:40:52.476Z</time>
      </trkpt>
      <trkpt lat="48.539522" lon="8.279630">
        <ele>637.124883</ele>
        <time>2023-04-08T17:41:24.949Z</time>
      </trkpt>
      <trkpt lat="48.540890" lon="8.277721">
        <ele>646.076375</ele>
        <time>2023-04-08T17:42:52.712Z</time>
      </trkpt>
      <trkpt lat="48.541584" lon="8.277087">
        <ele>649.224945</ele>
        <time>2023-04-08T17:43:27.373Z</time>
      </trkpt>
      <trkpt lat="48.541626" lon="8.276917">
        <ele>649.691305</ele>
        <time>2023-04-08T17:43:31.739Z</time>
      </trkpt>
      <trkpt lat="48.541880" lon="8.276661">
        <ele>650.876702</ele>
        <time>2023-04-08T17:43:43.747Z</time>
      </trkpt>
      <trkpt lat="48.542011" lon="8.276373">
        <ele>651.774767</ele>
        <time>2023-04-08T17:43:52.388Z</time>
      </trkpt>
      <trkpt lat="48.542168" lon="8.275812">
        <ele>653.075511</ele>
        <time>2023-04-08T17:44:07.331Z</time>
      </trkpt>
      <trkpt lat="48.542401" lon="8.274761">
        <ele>655.435735</ele>
        <time>2023-04-08T17:44:31.260Z</time>
      </trkpt>
      <trkpt lat="48.542977" lon="8.273276">
        <ele>660.036259</ele>
        <time>2023-04-08T17:45:20.987Z</time>
      </trkpt>
      <trkpt lat="48.543437" lon="8.272098">
        <ele>664.742384</ele>
        <time>2023-04-08T17:46:07.606Z</time>
      </trkpt>
      <trkpt lat="48.543680" lon="8.271397">
        <ele>667.242185</ele>
        <time>2023-04-08T17:46:34.008Z</time>
      </trkpt>
      <trkpt lat="48.543891" lon="8.270945">
        <ele>668.351726</ele>
        <time>2023-04-08T17:46:51.549Z</time>
      </trkpt>
      <trkpt lat="48.544464" lon="8.269962">
        <ele>670.979247</ele>
        <time>2023-04-08T17:47:23.493Z</time>
      </trkpt>
      <trkpt lat="48.544596" lon="8.269784">
        <ele>671.515448</ele>
        <time>2023-04-08T17:47:28.212Z</time>
      </trkpt>
      <trkpt lat="48.545037" lon="8.269306">
        <ele>672.478887</ele>
        <time>2023-04-08T17:47:42.980Z</time>
      </trkpt>
      <trkpt lat="48.545125" lon="8.269081">
        <ele>672.544904</ele>
        <time>2023-04-08T17:47:47.079Z</time>
      </trkpt>
      <trkpt lat="48.545883" lon="8.268521">
        <ele>672.866882</ele>
        <time>2023-04-08T17:48:08.582Z</time>
      </trkpt>
      <trkpt lat="48.546219" lon="8.268395">
        <ele>672.998984</ele>
        <time>2023-04-08T17:48:17.203Z</time>
      </trkpt>
      <trkpt lat="48.546439" lon="8.268250">
        <ele>673.060697</ele>
        <time>2023-04-08T17:48:23.395Z</time>
      </trkpt>
      <trkpt lat="48.546604" lon="8.268081">
        <ele>673.040147</ele>
        <time>2023-04-08T17:48:28.490Z</time>
      </trkpt>
      <trkpt lat="48.546840" lon="8.267754">
        <ele>673.007136</ele>
        <time>2023-04-08T17:48:36.557Z</time>
      </trkpt>
      <trkpt lat="48.547440" lon="8.266482">
        <ele>672.900555</ele>
        <time>2023-04-08T17:49:01.450Z</time>
      </trkpt>
      <trkpt lat="48.547973" lon="8.265750">
        <ele>673.738487</ele>
        <time>2023-04-08T17:49:18.692Z</time>
      </trkpt>
      <trkpt lat="48.548119" lon="8.265522">
        <ele>674.073603</ele>
        <time>2023-04-08T17:49:24.171Z</time>
      </trkpt>
      <trkpt lat="48.548231" lon="8.265265">
        <ele>674.398657</ele>
        <time>2023-04-08T17:49:30.097Z</time>
      </trkpt>
      <trkpt lat="48.548420" lon="8.264809">
        <ele>674.96702</ele>
        <time>2023-04-08T17:49:42.314Z</time>
      </trkpt>
      <trkpt lat="48.548706" lon="8.263862">
        <ele>676.601432</ele>
        <time>2023-04-08T17:50:12.204Z</time>
      </trkpt>
      <trkpt lat="48.548738" lon="8.263542">
        <ele>677.524409</ele>
        <time>2023-04-08T17:50:22.946Z</time>
      </trkpt>
      <trkpt lat="48.548721" lon="8.263283">
        <ele>678.266686</ele>
        <time>2023-04-08T17:50:31.829Z</time>
      </trkpt>
      <trkpt lat="48.548562" lon="8.262460">
        <ele>680.711757</ele>
        <time>2023-04-08T17:51:01.430Z</time>
      </trkpt>
      <trkpt lat="48.548527" lon="8.262117">
        <ele>681.701532</ele>
        <time>2023-04-08T17:51:12.381Z</time>
      </trkpt>
      <trkpt lat="48.548570" lon="8.260803">
        <ele>684.276988</ele>
        <time>2023-04-08T17:51:47.360Z</time>
      </trkpt>
      <trkpt lat="48.548616" lon="8.260533">
        <ele>684.593008</ele>
        <time>2023-04-08T17:51:53.770Z</time>
      </trkpt>
      <trkpt lat="48.548659" lon="8.260405">
        <ele>684.75571</ele>
        <time>2023-04-08T17:51:56.881Z</time>
      </trkpt>
      <trkpt lat="48.549018" lon="8.259879">
        <ele>685.612068</ele>
        <time>2023-04-08T17:52:11.470Z</time>
      </trkpt>
      <trkpt lat="48.549300" lon="8.259529">
        <ele>686.237006</ele>
        <time>2023-04-08T17:52:21.715Z</time>
      </trkpt>
      <trkpt lat="48.549571" lon="8.259040">
        <ele>687.015877</ele>
        <time>2023-04-08T17:52:33.943Z</time>
      </trkpt>
      <trkpt lat="48.549962" lon="8.258216">
        <ele>688.334742</ele>
        <time>2023-04-08T17:52:55.388Z</time>
      </trkpt>
      <trkpt lat="48.550084" lon="8.257753">
        <ele>688.983004</ele>
        <time>2023-04-08T17:53:07.528Z</time>
      </trkpt>
      <trkpt lat="48.550078" lon="8.257449">
        <ele>689.378642</ele>
        <time>2023-04-08T17:53:15.613Z</time>
      </trkpt>
      <trkpt lat="48.550011" lon="8.257264">
        <ele>689.652965</ele>
        <time>2023-04-08T17:53:21.054Z</time>
      </trkpt>
      <trkpt lat="48.549874" lon="8.257074">
        <ele>690.018441</ele>
        <time>2023-04-08T17:53:28.558Z</time>
      </trkpt>
      <trkpt lat="48.549711" lon="8.256705">
        <ele>690.635077</ele>
        <time>2023-04-08T17:53:40.194Z</time>
      </trkpt>
      <trkpt lat="48.549671" lon="8.256518">
        <ele>690.911782</ele>
        <time>2023-04-08T17:53:45.161Z</time>
      </trkpt>
      <trkpt lat="48.549624" lon="8.255704">
        <ele>692.06226</ele>
        <time>2023-04-08T17:54:04.715Z</time>
      </trkpt>
      <trkpt lat="48.549430" lon="8.254764">
        <ele>693.448634</ele>
        <time>2023-04-08T17:54:26.275Z</time>
      </trkpt>
      <trkpt lat="48.549398" lon="8.254524">
        <ele>693.793346</ele>
        <time>2023-04-08T17:54:31.491Z</time>
      </trkpt>
      <trkpt lat="48.549320" lon="8.253327">
        <ele>695.803061</ele>
        <time>2023-04-08T17:54:57.428Z</time>
      </trkpt>
      <trkpt lat="48.549116" lon="8.252369">
        <ele>697.509824</ele>
        <time>2023-04-08T17:55:22.308Z</time>
      </trkpt>
      <trkpt lat="48.549006" lon="8.252062">
        <ele>698.101875</ele>
        <time>2023-04-08T17:55:32.106Z</time>
      </trkpt>
      <trkpt lat="48.548971" lon="8.251969">
        <ele>698.283312</ele>
        <time>2023-04-08T17:55:35.222Z</time>
      </trkpt>
      <trkpt lat="48.548660" lon="8.251148">
        <ele>700.526137</ele>
        <time>2023-04-08T17:56:04.480Z</time>
      </trkpt>
      <trkpt lat="48.548595" lon="8.250924">
        <ele>701.138842</ele>
        <time>2023-04-08T17:56:12.270Z</time>
      </trkpt>
      <trkpt lat="48.548429" lon="8.250070">
        <ele>703.368591</ele>
        <time>2023-04-08T17:56:39.163Z</time>
      </trkpt>
      <trkpt lat="48.548374" lon="8.249889">
        <ele>703.867519</ele>
        <time>2023-04-08T17:56:44.846Z</time>
      </trkpt>
      <trkpt lat="48.548105" lon="8.249241">
        <ele>705.46454</ele>
        <time>2023-04-08T17:57:05.295Z</time>
      </trkpt>
      <trkpt lat="48.548056" lon="8.248998">
        <ele>705.62618</ele>
        <time>2023-04-08T17:57:11.705Z</time>
      </trkpt>
      <trkpt lat="48.548043" lon="8.248743">
        <ele>705.788921</ele>
        <time>2023-04-08T17:57:18.018Z</time>
      </trkpt>
      <trkpt lat="48.548079" lon="8.248437">
        <ele>705.986685</ele>
        <time>2023-04-08T17:57:25.199Z</time>
      </trkpt>
      <trkpt lat="48.548084" lon="8.247972">
        <ele>706.282612</ele>
        <time>2023-04-08T17:57:34.620Z</time>
      </trkpt>
      <trkpt lat="48.548020" lon="8.247476">
        <ele>706.604165</ele>
        <time>2023-04-08T17:57:43.249Z</time>
      </trkpt>
      <trkpt lat="48.548002" lon="8.247164">
        <ele>706.803449</ele>
        <time>2023-04-08T17:57:48.079Z</time>
      </trkpt>
      <trkpt lat="48.548022" lon="8.246548">
        <ele>707.137974</ele>
        <time>2023-04-08T17:57:57.011Z</time>
      </trkpt>
      <trkpt lat="48.547908" lon="8.245694">
        <ele>707.40339</ele>
        <time>2023-04-08T17:58:09.795Z</time>
      </trkpt>
      <trkpt lat="48.547978" lon="8.244716">
        <ele>707.703083</ele>
        <time>2023-04-08T17:58:25.560Z</time>
      </trkpt>
      <trkpt lat="48.548087" lon="8.244071">
        <ele>707.90589</ele>
        <time>2023-04-08T17:58:46.093Z</time>
      </trkpt>
      <trkpt lat="48.548104" lon="8.243922">
        <ele>708.519346</ele>
        <time>2023-04-08T17:58:50.233Z</time>
      </trkpt>
      <trkpt lat="48.548096" lon="8.243670">
        <ele>709.702542</ele>
        <time>2023-04-08T17:58:57.448Z</time>
      </trkpt>
      <trkpt lat="48.547969" lon="8.243360">
        <ele>711.412273</ele>
        <time>2023-04-08T17:59:09.945Z</time>
      </trkpt>
      <trkpt lat="48.547918" lon="8.243161">
        <ele>712.413049</ele>
        <time>2023-04-08T17:59:17.192Z</time>
      </trkpt>
      <trkpt lat="48.547911" lon="8.242994">
        <ele>713.197823</ele>
        <time>2023-04-08T17:59:23.706Z</time>
      </trkpt>
      <trkpt lat="48.547935" lon="8.242796">
        <ele>714.141851</ele>
        <time>2023-04-08T17:59:32.250Z</time>
      </trkpt>
      <trkpt lat="48.547977" lon="8.242663">
        <ele>714.832935</ele>
        <time>2023-04-08T17:59:37.985Z</time>
      </trkpt>
      <trkpt lat="48.548271" lon="8.242089">
        <ele>718.236582</ele>
        <time>2023-04-08T18:00:11.409Z</time>
      </trkpt>
      <trkpt lat="48.548329" lon="8.241865">
        <ele>719.364601</ele>
        <time>2023-04-08T18:00:23.557Z</time>
      </trkpt>
      <trkpt lat="48.548397" lon="8.241400">
        <ele>721.880401</ele>
        <time>2023-04-08T18:00:47.347Z</time>
      </trkpt>
      <trkpt lat="48.548568" lon="8.240869">
        <ele>725.479195</ele>
        <time>2023-04-08T18:01:17.958Z</time>
      </trkpt>
      <trkpt lat="48.548609" lon="8.240334">
        <ele>728.76153</ele>
        <time>2023-04-08T18:01:46.198Z</time>
      </trkpt>
      <trkpt lat="48.548601" lon="8.239951">
        <ele>731.096886</ele>
        <time>2023-04-08T18:02:05.085Z</time>
      </trkpt>
      <trkpt lat="48.548721" lon="8.239434">
        <ele>734.435807</ele>
        <time>2023-04-08T18:02:29.770Z</time>
      </trkpt>
      <trkpt lat="48.548800" lon="8.238697">
        <ele>738.171542</ele>
        <time>2023-04-08T18:02:59.364Z</time>
      </trkpt>
      <trkpt lat="48.549009" lon="8.238074">
        <ele>740.471802</ele>
        <time>2023-04-08T18:03:23.480Z</time>
      </trkpt>
      <trkpt lat="48.549287" lon="8.237462">
        <ele>742.916296</ele>
        <time>2023-04-08T18:03:46.168Z</time>
      </trkpt>
      <trkpt lat="48.549475" lon="8.237143">
        <ele>744.322929</ele>
        <time>2023-04-08T18:03:58.623Z</time>
      </trkpt>
      <trkpt lat="48.549579" lon="8.237045">
        <ele>744.932758</ele>
        <time>2023-04-08T18:04:03.903Z</time>
      </trkpt>
      <trkpt lat="48.549957" lon="8.236849">
        <ele>747.025169</ele>
        <time>2023-04-08T18:04:21.327Z</time>
      </trkpt>
      <trkpt lat="48.550133" lon="8.236686">
        <ele>748.193203</ele>
        <time>2023-04-08T18:04:30.433Z</time>
      </trkpt>
      <trkpt lat="48.550490" lon="8.236263">
        <ele>750.760268</ele>
        <time>2023-04-08T18:04:51.934Z</time>
      </trkpt>
      <trkpt lat="48.550739" lon="8.236085">
        <ele>752.318863</ele>
        <time>2023-04-08T18:05:06.873Z</time>
      </trkpt>
      <trkpt lat="48.551375" lon="8.235452">
        <ele>756.684609</ele>
        <time>2023-04-08T18:05:52.617Z</time>
      </trkpt>
      <trkpt lat="48.551889" lon="8.235337">
        <ele>760.199722</ele>
        <time>2023-04-08T18:06:26.237Z</time>
      </trkpt>
      <trkpt lat="48.552047" lon="8.235204">
        <ele>761.423313</ele>
        <time>2023-04-08T18:06:37.871Z</time>
      </trkpt>
      <trkpt lat="48.552158" lon="8.235157">
        <ele>762.203159</ele>
        <time>2023-04-08T18:06:45.262Z</time>
      </trkpt>
      <trkpt lat="48.552622" lon="8.235172">
        <ele>765.342816</ele>
        <time>2023-04-08T18:07:13.421Z</time>
      </trkpt>
      <trkpt lat="48.552989" lon="8.235240">
        <ele>767.844157</ele>
        <time>2023-04-08T18:07:33.210Z</time>
      </trkpt>
      <trkpt lat="48.553441" lon="8.235656">
        <ele>769.91369</ele>
        <time>2023-04-08T18:07:57.965Z</time>
      </trkpt>
      <trkpt lat="48.553707" lon="8.235719">
        <ele>770.791933</ele>
        <time>2023-04-08T18:08:09.163Z</time>
      </trkpt>
      <trkpt lat="48.554000" lon="8.235606">
        <ele>771.778297</ele>
        <time>2023-04-08T18:08:20.283Z</time>
      </trkpt>
      <trkpt lat="48.554162" lon="8.235467">
        <ele>772.385987</ele>
        <time>2023-04-08T18:08:26.642Z</time>
      </trkpt>
      <trkpt lat="48.554491" lon="8.235054">
        <ele>773.781239</ele>
        <time>2023-04-08T18:08:41.687Z</time>
      </trkpt>
      <trkpt lat="48.554645" lon="8.234835">
        <ele>774.528261</ele>
        <time>2023-04-08T18:08:49.503Z</time>
      </trkpt>
      <trkpt lat="48.554800" lon="8.234656">
        <ele>775.53812</ele>
        <time>2023-04-08T18:08:56.493Z</time>
      </trkpt>
      <trkpt lat="48.555306" lon="8.234886">
        <ele>778.27325</ele>
        <time>2023-04-08T18:09:18.054Z</time>
      </trkpt>
      <trkpt lat="48.556160" lon="8.235141">
        <ele>782.779228</ele>
        <time>2023-04-08T18:10:03.047Z</time>
      </trkpt>
      <trkpt lat="48.556337" lon="8.235236">
        <ele>783.809801</ele>
        <time>2023-04-08T18:10:14.321Z</time>
      </trkpt>
      <trkpt lat="48.556644" lon="8.235184">
        <ele>786.785522</ele>
        <time>2023-04-08T18:10:34.028Z</time>
      </trkpt>
      <trkpt lat="48.556994" lon="8.235261">
        <ele>790.192472</ele>
        <time>2023-04-08T18:10:59.153Z</time>
      </trkpt>
      <trkpt lat="48.557123" lon="8.235225">
        <ele>791.456091</ele>
        <time>2023-04-08T18:11:08.893Z</time>
      </trkpt>
      <trkpt lat="48.557163" lon="8.235182">
        <ele>791.928971</ele>
        <time>2023-04-08T18:11:12.509Z</time>
      </trkpt>
      <trkpt lat="48.557263" lon="8.234750">
        <ele>794.84678</ele>
        <time>2023-04-08T18:11:35.908Z</time>
      </trkpt>
      <trkpt lat="48.557477" lon="8.234488">
        <ele>797.499968</ele>
        <time>2023-04-08T18:11:57.146Z</time>
      </trkpt>
      <trkpt lat="48.557591" lon="8.234438">
        <ele>798.643413</ele>
        <time>2023-04-08T18:12:06.101Z</time>
      </trkpt>
      <trkpt lat="48.557677" lon="8.234451">
        <ele>799.475949</ele>
        <time>2023-04-08T18:12:12.428Z</time>
      </trkpt>
      <trkpt lat="48.557763" lon="8.234508">
        <ele>800.380552</ele>
        <time>2023-04-08T18:12:19.328Z</time>
      </trkpt>
      <trkpt lat="48.557894" lon="8.234930">
        <ele>803.268828</ele>
        <time>2023-04-08T18:12:41.397Z</time>
      </trkpt>
      <trkpt lat="48.558310" lon="8.235546">
        <ele>808.679893</ele>
        <time>2023-04-08T18:13:22.004Z</time>
      </trkpt>
      <trkpt lat="48.558503" lon="8.235670">
        <ele>810.628183</ele>
        <time>2023-04-08T18:13:36.069Z</time>
      </trkpt>
      <trkpt lat="48.558608" lon="8.235685">
        <ele>811.607956</ele>
        <time>2023-04-08T18:13:43.233Z</time>
      </trkpt>
      <trkpt lat="48.558676" lon="8.235648">
        <ele>812.279373</ele>
        <time>2023-04-08T18:13:48.318Z</time>
      </trkpt>
      <trkpt lat="48.558715" lon="8.235556">
        <ele>812.951108</ele>
        <time>2023-04-08T18:13:53.262Z</time>
      </trkpt>
      <trkpt lat="48.558712" lon="8.235367">
        <ele>814.113497</ele>
        <time>2023-04-08T18:14:01.933Z</time>
      </trkpt>
      <trkpt lat="48.558979" lon="8.233667">
        <ele>823.670085</ele>
        <time>2023-04-08T18:15:16.647Z</time>
      </trkpt>
      <trkpt lat="48.558990" lon="8.233436">
        <ele>824.857439</ele>
        <time>2023-04-08T18:15:25.552Z</time>
      </trkpt>
      <trkpt lat="48.559045" lon="8.233183">
        <ele>826.222698</ele>
        <time>2023-04-08T18:15:35.151Z</time>
      </trkpt>
      <trkpt lat="48.559219" lon="8.232668">
        <ele>829.187127</ele>
        <time>2023-04-08T18:15:56.788Z</time>
      </trkpt>
      <trkpt lat="48.559243" lon="8.232519">
        <ele>829.973314</ele>
        <time>2023-04-08T18:16:02.981Z</time>
      </trkpt>
      <trkpt lat="48.559122" lon="8.231427">
        <ele>835.96485</ele>
        <time>2023-04-08T18:16:47.242Z</time>
      </trkpt>
      <trkpt lat="48.559006" lon="8.231073">
        <ele>838.149611</ele>
        <time>2023-04-08T18:17:03.380Z</time>
      </trkpt>
      <trkpt lat="48.558627" lon="8.228973">
        <ele>851.089392</ele>
        <time>2023-04-08T18:18:38.913Z</time>
      </trkpt>
      <trkpt lat="48.558676" lon="8.228025">
        <ele>857.6996</ele>
        <time>2023-04-08T18:19:27.748Z</time>
      </trkpt>
      <trkpt lat="48.558717" lon="8.227761">
        <ele>859.584674</ele>
        <time>2023-04-08T18:19:42.433Z</time>
      </trkpt>
      <trkpt lat="48.558870" lon="8.227293">
        <ele>863.213277</ele>
        <time>2023-04-08T18:20:10.061Z</time>
      </trkpt>
      <trkpt lat="48.559105" lon="8.226684">
        <ele>867.767201</ele>
        <time>2023-04-08T18:20:45.481Z</time>
      </trkpt>
      <trkpt lat="48.559442" lon="8.225969">
        <ele>873.036655</ele>
        <time>2023-04-08T18:21:28.670Z</time>
      </trkpt>
      <trkpt lat="48.559487" lon="8.225831">
        <ele>873.960185</ele>
        <time>2023-04-08T18:21:36.462Z</time>
      </trkpt>
      <trkpt lat="48.559611" lon="8.225323">
        <ele>877.21058</ele>
        <time>2023-04-08T18:22:01.693Z</time>
      </trkpt>
      <trkpt lat="48.559716" lon="8.224581">
        <ele>881.765586</ele>
        <time>2023-04-08T18:22:32.197Z</time>
      </trkpt>
      <trkpt lat="48.559779" lon="8.224482">
        <ele>882.277047</ele>
        <time>2023-04-08T18:22:37.426Z</time>
      </trkpt>
      <trkpt lat="48.559820" lon="8.224462">
        <ele>882.493687</ele>
        <time>2023-04-08T18:22:40.097Z</time>
      </trkpt>
      <trkpt lat="48.559902" lon="8.224563">
        <ele>883.025654</ele>
        <time>2023-04-08T18:22:45.601Z</time>
      </trkpt>
      <trkpt lat="48.559931" lon="8.224676">
        <ele>883.428993</ele>
        <time>2023-04-08T18:22:48.925Z</time>
      </trkpt>
      <trkpt lat="48.559920" lon="8.224982">
        <ele>884.448842</ele>
        <time>2023-04-08T18:22:58.174Z</time>
      </trkpt>
      <trkpt lat="48.559896" lon="8.225107">
        <ele>884.881986</ele>
        <time>2023-04-08T18:23:01.636Z</time>
      </trkpt>
      <trkpt lat="48.559883" lon="8.225440">
        <ele>885.992115</ele>
        <time>2023-04-08T18:23:10.594Z</time>
      </trkpt>
      <trkpt lat="48.559917" lon="8.226410">
        <ele>889.224738</ele>
        <time>2023-04-08T18:23:39.175Z</time>
      </trkpt>
      <trkpt lat="48.559896" lon="8.227270">
        <ele>891.977761</ele>
        <time>2023-04-08T18:24:06.750Z</time>
      </trkpt>
      <trkpt lat="48.559964" lon="8.227421">
        <ele>892.527282</ele>
        <time>2023-04-08T18:24:12.900Z</time>
      </trkpt>
      <trkpt lat="48.560019" lon="8.227172">
        <ele>893.317085</ele>
        <time>2023-04-08T18:24:20.770Z</time>
      </trkpt>
      <trkpt lat="48.560089" lon="8.226863">
        <ele>894.299745</ele>
        <time>2023-04-08T18:24:30.679Z</time>
      </trkpt>
      <trkpt lat="48.560272" lon="8.226168">
        <ele>896.550241</ele>
        <time>2023-04-08T18:24:52.303Z</time>
      </trkpt>
      <trkpt lat="48.560325" lon="8.225994">
        <ele>897.126546</ele>
        <time>2023-04-08T18:24:57.665Z</time>
      </trkpt>
      <trkpt lat="48.560545" lon="8.225285">
        <ele>899.432707</ele>
        <time>2023-04-08T18:25:20.380Z</time>
      </trkpt>
      <trkpt lat="48.560591" lon="8.225136">
        <ele>899.861435</ele>
        <time>2023-04-08T18:25:25.223Z</time>
      </trkpt>
      <trkpt lat="48.560763" lon="8.224572">
        <ele>901.480754</ele>
        <time>2023-04-08T18:25:42.870Z</time>
      </trkpt>
      <trkpt lat="48.561010" lon="8.223700">
        <ele>903.954089</ele>
        <time>2023-04-08T18:26:08.537Z</time>
      </trkpt>
      <trkpt lat="48.561032" lon="8.223598">
        <ele>904.233832</ele>
        <time>2023-04-08T18:26:11.477Z</time>
      </trkpt>
      <trkpt lat="48.560970" lon="8.223641">
        <ele>904.502618</ele>
        <time>2023-04-08T18:26:13.738Z</time>
      </trkpt>
      <trkpt lat="48.561030" lon="8.223304">
        <ele>905.41262</ele>
        <time>2023-04-08T18:26:22.984Z</time>
      </trkpt>
      <trkpt lat="48.561071" lon="8.222675">
        <ele>907.732758</ele>
        <time>2023-04-08T18:26:40.470Z</time>
      </trkpt>
      <trkpt lat="48.561130" lon="8.222682">
        <ele>908.147008</ele>
        <time>2023-04-08T18:26:42.686Z</time>
      </trkpt>
      <trkpt lat="48.561189" lon="8.222691">
        <ele>908.562087</ele>
        <time>2023-04-08T18:26:45.313Z</time>
      </trkpt>
      <trkpt lat="48.561235" lon="8.222236">
        <ele>910.694327</ele>
        <time>2023-04-08T18:26:59.834Z</time>
      </trkpt>
      <trkpt lat="48.561262" lon="8.222241">
        <ele>910.884732</ele>
        <time>2023-04-08T18:27:01.163Z</time>
      </trkpt>
      <trkpt lat="48.561373" lon="8.222198">
        <ele>911.686821</ele>
        <time>2023-04-08T18:27:07.676Z</time>
      </trkpt>
      <trkpt lat="48.561460" lon="8.222252">
        <ele>912.345169</ele>
        <time>2023-04-08T18:27:12.893Z</time>
      </trkpt>
      <trkpt lat="48.561746" lon="8.222754">
        <ele>915.413645</ele>
        <time>2023-04-08T18:27:40.006Z</time>
      </trkpt>
      <trkpt lat="48.561760" lon="8.222786">
        <ele>915.591346</ele>
        <time>2023-04-08T18:27:41.617Z</time>
      </trkpt>
      <trkpt lat="48.561971" lon="8.222563">
        <ele>917.393698</ele>
        <time>2023-04-08T18:27:59.596Z</time>
      </trkpt>
      <trkpt lat="48.562035" lon="8.222580">
        <ele>917.848544</ele>
        <time>2023-04-08T18:28:05.032Z</time>
      </trkpt>
      <trkpt lat="48.562211" lon="8.222999">
        <ele>920.932446</ele>
        <time>2023-04-08T18:28:34.034Z</time>
      </trkpt>
      <trkpt lat="48.562365" lon="8.223245">
        <ele>923.404947</ele>
        <time>2023-04-08T18:28:54.206Z</time>
      </trkpt>
      <trkpt lat="48.562763" lon="8.223535">
        <ele>928.279957</ele>
        <time>2023-04-08T18:29:34.385Z</time>
      </trkpt>
      <trkpt lat="48.563429" lon="8.223798">
        <ele>935.874706</ele>
        <time>2023-04-08T18:30:39.849Z</time>
      </trkpt>
      <trkpt lat="48.564609" lon="8.223983">
        <ele>948.93527</ele>
        <time>2023-04-08T18:32:35.171Z</time>
      </trkpt>
      <trkpt lat="48.566212" lon="8.224683">
        <ele>965.228435</ele>
        <time>2023-04-08T18:35:00.944Z</time>
      </trkpt>
      <trkpt lat="48.568318" lon="8.225231">
        <ele>982.387074</ele>
        <time>2023-04-08T18:37:36.814Z</time>
      </trkpt>
      <trkpt lat="48.569125" lon="8.225611">
        <ele>989.021776</ele>
        <time>2023-04-08T18:38:43.585Z</time>
      </trkpt>
      <trkpt lat="48.569393" lon="8.225841">
        <ele>991.626943</ele>
        <time>2023-04-08T18:39:08.827Z</time>
      </trkpt>
      <trkpt lat="48.569888" lon="8.226386">
        <ele>996.803789</ele>
        <time>2023-04-08T18:39:59.184Z</time>
      </trkpt>
      <trkpt lat="48.570348" lon="8.227137">
        <ele>1002.527738</ele>
        <time>2023-04-08T18:40:52.645Z</time>
      </trkpt>
      <trkpt lat="48.570869" lon="8.228188">
        <ele>1007.629731</ele>
        <time>2023-04-08T18:41:55.584Z</time>
      </trkpt>
      <trkpt lat="48.571737" lon="8.230268">
        <ele>1014.772567</ele>
        <time>2023-04-08T18:43:32.134Z</time>
      </trkpt>
      <trkpt lat="48.572483" lon="8.231952">
        <ele>1017.225637</ele>
        <time>2023-04-08T18:44:30.930Z</time>
      </trkpt>
      <trkpt lat="48.572788" lon="8.232327">
        <ele>1016.852212</ele>
        <time>2023-04-08T18:44:44.925Z</time>
      </trkpt>
      <trkpt lat="48.573315" lon="8.233054">
        <ele>1016.174539</ele>
        <time>2023-04-08T18:45:09.062Z</time>
      </trkpt>
      <trkpt lat="48.573626" lon="8.233373">
        <ele>1015.817564</ele>
        <time>2023-04-08T18:45:21.636Z</time>
      </trkpt>
      <trkpt lat="48.573777" lon="8.233478">
        <ele>1015.3092</ele>
        <time>2023-04-08T18:45:26.844Z</time>
      </trkpt>
      <trkpt lat="48.573793" lon="8.233523">
        <ele>1015.130142</ele>
        <time>2023-04-08T18:45:27.566Z</time>
      </trkpt>
      <trkpt lat="48.574066" lon="8.233724">
        <ele>1013.521479</ele>
        <time>2023-04-08T18:45:33.503Z</time>
      </trkpt>
      <trkpt lat="48.574572" lon="8.233977">
        <ele>1010.698125</ele>
        <time>2023-04-08T18:45:43.326Z</time>
      </trkpt>
      <trkpt lat="48.574812" lon="8.233975">
        <ele>1009.426732</ele>
        <time>2023-04-08T18:45:47.538Z</time>
      </trkpt>
      <trkpt lat="48.574959" lon="8.233920">
        <ele>1008.62451</ele>
        <time>2023-04-08T18:45:50.152Z</time>
      </trkpt>
      <trkpt lat="48.575209" lon="8.233421">
        <ele>1006.4307</ele>
        <time>2023-04-08T18:46:01.287Z</time>
      </trkpt>
      <trkpt lat="48.575309" lon="8.232976">
        <ele>1003.541909</ele>
        <time>2023-04-08T18:46:09.420Z</time>
      </trkpt>
      <trkpt lat="48.575301" lon="8.232827">
        <ele>1002.561333</ele>
        <time>2023-04-08T18:46:11.970Z</time>
      </trkpt>
      <trkpt lat="48.575042" lon="8.231742">
        <ele>994.995238</ele>
        <time>2023-04-08T18:46:31.440Z</time>
      </trkpt>
      <trkpt lat="48.574951" lon="8.230991">
        <ele>989.987105</ele>
        <time>2023-04-08T18:46:44.147Z</time>
      </trkpt>
      <trkpt lat="48.574979" lon="8.229358">
        <ele>981.965309</ele>
        <time>2023-04-08T18:47:12.418Z</time>
      </trkpt>
      <trkpt lat="48.575332" lon="8.225486">
        <ele>968.341298</ele>
        <time>2023-04-08T18:48:28.441Z</time>
      </trkpt>
      <trkpt lat="48.575373" lon="8.224622">
        <ele>966.771943</ele>
        <time>2023-04-08T18:48:45.244Z</time>
      </trkpt>
      <trkpt lat="48.575368" lon="8.223771">
        <ele>965.409349</ele>
        <time>2023-04-08T18:49:02.204Z</time>
      </trkpt>
      <trkpt lat="48.575306" lon="8.222268">
        <ele>964.603892</ele>
        <time>2023-04-08T18:49:37.049Z</time>
      </trkpt>
      <trkpt lat="48.575359" lon="8.221723">
        <ele>966.149776</ele>
        <time>2023-04-08T18:49:55.364Z</time>
      </trkpt>
      <trkpt lat="48.575456" lon="8.221284">
        <ele>967.448637</ele>
        <time>2023-04-08T18:50:13.752Z</time>
      </trkpt>
      <trkpt lat="48.575621" lon="8.220804">
        <ele>968.966626</ele>
        <time>2023-04-08T18:50:37.390Z</time>
      </trkpt>
      <trkpt lat="48.575852" lon="8.220407">
        <ele>970.450275</ele>
        <time>2023-04-08T18:51:02.252Z</time>
      </trkpt>
      <trkpt lat="48.576036" lon="8.220187">
        <ele>971.521552</ele>
        <time>2023-04-08T18:51:19.995Z</time>
      </trkpt>
      <trkpt lat="48.576371" lon="8.219924">
        <ele>973.641858</ele>
        <time>2023-04-08T18:51:48.614Z</time>
      </trkpt>
      <trkpt lat="48.576965" lon="8.219682">
        <ele>977.09729</ele>
        <time>2023-04-08T18:52:33.320Z</time>
      </trkpt>
      <trkpt lat="48.577629" lon="8.219474">
        <ele>980.906073</ele>
        <time>2023-04-08T18:53:15.585Z</time>
      </trkpt>
      <trkpt lat="48.577743" lon="8.219482">
        <ele>981.247002</ele>
        <time>2023-04-08T18:53:21.146Z</time>
      </trkpt>
      <trkpt lat="48.577942" lon="8.219592">
        <ele>980.911265</ele>
        <time>2023-04-08T18:53:30.161Z</time>
      </trkpt>
      <trkpt lat="48.578649" lon="8.220196">
        <ele>979.624477</ele>
        <time>2023-04-08T18:53:57.461Z</time>
      </trkpt>
      <trkpt lat="48.578946" lon="8.220410">
        <ele>979.10315</ele>
        <time>2023-04-08T18:54:07.522Z</time>
      </trkpt>
      <trkpt lat="48.579504" lon="8.220884">
        <ele>976.954941</ele>
        <time>2023-04-08T18:54:19.290Z</time>
      </trkpt>
      <trkpt lat="48.580523" lon="8.221654">
        <ele>969.678728</ele>
        <time>2023-04-08T18:54:39.205Z</time>
      </trkpt>
      <trkpt lat="48.581292" lon="8.222410">
        <ele>963.195363</ele>
        <time>2023-04-08T18:54:54.132Z</time>
      </trkpt>
      <trkpt lat="48.581381" lon="8.222426">
        <ele>962.509643</ele>
        <time>2023-04-08T18:54:55.640Z</time>
      </trkpt>
      <trkpt lat="48.581445" lon="8.222390">
        <ele>961.987189</ele>
        <time>2023-04-08T18:54:56.745Z</time>
      </trkpt>
      <trkpt lat="48.581553" lon="8.222265">
        <ele>960.946503</ele>
        <time>2023-04-08T18:54:58.908Z</time>
      </trkpt>
      <trkpt lat="48.582545" lon="8.221552">
        <ele>953.260695</ele>
        <time>2023-04-08T18:55:17.437Z</time>
      </trkpt>
      <trkpt lat="48.582854" lon="8.221225">
        <ele>953.460164</ele>
        <time>2023-04-08T18:55:24.138Z</time>
      </trkpt>
      <trkpt lat="48.583291" lon="8.220828">
        <ele>953.729782</ele>
        <time>2023-04-08T18:55:35.778Z</time>
      </trkpt>
      <trkpt lat="48.583516" lon="8.220363">
        <ele>953.931325</ele>
        <time>2023-04-08T18:55:51.281Z</time>
      </trkpt>
      <trkpt lat="48.583713" lon="8.220061">
        <ele>954.079698</ele>
        <time>2023-04-08T18:56:06.404Z</time>
      </trkpt>
      <trkpt lat="48.583933" lon="8.219764">
        <ele>955.168717</ele>
        <time>2023-04-08T18:56:25.007Z</time>
      </trkpt>
      <trkpt lat="48.584557" lon="8.219131">
        <ele>960.844587</ele>
        <time>2023-04-08T18:57:13.866Z</time>
      </trkpt>
      <trkpt lat="48.584784" lon="8.218738">
        <ele>963.451342</ele>
        <time>2023-04-08T18:57:35.198Z</time>
      </trkpt>
      <trkpt lat="48.584862" lon="8.218654">
        <ele>964.174679</ele>
        <time>2023-04-08T18:57:42.513Z</time>
      </trkpt>
      <trkpt lat="48.585138" lon="8.218230">
        <ele>967.146783</ele>
        <time>2023-04-08T18:58:12.312Z</time>
      </trkpt>
      <trkpt lat="48.585380" lon="8.217720">
        <ele>970.315272</ele>
        <time>2023-04-08T18:58:44.152Z</time>
      </trkpt>
      <trkpt lat="48.585636" lon="8.216864">
        <ele>975.06929</ele>
        <time>2023-04-08T18:59:31.178Z</time>
      </trkpt>
      <trkpt lat="48.585736" lon="8.216677">
        <ele>976.286169</ele>
        <time>2023-04-08T18:59:43.325Z</time>
      </trkpt>
      <trkpt lat="48.585803" lon="8.216614">
        <ele>976.889795</ele>
        <time>2023-04-08T18:59:49.241Z</time>
      </trkpt>
      <trkpt lat="48.585948" lon="8.216476">
        <ele>978.200595</ele>
        <time>2023-04-08T19:00:02.042Z</time>
      </trkpt>
      <trkpt lat="48.586246" lon="8.216389">
        <ele>980.522473</ele>
        <time>2023-04-08T19:00:24.865Z</time>
      </trkpt>
      <trkpt lat="48.586912" lon="8.216408">
        <ele>984.528856</ele>
        <time>2023-04-08T19:01:14.689Z</time>
      </trkpt>
      <trkpt lat="48.587844" lon="8.216865">
        <ele>990.036455</ele>
        <time>2023-04-08T19:02:21.626Z</time>
      </trkpt>
      <trkpt lat="48.589032" lon="8.217144">
        <ele>991.541051</ele>
        <time>2023-04-08T19:03:15.202Z</time>
      </trkpt>
      <trkpt lat="48.589372" lon="8.217197">
        <ele>991.51141</ele>
        <time>2023-04-08T19:03:26.578Z</time>
      </trkpt>
      <trkpt lat="48.589672" lon="8.217210">
        <ele>991.485384</ele>
        <time>2023-04-08T19:03:36.060Z</time>
      </trkpt>
      <trkpt lat="48.591487" lon="8.216810">
        <ele>987.279424</ele>
        <time>2023-04-08T19:04:33.381Z</time>
      </trkpt>
      <trkpt lat="48.591741" lon="8.216783">
        <ele>986.622074</ele>
        <time>2023-04-08T19:04:41.707Z</time>
      </trkpt>
      <trkpt lat="48.592058" lon="8.216826">
        <ele>985.845311</ele>
        <time>2023-04-08T19:04:52.158Z</time>
      </trkpt>
      <trkpt lat="48.592402" lon="8.216940">
        <ele>984.985831</ele>
        <time>2023-04-08T19:05:03.721Z</time>
      </trkpt>
      <trkpt lat="48.592898" lon="8.217203">
        <ele>983.703032</ele>
        <time>2023-04-08T19:05:21.112Z</time>
      </trkpt>
      <trkpt lat="48.594052" lon="8.217605">
        <ele>978.362332</ele>
        <time>2023-04-08T19:05:57.148Z</time>
      </trkpt>
      <trkpt lat="48.594438" lon="8.217787">
        <ele>975.816358</ele>
        <time>2023-04-08T19:06:08.035Z</time>
      </trkpt>
      <trkpt lat="48.594613" lon="8.217903">
        <ele>974.61319</ele>
        <time>2023-04-08T19:06:13.084Z</time>
      </trkpt>
      <trkpt lat="48.594676" lon="8.217946">
        <ele>974.17795</ele>
        <time>2023-04-08T19:06:14.918Z</time>
      </trkpt>
      <trkpt lat="48.594940" lon="8.218225">
        <ele>972.149806</ele>
        <time>2023-04-08T19:06:23.372Z</time>
      </trkpt>
      <trkpt lat="48.595040" lon="8.218312">
        <ele>971.423337</ele>
        <time>2023-04-08T19:06:26.389Z</time>
      </trkpt>
      <trkpt lat="48.595391" lon="8.218352">
        <ele>969.959707</ele>
        <time>2023-04-08T19:06:35.820Z</time>
      </trkpt>
      <trkpt lat="48.595451" lon="8.218327">
        <ele>969.728913</ele>
        <time>2023-04-08T19:06:37.477Z</time>
      </trkpt>
      <trkpt lat="48.595504" lon="8.218249">
        <ele>969.45464</ele>
        <time>2023-04-08T19:06:39.497Z</time>
      </trkpt>
      <trkpt lat="48.595563" lon="8.218068">
        <ele>968.959732</ele>
        <time>2023-04-08T19:06:43.316Z</time>
      </trkpt>
      <trkpt lat="48.595914" lon="8.217695">
        <ele>967.368781</ele>
        <time>2023-04-08T19:06:55.722Z</time>
      </trkpt>
      <trkpt lat="48.596000" lon="8.217603">
        <ele>966.978114</ele>
        <time>2023-04-08T19:06:58.812Z</time>
      </trkpt>
      <trkpt lat="48.596389" lon="8.217480">
        <ele>965.504362</ele>
        <time>2023-04-08T19:07:05.927Z</time>
      </trkpt>
      <trkpt lat="48.596833" lon="8.217059">
        <ele>965.563314</ele>
        <time>2023-04-08T19:07:22.275Z</time>
      </trkpt>
      <trkpt lat="48.596884" lon="8.216871">
        <ele>966.301024</ele>
        <time>2023-04-08T19:07:27.978Z</time>
      </trkpt>
      <trkpt lat="48.596912" lon="8.216645">
        <ele>967.135776</ele>
        <time>2023-04-08T19:07:35.285Z</time>
      </trkpt>
      <trkpt lat="48.596944" lon="8.216072">
        <ele>969.22342</ele>
        <time>2023-04-08T19:07:55.789Z</time>
      </trkpt>
      <trkpt lat="48.596978" lon="8.215827">
        <ele>970.132247</ele>
        <time>2023-04-08T19:08:05.784Z</time>
      </trkpt>
      <trkpt lat="48.597181" lon="8.214797">
        <ele>974.034097</ele>
        <time>2023-04-08T19:08:51.512Z</time>
      </trkpt>
      <trkpt lat="48.597233" lon="8.214329">
        <ele>976.373346</ele>
        <time>2023-04-08T19:09:11.241Z</time>
      </trkpt>
      <trkpt lat="48.597305" lon="8.212286">
        <ele>986.822351</ele>
        <time>2023-04-08T19:10:35.971Z</time>
      </trkpt>
      <trkpt lat="48.597546" lon="8.210810">
        <ele>994.761498</ele>
        <time>2023-04-08T19:11:41.720Z</time>
      </trkpt>
      <trkpt lat="48.597848" lon="8.209362">
        <ele>1002.623825</ele>
        <time>2023-04-08T19:12:47.604Z</time>
      </trkpt>
      <trkpt lat="48.598001" lon="8.208107">
        <ele>1007.244958</ele>
        <time>2023-04-08T19:13:37.109Z</time>
      </trkpt>
      <trkpt lat="48.598003" lon="8.207509">
        <ele>1009.410438</ele>
        <time>2023-04-08T19:13:57.701Z</time>
      </trkpt>
      <trkpt lat="48.597981" lon="8.207250">
        <ele>1010.356023</ele>
        <time>2023-04-08T19:14:05.251Z</time>
      </trkpt>
      <trkpt lat="48.598015" lon="8.206443">
        <ele>1012.547274</ele>
        <time>2023-04-08T19:14:26.482Z</time>
      </trkpt>
      <trkpt lat="48.598007" lon="8.205881">
        <ele>1013.138185</ele>
        <time>2023-04-08T19:14:38.002Z</time>
      </trkpt>
      <trkpt lat="48.597978" lon="8.205551">
        <ele>1013.488129</ele>
        <time>2023-04-08T19:14:44.799Z</time>
      </trkpt>
      <trkpt lat="48.597931" lon="8.205340">
        <ele>1013.722176</ele>
        <time>2023-04-08T19:14:48.962Z</time>
      </trkpt>
      <trkpt lat="48.597836" lon="8.205068">
        <ele>1014.045527</ele>
        <time>2023-04-08T19:14:55.248Z</time>
      </trkpt>
      <trkpt lat="48.597692" lon="8.204836">
        <ele>1014.379992</ele>
        <time>2023-04-08T19:15:03.970Z</time>
      </trkpt>
      <trkpt lat="48.597403" lon="8.204237">
        <ele>1015.222008</ele>
        <time>2023-04-08T19:15:25.510Z</time>
      </trkpt>
      <trkpt lat="48.597271" lon="8.204076">
        <ele>1015.8004</ele>
        <time>2023-04-08T19:15:32.286Z</time>
      </trkpt>
      <trkpt lat="48.597150" lon="8.203611">
        <ele>1016.927484</ele>
        <time>2023-04-08T19:15:42.073Z</time>
      </trkpt>
      <trkpt lat="48.597003" lon="8.203174">
        <ele>1018.033325</ele>
        <time>2023-04-08T19:15:53.497Z</time>
      </trkpt>
      <trkpt lat="48.596776" lon="8.202658">
        <ele>1019.431154</ele>
        <time>2023-04-08T19:16:11.051Z</time>
      </trkpt>
      <trkpt lat="48.596768" lon="8.202641">
        <ele>1019.478215</ele>
        <time>2023-04-08T19:16:11.643Z</time>
      </trkpt>
      <trkpt lat="48.596627" lon="8.202398">
        <ele>1020.207363</ele>
        <time>2023-04-08T19:16:22.652Z</time>
      </trkpt>
      <trkpt lat="48.596258" lon="8.201759">
        <ele>1022.33416</ele>
        <time>2023-04-08T19:16:50.675Z</time>
      </trkpt>
      <trkpt lat="48.596356" lon="8.201670">
        <ele>1022.818401</ele>
        <time>2023-04-08T19:16:56.452Z</time>
      </trkpt>
      <trkpt lat="48.596300" lon="8.201514">
        <ele>1023.315656</ele>
        <time>2023-04-08T19:17:01.649Z</time>
      </trkpt>
      <trkpt lat="48.596277" lon="8.201413">
        <ele>1023.614907</ele>
        <time>2023-04-08T19:17:04.960Z</time>
      </trkpt>
      <trkpt lat="48.596285" lon="8.201259">
        <ele>1024.047661</ele>
        <time>2023-04-08T19:17:09.812Z</time>
      </trkpt>
      <trkpt lat="48.596373" lon="8.201085">
        <ele>1024.661308</ele>
        <time>2023-04-08T19:17:16.505Z</time>
      </trkpt>
      <trkpt lat="48.596431" lon="8.200743">
        <ele>1025.650405</ele>
        <time>2023-04-08T19:17:27.132Z</time>
      </trkpt>
      <trkpt lat="48.596441" lon="8.200580">
        <ele>1026.109003</ele>
        <time>2023-04-08T19:17:32.107Z</time>
      </trkpt>
      <trkpt lat="48.596437" lon="8.200450">
        <ele>1026.473586</ele>
        <time>2023-04-08T19:17:35.642Z</time>
      </trkpt>
      <trkpt lat="48.596488" lon="8.200384">
        <ele>1026.757938</ele>
        <time>2023-04-08T19:17:38.803Z</time>
      </trkpt>
      <trkpt lat="48.596295" lon="8.200302">
        <ele>1027.60713</ele>
        <time>2023-04-08T19:17:47.295Z</time>
      </trkpt>
      <trkpt lat="48.596135" lon="8.200124">
        <ele>1028.448559</ele>
        <time>2023-04-08T19:17:54.878Z</time>
      </trkpt>
      <trkpt lat="48.596040" lon="8.199898">
        <ele>1028.814728</ele>
        <time>2023-04-08T19:18:01.611Z</time>
      </trkpt>
      <trkpt lat="48.595833" lon="8.199120">
        <ele>1028.516825</ele>
        <time>2023-04-08T19:18:18.629Z</time>
      </trkpt>
      <trkpt lat="48.595714" lon="8.198586">
        <ele>1028.316648</ele>
        <time>2023-04-08T19:18:27.069Z</time>
      </trkpt>
      <trkpt lat="48.595619" lon="8.197990">
        <ele>1028.098862</ele>
        <time>2023-04-08T19:18:35.427Z</time>
      </trkpt>
      <trkpt lat="48.595564" lon="8.197392">
        <ele>1027.836931</ele>
        <time>2023-04-08T19:18:43.429Z</time>
      </trkpt>
      <trkpt lat="48.595567" lon="8.196144">
        <ele>1024.571804</ele>
        <time>2023-04-08T19:18:58.953Z</time>
      </trkpt>
      <trkpt lat="48.595613" lon="8.195617">
        <ele>1023.181073</ele>
        <time>2023-04-08T19:19:05.299Z</time>
      </trkpt>
      <trkpt lat="48.595878" lon="8.194341">
        <ele>1020.388953</ele>
        <time>2023-04-08T19:19:21.436Z</time>
      </trkpt>
      <trkpt lat="48.596041" lon="8.193839">
        <ele>1019.870713</ele>
        <time>2023-04-08T19:19:28.734Z</time>
      </trkpt>
      <trkpt lat="48.596221" lon="8.193402">
        <ele>1019.393633</ele>
        <time>2023-04-08T19:19:36.081Z</time>
      </trkpt>
      <trkpt lat="48.596393" lon="8.193094">
        <ele>1019.020075</ele>
        <time>2023-04-08T19:19:42.499Z</time>
      </trkpt>
      <trkpt lat="48.596572" lon="8.192843">
        <ele>1018.678011</ele>
        <time>2023-04-08T19:19:48.955Z</time>
      </trkpt>
      <trkpt lat="48.596738" lon="8.192678">
        <ele>1018.39966</ele>
        <time>2023-04-08T19:19:54.741Z</time>
      </trkpt>
      <trkpt lat="48.596943" lon="8.192577">
        <ele>1018.252579</ele>
        <time>2023-04-08T19:20:01.375Z</time>
      </trkpt>
      <trkpt lat="48.597142" lon="8.192551">
        <ele>1018.245707</ele>
        <time>2023-04-08T19:20:07.519Z</time>
      </trkpt>
      <trkpt lat="48.597362" lon="8.192575">
        <ele>1018.238117</ele>
        <time>2023-04-08T19:20:14.444Z</time>
      </trkpt>
      <trkpt lat="48.597799" lon="8.192791">
        <ele>1018.222298</ele>
        <time>2023-04-08T19:20:28.448Z</time>
      </trkpt>
      <trkpt lat="48.598292" lon="8.192865">
        <ele>1018.205252</ele>
        <time>2023-04-08T19:20:41.424Z</time>
      </trkpt>
      <trkpt lat="48.598739" lon="8.193065">
        <ele>1017.229148</ele>
        <time>2023-04-08T19:20:51.415Z</time>
      </trkpt>
      <trkpt lat="48.599945" lon="8.193438">
        <ele>1009.631954</ele>
        <time>2023-04-08T19:21:12.989Z</time>
      </trkpt>
      <trkpt lat="48.600934" lon="8.193674">
        <ele>1000.771456</ele>
        <time>2023-04-08T19:21:28.951Z</time>
      </trkpt>
      <trkpt lat="48.601562" lon="8.193696">
        <ele>994.039965</ele>
        <time>2023-04-08T19:21:38.826Z</time>
      </trkpt>
      <trkpt lat="48.602101" lon="8.193484">
        <ele>988.071831</ele>
        <time>2023-04-08T19:21:47.601Z</time>
      </trkpt>
      <trkpt lat="48.602362" lon="8.193456">
        <ele>985.850551</ele>
        <time>2023-04-08T19:21:51.762Z</time>
      </trkpt>
      <trkpt lat="48.603171" lon="8.193421">
        <ele>979.158103</ele>
        <time>2023-04-08T19:22:04.759Z</time>
      </trkpt>
      <trkpt lat="48.603645" lon="8.193434">
        <ele>975.2379</ele>
        <time>2023-04-08T19:22:12.829Z</time>
      </trkpt>
      <trkpt lat="48.604176" lon="8.193334">
        <ele>972.279659</ele>
        <time>2023-04-08T19:22:22.578Z</time>
      </trkpt>
      <trkpt lat="48.604586" lon="8.193298">
        <ele>971.218352</ele>
        <time>2023-04-08T19:22:30.402Z</time>
      </trkpt>
      <trkpt lat="48.604824" lon="8.193290">
        <ele>970.60316</ele>
        <time>2023-04-08T19:22:35.064Z</time>
      </trkpt>
      <trkpt lat="48.604872" lon="8.193334">
        <ele>970.45811</ele>
        <time>2023-04-08T19:22:36.295Z</time>
      </trkpt>
      <trkpt lat="48.604917" lon="8.193360">
        <ele>970.333623</ele>
        <time>2023-04-08T19:22:37.329Z</time>
      </trkpt>
      <trkpt lat="48.605114" lon="8.193348">
        <ele>969.824122</ele>
        <time>2023-04-08T19:22:41.370Z</time>
      </trkpt>
      <trkpt lat="48.605984" lon="8.193439">
        <ele>967.9212</ele>
        <time>2023-04-08T19:23:01.521Z</time>
      </trkpt>
      <trkpt lat="48.607077" lon="8.194093">
        <ele>966.347406</ele>
        <time>2023-04-08T19:23:28.395Z</time>
      </trkpt>
      <trkpt lat="48.607462" lon="8.194291">
        <ele>965.5835</ele>
        <time>2023-04-08T19:23:36.707Z</time>
      </trkpt>
      <trkpt lat="48.609117" lon="8.194636">
        <ele>957.712531</ele>
        <time>2023-04-08T19:24:06.811Z</time>
      </trkpt>
      <trkpt lat="48.609972" lon="8.194519">
        <ele>952.25925</ele>
        <time>2023-04-08T19:24:21.477Z</time>
      </trkpt>
      <trkpt lat="48.610992" lon="8.194064">
        <ele>945.376393</ele>
        <time>2023-04-08T19:24:39.717Z</time>
      </trkpt>
      <trkpt lat="48.611640" lon="8.194030">
        <ele>941.284111</ele>
        <time>2023-04-08T19:24:50.746Z</time>
      </trkpt>
      <trkpt lat="48.611924" lon="8.193914">
        <ele>939.42745</ele>
        <time>2023-04-08T19:24:55.765Z</time>
      </trkpt>
      <trkpt lat="48.613071" lon="8.193445">
        <ele>932.919597</ele>
        <time>2023-04-08T19:25:16.517Z</time>
      </trkpt>
      <trkpt lat="48.613625" lon="8.193300">
        <ele>930.791163</ele>
        <time>2023-04-08T19:25:26.755Z</time>
      </trkpt>
      <trkpt lat="48.613929" lon="8.193331">
        <ele>929.637705</ele>
        <time>2023-04-08T19:25:32.594Z</time>
      </trkpt>
      <trkpt lat="48.614444" lon="8.193550">
        <ele>927.612497</ele>
        <time>2023-04-08T19:25:43.559Z</time>
      </trkpt>
      <trkpt lat="48.615868" lon="8.194404">
        <ele>926.071956</ele>
        <time>2023-04-08T19:26:19.213Z</time>
      </trkpt>
      <trkpt lat="48.616398" lon="8.194624">
        <ele>925.215238</ele>
        <time>2023-04-08T19:26:31.038Z</time>
      </trkpt>
      <trkpt lat="48.617270" lon="8.194708">
        <ele>923.37605</ele>
        <time>2023-04-08T19:26:48.613Z</time>
      </trkpt>
      <trkpt lat="48.617406" lon="8.194635">
        <ele>923.072296</ele>
        <time>2023-04-08T19:26:51.385Z</time>
      </trkpt>
      <trkpt lat="48.617863" lon="8.194434">
        <ele>922.070521</ele>
        <time>2023-04-08T19:27:06.289Z</time>
      </trkpt>
      <trkpt lat="48.618793" lon="8.194169">
        <ele>922.213125</ele>
        <time>2023-04-08T19:27:38.773Z</time>
      </trkpt>
      <trkpt lat="48.618960" lon="8.194146">
        <ele>922.249143</ele>
        <time>2023-04-08T19:27:45.203Z</time>
      </trkpt>
      <trkpt lat="48.619104" lon="8.194169">
        <ele>922.280244</ele>
        <time>2023-04-08T19:27:50.909Z</time>
      </trkpt>
      <trkpt lat="48.619349" lon="8.194395">
        <ele>922.341878</ele>
        <time>2023-04-08T19:28:03.790Z</time>
      </trkpt>
      <trkpt lat="48.619625" lon="8.194693">
        <ele>922.762752</ele>
        <time>2023-04-08T19:28:20.633Z</time>
      </trkpt>
      <trkpt lat="48.620051" lon="8.195272">
        <ele>926.202014</ele>
        <time>2023-04-08T19:28:54.266Z</time>
      </trkpt>
      <trkpt lat="48.620304" lon="8.195744">
        <ele>928.6144</ele>
        <time>2023-04-08T19:29:21.766Z</time>
      </trkpt>
      <trkpt lat="48.620530" lon="8.196358">
        <ele>931.404293</ele>
        <time>2023-04-08T19:29:56.514Z</time>
      </trkpt>
      <trkpt lat="48.620899" lon="8.197701">
        <ele>938.224736</ele>
        <time>2023-04-08T19:31:13.695Z</time>
      </trkpt>
      <trkpt lat="48.620970" lon="8.198106">
        <ele>940.326162</ele>
        <time>2023-04-08T19:31:35.844Z</time>
      </trkpt>
      <trkpt lat="48.621047" lon="8.198752">
        <ele>943.618311</ele>
        <time>2023-04-08T19:32:09.151Z</time>
      </trkpt>
      <trkpt lat="48.621161" lon="8.199253">
        <ele>946.275681</ele>
        <time>2023-04-08T19:32:33.981Z</time>
      </trkpt>
      <trkpt lat="48.621411" lon="8.199825">
        <ele>947.443942</ele>
        <time>2023-04-08T19:33:03.026Z</time>
      </trkpt>
      <trkpt lat="48.621935" lon="8.200529">
        <ele>948.546477</ele>
        <time>2023-04-08T19:33:38.213Z</time>
      </trkpt>
      <trkpt lat="48.622358" lon="8.201394">
        <ele>949.66542</ele>
        <time>2023-04-08T19:34:02.133Z</time>
      </trkpt>
      <trkpt lat="48.622656" lon="8.201785">
        <ele>948.390594</ele>
        <time>2023-04-08T19:34:14.051Z</time>
      </trkpt>
      <trkpt lat="48.623511" lon="8.202227">
        <ele>945.36938</ele>
        <time>2023-04-08T19:34:40.837Z</time>
      </trkpt>
      <trkpt lat="48.623688" lon="8.202255">
        <ele>944.77431</ele>
        <time>2023-04-08T19:34:46.165Z</time>
      </trkpt>
      <trkpt lat="48.624000" lon="8.202243">
        <ele>943.730723</ele>
        <time>2023-04-08T19:34:55.720Z</time>
      </trkpt>
      <trkpt lat="48.624465" lon="8.202153">
        <ele>943.458016</ele>
        <time>2023-04-08T19:35:10.685Z</time>
      </trkpt>
      <trkpt lat="48.624805" lon="8.202207">
        <ele>943.300242</ele>
        <time>2023-04-08T19:35:22.306Z</time>
      </trkpt>
      <trkpt lat="48.625145" lon="8.202349">
        <ele>943.137461</ele>
        <time>2023-04-08T19:35:35.158Z</time>
      </trkpt>
      <trkpt lat="48.625619" lon="8.202625">
        <ele>942.903065</ele>
        <time>2023-04-08T19:35:57.033Z</time>
      </trkpt>
      <trkpt lat="48.626925" lon="8.203230">
        <ele>944.984574</ele>
        <time>2023-04-08T19:37:01.125Z</time>
      </trkpt>
      <trkpt lat="48.627246" lon="8.203442">
        <ele>945.602167</ele>
        <time>2023-04-08T19:37:18.783Z</time>
      </trkpt>
      <trkpt lat="48.627573" lon="8.203799">
        <ele>945.589579</ele>
        <time>2023-04-08T19:37:37.428Z</time>
      </trkpt>
      <trkpt lat="48.627725" lon="8.204040">
        <ele>945.06097</ele>
        <time>2023-04-08T19:37:46.141Z</time>
      </trkpt>
      <trkpt lat="48.627784" lon="8.204172">
        <ele>944.808107</ele>
        <time>2023-04-08T19:37:50.279Z</time>
      </trkpt>
      <trkpt lat="48.628009" lon="8.205312">
        <ele>942.920178</ele>
        <time>2023-04-08T19:38:10.619Z</time>
      </trkpt>
      <trkpt lat="48.628234" lon="8.206452">
        <ele>940.374958</ele>
        <time>2023-04-08T19:38:30.980Z</time>
      </trkpt>
      <trkpt lat="48.628349" lon="8.206762">
        <ele>939.245846</ele>
        <time>2023-04-08T19:38:37.507Z</time>
      </trkpt>
      <trkpt lat="48.628486" lon="8.207041">
        <ele>938.141891</ele>
        <time>2023-04-08T19:38:43.733Z</time>
      </trkpt>
      <trkpt lat="48.628607" lon="8.207209">
        <ele>937.352688</ele>
        <time>2023-04-08T19:38:48.287Z</time>
      </trkpt>
      <trkpt lat="48.628692" lon="8.207273">
        <ele>936.89643</ele>
        <time>2023-04-08T19:38:49.689Z</time>
      </trkpt>
      <trkpt lat="48.628794" lon="8.207281">
        <ele>936.405604</ele>
        <time>2023-04-08T19:38:51.267Z</time>
      </trkpt>
      <trkpt lat="48.629086" lon="8.207187">
        <ele>934.970967</ele>
        <time>2023-04-08T19:38:55.949Z</time>
      </trkpt>
      <trkpt lat="48.629150" lon="8.207074">
        <ele>934.498311</ele>
        <time>2023-04-08T19:38:57.751Z</time>
      </trkpt>
      <trkpt lat="48.629385" lon="8.207383">
        <ele>933.070525</ele>
        <time>2023-04-08T19:39:05.160Z</time>
      </trkpt>
      <trkpt lat="48.629409" lon="8.207420">
        <ele>933.16862</ele>
        <time>2023-04-08T19:39:06.216Z</time>
      </trkpt>
      <trkpt lat="48.629614" lon="8.207767">
        <ele>934.049286</ele>
        <time>2023-04-08T19:39:14.435Z</time>
      </trkpt>
      <trkpt lat="48.629787" lon="8.208141">
        <ele>934.91307</ele>
        <time>2023-04-08T19:39:27.527Z</time>
      </trkpt>
      <trkpt lat="48.629942" lon="8.207964">
        <ele>935.469029</ele>
        <time>2023-04-08T19:39:39.013Z</time>
      </trkpt>
      <trkpt lat="48.630261" lon="8.207477">
        <ele>936.766421</ele>
        <time>2023-04-08T19:40:06.090Z</time>
      </trkpt>
      <trkpt lat="48.630496" lon="8.207109">
        <ele>937.734671</ele>
        <time>2023-04-08T19:40:27.870Z</time>
      </trkpt>
      <trkpt lat="48.630755" lon="8.206812">
        <ele>938.977881</ele>
        <time>2023-04-08T19:40:50.650Z</time>
      </trkpt>
      <trkpt lat="48.630965" lon="8.206511">
        <ele>940.356461</ele>
        <time>2023-04-08T19:41:11.132Z</time>
      </trkpt>
      <trkpt lat="48.631320" lon="8.205793">
        <ele>943.180785</ele>
        <time>2023-04-08T19:41:48.927Z</time>
      </trkpt>
      <trkpt lat="48.631652" lon="8.205257">
        <ele>945.494585</ele>
        <time>2023-04-08T19:42:15.696Z</time>
      </trkpt>
      <trkpt lat="48.632051" lon="8.204666">
        <ele>947.893309</ele>
        <time>2023-04-08T19:42:45.012Z</time>
      </trkpt>
      <trkpt lat="48.632347" lon="8.204348">
        <ele>949.296752</ele>
        <time>2023-04-08T19:43:04.588Z</time>
      </trkpt>
      <trkpt lat="48.632664" lon="8.204019">
        <ele>950.782855</ele>
        <time>2023-04-08T19:43:26.011Z</time>
      </trkpt>
      <trkpt lat="48.633033" lon="8.203698">
        <ele>952.428365</ele>
        <time>2023-04-08T19:43:50.758Z</time>
      </trkpt>
      <trkpt lat="48.633259" lon="8.203546">
        <ele>953.384503</ele>
        <time>2023-04-08T19:44:05.428Z</time>
      </trkpt>
      <trkpt lat="48.634125" lon="8.203113">
        <ele>957.308373</ele>
        <time>2023-04-08T19:45:00.093Z</time>
      </trkpt>
      <trkpt lat="48.634483" lon="8.203078">
        <ele>958.868239</ele>
        <time>2023-04-08T19:45:21.228Z</time>
      </trkpt>
      <trkpt lat="48.635121" lon="8.203332">
        <ele>961.71306</ele>
        <time>2023-04-08T19:45:59.565Z</time>
      </trkpt>
      <trkpt lat="48.635983" lon="8.203430">
        <ele>965.017916</ele>
        <time>2023-04-08T19:46:48.656Z</time>
      </trkpt>
      <trkpt lat="48.636521" lon="8.203773">
        <ele>967.249879</ele>
        <time>2023-04-08T19:47:21.026Z</time>
      </trkpt>
      <trkpt lat="48.638309" lon="8.205230">
        <ele>974.210344</ele>
        <time>2023-04-08T19:49:13.102Z</time>
      </trkpt>
      <trkpt lat="48.639578" lon="8.206671">
        <ele>976.943441</ele>
        <time>2023-04-08T19:50:25.292Z</time>
      </trkpt>
      <trkpt lat="48.640403" lon="8.207399">
        <ele>977.381164</ele>
        <time>2023-04-08T19:51:03.362Z</time>
      </trkpt>
      <trkpt lat="48.640604" lon="8.207627">
        <ele>977.369451</ele>
        <time>2023-04-08T19:51:12.495Z</time>
      </trkpt>
      <trkpt lat="48.640945" lon="8.208176">
        <ele>977.346235</ele>
        <time>2023-04-08T19:51:30.688Z</time>
      </trkpt>
      <trkpt lat="48.641627" lon="8.208844">
        <ele>976.460527</ele>
        <time>2023-04-08T19:51:59.027Z</time>
      </trkpt>
      <trkpt lat="48.642066" lon="8.209667">
        <ele>975.057883</ele>
        <time>2023-04-08T19:52:22.294Z</time>
      </trkpt>
      <trkpt lat="48.642608" lon="8.210416">
        <ele>973.433287</ele>
        <time>2023-04-08T19:52:44.946Z</time>
      </trkpt>
      <trkpt lat="48.642724" lon="8.210612">
        <ele>972.689264</ele>
        <time>2023-04-08T19:52:50.209Z</time>
      </trkpt>
      <trkpt lat="48.643241" lon="8.211686">
        <ele>968.931976</ele>
        <time>2023-04-08T19:53:16.106Z</time>
      </trkpt>
      <trkpt lat="48.643512" lon="8.212388">
        <ele>966.633071</ele>
        <time>2023-04-08T19:53:31.578Z</time>
      </trkpt>
      <trkpt lat="48.643665" lon="8.212911">
        <ele>965.025511</ele>
        <time>2023-04-08T19:53:42.573Z</time>
      </trkpt>
      <trkpt lat="48.643727" lon="8.212980">
        <ele>964.699359</ele>
        <time>2023-04-08T19:53:44.789Z</time>
      </trkpt>
      <trkpt lat="48.643934" lon="8.213812">
        <ele>962.209866</ele>
        <time>2023-04-08T19:54:02.344Z</time>
      </trkpt>
      <trkpt lat="48.643996" lon="8.214437">
        <ele>960.440107</ele>
        <time>2023-04-08T19:54:14.900Z</time>
      </trkpt>
      <trkpt lat="48.644013" lon="8.214915">
        <ele>959.09966</ele>
        <time>2023-04-08T19:54:24.302Z</time>
      </trkpt>
      <trkpt lat="48.643952" lon="8.215535">
        <ele>957.227567</ele>
        <time>2023-04-08T19:54:36.370Z</time>
      </trkpt>
      <trkpt lat="48.643923" lon="8.216135">
        <ele>955.356339</ele>
        <time>2023-04-08T19:54:47.990Z</time>
      </trkpt>
      <trkpt lat="48.643944" lon="8.217170">
        <ele>952.135555</ele>
        <time>2023-04-08T19:55:07.813Z</time>
      </trkpt>
      <trkpt lat="48.644230" lon="8.219122">
        <ele>946.87565</ele>
        <time>2023-04-08T19:55:46.020Z</time>
      </trkpt>
      <trkpt lat="48.644279" lon="8.219937">
        <ele>944.938205</ele>
        <time>2023-04-08T19:56:02.500Z</time>
      </trkpt>
      <trkpt lat="48.644302" lon="8.221802">
        <ele>942.097516</ele>
        <time>2023-04-08T19:56:43.880Z</time>
      </trkpt>
      <trkpt lat="48.644292" lon="8.222860">
        <ele>940.923457</ele>
        <time>2023-04-08T19:57:08.386Z</time>
      </trkpt>
      <trkpt lat="48.644370" lon="8.224832">
        <ele>935.066301</ele>
        <time>2023-04-08T19:57:48.524Z</time>
      </trkpt>
      <trkpt lat="48.644520" lon="8.226691">
        <ele>925.182235</ele>
        <time>2023-04-08T19:58:21.614Z</time>
      </trkpt>
      <trkpt lat="48.644595" lon="8.228312">
        <ele>911.799702</ele>
        <time>2023-04-08T19:58:47.869Z</time>
      </trkpt>
      <trkpt lat="48.644684" lon="8.229477">
        <ele>902.005244</ele>
        <time>2023-04-08T19:59:06.506Z</time>
      </trkpt>
      <trkpt lat="48.644708" lon="8.230208">
        <ele>895.851519</ele>
        <time>2023-04-08T19:59:18.278Z</time>
      </trkpt>
      <trkpt lat="48.644908" lon="8.230670">
        <ele>891.207607</ele>
        <time>2023-04-08T19:59:27.431Z</time>
      </trkpt>
      <trkpt lat="48.645157" lon="8.230966">
        <ele>887.178527</ele>
        <time>2023-04-08T19:59:35.524Z</time>
      </trkpt>
      <trkpt lat="48.645118" lon="8.231084">
        <ele>886.069206</ele>
        <time>2023-04-08T19:59:36.749Z</time>
      </trkpt>
      <trkpt lat="48.645077" lon="8.231248">
        <ele>885.281466</ele>
        <time>2023-04-08T19:59:38.413Z</time>
      </trkpt>
      <trkpt lat="48.644926" lon="8.231954">
        <ele>882.721098</ele>
        <time>2023-04-08T19:59:45.721Z</time>
      </trkpt>
      <trkpt lat="48.644913" lon="8.232214">
        <ele>881.82145</ele>
        <time>2023-04-08T19:59:48.424Z</time>
      </trkpt>
      <trkpt lat="48.644927" lon="8.232397">
        <ele>881.185823</ele>
        <time>2023-04-08T19:59:50.472Z</time>
      </trkpt>
      <trkpt lat="48.644938" lon="8.232590">
        <ele>880.517439</ele>
        <time>2023-04-08T19:59:52.683Z</time>
      </trkpt>
      <trkpt lat="48.644917" lon="8.232834">
        <ele>879.668449</ele>
        <time>2023-04-08T19:59:55.434Z</time>
      </trkpt>
      <trkpt lat="48.644757" lon="8.233419">
        <ele>877.483912</ele>
        <time>2023-04-08T20:00:02.768Z</time>
      </trkpt>
      <trkpt lat="48.644736" lon="8.234138">
        <ele>875.118575</ele>
        <time>2023-04-08T20:00:11.017Z</time>
      </trkpt>
      <trkpt lat="48.644614" lon="8.234679">
        <ele>873.316411</ele>
        <time>2023-04-08T20:00:17.224Z</time>
      </trkpt>
      <trkpt lat="48.644555" lon="8.235269">
        <ele>871.435187</ele>
        <time>2023-04-08T20:00:23.366Z</time>
      </trkpt>
      <trkpt lat="48.644516" lon="8.235433">
        <ele>870.88569</ele>
        <time>2023-04-08T20:00:25.153Z</time>
      </trkpt>
      <trkpt lat="48.644419" lon="8.235618">
        <ele>870.141128</ele>
        <time>2023-04-08T20:00:27.579Z</time>
      </trkpt>
      <trkpt lat="48.644298" lon="8.235728">
        <ele>869.467639</ele>
        <time>2023-04-08T20:00:29.821Z</time>
      </trkpt>
      <trkpt lat="48.643775" lon="8.236055">
        <ele>866.42989</ele>
        <time>2023-04-08T20:00:38.679Z</time>
      </trkpt>
      <trkpt lat="48.643463" lon="8.236321">
        <ele>864.153832</ele>
        <time>2023-04-08T20:00:44.207Z</time>
      </trkpt>
      <trkpt lat="48.643130" lon="8.236659">
        <ele>861.605371</ele>
        <time>2023-04-08T20:00:50.298Z</time>
      </trkpt>
      <trkpt lat="48.642942" lon="8.236949">
        <ele>859.899166</ele>
        <time>2023-04-08T20:00:54.345Z</time>
      </trkpt>
      <trkpt lat="48.642535" lon="8.237697">
        <ele>855.693381</ele>
        <time>2023-04-08T20:01:04.032Z</time>
      </trkpt>
      <trkpt lat="48.641847" lon="8.238722">
        <ele>847.956629</ele>
        <time>2023-04-08T20:01:18.410Z</time>
      </trkpt>
      <trkpt lat="48.641300" lon="8.239435">
        <ele>842.171292</ele>
        <time>2023-04-08T20:01:28.795Z</time>
      </trkpt>
      <trkpt lat="48.640883" lon="8.240138">
        <ele>836.974953</ele>
        <time>2023-04-08T20:01:37.737Z</time>
      </trkpt>
      <trkpt lat="48.640467" lon="8.240950">
        <ele>831.313051</ele>
        <time>2023-04-08T20:01:47.657Z</time>
      </trkpt>
      <trkpt lat="48.640307" lon="8.241420">
        <ele>828.399577</ele>
        <time>2023-04-08T20:01:52.829Z</time>
      </trkpt>
      <trkpt lat="48.640155" lon="8.242198">
        <ele>824.512998</ele>
        <time>2023-04-08T20:02:00.827Z</time>
      </trkpt>
      <trkpt lat="48.640101" lon="8.242356">
        <ele>823.722987</ele>
        <time>2023-04-08T20:02:02.598Z</time>
      </trkpt>
      <trkpt lat="48.639738" lon="8.243297">
        <ele>818.883788</ele>
        <time>2023-04-08T20:02:13.509Z</time>
      </trkpt>
      <trkpt lat="48.639575" lon="8.243646">
        <ele>816.985721</ele>
        <time>2023-04-08T20:02:17.833Z</time>
      </trkpt>
      <trkpt lat="48.639263" lon="8.244204">
        <ele>813.873372</ele>
        <time>2023-04-08T20:02:25.206Z</time>
      </trkpt>
      <trkpt lat="48.638919" lon="8.245102">
        <ele>809.819623</ele>
        <time>2023-04-08T20:02:35.540Z</time>
      </trkpt>
      <trkpt lat="48.638699" lon="8.245550">
        <ele>807.639758</ele>
        <time>2023-04-08T20:02:41.219Z</time>
      </trkpt>
      <trkpt lat="48.638551" lon="8.245926">
        <ele>805.930537</ele>
        <time>2023-04-08T20:02:45.783Z</time>
      </trkpt>
      <trkpt lat="48.638255" lon="8.246312">
        <ele>803.755043</ele>
        <time>2023-04-08T20:02:52.029Z</time>
      </trkpt>
      <trkpt lat="48.638154" lon="8.246492">
        <ele>803.03899</ele>
        <time>2023-04-08T20:02:54.532Z</time>
      </trkpt>
      <trkpt lat="48.638029" lon="8.246763">
        <ele>802.036827</ele>
        <time>2023-04-08T20:02:58.052Z</time>
      </trkpt>
      <trkpt lat="48.637840" lon="8.247412">
        <ele>799.886184</ele>
        <time>2023-04-08T20:03:05.692Z</time>
      </trkpt>
      <trkpt lat="48.637764" lon="8.247586">
        <ele>799.253707</ele>
        <time>2023-04-08T20:03:07.938Z</time>
      </trkpt>
      <trkpt lat="48.637675" lon="8.247712">
        <ele>798.694438</ele>
        <time>2023-04-08T20:03:09.911Z</time>
      </trkpt>
      <trkpt lat="48.637581" lon="8.247777">
        <ele>798.220187</ele>
        <time>2023-04-08T20:03:11.584Z</time>
      </trkpt>
      <trkpt lat="48.637282" lon="8.247833">
        <ele>796.837654</ele>
        <time>2023-04-08T20:03:16.476Z</time>
      </trkpt>
      <trkpt lat="48.637168" lon="8.247889">
        <ele>796.287654</ele>
        <time>2023-04-08T20:03:18.413Z</time>
      </trkpt>
      <trkpt lat="48.637055" lon="8.247983">
        <ele>795.644021</ele>
        <time>2023-04-08T20:03:20.512Z</time>
      </trkpt>
      <trkpt lat="48.636992" lon="8.248064">
        <ele>795.191788</ele>
        <time>2023-04-08T20:03:21.849Z</time>
      </trkpt>
      <trkpt lat="48.636939" lon="8.248133">
        <ele>794.809325</ele>
        <time>2023-04-08T20:03:22.970Z</time>
      </trkpt>
      <trkpt lat="48.636801" lon="8.248351">
        <ele>793.718015</ele>
        <time>2023-04-08T20:03:26.089Z</time>
      </trkpt>
      <trkpt lat="48.636642" lon="8.248681">
        <ele>792.241639</ele>
        <time>2023-04-08T20:03:30.246Z</time>
      </trkpt>
      <trkpt lat="48.636154" lon="8.249869">
        <ele>787.184886</ele>
        <time>2023-04-08T20:03:44.316Z</time>
      </trkpt>
      <trkpt lat="48.636082" lon="8.250110">
        <ele>786.228762</ele>
        <time>2023-04-08T20:03:47.071Z</time>
      </trkpt>
      <trkpt lat="48.636012" lon="8.250590">
        <ele>785.298875</ele>
        <time>2023-04-08T20:03:52.385Z</time>
      </trkpt>
      <trkpt lat="48.636009" lon="8.250848">
        <ele>784.837791</ele>
        <time>2023-04-08T20:03:55.336Z</time>
      </trkpt>
      <trkpt lat="48.636039" lon="8.251065">
        <ele>784.441645</ele>
        <time>2023-04-08T20:03:57.864Z</time>
      </trkpt>
      <trkpt lat="48.636220" lon="8.251610">
        <ele>783.351739</ele>
        <time>2023-04-08T20:04:05.221Z</time>
      </trkpt>
      <trkpt lat="48.636223" lon="8.252020">
        <ele>782.619079</ele>
        <time>2023-04-08T20:04:10.323Z</time>
      </trkpt>
      <trkpt lat="48.636253" lon="8.252200">
        <ele>782.287372</ele>
        <time>2023-04-08T20:04:12.550Z</time>
      </trkpt>
      <trkpt lat="48.636425" lon="8.252594">
        <ele>781.443603</ele>
        <time>2023-04-08T20:04:18.327Z</time>
      </trkpt>
      <trkpt lat="48.636661" lon="8.253018">
        <ele>781.244651</ele>
        <time>2023-04-08T20:04:25.216Z</time>
      </trkpt>
      <trkpt lat="48.636727" lon="8.253179">
        <ele>781.236819</ele>
        <time>2023-04-08T20:04:27.845Z</time>
      </trkpt>
      <trkpt lat="48.636750" lon="8.253326">
        <ele>781.230574</ele>
        <time>2023-04-08T20:04:29.880Z</time>
      </trkpt>
      <trkpt lat="48.636743" lon="8.253471">
        <ele>781.224563</ele>
        <time>2023-04-08T20:04:31.757Z</time>
      </trkpt>
      <trkpt lat="48.636700" lon="8.253613">
        <ele>781.218106</ele>
        <time>2023-04-08T20:04:34.013Z</time>
      </trkpt>
      <trkpt lat="48.636548" lon="8.253793">
        <ele>781.206032</ele>
        <time>2023-04-08T20:04:38.195Z</time>
      </trkpt>
      <trkpt lat="48.636076" lon="8.253978">
        <ele>781.17553</ele>
        <time>2023-04-08T20:04:51.506Z</time>
      </trkpt>
      <trkpt lat="48.635812" lon="8.254203">
        <ele>781.156575</ele>
        <time>2023-04-08T20:05:00.415Z</time>
      </trkpt>
      <trkpt lat="48.635325" lon="8.254900">
        <ele>780.826246</ele>
        <time>2023-04-08T20:05:17.219Z</time>
      </trkpt>
      <trkpt lat="48.635183" lon="8.255198">
        <ele>780.690184</ele>
        <time>2023-04-08T20:05:22.416Z</time>
      </trkpt>
      <trkpt lat="48.635153" lon="8.255349">
        <ele>780.631788</ele>
        <time>2023-04-08T20:05:24.400Z</time>
      </trkpt>
      <trkpt lat="48.635138" lon="8.255700">
        <ele>780.501524</ele>
        <time>2023-04-08T20:05:29.316Z</time>
      </trkpt>
      <trkpt lat="48.635114" lon="8.255828">
        <ele>780.452249</ele>
        <time>2023-04-08T20:05:31.068Z</time>
      </trkpt>
      <trkpt lat="48.635064" lon="8.255941">
        <ele>780.401885</ele>
        <time>2023-04-08T20:05:32.771Z</time>
      </trkpt>
      <trkpt lat="48.635007" lon="8.255984">
        <ele>780.366192</ele>
        <time>2023-04-08T20:05:34.146Z</time>
      </trkpt>
      <trkpt lat="48.634940" lon="8.255987">
        <ele>780.328628</ele>
        <time>2023-04-08T20:05:35.572Z</time>
      </trkpt>
      <trkpt lat="48.634865" lon="8.255941">
        <ele>780.283276</ele>
        <time>2023-04-08T20:05:37.221Z</time>
      </trkpt>
      <trkpt lat="48.634605" lon="8.255450">
        <ele>779.210309</ele>
        <time>2023-04-08T20:05:45.007Z</time>
      </trkpt>
      <trkpt lat="48.634492" lon="8.255332">
        <ele>778.435762</ele>
        <time>2023-04-08T20:05:47.426Z</time>
      </trkpt>
      <trkpt lat="48.634256" lon="8.255193">
        <ele>777.007078</ele>
        <time>2023-04-08T20:05:51.742Z</time>
      </trkpt>
      <trkpt lat="48.633520" lon="8.254984">
        <ele>772.782484</ele>
        <time>2023-04-08T20:06:03.124Z</time>
      </trkpt>
      <trkpt lat="48.633082" lon="8.254968">
        <ele>770.310807</ele>
        <time>2023-04-08T20:06:09.482Z</time>
      </trkpt>
      <trkpt lat="48.632244" lon="8.254997">
        <ele>763.801333</ele>
        <time>2023-04-08T20:06:21.722Z</time>
      </trkpt>
      <trkpt lat="48.632120" lon="8.255035">
        <ele>762.799644</ele>
        <time>2023-04-08T20:06:23.586Z</time>
      </trkpt>
      <trkpt lat="48.631638" lon="8.255297">
        <ele>758.744687</ele>
        <time>2023-04-08T20:06:31.205Z</time>
      </trkpt>
      <trkpt lat="48.631207" lon="8.255415">
        <ele>755.258371</ele>
        <time>2023-04-08T20:06:37.705Z</time>
      </trkpt>
      <trkpt lat="48.630723" lon="8.255670">
        <ele>751.043709</ele>
        <time>2023-04-08T20:06:45.223Z</time>
      </trkpt>
      <trkpt lat="48.630232" lon="8.255853">
        <ele>746.885178</ele>
        <time>2023-04-08T20:06:52.523Z</time>
      </trkpt>
      <trkpt lat="48.629840" lon="8.256124">
        <ele>743.340929</ele>
        <time>2023-04-08T20:06:58.774Z</time>
      </trkpt>
      <trkpt lat="48.629454" lon="8.256129">
        <ele>740.130539</ele>
        <time>2023-04-08T20:07:04.529Z</time>
      </trkpt>
      <trkpt lat="48.628786" lon="8.256403">
        <ele>734.182375</ele>
        <time>2023-04-08T20:07:14.650Z</time>
      </trkpt>
      <trkpt lat="48.628594" lon="8.256531">
        <ele>732.379204</ele>
        <time>2023-04-08T20:07:17.658Z</time>
      </trkpt>
      <trkpt lat="48.628431" lon="8.256754">
        <ele>730.490574</ele>
        <time>2023-04-08T20:07:20.825Z</time>
      </trkpt>
      <trkpt lat="48.628255" lon="8.257038">
        <ele>728.27917</ele>
        <time>2023-04-08T20:07:24.526Z</time>
      </trkpt>
      <trkpt lat="48.628129" lon="8.257140">
        <ele>727.05104</ele>
        <time>2023-04-08T20:07:26.574Z</time>
      </trkpt>
      <trkpt lat="48.627970" lon="8.257111">
        <ele>725.674666</ele>
        <time>2023-04-08T20:07:28.889Z</time>
      </trkpt>
      <trkpt lat="48.627656" lon="8.256915">
        <ele>722.633283</ele>
        <time>2023-04-08T20:07:33.815Z</time>
      </trkpt>
      <trkpt lat="48.627452" lon="8.256920">
        <ele>720.801959</ele>
        <time>2023-04-08T20:07:36.803Z</time>
      </trkpt>
      <trkpt lat="48.627321" lon="8.256984">
        <ele>719.566333</ele>
        <time>2023-04-08T20:07:38.823Z</time>
      </trkpt>
      <trkpt lat="48.626757" lon="8.257355">
        <ele>714.046142</ele>
        <time>2023-04-08T20:07:47.703Z</time>
      </trkpt>
      <trkpt lat="48.625935" lon="8.258304">
        <ele>704.955168</ele>
        <time>2023-04-08T20:08:02.467Z</time>
      </trkpt>
      <trkpt lat="48.625179" lon="8.259447">
        <ele>695.758421</ele>
        <time>2023-04-08T20:08:17.962Z</time>
      </trkpt>
      <trkpt lat="48.624899" lon="8.260233">
        <ele>691.87677</ele>
        <time>2023-04-08T20:08:26.754Z</time>
      </trkpt>
      <trkpt lat="48.624447" lon="8.261266">
        <ele>687.462126</ele>
        <time>2023-04-08T20:08:39.387Z</time>
      </trkpt>
      <trkpt lat="48.624415" lon="8.261515">
        <ele>686.558181</ele>
        <time>2023-04-08T20:08:42.115Z</time>
      </trkpt>
      <trkpt lat="48.624457" lon="8.261831">
        <ele>685.409553</ele>
        <time>2023-04-08T20:08:45.648Z</time>
      </trkpt>
      <trkpt lat="48.624427" lon="8.262027">
        <ele>684.692611</ele>
        <time>2023-04-08T20:08:47.925Z</time>
      </trkpt>
      <trkpt lat="48.624339" lon="8.262122">
        <ele>684.168305</ele>
        <time>2023-04-08T20:08:49.824Z</time>
      </trkpt>
      <trkpt lat="48.624140" lon="8.262203">
        <ele>683.893017</ele>
        <time>2023-04-08T20:08:53.431Z</time>
      </trkpt>
      <trkpt lat="48.624050" lon="8.262274">
        <ele>683.757427</ele>
        <time>2023-04-08T20:08:55.316Z</time>
      </trkpt>
      <trkpt lat="48.623711" lon="8.262692">
        <ele>683.173214</ele>
        <time>2023-04-08T20:09:03.710Z</time>
      </trkpt>
      <trkpt lat="48.623244" lon="8.263100">
        <ele>682.452819</ele>
        <time>2023-04-08T20:09:14.878Z</time>
      </trkpt>
      <trkpt lat="48.622832" lon="8.263564">
        <ele>681.75851</ele>
        <time>2023-04-08T20:09:25.735Z</time>
      </trkpt>
      <trkpt lat="48.622766" lon="8.263682">
        <ele>681.560603</ele>
        <time>2023-04-08T20:09:27.879Z</time>
      </trkpt>
      <trkpt lat="48.622664" lon="8.263999">
        <ele>681.109205</ele>
        <time>2023-04-08T20:09:32.695Z</time>
      </trkpt>
      <trkpt lat="48.622611" lon="8.264389">
        <ele>680.599429</ele>
        <time>2023-04-08T20:09:37.731Z</time>
      </trkpt>
      <trkpt lat="48.622607" lon="8.264614">
        <ele>680.311249</ele>
        <time>2023-04-08T20:09:40.599Z</time>
      </trkpt>
      <trkpt lat="48.622647" lon="8.265195">
        <ele>679.563349</ele>
        <time>2023-04-08T20:09:47.540Z</time>
      </trkpt>
      <trkpt lat="48.622641" lon="8.265343">
        <ele>679.373503</ele>
        <time>2023-04-08T20:09:49.234Z</time>
      </trkpt>
      <trkpt lat="48.622630" lon="8.265447">
        <ele>679.238654</ele>
        <time>2023-04-08T20:09:50.434Z</time>
      </trkpt>
      <trkpt lat="48.622563" lon="8.265656">
        <ele>678.941255</ele>
        <time>2023-04-08T20:09:53.214Z</time>
      </trkpt>
      <trkpt lat="48.622064" lon="8.266874">
        <ele>676.70671</ele>
        <time>2023-04-08T20:10:09.422Z</time>
      </trkpt>
      <trkpt lat="48.621621" lon="8.268227">
        <ele>674.126379</ele>
        <time>2023-04-08T20:10:27.471Z</time>
      </trkpt>
      <trkpt lat="48.621510" lon="8.268734">
        <ele>673.178909</ele>
        <time>2023-04-08T20:10:33.807Z</time>
      </trkpt>
      <trkpt lat="48.621404" lon="8.269261">
        <ele>672.162737</ele>
        <time>2023-04-08T20:10:40.291Z</time>
      </trkpt>
      <trkpt lat="48.621352" lon="8.269400">
        <ele>671.868107</ele>
        <time>2023-04-08T20:10:42.147Z</time>
      </trkpt>
      <trkpt lat="48.620876" lon="8.269846">
        <ele>670.305596</ele>
        <time>2023-04-08T20:10:52.015Z</time>
      </trkpt>
      <trkpt lat="48.620625" lon="8.270141">
        <ele>669.418585</ele>
        <time>2023-04-08T20:10:57.486Z</time>
      </trkpt>
      <trkpt lat="48.620438" lon="8.270380">
        <ele>668.735417</ele>
        <time>2023-04-08T20:11:01.578Z</time>
      </trkpt>
      <trkpt lat="48.619905" lon="8.271227">
        <ele>665.841166</ele>
        <time>2023-04-08T20:11:14.582Z</time>
      </trkpt>
      <trkpt lat="48.619680" lon="8.271672">
        <ele>664.436711</ele>
        <time>2023-04-08T20:11:20.682Z</time>
      </trkpt>
      <trkpt lat="48.619574" lon="8.271997">
        <ele>663.528211</ele>
        <time>2023-04-08T20:11:24.614Z</time>
      </trkpt>
      <trkpt lat="48.619545" lon="8.272153">
        <ele>663.12197</ele>
        <time>2023-04-08T20:11:26.444Z</time>
      </trkpt>
      <trkpt lat="48.619503" lon="8.272497">
        <ele>662.245021</ele>
        <time>2023-04-08T20:11:30.322Z</time>
      </trkpt>
      <trkpt lat="48.619258" lon="8.274469">
        <ele>656.789522</ele>
        <time>2023-04-08T20:11:51.890Z</time>
      </trkpt>
      <trkpt lat="48.619041" lon="8.275655">
        <ele>653.829549</ele>
        <time>2023-04-08T20:12:05.152Z</time>
      </trkpt>
      <trkpt lat="48.618765" lon="8.276747">
        <ele>652.026669</ele>
        <time>2023-04-08T20:12:18.617Z</time>
      </trkpt>
      <trkpt lat="48.618586" lon="8.277748">
        <ele>650.427521</ele>
        <time>2023-04-08T20:12:31.467Z</time>
      </trkpt>
      <trkpt lat="48.618460" lon="8.278005">
        <ele>650.10633</ele>
        <time>2023-04-08T20:12:36.101Z</time>
      </trkpt>
      <trkpt lat="48.618378" lon="8.278094">
        <ele>650.048302</ele>
        <time>2023-04-08T20:12:38.243Z</time>
      </trkpt>
      <trkpt lat="48.618105" lon="8.278232">
        <ele>649.882803</ele>
        <time>2023-04-08T20:12:45.336Z</time>
      </trkpt>
      <trkpt lat="48.617845" lon="8.278440">
        <ele>649.713692</ele>
        <time>2023-04-08T20:12:52.867Z</time>
      </trkpt>
      <trkpt lat="48.617135" lon="8.279217">
        <ele>649.20983</ele>
        <time>2023-04-08T20:13:11.421Z</time>
      </trkpt>
      <trkpt lat="48.616963" lon="8.279456">
        <ele>648.959796</ele>
        <time>2023-04-08T20:13:15.582Z</time>
      </trkpt>
      <trkpt lat="48.616901" lon="8.279601">
        <ele>648.750696</ele>
        <time>2023-04-08T20:13:17.658Z</time>
      </trkpt>
      <trkpt lat="48.616824" lon="8.279553">
        <ele>648.598154</ele>
        <time>2023-04-08T20:13:19.195Z</time>
      </trkpt>
      <trkpt lat="48.616771" lon="8.279562">
        <ele>648.500468</ele>
        <time>2023-04-08T20:13:20.214Z</time>
      </trkpt>
      <trkpt lat="48.616666" lon="8.279699">
        <ele>648.246487</ele>
        <time>2023-04-08T20:13:22.821Z</time>
      </trkpt>
      <trkpt lat="48.616484" lon="8.280434">
        <ele>647.29611</ele>
        <time>2023-04-08T20:13:32.563Z</time>
      </trkpt>
      <trkpt lat="48.616463" lon="8.280636">
        <ele>647.048507</ele>
        <time>2023-04-08T20:13:35.101Z</time>
      </trkpt>
      <trkpt lat="48.616453" lon="8.281548">
        <ele>645.944033</ele>
        <time>2023-04-08T20:13:47.109Z</time>
      </trkpt>
      <trkpt lat="48.616474" lon="8.282324">
        <ele>645.985459</ele>
        <time>2023-04-08T20:13:57.458Z</time>
      </trkpt>
      <trkpt lat="48.616496" lon="8.282698">
        <ele>646.068344</ele>
        <time>2023-04-08T20:14:02.741Z</time>
      </trkpt>
      <trkpt lat="48.616514" lon="8.282881">
        <ele>646.109185</ele>
        <time>2023-04-08T20:14:05.458Z</time>
      </trkpt>
      <trkpt lat="48.616529" lon="8.283003">
        <ele>646.136578</ele>
        <time>2023-04-08T20:14:07.501Z</time>
      </trkpt>
      <trkpt lat="48.616536" lon="8.283039">
        <ele>646.144861</ele>
        <time>2023-04-08T20:14:08.109Z</time>
      </trkpt>
      <trkpt lat="48.616685" lon="8.283656">
        <ele>646.289863</ele>
        <time>2023-04-08T20:14:19.660Z</time>
      </trkpt>
      <trkpt lat="48.616716" lon="8.284029">
        <ele>646.372849</ele>
        <time>2023-04-08T20:14:27.144Z</time>
      </trkpt>
      <trkpt lat="48.616707" lon="8.284316">
        <ele>646.451038</ele>
        <time>2023-04-08T20:14:33.288Z</time>
      </trkpt>
      <trkpt lat="48.616710" lon="8.284407">
        <ele>646.653577</ele>
        <time>2023-04-08T20:14:35.119Z</time>
      </trkpt>
      <trkpt lat="48.616721" lon="8.284639">
        <ele>647.170625</ele>
        <time>2023-04-08T20:14:40.591Z</time>
      </trkpt>
      <trkpt lat="48.616753" lon="8.285467">
        <ele>649.014365</ele>
        <time>2023-04-08T20:15:02.181Z</time>
      </trkpt>
      <trkpt lat="48.616859" lon="8.286601">
        <ele>651.560254</ele>
        <time>2023-04-08T20:15:45.154Z</time>
      </trkpt>
      <trkpt lat="48.616941" lon="8.287017">
        <ele>652.532018</ele>
        <time>2023-04-08T20:16:01.573Z</time>
      </trkpt>
      <trkpt lat="48.617043" lon="8.287281">
        <ele>653.32014</ele>
        <time>2023-04-08T20:16:13.157Z</time>
      </trkpt>
      <trkpt lat="48.617231" lon="8.287603">
        <ele>654.427393</ele>
        <time>2023-04-08T20:16:29.381Z</time>
      </trkpt>
      <trkpt lat="48.617807" lon="8.288276">
        <ele>657.264964</ele>
        <time>2023-04-08T20:17:00.411Z</time>
      </trkpt>
      <trkpt lat="48.618147" lon="8.288640">
        <ele>658.888934</ele>
        <time>2023-04-08T20:17:24.328Z</time>
      </trkpt>
      <trkpt lat="48.618442" lon="8.289333">
        <ele>660.571479</ele>
        <time>2023-04-08T20:17:55.041Z</time>
      </trkpt>
      <trkpt lat="48.618654" lon="8.290421">
        <ele>662.644141</ele>
        <time>2023-04-08T20:18:33.425Z</time>
      </trkpt>
      <trkpt lat="48.618566" lon="8.291467">
        <ele>664.426029</ele>
        <time>2023-04-08T20:19:07.248Z</time>
      </trkpt>
      <trkpt lat="48.618470" lon="8.291768">
        <ele>664.186901</ele>
        <time>2023-04-08T20:19:18.368Z</time>
      </trkpt>
      <trkpt lat="48.618430" lon="8.292025">
        <ele>663.997984</ele>
        <time>2023-04-08T20:19:25.587Z</time>
      </trkpt>
      <trkpt lat="48.618447" lon="8.293012">
        <ele>663.291524</ele>
        <time>2023-04-08T20:19:48.296Z</time>
      </trkpt>
      <trkpt lat="48.618413" lon="8.293325">
        <ele>663.064563</ele>
        <time>2023-04-08T20:19:54.919Z</time>
      </trkpt>
      <trkpt lat="48.618427" lon="8.293602">
        <ele>662.865784</ele>
        <time>2023-04-08T20:20:00.407Z</time>
      </trkpt>
      <trkpt lat="48.618550" lon="8.293920">
        <ele>662.602163</ele>
        <time>2023-04-08T20:20:07.885Z</time>
      </trkpt>
      <trkpt lat="48.618727" lon="8.294092">
        <ele>661.985726</ele>
        <time>2023-04-08T20:20:14.109Z</time>
      </trkpt>
      <trkpt lat="48.618899" lon="8.294072">
        <ele>661.300294</ele>
        <time>2023-04-08T20:20:19.353Z</time>
      </trkpt>
      <trkpt lat="48.619080" lon="8.293911">
        <ele>660.465999</ele>
        <time>2023-04-08T20:20:25.740Z</time>
      </trkpt>
      <trkpt lat="48.619286" lon="8.293876">
        <ele>659.642343</ele>
        <time>2023-04-08T20:20:32.064Z</time>
      </trkpt>
      <trkpt lat="48.619660" lon="8.293997">
        <ele>658.122706</ele>
        <time>2023-04-08T20:20:43.800Z</time>
      </trkpt>
      <trkpt lat="48.620609" lon="8.294420">
        <ele>653.89196</ele>
        <time>2023-04-08T20:21:12.241Z</time>
      </trkpt>
      <trkpt lat="48.620988" lon="8.294434">
        <ele>652.003479</ele>
        <time>2023-04-08T20:21:23.540Z</time>
      </trkpt>
      <trkpt lat="48.621424" lon="8.294611">
        <ele>649.754783</ele>
        <time>2023-04-08T20:21:37.176Z</time>
      </trkpt>
      <trkpt lat="48.621825" lon="8.294858">
        <ele>647.598044</ele>
        <time>2023-04-08T20:21:49.696Z</time>
      </trkpt>
      <trkpt lat="48.622043" lon="8.295120">
        <ele>646.070709</ele>
        <time>2023-04-08T20:21:57.423Z</time>
      </trkpt>
      <trkpt lat="48.622161" lon="8.295381">
        <ele>644.30787</ele>
        <time>2023-04-08T20:22:03.075Z</time>
      </trkpt>
      <trkpt lat="48.622488" lon="8.296328">
        <ele>638.351504</ele>
        <time>2023-04-08T20:22:21.660Z</time>
      </trkpt>
      <trkpt lat="48.622807" lon="8.296922">
        <ele>634.084882</ele>
        <time>2023-04-08T20:22:34.910Z</time>
      </trkpt>
      <trkpt lat="48.623369" lon="8.297518">
        <ele>628.257844</ele>
        <time>2023-04-08T20:22:52.733Z</time>
      </trkpt>
      <trkpt lat="48.623527" lon="8.297746">
        <ele>626.392164</ele>
        <time>2023-04-08T20:22:58.370Z</time>
      </trkpt>
      <trkpt lat="48.624220" lon="8.298811">
        <ele>617.951719</ele>
        <time>2023-04-08T20:23:24.239Z</time>
      </trkpt>
      <trkpt lat="48.624357" lon="8.299170">
        <ele>615.780254</ele>
        <time>2023-04-08T20:23:31.687Z</time>
      </trkpt>
      <trkpt lat="48.624487" lon="8.299408">
        <ele>615.151348</ele>
        <time>2023-04-08T20:23:37.405Z</time>
      </trkpt>
      <trkpt lat="48.624587" lon="8.299534">
        <ele>614.750299</ele>
        <time>2023-04-08T20:23:41.057Z</time>
      </trkpt>
      <trkpt lat="48.625030" lon="8.299992">
        <ele>613.096797</ele>
        <time>2023-04-08T20:23:57.110Z</time>
      </trkpt>
      <trkpt lat="48.625181" lon="8.300308">
        <ele>612.302537</ele>
        <time>2023-04-08T20:24:05.368Z</time>
      </trkpt>
      <trkpt lat="48.625308" lon="8.300754">
        <ele>611.313348</ele>
        <time>2023-04-08T20:24:16.563Z</time>
      </trkpt>
      <trkpt lat="48.625417" lon="8.301295">
        <ele>610.321448</ele>
        <time>2023-04-08T20:24:30.773Z</time>
      </trkpt>
      <trkpt lat="48.625546" lon="8.302142">
        <ele>610.20065</ele>
        <time>2023-04-08T20:24:53.468Z</time>
      </trkpt>
      <trkpt lat="48.625596" lon="8.302711">
        <ele>610.120877</ele>
        <time>2023-04-08T20:25:07.361Z</time>
      </trkpt>
      <trkpt lat="48.625754" lon="8.303148">
        <ele>610.051652</ele>
        <time>2023-04-08T20:25:19.299Z</time>
      </trkpt>
      <trkpt lat="48.625952" lon="8.303427">
        <ele>609.994761</ele>
        <time>2023-04-08T20:25:29.020Z</time>
      </trkpt>
      <trkpt lat="48.626456" lon="8.303722">
        <ele>609.44238</ele>
        <time>2023-04-08T20:25:48.078Z</time>
      </trkpt>
      <trkpt lat="48.626807" lon="8.304176">
        <ele>608.768477</ele>
        <time>2023-04-08T20:26:03.591Z</time>
      </trkpt>
      <trkpt lat="48.627083" lon="8.304734">
        <ele>608.09623</ele>
        <time>2023-04-08T20:26:18.510Z</time>
      </trkpt>
      <trkpt lat="48.627193" lon="8.305060">
        <ele>607.743179</ele>
        <time>2023-04-08T20:26:26.231Z</time>
      </trkpt>
      <trkpt lat="48.627402" lon="8.306185">
        <ele>606.595373</ele>
        <time>2023-04-08T20:26:52.116Z</time>
      </trkpt>
      <trkpt lat="48.627523" lon="8.307248">
        <ele>605.524905</ele>
        <time>2023-04-08T20:27:17.209Z</time>
      </trkpt>
      <trkpt lat="48.627769" lon="8.308299">
        <ele>604.146001</ele>
        <time>2023-04-08T20:27:41.420Z</time>
      </trkpt>
      <trkpt lat="48.627870" lon="8.308551">
        <ele>603.476119</ele>
        <time>2023-04-08T20:27:47.442Z</time>
      </trkpt>
      <trkpt lat="48.628089" lon="8.308971">
        <ele>602.260143</ele>
        <time>2023-04-08T20:27:58.084Z</time>
      </trkpt>
      <trkpt lat="48.628631" lon="8.310153">
        <ele>598.990214</ele>
        <time>2023-04-08T20:28:26.209Z</time>
      </trkpt>
      <trkpt lat="48.628707" lon="8.310359">
        <ele>598.453975</ele>
        <time>2023-04-08T20:28:31.009Z</time>
      </trkpt>
      <trkpt lat="48.628785" lon="8.310683">
        <ele>597.777499</ele>
        <time>2023-04-08T20:28:38.016Z</time>
      </trkpt>
      <trkpt lat="48.628802" lon="8.311160">
        <ele>596.842285</ele>
        <time>2023-04-08T20:28:47.961Z</time>
      </trkpt>
      <trkpt lat="48.628779" lon="8.311833">
        <ele>595.522944</ele>
        <time>2023-04-08T20:29:02.141Z</time>
      </trkpt>
      <trkpt lat="48.628749" lon="8.312057">
        <ele>595.075489</ele>
        <time>2023-04-08T20:29:06.888Z</time>
      </trkpt>
      <trkpt lat="48.628581" lon="8.312661">
        <ele>593.792546</ele>
        <time>2023-04-08T20:29:20.390Z</time>
      </trkpt>
      <trkpt lat="48.628556" lon="8.312966">
        <ele>593.190848</ele>
        <time>2023-04-08T20:29:26.730Z</time>
      </trkpt>
      <trkpt lat="48.628601" lon="8.313408">
        <ele>591.697413</ele>
        <time>2023-04-08T20:29:35.893Z</time>
      </trkpt>
      <trkpt lat="48.628749" lon="8.313759">
        <ele>590.253409</ele>
        <time>2023-04-08T20:29:44.377Z</time>
      </trkpt>
      <trkpt lat="48.630176" lon="8.316066">
        <ele>577.770751</ele>
        <time>2023-04-08T20:30:42.301Z</time>
      </trkpt>
      <trkpt lat="48.630472" lon="8.316435">
        <ele>575.058417</ele>
        <time>2023-04-08T20:30:52.596Z</time>
      </trkpt>
      <trkpt lat="48.630619" lon="8.316675">
        <ele>573.528996</ele>
        <time>2023-04-08T20:30:58.360Z</time>
      </trkpt>
      <trkpt lat="48.630907" lon="8.317306">
        <ele>569.902522</ele>
        <time>2023-04-08T20:31:11.940Z</time>
      </trkpt>
      <trkpt lat="48.631167" lon="8.317657">
        <ele>567.335532</ele>
        <time>2023-04-08T20:31:21.406Z</time>
      </trkpt>
      <trkpt lat="48.631327" lon="8.317704">
        <ele>566.134806</ele>
        <time>2023-04-08T20:31:25.886Z</time>
      </trkpt>
      <trkpt lat="48.631890" lon="8.317665">
        <ele>561.982844</ele>
        <time>2023-04-08T20:31:41.292Z</time>
      </trkpt>
      <trkpt lat="48.632165" lon="8.317822">
        <ele>559.817509</ele>
        <time>2023-04-08T20:31:49.221Z</time>
      </trkpt>
      <trkpt lat="48.632664" lon="8.318394">
        <ele>555.306046</ele>
        <time>2023-04-08T20:32:05.901Z</time>
      </trkpt>
      <trkpt lat="48.633201" lon="8.319581">
        <ele>548.583787</ele>
        <time>2023-04-08T20:32:31.683Z</time>
      </trkpt>
      <trkpt lat="48.633282" lon="8.319838">
        <ele>547.253201</ele>
        <time>2023-04-08T20:32:36.867Z</time>
      </trkpt>
      <trkpt lat="48.633322" lon="8.319923">
        <ele>546.76557</ele>
        <time>2023-04-08T20:32:38.056Z</time>
      </trkpt>
      <trkpt lat="48.633338" lon="8.320027">
        <ele>546.266568</ele>
        <time>2023-04-08T20:32:39.278Z</time>
      </trkpt>
      <trkpt lat="48.633340" lon="8.320387">
        <ele>544.682161</ele>
        <time>2023-04-08T20:32:43.399Z</time>
      </trkpt>
      <trkpt lat="48.633329" lon="8.320633">
        <ele>543.809196</ele>
        <time>2023-04-08T20:32:46.246Z</time>
      </trkpt>
      <trkpt lat="48.633323" lon="8.320835">
        <ele>543.093285</ele>
        <time>2023-04-08T20:32:48.569Z</time>
      </trkpt>
      <trkpt lat="48.633222" lon="8.321009">
        <ele>542.273342</ele>
        <time>2023-04-08T20:32:50.938Z</time>
      </trkpt>
      <trkpt lat="48.633107" lon="8.321350">
        <ele>540.917902</ele>
        <time>2023-04-08T20:32:54.921Z</time>
      </trkpt>
      <trkpt lat="48.633091" lon="8.321535">
        <ele>540.257314</ele>
        <time>2023-04-08T20:32:56.878Z</time>
      </trkpt>
      <trkpt lat="48.633136" lon="8.321881">
        <ele>539.008784</ele>
        <time>2023-04-08T20:33:00.591Z</time>
      </trkpt>
      <trkpt lat="48.633198" lon="8.322036">
        <ele>538.367306</ele>
        <time>2023-04-08T20:33:02.463Z</time>
      </trkpt>
      <trkpt lat="48.633378" lon="8.322283">
        <ele>537.065501</ele>
        <time>2023-04-08T20:33:06.327Z</time>
      </trkpt>
      <trkpt lat="48.634233" lon="8.323136">
        <ele>532.157033</ele>
        <time>2023-04-08T20:33:22.712Z</time>
      </trkpt>
      <trkpt lat="48.634625" lon="8.323589">
        <ele>529.919366</ele>
        <time>2023-04-08T20:33:30.581Z</time>
      </trkpt>
      <trkpt lat="48.634942" lon="8.324104">
        <ele>527.809349</ele>
        <time>2023-04-08T20:33:38.019Z</time>
      </trkpt>
      <trkpt lat="48.635615" lon="8.325753">
        <ele>524.766888</ele>
        <time>2023-04-08T20:33:59.889Z</time>
      </trkpt>
      <trkpt lat="48.635745" lon="8.326154">
        <ele>524.14148</ele>
        <time>2023-04-08T20:34:06.135Z</time>
      </trkpt>
      <trkpt lat="48.635801" lon="8.326454">
        <ele>523.704982</ele>
        <time>2023-04-08T20:34:10.751Z</time>
      </trkpt>
      <trkpt lat="48.635793" lon="8.327051">
        <ele>523.658168</ele>
        <time>2023-04-08T20:34:20.070Z</time>
      </trkpt>
      <trkpt lat="48.635677" lon="8.327849">
        <ele>524.275078</ele>
        <time>2023-04-08T20:34:35.279Z</time>
      </trkpt>
      <trkpt lat="48.635665" lon="8.328024">
        <ele>524.407916</ele>
        <time>2023-04-08T20:34:38.844Z</time>
      </trkpt>
      <trkpt lat="48.635693" lon="8.328280">
        <ele>524.60383</ele>
        <time>2023-04-08T20:34:44.419Z</time>
      </trkpt>
      <trkpt lat="48.635827" lon="8.328508">
        <ele>524.834204</ele>
        <time>2023-04-08T20:34:50.697Z</time>
      </trkpt>
      <trkpt lat="48.635931" lon="8.328578">
        <ele>524.964249</ele>
        <time>2023-04-08T20:34:54.428Z</time>
      </trkpt>
      <trkpt lat="48.636399" lon="8.328761">
        <ele>525.382365</ele>
        <time>2023-04-08T20:35:09.185Z</time>
      </trkpt>
      <trkpt lat="48.636507" lon="8.328844">
        <ele>525.288341</ele>
        <time>2023-04-08T20:35:12.376Z</time>
      </trkpt>
      <trkpt lat="48.636750" lon="8.329120">
        <ele>525.052498</ele>
        <time>2023-04-08T20:35:20.131Z</time>
      </trkpt>
      <trkpt lat="48.636953" lon="8.329348">
        <ele>524.856265</ele>
        <time>2023-04-08T20:35:25.416Z</time>
      </trkpt>
      <trkpt lat="48.637358" lon="8.329710">
        <ele>524.491151</ele>
        <time>2023-04-08T20:35:34.696Z</time>
      </trkpt>
      <trkpt lat="48.638072" lon="8.330788">
        <ele>522.812555</ele>
        <time>2023-04-08T20:35:52.775Z</time>
      </trkpt>
      <trkpt lat="48.638226" lon="8.331105">
        <ele>522.066634</ele>
        <time>2023-04-08T20:35:57.274Z</time>
      </trkpt>
      <trkpt lat="48.638540" lon="8.332379">
        <ele>519.48878</ele>
        <time>2023-04-08T20:36:12.887Z</time>
      </trkpt>
      <trkpt lat="48.638593" lon="8.332844">
        <ele>518.315097</ele>
        <time>2023-04-08T20:36:18.290Z</time>
      </trkpt>
      <trkpt lat="48.638583" lon="8.333095">
        <ele>517.373157</ele>
        <time>2023-04-08T20:36:21.071Z</time>
      </trkpt>
      <trkpt lat="48.638478" lon="8.333615">
        <ele>515.336351</ele>
        <time>2023-04-08T20:36:26.940Z</time>
      </trkpt>
      <trkpt lat="48.638450" lon="8.333865">
        <ele>514.386507</ele>
        <time>2023-04-08T20:36:29.629Z</time>
      </trkpt>
      <trkpt lat="48.638373" lon="8.335069">
        <ele>509.855298</ele>
        <time>2023-04-08T20:36:41.892Z</time>
      </trkpt>
      <trkpt lat="48.638401" lon="8.335486">
        <ele>508.015894</ele>
        <time>2023-04-08T20:36:45.971Z</time>
      </trkpt>
      <trkpt lat="48.638997" lon="8.337341">
        <ele>495.073763</ele>
        <time>2023-04-08T20:37:05.191Z</time>
      </trkpt>
      <trkpt lat="48.639105" lon="8.337859">
        <ele>491.665635</ele>
        <time>2023-04-08T20:37:10.374Z</time>
      </trkpt>
      <trkpt lat="48.639178" lon="8.338103">
        <ele>490.56537</ele>
        <time>2023-04-08T20:37:12.947Z</time>
      </trkpt>
      <trkpt lat="48.639245" lon="8.338245">
        <ele>489.862646</ele>
        <time>2023-04-08T20:37:14.589Z</time>
      </trkpt>
      <trkpt lat="48.639570" lon="8.338644">
        <ele>487.31197</ele>
        <time>2023-04-08T20:37:20.753Z</time>
      </trkpt>
      <trkpt lat="48.639603" lon="8.338768">
        <ele>486.773588</ele>
        <time>2023-04-08T20:37:22.102Z</time>
      </trkpt>
      <trkpt lat="48.639616" lon="8.338923">
        <ele>486.144329</ele>
        <time>2023-04-08T20:37:23.767Z</time>
      </trkpt>
      <trkpt lat="48.639575" lon="8.339208">
        <ele>484.969626</ele>
        <time>2023-04-08T20:37:26.706Z</time>
      </trkpt>
      <trkpt lat="48.639543" lon="8.339350">
        <ele>484.365388</ele>
        <time>2023-04-08T20:37:28.444Z</time>
      </trkpt>
      <trkpt lat="48.639348" lon="8.339343">
        <ele>483.17656</ele>
        <time>2023-04-08T20:37:31.522Z</time>
      </trkpt>
      <trkpt lat="48.639178" lon="8.339440">
        <ele>482.069236</ele>
        <time>2023-04-08T20:37:34.693Z</time>
      </trkpt>
      <trkpt lat="48.639083" lon="8.339532">
        <ele>481.381819</ele>
        <time>2023-04-08T20:37:36.518Z</time>
      </trkpt>
      <trkpt lat="48.638988" lon="8.339670">
        <ele>480.586466</ele>
        <time>2023-04-08T20:37:38.673Z</time>
      </trkpt>
      <trkpt lat="48.638472" lon="8.340745">
        <ele>475.84214</ele>
        <time>2023-04-08T20:37:53.691Z</time>
      </trkpt>
      <trkpt lat="48.638201" lon="8.341193">
        <ele>473.673405</ele>
        <time>2023-04-08T20:37:59.621Z</time>
      </trkpt>
      <trkpt lat="48.637902" lon="8.341515">
        <ele>471.690374</ele>
        <time>2023-04-08T20:38:05.206Z</time>
      </trkpt>
      <trkpt lat="48.637726" lon="8.341648">
        <ele>470.515077</ele>
        <time>2023-04-08T20:38:08.145Z</time>
      </trkpt>
      <trkpt lat="48.637050" lon="8.342061">
        <ele>465.084399</ele>
        <time>2023-04-08T20:38:18.836Z</time>
      </trkpt>
      <trkpt lat="48.636891" lon="8.342279">
        <ele>463.486095</ele>
        <time>2023-04-08T20:38:22.010Z</time>
      </trkpt>
      <trkpt lat="48.636822" lon="8.342446">
        <ele>462.516534</ele>
        <time>2023-04-08T20:38:23.892Z</time>
      </trkpt>
      <trkpt lat="48.636788" lon="8.342882">
        <ele>460.355322</ele>
        <time>2023-04-08T20:38:28.252Z</time>
      </trkpt>
      <trkpt lat="48.636855" lon="8.343351">
        <ele>457.99322</ele>
        <time>2023-04-08T20:38:33.096Z</time>
      </trkpt>
      <trkpt lat="48.636856" lon="8.343637">
        <ele>456.380945</ele>
        <time>2023-04-08T20:38:35.963Z</time>
      </trkpt>
      <trkpt lat="48.636775" lon="8.344338">
        <ele>452.116097</ele>
        <time>2023-04-08T20:38:42.971Z</time>
      </trkpt>
      <trkpt lat="48.636772" lon="8.344994">
        <ele>448.184577</ele>
        <time>2023-04-08T20:38:49.180Z</time>
      </trkpt>
      <trkpt lat="48.636760" lon="8.345714">
        <ele>443.868225</ele>
        <time>2023-04-08T20:38:55.894Z</time>
      </trkpt>
      <trkpt lat="48.636786" lon="8.346081">
        <ele>441.656181</ele>
        <time>2023-04-08T20:38:59.351Z</time>
      </trkpt>
      <trkpt lat="48.636850" lon="8.346312">
        <ele>439.865339</ele>
        <time>2023-04-08T20:39:01.677Z</time>
      </trkpt>
      <trkpt lat="48.637058" lon="8.346608">
        <ele>436.567128</ele>
        <time>2023-04-08T20:39:05.683Z</time>
      </trkpt>
      <trkpt lat="48.637209" lon="8.346708">
        <ele>434.663158</ele>
        <time>2023-04-08T20:39:07.953Z</time>
      </trkpt>
      <trkpt lat="48.637333" lon="8.346739">
        <ele>433.211377</ele>
        <time>2023-04-08T20:39:09.718Z</time>
      </trkpt>
      <trkpt lat="48.638396" lon="8.347152">
        <ele>420.534071</ele>
        <time>2023-04-08T20:39:24.723Z</time>
      </trkpt>
      <trkpt lat="48.638884" lon="8.347442">
        <ele>417.730937</ele>
        <time>2023-04-08T20:39:32.451Z</time>
      </trkpt>
      <trkpt lat="48.638981" lon="8.347563">
        <ele>417.071572</ele>
        <time>2023-04-08T20:39:34.409Z</time>
      </trkpt>
      <trkpt lat="48.639433" lon="8.348414">
        <ele>413.28723</ele>
        <time>2023-04-08T20:39:46.053Z</time>
      </trkpt>
      <trkpt lat="48.639447" lon="8.348540">
        <ele>412.844377</ele>
        <time>2023-04-08T20:39:47.393Z</time>
      </trkpt>
      <trkpt lat="48.639366" lon="8.348568">
        <ele>412.408568</ele>
        <time>2023-04-08T20:39:48.880Z</time>
      </trkpt>
      <trkpt lat="48.639251" lon="8.348628">
        <ele>411.770519</ele>
        <time>2023-04-08T20:39:51.151Z</time>
      </trkpt>
      <trkpt lat="48.639136" lon="8.348736">
        <ele>411.060601</ele>
        <time>2023-04-08T20:39:53.548Z</time>
      </trkpt>
      <trkpt lat="48.638999" lon="8.348888">
        <ele>411.715604</ele>
        <time>2023-04-08T20:39:57.124Z</time>
      </trkpt>
      <trkpt lat="48.638925" lon="8.349237">
        <ele>412.803703</ele>
        <time>2023-04-08T20:40:03.544Z</time>
      </trkpt>
      <trkpt lat="48.638956" lon="8.349484">
        <ele>413.550074</ele>
        <time>2023-04-08T20:40:10.690Z</time>
      </trkpt>
      <trkpt lat="48.639148" lon="8.349657">
        <ele>414.55396</ele>
        <time>2023-04-08T20:40:20.300Z</time>
      </trkpt>
      <trkpt lat="48.639206" lon="8.349725">
        <ele>414.883576</ele>
        <time>2023-04-08T20:40:24.994Z</time>
      </trkpt>
      <trkpt lat="48.639176" lon="8.350031">
        <ele>415.80193</ele>
        <time>2023-04-08T20:40:37.269Z</time>
      </trkpt>
      <trkpt lat="48.639250" lon="8.350169">
        <ele>416.329524</ele>
        <time>2023-04-08T20:40:45.813Z</time>
      </trkpt>
      <trkpt lat="48.639319" lon="8.350184">
        <ele>416.642691</ele>
        <time>2023-04-08T20:40:50.997Z</time>
      </trkpt>
      <trkpt lat="48.639683" lon="8.350682">
        <ele>418.847181</ele>
        <time>2023-04-08T20:41:28.611Z</time>
      </trkpt>
      <trkpt lat="48.639810" lon="8.351045">
        <ele>420.021858</ele>
        <time>2023-04-08T20:41:48.291Z</time>
      </trkpt>
      <trkpt lat="48.640158" lon="8.351168">
        <ele>421.55445</ele>
        <time>2023-04-08T20:42:07.051Z</time>
      </trkpt>
      <trkpt lat="48.640727" lon="8.351490">
        <ele>424.159683</ele>
        <time>2023-04-08T20:42:41.198Z</time>
      </trkpt>
      <trkpt lat="48.642191" lon="8.352104">
        <ele>423.695838</ele>
        <time>2023-04-08T20:43:13.226Z</time>
      </trkpt>
      <trkpt lat="48.642679" lon="8.352212">
        <ele>422.004903</ele>
        <time>2023-04-08T20:43:20.768Z</time>
      </trkpt>
      <trkpt lat="48.643378" lon="8.352171">
        <ele>418.767218</ele>
        <time>2023-04-08T20:43:31.322Z</time>
      </trkpt>
      <trkpt lat="48.643855" lon="8.352209">
        <ele>415.786073</ele>
        <time>2023-04-08T20:43:38.436Z</time>
      </trkpt>
      <trkpt lat="48.644314" lon="8.352287">
        <ele>412.903388</ele>
        <time>2023-04-08T20:43:45.349Z</time>
      </trkpt>
      <trkpt lat="48.645970" lon="8.352741">
        <ele>406.395112</ele>
        <time>2023-04-08T20:44:12.327Z</time>
      </trkpt>
      <trkpt lat="48.646457" lon="8.352904">
        <ele>405.05784</ele>
        <time>2023-04-08T20:44:24.213Z</time>
      </trkpt>
      <trkpt lat="48.646601" lon="8.353001">
        <ele>404.635241</ele>
        <time>2023-04-08T20:44:28.513Z</time>
      </trkpt>
      <trkpt lat="48.647602" lon="8.354199">
        <ele>405.760692</ele>
        <time>2023-04-08T20:45:05.399Z</time>
      </trkpt>
      <trkpt lat="48.647991" lon="8.354885">
        <ele>406.179475</ele>
        <time>2023-04-08T20:45:21.127Z</time>
      </trkpt>
      <trkpt lat="48.648635" lon="8.355647">
        <ele>404.829487</ele>
        <time>2023-04-08T20:45:39.118Z</time>
      </trkpt>
      <trkpt lat="48.648771" lon="8.355858">
        <ele>404.507849</ele>
        <time>2023-04-08T20:45:42.392Z</time>
      </trkpt>
      <trkpt lat="48.648949" lon="8.356324">
        <ele>403.920529</ele>
        <time>2023-04-08T20:45:48.321Z</time>
      </trkpt>
      <trkpt lat="48.649104" lon="8.357000">
        <ele>403.029425</ele>
        <time>2023-04-08T20:45:56.152Z</time>
      </trkpt>
      <trkpt lat="48.649197" lon="8.357267">
        <ele>402.472444</ele>
        <time>2023-04-08T20:45:59.582Z</time>
      </trkpt>
      <trkpt lat="48.649318" lon="8.357511">
        <ele>401.90946</ele>
        <time>2023-04-08T20:46:03.579Z</time>
      </trkpt>
      <trkpt lat="48.649448" lon="8.357630">
        <ele>401.485119</ele>
        <time>2023-04-08T20:46:06.320Z</time>
      </trkpt>
      <trkpt lat="48.649943" lon="8.357928">
        <ele>399.997188</ele>
        <time>2023-04-08T20:46:17.368Z</time>
      </trkpt>
      <trkpt lat="48.650099" lon="8.358068">
        <ele>399.490635</ele>
        <time>2023-04-08T20:46:20.641Z</time>
      </trkpt>
      <trkpt lat="48.650538" lon="8.358755">
        <ele>397.061306</ele>
        <time>2023-04-08T20:46:30.947Z</time>
      </trkpt>
      <trkpt lat="48.650638" lon="8.358843">
        <ele>396.346267</ele>
        <time>2023-04-08T20:46:32.658Z</time>
      </trkpt>
      <trkpt lat="48.650777" lon="8.358861">
        <ele>395.483881</ele>
        <time>2023-04-08T20:46:34.718Z</time>
      </trkpt>
      <trkpt lat="48.651081" lon="8.358784">
        <ele>393.578537</ele>
        <time>2023-04-08T20:46:39.285Z</time>
      </trkpt>
      <trkpt lat="48.652005" lon="8.358242">
        <ele>387.452833</ele>
        <time>2023-04-08T20:46:54.185Z</time>
      </trkpt>
      <trkpt lat="48.652245" lon="8.357978">
        <ele>386.847038</ele>
        <time>2023-04-08T20:46:58.793Z</time>
      </trkpt>
      <trkpt lat="48.652440" lon="8.357706">
        <ele>386.516643</ele>
        <time>2023-04-08T20:47:03.098Z</time>
      </trkpt>
      <trkpt lat="48.652620" lon="8.357534">
        <ele>386.251416</ele>
        <time>2023-04-08T20:47:06.818Z</time>
      </trkpt>
      <trkpt lat="48.652800" lon="8.357411">
        <ele>386.005345</ele>
        <time>2023-04-08T20:47:10.493Z</time>
      </trkpt>
      <trkpt lat="48.652958" lon="8.357349">
        <ele>385.801972</ele>
        <time>2023-04-08T20:47:14.436Z</time>
      </trkpt>
      <trkpt lat="48.653192" lon="8.357380">
        <ele>385.509296</ele>
        <time>2023-04-08T20:47:20.858Z</time>
      </trkpt>
      <trkpt lat="48.654359" lon="8.358300">
        <ele>384.104495</ele>
        <time>2023-04-08T20:48:09.491Z</time>
      </trkpt>
      <trkpt lat="48.654533" lon="8.358533">
        <ele>383.879963</ele>
        <time>2023-04-08T20:48:14.365Z</time>
      </trkpt>
      <trkpt lat="48.654645" lon="8.358808">
        <ele>383.673692</ele>
        <time>2023-04-08T20:48:18.133Z</time>
      </trkpt>
      <trkpt lat="48.654810" lon="8.359467">
        <ele>383.223723</ele>
        <time>2023-04-08T20:48:25.463Z</time>
      </trkpt>
      <trkpt lat="48.655214" lon="8.360220">
        <ele>379.028942</ele>
        <time>2023-04-08T20:48:34.930Z</time>
      </trkpt>
      <trkpt lat="48.655430" lon="8.360760">
        <ele>376.111765</ele>
        <time>2023-04-08T20:48:40.931Z</time>
      </trkpt>
      <trkpt lat="48.655540" lon="8.361343">
        <ele>373.309973</ele>
        <time>2023-04-08T20:48:46.753Z</time>
      </trkpt>
      <trkpt lat="48.655536" lon="8.361581">
        <ele>372.209815</ele>
        <time>2023-04-08T20:48:49.089Z</time>
      </trkpt>
      <trkpt lat="48.655488" lon="8.361775">
        <ele>371.252518</ele>
        <time>2023-04-08T20:48:51.149Z</time>
      </trkpt>
      <trkpt lat="48.655327" lon="8.362233">
        <ele>370.46786</ele>
        <time>2023-04-08T20:48:56.760Z</time>
      </trkpt>
      <trkpt lat="48.655257" lon="8.362567">
        <ele>370.349166</ele>
        <time>2023-04-08T20:49:01.158Z</time>
      </trkpt>
      <trkpt lat="48.655257" lon="8.362908">
        <ele>370.233659</ele>
        <time>2023-04-08T20:49:05.990Z</time>
      </trkpt>
      <trkpt lat="48.655295" lon="8.363178">
        <ele>370.140149</ele>
        <time>2023-04-08T20:49:10.670Z</time>
      </trkpt>
      <trkpt lat="48.655362" lon="8.363437">
        <ele>370.045931</ele>
        <time>2023-04-08T20:49:16.400Z</time>
      </trkpt>
      <trkpt lat="48.655515" lon="8.363860">
        <ele>369.882575</ele>
        <time>2023-04-08T20:49:27.234Z</time>
      </trkpt>
      <trkpt lat="48.655643" lon="8.364120">
        <ele>369.772738</ele>
        <time>2023-04-08T20:49:34.419Z</time>
      </trkpt>
      <trkpt lat="48.655797" lon="8.364365">
        <ele>369.598748</ele>
        <time>2023-04-08T20:49:41.603Z</time>
      </trkpt>
      <trkpt lat="48.655983" lon="8.364568">
        <ele>369.013848</ele>
        <time>2023-04-08T20:49:47.345Z</time>
      </trkpt>
      <trkpt lat="48.656348" lon="8.364649">
        <ele>368.072851</ele>
        <time>2023-04-08T20:49:54.870Z</time>
      </trkpt>
      <trkpt lat="48.656546" lon="8.364775">
        <ele>367.52498</ele>
        <time>2023-04-08T20:49:58.804Z</time>
      </trkpt>
      <trkpt lat="48.656788" lon="8.364874">
        <ele>366.885541</ele>
        <time>2023-04-08T20:50:03.024Z</time>
      </trkpt>
      <trkpt lat="48.657000" lon="8.364853">
        <ele>366.343612</ele>
        <time>2023-04-08T20:50:06.429Z</time>
      </trkpt>
      <trkpt lat="48.657198" lon="8.364716">
        <ele>365.788298</ele>
        <time>2023-04-08T20:50:09.839Z</time>
      </trkpt>
      <trkpt lat="48.657921" lon="8.363795">
        <ele>363.810455</ele>
        <time>2023-04-08T20:50:24.589Z</time>
      </trkpt>
      <trkpt lat="48.658238" lon="8.363088">
        <ele>362.7354</ele>
        <time>2023-04-08T20:50:34.808Z</time>
      </trkpt>
      <trkpt lat="48.658500" lon="8.362875">
        <ele>362.168978</ele>
        <time>2023-04-08T20:50:41.491Z</time>
      </trkpt>
      <trkpt lat="48.658952" lon="8.362766">
        <ele>362.492364</ele>
        <time>2023-04-08T20:50:57.555Z</time>
      </trkpt>
      <trkpt lat="48.659550" lon="8.362535">
        <ele>365.196476</ele>
        <time>2023-04-08T20:51:29.093Z</time>
      </trkpt>
      <trkpt lat="48.659789" lon="8.362544">
        <ele>366.243988</ele>
        <time>2023-04-08T20:51:43.244Z</time>
      </trkpt>
      <trkpt lat="48.660094" lon="8.362625">
        <ele>367.600765</ele>
        <time>2023-04-08T20:51:59.815Z</time>
      </trkpt>
      <trkpt lat="48.660627" lon="8.362607">
        <ele>369.460133</ele>
        <time>2023-04-08T20:52:22.029Z</time>
      </trkpt>
      <trkpt lat="48.660964" lon="8.362664">
        <ele>369.160242</ele>
        <time>2023-04-08T20:52:31.452Z</time>
      </trkpt>
      <trkpt lat="48.661246" lon="8.362618">
        <ele>368.909404</ele>
        <time>2023-04-08T20:52:37.147Z</time>
      </trkpt>
      <trkpt lat="48.661806" lon="8.362369">
        <ele>368.393234</ele>
        <time>2023-04-08T20:52:47.762Z</time>
      </trkpt>
      <trkpt lat="48.662648" lon="8.361824">
        <ele>366.910829</ele>
        <time>2023-04-08T20:53:03.685Z</time>
      </trkpt>
      <trkpt lat="48.662842" lon="8.361764">
        <ele>366.414015</ele>
        <time>2023-04-08T20:53:06.899Z</time>
      </trkpt>
      <trkpt lat="48.663241" lon="8.361824">
        <ele>365.407965</ele>
        <time>2023-04-08T20:53:13.461Z</time>
      </trkpt>
      <trkpt lat="48.663390" lon="8.361908">
        <ele>365.009036</ele>
        <time>2023-04-08T20:53:16.060Z</time>
      </trkpt>
      <trkpt lat="48.663570" lon="8.362113">
        <ele>364.443892</ele>
        <time>2023-04-08T20:53:19.881Z</time>
      </trkpt>
      <trkpt lat="48.663879" lon="8.362652">
        <ele>363.670723</ele>
        <time>2023-04-08T20:53:29.105Z</time>
      </trkpt>
      <trkpt lat="48.664150" lon="8.363258">
        <ele>365.289756</ele>
        <time>2023-04-08T20:53:45.730Z</time>
      </trkpt>
      <trkpt lat="48.664203" lon="8.363448">
        <ele>365.746038</ele>
        <time>2023-04-08T20:53:52.197Z</time>
      </trkpt>
      <trkpt lat="48.664249" lon="8.363760">
        <ele>366.453252</ele>
        <time>2023-04-08T20:54:01.586Z</time>
      </trkpt>
      <trkpt lat="48.664304" lon="8.364281">
        <ele>367.62047</ele>
        <time>2023-04-08T20:54:18.300Z</time>
      </trkpt>
      <trkpt lat="48.664644" lon="8.365421">
        <ele>369.654953</ele>
        <time>2023-04-08T20:54:55.916Z</time>
      </trkpt>
      <trkpt lat="48.664859" lon="8.365692">
        <ele>369.850965</ele>
        <time>2023-04-08T20:55:07.511Z</time>
      </trkpt>
      <trkpt lat="48.665106" lon="8.365858">
        <ele>370.040312</ele>
        <time>2023-04-08T20:55:19.754Z</time>
      </trkpt>
      <trkpt lat="48.665568" lon="8.366099">
        <ele>370.382692</ele>
        <time>2023-04-08T20:55:35.664Z</time>
      </trkpt>
      <trkpt lat="48.665751" lon="8.366078">
        <ele>370.511281</ele>
        <time>2023-04-08T20:55:39.033Z</time>
      </trkpt>
      <trkpt lat="48.666857" lon="8.365472">
        <ele>363.225617</ele>
        <time>2023-04-08T20:55:56.391Z</time>
      </trkpt>
      <trkpt lat="48.666995" lon="8.365336">
        <ele>361.8172</ele>
        <time>2023-04-08T20:55:58.755Z</time>
      </trkpt>
      <trkpt lat="48.667356" lon="8.364766">
        <ele>357.355863</ele>
        <time>2023-04-08T20:56:06.107Z</time>
      </trkpt>
      <trkpt lat="48.667445" lon="8.364715">
        <ele>356.541891</ele>
        <time>2023-04-08T20:56:07.431Z</time>
      </trkpt>
      <trkpt lat="48.667526" lon="8.364710">
        <ele>355.848465</ele>
        <time>2023-04-08T20:56:08.579Z</time>
      </trkpt>
      <trkpt lat="48.667650" lon="8.364796">
        <ele>354.830379</ele>
        <time>2023-04-08T20:56:10.506Z</time>
      </trkpt>
      <trkpt lat="48.667712" lon="8.364841">
        <ele>354.375749</ele>
        <time>2023-04-08T20:56:11.479Z</time>
      </trkpt>
      <trkpt lat="48.667960" lon="8.365019">
        <ele>352.560986</ele>
        <time>2023-04-08T20:56:15.369Z</time>
      </trkpt>
      <trkpt lat="48.668068" lon="8.365046">
        <ele>351.837185</ele>
        <time>2023-04-08T20:56:16.942Z</time>
      </trkpt>
      <trkpt lat="48.668204" lon="8.365020">
        <ele>350.930768</ele>
        <time>2023-04-08T20:56:18.905Z</time>
      </trkpt>
      <trkpt lat="48.668275" lon="8.364891">
        <ele>350.197453</ele>
        <time>2023-04-08T20:56:20.540Z</time>
      </trkpt>
      <trkpt lat="48.668327" lon="8.364520">
        <ele>348.541247</ele>
        <time>2023-04-08T20:56:24.247Z</time>
      </trkpt>
      <trkpt lat="48.668289" lon="8.363518">
        <ele>344.158401</ele>
        <time>2023-04-08T20:56:35.793Z</time>
      </trkpt>
      <trkpt lat="48.668315" lon="8.362968">
        <ele>342.716175</ele>
        <time>2023-04-08T20:56:42.070Z</time>
      </trkpt>
      <trkpt lat="48.668414" lon="8.362627">
        <ele>342.017602</ele>
        <time>2023-04-08T20:56:46.138Z</time>
      </trkpt>
      <trkpt lat="48.668515" lon="8.362388">
        <ele>341.485477</ele>
        <time>2023-04-08T20:56:49.080Z</time>
      </trkpt>
      <trkpt lat="48.668760" lon="8.362097">
        <ele>340.601247</ele>
        <time>2023-04-08T20:56:54.310Z</time>
      </trkpt>
      <trkpt lat="48.668932" lon="8.361949">
        <ele>340.039465</ele>
        <time>2023-04-08T20:56:58.097Z</time>
      </trkpt>
      <trkpt lat="48.669049" lon="8.361713">
        <ele>339.486049</ele>
        <time>2023-04-08T20:57:01.367Z</time>
      </trkpt>
      <trkpt lat="48.669179" lon="8.361053">
        <ele>338.22058</ele>
        <time>2023-04-08T20:57:10.107Z</time>
      </trkpt>
      <trkpt lat="48.669299" lon="8.360604">
        <ele>337.480615</ele>
        <time>2023-04-08T20:57:16.261Z</time>
      </trkpt>
      <trkpt lat="48.669302" lon="8.360380">
        <ele>337.138347</ele>
        <time>2023-04-08T20:57:19.305Z</time>
      </trkpt>
      <trkpt lat="48.669224" lon="8.360154">
        <ele>336.748789</ele>
        <time>2023-04-08T20:57:22.393Z</time>
      </trkpt>
      <trkpt lat="48.669026" lon="8.359911">
        <ele>336.15922</ele>
        <time>2023-04-08T20:57:27.383Z</time>
      </trkpt>
      <trkpt lat="48.668915" lon="8.359669">
        <ele>335.709101</ele>
        <time>2023-04-08T20:57:30.711Z</time>
      </trkpt>
      <trkpt lat="48.668760" lon="8.359192">
        <ele>334.896962</ele>
        <time>2023-04-08T20:57:36.704Z</time>
      </trkpt>
      <trkpt lat="48.668399" lon="8.357833">
        <ele>332.325334</ele>
        <time>2023-04-08T20:57:53.170Z</time>
      </trkpt>
      <trkpt lat="48.668117" lon="8.357306">
        <ele>331.060883</ele>
        <time>2023-04-08T20:58:00.846Z</time>
      </trkpt>
      <trkpt lat="48.667882" lon="8.356749">
        <ele>329.828712</ele>
        <time>2023-04-08T20:58:08.327Z</time>
      </trkpt>
      <trkpt lat="48.667632" lon="8.355919">
        <ele>329.461541</ele>
        <time>2023-04-08T20:58:19.528Z</time>
      </trkpt>
      <trkpt lat="48.667439" lon="8.355411">
        <ele>329.871628</ele>
        <time>2023-04-08T20:58:27.824Z</time>
      </trkpt>
      <trkpt lat="48.667408" lon="8.355236">
        <ele>329.998411</ele>
        <time>2023-04-08T20:58:30.760Z</time>
      </trkpt>
      <trkpt lat="48.667411" lon="8.355106">
        <ele>330.089432</ele>
        <time>2023-04-08T20:58:33.331Z</time>
      </trkpt>
      <trkpt lat="48.667447" lon="8.354982">
        <ele>330.184213</ele>
        <time>2023-04-08T20:58:35.617Z</time>
      </trkpt>
      <trkpt lat="48.667518" lon="8.354888">
        <ele>330.28414</ele>
        <time>2023-04-08T20:58:38.268Z</time>
      </trkpt>
      <trkpt lat="48.667607" lon="8.354856">
        <ele>330.381059</ele>
        <time>2023-04-08T20:58:41.244Z</time>
      </trkpt>
      <trkpt lat="48.667988" lon="8.354864">
        <ele>330.784775</ele>
        <time>2023-04-08T20:58:55.332Z</time>
      </trkpt>
      <trkpt lat="48.668381" lon="8.354906">
        <ele>331.767015</ele>
        <time>2023-04-08T20:59:13.142Z</time>
      </trkpt>
      <trkpt lat="48.669003" lon="8.354842">
        <ele>334.303475</ele>
        <time>2023-04-08T20:59:43.160Z</time>
      </trkpt>
      <trkpt lat="48.669199" lon="8.354903">
        <ele>335.117575</ele>
        <time>2023-04-08T20:59:53.461Z</time>
      </trkpt>
      <trkpt lat="48.669897" lon="8.355303">
        <ele>338.153974</ele>
        <time>2023-04-08T21:00:24.920Z</time>
      </trkpt>
      <trkpt lat="48.670917" lon="8.355861">
        <ele>338.793096</ele>
        <time>2023-04-08T21:00:54.689Z</time>
      </trkpt>
      <trkpt lat="48.671269" lon="8.356098">
        <ele>338.967335</ele>
        <time>2023-04-08T21:01:02.665Z</time>
      </trkpt>
      <trkpt lat="48.671690" lon="8.356451">
        <ele>338.900647</ele>
        <time>2023-04-08T21:01:11.846Z</time>
      </trkpt>
      <trkpt lat="48.672309" lon="8.357111">
        <ele>337.308028</ele>
        <time>2023-04-08T21:01:26.022Z</time>
      </trkpt>
      <trkpt lat="48.672534" lon="8.357386">
        <ele>336.699752</ele>
        <time>2023-04-08T21:01:31.266Z</time>
      </trkpt>
      <trkpt lat="48.672685" lon="8.357723">
        <ele>336.133988</ele>
        <time>2023-04-08T21:01:36.119Z</time>
      </trkpt>
      <trkpt lat="48.673255" lon="8.358544">
        <ele>333.673044</ele>
        <time>2023-04-08T21:01:49.772Z</time>
      </trkpt>
      <trkpt lat="48.674415" lon="8.359831">
        <ele>327.866117</ele>
        <time>2023-04-08T21:02:13.007Z</time>
      </trkpt>
      <trkpt lat="48.674926" lon="8.360501">
        <ele>325.322701</ele>
        <time>2023-04-08T21:02:23.970Z</time>
      </trkpt>
      <trkpt lat="48.675675" lon="8.361287">
        <ele>321.893727</ele>
        <time>2023-04-08T21:02:39.466Z</time>
      </trkpt>
      <trkpt lat="48.676079" lon="8.361607">
        <ele>320.24624</ele>
        <time>2023-04-08T21:02:47.247Z</time>
      </trkpt>
      <trkpt lat="48.676357" lon="8.361754">
        <ele>319.205473</ele>
        <time>2023-04-08T21:02:52.316Z</time>
      </trkpt>
      <trkpt lat="48.676685" lon="8.361890">
        <ele>318.003489</ele>
        <time>2023-04-08T21:02:58.113Z</time>
      </trkpt>
      <trkpt lat="48.677217" lon="8.361988">
        <ele>316.109271</ele>
        <time>2023-04-08T21:03:07.169Z</time>
      </trkpt>
      <trkpt lat="48.678296" lon="8.361892">
        <ele>312.192221</ele>
        <time>2023-04-08T21:03:24.649Z</time>
      </trkpt>
      <trkpt lat="48.679493" lon="8.361415">
        <ele>308.347547</ele>
        <time>2023-04-08T21:03:45.532Z</time>
      </trkpt>
      <trkpt lat="48.679552" lon="8.361364">
        <ele>308.3453</ele>
        <time>2023-04-08T21:03:46.765Z</time>
      </trkpt>
      <trkpt lat="48.679577" lon="8.361280">
        <ele>308.343288</ele>
        <time>2023-04-08T21:03:47.695Z</time>
      </trkpt>
      <trkpt lat="48.679824" lon="8.361195">
        <ele>308.33491</ele>
        <time>2023-04-08T21:03:54.260Z</time>
      </trkpt>
      <trkpt lat="48.680059" lon="8.361103">
        <ele>308.326881</ele>
        <time>2023-04-08T21:03:59.026Z</time>
      </trkpt>
      <trkpt lat="48.680545" lon="8.360932">
        <ele>308.310377</ele>
        <time>2023-04-08T21:04:13.334Z</time>
      </trkpt>
      <trkpt lat="48.680731" lon="8.360900">
        <ele>308.304185</ele>
        <time>2023-04-08T21:04:17.332Z</time>
      </trkpt>
      <trkpt lat="48.680878" lon="8.360950">
        <ele>308.299201</ele>
        <time>2023-04-08T21:04:24.039Z</time>
      </trkpt>
      <trkpt lat="48.680943" lon="8.360934">
        <ele>308.297023</ele>
        <time>2023-04-08T21:04:25.715Z</time>
      </trkpt>
      <trkpt lat="48.681031" lon="8.360837">
        <ele>308.338082</ele>
        <time>2023-04-08T21:04:27.984Z</time>
      </trkpt>
      <trkpt lat="48.681148" lon="8.360915">
        <ele>308.540725</ele>
        <time>2023-04-08T21:04:34.117Z</time>
      </trkpt>
      <trkpt lat="48.681264" lon="8.360926">
        <ele>308.724971</ele>
        <time>2023-04-08T21:04:38.479Z</time>
      </trkpt>
      <trkpt lat="48.681686" lon="8.360922">
        <ele>309.393948</ele>
        <time>2023-04-08T21:04:51.471Z</time>
      </trkpt>
      <trkpt lat="48.682533" lon="8.361119">
        <ele>310.752371</ele>
        <time>2023-04-08T21:05:14.882Z</time>
      </trkpt>
      <trkpt lat="48.682882" lon="8.361107">
        <ele>311.317587</ele>
        <time>2023-04-08T21:05:25.875Z</time>
      </trkpt>
      <trkpt lat="48.683092" lon="8.361028">
        <ele>311.685934</ele>
        <time>2023-04-08T21:05:32.454Z</time>
      </trkpt>
      <trkpt lat="48.683700" lon="8.360729">
        <ele>312.774129</ele>
        <time>2023-04-08T21:05:53.486Z</time>
      </trkpt>
      <trkpt lat="48.684036" lon="8.361095">
        <ele>313.478658</ele>
        <time>2023-04-08T21:06:06.515Z</time>
      </trkpt>
      <trkpt lat="48.684295" lon="8.361481">
        <ele>314.097198</ele>
        <time>2023-04-08T21:06:16.903Z</time>
      </trkpt>
      <trkpt lat="48.684418" lon="8.361758">
        <ele>314.343025</ele>
        <time>2023-04-08T21:06:22.689Z</time>
      </trkpt>
      <trkpt lat="48.684486" lon="8.362071">
        <ele>314.532545</ele>
        <time>2023-04-08T21:06:29.416Z</time>
      </trkpt>
      <trkpt lat="48.684508" lon="8.362349">
        <ele>314.693583</ele>
        <time>2023-04-08T21:06:34.410Z</time>
      </trkpt>
      <trkpt lat="48.684561" lon="8.362569">
        <ele>314.828278</ele>
        <time>2023-04-08T21:06:39.827Z</time>
      </trkpt>
      <trkpt lat="48.684641" lon="8.362771">
        <ele>314.96376</ele>
        <time>2023-04-08T21:06:44.532Z</time>
      </trkpt>
      <trkpt lat="48.684817" lon="8.362972">
        <ele>315.155785</ele>
        <time>2023-04-08T21:06:51.621Z</time>
      </trkpt>
      <trkpt lat="48.685103" lon="8.363118">
        <ele>315.418711</ele>
        <time>2023-04-08T21:06:59.197Z</time>
      </trkpt>
      <trkpt lat="48.685189" lon="8.363133">
        <ele>315.494128</ele>
        <time>2023-04-08T21:07:01.034Z</time>
      </trkpt>
      <trkpt lat="48.685312" lon="8.363145">
        <ele>315.601504</ele>
        <time>2023-04-08T21:07:03.490Z</time>
      </trkpt>
      <trkpt lat="48.685738" lon="8.363081">
        <ele>315.881294</ele>
        <time>2023-04-08T21:07:12.587Z</time>
      </trkpt>
      <trkpt lat="48.686002" lon="8.363108">
        <ele>316.004481</ele>
        <time>2023-04-08T21:07:17.815Z</time>
      </trkpt>
      <trkpt lat="48.686348" lon="8.363306">
        <ele>316.176675</ele>
        <time>2023-04-08T21:07:24.991Z</time>
      </trkpt>
      <trkpt lat="48.686486" lon="8.363394">
        <ele>316.246382</ele>
        <time>2023-04-08T21:07:27.937Z</time>
      </trkpt>
      <trkpt lat="48.686816" lon="8.363578">
        <ele>316.410093</ele>
        <time>2023-04-08T21:07:35.562Z</time>
      </trkpt>
      <trkpt lat="48.686826" lon="8.363678">
        <ele>316.441179</ele>
        <time>2023-04-08T21:07:37.585Z</time>
      </trkpt>
      <trkpt lat="48.686964" lon="8.364019">
        <ele>316.564109</ele>
        <time>2023-04-08T21:07:46.368Z</time>
      </trkpt>
      <trkpt lat="48.687117" lon="8.364026">
        <ele>317.022219</ele>
        <time>2023-04-08T21:07:52.181Z</time>
      </trkpt>
      <trkpt lat="48.687186" lon="8.363988">
        <ele>317.616071</ele>
        <time>2023-04-08T21:07:55.295Z</time>
      </trkpt>
      <trkpt lat="48.687297" lon="8.363629">
        <ele>319.732898</ele>
        <time>2023-04-08T21:08:07.316Z</time>
      </trkpt>
      <trkpt lat="48.687556" lon="8.363256">
        <ele>322.623536</ele>
        <time>2023-04-08T21:08:26.625Z</time>
      </trkpt>
      <trkpt lat="48.687693" lon="8.363140">
        <ele>323.893035</ele>
        <time>2023-04-08T21:08:36.143Z</time>
      </trkpt>
      <trkpt lat="48.687814" lon="8.363128">
        <ele>324.873845</ele>
        <time>2023-04-08T21:08:43.773Z</time>
      </trkpt>
      <trkpt lat="48.688293" lon="8.363316">
        <ele>328.876201</ele>
        <time>2023-04-08T21:09:19.552Z</time>
      </trkpt>
      <trkpt lat="48.688529" lon="8.363414">
        <ele>330.855525</ele>
        <time>2023-04-08T21:09:39.651Z</time>
      </trkpt>
      <trkpt lat="48.688633" lon="8.363500">
        <ele>332.016363</ele>
        <time>2023-04-08T21:09:49.873Z</time>
      </trkpt>
      <trkpt lat="48.688740" lon="8.363718">
        <ele>333.916092</ele>
        <time>2023-04-08T21:10:06.919Z</time>
      </trkpt>
      <trkpt lat="48.688859" lon="8.364059">
        <ele>336.613471</ele>
        <time>2023-04-08T21:10:32.135Z</time>
      </trkpt>
      <trkpt lat="48.688978" lon="8.364385">
        <ele>339.218568</ele>
        <time>2023-04-08T21:10:57.209Z</time>
      </trkpt>
      <trkpt lat="48.689327" lon="8.365052">
        <ele>345.170493</ele>
        <time>2023-04-08T21:11:45.591Z</time>
      </trkpt>
      <trkpt lat="48.689580" lon="8.365654">
        <ele>350.161078</ele>
        <time>2023-04-08T21:12:12.125Z</time>
      </trkpt>
      <trkpt lat="48.689732" lon="8.365851">
        <ele>349.95764</ele>
        <time>2023-04-08T21:12:20.859Z</time>
      </trkpt>
      <trkpt lat="48.690015" lon="8.366088">
        <ele>349.532857</ele>
        <time>2023-04-08T21:12:30.060Z</time>
      </trkpt>
      <trkpt lat="48.690318" lon="8.366183">
        <ele>349.126392</ele>
        <time>2023-04-08T21:12:36.519Z</time>
      </trkpt>
      <trkpt lat="48.690386" lon="8.366141">
        <ele>349.029926</ele>
        <time>2023-04-08T21:12:37.980Z</time>
      </trkpt>
      <trkpt lat="48.690425" lon="8.366075">
        <ele>348.953114</ele>
        <time>2023-04-08T21:12:39.017Z</time>
      </trkpt>
      <trkpt lat="48.690451" lon="8.365913">
        <ele>348.808541</ele>
        <time>2023-04-08T21:12:40.986Z</time>
      </trkpt>
      <trkpt lat="48.690427" lon="8.365646">
        <ele>348.574873</ele>
        <time>2023-04-08T21:12:44.274Z</time>
      </trkpt>
      <trkpt lat="48.690250" lon="8.365247">
        <ele>348.158009</ele>
        <time>2023-04-08T21:12:49.720Z</time>
      </trkpt>
      <trkpt lat="48.690125" lon="8.364794">
        <ele>348.158611</ele>
        <time>2023-04-08T21:12:55.446Z</time>
      </trkpt>
      <trkpt lat="48.689985" lon="8.363949">
        <ele>350.112612</ele>
        <time>2023-04-08T21:13:08.876Z</time>
      </trkpt>
      <trkpt lat="48.689981" lon="8.363822">
        <ele>350.397781</ele>
        <time>2023-04-08T21:13:12.499Z</time>
      </trkpt>
      <trkpt lat="48.690049" lon="8.363616">
        <ele>350.914356</ele>
        <time>2023-04-08T21:13:20.952Z</time>
      </trkpt>
      <trkpt lat="48.690140" lon="8.363485">
        <ele>351.340878</ele>
        <time>2023-04-08T21:13:28.651Z</time>
      </trkpt>
      <trkpt lat="48.690290" lon="8.363331">
        <ele>351.956536</ele>
        <time>2023-04-08T21:13:39.094Z</time>
      </trkpt>
      <trkpt lat="48.690561" lon="8.363224">
        <ele>352.908047</ele>
        <time>2023-04-08T21:13:55.966Z</time>
      </trkpt>
      <trkpt lat="48.690665" lon="8.363255">
        <ele>353.268173</ele>
        <time>2023-04-08T21:14:02.516Z</time>
      </trkpt>
      <trkpt lat="48.690816" lon="8.363373">
        <ele>353.845451</ele>
        <time>2023-04-08T21:14:14.157Z</time>
      </trkpt>
      <trkpt lat="48.690950" lon="8.363400">
        <ele>354.655812</ele>
        <time>2023-04-08T21:14:22.605Z</time>
      </trkpt>
      <trkpt lat="48.691317" lon="8.363324">
        <ele>357.204204</ele>
        <time>2023-04-08T21:14:46.316Z</time>
      </trkpt>
      <trkpt lat="48.691448" lon="8.363205">
        <ele>358.255084</ele>
        <time>2023-04-08T21:14:57.265Z</time>
      </trkpt>
      <trkpt lat="48.691514" lon="8.363041">
        <ele>359.127388</ele>
        <time>2023-04-08T21:15:05.050Z</time>
      </trkpt>
      <trkpt lat="48.691541" lon="8.362627">
        <ele>361.016717</ele>
        <time>2023-04-08T21:15:24.137Z</time>
      </trkpt>
      <trkpt lat="48.691577" lon="8.362458">
        <ele>361.823201</ele>
        <time>2023-04-08T21:15:30.840Z</time>
      </trkpt>
      <trkpt lat="48.691697" lon="8.362241">
        <ele>363.108813</ele>
        <time>2023-04-08T21:15:43.704Z</time>
      </trkpt>
      <trkpt lat="48.691994" lon="8.361961">
        <ele>365.5155</ele>
        <time>2023-04-08T21:16:02.460Z</time>
      </trkpt>
      <trkpt lat="48.692127" lon="8.361800">
        <ele>366.436699</ele>
        <time>2023-04-08T21:16:09.337Z</time>
      </trkpt>
      <trkpt lat="48.692227" lon="8.361587">
        <ele>366.775959</ele>
        <time>2023-04-08T21:16:16.754Z</time>
      </trkpt>
      <trkpt lat="48.692304" lon="8.361332">
        <ele>367.139926</ele>
        <time>2023-04-08T21:16:22.360Z</time>
      </trkpt>
      <trkpt lat="48.692341" lon="8.361114">
        <ele>367.432085</ele>
        <time>2023-04-08T21:16:26.756Z</time>
      </trkpt>
      <trkpt lat="48.692419" lon="8.360994">
        <ele>367.650678</ele>
        <time>2023-04-08T21:16:29.456Z</time>
      </trkpt>
      <trkpt lat="48.692560" lon="8.360972">
        <ele>367.929393</ele>
        <time>2023-04-08T21:16:32.681Z</time>
      </trkpt>
      <trkpt lat="48.692705" lon="8.361012">
        <ele>368.219196</ele>
        <time>2023-04-08T21:16:38.050Z</time>
      </trkpt>
      <trkpt lat="48.693329" lon="8.361334">
        <ele>369.515398</ele>
        <time>2023-04-08T21:17:00.079Z</time>
      </trkpt>
      <trkpt lat="48.693759" lon="8.361409">
        <ele>369.456182</ele>
        <time>2023-04-08T21:17:15.947Z</time>
      </trkpt>
      <trkpt lat="48.694205" lon="8.361345">
        <ele>368.711144</ele>
        <time>2023-04-08T21:17:26.608Z</time>
      </trkpt>
      <trkpt lat="48.694532" lon="8.361450">
        <ele>368.155247</ele>
        <time>2023-04-08T21:17:33.480Z</time>
      </trkpt>
      <trkpt lat="48.695115" lon="8.361490">
        <ele>367.184698</ele>
        <time>2023-04-08T21:17:44.693Z</time>
      </trkpt>
      <trkpt lat="48.695292" lon="8.361389">
        <ele>366.829347</ele>
        <time>2023-04-08T21:17:48.356Z</time>
      </trkpt>
      <trkpt lat="48.695448" lon="8.361099">
        <ele>365.013996</ele>
        <time>2023-04-08T21:17:52.772Z</time>
      </trkpt>
      <trkpt lat="48.695609" lon="8.360826">
        <ele>363.237542</ele>
        <time>2023-04-08T21:17:59.781Z</time>
      </trkpt>
      <trkpt lat="48.696002" lon="8.360531">
        <ele>360.013212</ele>
        <time>2023-04-08T21:18:11.797Z</time>
      </trkpt>
      <trkpt lat="48.696258" lon="8.360210">
        <ele>357.570247</ele>
        <time>2023-04-08T21:18:20.528Z</time>
      </trkpt>
      <trkpt lat="48.696575" lon="8.360106">
        <ele>355.185796</ele>
        <time>2023-04-08T21:18:28.792Z</time>
      </trkpt>
      <trkpt lat="48.696757" lon="8.359996">
        <ele>353.74528</ele>
        <time>2023-04-08T21:18:33.811Z</time>
      </trkpt>
      <trkpt lat="48.696851" lon="8.359849">
        <ele>352.358905</ele>
        <time>2023-04-08T21:18:37.349Z</time>
      </trkpt>
      <trkpt lat="48.696890" lon="8.359668">
        <ele>351.034533</ele>
        <time>2023-04-08T21:18:40.682Z</time>
      </trkpt>
      <trkpt lat="48.696907" lon="8.359030">
        <ele>346.59317</ele>
        <time>2023-04-08T21:18:51.635Z</time>
      </trkpt>
      <trkpt lat="48.696972" lon="8.358937">
        <ele>345.65101</ele>
        <time>2023-04-08T21:18:53.907Z</time>
      </trkpt>
      <trkpt lat="48.697159" lon="8.358788">
        <ele>343.424437</ele>
        <time>2023-04-08T21:18:59.324Z</time>
      </trkpt>
      <trkpt lat="48.697241" lon="8.358518">
        <ele>341.357134</ele>
        <time>2023-04-08T21:19:04.239Z</time>
      </trkpt>
      <trkpt lat="48.697281" lon="8.358235">
        <ele>339.344051</ele>
        <time>2023-04-08T21:19:09.016Z</time>
      </trkpt>
      <trkpt lat="48.697227" lon="8.357621">
        <ele>335.035524</ele>
        <time>2023-04-08T21:19:19.174Z</time>
      </trkpt>
      <trkpt lat="48.697352" lon="8.357359">
        <ele>333.988581</ele>
        <time>2023-04-08T21:19:24.506Z</time>
      </trkpt>
      <trkpt lat="48.697410" lon="8.357123">
        <ele>333.334531</ele>
        <time>2023-04-08T21:19:28.809Z</time>
      </trkpt>
      <trkpt lat="48.697406" lon="8.356942">
        <ele>332.864175</ele>
        <time>2023-04-08T21:19:31.898Z</time>
      </trkpt>
      <trkpt lat="48.697338" lon="8.356669">
        <ele>332.106331</ele>
        <time>2023-04-08T21:19:37.126Z</time>
      </trkpt>
      <trkpt lat="48.697332" lon="8.356475">
        <ele>331.601921</ele>
        <time>2023-04-08T21:19:40.754Z</time>
      </trkpt>
      <trkpt lat="48.697420" lon="8.355798">
        <ele>329.809845</ele>
        <time>2023-04-08T21:19:55.472Z</time>
      </trkpt>
      <trkpt lat="48.697372" lon="8.355104">
        <ele>327.99752</ele>
        <time>2023-04-08T21:20:16.693Z</time>
      </trkpt>
      <trkpt lat="48.697422" lon="8.354730">
        <ele>328.039038</ele>
        <time>2023-04-08T21:20:29.592Z</time>
      </trkpt>
      <trkpt lat="48.697592" lon="8.354502">
        <ele>328.631939</ele>
        <time>2023-04-08T21:20:42.255Z</time>
      </trkpt>
      <trkpt lat="48.697803" lon="8.354381">
        <ele>329.221104</ele>
        <time>2023-04-08T21:20:54.212Z</time>
      </trkpt>
      <trkpt lat="48.697987" lon="8.354347">
        <ele>329.705172</ele>
        <time>2023-04-08T21:21:04.568Z</time>
      </trkpt>
      <trkpt lat="48.698545" lon="8.354573">
        <ele>331.213529</ele>
        <time>2023-04-08T21:21:37.880Z</time>
      </trkpt>
      <trkpt lat="48.699587" lon="8.355340">
        <ele>329.423142</ele>
        <time>2023-04-08T21:22:24.690Z</time>
      </trkpt>
      <trkpt lat="48.699625" lon="8.355339">
        <ele>329.272757</ele>
        <time>2023-04-08T21:22:25.265Z</time>
      </trkpt>
      <trkpt lat="48.699925" lon="8.355560">
        <ele>327.952808</ele>
        <time>2023-04-08T21:22:30.519Z</time>
      </trkpt>
      <trkpt lat="48.700315" lon="8.355769">
        <ele>326.315927</ele>
        <time>2023-04-08T21:22:36.603Z</time>
      </trkpt>
      <trkpt lat="48.702191" lon="8.356583">
        <ele>310.647671</ele>
        <time>2023-04-08T21:23:04.833Z</time>
      </trkpt>
      <trkpt lat="48.702473" lon="8.356664">
        <ele>308.191267</ele>
        <time>2023-04-08T21:23:09.006Z</time>
      </trkpt>
      <trkpt lat="48.702598" lon="8.356790">
        <ele>306.924839</ele>
        <time>2023-04-08T21:23:11.180Z</time>
      </trkpt>
      <trkpt lat="48.702935" lon="8.357381">
        <ele>302.576735</ele>
        <time>2023-04-08T21:23:18.616Z</time>
      </trkpt>
      <trkpt lat="48.703195" lon="8.357743">
        <ele>299.598248</ele>
        <time>2023-04-08T21:23:23.664Z</time>
      </trkpt>
      <trkpt lat="48.703323" lon="8.357985">
        <ele>297.871749</ele>
        <time>2023-04-08T21:23:26.559Z</time>
      </trkpt>
      <trkpt lat="48.703379" lon="8.358167">
        <ele>296.753849</ele>
        <time>2023-04-08T21:23:28.445Z</time>
      </trkpt>
      <trkpt lat="48.703473" lon="8.358598">
        <ele>294.342076</ele>
        <time>2023-04-08T21:23:32.922Z</time>
      </trkpt>
      <trkpt lat="48.703468" lon="8.358735">
        <ele>294.2153</ele>
        <time>2023-04-08T21:23:34.341Z</time>
      </trkpt>
      <trkpt lat="48.703444" lon="8.358866">
        <ele>294.089682</ele>
        <time>2023-04-08T21:23:35.775Z</time>
      </trkpt>
      <trkpt lat="48.703304" lon="8.359279">
        <ele>293.660688</ele>
        <time>2023-04-08T21:23:40.718Z</time>
      </trkpt>
      <trkpt lat="48.703188" lon="8.360113">
        <ele>292.873167</ele>
        <time>2023-04-08T21:23:50.810Z</time>
      </trkpt>
      <trkpt lat="48.703156" lon="8.360214">
        <ele>292.769649</ele>
        <time>2023-04-08T21:23:52.214Z</time>
      </trkpt>
      <trkpt lat="48.703188" lon="8.360113">
        <ele>292.666131</ele>
        <time>2023-04-08T21:23:54.395Z</time>
      </trkpt>
      <trkpt lat="48.703304" lon="8.359279">
        <ele>291.87861</ele>
        <time>2023-04-08T21:24:13.542Z</time>
      </trkpt>
      <trkpt lat="48.703444" lon="8.358866">
        <ele>293.821172</ele>
        <time>2023-04-08T21:24:27.269Z</time>
      </trkpt>
      <trkpt lat="48.703468" lon="8.358735">
        <ele>294.445555</ele>
        <time>2023-04-08T21:24:31.485Z</time>
      </trkpt>
      <trkpt lat="48.703473" lon="8.358598">
        <ele>295.075704</ele>
        <time>2023-04-08T21:24:35.921Z</time>
      </trkpt>
      <trkpt lat="48.703379" lon="8.358167">
        <ele>297.160408</ele>
        <time>2023-04-08T21:24:53.354Z</time>
      </trkpt>
      <trkpt lat="48.703323" lon="8.357985">
        <ele>298.082646</ele>
        <time>2023-04-08T21:25:02.716Z</time>
      </trkpt>
      <trkpt lat="48.703195" lon="8.357743">
        <ele>299.506961</ele>
        <time>2023-04-08T21:25:17.744Z</time>
      </trkpt>
      <trkpt lat="48.702935" lon="8.357381">
        <ele>301.964135</ele>
        <time>2023-04-08T21:25:42.543Z</time>
      </trkpt>
      <trkpt lat="48.702598" lon="8.356790">
        <ele>304.748175</ele>
        <time>2023-04-08T21:26:14.543Z</time>
      </trkpt>
      <trkpt lat="48.702473" lon="8.356664">
        <ele>305.086549</ele>
        <time>2023-04-08T21:26:22.450Z</time>
      </trkpt>
      <trkpt lat="48.702191" lon="8.356583">
        <ele>305.733449</ele>
        <time>2023-04-08T21:26:35.214Z</time>
      </trkpt>
      <trkpt lat="48.701462" lon="8.356267">
        <ele>307.442406</ele>
        <time>2023-04-08T21:26:56.445Z</time>
      </trkpt>
      <trkpt lat="48.702191" lon="8.356583">
        <ele>306.367184</ele>
        <time>2023-04-08T21:27:11.313Z</time>
      </trkpt>
      <trkpt lat="48.702473" lon="8.356664">
        <ele>304.560332</ele>
        <time>2023-04-08T21:27:15.967Z</time>
      </trkpt>
      <trkpt lat="48.702598" lon="8.356790">
        <ele>303.61522</ele>
        <time>2023-04-08T21:27:18.267Z</time>
      </trkpt>
      <trkpt lat="48.702935" lon="8.357381">
        <ele>300.37031</ele>
        <time>2023-04-08T21:27:25.839Z</time>
      </trkpt>
      <trkpt lat="48.703195" lon="8.357743">
        <ele>298.147519</ele>
        <time>2023-04-08T21:27:30.887Z</time>
      </trkpt>
      <trkpt lat="48.703323" lon="8.357985">
        <ele>296.748406</ele>
        <time>2023-04-08T21:27:33.782Z</time>
      </trkpt>
      <trkpt lat="48.703379" lon="8.358167">
        <ele>295.52218</ele>
        <time>2023-04-08T21:27:35.658Z</time>
      </trkpt>
      <trkpt lat="48.703473" lon="8.358598">
        <ele>292.750318</ele>
        <time>2023-04-08T21:27:39.921Z</time>
      </trkpt>
      <trkpt lat="48.703468" lon="8.358735">
        <ele>291.91246</ele>
        <time>2023-04-08T21:27:41.234Z</time>
      </trkpt>
      <trkpt lat="48.703444" lon="8.358866">
        <ele>291.082268</ele>
        <time>2023-04-08T21:27:42.510Z</time>
      </trkpt>
      <trkpt lat="48.703304" lon="8.359279">
        <ele>288.247079</ele>
        <time>2023-04-08T21:27:46.846Z</time>
      </trkpt>
      <trkpt lat="48.703188" lon="8.360113">
        <ele>283.042427</ele>
        <time>2023-04-08T21:27:54.807Z</time>
      </trkpt>
      <trkpt lat="48.703156" lon="8.360214">
        <ele>282.358284</ele>
        <time>2023-04-08T21:27:55.871Z</time>
      </trkpt>
      <trkpt lat="48.703154" lon="8.360221">
        <ele>282.311705</ele>
        <time>2023-04-08T21:27:55.940Z</time>
      </trkpt>
      <trkpt lat="48.702972" lon="8.360554">
        <ele>280.285235</ele>
        <time>2023-04-08T21:28:00.133Z</time>
      </trkpt>
      <trkpt lat="48.702906" lon="8.360777">
        <ele>279.966114</ele>
        <time>2023-04-08T21:28:02.611Z</time>
      </trkpt>
      <trkpt lat="48.703120" lon="8.360998">
        <ele>279.453727</ele>
        <time>2023-04-08T21:28:06.654Z</time>
      </trkpt>
      <trkpt lat="48.703545" lon="8.360810">
        <ele>278.577762</ele>
        <time>2023-04-08T21:28:14.439Z</time>
      </trkpt>
      <trkpt lat="48.703667" lon="8.360711">
        <ele>278.303949</ele>
        <time>2023-04-08T21:28:17.281Z</time>
      </trkpt>
      <trkpt lat="48.703751" lon="8.360551">
        <ele>278.036991</ele>
        <time>2023-04-08T21:28:20.476Z</time>
      </trkpt>
      <trkpt lat="48.703807" lon="8.360206">
        <ele>277.573092</ele>
        <time>2023-04-08T21:28:28.757Z</time>
      </trkpt>
      <trkpt lat="48.703791" lon="8.359945">
        <ele>277.230832</ele>
        <time>2023-04-08T21:28:36.256Z</time>
      </trkpt>
      <trkpt lat="48.703814" lon="8.359725">
        <ele>276.939991</ele>
        <time>2023-04-08T21:28:40.488Z</time>
      </trkpt>
      <trkpt lat="48.703930" lon="8.359221">
        <ele>276.435797</ele>
        <time>2023-04-08T21:28:52.963Z</time>
      </trkpt>
      <trkpt lat="48.703951" lon="8.359058">
        <ele>276.283206</ele>
        <time>2023-04-08T21:28:56.441Z</time>
      </trkpt>
      <trkpt lat="48.703944" lon="8.358880">
        <ele>276.11937</ele>
        <time>2023-04-08T21:29:01.378Z</time>
      </trkpt>
      <trkpt lat="48.703876" lon="8.358183">
        <ele>275.472008</ele>
        <time>2023-04-08T21:29:11.581Z</time>
      </trkpt>
      <trkpt lat="48.703730" lon="8.358006">
        <ele>275.211692</ele>
        <time>2023-04-08T21:29:15.163Z</time>
      </trkpt>
      <trkpt lat="48.703708" lon="8.357875">
        <ele>275.087493</ele>
        <time>2023-04-08T21:29:17.056Z</time>
      </trkpt>
      <trkpt lat="48.703731" lon="8.357809">
        <ele>275.018917</ele>
        <time>2023-04-08T21:29:17.820Z</time>
      </trkpt>
      <trkpt lat="48.703834" lon="8.357689">
        <ele>274.838032</ele>
        <time>2023-04-08T21:29:19.823Z</time>
      </trkpt>
      <trkpt lat="48.703849" lon="8.357950">
        <ele>274.597317</ele>
        <time>2023-04-08T21:29:22.926Z</time>
      </trkpt>
      <trkpt lat="48.703936" lon="8.358129">
        <ele>274.393064</ele>
        <time>2023-04-08T21:29:25.064Z</time>
      </trkpt>
      <trkpt lat="48.704219" lon="8.358855">
        <ele>268.91785</ele>
        <time>2023-04-08T21:29:33.200Z</time>
      </trkpt>
      <trkpt lat="48.704653" lon="8.359626">
        <ele>262.310931</ele>
        <time>2023-04-08T21:29:42.321Z</time>
      </trkpt>
      <trkpt lat="48.705115" lon="8.360213">
        <ele>256.617905</ele>
        <time>2023-04-08T21:29:50.711Z</time>
      </trkpt>
      <trkpt lat="48.705589" lon="8.360625">
        <ele>256.571467</ele>
        <time>2023-04-08T21:29:59.119Z</time>
      </trkpt>
      <trkpt lat="48.705639" lon="8.360663">
        <ele>256.566713</ele>
        <time>2023-04-08T21:30:00.179Z</time>
      </trkpt>
      <trkpt lat="48.705772" lon="8.360893">
        <ele>256.549563</ele>
        <time>2023-04-08T21:30:04.144Z</time>
      </trkpt>
      <trkpt lat="48.706007" lon="8.361061">
        <ele>256.527481</ele>
        <time>2023-04-08T21:30:12.290Z</time>
      </trkpt>
      <trkpt lat="48.705919" lon="8.360479">
        <ele>256.493995</ele>
        <time>2023-04-08T21:30:22.494Z</time>
      </trkpt>
      <trkpt lat="48.706149" lon="8.360154">
        <ele>256.471539</ele>
        <time>2023-04-08T21:30:40.202Z</time>
      </trkpt>
      <trkpt lat="48.706383" lon="8.359915">
        <ele>257.982726</ele>
        <time>2023-04-08T21:30:57.803Z</time>
      </trkpt>
      <trkpt lat="48.706789" lon="8.359147">
        <ele>261.460291</ele>
        <time>2023-04-08T21:31:42.222Z</time>
      </trkpt>
      <trkpt lat="48.706953" lon="8.359029">
        <ele>262.432515</ele>
        <time>2023-04-08T21:31:52.866Z</time>
      </trkpt>
      <trkpt lat="48.707939" lon="8.358617">
        <ele>263.584876</ele>
        <time>2023-04-08T21:32:26.404Z</time>
      </trkpt>
      <trkpt lat="48.708233" lon="8.358582">
        <ele>261.39133</ele>
        <time>2023-04-08T21:32:30.991Z</time>
      </trkpt>
      <trkpt lat="48.708421" lon="8.358653">
        <ele>259.950192</ele>
        <time>2023-04-08T21:32:33.768Z</time>
      </trkpt>
      <trkpt lat="48.708786" lon="8.358904">
        <ele>256.968822</ele>
        <time>2023-04-08T21:32:39.394Z</time>
      </trkpt>
      <trkpt lat="48.708970" lon="8.359071">
        <ele>255.373518</ele>
        <time>2023-04-08T21:32:42.358Z</time>
      </trkpt>
      <trkpt lat="48.709447" lon="8.359879">
        <ele>249.15752</ele>
        <time>2023-04-08T21:32:52.217Z</time>
      </trkpt>
      <trkpt lat="48.709645" lon="8.360081">
        <ele>246.786937</ele>
        <time>2023-04-08T21:32:55.477Z</time>
      </trkpt>
      <trkpt lat="48.709690" lon="8.360160">
        <ele>246.102975</ele>
        <time>2023-04-08T21:32:56.432Z</time>
      </trkpt>
      <trkpt lat="48.709736" lon="8.360399">
        <ele>244.471371</ele>
        <time>2023-04-08T21:32:58.718Z</time>
      </trkpt>
      <trkpt lat="48.709832" lon="8.360637">
        <ele>242.643262</ele>
        <time>2023-04-08T21:33:01.275Z</time>
      </trkpt>
      <trkpt lat="48.710448" lon="8.361462">
        <ele>234.732693</ele>
        <time>2023-04-08T21:33:13.312Z</time>
      </trkpt>
      <trkpt lat="48.710512" lon="8.361517">
        <ele>234.492425</ele>
        <time>2023-04-08T21:33:14.461Z</time>
      </trkpt>
      <trkpt lat="48.710776" lon="8.361592">
        <ele>233.615272</ele>
        <time>2023-04-08T21:33:18.816Z</time>
      </trkpt>
      <trkpt lat="48.711276" lon="8.362498">
        <ele>231.070146</ele>
        <time>2023-04-08T21:33:32.523Z</time>
      </trkpt>
      <trkpt lat="48.711569" lon="8.362861">
        <ele>229.834267</ele>
        <time>2023-04-08T21:33:39.566Z</time>
      </trkpt>
      <trkpt lat="48.711743" lon="8.363203">
        <ele>228.970623</ele>
        <time>2023-04-08T21:33:45.019Z</time>
      </trkpt>
      <trkpt lat="48.712032" lon="8.363665">
        <ele>228.750283</ele>
        <time>2023-04-08T21:33:52.905Z</time>
      </trkpt>
      <trkpt lat="48.712541" lon="8.364153">
        <ele>228.434353</ele>
        <time>2023-04-08T21:34:04.961Z</time>
      </trkpt>
      <trkpt lat="48.712893" lon="8.364362">
        <ele>228.236051</ele>
        <time>2023-04-08T21:34:13.676Z</time>
      </trkpt>
      <trkpt lat="48.713361" lon="8.364534">
        <ele>228.017591</ele>
        <time>2023-04-08T21:34:26.875Z</time>
      </trkpt>
      <trkpt lat="48.713507" lon="8.364564">
        <ele>227.986984</ele>
        <time>2023-04-08T21:34:30.490Z</time>
      </trkpt>
      <trkpt lat="48.713681" lon="8.364555">
        <ele>227.950818</ele>
        <time>2023-04-08T21:34:35.213Z</time>
      </trkpt>
      <trkpt lat="48.713868" lon="8.364511">
        <ele>227.911507</ele>
        <time>2023-04-08T21:34:39.300Z</time>
      </trkpt>
      <trkpt lat="48.714288" lon="8.364479">
        <ele>227.824151</ele>
        <time>2023-04-08T21:34:48.293Z</time>
      </trkpt>
      <trkpt lat="48.714536" lon="8.364374">
        <ele>227.770661</ele>
        <time>2023-04-08T21:34:53.656Z</time>
      </trkpt>
      <trkpt lat="48.714697" lon="8.364224">
        <ele>227.731403</ele>
        <time>2023-04-08T21:34:57.762Z</time>
      </trkpt>
      <trkpt lat="48.714945" lon="8.364136">
        <ele>227.678492</ele>
        <time>2023-04-08T21:35:02.829Z</time>
      </trkpt>
      <trkpt lat="48.715422" lon="8.364087">
        <ele>226.655512</ele>
        <time>2023-04-08T21:35:12.508Z</time>
      </trkpt>
      <trkpt lat="48.715635" lon="8.364003">
        <ele>226.125308</ele>
        <time>2023-04-08T21:35:16.525Z</time>
      </trkpt>
      <trkpt lat="48.716679" lon="8.363333">
        <ele>223.394137</ele>
        <time>2023-04-08T21:35:35.825Z</time>
      </trkpt>
      <trkpt lat="48.717717" lon="8.362710">
        <ele>221.701161</ele>
        <time>2023-04-08T21:35:55.376Z</time>
      </trkpt>
      <trkpt lat="48.718191" lon="8.362488">
        <ele>220.95907</ele>
        <time>2023-04-08T21:36:05.877Z</time>
      </trkpt>
      <trkpt lat="48.718603" lon="8.362317">
        <ele>221.032593</ele>
        <time>2023-04-08T21:36:18.939Z</time>
      </trkpt>
      <trkpt lat="48.718849" lon="8.362230">
        <ele>221.488562</ele>
        <time>2023-04-08T21:36:26.611Z</time>
      </trkpt>
      <trkpt lat="48.718993" lon="8.362152">
        <ele>221.764589</ele>
        <time>2023-04-08T21:36:31.266Z</time>
      </trkpt>
      <trkpt lat="48.719091" lon="8.362014">
        <ele>222.006043</ele>
        <time>2023-04-08T21:36:35.303Z</time>
      </trkpt>
      <trkpt lat="48.719122" lon="8.361849">
        <ele>222.210351</ele>
        <time>2023-04-08T21:36:38.635Z</time>
      </trkpt>
      <trkpt lat="48.719084" lon="8.361566">
        <ele>222.55428</ele>
        <time>2023-04-08T21:36:44.171Z</time>
      </trkpt>
      <trkpt lat="48.719139" lon="8.361289">
        <ele>222.89877</ele>
        <time>2023-04-08T21:36:49.372Z</time>
      </trkpt>
      <trkpt lat="48.719261" lon="8.360952">
        <ele>223.356545</ele>
        <time>2023-04-08T21:36:57.315Z</time>
      </trkpt>
      <trkpt lat="48.719372" lon="8.360851">
        <ele>223.590235</ele>
        <time>2023-04-08T21:37:01.556Z</time>
      </trkpt>
      <trkpt lat="48.719494" lon="8.360788">
        <ele>223.822881</ele>
        <time>2023-04-08T21:37:06.476Z</time>
      </trkpt>
      <trkpt lat="48.720145" lon="8.360845">
        <ele>226.053502</ele>
        <time>2023-04-08T21:37:33.782Z</time>
      </trkpt>
      <trkpt lat="48.720244" lon="8.360867">
        <ele>226.405494</ele>
        <time>2023-04-08T21:37:38.297Z</time>
      </trkpt>
      <trkpt lat="48.720423" lon="8.360934">
        <ele>227.054106</ele>
        <time>2023-04-08T21:37:46.302Z</time>
      </trkpt>
      <trkpt lat="48.720489" lon="8.360861">
        <ele>227.341528</ele>
        <time>2023-04-08T21:37:50.387Z</time>
      </trkpt>
      <trkpt lat="48.720686" lon="8.360914">
        <ele>228.045378</ele>
        <time>2023-04-08T21:37:57.351Z</time>
      </trkpt>
      <trkpt lat="48.720833" lon="8.360877">
        <ele>228.569585</ele>
        <time>2023-04-08T21:38:02.532Z</time>
      </trkpt>
      <trkpt lat="48.721271" lon="8.360740">
        <ele>230.142872</ele>
        <time>2023-04-08T21:38:18.662Z</time>
      </trkpt>
      <trkpt lat="48.721381" lon="8.360668">
        <ele>230.52857</ele>
        <time>2023-04-08T21:38:23.340Z</time>
      </trkpt>
      <trkpt lat="48.721483" lon="8.360526">
        <ele>230.965551</ele>
        <time>2023-04-08T21:38:29.775Z</time>
      </trkpt>
      <trkpt lat="48.721711" lon="8.359961">
        <ele>232.344232</ele>
        <time>2023-04-08T21:38:53.017Z</time>
      </trkpt>
      <trkpt lat="48.721974" lon="8.360112">
        <ele>233.231605</ele>
        <time>2023-04-08T21:39:05.106Z</time>
      </trkpt>
      <trkpt lat="48.722044" lon="8.360071">
        <ele>233.468391</ele>
        <time>2023-04-08T21:39:08.092Z</time>
      </trkpt>
      <trkpt lat="48.722091" lon="8.359979">
        <ele>233.710603</ele>
        <time>2023-04-08T21:39:10.769Z</time>
      </trkpt>
      <trkpt lat="48.722112" lon="8.359870">
        <ele>233.946972</ele>
        <time>2023-04-08T21:39:13.802Z</time>
      </trkpt>
      <trkpt lat="48.722104" lon="8.359763">
        <ele>234.171127</ele>
        <time>2023-04-08T21:39:16.687Z</time>
      </trkpt>
      <trkpt lat="48.722091" lon="8.359738">
        <ele>234.237388</ele>
        <time>2023-04-08T21:39:17.463Z</time>
      </trkpt>
      <trkpt lat="48.722045" lon="8.359648">
        <ele>234.474377</ele>
        <time>2023-04-08T21:39:20.025Z</time>
      </trkpt>
      <trkpt lat="48.721662" lon="8.359130">
        <ele>235.981222</ele>
        <time>2023-04-08T21:39:35.105Z</time>
      </trkpt>
      <trkpt lat="48.721594" lon="8.359039">
        <ele>236.107486</ele>
        <time>2023-04-08T21:39:37.784Z</time>
      </trkpt>
      <trkpt lat="48.721575" lon="8.358957">
        <ele>236.187297</ele>
        <time>2023-04-08T21:39:39.418Z</time>
      </trkpt>
      <trkpt lat="48.721598" lon="8.358876">
        <ele>236.268277</ele>
        <time>2023-04-08T21:39:40.770Z</time>
      </trkpt>
      <trkpt lat="48.721701" lon="8.358821">
        <ele>236.420286</ele>
        <time>2023-04-08T21:39:43.064Z</time>
      </trkpt>
      <trkpt lat="48.721865" lon="8.358804">
        <ele>236.649102</ele>
        <time>2023-04-08T21:39:47.268Z</time>
      </trkpt>
      <trkpt lat="48.722028" lon="8.358868">
        <ele>236.88348</ele>
        <time>2023-04-08T21:39:51.496Z</time>
      </trkpt>
      <trkpt lat="48.722344" lon="8.358056">
        <ele>237.749206</ele>
        <time>2023-04-08T21:40:14.381Z</time>
      </trkpt>
      <trkpt lat="48.722452" lon="8.357685">
        <ele>238.121587</ele>
        <time>2023-04-08T21:40:23.371Z</time>
      </trkpt>
      <trkpt lat="48.722523" lon="8.357247">
        <ele>238.177991</ele>
        <time>2023-04-08T21:40:29.861Z</time>
      </trkpt>
      <trkpt lat="48.722806" lon="8.355648">
        <ele>235.810004</ele>
        <time>2023-04-08T21:40:51.845Z</time>
      </trkpt>
      <trkpt lat="48.722857" lon="8.355502">
        <ele>235.573707</ele>
        <time>2023-04-08T21:40:53.766Z</time>
      </trkpt>
      <trkpt lat="48.723284" lon="8.354761">
        <ele>232.9871</ele>
        <time>2023-04-08T21:41:04.289Z</time>
      </trkpt>
      <trkpt lat="48.724088" lon="8.354054">
        <ele>223.763751</ele>
        <time>2023-04-08T21:41:17.503Z</time>
      </trkpt>
      <trkpt lat="48.724959" lon="8.353358">
        <ele>214.261073</ele>
        <time>2023-04-08T21:41:30.992Z</time>
      </trkpt>
      <trkpt lat="48.725635" lon="8.352893">
        <ele>207.637376</ele>
        <time>2023-04-08T21:41:41.532Z</time>
      </trkpt>
      <trkpt lat="48.725893" lon="8.352825">
        <ele>205.300779</ele>
        <time>2023-04-08T21:41:45.380Z</time>
      </trkpt>
      <trkpt lat="48.726843" lon="8.352813">
        <ele>199.450089</ele>
        <time>2023-04-08T21:42:00.063Z</time>
      </trkpt>
      <trkpt lat="48.727697" lon="8.352858">
        <ele>197.129158</ele>
        <time>2023-04-08T21:42:15.238Z</time>
      </trkpt>
      <trkpt lat="48.727900" lon="8.352883">
        <ele>196.575978</ele>
        <time>2023-04-08T21:42:19.153Z</time>
      </trkpt>
      <trkpt lat="48.728101" lon="8.352951">
        <ele>196.016617</ele>
        <time>2023-04-08T21:42:23.434Z</time>
      </trkpt>
      <trkpt lat="48.728360" lon="8.353080">
        <ele>196.132978</ele>
        <time>2023-04-08T21:42:29.397Z</time>
      </trkpt>
      <trkpt lat="48.729167" lon="8.353741">
        <ele>198.516141</ele>
        <time>2023-04-08T21:42:55.944Z</time>
      </trkpt>
      <trkpt lat="48.729136" lon="8.353875">
        <ele>198.759504</ele>
        <time>2023-04-08T21:42:59.786Z</time>
      </trkpt>
      <trkpt lat="48.728938" lon="8.354323">
        <ele>199.683694</ele>
        <time>2023-04-08T21:43:17.825Z</time>
      </trkpt>
      <trkpt lat="48.728930" lon="8.354361">
        <ele>199.752054</ele>
        <time>2023-04-08T21:43:19.374Z</time>
      </trkpt>
      <trkpt lat="48.728924" lon="8.354425">
        <ele>199.86284</ele>
        <time>2023-04-08T21:43:21.885Z</time>
      </trkpt>
      <trkpt lat="48.729137" lon="8.354698">
        <ele>200.593908</ele>
        <time>2023-04-08T21:43:36.122Z</time>
      </trkpt>
      <trkpt lat="48.729622" lon="8.355447">
        <ele>202.45007</ele>
        <time>2023-04-08T21:44:08.403Z</time>
      </trkpt>
      <trkpt lat="48.729764" lon="8.355621">
        <ele>202.939587</ele>
        <time>2023-04-08T21:44:15.889Z</time>
      </trkpt>
      <trkpt lat="48.729918" lon="8.355725">
        <ele>203.391581</ele>
        <time>2023-04-08T21:44:21.096Z</time>
      </trkpt>
      <trkpt lat="48.730072" lon="8.355760">
        <ele>203.809077</ele>
        <time>2023-04-08T21:44:26.117Z</time>
      </trkpt>
      <trkpt lat="48.730231" lon="8.355738">
        <ele>204.237137</ele>
        <time>2023-04-08T21:44:30.310Z</time>
      </trkpt>
      <trkpt lat="48.730562" lon="8.355567">
        <ele>205.174676</ele>
        <time>2023-04-08T21:44:38.614Z</time>
      </trkpt>
      <trkpt lat="48.730763" lon="8.355411">
        <ele>204.251209</ele>
        <time>2023-04-08T21:44:43.172Z</time>
      </trkpt>
      <trkpt lat="48.730967" lon="8.355196">
        <ele>203.132522</ele>
        <time>2023-04-08T21:44:47.615Z</time>
      </trkpt>
      <trkpt lat="48.731315" lon="8.354663">
        <ele>200.90517</ele>
        <time>2023-04-08T21:44:55.601Z</time>
      </trkpt>
      <trkpt lat="48.731989" lon="8.353225">
        <ele>195.977421</ele>
        <time>2023-04-08T21:45:12.999Z</time>
      </trkpt>
      <trkpt lat="48.732239" lon="8.352587">
        <ele>194.248573</ele>
        <time>2023-04-08T21:45:21.129Z</time>
      </trkpt>
      <trkpt lat="48.732540" lon="8.352086">
        <ele>192.669788</ele>
        <time>2023-04-08T21:45:29.097Z</time>
      </trkpt>
      <trkpt lat="48.732814" lon="8.351700">
        <ele>191.348707</ele>
        <time>2023-04-08T21:45:35.945Z</time>
      </trkpt>
      <trkpt lat="48.733145" lon="8.351311">
        <ele>190.496453</ele>
        <time>2023-04-08T21:45:43.952Z</time>
      </trkpt>
      <trkpt lat="48.733307" lon="8.351147">
        <ele>190.294007</ele>
        <time>2023-04-08T21:45:47.832Z</time>
      </trkpt>
      <trkpt lat="48.733500" lon="8.350968">
        <ele>190.058872</ele>
        <time>2023-04-08T21:45:52.650Z</time>
      </trkpt>
      <trkpt lat="48.733903" lon="8.350630">
        <ele>189.580227</ele>
        <time>2023-04-08T21:46:02.279Z</time>
      </trkpt>
      <trkpt lat="48.734121" lon="8.350461">
        <ele>189.325765</ele>
        <time>2023-04-08T21:46:07.334Z</time>
      </trkpt>
      <trkpt lat="48.734191" lon="8.350404">
        <ele>189.243187</ele>
        <time>2023-04-08T21:46:08.917Z</time>
      </trkpt>
      <trkpt lat="48.734530" lon="8.350118">
        <ele>188.805328</ele>
        <time>2023-04-08T21:46:16.485Z</time>
      </trkpt>
      <trkpt lat="48.734850" lon="8.349924">
        <ele>188.191334</ele>
        <time>2023-04-08T21:46:22.919Z</time>
      </trkpt>
      <trkpt lat="48.734995" lon="8.349710">
        <ele>187.830826</ele>
        <time>2023-04-08T21:46:26.594Z</time>
      </trkpt>
      <trkpt lat="48.735051" lon="8.349546">
        <ele>187.613826</ele>
        <time>2023-04-08T21:46:28.776Z</time>
      </trkpt>
      <trkpt lat="48.736472" lon="8.347948">
        <ele>184.682719</ele>
        <time>2023-04-08T21:47:01.606Z</time>
      </trkpt>
      <trkpt lat="48.737071" lon="8.347160">
        <ele>183.525171</ele>
        <time>2023-04-08T21:47:16.716Z</time>
      </trkpt>
      <trkpt lat="48.737230" lon="8.346898">
        <ele>183.18242</ele>
        <time>2023-04-08T21:47:21.393Z</time>
      </trkpt>
      <trkpt lat="48.737895" lon="8.345749">
        <ele>182.778621</ele>
        <time>2023-04-08T21:47:42.214Z</time>
      </trkpt>
      <trkpt lat="48.738152" lon="8.345445">
        <ele>182.679762</ele>
        <time>2023-04-08T21:47:49.473Z</time>
      </trkpt>
      <trkpt lat="48.738291" lon="8.345340">
        <ele>182.632662</ele>
        <time>2023-04-08T21:47:53.002Z</time>
      </trkpt>
      <trkpt lat="48.738458" lon="8.345244">
        <ele>182.578494</ele>
        <time>2023-04-08T21:47:57.002Z</time>
      </trkpt>
      <trkpt lat="48.738580" lon="8.345218">
        <ele>182.541129</ele>
        <time>2023-04-08T21:47:59.726Z</time>
      </trkpt>
      <trkpt lat="48.738709" lon="8.345191">
        <ele>182.507748</ele>
        <time>2023-04-08T21:48:02.804Z</time>
      </trkpt>
      <trkpt lat="48.738943" lon="8.345235">
        <ele>182.474128</ele>
        <time>2023-04-08T21:48:08.606Z</time>
      </trkpt>
      <trkpt lat="48.739626" lon="8.345557">
        <ele>182.372148</ele>
        <time>2023-04-08T21:48:25.714Z</time>
      </trkpt>
      <trkpt lat="48.739801" lon="8.345676">
        <ele>182.344802</ele>
        <time>2023-04-08T21:48:29.754Z</time>
      </trkpt>
      <trkpt lat="48.739854" lon="8.345720">
        <ele>182.336187</ele>
        <time>2023-04-08T21:48:31.014Z</time>
      </trkpt>
      <trkpt lat="48.739948" lon="8.345800">
        <ele>182.320817</ele>
        <time>2023-04-08T21:48:33.197Z</time>
      </trkpt>
      <trkpt lat="48.740037" lon="8.345643">
        <ele>182.301351</ele>
        <time>2023-04-08T21:48:36.008Z</time>
      </trkpt>
      <trkpt lat="48.740344" lon="8.345256">
        <ele>182.183273</ele>
        <time>2023-04-08T21:48:44.238Z</time>
      </trkpt>
      <trkpt lat="48.740388" lon="8.345239">
        <ele>182.144592</ele>
        <time>2023-04-08T21:48:45.203Z</time>
      </trkpt>
      <trkpt lat="48.740477" lon="8.345267">
        <ele>182.067159</ele>
        <time>2023-04-08T21:48:47.034Z</time>
      </trkpt>
      <trkpt lat="48.740530" lon="8.345322">
        <ele>182.012448</ele>
        <time>2023-04-08T21:48:48.321Z</time>
      </trkpt>
      <trkpt lat="48.740840" lon="8.345748">
        <ele>181.656052</ele>
        <time>2023-04-08T21:48:56.718Z</time>
      </trkpt>
      <trkpt lat="48.741046" lon="8.345885">
        <ele>181.464427</ele>
        <time>2023-04-08T21:49:01.188Z</time>
      </trkpt>
      <trkpt lat="48.741333" lon="8.345919">
        <ele>181.219189</ele>
        <time>2023-04-08T21:49:06.920Z</time>
      </trkpt>
      <trkpt lat="48.741806" lon="8.345887">
        <ele>180.815843</ele>
        <time>2023-04-08T21:49:16.349Z</time>
      </trkpt>
      <trkpt lat="48.742187" lon="8.345967">
        <ele>180.607542</ele>
        <time>2023-04-08T21:49:24.041Z</time>
      </trkpt>
      <trkpt lat="48.742567" lon="8.346156">
        <ele>180.438956</ele>
        <time>2023-04-08T21:49:32.717Z</time>
      </trkpt>
      <trkpt lat="48.742600" lon="8.346174">
        <ele>180.424172</ele>
        <time>2023-04-08T21:49:33.495Z</time>
      </trkpt>
      <trkpt lat="48.742836" lon="8.346312">
        <ele>180.317545</ele>
        <time>2023-04-08T21:49:39.005Z</time>
      </trkpt>
      <trkpt lat="48.742896" lon="8.346336">
        <ele>180.291387</ele>
        <time>2023-04-08T21:49:40.411Z</time>
      </trkpt>
      <trkpt lat="48.743062" lon="8.346373">
        <ele>180.220658</ele>
        <time>2023-04-08T21:49:43.938Z</time>
      </trkpt>
      <trkpt lat="48.743618" lon="8.346432">
        <ele>179.985701</ele>
        <time>2023-04-08T21:49:55.699Z</time>
      </trkpt>
      <trkpt lat="48.743993" lon="8.346412">
        <ele>179.762392</ele>
        <time>2023-04-08T21:50:03.744Z</time>
      </trkpt>
      <trkpt lat="48.744115" lon="8.346470">
        <ele>179.68319</ele>
        <time>2023-04-08T21:50:06.554Z</time>
      </trkpt>
      <trkpt lat="48.744329" lon="8.346725">
        <ele>179.514597</ele>
        <time>2023-04-08T21:50:12.050Z</time>
      </trkpt>
      <trkpt lat="48.744598" lon="8.346980">
        <ele>179.318084</ele>
        <time>2023-04-08T21:50:18.477Z</time>
      </trkpt>
      <trkpt lat="48.744731" lon="8.346812">
        <ele>179.210858</ele>
        <time>2023-04-08T21:50:22.183Z</time>
      </trkpt>
      <trkpt lat="48.744772" lon="8.346781">
        <ele>179.182479</ele>
        <time>2023-04-08T21:50:23.104Z</time>
      </trkpt>
      <trkpt lat="48.745028" lon="8.346603">
        <ele>179.008022</ele>
        <time>2023-04-08T21:50:28.951Z</time>
      </trkpt>
      <trkpt lat="48.745168" lon="8.346502">
        <ele>178.911984</ele>
        <time>2023-04-08T21:50:32.044Z</time>
      </trkpt>
      <trkpt lat="48.745527" lon="8.346247">
        <ele>178.722128</ele>
        <time>2023-04-08T21:50:40.043Z</time>
      </trkpt>
      <trkpt lat="48.745595" lon="8.346203">
        <ele>178.690075</ele>
        <time>2023-04-08T21:50:41.515Z</time>
      </trkpt>
      <trkpt lat="48.745673" lon="8.346148">
        <ele>178.652782</ele>
        <time>2023-04-08T21:50:43.276Z</time>
      </trkpt>
      <trkpt lat="48.745785" lon="8.346077">
        <ele>178.600153</ele>
        <time>2023-04-08T21:50:45.611Z</time>
      </trkpt>
      <trkpt lat="48.746127" lon="8.345839">
        <ele>178.437014</ele>
        <time>2023-04-08T21:50:53.462Z</time>
      </trkpt>
      <trkpt lat="48.746278" lon="8.345749">
        <ele>178.366674</ele>
        <time>2023-04-08T21:50:56.881Z</time>
      </trkpt>
      <trkpt lat="48.746313" lon="8.345726">
        <ele>178.350137</ele>
        <time>2023-04-08T21:50:57.689Z</time>
      </trkpt>
      <trkpt lat="48.746406" lon="8.345696">
        <ele>178.308915</ele>
        <time>2023-04-08T21:50:59.631Z</time>
      </trkpt>
      <trkpt lat="48.746526" lon="8.345664">
        <ele>178.256091</ele>
        <time>2023-04-08T21:51:02.445Z</time>
      </trkpt>
      <trkpt lat="48.746823" lon="8.345662">
        <ele>178.127326</ele>
        <time>2023-04-08T21:51:08.801Z</time>
      </trkpt>
      <trkpt lat="48.746880" lon="8.345685">
        <ele>178.101754</ele>
        <time>2023-04-08T21:51:10.304Z</time>
      </trkpt>
      <trkpt lat="48.746951" lon="8.345736">
        <ele>178.075215</ele>
        <time>2023-04-08T21:51:12.055Z</time>
      </trkpt>
      <trkpt lat="48.747007" lon="8.345802">
        <ele>178.095119</ele>
        <time>2023-04-08T21:51:13.706Z</time>
      </trkpt>
      <trkpt lat="48.747096" lon="8.345960">
        <ele>178.133574</ele>
        <time>2023-04-08T21:51:17.019Z</time>
      </trkpt>
      <trkpt lat="48.747202" lon="8.346161">
        <ele>178.181204</ele>
        <time>2023-04-08T21:51:21.367Z</time>
      </trkpt>
      <trkpt lat="48.747312" lon="8.346294">
        <ele>178.220686</ele>
        <time>2023-04-08T21:51:24.707Z</time>
      </trkpt>
      <trkpt lat="48.747415" lon="8.346376">
        <ele>178.253334</ele>
        <time>2023-04-08T21:51:27.719Z</time>
      </trkpt>
      <trkpt lat="48.748615" lon="8.347344">
        <ele>179.026024</ele>
        <time>2023-04-08T21:51:58.876Z</time>
      </trkpt>
      <trkpt lat="48.748703" lon="8.347405">
        <ele>179.237169</ele>
        <time>2023-04-08T21:52:01.815Z</time>
      </trkpt>
      <trkpt lat="48.748923" lon="8.347539">
        <ele>179.754535</ele>
        <time>2023-04-08T21:52:08.677Z</time>
      </trkpt>
      <trkpt lat="48.749125" lon="8.347549">
        <ele>180.195583</ele>
        <time>2023-04-08T21:52:14.454Z</time>
      </trkpt>
      <trkpt lat="48.749232" lon="8.347522">
        <ele>180.432294</ele>
        <time>2023-04-08T21:52:17.717Z</time>
      </trkpt>
      <trkpt lat="48.749506" lon="8.347364">
        <ele>181.07199</ele>
        <time>2023-04-08T21:52:27.332Z</time>
      </trkpt>
      <trkpt lat="48.750005" lon="8.347050">
        <ele>182.250938</ele>
        <time>2023-04-08T21:52:47.600Z</time>
      </trkpt>
      <trkpt lat="48.750398" lon="8.346709">
        <ele>184.421463</ele>
        <time>2023-04-08T21:53:07.405Z</time>
      </trkpt>
      <trkpt lat="48.750610" lon="8.346463">
        <ele>185.938749</ele>
        <time>2023-04-08T21:53:21.150Z</time>
      </trkpt>
      <trkpt lat="48.751076" lon="8.345794">
        <ele>189.586039</ele>
        <time>2023-04-08T21:53:57.592Z</time>
      </trkpt>
      <trkpt lat="48.751350" lon="8.345387">
        <ele>191.766031</ele>
        <time>2023-04-08T21:54:18.182Z</time>
      </trkpt>
      <trkpt lat="48.751480" lon="8.345071">
        <ele>192.908561</ele>
        <time>2023-04-08T21:54:32.072Z</time>
      </trkpt>
      <trkpt lat="48.751782" lon="8.344014">
        <ele>194.716684</ele>
        <time>2023-04-08T21:55:06.102Z</time>
      </trkpt>
      <trkpt lat="48.752180" lon="8.342944">
        <ele>196.644954</ele>
        <time>2023-04-08T21:55:29.300Z</time>
      </trkpt>
      <trkpt lat="48.752862" lon="8.341584">
        <ele>193.254004</ele>
        <time>2023-04-08T21:55:48.858Z</time>
      </trkpt>
      <trkpt lat="48.753160" lon="8.341176">
        <ele>191.707028</ele>
        <time>2023-04-08T21:55:55.145Z</time>
      </trkpt>
      <trkpt lat="48.753333" lon="8.341018">
        <ele>190.928856</ele>
        <time>2023-04-08T21:55:58.292Z</time>
      </trkpt>
      <trkpt lat="48.754022" lon="8.340464">
        <ele>187.092428</ele>
        <time>2023-04-08T21:56:10.224Z</time>
      </trkpt>
      <trkpt lat="48.754318" lon="8.340307">
        <ele>185.417455</ele>
        <time>2023-04-08T21:56:15.088Z</time>
      </trkpt>
      <trkpt lat="48.754810" lon="8.340172">
        <ele>182.746773</ele>
        <time>2023-04-08T21:56:22.933Z</time>
      </trkpt>
      <trkpt lat="48.755582" lon="8.340041">
        <ele>179.671723</ele>
        <time>2023-04-08T21:56:35.475Z</time>
      </trkpt>
      <trkpt lat="48.755976" lon="8.339944">
        <ele>178.763264</ele>
        <time>2023-04-08T21:56:42.405Z</time>
      </trkpt>
      <trkpt lat="48.756416" lon="8.339763">
        <ele>177.725673</ele>
        <time>2023-04-08T21:56:51.008Z</time>
      </trkpt>
      <trkpt lat="48.756617" lon="8.339695">
        <ele>177.256968</ele>
        <time>2023-04-08T21:56:54.974Z</time>
      </trkpt>
      <trkpt lat="48.758366" lon="8.339188">
        <ele>175.16635</ele>
        <time>2023-04-08T21:57:32.229Z</time>
      </trkpt>
      <trkpt lat="48.758718" lon="8.339092">
        <ele>174.855955</ele>
        <time>2023-04-08T21:57:38.526Z</time>
      </trkpt>
      <trkpt lat="48.759076" lon="8.339028">
        <ele>175.28896</ele>
        <time>2023-04-08T21:57:45.293Z</time>
      </trkpt>
      <trkpt lat="48.759397" lon="8.338995">
        <ele>175.776596</ele>
        <time>2023-04-08T21:57:52.119Z</time>
      </trkpt>
      <trkpt lat="48.759585" lon="8.338950">
        <ele>176.065061</ele>
        <time>2023-04-08T21:57:57.503Z</time>
      </trkpt>
      <trkpt lat="48.759933" lon="8.339733">
        <ele>177.008578</ele>
        <time>2023-04-08T21:58:13.606Z</time>
      </trkpt>
      <trkpt lat="48.760281" lon="8.340516">
        <ele>179.122491</ele>
        <time>2023-04-08T21:58:29.715Z</time>
      </trkpt>
      <trkpt lat="48.760629" lon="8.341299">
        <ele>182.750754</ele>
        <time>2023-04-08T21:58:45.831Z</time>
      </trkpt>
      <trkpt lat="48.760692" lon="8.341579">
        <ele>183.887482</ele>
        <time>2023-04-08T21:58:56.372Z</time>
      </trkpt>
      <trkpt lat="48.760887" lon="8.342213">
        <ele>186.57547</ele>
        <time>2023-04-08T21:59:26.916Z</time>
      </trkpt>
      <trkpt lat="48.761004" lon="8.342508">
        <ele>187.898212</ele>
        <time>2023-04-08T21:59:40.398Z</time>
      </trkpt>
      <trkpt lat="48.761043" lon="8.342576">
        <ele>188.206419</ele>
        <time>2023-04-08T21:59:43.836Z</time>
      </trkpt>
      <trkpt lat="48.761237" lon="8.342977">
        <ele>189.78738</ele>
        <time>2023-04-08T22:00:01.429Z</time>
      </trkpt>
      <trkpt lat="48.761343" lon="8.343318">
        <ele>190.985679</ele>
        <time>2023-04-08T22:00:13.373Z</time>
      </trkpt>
      <trkpt lat="48.761454" lon="8.343763">
        <ele>192.497942</ele>
        <time>2023-04-08T22:00:25.712Z</time>
      </trkpt>
      <trkpt lat="48.761665" lon="8.344387">
        <ele>194.726973</ele>
        <time>2023-04-08T22:00:44.815Z</time>
      </trkpt>
      <trkpt lat="48.761681" lon="8.344489">
        <ele>195.060221</ele>
        <time>2023-04-08T22:00:47.657Z</time>
      </trkpt>
      <trkpt lat="48.761762" lon="8.345089">
        <ele>197.034662</ele>
        <time>2023-04-08T22:01:06.237Z</time>
      </trkpt>
      <trkpt lat="48.761811" lon="8.345309">
        <ele>197.838902</ele>
        <time>2023-04-08T22:01:14.035Z</time>
      </trkpt>
      <trkpt lat="48.761883" lon="8.345536">
        <ele>198.71134</ele>
        <time>2023-04-08T22:01:21.720Z</time>
      </trkpt>
      <trkpt lat="48.761987" lon="8.345709">
        <ele>199.522222</ele>
        <time>2023-04-08T22:01:28.422Z</time>
      </trkpt>
      <trkpt lat="48.762219" lon="8.346174">
        <ele>201.541911</ele>
        <time>2023-04-08T22:01:45.420Z</time>
      </trkpt>
      <trkpt lat="48.762316" lon="8.346714">
        <ele>203.480261</ele>
        <time>2023-04-08T22:02:03.122Z</time>
      </trkpt>
      <trkpt lat="48.762394" lon="8.347168">
        <ele>205.105102</ele>
        <time>2023-04-08T22:02:18.905Z</time>
      </trkpt>
      <trkpt lat="48.762509" lon="8.347654">
        <ele>207.11496</ele>
        <time>2023-04-08T22:02:37.513Z</time>
      </trkpt>
      <trkpt lat="48.762507" lon="8.347906">
        <ele>208.246553</ele>
        <time>2023-04-08T22:02:47.205Z</time>
      </trkpt>
      <trkpt lat="48.762478" lon="8.348079">
        <ele>209.048068</ele>
        <time>2023-04-08T22:02:54.342Z</time>
      </trkpt>
      <trkpt lat="48.762299" lon="8.348554">
        <ele>211.504806</ele>
        <time>2023-04-08T22:03:15.814Z</time>
      </trkpt>
      <trkpt lat="48.762291" lon="8.348585">
        <ele>211.654287</ele>
        <time>2023-04-08T22:03:17.277Z</time>
      </trkpt>
      <trkpt lat="48.762238" lon="8.348769">
        <ele>212.555907</ele>
        <time>2023-04-08T22:03:25.978Z</time>
      </trkpt>
      <trkpt lat="48.762222" lon="8.348960">
        <ele>213.420423</ele>
        <time>2023-04-08T22:03:33.903Z</time>
      </trkpt>
      <trkpt lat="48.762343" lon="8.349562">
        <ele>216.246355</ele>
        <time>2023-04-08T22:03:59.812Z</time>
      </trkpt>
      <trkpt lat="48.762529" lon="8.350463">
        <ele>219.916247</ele>
        <time>2023-04-08T22:04:40.411Z</time>
      </trkpt>
      <trkpt lat="48.762969" lon="8.351310">
        <ele>223.437666</ele>
        <time>2023-04-08T22:05:20.168Z</time>
      </trkpt>
      <trkpt lat="48.763318" lon="8.352281">
        <ele>227.049045</ele>
        <time>2023-04-08T22:05:56.288Z</time>
      </trkpt>
      <trkpt lat="48.763620" lon="8.353190">
        <ele>229.079833</ele>
        <time>2023-04-08T22:06:24.250Z</time>
      </trkpt>
      <trkpt lat="48.763765" lon="8.353869">
        <ele>230.427184</ele>
        <time>2023-04-08T22:06:43.774Z</time>
      </trkpt>
      <trkpt lat="48.763943" lon="8.354223">
        <ele>231.267669</ele>
        <time>2023-04-08T22:06:54.550Z</time>
      </trkpt>
      <trkpt lat="48.764211" lon="8.354595">
        <ele>232.307948</ele>
        <time>2023-04-08T22:07:07.693Z</time>
      </trkpt>
      <trkpt lat="48.764653" lon="8.354966">
        <ele>234.049814</ele>
        <time>2023-04-08T22:07:27.192Z</time>
      </trkpt>
      <trkpt lat="48.764842" lon="8.355267">
        <ele>235.013354</ele>
        <time>2023-04-08T22:07:38.011Z</time>
      </trkpt>
      <trkpt lat="48.765098" lon="8.355939">
        <ele>236.812335</ele>
        <time>2023-04-08T22:07:57.798Z</time>
      </trkpt>
      <trkpt lat="48.765170" lon="8.356269">
        <ele>237.618019</ele>
        <time>2023-04-08T22:08:06.789Z</time>
      </trkpt>
      <trkpt lat="48.765275" lon="8.357128">
        <ele>239.739083</ele>
        <time>2023-04-08T22:08:32.207Z</time>
      </trkpt>
      <trkpt lat="48.765344" lon="8.357412">
        <ele>240.519102</ele>
        <time>2023-04-08T22:08:41.484Z</time>
      </trkpt>
      <trkpt lat="48.765344" lon="8.358169">
        <ele>242.469935</ele>
        <time>2023-04-08T22:09:03.882Z</time>
      </trkpt>
      <trkpt lat="48.765379" lon="8.358396">
        <ele>243.070718</ele>
        <time>2023-04-08T22:09:10.438Z</time>
      </trkpt>
      <trkpt lat="48.765587" lon="8.358958">
        <ele>244.731712</ele>
        <time>2023-04-08T22:09:26.993Z</time>
      </trkpt>
      <trkpt lat="48.765685" lon="8.359332">
        <ele>245.768891</ele>
        <time>2023-04-08T22:09:36.897Z</time>
      </trkpt>
      <trkpt lat="48.765699" lon="8.359504">
        <ele>246.103704</ele>
        <time>2023-04-08T22:09:41.059Z</time>
      </trkpt>
      <trkpt lat="48.765656" lon="8.359963">
        <ele>246.964366</ele>
        <time>2023-04-08T22:09:52.829Z</time>
      </trkpt>
      <trkpt lat="48.765501" lon="8.361238">
        <ele>249.371232</ele>
        <time>2023-04-08T22:10:25.084Z</time>
      </trkpt>
      <trkpt lat="48.765425" lon="8.361668">
        <ele>250.197698</ele>
        <time>2023-04-08T22:10:36.135Z</time>
      </trkpt>
      <trkpt lat="48.765376" lon="8.362615">
        <ele>251.835823</ele>
        <time>2023-04-08T22:10:57.628Z</time>
      </trkpt>
      <trkpt lat="48.765268" lon="8.363785">
        <ele>253.774475</ele>
        <time>2023-04-08T22:11:24.346Z</time>
      </trkpt>
      <trkpt lat="48.765279" lon="8.363922">
        <ele>254.000947</ele>
        <time>2023-04-08T22:11:27.840Z</time>
      </trkpt>
      <trkpt lat="48.765319" lon="8.363999">
        <ele>254.161825</ele>
        <time>2023-04-08T22:11:30.402Z</time>
      </trkpt>
      <trkpt lat="48.765503" lon="8.364192">
        <ele>254.718719</ele>
        <time>2023-04-08T22:11:39.317Z</time>
      </trkpt>
      <trkpt lat="48.765595" lon="8.364399">
        <ele>255.128398</ele>
        <time>2023-04-08T22:11:46.073Z</time>
      </trkpt>
      <trkpt lat="48.765659" lon="8.364642">
        <ele>255.659656</ele>
        <time>2023-04-08T22:11:53.268Z</time>
      </trkpt>
      <trkpt lat="48.765791" lon="8.365471">
        <ele>257.776832</ele>
        <time>2023-04-08T22:12:17.840Z</time>
      </trkpt>
      <trkpt lat="48.765957" lon="8.366174">
        <ele>259.630621</ele>
        <time>2023-04-08T22:12:39.147Z</time>
      </trkpt>
      <trkpt lat="48.765959" lon="8.366503">
        <ele>260.44739</ele>
        <time>2023-04-08T22:12:48.682Z</time>
      </trkpt>
      <trkpt lat="48.765891" lon="8.367024">
        <ele>261.765872</ele>
        <time>2023-04-08T22:13:04.160Z</time>
      </trkpt>
      <trkpt lat="48.765856" lon="8.367621">
        <ele>263.465339</ele>
        <time>2023-04-08T22:13:22.197Z</time>
      </trkpt>
      <trkpt lat="48.765835" lon="8.369053">
        <ele>267.692592</ele>
        <time>2023-04-08T22:14:06.944Z</time>
      </trkpt>
      <trkpt lat="48.765777" lon="8.369942">
        <ele>270.328544</ele>
        <time>2023-04-08T22:14:35.550Z</time>
      </trkpt>
      <trkpt lat="48.765783" lon="8.371347">
        <ele>274.459353</ele>
        <time>2023-04-08T22:15:18.787Z</time>
      </trkpt>
      <trkpt lat="48.765767" lon="8.371595">
        <ele>275.191961</ele>
        <time>2023-04-08T22:15:26.340Z</time>
      </trkpt>
      <trkpt lat="48.765716" lon="8.371827">
        <ele>275.910979</ele>
        <time>2023-04-08T22:15:33.655Z</time>
      </trkpt>
      <trkpt lat="48.765633" lon="8.372068">
        <ele>276.710412</ele>
        <time>2023-04-08T22:15:42.058Z</time>
      </trkpt>
      <trkpt lat="48.765545" lon="8.372533">
        <ele>278.132757</ele>
        <time>2023-04-08T22:15:57.349Z</time>
      </trkpt>
      <trkpt lat="48.765569" lon="8.372782">
        <ele>278.578836</ele>
        <time>2023-04-08T22:16:05.434Z</time>
      </trkpt>
      <trkpt lat="48.765638" lon="8.372983">
        <ele>278.950014</ele>
        <time>2023-04-08T22:16:12.853Z</time>
      </trkpt>
      <trkpt lat="48.765761" lon="8.373159">
        <ele>279.370139</ele>
        <time>2023-04-08T22:16:21.439Z</time>
      </trkpt>
      <trkpt lat="48.765909" lon="8.373474">
        <ele>280.003712</ele>
        <time>2023-04-08T22:16:32.722Z</time>
      </trkpt>
      <trkpt lat="48.765955" lon="8.373678">
        <ele>280.356841</ele>
        <time>2023-04-08T22:16:38.711Z</time>
      </trkpt>
      <trkpt lat="48.765954" lon="8.373892">
        <ele>280.707346</ele>
        <time>2023-04-08T22:16:43.563Z</time>
      </trkpt>
      <trkpt lat="48.765871" lon="8.374355">
        <ele>281.493209</ele>
        <time>2023-04-08T22:16:53.752Z</time>
      </trkpt>
      <trkpt lat="48.765623" lon="8.375258">
        <ele>282.529237</ele>
        <time>2023-04-08T22:17:10.375Z</time>
      </trkpt>
      <trkpt lat="48.765551" lon="8.375704">
        <ele>282.259656</ele>
        <time>2023-04-08T22:17:17.416Z</time>
      </trkpt>
      <trkpt lat="48.765557" lon="8.375964">
        <ele>282.106918</ele>
        <time>2023-04-08T22:17:21.350Z</time>
      </trkpt>
      <trkpt lat="48.765601" lon="8.376131">
        <ele>282.001331</ele>
        <time>2023-04-08T22:17:24.053Z</time>
      </trkpt>
      <trkpt lat="48.765768" lon="8.376517">
        <ele>281.730259</ele>
        <time>2023-04-08T22:17:30.754Z</time>
      </trkpt>
      <trkpt lat="48.765885" lon="8.376670">
        <ele>281.592678</ele>
        <time>2023-04-08T22:17:34.072Z</time>
      </trkpt>
      <trkpt lat="48.766043" lon="8.376761">
        <ele>281.442149</ele>
        <time>2023-04-08T22:17:37.642Z</time>
      </trkpt>
      <trkpt lat="48.766544" lon="8.376803">
        <ele>281.232847</ele>
        <time>2023-04-08T22:17:47.986Z</time>
      </trkpt>
      <trkpt lat="48.766758" lon="8.376927">
        <ele>281.624648</ele>
        <time>2023-04-08T22:17:53.063Z</time>
      </trkpt>
      <trkpt lat="48.766915" lon="8.377138">
        <ele>281.983377</ele>
        <time>2023-04-08T22:17:57.934Z</time>
      </trkpt>
      <trkpt lat="48.767149" lon="8.377698">
        <ele>282.730854</ele>
        <time>2023-04-08T22:18:09.886Z</time>
      </trkpt>
      <trkpt lat="48.767253" lon="8.377892">
        <ele>283.012759</ele>
        <time>2023-04-08T22:18:15.482Z</time>
      </trkpt>
      <trkpt lat="48.767313" lon="8.378295">
        <ele>283.478516</ele>
        <time>2023-04-08T22:18:26.068Z</time>
      </trkpt>
      <trkpt lat="48.767374" lon="8.378400">
        <ele>283.636301</ele>
        <time>2023-04-08T22:18:29.792Z</time>
      </trkpt>
      <trkpt lat="48.767600" lon="8.378628">
        <ele>284.100495</ele>
        <time>2023-04-08T22:18:42.525Z</time>
      </trkpt>
      <trkpt lat="48.767752" lon="8.378736">
        <ele>284.825405</ele>
        <time>2023-04-08T22:18:50.627Z</time>
      </trkpt>
      <trkpt lat="48.768117" lon="8.378857">
        <ele>286.656713</ele>
        <time>2023-04-08T22:19:09.816Z</time>
      </trkpt>
      <trkpt lat="48.768394" lon="8.378878">
        <ele>288.01616</ele>
        <time>2023-04-08T22:19:23.763Z</time>
      </trkpt>
      <trkpt lat="48.768553" lon="8.378857">
        <ele>288.798468</ele>
        <time>2023-04-08T22:19:31.258Z</time>
      </trkpt>
      <trkpt lat="48.769160" lon="8.378359">
        <ele>292.180898</ele>
        <time>2023-04-08T22:20:02.442Z</time>
      </trkpt>
      <trkpt lat="48.769312" lon="8.378310">
        <ele>292.942578</ele>
        <time>2023-04-08T22:20:09.668Z</time>
      </trkpt>
      <trkpt lat="48.769404" lon="8.378363">
        <ele>293.32944</ele>
        <time>2023-04-08T22:20:13.727Z</time>
      </trkpt>
      <trkpt lat="48.769517" lon="8.378414">
        <ele>293.786217</ele>
        <time>2023-04-08T22:20:18.967Z</time>
      </trkpt>
      <trkpt lat="48.769549" lon="8.378429">
        <ele>293.915983</ele>
        <time>2023-04-08T22:20:20.522Z</time>
      </trkpt>
      <trkpt lat="48.770419" lon="8.378820">
        <ele>297.431556</ele>
        <time>2023-04-08T22:21:02.313Z</time>
      </trkpt>
      <trkpt lat="48.770583" lon="8.378939">
        <ele>298.135895</ele>
        <time>2023-04-08T22:21:08.872Z</time>
      </trkpt>
      <trkpt lat="48.770860" lon="8.379222">
        <ele>299.429754</ele>
        <time>2023-04-08T22:21:19.933Z</time>
      </trkpt>
      <trkpt lat="48.771118" lon="8.379747">
        <ele>300.934524</ele>
        <time>2023-04-08T22:21:34.508Z</time>
      </trkpt>
      <trkpt lat="48.771202" lon="8.379915">
        <ele>301.395516</ele>
        <time>2023-04-08T22:21:39.465Z</time>
      </trkpt>
      <trkpt lat="48.771368" lon="8.380058">
        <ele>302.028682</ele>
        <time>2023-04-08T22:21:46.205Z</time>
      </trkpt>
      <trkpt lat="48.772529" lon="8.380440">
        <ele>305.966177</ele>
        <time>2023-04-08T22:22:36.654Z</time>
      </trkpt>
      <trkpt lat="48.772789" lon="8.380591">
        <ele>306.84739</ele>
        <time>2023-04-08T22:22:46.781Z</time>
      </trkpt>
      <trkpt lat="48.773036" lon="8.381168">
        <ele>308.282703</ele>
        <time>2023-04-08T22:23:02.726Z</time>
      </trkpt>
      <trkpt lat="48.773075" lon="8.381471">
        <ele>308.926733</ele>
        <time>2023-04-08T22:23:09.920Z</time>
      </trkpt>
      <trkpt lat="48.772979" lon="8.382229">
        <ele>310.536928</ele>
        <time>2023-04-08T22:23:29.754Z</time>
      </trkpt>
      <trkpt lat="48.773158" lon="8.382304">
        <ele>311.124729</ele>
        <time>2023-04-08T22:23:37.366Z</time>
      </trkpt>
      <trkpt lat="48.773210" lon="8.382323">
        <ele>311.294032</ele>
        <time>2023-04-08T22:23:39.730Z</time>
      </trkpt>
      <trkpt lat="48.773266" lon="8.382336">
        <ele>311.473354</ele>
        <time>2023-04-08T22:23:42.261Z</time>
      </trkpt>
      <trkpt lat="48.773399" lon="8.382368">
        <ele>311.995117</ele>
        <time>2023-04-08T22:23:48.040Z</time>
      </trkpt>
      <trkpt lat="48.773804" lon="8.382370">
        <ele>313.682183</ele>
        <time>2023-04-08T22:24:05.395Z</time>
      </trkpt>
      <trkpt lat="48.773974" lon="8.382378">
        <ele>314.390671</ele>
        <time>2023-04-08T22:24:12.876Z</time>
      </trkpt>
      <trkpt lat="48.773991" lon="8.382921">
        <ele>315.883019</ele>
        <time>2023-04-08T22:24:27.677Z</time>
      </trkpt>
      <trkpt lat="48.774004" lon="8.383193">
        <ele>316.631685</ele>
        <time>2023-04-08T22:24:34.824Z</time>
      </trkpt>
      <trkpt lat="48.773964" lon="8.383948">
        <ele>318.71103</ele>
        <time>2023-04-08T22:24:56.570Z</time>
      </trkpt>
      <trkpt lat="48.774015" lon="8.384256">
        <ele>319.763661</ele>
        <time>2023-04-08T22:25:06.336Z</time>
      </trkpt>
      <trkpt lat="48.774080" lon="8.384801">
        <ele>321.841635</ele>
        <time>2023-04-08T22:25:25.054Z</time>
      </trkpt>
      <trkpt lat="48.774078" lon="8.384954">
        <ele>322.415781</ele>
        <time>2023-04-08T22:25:30.315Z</time>
      </trkpt>
      <trkpt lat="48.774050" lon="8.385686">
        <ele>325.166758</ele>
        <time>2023-04-08T22:25:56.075Z</time>
      </trkpt>
      <trkpt lat="48.774052" lon="8.386287">
        <ele>327.42165</ele>
        <time>2023-04-08T22:26:17.151Z</time>
      </trkpt>
      <trkpt lat="48.774055" lon="8.386469">
        <ele>328.104701</ele>
        <time>2023-04-08T22:26:23.331Z</time>
      </trkpt>
      <trkpt lat="48.774031" lon="8.386884">
        <ele>329.621388</ele>
        <time>2023-04-08T22:26:37.390Z</time>
      </trkpt>
      <trkpt lat="48.773981" lon="8.387121">
        <ele>330.427216</ele>
        <time>2023-04-08T22:26:45.575Z</time>
      </trkpt>
      <trkpt lat="48.773874" lon="8.387380">
        <ele>331.41709</ele>
        <time>2023-04-08T22:26:55.498Z</time>
      </trkpt>
      <trkpt lat="48.773737" lon="8.387712">
        <ele>332.685552</ele>
        <time>2023-04-08T22:27:07.586Z</time>
      </trkpt>
      <trkpt lat="48.773652" lon="8.388051">
        <ele>333.86009</ele>
        <time>2023-04-08T22:27:18.332Z</time>
      </trkpt>
      <trkpt lat="48.773657" lon="8.388351">
        <ele>334.831879</ele>
        <time>2023-04-08T22:27:27.317Z</time>
      </trkpt>
      <trkpt lat="48.773861" lon="8.388978">
        <ele>337.09622</ele>
        <time>2023-04-08T22:27:47.560Z</time>
      </trkpt>
      <trkpt lat="48.773915" lon="8.389166">
        <ele>337.760321</ele>
        <time>2023-04-08T22:27:53.558Z</time>
      </trkpt>
      <trkpt lat="48.773949" lon="8.389341">
        <ele>338.361286</ele>
        <time>2023-04-08T22:27:59.150Z</time>
      </trkpt>
      <trkpt lat="48.774062" lon="8.390104">
        <ele>341.033622</ele>
        <time>2023-04-08T22:28:22.696Z</time>
      </trkpt>
      <trkpt lat="48.774206" lon="8.391210">
        <ele>344.886068</ele>
        <time>2023-04-08T22:28:57.841Z</time>
      </trkpt>
      <trkpt lat="48.774204" lon="8.392179">
        <ele>348.400216</ele>
        <time>2023-04-08T22:29:30.433Z</time>
      </trkpt>
      <trkpt lat="48.774459" lon="8.393366">
        <ele>353.896351</ele>
        <time>2023-04-08T22:30:16.318Z</time>
      </trkpt>
      <trkpt lat="48.774486" lon="8.393484">
        <ele>354.446239</ele>
        <time>2023-04-08T22:30:21.105Z</time>
      </trkpt>
      <trkpt lat="48.774569" lon="8.394133">
        <ele>357.356608</ele>
        <time>2023-04-08T22:30:46.809Z</time>
      </trkpt>
      <trkpt lat="48.774575" lon="8.394296">
        <ele>358.075295</ele>
        <time>2023-04-08T22:30:53.253Z</time>
      </trkpt>
      <trkpt lat="48.774613" lon="8.394755">
        <ele>360.112114</ele>
        <time>2023-04-08T22:31:10.475Z</time>
      </trkpt>
      <trkpt lat="48.774574" lon="8.395741">
        <ele>364.46272</ele>
        <time>2023-04-08T22:31:45.505Z</time>
      </trkpt>
      <trkpt lat="48.774594" lon="8.395906">
        <ele>365.201646</ele>
        <time>2023-04-08T22:31:51.561Z</time>
      </trkpt>
      <trkpt lat="48.774597" lon="8.395931">
        <ele>365.313567</ele>
        <time>2023-04-08T22:31:52.490Z</time>
      </trkpt>
      <trkpt lat="48.774648" lon="8.396122">
        <ele>366.221246</ele>
        <time>2023-04-08T22:31:59.703Z</time>
      </trkpt>
      <trkpt lat="48.774729" lon="8.396311">
        <ele>367.214228</ele>
        <time>2023-04-08T22:32:07.782Z</time>
      </trkpt>
      <trkpt lat="48.774811" lon="8.396410">
        <ele>367.914563</ele>
        <time>2023-04-08T22:32:13.716Z</time>
      </trkpt>
      <trkpt lat="48.774998" lon="8.396515">
        <ele>369.247161</ele>
        <time>2023-04-08T22:32:24.779Z</time>
      </trkpt>
      <trkpt lat="48.775235" lon="8.396474">
        <ele>370.841366</ele>
        <time>2023-04-08T22:32:38.428Z</time>
      </trkpt>
      <trkpt lat="48.775507" lon="8.396328">
        <ele>373.000935</ele>
        <time>2023-04-08T22:32:55.314Z</time>
      </trkpt>
      <trkpt lat="48.775717" lon="8.396328">
        <ele>374.666197</ele>
        <time>2023-04-08T22:33:07.485Z</time>
      </trkpt>
      <trkpt lat="48.776158" lon="8.396564">
        <ele>378.374343</ele>
        <time>2023-04-08T22:33:35.222Z</time>
      </trkpt>
      <trkpt lat="48.776334" lon="8.396670">
        <ele>379.875899</ele>
        <time>2023-04-08T22:33:46.522Z</time>
      </trkpt>
      <trkpt lat="48.776709" lon="8.396886">
        <ele>383.056603</ele>
        <time>2023-04-08T22:34:11.037Z</time>
      </trkpt>
      <trkpt lat="48.777197" lon="8.397114">
        <ele>387.41138</ele>
        <time>2023-04-08T22:34:46.333Z</time>
      </trkpt>
      <trkpt lat="48.777322" lon="8.397151">
        <ele>388.656396</ele>
        <time>2023-04-08T22:34:56.067Z</time>
      </trkpt>
      <trkpt lat="48.778201" lon="8.397414">
        <ele>397.414839</ele>
        <time>2023-04-08T22:36:00.698Z</time>
      </trkpt>
      <trkpt lat="48.778347" lon="8.397508">
        <ele>398.965266</ele>
        <time>2023-04-08T22:36:12.342Z</time>
      </trkpt>
      <trkpt lat="48.778403" lon="8.397653">
        <ele>400.047966</ele>
        <time>2023-04-08T22:36:21.005Z</time>
      </trkpt>
      <trkpt lat="48.778401" lon="8.397862">
        <ele>401.394495</ele>
        <time>2023-04-08T22:36:30.609Z</time>
      </trkpt>
      <trkpt lat="48.778358" lon="8.397959">
        <ele>402.147608</ele>
        <time>2023-04-08T22:36:36.161Z</time>
      </trkpt>
      <trkpt lat="48.778234" lon="8.398045">
        <ele>403.480875</ele>
        <time>2023-04-08T22:36:45.917Z</time>
      </trkpt>
      <trkpt lat="48.777828" lon="8.398047">
        <ele>407.467121</ele>
        <time>2023-04-08T22:37:13.550Z</time>
      </trkpt>
      <trkpt lat="48.777671" lon="8.398088">
        <ele>409.031251</ele>
        <time>2023-04-08T22:37:24.374Z</time>
      </trkpt>
      <trkpt lat="48.777600" lon="8.398168">
        <ele>409.899504</ele>
        <time>2023-04-08T22:37:30.853Z</time>
      </trkpt>
      <trkpt lat="48.777441" lon="8.398455">
        <ele>412.325448</ele>
        <time>2023-04-08T22:37:49.095Z</time>
      </trkpt>
      <trkpt lat="48.777299" lon="8.398654">
        <ele>414.223231</ele>
        <time>2023-04-08T22:38:04.405Z</time>
      </trkpt>
      <trkpt lat="48.777056" lon="8.398825">
        <ele>416.853128</ele>
        <time>2023-04-08T22:38:24.329Z</time>
      </trkpt>
      <trkpt lat="48.776761" lon="8.398933">
        <ele>419.832624</ele>
        <time>2023-04-08T22:38:45.362Z</time>
      </trkpt>
      <trkpt lat="48.776589" lon="8.399118">
        <ele>421.697303</ele>
        <time>2023-04-08T22:39:00.223Z</time>
      </trkpt>
      <trkpt lat="48.776143" lon="8.400156">
        <ele>427.817641</ele>
        <time>2023-04-08T22:39:53.415Z</time>
      </trkpt>
      <trkpt lat="48.776048" lon="8.400322">
        <ele>428.903558</ele>
        <time>2023-04-08T22:40:01.417Z</time>
      </trkpt>
      <trkpt lat="48.775926" lon="8.400427">
        <ele>429.954775</ele>
        <time>2023-04-08T22:40:08.934Z</time>
      </trkpt>
      <trkpt lat="48.775809" lon="8.400477">
        <ele>430.865795</ele>
        <time>2023-04-08T22:40:15.448Z</time>
      </trkpt>
      <trkpt lat="48.775693" lon="8.400456">
        <ele>431.741373</ele>
        <time>2023-04-08T22:40:21.691Z</time>
      </trkpt>
      <trkpt lat="48.775433" lon="8.400314">
        <ele>433.812434</ele>
        <time>2023-04-08T22:40:36.820Z</time>
      </trkpt>
      <trkpt lat="48.775357" lon="8.400351">
        <ele>434.410648</ele>
        <time>2023-04-08T22:40:40.699Z</time>
      </trkpt>
      <trkpt lat="48.775063" lon="8.400773">
        <ele>437.354635</ele>
        <time>2023-04-08T22:41:00.208Z</time>
      </trkpt>
      <trkpt lat="48.774907" lon="8.400951">
        <ele>438.772967</ele>
        <time>2023-04-08T22:41:09.638Z</time>
      </trkpt>
      <trkpt lat="48.774574" lon="8.401309">
        <ele>441.738547</ele>
        <time>2023-04-08T22:41:28.669Z</time>
      </trkpt>
      <trkpt lat="48.774443" lon="8.401494">
        <ele>443.038963</ele>
        <time>2023-04-08T22:41:38.287Z</time>
      </trkpt>
      <trkpt lat="48.774333" lon="8.401730">
        <ele>444.42325</ele>
        <time>2023-04-08T22:41:49.455Z</time>
      </trkpt>
      <trkpt lat="48.774219" lon="8.402232">
        <ele>446.966018</ele>
        <time>2023-04-08T22:42:12.744Z</time>
      </trkpt>
      <trkpt lat="48.774195" lon="8.402516">
        <ele>448.949804</ele>
        <time>2023-04-08T22:42:28.410Z</time>
      </trkpt>
      <trkpt lat="48.774215" lon="8.402827">
        <ele>451.666555</ele>
        <time>2023-04-08T22:42:46.987Z</time>
      </trkpt>
      <trkpt lat="48.774265" lon="8.403115">
        <ele>454.255921</ele>
        <time>2023-04-08T22:43:06.061Z</time>
      </trkpt>
      <trkpt lat="48.774275" lon="8.403173">
        <ele>454.777158</ele>
        <time>2023-04-08T22:43:10.043Z</time>
      </trkpt>
      <trkpt lat="48.774571" lon="8.404337">
        <ele>465.624476</ele>
        <time>2023-04-08T22:44:35.117Z</time>
      </trkpt>
      <trkpt lat="48.774599" lon="8.404517">
        <ele>467.232432</ele>
        <time>2023-04-08T22:44:46.155Z</time>
      </trkpt>
      <trkpt lat="48.774593" lon="8.404868">
        <ele>470.285112</ele>
        <time>2023-04-08T22:45:05.583Z</time>
      </trkpt>
      <trkpt lat="48.774482" lon="8.405380">
        <ele>472.435296</ele>
        <time>2023-04-08T22:45:29.808Z</time>
      </trkpt>
      <trkpt lat="48.774494" lon="8.405575">
        <ele>472.957148</ele>
        <time>2023-04-08T22:45:37.077Z</time>
      </trkpt>
      <trkpt lat="48.774601" lon="8.405709">
        <ele>473.518084</ele>
        <time>2023-04-08T22:45:44.640Z</time>
      </trkpt>
      <trkpt lat="48.774673" lon="8.405725">
        <ele>473.8123</ele>
        <time>2023-04-08T22:45:48.153Z</time>
      </trkpt>
      <trkpt lat="48.774795" lon="8.405673">
        <ele>474.324662</ele>
        <time>2023-04-08T22:45:53.417Z</time>
      </trkpt>
      <trkpt lat="48.774878" lon="8.405528">
        <ele>474.836416</ele>
        <time>2023-04-08T22:45:58.498Z</time>
      </trkpt>
      <trkpt lat="48.774901" lon="8.405230">
        <ele>475.63588</ele>
        <time>2023-04-08T22:46:04.413Z</time>
      </trkpt>
      <trkpt lat="48.774866" lon="8.404129">
        <ele>478.572962</ele>
        <time>2023-04-08T22:46:19.945Z</time>
      </trkpt>
      <trkpt lat="48.774882" lon="8.402904">
        <ele>483.221056</ele>
        <time>2023-04-08T22:46:42.023Z</time>
      </trkpt>
      <trkpt lat="48.774970" lon="8.402564">
        <ele>484.608566</ele>
        <time>2023-04-08T22:46:56.025Z</time>
      </trkpt>
      <trkpt lat="48.775056" lon="8.402433">
        <ele>485.310926</ele>
        <time>2023-04-08T22:47:03.917Z</time>
      </trkpt>
      <trkpt lat="48.775138" lon="8.402362">
        <ele>485.855091</ele>
        <time>2023-04-08T22:47:10.901Z</time>
      </trkpt>
      <trkpt lat="48.775245" lon="8.402313">
        <ele>486.499293</ele>
        <time>2023-04-08T22:47:19.423Z</time>
      </trkpt>
      <trkpt lat="48.775445" lon="8.402343">
        <ele>487.657675</ele>
        <time>2023-04-08T22:47:36.174Z</time>
      </trkpt>
      <trkpt lat="48.775530" lon="8.402413">
        <ele>488.215101</ele>
        <time>2023-04-08T22:47:45.055Z</time>
      </trkpt>
      <trkpt lat="48.776014" lon="8.402990">
        <ele>491.680871</ele>
        <time>2023-04-08T22:48:32.077Z</time>
      </trkpt>
      <trkpt lat="48.776173" lon="8.403093">
        <ele>492.648286</ele>
        <time>2023-04-08T22:48:43.977Z</time>
      </trkpt>
      <trkpt lat="48.776318" lon="8.403133">
        <ele>493.472975</ele>
        <time>2023-04-08T22:48:52.436Z</time>
      </trkpt>
      <trkpt lat="48.776474" lon="8.403130">
        <ele>494.34599</ele>
        <time>2023-04-08T22:49:00.933Z</time>
      </trkpt>
      <trkpt lat="48.776634" lon="8.403084">
        <ele>495.257245</ele>
        <time>2023-04-08T22:49:07.999Z</time>
      </trkpt>
      <trkpt lat="48.776575" lon="8.403272">
        <ele>496.025115</ele>
        <time>2023-04-08T22:49:13.962Z</time>
      </trkpt>
      <trkpt lat="48.776414" lon="8.403409">
        <ele>497.058021</ele>
        <time>2023-04-08T22:49:20.049Z</time>
      </trkpt>
      <trkpt lat="48.776134" lon="8.403348">
        <ele>498.640909</ele>
        <time>2023-04-08T22:49:27.179Z</time>
      </trkpt>
      <trkpt lat="48.775643" lon="8.403050">
        <ele>499.07083</ele>
        <time>2023-04-08T22:49:36.832Z</time>
      </trkpt>
      <trkpt lat="48.775491" lon="8.402999">
        <ele>499.088381</ele>
        <time>2023-04-08T22:49:39.403Z</time>
      </trkpt>
      <trkpt lat="48.775419" lon="8.402999">
        <ele>499.096498</ele>
        <time>2023-04-08T22:49:40.599Z</time>
      </trkpt>
      <trkpt lat="48.775372" lon="8.403069">
        <ele>499.103923</ele>
        <time>2023-04-08T22:49:41.683Z</time>
      </trkpt>
      <trkpt lat="48.775340" lon="8.403423">
        <ele>499.13047</ele>
        <time>2023-04-08T22:49:45.678Z</time>
      </trkpt>
      <trkpt lat="48.775500" lon="8.404341">
        <ele>499.201021</ele>
        <time>2023-04-08T22:49:58.384Z</time>
      </trkpt>
      <trkpt lat="48.775600" lon="8.405209">
        <ele>504.114593</ele>
        <time>2023-04-08T22:50:31.691Z</time>
      </trkpt>
      <trkpt lat="48.775598" lon="8.405664">
        <ele>507.799976</ele>
        <time>2023-04-08T22:50:56.967Z</time>
      </trkpt>
      <trkpt lat="48.775546" lon="8.406562">
        <ele>515.101413</ele>
        <time>2023-04-08T22:51:56.092Z</time>
      </trkpt>
      <trkpt lat="48.775551" lon="8.407749">
        <ele>524.243409</ele>
        <time>2023-04-08T22:53:17.742Z</time>
      </trkpt>
      <trkpt lat="48.775503" lon="8.408339">
        <ele>528.387064</ele>
        <time>2023-04-08T22:53:52.070Z</time>
      </trkpt>
      <trkpt lat="48.775507" lon="8.408549">
        <ele>529.851425</ele>
        <time>2023-04-08T22:54:02.597Z</time>
      </trkpt>
      <trkpt lat="48.775563" lon="8.408971">
        <ele>532.851903</ele>
        <time>2023-04-08T22:54:21.233Z</time>
      </trkpt>
      <trkpt lat="48.775638" lon="8.409301">
        <ele>535.28502</ele>
        <time>2023-04-08T22:54:36.133Z</time>
      </trkpt>
      <trkpt lat="48.775642" lon="8.409512">
        <ele>536.756344</ele>
        <time>2023-04-08T22:54:44.721Z</time>
      </trkpt>
      <trkpt lat="48.775571" lon="8.409635">
        <ele>537.896062</ele>
        <time>2023-04-08T22:54:51.364Z</time>
      </trkpt>
      <trkpt lat="48.775469" lon="8.409718">
        <ele>539.120227</ele>
        <time>2023-04-08T22:54:58.748Z</time>
      </trkpt>
      <trkpt lat="48.775361" lon="8.409733">
        <ele>540.267297</ele>
        <time>2023-04-08T22:55:05.187Z</time>
      </trkpt>
      <trkpt lat="48.775300" lon="8.409681">
        <ele>540.629567</ele>
        <time>2023-04-08T22:55:08.807Z</time>
      </trkpt>
      <trkpt lat="48.774992" lon="8.409104">
        <ele>542.82293</ele>
        <time>2023-04-08T22:55:33.136Z</time>
      </trkpt>
      <trkpt lat="48.774913" lon="8.408999">
        <ele>543.293658</ele>
        <time>2023-04-08T22:55:37.399Z</time>
      </trkpt>
      <trkpt lat="48.774770" lon="8.409053">
        <ele>543.954173</ele>
        <time>2023-04-08T22:55:42.955Z</time>
      </trkpt>
      <trkpt lat="48.774679" lon="8.409252">
        <ele>544.669654</ele>
        <time>2023-04-08T22:55:49.448Z</time>
      </trkpt>
      <trkpt lat="48.774558" lon="8.409934">
        <ele>546.755954</ele>
        <time>2023-04-08T22:56:06.541Z</time>
      </trkpt>
      <trkpt lat="48.774448" lon="8.410218">
        <ele>547.72903</ele>
        <time>2023-04-08T22:56:15.192Z</time>
      </trkpt>
      <trkpt lat="48.774271" lon="8.410422">
        <ele>548.672104</ele>
        <time>2023-04-08T22:56:24.342Z</time>
      </trkpt>
      <trkpt lat="48.774171" lon="8.410462">
        <ele>549.056497</ele>
        <time>2023-04-08T22:56:29.232Z</time>
      </trkpt>
      <trkpt lat="48.773994" lon="8.410473">
        <ele>549.714949</ele>
        <time>2023-04-08T22:56:37.267Z</time>
      </trkpt>
      <trkpt lat="48.773888" lon="8.410445">
        <ele>550.114871</ele>
        <time>2023-04-08T22:56:41.969Z</time>
      </trkpt>
      <trkpt lat="48.773780" lon="8.410601">
        <ele>550.669104</ele>
        <time>2023-04-08T22:56:49.484Z</time>
      </trkpt>
      <trkpt lat="48.773764" lon="8.410866">
        <ele>551.320966</ele>
        <time>2023-04-08T22:56:57.486Z</time>
      </trkpt>
      <trkpt lat="48.773887" lon="8.411473">
        <ele>552.876568</ele>
        <time>2023-04-08T22:57:12.765Z</time>
      </trkpt>
      <trkpt lat="48.773845" lon="8.411739">
        <ele>553.5466</ele>
        <time>2023-04-08T22:57:18.467Z</time>
      </trkpt>
      <trkpt lat="48.773720" lon="8.411870">
        <ele>554.111264</ele>
        <time>2023-04-08T22:57:23.740Z</time>
      </trkpt>
      <trkpt lat="48.772974" lon="8.412018">
        <ele>557.806543</ele>
        <time>2023-04-08T22:57:55.671Z</time>
      </trkpt>
      <trkpt lat="48.772850" lon="8.412135">
        <ele>558.619039</ele>
        <time>2023-04-08T22:58:02.686Z</time>
      </trkpt>
      <trkpt lat="48.772810" lon="8.412231">
        <ele>559.03554</ele>
        <time>2023-04-08T22:58:06.469Z</time>
      </trkpt>
      <trkpt lat="48.772765" lon="8.412487">
        <ele>560.007145</ele>
        <time>2023-04-08T22:58:15.323Z</time>
      </trkpt>
      <trkpt lat="48.772755" lon="8.412820">
        <ele>561.229569</ele>
        <time>2023-04-08T22:58:26.450Z</time>
      </trkpt>
      <trkpt lat="48.772775" lon="8.413227">
        <ele>562.726236</ele>
        <time>2023-04-08T22:58:40.061Z</time>
      </trkpt>
      <trkpt lat="48.772820" lon="8.413667">
        <ele>564.359087</ele>
        <time>2023-04-08T22:58:56.490Z</time>
      </trkpt>
      <trkpt lat="48.772899" lon="8.414048">
        <ele>565.891396</ele>
        <time>2023-04-08T22:59:12.550Z</time>
      </trkpt>
      <trkpt lat="48.773033" lon="8.414387">
        <ele>567.477827</ele>
        <time>2023-04-08T22:59:29.557Z</time>
      </trkpt>
      <trkpt lat="48.773310" lon="8.414887">
        <ele>570.099226</ele>
        <time>2023-04-08T22:59:57.296Z</time>
      </trkpt>
      <trkpt lat="48.773462" lon="8.415247">
        <ele>571.815049</ele>
        <time>2023-04-08T23:00:12.359Z</time>
      </trkpt>
      <trkpt lat="48.773552" lon="8.415632">
        <ele>573.454449</ele>
        <time>2023-04-08T23:00:25.495Z</time>
      </trkpt>
      <trkpt lat="48.773649" lon="8.416507">
        <ele>576.612393</ele>
        <time>2023-04-08T23:00:49.155Z</time>
      </trkpt>
      <trkpt lat="48.773719" lon="8.416892">
        <ele>577.539029</ele>
        <time>2023-04-08T23:00:58.195Z</time>
      </trkpt>
      <trkpt lat="48.773732" lon="8.417364">
        <ele>578.635105</ele>
        <time>2023-04-08T23:01:08.864Z</time>
      </trkpt>
      <trkpt lat="48.773692" lon="8.417615">
        <ele>579.234252</ele>
        <time>2023-04-08T23:01:14.917Z</time>
      </trkpt>
      <trkpt lat="48.773626" lon="8.417811">
        <ele>579.744928</ele>
        <time>2023-04-08T23:01:20.318Z</time>
      </trkpt>
      <trkpt lat="48.773433" lon="8.418025">
        <ele>580.586478</ele>
        <time>2023-04-08T23:01:29.402Z</time>
      </trkpt>
      <trkpt lat="48.773046" lon="8.418161">
        <ele>581.984997</ele>
        <time>2023-04-08T23:01:47.492Z</time>
      </trkpt>
      <trkpt lat="48.772951" lon="8.418388">
        <ele>582.696989</ele>
        <time>2023-04-08T23:01:55.434Z</time>
      </trkpt>
      <trkpt lat="48.773007" lon="8.419103">
        <ele>585.047429</ele>
        <time>2023-04-08T23:02:15.987Z</time>
      </trkpt>
      <trkpt lat="48.772920" lon="8.419237">
        <ele>585.661462</ele>
        <time>2023-04-08T23:02:22.761Z</time>
      </trkpt>
      <trkpt lat="48.772815" lon="8.419302">
        <ele>586.223163</ele>
        <time>2023-04-08T23:02:28.793Z</time>
      </trkpt>
      <trkpt lat="48.772631" lon="8.419358">
        <ele>587.152699</ele>
        <time>2023-04-08T23:02:38.700Z</time>
      </trkpt>
      <trkpt lat="48.772559" lon="8.419434">
        <ele>587.587134</ele>
        <time>2023-04-08T23:02:43.777Z</time>
      </trkpt>
      <trkpt lat="48.772508" lon="8.419590">
        <ele>588.15559</ele>
        <time>2023-04-08T23:02:49.655Z</time>
      </trkpt>
      <trkpt lat="48.772523" lon="8.419748">
        <ele>588.676687</ele>
        <time>2023-04-08T23:02:55.092Z</time>
      </trkpt>
      <trkpt lat="48.772613" lon="8.419960">
        <ele>589.499887</ele>
        <time>2023-04-08T23:03:04.127Z</time>
      </trkpt>
      <trkpt lat="48.772787" lon="8.420107">
        <ele>590.486323</ele>
        <time>2023-04-08T23:03:13.378Z</time>
      </trkpt>
      <trkpt lat="48.773100" lon="8.420147">
        <ele>591.470074</ele>
        <time>2023-04-08T23:03:26.697Z</time>
      </trkpt>
      <trkpt lat="48.773637" lon="8.420438">
        <ele>592.113157</ele>
        <time>2023-04-08T23:03:45.049Z</time>
      </trkpt>
      <trkpt lat="48.773945" lon="8.420653">
        <ele>592.495509</ele>
        <time>2023-04-08T23:03:52.079Z</time>
      </trkpt>
      <trkpt lat="48.774058" lon="8.420798">
        <ele>592.662408</ele>
        <time>2023-04-08T23:03:54.639Z</time>
      </trkpt>
      <trkpt lat="48.774129" lon="8.420945">
        <ele>592.797866</ele>
        <time>2023-04-08T23:03:56.881Z</time>
      </trkpt>
      <trkpt lat="48.774203" lon="8.421194">
        <ele>593.00088</ele>
        <time>2023-04-08T23:04:00.478Z</time>
      </trkpt>
      <trkpt lat="48.774308" lon="8.421969">
        <ele>593.920417</ele>
        <time>2023-04-08T23:04:14.667Z</time>
      </trkpt>
      <trkpt lat="48.774312" lon="8.422269">
        <ele>594.428817</ele>
        <time>2023-04-08T23:04:21.606Z</time>
      </trkpt>
      <trkpt lat="48.774275" lon="8.422426">
        <ele>594.711323</ele>
        <time>2023-04-08T23:04:25.252Z</time>
      </trkpt>
      <trkpt lat="48.774197" lon="8.422564">
        <ele>595.019355</ele>
        <time>2023-04-08T23:04:29.372Z</time>
      </trkpt>
      <trkpt lat="48.773865" lon="8.422759">
        <ele>595.934622</ele>
        <time>2023-04-08T23:04:43.117Z</time>
      </trkpt>
      <trkpt lat="48.773573" lon="8.423005">
        <ele>596.793286</ele>
        <time>2023-04-08T23:04:56.217Z</time>
      </trkpt>
      <trkpt lat="48.773370" lon="8.423131">
        <ele>597.357164</ele>
        <time>2023-04-08T23:05:04.960Z</time>
      </trkpt>
      <trkpt lat="48.773128" lon="8.423155">
        <ele>597.982046</ele>
        <time>2023-04-08T23:05:13.363Z</time>
      </trkpt>
      <trkpt lat="48.772978" lon="8.423115">
        <ele>598.394038</ele>
        <time>2023-04-08T23:05:19.708Z</time>
      </trkpt>
      <trkpt lat="48.772873" lon="8.423156">
        <ele>598.687334</ele>
        <time>2023-04-08T23:05:23.211Z</time>
      </trkpt>
      <trkpt lat="48.772801" lon="8.423259">
        <ele>598.95502</ele>
        <time>2023-04-08T23:05:27.610Z</time>
      </trkpt>
      <trkpt lat="48.772771" lon="8.423418">
        <ele>599.249878</ele>
        <time>2023-04-08T23:05:32.604Z</time>
      </trkpt>
      <trkpt lat="48.772722" lon="8.423982">
        <ele>600.26409</ele>
        <time>2023-04-08T23:05:48.835Z</time>
      </trkpt>
      <trkpt lat="48.772738" lon="8.424169">
        <ele>600.600277</ele>
        <time>2023-04-08T23:05:53.693Z</time>
      </trkpt>
      <trkpt lat="48.772903" lon="8.424731">
        <ele>601.697147</ele>
        <time>2023-04-08T23:06:10.434Z</time>
      </trkpt>
      <trkpt lat="48.772957" lon="8.425155">
        <ele>602.467048</ele>
        <time>2023-04-08T23:06:19.528Z</time>
      </trkpt>
      <trkpt lat="48.772890" lon="8.425536">
        <ele>602.237695</ele>
        <time>2023-04-08T23:06:25.839Z</time>
      </trkpt>
      <trkpt lat="48.772750" lon="8.426113">
        <ele>600.41662</ele>
        <time>2023-04-08T23:06:33.119Z</time>
      </trkpt>
      <trkpt lat="48.772725" lon="8.426525">
        <ele>599.19121</ele>
        <time>2023-04-08T23:06:37.529Z</time>
      </trkpt>
      <trkpt lat="48.772773" lon="8.426950">
        <ele>597.914108</ele>
        <time>2023-04-08T23:06:41.961Z</time>
      </trkpt>
      <trkpt lat="48.773073" lon="8.428016">
        <ele>594.311372</ele>
        <time>2023-04-08T23:06:53.463Z</time>
      </trkpt>
      <trkpt lat="48.773302" lon="8.428948">
        <ele>589.40902</ele>
        <time>2023-04-08T23:07:02.918Z</time>
      </trkpt>
      <trkpt lat="48.773318" lon="8.429248">
        <ele>587.925599</ele>
        <time>2023-04-08T23:07:05.741Z</time>
      </trkpt>
      <trkpt lat="48.773289" lon="8.429346">
        <ele>587.396138</ele>
        <time>2023-04-08T23:07:06.750Z</time>
      </trkpt>
      <trkpt lat="48.773215" lon="8.429408">
        <ele>586.763969</ele>
        <time>2023-04-08T23:07:07.969Z</time>
      </trkpt>
      <trkpt lat="48.772586" lon="8.429545">
        <ele>582.011783</ele>
        <time>2023-04-08T23:07:17.309Z</time>
      </trkpt>
      <trkpt lat="48.771672" lon="8.429958">
        <ele>579.664524</ele>
        <time>2023-04-08T23:07:34.453Z</time>
      </trkpt>
      <trkpt lat="48.771495" lon="8.429991">
        <ele>579.32705</ele>
        <time>2023-04-08T23:07:39.043Z</time>
      </trkpt>
      <trkpt lat="48.771351" lon="8.429896">
        <ele>579.0299</ele>
        <time>2023-04-08T23:07:42.635Z</time>
      </trkpt>
      <trkpt lat="48.771224" lon="8.429737">
        <ele>578.718313</ele>
        <time>2023-04-08T23:07:46.575Z</time>
      </trkpt>
      <trkpt lat="48.771069" lon="8.429620">
        <ele>578.390697</ele>
        <time>2023-04-08T23:07:50.457Z</time>
      </trkpt>
      <trkpt lat="48.770913" lon="8.429572">
        <ele>578.089474</ele>
        <time>2023-04-08T23:07:53.962Z</time>
      </trkpt>
      <trkpt lat="48.770495" lon="8.429797">
        <ele>575.725361</ele>
        <time>2023-04-08T23:08:02.479Z</time>
      </trkpt>
      <trkpt lat="48.770269" lon="8.429955">
        <ele>574.117544</ele>
        <time>2023-04-08T23:08:06.769Z</time>
      </trkpt>
      <trkpt lat="48.770118" lon="8.430133">
        <ele>572.882027</ele>
        <time>2023-04-08T23:08:09.845Z</time>
      </trkpt>
      <trkpt lat="48.770097" lon="8.430266">
        <ele>572.299615</ele>
        <time>2023-04-08T23:08:11.233Z</time>
      </trkpt>
      <trkpt lat="48.770244" lon="8.430745">
        <ele>570.049486</ele>
        <time>2023-04-08T23:08:16.376Z</time>
      </trkpt>
      <trkpt lat="48.770231" lon="8.430892">
        <ele>569.417872</ele>
        <time>2023-04-08T23:08:17.765Z</time>
      </trkpt>
      <trkpt lat="48.770174" lon="8.430963">
        <ele>568.941363</ele>
        <time>2023-04-08T23:08:18.844Z</time>
      </trkpt>
      <trkpt lat="48.769621" lon="8.431138">
        <ele>564.666387</ele>
        <time>2023-04-08T23:08:26.748Z</time>
      </trkpt>
      <trkpt lat="48.769355" lon="8.431349">
        <ele>561.475736</ele>
        <time>2023-04-08T23:08:30.821Z</time>
      </trkpt>
      <trkpt lat="48.769312" lon="8.431512">
        <ele>560.245673</ele>
        <time>2023-04-08T23:08:32.384Z</time>
      </trkpt>
      <trkpt lat="48.769252" lon="8.431814">
        <ele>558.035808</ele>
        <time>2023-04-08T23:08:35.217Z</time>
      </trkpt>
      <trkpt lat="48.769290" lon="8.431947">
        <ele>557.020217</ele>
        <time>2023-04-08T23:08:36.533Z</time>
      </trkpt>
      <trkpt lat="48.769360" lon="8.432002">
        <ele>556.182274</ele>
        <time>2023-04-08T23:08:37.610Z</time>
      </trkpt>
      <trkpt lat="48.769570" lon="8.431969">
        <ele>553.938066</ele>
        <time>2023-04-08T23:08:40.542Z</time>
      </trkpt>
      <trkpt lat="48.769694" lon="8.432031">
        <ele>552.550238</ele>
        <time>2023-04-08T23:08:42.361Z</time>
      </trkpt>
      <trkpt lat="48.769824" lon="8.432167">
        <ele>550.871713</ele>
        <time>2023-04-08T23:08:44.591Z</time>
      </trkpt>
      <trkpt lat="48.770081" lon="8.432591">
        <ele>547.189437</ele>
        <time>2023-04-08T23:08:50.181Z</time>
      </trkpt>
      <trkpt lat="48.770182" lon="8.432897">
        <ele>547.572025</ele>
        <time>2023-04-08T23:08:53.687Z</time>
      </trkpt>
      <trkpt lat="48.770178" lon="8.433057">
        <ele>547.751024</ele>
        <time>2023-04-08T23:08:55.519Z</time>
      </trkpt>
      <trkpt lat="48.770142" lon="8.433207">
        <ele>547.929486</ele>
        <time>2023-04-08T23:08:57.539Z</time>
      </trkpt>
      <trkpt lat="48.770082" lon="8.433321">
        <ele>548.09258</ele>
        <time>2023-04-08T23:08:59.328Z</time>
      </trkpt>
      <trkpt lat="48.770012" lon="8.433356">
        <ele>548.217595</ele>
        <time>2023-04-08T23:09:00.892Z</time>
      </trkpt>
      <trkpt lat="48.769910" lon="8.433353">
        <ele>548.39064</ele>
        <time>2023-04-08T23:09:03.629Z</time>
      </trkpt>
      <trkpt lat="48.769609" lon="8.433282">
        <ele>548.907331</ele>
        <time>2023-04-08T23:09:12.323Z</time>
      </trkpt>
      <trkpt lat="48.769298" lon="8.433147">
        <ele>549.456015</ele>
        <time>2023-04-08T23:09:26.123Z</time>
      </trkpt>
      <trkpt lat="48.769183" lon="8.433063">
        <ele>549.672506</ele>
        <time>2023-04-08T23:09:33.571Z</time>
      </trkpt>
      <trkpt lat="48.769066" lon="8.432922">
        <ele>549.925948</ele>
        <time>2023-04-08T23:09:42.364Z</time>
      </trkpt>
      <trkpt lat="48.769007" lon="8.432885">
        <ele>550.034235</ele>
        <time>2023-04-08T23:09:46.596Z</time>
      </trkpt>
      <trkpt lat="48.768967" lon="8.432897">
        <ele>550.103397</ele>
        <time>2023-04-08T23:09:49.541Z</time>
      </trkpt>
      <trkpt lat="48.768985" lon="8.433263">
        <ele>552.741237</ele>
        <time>2023-04-08T23:10:07.512Z</time>
      </trkpt>
      <trkpt lat="48.769129" lon="8.433616">
        <ele>556.415508</ele>
        <time>2023-04-08T23:10:30.758Z</time>
      </trkpt>
      <trkpt lat="48.769193" lon="8.433839">
        <ele>558.568191</ele>
        <time>2023-04-08T23:10:44.573Z</time>
      </trkpt>
      <trkpt lat="48.769185" lon="8.434206">
        <ele>561.818141</ele>
        <time>2023-04-08T23:11:07.301Z</time>
      </trkpt>
      <trkpt lat="48.769154" lon="8.434372">
        <ele>563.345179</ele>
        <time>2023-04-08T23:11:17.851Z</time>
      </trkpt>
      <trkpt lat="48.769066" lon="8.434560">
        <ele>565.386023</ele>
        <time>2023-04-08T23:11:33.132Z</time>
      </trkpt>
      <trkpt lat="48.768804" lon="8.434800">
        <ele>569.495786</ele>
        <time>2023-04-08T23:12:02.791Z</time>
      </trkpt>
      <trkpt lat="48.768644" lon="8.435039">
        <ele>572.510887</ele>
        <time>2023-04-08T23:12:25.103Z</time>
      </trkpt>
      <trkpt lat="48.768493" lon="8.435391">
        <ele>576.331847</ele>
        <time>2023-04-08T23:12:53.489Z</time>
      </trkpt>
      <trkpt lat="48.768244" lon="8.436340">
        <ele>585.870315</ele>
        <time>2023-04-08T23:14:03.503Z</time>
      </trkpt>
      <trkpt lat="48.768104" lon="8.436790">
        <ele>590.517197</ele>
        <time>2023-04-08T23:14:34.032Z</time>
      </trkpt>
      <trkpt lat="48.767967" lon="8.437075">
        <ele>593.811271</ele>
        <time>2023-04-08T23:14:55.394Z</time>
      </trkpt>
      <trkpt lat="48.767952" lon="8.437157">
        <ele>594.605965</ele>
        <time>2023-04-08T23:14:59.825Z</time>
      </trkpt>
      <trkpt lat="48.767662" lon="8.437413">
        <ele>599.35962</ele>
        <time>2023-04-08T23:15:27.708Z</time>
      </trkpt>
      <trkpt lat="48.767618" lon="8.437562">
        <ele>600.482918</ele>
        <time>2023-04-08T23:15:35.667Z</time>
      </trkpt>
      <trkpt lat="48.767639" lon="8.437733">
        <ele>601.489905</ele>
        <time>2023-04-08T23:15:45.680Z</time>
      </trkpt>
      <trkpt lat="48.767675" lon="8.437765">
        <ele>601.856374</ele>
        <time>2023-04-08T23:15:48.815Z</time>
      </trkpt>
      <trkpt lat="48.767860" lon="8.437751">
        <ele>603.483299</ele>
        <time>2023-04-08T23:16:00.863Z</time>
      </trkpt>
      <trkpt lat="48.767773" lon="8.437854">
        <ele>604.452561</ele>
        <time>2023-04-08T23:16:10.024Z</time>
      </trkpt>
      <trkpt lat="48.767981" lon="8.438182">
        <ele>607.087563</ele>
        <time>2023-04-08T23:16:29.066Z</time>
      </trkpt>
      <trkpt lat="48.768069" lon="8.438439">
        <ele>608.764163</ele>
        <time>2023-04-08T23:16:41.240Z</time>
      </trkpt>
      <trkpt lat="48.768137" lon="8.439222">
        <ele>613.336226</ele>
        <time>2023-04-08T23:17:11.598Z</time>
      </trkpt>
      <trkpt lat="48.768421" lon="8.440783">
        <ele>622.494215</ele>
        <time>2023-04-08T23:18:14.024Z</time>
      </trkpt>
      <trkpt lat="48.768213" lon="8.441161">
        <ele>625.25765</ele>
        <time>2023-04-08T23:18:35.637Z</time>
      </trkpt>
      <trkpt lat="48.767874" lon="8.441963">
        <ele>630.604519</ele>
        <time>2023-04-08T23:19:20.560Z</time>
      </trkpt>
      <trkpt lat="48.767523" lon="8.442788">
        <ele>636.940398</ele>
        <time>2023-04-08T23:20:07.219Z</time>
      </trkpt>
      <trkpt lat="48.767405" lon="8.443087">
        <ele>639.208088</ele>
        <time>2023-04-08T23:20:23.679Z</time>
      </trkpt>
      <trkpt lat="48.767253" lon="8.443174">
        <ele>640.811916</ele>
        <time>2023-04-08T23:20:36.112Z</time>
      </trkpt>
      <trkpt lat="48.767101" lon="8.443193">
        <ele>642.317594</ele>
        <time>2023-04-08T23:20:47.200Z</time>
      </trkpt>
      <trkpt lat="48.766955" lon="8.443104">
        <ele>643.870948</ele>
        <time>2023-04-08T23:20:59.665Z</time>
      </trkpt>
      <trkpt lat="48.766926" lon="8.443077">
        <ele>644.206856</ele>
        <time>2023-04-08T23:21:02.269Z</time>
      </trkpt>
      <trkpt lat="48.766850" lon="8.442914">
        <ele>645.506061</ele>
        <time>2023-04-08T23:21:11.750Z</time>
      </trkpt>
      <trkpt lat="48.766460" lon="8.442266">
        <ele>649.898185</ele>
        <time>2023-04-08T23:21:52.959Z</time>
      </trkpt>
      <trkpt lat="48.766426" lon="8.442204">
        <ele>650.148376</ele>
        <time>2023-04-08T23:21:55.665Z</time>
      </trkpt>
      <trkpt lat="48.766384" lon="8.442123">
        <ele>650.468075</ele>
        <time>2023-04-08T23:21:59.045Z</time>
      </trkpt>
      <trkpt lat="48.766222" lon="8.442186">
        <ele>651.255148</ele>
        <time>2023-04-08T23:22:09.347Z</time>
      </trkpt>
      <trkpt lat="48.766132" lon="8.442265">
        <ele>651.744503</ele>
        <time>2023-04-08T23:22:14.886Z</time>
      </trkpt>
      <trkpt lat="48.766068" lon="8.442391">
        <ele>652.23796</ele>
        <time>2023-04-08T23:22:19.344Z</time>
      </trkpt>
      <trkpt lat="48.766016" lon="8.442670">
        <ele>653.137382</ele>
        <time>2023-04-08T23:22:29.632Z</time>
      </trkpt>
      <trkpt lat="48.766013" lon="8.442989">
        <ele>654.127054</ele>
        <time>2023-04-08T23:22:37.151Z</time>
      </trkpt>
      <trkpt lat="48.765992" lon="8.443130">
        <ele>654.575478</ele>
        <time>2023-04-08T23:22:41.442Z</time>
      </trkpt>
      <trkpt lat="48.765949" lon="8.443117">
        <ele>654.781829</ele>
        <time>2023-04-08T23:22:44.286Z</time>
      </trkpt>
      <trkpt lat="48.765931" lon="8.442808">
        <ele>655.744117</ele>
        <time>2023-04-08T23:22:53.468Z</time>
      </trkpt>
      <trkpt lat="48.765876" lon="8.442456">
        <ele>656.866322</ele>
        <time>2023-04-08T23:23:05.236Z</time>
      </trkpt>
      <trkpt lat="48.765409" lon="8.440222">
        <ele>656.371656</ele>
        <time>2023-04-08T23:23:56.362Z</time>
      </trkpt>
      <trkpt lat="48.766384" lon="8.442123">
        <ele>660.397243</ele>
        <time>2023-04-08T23:24:42.363Z</time>
      </trkpt>
      <trkpt lat="48.766222" lon="8.442186">
        <ele>660.949231</ele>
        <time>2023-04-08T23:24:51.987Z</time>
      </trkpt>
      <trkpt lat="48.766132" lon="8.442265">
        <ele>661.292425</ele>
        <time>2023-04-08T23:24:57.917Z</time>
      </trkpt>
      <trkpt lat="48.766068" lon="8.442391">
        <ele>661.638495</ele>
        <time>2023-04-08T23:25:03.652Z</time>
      </trkpt>
      <trkpt lat="48.766016" lon="8.442670">
        <ele>662.521502</ele>
        <time>2023-04-08T23:25:15.927Z</time>
      </trkpt>
      <trkpt lat="48.766013" lon="8.442989">
        <ele>664.561674</ele>
        <time>2023-04-08T23:25:29.182Z</time>
      </trkpt>
      <trkpt lat="48.765992" lon="8.443130">
        <ele>665.486083</ele>
        <time>2023-04-08T23:25:35.975Z</time>
      </trkpt>
      <trkpt lat="48.765906" lon="8.444364">
        <ele>673.421351</ele>
        <time>2023-04-08T23:26:38.427Z</time>
      </trkpt>
      <trkpt lat="48.765913" lon="8.444547">
        <ele>674.593584</ele>
        <time>2023-04-08T23:26:47.914Z</time>
      </trkpt>
      <trkpt lat="48.766019" lon="8.445263">
        <ele>679.286387</ele>
        <time>2023-04-08T23:27:24.072Z</time>
      </trkpt>
      <trkpt lat="48.766029" lon="8.445510">
        <ele>680.606489</ele>
        <time>2023-04-08T23:27:35.665Z</time>
      </trkpt>
      <trkpt lat="48.766062" lon="8.446553">
        <ele>685.914446</ele>
        <time>2023-04-08T23:28:19.832Z</time>
      </trkpt>
      <trkpt lat="48.766006" lon="8.446962">
        <ele>688.037887</ele>
        <time>2023-04-08T23:28:35.744Z</time>
      </trkpt>
      <trkpt lat="48.765992" lon="8.447241">
        <ele>689.460225</ele>
        <time>2023-04-08T23:28:46.188Z</time>
      </trkpt>
      <trkpt lat="48.766038" lon="8.447363">
        <ele>690.174681</ele>
        <time>2023-04-08T23:28:51.377Z</time>
      </trkpt>
      <trkpt lat="48.766702" lon="8.448478">
        <ele>696.918286</ele>
        <time>2023-04-08T23:29:44.063Z</time>
      </trkpt>
      <trkpt lat="48.767039" lon="8.448968">
        <ele>699.777943</ele>
        <time>2023-04-08T23:30:07.402Z</time>
      </trkpt>
      <trkpt lat="48.768064" lon="8.450059">
        <ele>707.950144</ele>
        <time>2023-04-08T23:31:14.649Z</time>
      </trkpt>
      <trkpt lat="48.768609" lon="8.450686">
        <ele>712.848076</ele>
        <time>2023-04-08T23:31:54.209Z</time>
      </trkpt>
      <trkpt lat="48.768660" lon="8.450768">
        <ele>713.380218</ele>
        <time>2023-04-08T23:31:58.399Z</time>
      </trkpt>
      <trkpt lat="48.768700" lon="8.450927">
        <ele>714.183487</ele>
        <time>2023-04-08T23:32:05.474Z</time>
      </trkpt>
      <trkpt lat="48.768778" lon="8.451118">
        <ele>715.244</ele>
        <time>2023-04-08T23:32:14.428Z</time>
      </trkpt>
      <trkpt lat="48.769181" lon="8.451736">
        <ele>719.707516</ele>
        <time>2023-04-08T23:32:50.237Z</time>
      </trkpt>
      <trkpt lat="48.769393" lon="8.452217">
        <ele>722.93374</ele>
        <time>2023-04-08T23:33:14.727Z</time>
      </trkpt>
      <trkpt lat="48.769564" lon="8.452681">
        <ele>725.897745</ele>
        <time>2023-04-08T23:33:37.711Z</time>
      </trkpt>
      <trkpt lat="48.769747" lon="8.453183">
        <ele>729.096242</ele>
        <time>2023-04-08T23:34:01.689Z</time>
      </trkpt>
      <trkpt lat="48.770238" lon="8.454944">
        <ele>739.857861</ele>
        <time>2023-04-08T23:35:26.526Z</time>
      </trkpt>
      <trkpt lat="48.770317" lon="8.455320">
        <ele>742.089053</ele>
        <time>2023-04-08T23:35:44.489Z</time>
      </trkpt>
      <trkpt lat="48.770425" lon="8.456086">
        <ele>746.517758</ele>
        <time>2023-04-08T23:36:20.581Z</time>
      </trkpt>
      <trkpt lat="48.770638" lon="8.459018">
        <ele>757.816603</ele>
        <time>2023-04-08T23:38:01.191Z</time>
      </trkpt>
      <trkpt lat="48.770659" lon="8.459936">
        <ele>759.231731</ele>
        <time>2023-04-08T23:38:17.639Z</time>
      </trkpt>
      <trkpt lat="48.770627" lon="8.460335">
        <ele>759.810021</ele>
        <time>2023-04-08T23:38:24.095Z</time>
      </trkpt>
      <trkpt lat="48.770580" lon="8.460613">
        <ele>760.222938</ele>
        <time>2023-04-08T23:38:29.058Z</time>
      </trkpt>
      <trkpt lat="48.770495" lon="8.460741">
        <ele>760.484365</ele>
        <time>2023-04-08T23:38:31.623Z</time>
      </trkpt>
      <trkpt lat="48.769485" lon="8.461059">
        <ele>765.877157</ele>
        <time>2023-04-08T23:39:06.979Z</time>
      </trkpt>
      <trkpt lat="48.769287" lon="8.461053">
        <ele>767.928432</ele>
        <time>2023-04-08T23:39:18.634Z</time>
      </trkpt>
      <trkpt lat="48.768847" lon="8.460717">
        <ele>773.030614</ele>
        <time>2023-04-08T23:39:57.573Z</time>
      </trkpt>
      <trkpt lat="48.768412" lon="8.460307">
        <ele>778.334937</ele>
        <time>2023-04-08T23:40:47.769Z</time>
      </trkpt>
      <trkpt lat="48.768124" lon="8.460112">
        <ele>781.941903</ele>
        <time>2023-04-08T23:41:20.205Z</time>
      </trkpt>
      <trkpt lat="48.767917" lon="8.460008">
        <ele>784.916147</ele>
        <time>2023-04-08T23:41:42.135Z</time>
      </trkpt>
      <trkpt lat="48.767787" lon="8.460011">
        <ele>786.689542</ele>
        <time>2023-04-08T23:41:55.407Z</time>
      </trkpt>
      <trkpt lat="48.767548" lon="8.460112">
        <ele>790.073578</ele>
        <time>2023-04-08T23:42:19.529Z</time>
      </trkpt>
      <trkpt lat="48.767235" lon="8.460370">
        <ele>794.932276</ele>
        <time>2023-04-08T23:42:52.705Z</time>
      </trkpt>
      <trkpt lat="48.766982" lon="8.460662">
        <ele>799.268207</ele>
        <time>2023-04-08T23:43:20.470Z</time>
      </trkpt>
      <trkpt lat="48.766825" lon="8.461023">
        <ele>803.15657</ele>
        <time>2023-04-08T23:43:44.325Z</time>
      </trkpt>
      <trkpt lat="48.766831" lon="8.461220">
        <ele>804.92957</ele>
        <time>2023-04-08T23:43:54.714Z</time>
      </trkpt>
      <trkpt lat="48.766981" lon="8.461754">
        <ele>807.675685</ele>
        <time>2023-04-08T23:44:23.614Z</time>
      </trkpt>
      <trkpt lat="48.767044" lon="8.462149">
        <ele>809.553606</ele>
        <time>2023-04-08T23:44:41.248Z</time>
      </trkpt>
      <trkpt lat="48.766993" lon="8.462644">
        <ele>811.868711</ele>
        <time>2023-04-08T23:45:00.153Z</time>
      </trkpt>
      <trkpt lat="48.766971" lon="8.463136">
        <ele>814.147406</ele>
        <time>2023-04-08T23:45:15.700Z</time>
      </trkpt>
      <trkpt lat="48.766967" lon="8.464076">
        <ele>817.947199</ele>
        <time>2023-04-08T23:45:41.541Z</time>
      </trkpt>
      <trkpt lat="48.767002" lon="8.464836">
        <ele>819.134123</ele>
        <time>2023-04-08T23:46:01.517Z</time>
      </trkpt>
      <trkpt lat="48.767216" lon="8.466748">
        <ele>821.905454</ele>
        <time>2023-04-08T23:46:42.375Z</time>
      </trkpt>
      <trkpt lat="48.767557" lon="8.468914">
        <ele>821.660894</ele>
        <time>2023-04-08T23:47:14.046Z</time>
      </trkpt>
      <trkpt lat="48.767716" lon="8.469787">
        <ele>821.209438</ele>
        <time>2023-04-08T23:47:25.259Z</time>
      </trkpt>
      <trkpt lat="48.767975" lon="8.470925">
        <ele>820.311928</ele>
        <time>2023-04-08T23:47:40.024Z</time>
      </trkpt>
      <trkpt lat="48.768000" lon="8.471217">
        <ele>820.09242</ele>
        <time>2023-04-08T23:47:44.067Z</time>
      </trkpt>
      <trkpt lat="48.767966" lon="8.471535">
        <ele>819.852258</ele>
        <time>2023-04-08T23:47:48.135Z</time>
      </trkpt>
      <trkpt lat="48.767882" lon="8.471683">
        <ele>819.706659</ele>
        <time>2023-04-08T23:47:51.377Z</time>
      </trkpt>
      <trkpt lat="48.767824" lon="8.471726">
        <ele>819.633645</ele>
        <time>2023-04-08T23:47:52.916Z</time>
      </trkpt>
      <trkpt lat="48.767797" lon="8.471741">
        <ele>819.601124</ele>
        <time>2023-04-08T23:47:53.486Z</time>
      </trkpt>
      <trkpt lat="48.767714" lon="8.471780">
        <ele>819.68482</ele>
        <time>2023-04-08T23:47:55.210Z</time>
      </trkpt>
      <trkpt lat="48.767656" lon="8.471788">
        <ele>819.759877</ele>
        <time>2023-04-08T23:47:56.370Z</time>
      </trkpt>
      <trkpt lat="48.767714" lon="8.471780">
        <ele>819.834934</ele>
        <time>2023-04-08T23:47:58.005Z</time>
      </trkpt>
      <trkpt lat="48.767797" lon="8.471741">
        <ele>819.946914</ele>
        <time>2023-04-08T23:48:00.639Z</time>
      </trkpt>
      <trkpt lat="48.767824" lon="8.471726">
        <ele>819.983971</ele>
        <time>2023-04-08T23:48:01.429Z</time>
      </trkpt>
      <trkpt lat="48.767920" lon="8.471812">
        <ele>820.12765</ele>
        <time>2023-04-08T23:48:05.406Z</time>
      </trkpt>
      <trkpt lat="48.768037" lon="8.471851">
        <ele>820.282032</ele>
        <time>2023-04-08T23:48:08.224Z</time>
      </trkpt>
      <trkpt lat="48.768333" lon="8.471914">
        <ele>820.667243</ele>
        <time>2023-04-08T23:48:16.092Z</time>
      </trkpt>
      <trkpt lat="48.768476" lon="8.471945">
        <ele>820.853409</ele>
        <time>2023-04-08T23:48:20.798Z</time>
      </trkpt>
      <trkpt lat="48.768799" lon="8.472053">
        <ele>821.279671</ele>
        <time>2023-04-08T23:48:30.610Z</time>
      </trkpt>
      <trkpt lat="48.769247" lon="8.472280">
        <ele>821.888386</ele>
        <time>2023-04-08T23:48:48.535Z</time>
      </trkpt>
      <trkpt lat="48.770474" lon="8.472612">
        <ele>823.592955</ele>
        <time>2023-04-08T23:49:30.302Z</time>
      </trkpt>
      <trkpt lat="48.771720" lon="8.472701">
        <ele>822.767345</ele>
        <time>2023-04-08T23:49:56.216Z</time>
      </trkpt>
      <trkpt lat="48.772199" lon="8.472765">
        <ele>821.63833</ele>
        <time>2023-04-08T23:50:04.639Z</time>
      </trkpt>
      <trkpt lat="48.772785" lon="8.473012">
        <ele>820.210336</ele>
        <time>2023-04-08T23:50:14.802Z</time>
      </trkpt>
      <trkpt lat="48.774137" lon="8.473743">
        <ele>813.364069</ele>
        <time>2023-04-08T23:50:37.762Z</time>
      </trkpt>
      <trkpt lat="48.774970" lon="8.474337">
        <ele>808.562628</ele>
        <time>2023-04-08T23:50:52.114Z</time>
      </trkpt>
      <trkpt lat="48.775715" lon="8.474750">
        <ele>804.191114</ele>
        <time>2023-04-08T23:51:04.534Z</time>
      </trkpt>
      <trkpt lat="48.776172" lon="8.474894">
        <ele>801.61862</ele>
        <time>2023-04-08T23:51:11.830Z</time>
      </trkpt>
      <trkpt lat="48.776682" lon="8.474934">
        <ele>798.527073</ele>
        <time>2023-04-08T23:51:19.733Z</time>
      </trkpt>
      <trkpt lat="48.777085" lon="8.474924">
        <ele>796.082782</ele>
        <time>2023-04-08T23:51:25.927Z</time>
      </trkpt>
      <trkpt lat="48.777383" lon="8.474856">
        <ele>794.255264</ele>
        <time>2023-04-08T23:51:30.534Z</time>
      </trkpt>
      <trkpt lat="48.777575" lon="8.474715">
        <ele>792.961711</ele>
        <time>2023-04-08T23:51:33.806Z</time>
      </trkpt>
      <trkpt lat="48.777912" lon="8.474310">
        <ele>790.32985</ele>
        <time>2023-04-08T23:51:40.374Z</time>
      </trkpt>
      <trkpt lat="48.778941" lon="8.472586">
        <ele>780.268375</ele>
        <time>2023-04-08T23:52:03.587Z</time>
      </trkpt>
      <trkpt lat="48.779522" lon="8.471669">
        <ele>774.983731</ele>
        <time>2023-04-08T23:52:16.262Z</time>
      </trkpt>
      <trkpt lat="48.779959" lon="8.471138">
        <ele>771.505003</ele>
        <time>2023-04-08T23:52:24.772Z</time>
      </trkpt>
      <trkpt lat="48.780288" lon="8.470868">
        <ele>769.180818</ele>
        <time>2023-04-08T23:52:30.484Z</time>
      </trkpt>
      <trkpt lat="48.780763" lon="8.470389">
        <ele>766.537434</ele>
        <time>2023-04-08T23:52:39.382Z</time>
      </trkpt>
      <trkpt lat="48.781575" lon="8.469677">
        <ele>763.286705</ele>
        <time>2023-04-08T23:52:55.195Z</time>
      </trkpt>
      <trkpt lat="48.781649" lon="8.469604">
        <ele>762.980765</ele>
        <time>2023-04-08T23:52:56.854Z</time>
      </trkpt>
      <trkpt lat="48.781832" lon="8.469458">
        <ele>762.264107</ele>
        <time>2023-04-08T23:53:00.596Z</time>
      </trkpt>
      <trkpt lat="48.781999" lon="8.469392">
        <ele>761.665919</ele>
        <time>2023-04-08T23:53:03.842Z</time>
      </trkpt>
      <trkpt lat="48.782262" lon="8.469405">
        <ele>761.142096</ele>
        <time>2023-04-08T23:53:08.814Z</time>
      </trkpt>
      <trkpt lat="48.782686" lon="8.469554">
        <ele>760.488736</ele>
        <time>2023-04-08T23:53:17.234Z</time>
      </trkpt>
      <trkpt lat="48.783433" lon="8.469818">
        <ele>759.337319</ele>
        <time>2023-04-08T23:53:32.417Z</time>
      </trkpt>
      <trkpt lat="48.783974" lon="8.469889">
        <ele>758.335003</ele>
        <time>2023-04-08T23:53:42.592Z</time>
      </trkpt>
      <trkpt lat="48.784395" lon="8.469900">
        <ele>757.156428</ele>
        <time>2023-04-08T23:53:50.148Z</time>
      </trkpt>
      <trkpt lat="48.785077" lon="8.469827">
        <ele>755.242734</ele>
        <time>2023-04-08T23:54:02.005Z</time>
      </trkpt>
      <trkpt lat="48.785319" lon="8.469848">
        <ele>754.564257</ele>
        <time>2023-04-08T23:54:06.125Z</time>
      </trkpt>
      <trkpt lat="48.785432" lon="8.469960">
        <ele>754.186492</ele>
        <time>2023-04-08T23:54:08.378Z</time>
      </trkpt>
      <trkpt lat="48.785773" lon="8.470513">
        <ele>752.464365</ele>
        <time>2023-04-08T23:54:16.775Z</time>
      </trkpt>
      <trkpt lat="48.787301" lon="8.472420">
        <ele>744.980036</ele>
        <time>2023-04-08T23:54:49.499Z</time>
      </trkpt>
      <trkpt lat="48.788781" lon="8.474265">
        <ele>738.332115</ele>
        <time>2023-04-08T23:55:21.487Z</time>
      </trkpt>
      <trkpt lat="48.789494" lon="8.475292">
        <ele>735.488872</ele>
        <time>2023-04-08T23:55:38.879Z</time>
      </trkpt>
      <trkpt lat="48.789736" lon="8.475755">
        <ele>734.604394</ele>
        <time>2023-04-08T23:55:45.926Z</time>
      </trkpt>
      <trkpt lat="48.790219" lon="8.476636">
        <ele>733.34926</ele>
        <time>2023-04-08T23:55:59.765Z</time>
      </trkpt>
      <trkpt lat="48.790464" lon="8.477109">
        <ele>732.690363</ele>
        <time>2023-04-08T23:56:07.516Z</time>
      </trkpt>
      <trkpt lat="48.791021" lon="8.478195">
        <ele>731.181799</ele>
        <time>2023-04-08T23:56:25.565Z</time>
      </trkpt>
      <trkpt lat="48.791108" lon="8.478237">
        <ele>731.029768</ele>
        <time>2023-04-08T23:56:27.357Z</time>
      </trkpt>
      <trkpt lat="48.791192" lon="8.478216">
        <ele>730.887999</ele>
        <time>2023-04-08T23:56:28.910Z</time>
      </trkpt>
      <trkpt lat="48.791500" lon="8.478033">
        <ele>730.337197</ele>
        <time>2023-04-08T23:56:34.950Z</time>
      </trkpt>
      <trkpt lat="48.791676" lon="8.477970">
        <ele>730.036067</ele>
        <time>2023-04-08T23:56:38.178Z</time>
      </trkpt>
      <trkpt lat="48.791764" lon="8.478000">
        <ele>729.885871</ele>
        <time>2023-04-08T23:56:39.880Z</time>
      </trkpt>
      <trkpt lat="48.792139" lon="8.478321">
        <ele>729.168935</ele>
        <time>2023-04-08T23:56:47.859Z</time>
      </trkpt>
      <trkpt lat="48.792333" lon="8.478514">
        <ele>728.796438</ele>
        <time>2023-04-08T23:56:52.052Z</time>
      </trkpt>
      <trkpt lat="48.792427" lon="8.478786">
        <ele>728.487862</ele>
        <time>2023-04-08T23:56:55.891Z</time>
      </trkpt>
      <trkpt lat="48.792492" lon="8.479090">
        <ele>728.166772</ele>
        <time>2023-04-08T23:56:59.823Z</time>
      </trkpt>
      <trkpt lat="48.792518" lon="8.479379">
        <ele>727.87374</ele>
        <time>2023-04-08T23:57:03.336Z</time>
      </trkpt>
      <trkpt lat="48.792909" lon="8.482538">
        <ele>725.478858</ele>
        <time>2023-04-08T23:57:44.403Z</time>
      </trkpt>
      <trkpt lat="48.792919" lon="8.482619">
        <ele>725.440381</ele>
        <time>2023-04-08T23:57:45.612Z</time>
      </trkpt>
      <trkpt lat="48.792994" lon="8.483175">
        <ele>725.175398</ele>
        <time>2023-04-08T23:57:53.856Z</time>
      </trkpt>
      <trkpt lat="48.792998" lon="8.483205">
        <ele>725.161107</ele>
        <time>2023-04-08T23:57:54.340Z</time>
      </trkpt>
      <trkpt lat="48.793010" lon="8.483341">
        <ele>725.097042</ele>
        <time>2023-04-08T23:57:56.480Z</time>
      </trkpt>
      <trkpt lat="48.793177" lon="8.484701">
        <ele>724.498047</ele>
        <time>2023-04-08T23:58:17.295Z</time>
      </trkpt>
      <trkpt lat="48.793504" lon="8.487278">
        <ele>722.347055</ele>
        <time>2023-04-08T23:58:51.584Z</time>
      </trkpt>
      <trkpt lat="48.793752" lon="8.489161">
        <ele>719.328819</ele>
        <time>2023-04-08T23:59:13.305Z</time>
      </trkpt>
      <trkpt lat="48.793821" lon="8.489583">
        <ele>718.576168</ele>
        <time>2023-04-08T23:59:18.177Z</time>
      </trkpt>
      <trkpt lat="48.793998" lon="8.490440">
        <ele>717.021497</ele>
        <time>2023-04-08T23:59:28.409Z</time>
      </trkpt>
      <trkpt lat="48.794135" lon="8.491125">
        <ele>715.78232</ele>
        <time>2023-04-08T23:59:36.717Z</time>
      </trkpt>
      <trkpt lat="48.794311" lon="8.492239">
        <ele>714.388511</ele>
        <time>2023-04-08T23:59:50.688Z</time>
      </trkpt>
      <trkpt lat="48.794826" lon="8.495144">
        <ele>711.907747</ele>
        <time>2023-04-09T00:00:31.142Z</time>
      </trkpt>
      <trkpt lat="48.795080" lon="8.495064">
        <ele>711.45643</ele>
        <time>2023-04-09T00:00:36.301Z</time>
      </trkpt>
      <trkpt lat="48.795239" lon="8.495006">
        <ele>711.17193</ele>
        <time>2023-04-09T00:00:39.403Z</time>
      </trkpt>
      <trkpt lat="48.795714" lon="8.494694">
        <ele>710.271489</ele>
        <time>2023-04-09T00:00:48.631Z</time>
      </trkpt>
      <trkpt lat="48.796511" lon="8.494094">
        <ele>707.45752</ele>
        <time>2023-04-09T00:01:04.071Z</time>
      </trkpt>
      <trkpt lat="48.796608" lon="8.493994">
        <ele>707.002088</ele>
        <time>2023-04-09T00:01:05.996Z</time>
      </trkpt>
      <trkpt lat="48.796773" lon="8.493874">
        <ele>706.291447</ele>
        <time>2023-04-09T00:01:09.011Z</time>
      </trkpt>
      <trkpt lat="48.796902" lon="8.493769">
        <ele>705.722909</ele>
        <time>2023-04-09T00:01:11.426Z</time>
      </trkpt>
      <trkpt lat="48.797022" lon="8.493687">
        <ele>705.211765</ele>
        <time>2023-04-09T00:01:13.555Z</time>
      </trkpt>
      <trkpt lat="48.797182" lon="8.494108">
        <ele>703.968169</ele>
        <time>2023-04-09T00:01:18.743Z</time>
      </trkpt>
      <trkpt lat="48.797255" lon="8.494261">
        <ele>703.484802</ele>
        <time>2023-04-09T00:01:20.769Z</time>
      </trkpt>
      <trkpt lat="48.797513" lon="8.494802">
        <ele>701.263162</ele>
        <time>2023-04-09T00:01:27.790Z</time>
      </trkpt>
      <trkpt lat="48.797607" lon="8.494699">
        <ele>700.579387</ele>
        <time>2023-04-09T00:01:29.580Z</time>
      </trkpt>
      <trkpt lat="48.797529" lon="8.494402">
        <ele>699.337122</ele>
        <time>2023-04-09T00:01:32.900Z</time>
      </trkpt>
      <trkpt lat="48.797433" lon="8.494017">
        <ele>697.737695</ele>
        <time>2023-04-09T00:01:37.328Z</time>
      </trkpt>
      <trkpt lat="48.797389" lon="8.493647">
        <ele>696.276891</ele>
        <time>2023-04-09T00:01:41.374Z</time>
      </trkpt>
      <trkpt lat="48.797429" lon="8.493532">
        <ele>695.771616</ele>
        <time>2023-04-09T00:01:42.771Z</time>
      </trkpt>
      <trkpt lat="48.797641" lon="8.493389">
        <ele>694.40331</ele>
        <time>2023-04-09T00:01:46.484Z</time>
      </trkpt>
      <trkpt lat="48.797820" lon="8.493396">
        <ele>693.347174</ele>
        <time>2023-04-09T00:01:49.347Z</time>
      </trkpt>
      <trkpt lat="48.798041" lon="8.493388">
        <ele>692.00122</ele>
        <time>2023-04-09T00:01:52.636Z</time>
      </trkpt>
      <trkpt lat="48.798110" lon="8.493359">
        <ele>691.421254</ele>
        <time>2023-04-09T00:01:53.707Z</time>
      </trkpt>
      <trkpt lat="48.798173" lon="8.493333">
        <ele>690.892395</ele>
        <time>2023-04-09T00:01:54.677Z</time>
      </trkpt>
      <trkpt lat="48.798426" lon="8.493130">
        <ele>688.574299</ele>
        <time>2023-04-09T00:01:58.895Z</time>
      </trkpt>
      <trkpt lat="48.798911" lon="8.492519">
        <ele>683.46895</ele>
        <time>2023-04-09T00:02:08.025Z</time>
      </trkpt>
      <trkpt lat="48.799027" lon="8.492361">
        <ele>682.206514</ele>
        <time>2023-04-09T00:02:10.273Z</time>
      </trkpt>
      <trkpt lat="48.799232" lon="8.492117">
        <ele>680.096361</ele>
        <time>2023-04-09T00:02:14.029Z</time>
      </trkpt>
      <trkpt lat="48.799758" lon="8.491307">
        <ele>675.025705</ele>
        <time>2023-04-09T00:02:25.066Z</time>
      </trkpt>
      <trkpt lat="48.799880" lon="8.491113">
        <ele>673.996119</ele>
        <time>2023-04-09T00:02:27.768Z</time>
      </trkpt>
      <trkpt lat="48.800313" lon="8.490592">
        <ele>670.776336</ele>
        <time>2023-04-09T00:02:36.429Z</time>
      </trkpt>
      <trkpt lat="48.800505" lon="8.490543">
        <ele>669.641731</ele>
        <time>2023-04-09T00:02:39.560Z</time>
      </trkpt>
      <trkpt lat="48.800699" lon="8.490597">
        <ele>668.492324</ele>
        <time>2023-04-09T00:02:42.754Z</time>
      </trkpt>
      <trkpt lat="48.801443" lon="8.491095">
        <ele>664.877893</ele>
        <time>2023-04-09T00:02:55.966Z</time>
      </trkpt>
      <trkpt lat="48.801644" lon="8.491072">
        <ele>664.097335</ele>
        <time>2023-04-09T00:02:59.303Z</time>
      </trkpt>
      <trkpt lat="48.801895" lon="8.490878">
        <ele>663.006659</ele>
        <time>2023-04-09T00:03:03.998Z</time>
      </trkpt>
      <trkpt lat="48.802000" lon="8.490793">
        <ele>662.54587</ele>
        <time>2023-04-09T00:03:06.150Z</time>
      </trkpt>
      <trkpt lat="48.802408" lon="8.490288">
        <ele>660.507422</ele>
        <time>2023-04-09T00:03:22.441Z</time>
      </trkpt>
      <trkpt lat="48.802689" lon="8.489880">
        <ele>658.792662</ele>
        <time>2023-04-09T00:03:34.099Z</time>
      </trkpt>
      <trkpt lat="48.803031" lon="8.489615">
        <ele>657.032393</ele>
        <time>2023-04-09T00:03:45.327Z</time>
      </trkpt>
      <trkpt lat="48.803212" lon="8.489572">
        <ele>656.19251</ele>
        <time>2023-04-09T00:03:50.697Z</time>
      </trkpt>
      <trkpt lat="48.803564" lon="8.489560">
        <ele>654.578377</ele>
        <time>2023-04-09T00:04:00.849Z</time>
      </trkpt>
      <trkpt lat="48.804321" lon="8.488807">
        <ele>650.024812</ele>
        <time>2023-04-09T00:04:26.855Z</time>
      </trkpt>
      <trkpt lat="48.804701" lon="8.488656">
        <ele>647.726222</ele>
        <time>2023-04-09T00:04:38.047Z</time>
      </trkpt>
      <trkpt lat="48.804963" lon="8.488426">
        <ele>645.955222</ele>
        <time>2023-04-09T00:04:46.519Z</time>
      </trkpt>
      <trkpt lat="48.805000" lon="8.488338">
        <ele>645.552838</ele>
        <time>2023-04-09T00:04:48.395Z</time>
      </trkpt>
      <trkpt lat="48.805483" lon="8.488256">
        <ele>642.708793</ele>
        <time>2023-04-09T00:05:01.795Z</time>
      </trkpt>
      <trkpt lat="48.805504" lon="8.488344">
        <ele>642.348054</ele>
        <time>2023-04-09T00:05:03.569Z</time>
      </trkpt>
      <trkpt lat="48.805919" lon="8.488285">
        <ele>639.902841</ele>
        <time>2023-04-09T00:05:09.928Z</time>
      </trkpt>
      <trkpt lat="48.807184" lon="8.488106">
        <ele>632.437205</ele>
        <time>2023-04-09T00:05:29.557Z</time>
      </trkpt>
      <trkpt lat="48.807858" lon="8.488041">
        <ele>628.996401</ele>
        <time>2023-04-09T00:05:40.040Z</time>
      </trkpt>
      <trkpt lat="48.808643" lon="8.488075">
        <ele>625.426948</ele>
        <time>2023-04-09T00:05:52.556Z</time>
      </trkpt>
      <trkpt lat="48.808918" lon="8.488118">
        <ele>624.170402</ele>
        <time>2023-04-09T00:05:57.110Z</time>
      </trkpt>
      <trkpt lat="48.809250" lon="8.488195">
        <ele>622.643886</ele>
        <time>2023-04-09T00:06:02.757Z</time>
      </trkpt>
      <trkpt lat="48.809633" lon="8.488284">
        <ele>622.00206</ele>
        <time>2023-04-09T00:06:09.592Z</time>
      </trkpt>
      <trkpt lat="48.809906" lon="8.488339">
        <ele>621.555242</ele>
        <time>2023-04-09T00:06:14.701Z</time>
      </trkpt>
      <trkpt lat="48.810127" lon="8.488326">
        <ele>621.196406</ele>
        <time>2023-04-09T00:06:18.865Z</time>
      </trkpt>
      <trkpt lat="48.810175" lon="8.488323">
        <ele>621.118461</ele>
        <time>2023-04-09T00:06:19.776Z</time>
      </trkpt>
      <trkpt lat="48.810649" lon="8.488197">
        <ele>620.337711</ele>
        <time>2023-04-09T00:06:29.029Z</time>
      </trkpt>
      <trkpt lat="48.810966" lon="8.488326">
        <ele>619.805237</ele>
        <time>2023-04-09T00:06:36.120Z</time>
      </trkpt>
      <trkpt lat="48.811192" lon="8.488357">
        <ele>619.777672</ele>
        <time>2023-04-09T00:06:41.268Z</time>
      </trkpt>
      <trkpt lat="48.811466" lon="8.488286">
        <ele>619.899719</ele>
        <time>2023-04-09T00:06:47.717Z</time>
      </trkpt>
      <trkpt lat="48.812107" lon="8.487952">
        <ele>620.19728</ele>
        <time>2023-04-09T00:07:05.091Z</time>
      </trkpt>
      <trkpt lat="48.812282" lon="8.487938">
        <ele>620.274226</ele>
        <time>2023-04-09T00:07:10.367Z</time>
      </trkpt>
      <trkpt lat="48.812485" lon="8.488013">
        <ele>620.36596</ele>
        <time>2023-04-09T00:07:16.499Z</time>
      </trkpt>
      <trkpt lat="48.812607" lon="8.488118">
        <ele>620.427534</ele>
        <time>2023-04-09T00:07:20.697Z</time>
      </trkpt>
      <trkpt lat="48.812650" lon="8.488159">
        <ele>620.449827</ele>
        <time>2023-04-09T00:07:22.137Z</time>
      </trkpt>
      <trkpt lat="48.812658" lon="8.488208">
        <ele>620.464425</ele>
        <time>2023-04-09T00:07:23.142Z</time>
      </trkpt>
      <trkpt lat="48.812840" lon="8.488911">
        <ele>620.461727</ele>
        <time>2023-04-09T00:07:35.831Z</time>
      </trkpt>
      <trkpt lat="48.813042" lon="8.490345">
        <ele>620.386935</ele>
        <time>2023-04-09T00:07:58.726Z</time>
      </trkpt>
      <trkpt lat="48.813106" lon="8.490805">
        <ele>620.362956</ele>
        <time>2023-04-09T00:08:05.200Z</time>
      </trkpt>
      <trkpt lat="48.813196" lon="8.491451">
        <ele>618.992799</ele>
        <time>2023-04-09T00:08:13.646Z</time>
      </trkpt>
      <trkpt lat="48.813194" lon="8.492154">
        <ele>617.134681</ele>
        <time>2023-04-09T00:08:21.939Z</time>
      </trkpt>
      <trkpt lat="48.813438" lon="8.492611">
        <ele>615.579647</ele>
        <time>2023-04-09T00:08:33.242Z</time>
      </trkpt>
      <trkpt lat="48.813489" lon="8.493314">
        <ele>613.710315</ele>
        <time>2023-04-09T00:08:46.397Z</time>
      </trkpt>
      <trkpt lat="48.813580" lon="8.493759">
        <ele>612.089646</ele>
        <time>2023-04-09T00:08:54.957Z</time>
      </trkpt>
      <trkpt lat="48.813698" lon="8.494335">
        <ele>609.551874</ele>
        <time>2023-04-09T00:09:05.916Z</time>
      </trkpt>
      <trkpt lat="48.813826" lon="8.494610">
        <ele>608.135131</ele>
        <time>2023-04-09T00:09:12.001Z</time>
      </trkpt>
      <trkpt lat="48.813878" lon="8.494828">
        <ele>607.1597</ele>
        <time>2023-04-09T00:09:16.226Z</time>
      </trkpt>
      <trkpt lat="48.813891" lon="8.495110">
        <ele>605.970435</ele>
        <time>2023-04-09T00:09:21.388Z</time>
      </trkpt>
      <trkpt lat="48.813958" lon="8.495460">
        <ele>604.437048</ele>
        <time>2023-04-09T00:09:28.027Z</time>
      </trkpt>
      <trkpt lat="48.814149" lon="8.495918">
        <ele>602.156383</ele>
        <time>2023-04-09T00:09:37.892Z</time>
      </trkpt>
      <trkpt lat="48.814272" lon="8.496413">
        <ele>599.806641</ele>
        <time>2023-04-09T00:09:47.488Z</time>
      </trkpt>
      <trkpt lat="48.814270" lon="8.497264">
        <ele>595.967679</ele>
        <time>2023-04-09T00:10:02.912Z</time>
      </trkpt>
      <trkpt lat="48.814306" lon="8.497513">
        <ele>594.817663</ele>
        <time>2023-04-09T00:10:07.515Z</time>
      </trkpt>
      <trkpt lat="48.814490" lon="8.498226">
        <ele>591.36309</ele>
        <time>2023-04-09T00:10:21.423Z</time>
      </trkpt>
      <trkpt lat="48.814507" lon="8.499309">
        <ele>585.606334</ele>
        <time>2023-04-09T00:10:40.687Z</time>
      </trkpt>
      <trkpt lat="48.814646" lon="8.499924">
        <ele>581.777139</ele>
        <time>2023-04-09T00:10:51.929Z</time>
      </trkpt>
      <trkpt lat="48.814782" lon="8.500806">
        <ele>576.442462</ele>
        <time>2023-04-09T00:11:07.301Z</time>
      </trkpt>
      <trkpt lat="48.814885" lon="8.501146">
        <ele>574.23845</ele>
        <time>2023-04-09T00:11:13.612Z</time>
      </trkpt>
      <trkpt lat="48.814948" lon="8.501542">
        <ele>572.025835</ele>
        <time>2023-04-09T00:11:20.533Z</time>
      </trkpt>
      <trkpt lat="48.814989" lon="8.502021">
        <ele>569.560604</ele>
        <time>2023-04-09T00:11:28.793Z</time>
      </trkpt>
      <trkpt lat="48.814928" lon="8.502501">
        <ele>567.065631</ele>
        <time>2023-04-09T00:11:37.291Z</time>
      </trkpt>
      <trkpt lat="48.814638" lon="8.503119">
        <ele>563.192616</ele>
        <time>2023-04-09T00:11:50.885Z</time>
      </trkpt>
      <trkpt lat="48.814299" lon="8.503744">
        <ele>559.095523</ele>
        <time>2023-04-09T00:12:05.809Z</time>
      </trkpt>
      <trkpt lat="48.813872" lon="8.504782">
        <ele>553.78266</ele>
        <time>2023-04-09T00:12:28.511Z</time>
      </trkpt>
      <trkpt lat="48.813833" lon="8.505065">
        <ele>552.527552</ele>
        <time>2023-04-09T00:12:33.776Z</time>
      </trkpt>
      <trkpt lat="48.813890" lon="8.505298">
        <ele>551.448566</ele>
        <time>2023-04-09T00:12:38.256Z</time>
      </trkpt>
      <trkpt lat="48.814076" lon="8.505430">
        <ele>550.095145</ele>
        <time>2023-04-09T00:12:43.830Z</time>
      </trkpt>
      <trkpt lat="48.814365" lon="8.505345">
        <ele>548.154616</ele>
        <time>2023-04-09T00:12:51.777Z</time>
      </trkpt>
      <trkpt lat="48.815322" lon="8.504673">
        <ele>540.819047</ele>
        <time>2023-04-09T00:13:20.040Z</time>
      </trkpt>
      <trkpt lat="48.815607" lon="8.504613">
        <ele>538.805193</ele>
        <time>2023-04-09T00:13:27.778Z</time>
      </trkpt>
      <trkpt lat="48.815978" lon="8.504719">
        <ele>536.162927</ele>
        <time>2023-04-09T00:13:38.127Z</time>
      </trkpt>
      <trkpt lat="48.816206" lon="8.504888">
        <ele>534.666666</ele>
        <time>2023-04-09T00:13:45.354Z</time>
      </trkpt>
      <trkpt lat="48.816626" lon="8.505395">
        <ele>533.171153</ele>
        <time>2023-04-09T00:14:01.167Z</time>
      </trkpt>
      <trkpt lat="48.817359" lon="8.506645">
        <ele>530.098957</ele>
        <time>2023-04-09T00:14:37.297Z</time>
      </trkpt>
      <trkpt lat="48.817836" lon="8.507349">
        <ele>530.670616</ele>
        <time>2023-04-09T00:15:00.501Z</time>
      </trkpt>
      <trkpt lat="48.818033" lon="8.508179">
        <ele>531.516884</ele>
        <time>2023-04-09T00:15:16.272Z</time>
      </trkpt>
      <trkpt lat="48.818148" lon="8.508793">
        <ele>532.129185</ele>
        <time>2023-04-09T00:15:30.335Z</time>
      </trkpt>
      <trkpt lat="48.818168" lon="8.509112">
        <ele>532.436548</ele>
        <time>2023-04-09T00:15:38.894Z</time>
      </trkpt>
      <trkpt lat="48.818184" lon="8.511585">
        <ele>543.140632</ele>
        <time>2023-04-09T00:17:13.301Z</time>
      </trkpt>
      <trkpt lat="48.817931" lon="8.515053">
        <ele>556.714799</ele>
        <time>2023-04-09T00:19:27.904Z</time>
      </trkpt>
      <trkpt lat="48.817932" lon="8.515291">
        <ele>556.68694</ele>
        <time>2023-04-09T00:19:32.257Z</time>
      </trkpt>
      <trkpt lat="48.818016" lon="8.515917">
        <ele>556.612158</ele>
        <time>2023-04-09T00:19:41.298Z</time>
      </trkpt>
      <trkpt lat="48.818383" lon="8.517363">
        <ele>556.114823</ele>
        <time>2023-04-09T00:19:58.564Z</time>
      </trkpt>
      <trkpt lat="48.818412" lon="8.517544">
        <ele>555.749835</ele>
        <time>2023-04-09T00:20:00.464Z</time>
      </trkpt>
      <trkpt lat="48.818511" lon="8.518524">
        <ele>553.807223</ele>
        <time>2023-04-09T00:20:11.057Z</time>
      </trkpt>
      <trkpt lat="48.818676" lon="8.519185">
        <ele>552.422164</ele>
        <time>2023-04-09T00:20:19.224Z</time>
      </trkpt>
      <trkpt lat="48.818804" lon="8.519527">
        <ele>551.651389</ele>
        <time>2023-04-09T00:20:24.029Z</time>
      </trkpt>
      <trkpt lat="48.819053" lon="8.520111">
        <ele>551.09199</ele>
        <time>2023-04-09T00:20:33.248Z</time>
      </trkpt>
      <trkpt lat="48.819305" lon="8.520737">
        <ele>551.080196</ele>
        <time>2023-04-09T00:20:43.748Z</time>
      </trkpt>
      <trkpt lat="48.819386" lon="8.521122">
        <ele>551.073699</ele>
        <time>2023-04-09T00:20:49.841Z</time>
      </trkpt>
      <trkpt lat="48.819665" lon="8.523443">
        <ele>552.140483</ele>
        <time>2023-04-09T00:21:29.788Z</time>
      </trkpt>
      <trkpt lat="48.819739" lon="8.523701">
        <ele>552.399596</ele>
        <time>2023-04-09T00:21:34.876Z</time>
      </trkpt>
      <trkpt lat="48.819792" lon="8.523799">
        <ele>552.516365</ele>
        <time>2023-04-09T00:21:37.298Z</time>
      </trkpt>
      <trkpt lat="48.820004" lon="8.524028">
        <ele>552.880159</ele>
        <time>2023-04-09T00:21:44.850Z</time>
      </trkpt>
      <trkpt lat="48.820299" lon="8.524261">
        <ele>553.345134</ele>
        <time>2023-04-09T00:21:55.345Z</time>
      </trkpt>
      <trkpt lat="48.820672" lon="8.524497">
        <ele>554.581337</ele>
        <time>2023-04-09T00:22:09.329Z</time>
      </trkpt>
      <trkpt lat="48.821479" lon="8.524720">
        <ele>557.990948</ele>
        <time>2023-04-09T00:22:43.267Z</time>
      </trkpt>
      <trkpt lat="48.822253" lon="8.524814">
        <ele>561.229782</ele>
        <time>2023-04-09T00:23:21.188Z</time>
      </trkpt>
      <trkpt lat="48.823007" lon="8.524806">
        <ele>564.568094</ele>
        <time>2023-04-09T00:23:59.603Z</time>
      </trkpt>
      <trkpt lat="48.823303" lon="8.524803">
        <ele>565.878623</ele>
        <time>2023-04-09T00:24:13.893Z</time>
      </trkpt>
      <trkpt lat="48.823838" lon="8.524793">
        <ele>568.247441</ele>
        <time>2023-04-09T00:24:36.381Z</time>
      </trkpt>
      <trkpt lat="48.824098" lon="8.524862">
        <ele>568.8168</ele>
        <time>2023-04-09T00:24:45.420Z</time>
      </trkpt>
      <trkpt lat="48.824211" lon="8.524943">
        <ele>568.553956</ele>
        <time>2023-04-09T00:24:49.222Z</time>
      </trkpt>
      <trkpt lat="48.824391" lon="8.525098">
        <ele>568.118698</ele>
        <time>2023-04-09T00:24:55.170Z</time>
      </trkpt>
      <trkpt lat="48.824736" lon="8.525538">
        <ele>567.171065</ele>
        <time>2023-04-09T00:25:04.905Z</time>
      </trkpt>
      <trkpt lat="48.825115" lon="8.526171">
        <ele>565.986111</ele>
        <time>2023-04-09T00:25:14.445Z</time>
      </trkpt>
      <trkpt lat="48.825200" lon="8.526351">
        <ele>565.679334</ele>
        <time>2023-04-09T00:25:16.717Z</time>
      </trkpt>
      <trkpt lat="48.825255" lon="8.526539">
        <ele>565.394424</ele>
        <time>2023-04-09T00:25:18.771Z</time>
      </trkpt>
      <trkpt lat="48.825324" lon="8.526976">
        <ele>563.199732</ele>
        <time>2023-04-09T00:25:23.164Z</time>
      </trkpt>
      <trkpt lat="48.825369" lon="8.527394">
        <ele>560.582452</ele>
        <time>2023-04-09T00:25:27.200Z</time>
      </trkpt>
      <trkpt lat="48.825429" lon="8.527641">
        <ele>558.955568</ele>
        <time>2023-04-09T00:25:29.670Z</time>
      </trkpt>
      <trkpt lat="48.825615" lon="8.528068">
        <ele>555.79172</ele>
        <time>2023-04-09T00:25:34.446Z</time>
      </trkpt>
      <trkpt lat="48.826040" lon="8.528534">
        <ele>550.87191</ele>
        <time>2023-04-09T00:25:41.854Z</time>
      </trkpt>
      <trkpt lat="48.826242" lon="8.528698">
        <ele>548.72209</ele>
        <time>2023-04-09T00:25:45.050Z</time>
      </trkpt>
      <trkpt lat="48.826478" lon="8.528840">
        <ele>546.404621</ele>
        <time>2023-04-09T00:25:48.597Z</time>
      </trkpt>
      <trkpt lat="48.826835" lon="8.528953">
        <ele>543.092976</ele>
        <time>2023-04-09T00:25:53.691Z</time>
      </trkpt>
      <trkpt lat="48.827888" lon="8.529033">
        <ele>533.518474</ele>
        <time>2023-04-09T00:26:08.900Z</time>
      </trkpt>
      <trkpt lat="48.828301" lon="8.529108">
        <ele>530.631308</ele>
        <time>2023-04-09T00:26:15.261Z</time>
      </trkpt>
      <trkpt lat="48.829014" lon="8.529301">
        <ele>526.634462</ele>
        <time>2023-04-09T00:26:26.791Z</time>
      </trkpt>
      <trkpt lat="48.830194" lon="8.529859">
        <ele>519.261499</ele>
        <time>2023-04-09T00:26:46.378Z</time>
      </trkpt>
      <trkpt lat="48.830661" lon="8.530125">
        <ele>515.838912</ele>
        <time>2023-04-09T00:26:53.998Z</time>
      </trkpt>
      <trkpt lat="48.830942" lon="8.530406">
        <ele>513.530289</ele>
        <time>2023-04-09T00:26:59.036Z</time>
      </trkpt>
      <trkpt lat="48.831283" lon="8.530994">
        <ele>509.990335</ele>
        <time>2023-04-09T00:27:06.593Z</time>
      </trkpt>
      <trkpt lat="48.831993" lon="8.532659">
        <ele>498.613882</ele>
        <time>2023-04-09T00:27:25.267Z</time>
      </trkpt>
      <trkpt lat="48.832282" lon="8.533478">
        <ele>493.702173</ele>
        <time>2023-04-09T00:27:34.144Z</time>
      </trkpt>
      <trkpt lat="48.832337" lon="8.533689">
        <ele>493.20561</ele>
        <time>2023-04-09T00:27:36.394Z</time>
      </trkpt>
      <trkpt lat="48.832392" lon="8.534061">
        <ele>492.37137</ele>
        <time>2023-04-09T00:27:40.219Z</time>
      </trkpt>
      <trkpt lat="48.832417" lon="8.535222">
        <ele>489.829664</ele>
        <time>2023-04-09T00:27:52.907Z</time>
      </trkpt>
      <trkpt lat="48.832457" lon="8.535607">
        <ele>488.97683</ele>
        <time>2023-04-09T00:27:57.851Z</time>
      </trkpt>
      <trkpt lat="48.832485" lon="8.535861">
        <ele>488.413322</ele>
        <time>2023-04-09T00:28:01.492Z</time>
      </trkpt>
      <trkpt lat="48.832692" lon="8.537951">
        <ele>492.887025</ele>
        <time>2023-04-09T00:28:55.754Z</time>
      </trkpt>
      <trkpt lat="48.832791" lon="8.538627">
        <ele>494.646953</ele>
        <time>2023-04-09T00:29:21.137Z</time>
      </trkpt>
      <trkpt lat="48.832849" lon="8.538850">
        <ele>495.297521</ele>
        <time>2023-04-09T00:29:29.868Z</time>
      </trkpt>
      <trkpt lat="48.832934" lon="8.539003">
        <ele>495.873055</ele>
        <time>2023-04-09T00:29:36.853Z</time>
      </trkpt>
      <trkpt lat="48.833063" lon="8.539142">
        <ele>496.563731</ele>
        <time>2023-04-09T00:29:45.287Z</time>
      </trkpt>
      <trkpt lat="48.833214" lon="8.539231">
        <ele>497.271056</ele>
        <time>2023-04-09T00:29:53.706Z</time>
      </trkpt>
      <trkpt lat="48.833940" lon="8.539411">
        <ele>500.48352</ele>
        <time>2023-04-09T00:30:27.339Z</time>
      </trkpt>
      <trkpt lat="48.834097" lon="8.539475">
        <ele>501.193409</ele>
        <time>2023-04-09T00:30:33.901Z</time>
      </trkpt>
      <trkpt lat="48.834193" lon="8.539528">
        <ele>501.639476</ele>
        <time>2023-04-09T00:30:37.729Z</time>
      </trkpt>
      <trkpt lat="48.834696" lon="8.540009">
        <ele>502.612559</ele>
        <time>2023-04-09T00:30:58.179Z</time>
      </trkpt>
      <trkpt lat="48.835746" lon="8.540679">
        <ele>501.974998</ele>
        <time>2023-04-09T00:31:20.648Z</time>
      </trkpt>
      <trkpt lat="48.835914" lon="8.540811">
        <ele>501.869114</ele>
        <time>2023-04-09T00:31:23.898Z</time>
      </trkpt>
      <trkpt lat="48.835990" lon="8.540910">
        <ele>501.813069</ele>
        <time>2023-04-09T00:31:25.642Z</time>
      </trkpt>
      <trkpt lat="48.836182" lon="8.541213">
        <ele>501.433568</ele>
        <time>2023-04-09T00:31:30.487Z</time>
      </trkpt>
    </trkseg>
  </trk>
</gpx>