<?xml version="1.0" encoding="UTF-8" standalone="no" ?>
<gpx xmlns="http://www.topografix.com/GPX/1/1" xmlns:xsi="http://www.w3.org/2001/XMLSchema-instance" xsi:schemaLocation="http://www.topografix.com/GPX/1/1 http://www.topografix.com/GPX/1/1/gpx.xsd" version="1.1" creator="EditGPX">
  <metadata>
    <name>TK23</name>
  </metadata>
  <trk>
    <desc><![CDATA[DEVELOPED

DEVELOPED

DEVELOPED

DEVELOPED

DEVELOPED

DEVELOPED

DEVELOPED

DEVELOPED

DEVELOPED

DEVELOPED

DEVELOPED

DEVELOPED

DEVELOPED

DEVELOPED

DEVELOPED

DEVELOPED

DEVELOPED

DEVELOPED]]></desc>
    <trkseg>
      <trkpt lat="52.512512" lon="13.323584">
        <ele>34</ele>
      </trkpt>
      <trkpt lat="52.513505" lon="13.337617">
        <ele>34</ele>
        <extensions>
          <visugpx:TrkExtension xmlns:visugpx="https://www.visugpx.com/editgpx/">
            <visugpx:node>1</visugpx:node>
          </visugpx:TrkExtension>
        </extensions>
      </trkpt>
      <trkpt lat="52.513532" lon="13.338012">
        <ele>34</ele>
      </trkpt>
      <trkpt lat="52.513532" lon="13.338012">
        <ele>34</ele>
        <extensions>
          <visugpx:TrkExtension xmlns:visugpx="https://www.visugpx.com/editgpx/">
            <visugpx:node>2</visugpx:node>
          </visugpx:TrkExtension>
        </extensions>
      </trkpt>
      <trkpt lat="52.513547" lon="13.338230">
        <ele>33.9</ele>
      </trkpt>
      <trkpt lat="52.513697" lon="13.340364">
        <ele>34</ele>
      </trkpt>
      <trkpt lat="52.513820" lon="13.342131">
        <ele>33.5</ele>
      </trkpt>
      <trkpt lat="52.513984" lon="13.344530">
        <ele>34</ele>
      </trkpt>
      <trkpt lat="52.513997" lon="13.344716">
        <ele>34</ele>
      </trkpt>
      <trkpt lat="52.514117" lon="13.346415">
        <ele>33.6</ele>
      </trkpt>
      <trkpt lat="52.514177" lon="13.347301">
        <ele>34</ele>
      </trkpt>
      <trkpt lat="52.514245" lon="13.348258">
        <ele>34</ele>
      </trkpt>
      <trkpt lat="52.514227" lon="13.348316">
        <ele>34</ele>
      </trkpt>
      <trkpt lat="52.514214" lon="13.348359">
        <ele>34</ele>
      </trkpt>
      <trkpt lat="52.514217" lon="13.348403">
        <ele>34</ele>
      </trkpt>
      <trkpt lat="52.514224" lon="13.348488">
        <ele>34</ele>
      </trkpt>
      <trkpt lat="52.514224" lon="13.348529">
        <ele>34</ele>
      </trkpt>
      <trkpt lat="52.514223" lon="13.348556">
        <ele>34</ele>
      </trkpt>
      <trkpt lat="52.514217" lon="13.348618">
        <ele>34</ele>
      </trkpt>
      <trkpt lat="52.514200" lon="13.348686">
        <ele>34</ele>
      </trkpt>
      <trkpt lat="52.514179" lon="13.348755">
        <ele>34</ele>
      </trkpt>
      <trkpt lat="52.514161" lon="13.348802">
        <ele>34</ele>
      </trkpt>
      <trkpt lat="52.514117" lon="13.348882">
        <ele>34</ele>
      </trkpt>
      <trkpt lat="52.514076" lon="13.348933">
        <ele>34</ele>
      </trkpt>
      <trkpt lat="52.514027" lon="13.348983">
        <ele>34</ele>
      </trkpt>
      <trkpt lat="52.513953" lon="13.349076">
        <ele>34</ele>
      </trkpt>
      <trkpt lat="52.513917" lon="13.349138">
        <ele>34</ele>
      </trkpt>
      <trkpt lat="52.513860" lon="13.349244">
        <ele>34</ele>
      </trkpt>
      <trkpt lat="52.513848" lon="13.349262">
        <ele>34</ele>
      </trkpt>
      <trkpt lat="52.513838" lon="13.349283">
        <ele>34</ele>
      </trkpt>
      <trkpt lat="52.513815" lon="13.349337">
        <ele>34</ele>
      </trkpt>
      <trkpt lat="52.513779" lon="13.349439">
        <ele>34</ele>
      </trkpt>
      <trkpt lat="52.513735" lon="13.349583">
        <ele>34</ele>
      </trkpt>
      <trkpt lat="52.513711" lon="13.349699">
        <ele>34</ele>
      </trkpt>
      <trkpt lat="52.513690" lon="13.349852">
        <ele>34</ele>
      </trkpt>
      <trkpt lat="52.513682" lon="13.349946">
        <ele>34</ele>
      </trkpt>
      <trkpt lat="52.513680" lon="13.349975">
        <ele>34</ele>
      </trkpt>
      <trkpt lat="52.513683" lon="13.350005">
        <ele>34</ele>
      </trkpt>
      <trkpt lat="52.513684" lon="13.350031">
        <ele>34</ele>
      </trkpt>
      <trkpt lat="52.513692" lon="13.350080">
        <ele>34</ele>
      </trkpt>
      <trkpt lat="52.513693" lon="13.350086">
        <ele>34</ele>
      </trkpt>
      <trkpt lat="52.513701" lon="13.350174">
        <ele>34</ele>
      </trkpt>
      <trkpt lat="52.513709" lon="13.350262">
        <ele>34</ele>
      </trkpt>
      <trkpt lat="52.513717" lon="13.350346">
        <ele>34</ele>
      </trkpt>
      <trkpt lat="52.513724" lon="13.350423">
        <ele>34</ele>
      </trkpt>
      <trkpt lat="52.513732" lon="13.350507">
        <ele>34</ele>
      </trkpt>
      <trkpt lat="52.513733" lon="13.350517">
        <ele>34</ele>
      </trkpt>
      <trkpt lat="52.513737" lon="13.350564">
        <ele>34</ele>
      </trkpt>
      <trkpt lat="52.513737" lon="13.350603">
        <ele>34</ele>
      </trkpt>
      <trkpt lat="52.513761" lon="13.350699">
        <ele>34</ele>
      </trkpt>
      <trkpt lat="52.513796" lon="13.350807">
        <ele>34</ele>
      </trkpt>
      <trkpt lat="52.513851" lon="13.350939">
        <ele>34</ele>
      </trkpt>
      <trkpt lat="52.513920" lon="13.351069">
        <ele>34</ele>
      </trkpt>
      <trkpt lat="52.513981" lon="13.351154">
        <ele>34</ele>
      </trkpt>
      <trkpt lat="52.514036" lon="13.351222">
        <ele>34</ele>
      </trkpt>
      <trkpt lat="52.514098" lon="13.351285">
        <ele>34</ele>
      </trkpt>
      <trkpt lat="52.514178" lon="13.351352">
        <ele>34</ele>
      </trkpt>
      <trkpt lat="52.514305" lon="13.351465">
        <ele>34</ele>
      </trkpt>
      <trkpt lat="52.514339" lon="13.351507">
        <ele>34</ele>
      </trkpt>
      <trkpt lat="52.514366" lon="13.351547">
        <ele>34</ele>
      </trkpt>
      <trkpt lat="52.514396" lon="13.351613">
        <ele>34</ele>
      </trkpt>
      <trkpt lat="52.514418" lon="13.351670">
        <ele>34</ele>
      </trkpt>
      <trkpt lat="52.514447" lon="13.351754">
        <ele>34</ele>
      </trkpt>
      <trkpt lat="52.514475" lon="13.351747">
        <ele>34</ele>
      </trkpt>
      <trkpt lat="52.514477" lon="13.351746">
        <ele>34</ele>
      </trkpt>
      <trkpt lat="52.514543" lon="13.351736">
        <ele>34</ele>
      </trkpt>
      <trkpt lat="52.514477" lon="13.351746">
        <ele>34</ele>
      </trkpt>
      <trkpt lat="52.514475" lon="13.351747">
        <ele>34</ele>
      </trkpt>
      <trkpt lat="52.514447" lon="13.351754">
        <ele>34</ele>
      </trkpt>
      <trkpt lat="52.514462" lon="13.351821">
        <ele>34</ele>
      </trkpt>
      <trkpt lat="52.514483" lon="13.351907">
        <ele>34</ele>
      </trkpt>
      <trkpt lat="52.514491" lon="13.352040">
        <ele>34</ele>
      </trkpt>
      <trkpt lat="52.514651" lon="13.354499">
        <ele>33.7</ele>
      </trkpt>
      <trkpt lat="52.514679" lon="13.354973">
        <ele>33.8</ele>
      </trkpt>
      <trkpt lat="52.514950" lon="13.359195">
        <ele>33</ele>
      </trkpt>
      <trkpt lat="52.514995" lon="13.359890">
        <ele>33</ele>
      </trkpt>
      <trkpt lat="52.515023" lon="13.360317">
        <ele>33.1</ele>
      </trkpt>
      <trkpt lat="52.515058" lon="13.360929">
        <ele>33.8</ele>
      </trkpt>
      <trkpt lat="52.515141" lon="13.362362">
        <ele>33</ele>
      </trkpt>
      <trkpt lat="52.515269" lon="13.364228">
        <ele>34</ele>
      </trkpt>
      <trkpt lat="52.515330" lon="13.365125">
        <ele>34</ele>
      </trkpt>
      <trkpt lat="52.515397" lon="13.366175">
        <ele>33.4</ele>
      </trkpt>
      <trkpt lat="52.515574" lon="13.368970">
        <ele>34</ele>
      </trkpt>
      <trkpt lat="52.515616" lon="13.369591">
        <ele>34</ele>
      </trkpt>
      <trkpt lat="52.515621" lon="13.369665">
        <ele>34</ele>
      </trkpt>
      <trkpt lat="52.515668" lon="13.370049">
        <ele>34</ele>
      </trkpt>
      <trkpt lat="52.515729" lon="13.370105">
        <ele>34</ele>
      </trkpt>
      <trkpt lat="52.515731" lon="13.370149">
        <ele>34</ele>
      </trkpt>
      <trkpt lat="52.515807" lon="13.371302">
        <ele>34</ele>
      </trkpt>
      <trkpt lat="52.515855" lon="13.372033">
        <ele>34</ele>
      </trkpt>
      <trkpt lat="52.516140" lon="13.376480">
        <ele>34.1</ele>
      </trkpt>
      <trkpt lat="52.516145" lon="13.376564">
        <ele>34.1</ele>
      </trkpt>
      <trkpt lat="52.516150" lon="13.376641">
        <ele>34.1</ele>
      </trkpt>
      <trkpt lat="52.516152" lon="13.376669">
        <ele>34.2</ele>
      </trkpt>
      <trkpt lat="52.516156" lon="13.376726">
        <ele>34.3</ele>
      </trkpt>
      <trkpt lat="52.516160" lon="13.376794">
        <ele>34.6</ele>
      </trkpt>
      <trkpt lat="52.516169" lon="13.376916">
        <ele>34.9</ele>
      </trkpt>
      <trkpt lat="52.516223" lon="13.376900">
        <ele>34.9</ele>
      </trkpt>
      <trkpt lat="52.516276" lon="13.376892">
        <ele>34.9</ele>
      </trkpt>
      <trkpt lat="52.516265" lon="13.376706">
        <ele>34.6</ele>
      </trkpt>
      <trkpt lat="52.516261" lon="13.376644">
        <ele>34.5</ele>
      </trkpt>
      <trkpt lat="52.516260" lon="13.376625">
        <ele>34.5</ele>
      </trkpt>
      <trkpt lat="52.516254" lon="13.376541">
        <ele>34.5</ele>
      </trkpt>
      <trkpt lat="52.516251" lon="13.376490">
        <ele>34.5</ele>
      </trkpt>
      <trkpt lat="52.516229" lon="13.376139">
        <ele>34.9</ele>
      </trkpt>
      <trkpt lat="52.516203" lon="13.375726">
        <ele>35</ele>
      </trkpt>
      <trkpt lat="52.516052" lon="13.373368">
        <ele>34</ele>
      </trkpt>
      <trkpt lat="52.515967" lon="13.372030">
        <ele>34</ele>
      </trkpt>
      <trkpt lat="52.515924" lon="13.372031">
        <ele>34</ele>
      </trkpt>
      <trkpt lat="52.515893" lon="13.372032">
        <ele>34</ele>
      </trkpt>
      <trkpt lat="52.515855" lon="13.372033">
        <ele>34</ele>
      </trkpt>
      <trkpt lat="52.516140" lon="13.376480">
        <ele>34.1</ele>
      </trkpt>
      <trkpt lat="52.516145" lon="13.376564">
        <ele>34.1</ele>
      </trkpt>
      <trkpt lat="52.516150" lon="13.376641">
        <ele>34.1</ele>
      </trkpt>
      <trkpt lat="52.516152" lon="13.376669">
        <ele>34.2</ele>
      </trkpt>
      <trkpt lat="52.516156" lon="13.376726">
        <ele>34.3</ele>
      </trkpt>
      <trkpt lat="52.516089" lon="13.376752">
        <ele>34.4</ele>
      </trkpt>
      <trkpt lat="52.516076" lon="13.376758">
        <ele>34.4</ele>
      </trkpt>
      <trkpt lat="52.516030" lon="13.376795">
        <ele>34.6</ele>
      </trkpt>
      <trkpt lat="52.515995" lon="13.376837">
        <ele>34.8</ele>
      </trkpt>
      <trkpt lat="52.515982" lon="13.376854">
        <ele>34.8</ele>
      </trkpt>
      <trkpt lat="52.515951" lon="13.376902">
        <ele>34.9</ele>
      </trkpt>
      <trkpt lat="52.515917" lon="13.376973">
        <ele>34.9</ele>
      </trkpt>
      <trkpt lat="52.515885" lon="13.377072">
        <ele>34.6</ele>
      </trkpt>
      <trkpt lat="52.515828" lon="13.377229">
        <ele>34</ele>
      </trkpt>
      <trkpt lat="52.515779" lon="13.377318">
        <ele>34.4</ele>
      </trkpt>
      <trkpt lat="52.515750" lon="13.377366">
        <ele>34.5</ele>
      </trkpt>
      <trkpt lat="52.515713" lon="13.377410">
        <ele>34.5</ele>
      </trkpt>
      <trkpt lat="52.515677" lon="13.377436">
        <ele>34.5</ele>
      </trkpt>
      <trkpt lat="52.515641" lon="13.377453">
        <ele>34.4</ele>
      </trkpt>
      <trkpt lat="52.515588" lon="13.377464">
        <ele>34.2</ele>
      </trkpt>
      <trkpt lat="52.515535" lon="13.377465">
        <ele>34.1</ele>
      </trkpt>
      <trkpt lat="52.515391" lon="13.377456">
        <ele>34.2</ele>
      </trkpt>
      <trkpt lat="52.514719" lon="13.377361">
        <ele>34</ele>
      </trkpt>
      <trkpt lat="52.514590" lon="13.377353">
        <ele>34</ele>
      </trkpt>
      <trkpt lat="52.514459" lon="13.377342">
        <ele>34</ele>
      </trkpt>
      <trkpt lat="52.514434" lon="13.377340">
        <ele>34</ele>
      </trkpt>
      <trkpt lat="52.514289" lon="13.377309">
        <ele>34</ele>
      </trkpt>
      <trkpt lat="52.513628" lon="13.377170">
        <ele>34</ele>
      </trkpt>
      <trkpt lat="52.513221" lon="13.377084">
        <ele>34</ele>
      </trkpt>
      <trkpt lat="52.513182" lon="13.377077">
        <ele>34</ele>
      </trkpt>
      <trkpt lat="52.513036" lon="13.377057">
        <ele>34</ele>
      </trkpt>
      <trkpt lat="52.512864" lon="13.377044">
        <ele>34</ele>
      </trkpt>
      <trkpt lat="52.512628" lon="13.377033">
        <ele>34</ele>
      </trkpt>
      <trkpt lat="52.512622" lon="13.377033">
        <ele>34</ele>
      </trkpt>
      <trkpt lat="52.512588" lon="13.377031">
        <ele>34</ele>
      </trkpt>
      <trkpt lat="52.512554" lon="13.377030">
        <ele>34</ele>
      </trkpt>
      <trkpt lat="52.512472" lon="13.377026">
        <ele>34</ele>
      </trkpt>
      <trkpt lat="52.512358" lon="13.377029">
        <ele>34</ele>
      </trkpt>
      <trkpt lat="52.512269" lon="13.377018">
        <ele>34</ele>
      </trkpt>
      <trkpt lat="52.512219" lon="13.377014">
        <ele>34</ele>
      </trkpt>
      <trkpt lat="52.511001" lon="13.376752">
        <ele>34.8</ele>
      </trkpt>
      <trkpt lat="52.510758" lon="13.376699">
        <ele>35</ele>
      </trkpt>
      <trkpt lat="52.510731" lon="13.376286">
        <ele>35</ele>
      </trkpt>
      <trkpt lat="52.510758" lon="13.376699">
        <ele>35</ele>
      </trkpt>
      <trkpt lat="52.510724" lon="13.376693">
        <ele>35</ele>
      </trkpt>
      <trkpt lat="52.510695" lon="13.376686">
        <ele>35</ele>
      </trkpt>
      <trkpt lat="52.510241" lon="13.376586">
        <ele>35</ele>
      </trkpt>
      <trkpt lat="52.510098" lon="13.376560">
        <ele>35</ele>
      </trkpt>
      <trkpt lat="52.509964" lon="13.376544">
        <ele>35</ele>
      </trkpt>
      <trkpt lat="52.509767" lon="13.376559">
        <ele>35</ele>
      </trkpt>
      <trkpt lat="52.509749" lon="13.376561">
        <ele>35</ele>
      </trkpt>
      <trkpt lat="52.509707" lon="13.376564">
        <ele>35</ele>
        <extensions>
          <visugpx:TrkExtension xmlns:visugpx="https://www.visugpx.com/editgpx/">
            <visugpx:node>3</visugpx:node>
          </visugpx:TrkExtension>
        </extensions>
      </trkpt>
      <trkpt lat="52.509279" lon="13.376600">
        <ele>35</ele>
        <extensions>
          <visugpx:TrkExtension xmlns:visugpx="https://www.visugpx.com/editgpx/">
            <visugpx:node>4</visugpx:node>
          </visugpx:TrkExtension>
        </extensions>
      </trkpt>
      <trkpt lat="52.509089" lon="13.376645">
        <ele>35</ele>
      </trkpt>
      <trkpt lat="52.509010" lon="13.376665">
        <ele>35</ele>
      </trkpt>
      <trkpt lat="52.508935" lon="13.376703">
        <ele>35</ele>
      </trkpt>
      <trkpt lat="52.508882" lon="13.376741">
        <ele>35</ele>
      </trkpt>
      <trkpt lat="52.508770" lon="13.376834">
        <ele>35</ele>
      </trkpt>
      <trkpt lat="52.508710" lon="13.376908">
        <ele>35</ele>
      </trkpt>
      <trkpt lat="52.508577" lon="13.377079">
        <ele>35</ele>
      </trkpt>
      <trkpt lat="52.508338" lon="13.377360">
        <ele>35</ele>
      </trkpt>
      <trkpt lat="52.508073" lon="13.377683">
        <ele>35</ele>
      </trkpt>
      <trkpt lat="52.507946" lon="13.377838">
        <ele>34.9</ele>
      </trkpt>
      <trkpt lat="52.507841" lon="13.377968">
        <ele>34.8</ele>
      </trkpt>
      <trkpt lat="52.507710" lon="13.378131">
        <ele>35</ele>
      </trkpt>
      <trkpt lat="52.507516" lon="13.378373">
        <ele>35</ele>
      </trkpt>
      <trkpt lat="52.507398" lon="13.378522">
        <ele>34.8</ele>
      </trkpt>
      <trkpt lat="52.507063" lon="13.378962">
        <ele>34.4</ele>
      </trkpt>
      <trkpt lat="52.506978" lon="13.379075">
        <ele>34.1</ele>
      </trkpt>
      <trkpt lat="52.507015" lon="13.379164">
        <ele>34.3</ele>
      </trkpt>
      <trkpt lat="52.507049" lon="13.379296">
        <ele>34.4</ele>
      </trkpt>
      <trkpt lat="52.507082" lon="13.379887">
        <ele>34.5</ele>
      </trkpt>
      <trkpt lat="52.507085" lon="13.379942">
        <ele>34.5</ele>
      </trkpt>
      <trkpt lat="52.507131" lon="13.380786">
        <ele>34.7</ele>
      </trkpt>
      <trkpt lat="52.507139" lon="13.380913">
        <ele>34.7</ele>
      </trkpt>
      <trkpt lat="52.507157" lon="13.381206">
        <ele>34.8</ele>
      </trkpt>
      <trkpt lat="52.507165" lon="13.381329">
        <ele>34.8</ele>
      </trkpt>
      <trkpt lat="52.507173" lon="13.381458">
        <ele>34.9</ele>
      </trkpt>
      <trkpt lat="52.507220" lon="13.382231">
        <ele>35</ele>
      </trkpt>
      <trkpt lat="52.507230" lon="13.382391">
        <ele>35</ele>
      </trkpt>
      <trkpt lat="52.507235" lon="13.382472">
        <ele>34.9</ele>
      </trkpt>
      <trkpt lat="52.507321" lon="13.383775">
        <ele>34.6</ele>
      </trkpt>
      <trkpt lat="52.507421" lon="13.385322">
        <ele>34.8</ele>
      </trkpt>
      <trkpt lat="52.507425" lon="13.385383">
        <ele>34.8</ele>
      </trkpt>
      <trkpt lat="52.507433" lon="13.385533">
        <ele>35</ele>
      </trkpt>
      <trkpt lat="52.507440" lon="13.385700">
        <ele>35</ele>
      </trkpt>
      <trkpt lat="52.507445" lon="13.385782">
        <ele>35</ele>
      </trkpt>
      <trkpt lat="52.507462" lon="13.386137">
        <ele>35</ele>
      </trkpt>
      <trkpt lat="52.507470" lon="13.386281">
        <ele>35.1</ele>
      </trkpt>
      <trkpt lat="52.507510" lon="13.386995">
        <ele>35</ele>
      </trkpt>
      <trkpt lat="52.507510" lon="13.387003">
        <ele>35</ele>
      </trkpt>
      <trkpt lat="52.507543" lon="13.387613">
        <ele>34.7</ele>
      </trkpt>
      <trkpt lat="52.507548" lon="13.387717">
        <ele>34.9</ele>
      </trkpt>
      <trkpt lat="52.507560" lon="13.387944">
        <ele>35</ele>
      </trkpt>
      <trkpt lat="52.507592" lon="13.388501">
        <ele>35</ele>
      </trkpt>
      <trkpt lat="52.507609" lon="13.388814">
        <ele>35</ele>
      </trkpt>
      <trkpt lat="52.507639" lon="13.389340">
        <ele>35</ele>
      </trkpt>
      <trkpt lat="52.507660" lon="13.389708">
        <ele>35</ele>
      </trkpt>
      <trkpt lat="52.507689" lon="13.390220">
        <ele>35</ele>
      </trkpt>
      <trkpt lat="52.507696" lon="13.390346">
        <ele>35</ele>
      </trkpt>
      <trkpt lat="52.507703" lon="13.390463">
        <ele>35</ele>
      </trkpt>
      <trkpt lat="52.507704" lon="13.390477">
        <ele>35</ele>
      </trkpt>
      <trkpt lat="52.507801" lon="13.392114">
        <ele>35</ele>
      </trkpt>
      <trkpt lat="52.507809" lon="13.392260">
        <ele>35</ele>
      </trkpt>
      <trkpt lat="52.507818" lon="13.392408">
        <ele>35</ele>
      </trkpt>
      <trkpt lat="52.507832" lon="13.392653">
        <ele>35</ele>
      </trkpt>
      <trkpt lat="52.507838" lon="13.392754">
        <ele>35</ele>
      </trkpt>
      <trkpt lat="52.507842" lon="13.392818">
        <ele>35</ele>
      </trkpt>
      <trkpt lat="52.507854" lon="13.393026">
        <ele>35</ele>
      </trkpt>
      <trkpt lat="52.507892" lon="13.393658">
        <ele>34.9</ele>
      </trkpt>
      <trkpt lat="52.507924" lon="13.394211">
        <ele>34</ele>
      </trkpt>
      <trkpt lat="52.507637" lon="13.394259">
        <ele>34.2</ele>
      </trkpt>
      <trkpt lat="52.507524" lon="13.394278">
        <ele>34.4</ele>
      </trkpt>
      <trkpt lat="52.507381" lon="13.394301">
        <ele>34.7</ele>
      </trkpt>
      <trkpt lat="52.507019" lon="13.394362">
        <ele>35</ele>
      </trkpt>
      <trkpt lat="52.506955" lon="13.394373">
        <ele>35</ele>
      </trkpt>
      <trkpt lat="52.506943" lon="13.394178">
        <ele>35</ele>
      </trkpt>
      <trkpt lat="52.506935" lon="13.394058">
        <ele>35</ele>
      </trkpt>
      <trkpt lat="52.506943" lon="13.394178">
        <ele>35</ele>
      </trkpt>
      <trkpt lat="52.506955" lon="13.394373">
        <ele>35</ele>
      </trkpt>
      <trkpt lat="52.507019" lon="13.394362">
        <ele>35</ele>
      </trkpt>
      <trkpt lat="52.507381" lon="13.394301">
        <ele>34.7</ele>
      </trkpt>
      <trkpt lat="52.507524" lon="13.394278">
        <ele>34.4</ele>
      </trkpt>
      <trkpt lat="52.507637" lon="13.394259">
        <ele>34.2</ele>
      </trkpt>
      <trkpt lat="52.507924" lon="13.394211">
        <ele>34</ele>
      </trkpt>
      <trkpt lat="52.507965" lon="13.394906">
        <ele>35</ele>
      </trkpt>
      <trkpt lat="52.507976" lon="13.395083">
        <ele>34.8</ele>
      </trkpt>
      <trkpt lat="52.508002" lon="13.395529">
        <ele>34.2</ele>
      </trkpt>
      <trkpt lat="52.508018" lon="13.395806">
        <ele>34.1</ele>
      </trkpt>
      <trkpt lat="52.508052" lon="13.396371">
        <ele>34</ele>
      </trkpt>
      <trkpt lat="52.508066" lon="13.396624">
        <ele>34</ele>
      </trkpt>
      <trkpt lat="52.508093" lon="13.397071">
        <ele>34.5</ele>
      </trkpt>
      <trkpt lat="52.508100" lon="13.397199">
        <ele>34.9</ele>
      </trkpt>
      <trkpt lat="52.508127" lon="13.397645">
        <ele>34.6</ele>
      </trkpt>
      <trkpt lat="52.508202" lon="13.398878">
        <ele>34</ele>
      </trkpt>
      <trkpt lat="52.508174" lon="13.399081">
        <ele>34</ele>
      </trkpt>
      <trkpt lat="52.508254" lon="13.399139">
        <ele>34</ele>
      </trkpt>
      <trkpt lat="52.508442" lon="13.399260">
        <ele>34</ele>
      </trkpt>
      <trkpt lat="52.508491" lon="13.399296">
        <ele>34</ele>
      </trkpt>
      <trkpt lat="52.508645" lon="13.399410">
        <ele>34</ele>
      </trkpt>
      <trkpt lat="52.508840" lon="13.399554">
        <ele>34</ele>
      </trkpt>
      <trkpt lat="52.508894" lon="13.399594">
        <ele>34</ele>
      </trkpt>
      <trkpt lat="52.508992" lon="13.399717">
        <ele>34</ele>
      </trkpt>
      <trkpt lat="52.509091" lon="13.399786">
        <ele>34</ele>
      </trkpt>
      <trkpt lat="52.509201" lon="13.399867">
        <ele>34</ele>
      </trkpt>
      <trkpt lat="52.509444" lon="13.400048">
        <ele>34</ele>
      </trkpt>
      <trkpt lat="52.509522" lon="13.400105">
        <ele>34.2</ele>
      </trkpt>
      <trkpt lat="52.509410" lon="13.400427">
        <ele>34.1</ele>
      </trkpt>
      <trkpt lat="52.509193" lon="13.401060">
        <ele>35</ele>
      </trkpt>
      <trkpt lat="52.508673" lon="13.402569">
        <ele>35</ele>
      </trkpt>
      <trkpt lat="52.508491" lon="13.403080">
        <ele>35</ele>
      </trkpt>
      <trkpt lat="52.508308" lon="13.403564">
        <ele>35</ele>
      </trkpt>
      <trkpt lat="52.508206" lon="13.403819">
        <ele>35</ele>
      </trkpt>
      <trkpt lat="52.507940" lon="13.404435">
        <ele>34.6</ele>
      </trkpt>
      <trkpt lat="52.507869" lon="13.404487">
        <ele>34.4</ele>
      </trkpt>
      <trkpt lat="52.507903" lon="13.404548">
        <ele>34.5</ele>
      </trkpt>
      <trkpt lat="52.508220" lon="13.405113">
        <ele>34.4</ele>
      </trkpt>
      <trkpt lat="52.508316" lon="13.405285">
        <ele>34</ele>
      </trkpt>
      <trkpt lat="52.508327" lon="13.405304">
        <ele>34</ele>
      </trkpt>
      <trkpt lat="52.508248" lon="13.405363">
        <ele>34</ele>
      </trkpt>
      <trkpt lat="52.508055" lon="13.405616">
        <ele>34.2</ele>
      </trkpt>
      <trkpt lat="52.507897" lon="13.405823">
        <ele>34.4</ele>
      </trkpt>
      <trkpt lat="52.507703" lon="13.406078">
        <ele>34</ele>
      </trkpt>
      <trkpt lat="52.507447" lon="13.406417">
        <ele>34</ele>
      </trkpt>
      <trkpt lat="52.507278" lon="13.406640">
        <ele>34</ele>
      </trkpt>
      <trkpt lat="52.507192" lon="13.406752">
        <ele>34.1</ele>
      </trkpt>
      <trkpt lat="52.506956" lon="13.407054">
        <ele>34</ele>
      </trkpt>
      <trkpt lat="52.506812" lon="13.407238">
        <ele>34</ele>
      </trkpt>
      <trkpt lat="52.506755" lon="13.407313">
        <ele>34.1</ele>
      </trkpt>
      <trkpt lat="52.506597" lon="13.407522">
        <ele>34.3</ele>
      </trkpt>
      <trkpt lat="52.506311" lon="13.407916">
        <ele>35</ele>
      </trkpt>
      <trkpt lat="52.506268" lon="13.407995">
        <ele>35</ele>
      </trkpt>
      <trkpt lat="52.506291" lon="13.408067">
        <ele>35</ele>
      </trkpt>
      <trkpt lat="52.506308" lon="13.408120">
        <ele>35</ele>
      </trkpt>
      <trkpt lat="52.506469" lon="13.408538">
        <ele>35</ele>
      </trkpt>
      <trkpt lat="52.506569" lon="13.408799">
        <ele>35</ele>
      </trkpt>
      <trkpt lat="52.506713" lon="13.409170">
        <ele>35</ele>
      </trkpt>
      <trkpt lat="52.506764" lon="13.409302">
        <ele>35</ele>
      </trkpt>
      <trkpt lat="52.507034" lon="13.410003">
        <ele>35</ele>
      </trkpt>
      <trkpt lat="52.506885" lon="13.410120">
        <ele>35</ele>
      </trkpt>
      <trkpt lat="52.506681" lon="13.410269">
        <ele>35</ele>
      </trkpt>
      <trkpt lat="52.505774" lon="13.410930">
        <ele>35.3</ele>
      </trkpt>
      <trkpt lat="52.505127" lon="13.411416">
        <ele>35</ele>
      </trkpt>
      <trkpt lat="52.505052" lon="13.411464">
        <ele>35</ele>
      </trkpt>
      <trkpt lat="52.504974" lon="13.411516">
        <ele>35</ele>
      </trkpt>
      <trkpt lat="52.504909" lon="13.411720">
        <ele>35</ele>
      </trkpt>
      <trkpt lat="52.504403" lon="13.413215">
        <ele>35</ele>
      </trkpt>
      <trkpt lat="52.504093" lon="13.414148">
        <ele>35</ele>
      </trkpt>
      <trkpt lat="52.504069" lon="13.414257">
        <ele>35</ele>
      </trkpt>
      <trkpt lat="52.504129" lon="13.414325">
        <ele>35</ele>
      </trkpt>
      <trkpt lat="52.504240" lon="13.414420">
        <ele>35</ele>
      </trkpt>
      <trkpt lat="52.504394" lon="13.414550">
        <ele>35</ele>
      </trkpt>
      <trkpt lat="52.504603" lon="13.414721">
        <ele>35</ele>
      </trkpt>
      <trkpt lat="52.504677" lon="13.414717">
        <ele>35</ele>
      </trkpt>
      <trkpt lat="52.504851" lon="13.414717">
        <ele>35</ele>
      </trkpt>
      <trkpt lat="52.504812" lon="13.414950">
        <ele>35</ele>
      </trkpt>
      <trkpt lat="52.504787" lon="13.415043">
        <ele>35</ele>
      </trkpt>
      <trkpt lat="52.504769" lon="13.415108">
        <ele>35</ele>
      </trkpt>
      <trkpt lat="52.504694" lon="13.415377">
        <ele>35</ele>
      </trkpt>
      <trkpt lat="52.504636" lon="13.415586">
        <ele>35.1</ele>
      </trkpt>
      <trkpt lat="52.504545" lon="13.415915">
        <ele>35.3</ele>
      </trkpt>
      <trkpt lat="52.504429" lon="13.416333">
        <ele>35</ele>
      </trkpt>
      <trkpt lat="52.504417" lon="13.416378">
        <ele>35</ele>
      </trkpt>
      <trkpt lat="52.504314" lon="13.416749">
        <ele>34.9</ele>
      </trkpt>
      <trkpt lat="52.504288" lon="13.416846">
        <ele>34.6</ele>
      </trkpt>
      <trkpt lat="52.504240" lon="13.417026">
        <ele>34.1</ele>
      </trkpt>
      <trkpt lat="52.504179" lon="13.417266">
        <ele>34.1</ele>
      </trkpt>
      <trkpt lat="52.504139" lon="13.417431">
        <ele>34.8</ele>
      </trkpt>
      <trkpt lat="52.504201" lon="13.417475">
        <ele>34.8</ele>
      </trkpt>
      <trkpt lat="52.504317" lon="13.417558">
        <ele>34.6</ele>
      </trkpt>
      <trkpt lat="52.504687" lon="13.417823">
        <ele>34.3</ele>
      </trkpt>
      <trkpt lat="52.504835" lon="13.417929">
        <ele>34.4</ele>
      </trkpt>
      <trkpt lat="52.504963" lon="13.418021">
        <ele>34.8</ele>
      </trkpt>
      <trkpt lat="52.504986" lon="13.418045">
        <ele>34.9</ele>
      </trkpt>
      <trkpt lat="52.505037" lon="13.418099">
        <ele>34.7</ele>
      </trkpt>
      <trkpt lat="52.505068" lon="13.418254">
        <ele>34.3</ele>
      </trkpt>
      <trkpt lat="52.505072" lon="13.418383">
        <ele>34.2</ele>
      </trkpt>
      <trkpt lat="52.505078" lon="13.418557">
        <ele>34.2</ele>
      </trkpt>
      <trkpt lat="52.505107" lon="13.418722">
        <ele>34.3</ele>
      </trkpt>
      <trkpt lat="52.505119" lon="13.418756">
        <ele>34.4</ele>
      </trkpt>
      <trkpt lat="52.505154" lon="13.418853">
        <ele>34.8</ele>
      </trkpt>
      <trkpt lat="52.505259" lon="13.418979">
        <ele>35</ele>
      </trkpt>
      <trkpt lat="52.505292" lon="13.419019">
        <ele>34.9</ele>
      </trkpt>
      <trkpt lat="52.505700" lon="13.419333">
        <ele>34.6</ele>
      </trkpt>
      <trkpt lat="52.505748" lon="13.419366">
        <ele>34.6</ele>
      </trkpt>
      <trkpt lat="52.505722" lon="13.419462">
        <ele>35</ele>
      </trkpt>
      <trkpt lat="52.505641" lon="13.419785">
        <ele>34.9</ele>
      </trkpt>
      <trkpt lat="52.505599" lon="13.419933">
        <ele>34.9</ele>
      </trkpt>
      <trkpt lat="52.505468" lon="13.420401">
        <ele>34</ele>
      </trkpt>
      <trkpt lat="52.505406" lon="13.420622">
        <ele>34.1</ele>
      </trkpt>
      <trkpt lat="52.505235" lon="13.421225">
        <ele>34.7</ele>
      </trkpt>
      <trkpt lat="52.505218" lon="13.421293">
        <ele>34.5</ele>
      </trkpt>
      <trkpt lat="52.505150" lon="13.421602">
        <ele>34.5</ele>
      </trkpt>
      <trkpt lat="52.505120" lon="13.421866">
        <ele>34.9</ele>
      </trkpt>
      <trkpt lat="52.505109" lon="13.421987">
        <ele>35</ele>
      </trkpt>
      <trkpt lat="52.505097" lon="13.422116">
        <ele>35</ele>
      </trkpt>
      <trkpt lat="52.505081" lon="13.422339">
        <ele>34.9</ele>
      </trkpt>
      <trkpt lat="52.505069" lon="13.422509">
        <ele>34.8</ele>
      </trkpt>
      <trkpt lat="52.505063" lon="13.422942">
        <ele>34.8</ele>
      </trkpt>
      <trkpt lat="52.505067" lon="13.423284">
        <ele>34.6</ele>
      </trkpt>
      <trkpt lat="52.505081" lon="13.423654">
        <ele>34.4</ele>
      </trkpt>
      <trkpt lat="52.505101" lon="13.423897">
        <ele>34.3</ele>
      </trkpt>
      <trkpt lat="52.505167" lon="13.424426">
        <ele>33.4</ele>
      </trkpt>
      <trkpt lat="52.505211" lon="13.424699">
        <ele>34.2</ele>
      </trkpt>
      <trkpt lat="52.505285" lon="13.425036">
        <ele>34.9</ele>
      </trkpt>
      <trkpt lat="52.505379" lon="13.425389">
        <ele>34.3</ele>
      </trkpt>
      <trkpt lat="52.505515" lon="13.425822">
        <ele>34.9</ele>
      </trkpt>
      <trkpt lat="52.505690" lon="13.426266">
        <ele>34.8</ele>
      </trkpt>
      <trkpt lat="52.505800" lon="13.426495">
        <ele>35</ele>
      </trkpt>
      <trkpt lat="52.505863" lon="13.426614">
        <ele>34.9</ele>
      </trkpt>
      <trkpt lat="52.506006" lon="13.426870">
        <ele>34.8</ele>
      </trkpt>
      <trkpt lat="52.506259" lon="13.427277">
        <ele>34.6</ele>
      </trkpt>
      <trkpt lat="52.506445" lon="13.427512">
        <ele>34.8</ele>
      </trkpt>
      <trkpt lat="52.506639" lon="13.427722">
        <ele>34.8</ele>
      </trkpt>
      <trkpt lat="52.506840" lon="13.427885">
        <ele>35</ele>
      </trkpt>
      <trkpt lat="52.506952" lon="13.427971">
        <ele>35</ele>
      </trkpt>
      <trkpt lat="52.506984" lon="13.427996">
        <ele>35</ele>
      </trkpt>
      <trkpt lat="52.507104" lon="13.428081">
        <ele>35</ele>
      </trkpt>
      <trkpt lat="52.507217" lon="13.428168">
        <ele>35</ele>
      </trkpt>
      <trkpt lat="52.507249" lon="13.428191">
        <ele>35</ele>
      </trkpt>
      <trkpt lat="52.507353" lon="13.428259">
        <ele>35</ele>
      </trkpt>
      <trkpt lat="52.507304" lon="13.428387">
        <ele>35</ele>
      </trkpt>
      <trkpt lat="52.507281" lon="13.428447">
        <ele>35</ele>
      </trkpt>
      <trkpt lat="52.507228" lon="13.428577">
        <ele>35</ele>
      </trkpt>
      <trkpt lat="52.507138" lon="13.428782">
        <ele>35</ele>
      </trkpt>
      <trkpt lat="52.507081" lon="13.428902">
        <ele>35</ele>
      </trkpt>
      <trkpt lat="52.506976" lon="13.429123">
        <ele>35</ele>
      </trkpt>
      <trkpt lat="52.506905" lon="13.429293">
        <ele>35</ele>
      </trkpt>
      <trkpt lat="52.506881" lon="13.429349">
        <ele>35</ele>
      </trkpt>
      <trkpt lat="52.506719" lon="13.429726">
        <ele>35</ele>
      </trkpt>
      <trkpt lat="52.506579" lon="13.430058">
        <ele>35</ele>
      </trkpt>
      <trkpt lat="52.506549" lon="13.430127">
        <ele>35</ele>
      </trkpt>
      <trkpt lat="52.506313" lon="13.430680">
        <ele>35</ele>
      </trkpt>
      <trkpt lat="52.506196" lon="13.430954">
        <ele>35</ele>
      </trkpt>
      <trkpt lat="52.506087" lon="13.431204">
        <ele>35</ele>
      </trkpt>
      <trkpt lat="52.506062" lon="13.431261">
        <ele>35</ele>
      </trkpt>
      <trkpt lat="52.505957" lon="13.431494">
        <ele>35</ele>
      </trkpt>
      <trkpt lat="52.505839" lon="13.431778">
        <ele>35</ele>
      </trkpt>
      <trkpt lat="52.505809" lon="13.431850">
        <ele>35</ele>
      </trkpt>
      <trkpt lat="52.505754" lon="13.431976">
        <ele>35</ele>
      </trkpt>
      <trkpt lat="52.505665" lon="13.432183">
        <ele>35</ele>
      </trkpt>
      <trkpt lat="52.505606" lon="13.432322">
        <ele>35</ele>
      </trkpt>
      <trkpt lat="52.505543" lon="13.432468">
        <ele>35</ele>
      </trkpt>
      <trkpt lat="52.505457" lon="13.432667">
        <ele>35</ele>
      </trkpt>
      <trkpt lat="52.505371" lon="13.432868">
        <ele>35</ele>
      </trkpt>
      <trkpt lat="52.505148" lon="13.433389">
        <ele>35</ele>
      </trkpt>
      <trkpt lat="52.505007" lon="13.433718">
        <ele>35</ele>
      </trkpt>
      <trkpt lat="52.504762" lon="13.434284">
        <ele>35</ele>
      </trkpt>
      <trkpt lat="52.504625" lon="13.434603">
        <ele>35</ele>
      </trkpt>
      <trkpt lat="52.504593" lon="13.434679">
        <ele>35</ele>
      </trkpt>
      <trkpt lat="52.504544" lon="13.434795">
        <ele>35</ele>
      </trkpt>
      <trkpt lat="52.504463" lon="13.434979">
        <ele>35</ele>
      </trkpt>
      <trkpt lat="52.504433" lon="13.435048">
        <ele>35</ele>
      </trkpt>
      <trkpt lat="52.504402" lon="13.435120">
        <ele>35</ele>
      </trkpt>
      <trkpt lat="52.504377" lon="13.435176">
        <ele>35</ele>
      </trkpt>
      <trkpt lat="52.504367" lon="13.435199">
        <ele>35</ele>
      </trkpt>
      <trkpt lat="52.504346" lon="13.435248">
        <ele>35</ele>
      </trkpt>
      <trkpt lat="52.504325" lon="13.435297">
        <ele>35</ele>
      </trkpt>
      <trkpt lat="52.504224" lon="13.435537">
        <ele>34.3</ele>
      </trkpt>
      <trkpt lat="52.504184" lon="13.435633">
        <ele>34.1</ele>
      </trkpt>
      <trkpt lat="52.504158" lon="13.435695">
        <ele>34</ele>
      </trkpt>
      <trkpt lat="52.504057" lon="13.435937">
        <ele>34.5</ele>
      </trkpt>
      <trkpt lat="52.503902" lon="13.436299">
        <ele>34</ele>
      </trkpt>
      <trkpt lat="52.503657" lon="13.436878">
        <ele>34.2</ele>
      </trkpt>
      <trkpt lat="52.503497" lon="13.437226">
        <ele>34.6</ele>
      </trkpt>
      <trkpt lat="52.503432" lon="13.437368">
        <ele>34.2</ele>
      </trkpt>
      <trkpt lat="52.503374" lon="13.437497">
        <ele>34</ele>
      </trkpt>
      <trkpt lat="52.503232" lon="13.437808">
        <ele>34.4</ele>
      </trkpt>
      <trkpt lat="52.503103" lon="13.438058">
        <ele>34.2</ele>
      </trkpt>
      <trkpt lat="52.503097" lon="13.438070">
        <ele>34.2</ele>
      </trkpt>
      <trkpt lat="52.502999" lon="13.438259">
        <ele>34.8</ele>
      </trkpt>
      <trkpt lat="52.502973" lon="13.438310">
        <ele>34.9</ele>
      </trkpt>
      <trkpt lat="52.502899" lon="13.438452">
        <ele>35</ele>
      </trkpt>
      <trkpt lat="52.502869" lon="13.438511">
        <ele>35</ele>
      </trkpt>
      <trkpt lat="52.502794" lon="13.438655">
        <ele>35</ele>
      </trkpt>
      <trkpt lat="52.502634" lon="13.438967">
        <ele>34.9</ele>
      </trkpt>
      <trkpt lat="52.502529" lon="13.439171">
        <ele>34.9</ele>
      </trkpt>
      <trkpt lat="52.502450" lon="13.439324">
        <ele>35</ele>
      </trkpt>
      <trkpt lat="52.502324" lon="13.439566">
        <ele>35</ele>
      </trkpt>
      <trkpt lat="52.502263" lon="13.439686">
        <ele>35</ele>
      </trkpt>
      <trkpt lat="52.502188" lon="13.439831">
        <ele>35</ele>
      </trkpt>
      <trkpt lat="52.502022" lon="13.440162">
        <ele>35</ele>
      </trkpt>
      <trkpt lat="52.502097" lon="13.440268">
        <ele>35</ele>
      </trkpt>
      <trkpt lat="52.502117" lon="13.440296">
        <ele>35</ele>
      </trkpt>
      <trkpt lat="52.502617" lon="13.440985">
        <ele>35</ele>
      </trkpt>
      <trkpt lat="52.502826" lon="13.441272">
        <ele>34.6</ele>
      </trkpt>
      <trkpt lat="52.502596" lon="13.441738">
        <ele>34.2</ele>
      </trkpt>
      <trkpt lat="52.502435" lon="13.442071">
        <ele>34.7</ele>
      </trkpt>
      <trkpt lat="52.502330" lon="13.442290">
        <ele>34.4</ele>
      </trkpt>
      <trkpt lat="52.502190" lon="13.442581">
        <ele>34.5</ele>
      </trkpt>
      <trkpt lat="52.502160" lon="13.442642">
        <ele>34.2</ele>
      </trkpt>
      <trkpt lat="52.502038" lon="13.442894">
        <ele>34.2</ele>
      </trkpt>
      <trkpt lat="52.501979" lon="13.443022">
        <ele>34.6</ele>
      </trkpt>
      <trkpt lat="52.501925" lon="13.443141">
        <ele>34.4</ele>
      </trkpt>
      <trkpt lat="52.501873" lon="13.443251">
        <ele>34</ele>
      </trkpt>
      <trkpt lat="52.501775" lon="13.443458">
        <ele>34</ele>
      </trkpt>
      <trkpt lat="52.501764" lon="13.443480">
        <ele>34.1</ele>
      </trkpt>
      <trkpt lat="52.501551" lon="13.443922">
        <ele>34.8</ele>
      </trkpt>
      <trkpt lat="52.501407" lon="13.444216">
        <ele>34.8</ele>
      </trkpt>
      <trkpt lat="52.501300" lon="13.444037">
        <ele>35</ele>
      </trkpt>
      <trkpt lat="52.501407" lon="13.444216">
        <ele>34.8</ele>
      </trkpt>
      <trkpt lat="52.501189" lon="13.444660">
        <ele>35.1</ele>
      </trkpt>
      <trkpt lat="52.501181" lon="13.444678">
        <ele>35.1</ele>
      </trkpt>
      <trkpt lat="52.501165" lon="13.444712">
        <ele>35.2</ele>
      </trkpt>
      <trkpt lat="52.501151" lon="13.444662">
        <ele>35.5</ele>
      </trkpt>
      <trkpt lat="52.501138" lon="13.444644">
        <ele>35.7</ele>
      </trkpt>
      <trkpt lat="52.501056" lon="13.444529">
        <ele>35.8</ele>
      </trkpt>
      <trkpt lat="52.500992" lon="13.444535">
        <ele>35.6</ele>
      </trkpt>
      <trkpt lat="52.500867" lon="13.444549">
        <ele>35.1</ele>
      </trkpt>
      <trkpt lat="52.500827" lon="13.444507">
        <ele>35</ele>
      </trkpt>
      <trkpt lat="52.500774" lon="13.444475">
        <ele>35</ele>
      </trkpt>
      <trkpt lat="52.500784" lon="13.444557">
        <ele>35.1</ele>
      </trkpt>
      <trkpt lat="52.500807" lon="13.444639">
        <ele>35.1</ele>
      </trkpt>
      <trkpt lat="52.500851" lon="13.444708">
        <ele>35.1</ele>
      </trkpt>
      <trkpt lat="52.500942" lon="13.444792">
        <ele>35.4</ele>
      </trkpt>
      <trkpt lat="52.500990" lon="13.444814">
        <ele>35.5</ele>
      </trkpt>
      <trkpt lat="52.501043" lon="13.444839">
        <ele>35.5</ele>
      </trkpt>
      <trkpt lat="52.501109" lon="13.444873">
        <ele>35.5</ele>
      </trkpt>
      <trkpt lat="52.501165" lon="13.444959">
        <ele>34.5</ele>
      </trkpt>
      <trkpt lat="52.501192" lon="13.444995">
        <ele>34.1</ele>
      </trkpt>
      <trkpt lat="52.502260" lon="13.446357">
        <ele>34.1</ele>
      </trkpt>
      <trkpt lat="52.502361" lon="13.446477">
        <ele>35</ele>
      </trkpt>
      <trkpt lat="52.502522" lon="13.446665">
        <ele>35</ele>
      </trkpt>
      <trkpt lat="52.502557" lon="13.446707">
        <ele>35</ele>
      </trkpt>
      <trkpt lat="52.502592" lon="13.446748">
        <ele>35</ele>
      </trkpt>
      <trkpt lat="52.502637" lon="13.446801">
        <ele>35</ele>
      </trkpt>
      <trkpt lat="52.502743" lon="13.446934">
        <ele>35</ele>
      </trkpt>
      <trkpt lat="52.502797" lon="13.446743">
        <ele>35.1</ele>
      </trkpt>
      <trkpt lat="52.502849" lon="13.446547">
        <ele>35.1</ele>
      </trkpt>
      <trkpt lat="52.502868" lon="13.446469">
        <ele>35.1</ele>
      </trkpt>
      <trkpt lat="52.502971" lon="13.446073">
        <ele>35</ele>
      </trkpt>
      <trkpt lat="52.503031" lon="13.445871">
        <ele>35</ele>
      </trkpt>
      <trkpt lat="52.503134" lon="13.445517">
        <ele>35</ele>
      </trkpt>
      <trkpt lat="52.503248" lon="13.445147">
        <ele>35</ele>
      </trkpt>
      <trkpt lat="52.503309" lon="13.444981">
        <ele>35</ele>
      </trkpt>
      <trkpt lat="52.503535" lon="13.444357">
        <ele>35</ele>
      </trkpt>
      <trkpt lat="52.503550" lon="13.444316">
        <ele>35</ele>
      </trkpt>
      <trkpt lat="52.503615" lon="13.444153">
        <ele>35</ele>
      </trkpt>
      <trkpt lat="52.503683" lon="13.443965">
        <ele>35</ele>
      </trkpt>
      <trkpt lat="52.503875" lon="13.443420">
        <ele>35</ele>
      </trkpt>
      <trkpt lat="52.503974" lon="13.443093">
        <ele>35</ele>
      </trkpt>
      <trkpt lat="52.504082" lon="13.443194">
        <ele>35</ele>
      </trkpt>
      <trkpt lat="52.504111" lon="13.443113">
        <ele>35</ele>
      </trkpt>
      <trkpt lat="52.504124" lon="13.443078">
        <ele>35</ele>
      </trkpt>
      <trkpt lat="52.504147" lon="13.443015">
        <ele>35</ele>
      </trkpt>
      <trkpt lat="52.504124" lon="13.443078">
        <ele>35</ele>
      </trkpt>
      <trkpt lat="52.504111" lon="13.443113">
        <ele>35</ele>
      </trkpt>
      <trkpt lat="52.504082" lon="13.443194">
        <ele>35</ele>
      </trkpt>
      <trkpt lat="52.503974" lon="13.443093">
        <ele>35</ele>
      </trkpt>
      <trkpt lat="52.504049" lon="13.442877">
        <ele>35</ele>
      </trkpt>
      <trkpt lat="52.504349" lon="13.442013">
        <ele>35</ele>
      </trkpt>
      <trkpt lat="52.504381" lon="13.441923">
        <ele>35</ele>
      </trkpt>
      <trkpt lat="52.504586" lon="13.441402">
        <ele>35</ele>
      </trkpt>
      <trkpt lat="52.504759" lon="13.440969">
        <ele>35</ele>
      </trkpt>
      <trkpt lat="52.504780" lon="13.440918">
        <ele>35</ele>
      </trkpt>
      <trkpt lat="52.504838" lon="13.440763">
        <ele>35</ele>
      </trkpt>
      <trkpt lat="52.504895" lon="13.440619">
        <ele>35</ele>
      </trkpt>
      <trkpt lat="52.505177" lon="13.439904">
        <ele>35</ele>
      </trkpt>
      <trkpt lat="52.505303" lon="13.439592">
        <ele>35</ele>
      </trkpt>
      <trkpt lat="52.505411" lon="13.439324">
        <ele>35</ele>
      </trkpt>
      <trkpt lat="52.505540" lon="13.439067">
        <ele>35</ele>
      </trkpt>
      <trkpt lat="52.505872" lon="13.438471">
        <ele>35</ele>
      </trkpt>
      <trkpt lat="52.505901" lon="13.438427">
        <ele>35</ele>
      </trkpt>
      <trkpt lat="52.505999" lon="13.438300">
        <ele>35</ele>
      </trkpt>
      <trkpt lat="52.506629" lon="13.437407">
        <ele>35</ele>
      </trkpt>
      <trkpt lat="52.506896" lon="13.437028">
        <ele>35</ele>
      </trkpt>
      <trkpt lat="52.506926" lon="13.436981">
        <ele>35</ele>
      </trkpt>
      <trkpt lat="52.507013" lon="13.436871">
        <ele>35</ele>
      </trkpt>
      <trkpt lat="52.507073" lon="13.436793">
        <ele>35</ele>
      </trkpt>
      <trkpt lat="52.507303" lon="13.436493">
        <ele>35</ele>
      </trkpt>
      <trkpt lat="52.507404" lon="13.436361">
        <ele>35</ele>
      </trkpt>
      <trkpt lat="52.507730" lon="13.435955">
        <ele>35</ele>
      </trkpt>
      <trkpt lat="52.508114" lon="13.435510">
        <ele>35</ele>
      </trkpt>
      <trkpt lat="52.508405" lon="13.435130">
        <ele>35</ele>
      </trkpt>
      <trkpt lat="52.508437" lon="13.435084">
        <ele>35</ele>
      </trkpt>
      <trkpt lat="52.508519" lon="13.434936">
        <ele>35</ele>
      </trkpt>
      <trkpt lat="52.508599" lon="13.434791">
        <ele>35</ele>
      </trkpt>
      <trkpt lat="52.508699" lon="13.434598">
        <ele>35</ele>
      </trkpt>
      <trkpt lat="52.508896" lon="13.434194">
        <ele>35</ele>
      </trkpt>
      <trkpt lat="52.508910" lon="13.434160">
        <ele>34.9</ele>
      </trkpt>
      <trkpt lat="52.508944" lon="13.434078">
        <ele>34.9</ele>
      </trkpt>
      <trkpt lat="52.509253" lon="13.433342">
        <ele>35</ele>
      </trkpt>
      <trkpt lat="52.509335" lon="13.433145">
        <ele>35</ele>
      </trkpt>
      <trkpt lat="52.509561" lon="13.432612">
        <ele>35</ele>
      </trkpt>
      <trkpt lat="52.509612" lon="13.432490">
        <ele>35</ele>
      </trkpt>
      <trkpt lat="52.509709" lon="13.432234">
        <ele>35</ele>
      </trkpt>
      <trkpt lat="52.510060" lon="13.431309">
        <ele>35</ele>
      </trkpt>
      <trkpt lat="52.510372" lon="13.430499">
        <ele>36</ele>
      </trkpt>
      <trkpt lat="52.510396" lon="13.430443">
        <ele>36</ele>
      </trkpt>
      <trkpt lat="52.510477" lon="13.430249">
        <ele>36</ele>
      </trkpt>
      <trkpt lat="52.510559" lon="13.430049">
        <ele>36</ele>
      </trkpt>
      <trkpt lat="52.510738" lon="13.429583">
        <ele>35.7</ele>
      </trkpt>
      <trkpt lat="52.510926" lon="13.429098">
        <ele>35.2</ele>
      </trkpt>
      <trkpt lat="52.511271" lon="13.428229">
        <ele>35</ele>
      </trkpt>
      <trkpt lat="52.511588" lon="13.427495">
        <ele>35</ele>
      </trkpt>
      <trkpt lat="52.511799" lon="13.427035">
        <ele>35</ele>
      </trkpt>
      <trkpt lat="52.511924" lon="13.426788">
        <ele>35</ele>
      </trkpt>
      <trkpt lat="52.512093" lon="13.426447">
        <ele>35</ele>
      </trkpt>
      <trkpt lat="52.512256" lon="13.426169">
        <ele>35</ele>
      </trkpt>
      <trkpt lat="52.512504" lon="13.425814">
        <ele>35</ele>
      </trkpt>
      <trkpt lat="52.512853" lon="13.425330">
        <ele>35.1</ele>
      </trkpt>
      <trkpt lat="52.512991" lon="13.425128">
        <ele>35</ele>
      </trkpt>
      <trkpt lat="52.513392" lon="13.424460">
        <ele>35</ele>
      </trkpt>
      <trkpt lat="52.513421" lon="13.424410">
        <ele>35</ele>
      </trkpt>
      <trkpt lat="52.513489" lon="13.424283">
        <ele>35</ele>
      </trkpt>
      <trkpt lat="52.513548" lon="13.424147">
        <ele>35</ele>
      </trkpt>
      <trkpt lat="52.513599" lon="13.424010">
        <ele>35</ele>
      </trkpt>
      <trkpt lat="52.513765" lon="13.423522">
        <ele>35</ele>
      </trkpt>
      <trkpt lat="52.513813" lon="13.423384">
        <ele>35</ele>
      </trkpt>
      <trkpt lat="52.513826" lon="13.423347">
        <ele>35</ele>
      </trkpt>
      <trkpt lat="52.513887" lon="13.423164">
        <ele>35</ele>
      </trkpt>
      <trkpt lat="52.514006" lon="13.422783">
        <ele>34.4</ele>
      </trkpt>
      <trkpt lat="52.514038" lon="13.422692">
        <ele>34.4</ele>
      </trkpt>
      <trkpt lat="52.514066" lon="13.422611">
        <ele>34.3</ele>
      </trkpt>
      <trkpt lat="52.514106" lon="13.422496">
        <ele>34</ele>
      </trkpt>
      <trkpt lat="52.515079" lon="13.419683">
        <ele>35</ele>
      </trkpt>
      <trkpt lat="52.515104" lon="13.419610">
        <ele>35</ele>
      </trkpt>
      <trkpt lat="52.515139" lon="13.419507">
        <ele>35</ele>
      </trkpt>
      <trkpt lat="52.515165" lon="13.419429">
        <ele>35</ele>
      </trkpt>
      <trkpt lat="52.515180" lon="13.419386">
        <ele>35</ele>
      </trkpt>
      <trkpt lat="52.515216" lon="13.419279">
        <ele>35</ele>
      </trkpt>
      <trkpt lat="52.515338" lon="13.418923">
        <ele>35.7</ele>
      </trkpt>
      <trkpt lat="52.515510" lon="13.418435">
        <ele>36</ele>
      </trkpt>
      <trkpt lat="52.515529" lon="13.418380">
        <ele>36</ele>
      </trkpt>
      <trkpt lat="52.515578" lon="13.418222">
        <ele>36</ele>
      </trkpt>
      <trkpt lat="52.515634" lon="13.418049">
        <ele>36</ele>
      </trkpt>
      <trkpt lat="52.515675" lon="13.417901">
        <ele>36</ele>
      </trkpt>
      <trkpt lat="52.515681" lon="13.417865">
        <ele>36</ele>
      </trkpt>
      <trkpt lat="52.515734" lon="13.417571">
        <ele>36</ele>
      </trkpt>
      <trkpt lat="52.515777" lon="13.417314">
        <ele>35.5</ele>
      </trkpt>
      <trkpt lat="52.515830" lon="13.416868">
        <ele>35</ele>
      </trkpt>
      <trkpt lat="52.515847" lon="13.416613">
        <ele>35</ele>
      </trkpt>
      <trkpt lat="52.515864" lon="13.416215">
        <ele>35</ele>
      </trkpt>
      <trkpt lat="52.515858" lon="13.415560">
        <ele>35.1</ele>
      </trkpt>
      <trkpt lat="52.515839" lon="13.415224">
        <ele>35</ele>
      </trkpt>
      <trkpt lat="52.515835" lon="13.415151">
        <ele>35</ele>
      </trkpt>
      <trkpt lat="52.515826" lon="13.414984">
        <ele>35</ele>
      </trkpt>
      <trkpt lat="52.515812" lon="13.414710">
        <ele>35</ele>
      </trkpt>
      <trkpt lat="52.515801" lon="13.414493">
        <ele>35</ele>
      </trkpt>
      <trkpt lat="52.515759" lon="13.413889">
        <ele>35</ele>
      </trkpt>
      <trkpt lat="52.515757" lon="13.413406">
        <ele>35</ele>
      </trkpt>
      <trkpt lat="52.515775" lon="13.413053">
        <ele>35</ele>
      </trkpt>
      <trkpt lat="52.515762" lon="13.412830">
        <ele>35</ele>
      </trkpt>
      <trkpt lat="52.515796" lon="13.412584">
        <ele>35</ele>
      </trkpt>
      <trkpt lat="52.515804" lon="13.412528">
        <ele>35</ele>
      </trkpt>
      <trkpt lat="52.515834" lon="13.412325">
        <ele>35</ele>
      </trkpt>
      <trkpt lat="52.515871" lon="13.412073">
        <ele>35</ele>
      </trkpt>
      <trkpt lat="52.515882" lon="13.411999">
        <ele>35</ele>
      </trkpt>
      <trkpt lat="52.516047" lon="13.410887">
        <ele>35</ele>
      </trkpt>
      <trkpt lat="52.516069" lon="13.410763">
        <ele>35</ele>
      </trkpt>
      <trkpt lat="52.516073" lon="13.410612">
        <ele>35</ele>
      </trkpt>
      <trkpt lat="52.516162" lon="13.410176">
        <ele>35</ele>
      </trkpt>
      <trkpt lat="52.516232" lon="13.409798">
        <ele>35</ele>
      </trkpt>
      <trkpt lat="52.516326" lon="13.409262">
        <ele>35.5</ele>
      </trkpt>
      <trkpt lat="52.516332" lon="13.409229">
        <ele>35.6</ele>
      </trkpt>
      <trkpt lat="52.516331" lon="13.408926">
        <ele>35.3</ele>
      </trkpt>
      <trkpt lat="52.516339" lon="13.408678">
        <ele>35.8</ele>
      </trkpt>
      <trkpt lat="52.516413" lon="13.408513">
        <ele>35.9</ele>
      </trkpt>
      <trkpt lat="52.516690" lon="13.408853">
        <ele>35.8</ele>
      </trkpt>
      <trkpt lat="52.516716" lon="13.408876">
        <ele>35.8</ele>
      </trkpt>
      <trkpt lat="52.516743" lon="13.408893">
        <ele>35.7</ele>
      </trkpt>
      <trkpt lat="52.516789" lon="13.408917">
        <ele>35.5</ele>
      </trkpt>
      <trkpt lat="52.516833" lon="13.408935">
        <ele>35.3</ele>
      </trkpt>
      <trkpt lat="52.516877" lon="13.408939">
        <ele>35.2</ele>
      </trkpt>
      <trkpt lat="52.516921" lon="13.408939">
        <ele>35.1</ele>
      </trkpt>
      <trkpt lat="52.516967" lon="13.408932">
        <ele>35</ele>
      </trkpt>
      <trkpt lat="52.517015" lon="13.408915">
        <ele>35</ele>
      </trkpt>
      <trkpt lat="52.517088" lon="13.408884">
        <ele>35</ele>
      </trkpt>
      <trkpt lat="52.517149" lon="13.408844">
        <ele>35</ele>
      </trkpt>
      <trkpt lat="52.517294" lon="13.408687">
        <ele>35</ele>
      </trkpt>
      <trkpt lat="52.517344" lon="13.408633">
        <ele>35</ele>
      </trkpt>
      <trkpt lat="52.517426" lon="13.408544">
        <ele>35</ele>
      </trkpt>
      <trkpt lat="52.517523" lon="13.408426">
        <ele>35</ele>
      </trkpt>
      <trkpt lat="52.517609" lon="13.408319">
        <ele>35</ele>
      </trkpt>
      <trkpt lat="52.517765" lon="13.408126">
        <ele>35</ele>
      </trkpt>
      <trkpt lat="52.517933" lon="13.407898">
        <ele>35.2</ele>
      </trkpt>
      <trkpt lat="52.518054" lon="13.407752">
        <ele>35</ele>
      </trkpt>
      <trkpt lat="52.518264" lon="13.407436">
        <ele>35</ele>
      </trkpt>
      <trkpt lat="52.518293" lon="13.407396">
        <ele>35</ele>
      </trkpt>
      <trkpt lat="52.518421" lon="13.407226">
        <ele>35.3</ele>
      </trkpt>
      <trkpt lat="52.518528" lon="13.407076">
        <ele>35.3</ele>
      </trkpt>
      <trkpt lat="52.518748" lon="13.406743">
        <ele>35</ele>
      </trkpt>
      <trkpt lat="52.518821" lon="13.406565">
        <ele>35.1</ele>
      </trkpt>
      <trkpt lat="52.518836" lon="13.406545">
        <ele>35.1</ele>
      </trkpt>
      <trkpt lat="52.518905" lon="13.406451">
        <ele>35.1</ele>
      </trkpt>
      <trkpt lat="52.519202" lon="13.406027">
        <ele>35.1</ele>
      </trkpt>
      <trkpt lat="52.519392" lon="13.405759">
        <ele>35.1</ele>
      </trkpt>
      <trkpt lat="52.519518" lon="13.405675">
        <ele>35.3</ele>
      </trkpt>
      <trkpt lat="52.519878" lon="13.405163">
        <ele>35.3</ele>
      </trkpt>
      <trkpt lat="52.519897" lon="13.405139">
        <ele>35.3</ele>
      </trkpt>
      <trkpt lat="52.519957" lon="13.405061">
        <ele>35.2</ele>
      </trkpt>
      <trkpt lat="52.519985" lon="13.405024">
        <ele>35.1</ele>
      </trkpt>
      <trkpt lat="52.520013" lon="13.404987">
        <ele>35</ele>
      </trkpt>
      <trkpt lat="52.520120" lon="13.404863">
        <ele>35.3</ele>
      </trkpt>
      <trkpt lat="52.520152" lon="13.404826">
        <ele>35.3</ele>
      </trkpt>
      <trkpt lat="52.520157" lon="13.404820">
        <ele>35.3</ele>
      </trkpt>
      <trkpt lat="52.520153" lon="13.404813">
        <ele>35.3</ele>
      </trkpt>
      <trkpt lat="52.520134" lon="13.404780">
        <ele>35.4</ele>
      </trkpt>
      <trkpt lat="52.520126" lon="13.404767">
        <ele>35.5</ele>
      </trkpt>
      <trkpt lat="52.520044" lon="13.404628">
        <ele>35.6</ele>
      </trkpt>
      <trkpt lat="52.519980" lon="13.404511">
        <ele>35.2</ele>
      </trkpt>
      <trkpt lat="52.519966" lon="13.404485">
        <ele>35.1</ele>
      </trkpt>
      <trkpt lat="52.519558" lon="13.403755">
        <ele>36</ele>
      </trkpt>
      <trkpt lat="52.519512" lon="13.403671">
        <ele>36</ele>
      </trkpt>
      <trkpt lat="52.519482" lon="13.403617">
        <ele>36</ele>
      </trkpt>
      <trkpt lat="52.519291" lon="13.403316">
        <ele>35.6</ele>
      </trkpt>
      <trkpt lat="52.519109" lon="13.403043">
        <ele>36</ele>
      </trkpt>
      <trkpt lat="52.519026" lon="13.402852">
        <ele>36</ele>
      </trkpt>
      <trkpt lat="52.518960" lon="13.402698">
        <ele>35.4</ele>
      </trkpt>
      <trkpt lat="52.518939" lon="13.402652">
        <ele>34.9</ele>
      </trkpt>
      <trkpt lat="52.518933" lon="13.402637">
        <ele>34.7</ele>
      </trkpt>
      <trkpt lat="52.518693" lon="13.402019">
        <ele>34.2</ele>
      </trkpt>
      <trkpt lat="52.518672" lon="13.401966">
        <ele>34.9</ele>
      </trkpt>
      <trkpt lat="52.518322" lon="13.401003">
        <ele>36</ele>
      </trkpt>
      <trkpt lat="52.518396" lon="13.400926">
        <ele>35.8</ele>
      </trkpt>
      <trkpt lat="52.518410" lon="13.400911">
        <ele>35.7</ele>
      </trkpt>
      <trkpt lat="52.518547" lon="13.400768">
        <ele>35.2</ele>
      </trkpt>
      <trkpt lat="52.518870" lon="13.400421">
        <ele>35</ele>
      </trkpt>
      <trkpt lat="52.519117" lon="13.400161">
        <ele>35</ele>
      </trkpt>
      <trkpt lat="52.519231" lon="13.400037">
        <ele>34.8</ele>
      </trkpt>
      <trkpt lat="52.519380" lon="13.399879">
        <ele>34.2</ele>
      </trkpt>
      <trkpt lat="52.519887" lon="13.399343">
        <ele>34</ele>
      </trkpt>
      <trkpt lat="52.520055" lon="13.399165">
        <ele>34.2</ele>
      </trkpt>
      <trkpt lat="52.520215" lon="13.399558">
        <ele>34.9</ele>
      </trkpt>
      <trkpt lat="52.520055" lon="13.399165">
        <ele>34.2</ele>
      </trkpt>
      <trkpt lat="52.519871" lon="13.398719">
        <ele>34.3</ele>
      </trkpt>
      <trkpt lat="52.519603" lon="13.398066">
        <ele>34</ele>
      </trkpt>
      <trkpt lat="52.519583" lon="13.398019">
        <ele>34.1</ele>
      </trkpt>
      <trkpt lat="52.519518" lon="13.397860">
        <ele>34.5</ele>
      </trkpt>
      <trkpt lat="52.519470" lon="13.397744">
        <ele>34.6</ele>
      </trkpt>
      <trkpt lat="52.519437" lon="13.397664">
        <ele>33.7</ele>
      </trkpt>
      <trkpt lat="52.519408" lon="13.397593">
        <ele>32.9</ele>
      </trkpt>
      <trkpt lat="52.519403" lon="13.397578">
        <ele>32.7</ele>
      </trkpt>
      <trkpt lat="52.519300" lon="13.397296">
        <ele>33.1</ele>
      </trkpt>
      <trkpt lat="52.519279" lon="13.397239">
        <ele>33.7</ele>
      </trkpt>
      <trkpt lat="52.519493" lon="13.397019">
        <ele>33.7</ele>
      </trkpt>
      <trkpt lat="52.519689" lon="13.396505">
        <ele>33.3</ele>
      </trkpt>
      <trkpt lat="52.519722" lon="13.396183">
        <ele>34</ele>
      </trkpt>
      <trkpt lat="52.519758" lon="13.396171">
        <ele>33.7</ele>
      </trkpt>
      <trkpt lat="52.519787" lon="13.396151">
        <ele>33.5</ele>
      </trkpt>
      <trkpt lat="52.519815" lon="13.396111">
        <ele>33.3</ele>
      </trkpt>
      <trkpt lat="52.519846" lon="13.396068">
        <ele>33.2</ele>
      </trkpt>
      <trkpt lat="52.520109" lon="13.395695">
        <ele>32.6</ele>
      </trkpt>
      <trkpt lat="52.520355" lon="13.395355">
        <ele>32.6</ele>
      </trkpt>
      <trkpt lat="52.520702" lon="13.394881">
        <ele>32.6</ele>
      </trkpt>
      <trkpt lat="52.520787" lon="13.394764">
        <ele>32.9</ele>
      </trkpt>
      <trkpt lat="52.520818" lon="13.394720">
        <ele>33.1</ele>
      </trkpt>
      <trkpt lat="52.520951" lon="13.394541">
        <ele>32.7</ele>
      </trkpt>
      <trkpt lat="52.520969" lon="13.394516">
        <ele>32.7</ele>
      </trkpt>
      <trkpt lat="52.520996" lon="13.394478">
        <ele>32.9</ele>
      </trkpt>
      <trkpt lat="52.521058" lon="13.394391">
        <ele>33.2</ele>
      </trkpt>
      <trkpt lat="52.521215" lon="13.394173">
        <ele>33.2</ele>
      </trkpt>
      <trkpt lat="52.521421" lon="13.393887">
        <ele>33.7</ele>
      </trkpt>
      <trkpt lat="52.521767" lon="13.393406">
        <ele>33.8</ele>
      </trkpt>
      <trkpt lat="52.521855" lon="13.393255">
        <ele>33.5</ele>
      </trkpt>
      <trkpt lat="52.521935" lon="13.392956">
        <ele>35</ele>
      </trkpt>
      <trkpt lat="52.522026" lon="13.392570">
        <ele>33.8</ele>
      </trkpt>
      <trkpt lat="52.522048" lon="13.392446">
        <ele>33.5</ele>
      </trkpt>
      <trkpt lat="52.522058" lon="13.392328">
        <ele>33.4</ele>
      </trkpt>
      <trkpt lat="52.522073" lon="13.392096">
        <ele>33.4</ele>
      </trkpt>
      <trkpt lat="52.522093" lon="13.391710">
        <ele>33.8</ele>
      </trkpt>
      <trkpt lat="52.522096" lon="13.391646">
        <ele>33.8</ele>
      </trkpt>
      <trkpt lat="52.522165" lon="13.391649">
        <ele>32.8</ele>
      </trkpt>
      <trkpt lat="52.522716" lon="13.391676">
        <ele>34.8</ele>
      </trkpt>
      <trkpt lat="52.522807" lon="13.391704">
        <ele>35.7</ele>
      </trkpt>
      <trkpt lat="52.522716" lon="13.391676">
        <ele>34.8</ele>
      </trkpt>
      <trkpt lat="52.522165" lon="13.391649">
        <ele>32.8</ele>
      </trkpt>
      <trkpt lat="52.522096" lon="13.391646">
        <ele>33.8</ele>
      </trkpt>
      <trkpt lat="52.522098" lon="13.391533">
        <ele>33.6</ele>
      </trkpt>
      <trkpt lat="52.522099" lon="13.391489">
        <ele>33.5</ele>
      </trkpt>
      <trkpt lat="52.522105" lon="13.391160">
        <ele>33.3</ele>
      </trkpt>
      <trkpt lat="52.522105" lon="13.391110">
        <ele>33.3</ele>
      </trkpt>
      <trkpt lat="52.522103" lon="13.391034">
        <ele>33.2</ele>
      </trkpt>
      <trkpt lat="52.522099" lon="13.390879">
        <ele>33</ele>
      </trkpt>
      <trkpt lat="52.522088" lon="13.390605">
        <ele>32.5</ele>
      </trkpt>
      <trkpt lat="52.522083" lon="13.390480">
        <ele>32.6</ele>
      </trkpt>
      <trkpt lat="52.522068" lon="13.390109">
        <ele>32.9</ele>
      </trkpt>
      <trkpt lat="52.522053" lon="13.389777">
        <ele>32.8</ele>
      </trkpt>
      <trkpt lat="52.522034" lon="13.389344">
        <ele>33</ele>
      </trkpt>
      <trkpt lat="52.522012" lon="13.389078">
        <ele>33.3</ele>
      </trkpt>
      <trkpt lat="52.521965" lon="13.388672">
        <ele>34.5</ele>
      </trkpt>
      <trkpt lat="52.521957" lon="13.388606">
        <ele>34.8</ele>
      </trkpt>
      <trkpt lat="52.521950" lon="13.388567">
        <ele>34.9</ele>
      </trkpt>
      <trkpt lat="52.521933" lon="13.388491">
        <ele>35</ele>
      </trkpt>
      <trkpt lat="52.521873" lon="13.388244">
        <ele>34</ele>
      </trkpt>
      <trkpt lat="52.521861" lon="13.388207">
        <ele>33.7</ele>
      </trkpt>
      <trkpt lat="52.521838" lon="13.388159">
        <ele>33.5</ele>
      </trkpt>
      <trkpt lat="52.521778" lon="13.388057">
        <ele>33.4</ele>
      </trkpt>
      <trkpt lat="52.521758" lon="13.388022">
        <ele>33.7</ele>
      </trkpt>
      <trkpt lat="52.521741" lon="13.387993">
        <ele>33.9</ele>
      </trkpt>
      <trkpt lat="52.521669" lon="13.387870">
        <ele>35</ele>
      </trkpt>
      <trkpt lat="52.521601" lon="13.387754">
        <ele>34.7</ele>
      </trkpt>
      <trkpt lat="52.521357" lon="13.387339">
        <ele>34</ele>
      </trkpt>
      <trkpt lat="52.521340" lon="13.387309">
        <ele>33.9</ele>
      </trkpt>
      <trkpt lat="52.521002" lon="13.386736">
        <ele>33.2</ele>
      </trkpt>
      <trkpt lat="52.520852" lon="13.386481">
        <ele>33.2</ele>
      </trkpt>
      <trkpt lat="52.520792" lon="13.386379">
        <ele>33.1</ele>
      </trkpt>
      <trkpt lat="52.520757" lon="13.386318">
        <ele>32.8</ele>
      </trkpt>
      <trkpt lat="52.520705" lon="13.386226">
        <ele>32.6</ele>
      </trkpt>
      <trkpt lat="52.520367" lon="13.385647">
        <ele>33.1</ele>
      </trkpt>
      <trkpt lat="52.520288" lon="13.385505">
        <ele>33.5</ele>
      </trkpt>
      <trkpt lat="52.520099" lon="13.385192">
        <ele>33.2</ele>
      </trkpt>
      <trkpt lat="52.520026" lon="13.384964">
        <ele>33.6</ele>
      </trkpt>
      <trkpt lat="52.519862" lon="13.384451">
        <ele>32.5</ele>
      </trkpt>
      <trkpt lat="52.519729" lon="13.383993">
        <ele>33.9</ele>
      </trkpt>
      <trkpt lat="52.519610" lon="13.383585">
        <ele>32.8</ele>
      </trkpt>
      <trkpt lat="52.519463" lon="13.383122">
        <ele>33.8</ele>
      </trkpt>
      <trkpt lat="52.519324" lon="13.382656">
        <ele>32.9</ele>
      </trkpt>
      <trkpt lat="52.519194" lon="13.382187">
        <ele>33.7</ele>
      </trkpt>
      <trkpt lat="52.519169" lon="13.382097">
        <ele>34</ele>
      </trkpt>
      <trkpt lat="52.519148" lon="13.381998">
        <ele>34</ele>
      </trkpt>
      <trkpt lat="52.519012" lon="13.381342">
        <ele>33.2</ele>
      </trkpt>
      <trkpt lat="52.518950" lon="13.380880">
        <ele>34.8</ele>
      </trkpt>
      <trkpt lat="52.518917" lon="13.380441">
        <ele>35.5</ele>
      </trkpt>
      <trkpt lat="52.518915" lon="13.380412">
        <ele>35.5</ele>
      </trkpt>
      <trkpt lat="52.518906" lon="13.380295">
        <ele>35.7</ele>
      </trkpt>
      <trkpt lat="52.518960" lon="13.380282">
        <ele>34.7</ele>
      </trkpt>
      <trkpt lat="52.519498" lon="13.380177">
        <ele>32.6</ele>
      </trkpt>
      <trkpt lat="52.519581" lon="13.380161">
        <ele>33.5</ele>
      </trkpt>
      <trkpt lat="52.519577" lon="13.380037">
        <ele>33.4</ele>
      </trkpt>
      <trkpt lat="52.519566" lon="13.379731">
        <ele>33.3</ele>
      </trkpt>
      <trkpt lat="52.519565" lon="13.379517">
        <ele>33.3</ele>
      </trkpt>
      <trkpt lat="52.519564" lon="13.379007">
        <ele>32.2</ele>
      </trkpt>
      <trkpt lat="52.519564" lon="13.378685">
        <ele>31.1</ele>
      </trkpt>
      <trkpt lat="52.519602" lon="13.378448">
        <ele>31.3</ele>
      </trkpt>
      <trkpt lat="52.519682" lon="13.378144">
        <ele>31.3</ele>
      </trkpt>
      <trkpt lat="52.519690" lon="13.377994">
        <ele>31</ele>
      </trkpt>
      <trkpt lat="52.519806" lon="13.377704">
        <ele>31.3</ele>
      </trkpt>
      <trkpt lat="52.519931" lon="13.377426">
        <ele>31.6</ele>
      </trkpt>
      <trkpt lat="52.520082" lon="13.377180">
        <ele>31.3</ele>
      </trkpt>
      <trkpt lat="52.520111" lon="13.377144">
        <ele>31.3</ele>
      </trkpt>
      <trkpt lat="52.520280" lon="13.376948">
        <ele>31</ele>
      </trkpt>
      <trkpt lat="52.520352" lon="13.376901">
        <ele>31.2</ele>
      </trkpt>
      <trkpt lat="52.520429" lon="13.376876">
        <ele>31.4</ele>
      </trkpt>
      <trkpt lat="52.520451" lon="13.376870">
        <ele>31.5</ele>
      </trkpt>
      <trkpt lat="52.520545" lon="13.376845">
        <ele>31.6</ele>
      </trkpt>
      <trkpt lat="52.520707" lon="13.376807">
        <ele>32.1</ele>
      </trkpt>
      <trkpt lat="52.520839" lon="13.376785">
        <ele>32.3</ele>
      </trkpt>
      <trkpt lat="52.521115" lon="13.376722">
        <ele>31.8</ele>
      </trkpt>
      <trkpt lat="52.521320" lon="13.376660">
        <ele>32.5</ele>
      </trkpt>
      <trkpt lat="52.521565" lon="13.376540">
        <ele>32.8</ele>
      </trkpt>
      <trkpt lat="52.521716" lon="13.376428">
        <ele>32.4</ele>
      </trkpt>
      <trkpt lat="52.521909" lon="13.376290">
        <ele>33.8</ele>
      </trkpt>
      <trkpt lat="52.522083" lon="13.376123">
        <ele>33.1</ele>
      </trkpt>
      <trkpt lat="52.522154" lon="13.376042">
        <ele>33.3</ele>
      </trkpt>
      <trkpt lat="52.522259" lon="13.375891">
        <ele>32.4</ele>
      </trkpt>
      <trkpt lat="52.522469" lon="13.375532">
        <ele>31.8</ele>
      </trkpt>
      <trkpt lat="52.522751" lon="13.374970">
        <ele>31.8</ele>
      </trkpt>
      <trkpt lat="52.522805" lon="13.374851">
        <ele>31.9</ele>
      </trkpt>
      <trkpt lat="52.523059" lon="13.374089">
        <ele>31.8</ele>
      </trkpt>
      <trkpt lat="52.523270" lon="13.373341">
        <ele>33.4</ele>
      </trkpt>
      <trkpt lat="52.523360" lon="13.372949">
        <ele>32.7</ele>
      </trkpt>
      <trkpt lat="52.523424" lon="13.372832">
        <ele>33</ele>
      </trkpt>
      <trkpt lat="52.523472" lon="13.372778">
        <ele>33.5</ele>
      </trkpt>
      <trkpt lat="52.523424" lon="13.372832">
        <ele>33</ele>
      </trkpt>
      <trkpt lat="52.523360" lon="13.372949">
        <ele>32.7</ele>
      </trkpt>
      <trkpt lat="52.523270" lon="13.373341">
        <ele>33.4</ele>
      </trkpt>
      <trkpt lat="52.523059" lon="13.374089">
        <ele>31.8</ele>
      </trkpt>
      <trkpt lat="52.522805" lon="13.374851">
        <ele>31.9</ele>
      </trkpt>
      <trkpt lat="52.522751" lon="13.374970">
        <ele>31.8</ele>
      </trkpt>
      <trkpt lat="52.522804" lon="13.375061">
        <ele>33</ele>
      </trkpt>
      <trkpt lat="52.522857" lon="13.374941">
        <ele>33</ele>
      </trkpt>
      <trkpt lat="52.522955" lon="13.374728">
        <ele>34.2</ele>
      </trkpt>
      <trkpt lat="52.523107" lon="13.374334">
        <ele>33.7</ele>
      </trkpt>
      <trkpt lat="52.523209" lon="13.373988">
        <ele>33.9</ele>
      </trkpt>
      <trkpt lat="52.523246" lon="13.373832">
        <ele>34.4</ele>
      </trkpt>
      <trkpt lat="52.523281" lon="13.373686">
        <ele>35.1</ele>
      </trkpt>
      <trkpt lat="52.523322" lon="13.373708">
        <ele>35.8</ele>
      </trkpt>
      <trkpt lat="52.523398" lon="13.373748">
        <ele>36</ele>
      </trkpt>
      <trkpt lat="52.523439" lon="13.373545">
        <ele>35.7</ele>
      </trkpt>
      <trkpt lat="52.523502" lon="13.373125">
        <ele>35.8</ele>
      </trkpt>
      <trkpt lat="52.523538" lon="13.372763">
        <ele>34.5</ele>
      </trkpt>
      <trkpt lat="52.523556" lon="13.372425">
        <ele>31</ele>
      </trkpt>
      <trkpt lat="52.523559" lon="13.372270">
        <ele>31</ele>
      </trkpt>
      <trkpt lat="52.523558" lon="13.372118">
        <ele>31</ele>
      </trkpt>
      <trkpt lat="52.523556" lon="13.371995">
        <ele>31</ele>
      </trkpt>
      <trkpt lat="52.523551" lon="13.371844">
        <ele>31.6</ele>
      </trkpt>
      <trkpt lat="52.523540" lon="13.371662">
        <ele>32.6</ele>
      </trkpt>
      <trkpt lat="52.523525" lon="13.371465">
        <ele>35.6</ele>
      </trkpt>
      <trkpt lat="52.523507" lon="13.371275">
        <ele>36</ele>
      </trkpt>
      <trkpt lat="52.523478" lon="13.371045">
        <ele>35.3</ele>
      </trkpt>
      <trkpt lat="52.523452" lon="13.370880">
        <ele>35.8</ele>
      </trkpt>
      <trkpt lat="52.523425" lon="13.370727">
        <ele>36</ele>
      </trkpt>
      <trkpt lat="52.523412" lon="13.370665">
        <ele>36</ele>
      </trkpt>
      <trkpt lat="52.523397" lon="13.370589">
        <ele>36</ele>
      </trkpt>
      <trkpt lat="52.523384" lon="13.370526">
        <ele>35.9</ele>
      </trkpt>
      <trkpt lat="52.523368" lon="13.370460">
        <ele>35.7</ele>
      </trkpt>
      <trkpt lat="52.523349" lon="13.370376">
        <ele>35.4</ele>
      </trkpt>
      <trkpt lat="52.523259" lon="13.370035">
        <ele>34.4</ele>
      </trkpt>
      <trkpt lat="52.523214" lon="13.369885">
        <ele>34.5</ele>
      </trkpt>
      <trkpt lat="52.523161" lon="13.369726">
        <ele>35</ele>
      </trkpt>
      <trkpt lat="52.523117" lon="13.369607">
        <ele>35</ele>
      </trkpt>
      <trkpt lat="52.523074" lon="13.369490">
        <ele>35</ele>
      </trkpt>
      <trkpt lat="52.523021" lon="13.369359">
        <ele>35</ele>
      </trkpt>
      <trkpt lat="52.522976" lon="13.369252">
        <ele>35</ele>
      </trkpt>
      <trkpt lat="52.522909" lon="13.369113">
        <ele>35.1</ele>
      </trkpt>
      <trkpt lat="52.522823" lon="13.368942">
        <ele>35.5</ele>
      </trkpt>
      <trkpt lat="52.522790" lon="13.368876">
        <ele>36</ele>
      </trkpt>
      <trkpt lat="52.522629" lon="13.368603">
        <ele>36</ele>
      </trkpt>
      <trkpt lat="52.522518" lon="13.368295">
        <ele>36.9</ele>
      </trkpt>
      <trkpt lat="52.522459" lon="13.368196">
        <ele>36.9</ele>
      </trkpt>
      <trkpt lat="52.522428" lon="13.368158">
        <ele>36.8</ele>
      </trkpt>
      <trkpt lat="52.522350" lon="13.368111">
        <ele>36.8</ele>
      </trkpt>
      <trkpt lat="52.522262" lon="13.368090">
        <ele>36.8</ele>
      </trkpt>
      <trkpt lat="52.522328" lon="13.368005">
        <ele>37</ele>
      </trkpt>
      <trkpt lat="52.522386" lon="13.367893">
        <ele>37</ele>
      </trkpt>
      <trkpt lat="52.522397" lon="13.367858">
        <ele>37</ele>
      </trkpt>
      <trkpt lat="52.522422" lon="13.367738">
        <ele>37</ele>
      </trkpt>
      <trkpt lat="52.522473" lon="13.367342">
        <ele>37.5</ele>
      </trkpt>
      <trkpt lat="52.522488" lon="13.367226">
        <ele>37.9</ele>
      </trkpt>
      <trkpt lat="52.522366" lon="13.367185">
        <ele>37.5</ele>
      </trkpt>
      <trkpt lat="52.522488" lon="13.367226">
        <ele>37.9</ele>
      </trkpt>
      <trkpt lat="52.522506" lon="13.367084">
        <ele>38</ele>
      </trkpt>
      <trkpt lat="52.522557" lon="13.366671">
        <ele>37.2</ele>
      </trkpt>
      <trkpt lat="52.522579" lon="13.366491">
        <ele>37.3</ele>
      </trkpt>
      <trkpt lat="52.522613" lon="13.366218">
        <ele>35.1</ele>
      </trkpt>
      <trkpt lat="52.522722" lon="13.365346">
        <ele>34.8</ele>
      </trkpt>
      <trkpt lat="52.522768" lon="13.364973">
        <ele>38.8</ele>
      </trkpt>
      <trkpt lat="52.522782" lon="13.364864">
        <ele>39</ele>
      </trkpt>
      <trkpt lat="52.522847" lon="13.364326">
        <ele>37.6</ele>
      </trkpt>
      <trkpt lat="52.522922" lon="13.364016">
        <ele>37.2</ele>
      </trkpt>
      <trkpt lat="52.522952" lon="13.363886">
        <ele>37.4</ele>
      </trkpt>
      <trkpt lat="52.523018" lon="13.363368">
        <ele>37.1</ele>
      </trkpt>
      <trkpt lat="52.523025" lon="13.363307">
        <ele>37</ele>
      </trkpt>
      <trkpt lat="52.522987" lon="13.363183">
        <ele>37</ele>
      </trkpt>
      <trkpt lat="52.522928" lon="13.363066">
        <ele>37</ele>
      </trkpt>
      <trkpt lat="52.522913" lon="13.363044">
        <ele>37</ele>
      </trkpt>
      <trkpt lat="52.522871" lon="13.362975">
        <ele>37</ele>
      </trkpt>
      <trkpt lat="52.522807" lon="13.362874">
        <ele>37</ele>
      </trkpt>
      <trkpt lat="52.522777" lon="13.362822">
        <ele>37</ele>
      </trkpt>
      <trkpt lat="52.522762" lon="13.362801">
        <ele>37</ele>
      </trkpt>
      <trkpt lat="52.522261" lon="13.361818">
        <ele>36</ele>
      </trkpt>
      <trkpt lat="52.521438" lon="13.360216">
        <ele>35</ele>
      </trkpt>
      <trkpt lat="52.521177" lon="13.359721">
        <ele>34.2</ele>
      </trkpt>
      <trkpt lat="52.521140" lon="13.359648">
        <ele>34.1</ele>
      </trkpt>
      <trkpt lat="52.521100" lon="13.359566">
        <ele>34</ele>
      </trkpt>
      <trkpt lat="52.521015" lon="13.359400">
        <ele>34</ele>
      </trkpt>
      <trkpt lat="52.520978" lon="13.359340">
        <ele>34</ele>
      </trkpt>
      <trkpt lat="52.520758" lon="13.358902">
        <ele>34</ele>
      </trkpt>
      <trkpt lat="52.520542" lon="13.358491">
        <ele>34</ele>
      </trkpt>
      <trkpt lat="52.520324" lon="13.358039">
        <ele>34</ele>
      </trkpt>
      <trkpt lat="52.520202" lon="13.357742">
        <ele>34</ele>
      </trkpt>
      <trkpt lat="52.520045" lon="13.357275">
        <ele>34</ele>
      </trkpt>
      <trkpt lat="52.519938" lon="13.356899">
        <ele>34</ele>
      </trkpt>
      <trkpt lat="52.519912" lon="13.356793">
        <ele>34</ele>
      </trkpt>
      <trkpt lat="52.519886" lon="13.356680">
        <ele>34</ele>
      </trkpt>
      <trkpt lat="52.519833" lon="13.356433">
        <ele>34</ele>
      </trkpt>
      <trkpt lat="52.519799" lon="13.356253">
        <ele>34</ele>
      </trkpt>
      <trkpt lat="52.519785" lon="13.356174">
        <ele>34</ele>
      </trkpt>
      <trkpt lat="52.519771" lon="13.356082">
        <ele>34</ele>
      </trkpt>
      <trkpt lat="52.519751" lon="13.355952">
        <ele>34.1</ele>
      </trkpt>
      <trkpt lat="52.519721" lon="13.355729">
        <ele>34</ele>
      </trkpt>
      <trkpt lat="52.519714" lon="13.355676">
        <ele>34</ele>
      </trkpt>
      <trkpt lat="52.519696" lon="13.355527">
        <ele>34</ele>
      </trkpt>
      <trkpt lat="52.519675" lon="13.355371">
        <ele>34</ele>
      </trkpt>
      <trkpt lat="52.519668" lon="13.355321">
        <ele>34</ele>
      </trkpt>
      <trkpt lat="52.519661" lon="13.355270">
        <ele>34</ele>
      </trkpt>
      <trkpt lat="52.519649" lon="13.355124">
        <ele>34</ele>
      </trkpt>
      <trkpt lat="52.519633" lon="13.354812">
        <ele>34</ele>
      </trkpt>
      <trkpt lat="52.519618" lon="13.354347">
        <ele>34</ele>
      </trkpt>
      <trkpt lat="52.519621" lon="13.354195">
        <ele>34</ele>
      </trkpt>
      <trkpt lat="52.519627" lon="13.353929">
        <ele>34</ele>
      </trkpt>
      <trkpt lat="52.519631" lon="13.353872">
        <ele>34</ele>
      </trkpt>
      <trkpt lat="52.519696" lon="13.352976">
        <ele>33.9</ele>
      </trkpt>
      <trkpt lat="52.519735" lon="13.352451">
        <ele>34</ele>
      </trkpt>
      <trkpt lat="52.519746" lon="13.352310">
        <ele>34</ele>
      </trkpt>
      <trkpt lat="52.519768" lon="13.352007">
        <ele>34</ele>
      </trkpt>
      <trkpt lat="52.519801" lon="13.351566">
        <ele>33.3</ele>
      </trkpt>
      <trkpt lat="52.519827" lon="13.351476">
        <ele>33.4</ele>
      </trkpt>
      <trkpt lat="52.520183" lon="13.351006">
        <ele>33.6</ele>
      </trkpt>
      <trkpt lat="52.520266" lon="13.350899">
        <ele>33.9</ele>
      </trkpt>
      <trkpt lat="52.520434" lon="13.350668">
        <ele>33.7</ele>
      </trkpt>
      <trkpt lat="52.521242" lon="13.349679">
        <ele>33.8</ele>
      </trkpt>
      <trkpt lat="52.521650" lon="13.349190">
        <ele>34.8</ele>
      </trkpt>
      <trkpt lat="52.521945" lon="13.348716">
        <ele>35</ele>
      </trkpt>
      <trkpt lat="52.521968" lon="13.348679">
        <ele>35</ele>
      </trkpt>
      <trkpt lat="52.521992" lon="13.348620">
        <ele>35</ele>
      </trkpt>
      <trkpt lat="52.522011" lon="13.348541">
        <ele>34.4</ele>
      </trkpt>
      <trkpt lat="52.521933" lon="13.348502">
        <ele>33.7</ele>
      </trkpt>
      <trkpt lat="52.521880" lon="13.348462">
        <ele>32.8</ele>
      </trkpt>
      <trkpt lat="52.521400" lon="13.348129">
        <ele>32.4</ele>
      </trkpt>
      <trkpt lat="52.521265" lon="13.348039">
        <ele>34</ele>
      </trkpt>
      <trkpt lat="52.521307" lon="13.347923">
        <ele>34.3</ele>
      </trkpt>
      <trkpt lat="52.521251" lon="13.347883">
        <ele>34.6</ele>
      </trkpt>
      <trkpt lat="52.520759" lon="13.347529">
        <ele>34.8</ele>
      </trkpt>
      <trkpt lat="52.520296" lon="13.347196">
        <ele>34</ele>
      </trkpt>
      <trkpt lat="52.520276" lon="13.347274">
        <ele>34</ele>
      </trkpt>
      <trkpt lat="52.520265" lon="13.347318">
        <ele>34</ele>
      </trkpt>
      <trkpt lat="52.520237" lon="13.347296">
        <ele>34</ele>
      </trkpt>
      <trkpt lat="52.520183" lon="13.347257">
        <ele>34</ele>
      </trkpt>
      <trkpt lat="52.520044" lon="13.347152">
        <ele>34</ele>
      </trkpt>
      <trkpt lat="52.519852" lon="13.347006">
        <ele>34</ele>
      </trkpt>
      <trkpt lat="52.519715" lon="13.346905">
        <ele>34</ele>
      </trkpt>
      <trkpt lat="52.519694" lon="13.346890">
        <ele>34</ele>
      </trkpt>
      <trkpt lat="52.519649" lon="13.346850">
        <ele>34</ele>
      </trkpt>
      <trkpt lat="52.519640" lon="13.346842">
        <ele>34</ele>
      </trkpt>
      <trkpt lat="52.519520" lon="13.346764">
        <ele>34</ele>
      </trkpt>
      <trkpt lat="52.519482" lon="13.346731">
        <ele>34</ele>
      </trkpt>
      <trkpt lat="52.519340" lon="13.346588">
        <ele>34.2</ele>
      </trkpt>
      <trkpt lat="52.519239" lon="13.346391">
        <ele>34.3</ele>
      </trkpt>
      <trkpt lat="52.519161" lon="13.346101">
        <ele>34</ele>
      </trkpt>
      <trkpt lat="52.519154" lon="13.346050">
        <ele>34</ele>
      </trkpt>
      <trkpt lat="52.519151" lon="13.346015">
        <ele>34</ele>
      </trkpt>
      <trkpt lat="52.519132" lon="13.345818">
        <ele>34</ele>
      </trkpt>
      <trkpt lat="52.519112" lon="13.345314">
        <ele>34</ele>
      </trkpt>
      <trkpt lat="52.519035" lon="13.344377">
        <ele>34.5</ele>
      </trkpt>
      <trkpt lat="52.519019" lon="13.344212">
        <ele>34.5</ele>
      </trkpt>
      <trkpt lat="52.519000" lon="13.344036">
        <ele>34.4</ele>
      </trkpt>
      <trkpt lat="52.518995" lon="13.343995">
        <ele>34.4</ele>
      </trkpt>
      <trkpt lat="52.518978" lon="13.343881">
        <ele>34.3</ele>
      </trkpt>
      <trkpt lat="52.518958" lon="13.343774">
        <ele>34.2</ele>
      </trkpt>
      <trkpt lat="52.518926" lon="13.343653">
        <ele>34.1</ele>
      </trkpt>
      <trkpt lat="52.518903" lon="13.343575">
        <ele>34.2</ele>
      </trkpt>
      <trkpt lat="52.518876" lon="13.343504">
        <ele>34.4</ele>
      </trkpt>
      <trkpt lat="52.518807" lon="13.343368">
        <ele>34.6</ele>
      </trkpt>
      <trkpt lat="52.518720" lon="13.343226">
        <ele>34.4</ele>
      </trkpt>
      <trkpt lat="52.518659" lon="13.343140">
        <ele>34.2</ele>
      </trkpt>
      <trkpt lat="52.518371" lon="13.342723">
        <ele>35</ele>
      </trkpt>
      <trkpt lat="52.518244" lon="13.342536">
        <ele>35</ele>
      </trkpt>
      <trkpt lat="52.518216" lon="13.342493">
        <ele>35</ele>
      </trkpt>
      <trkpt lat="52.518184" lon="13.342445">
        <ele>35</ele>
      </trkpt>
      <trkpt lat="52.518105" lon="13.342333">
        <ele>35</ele>
      </trkpt>
      <trkpt lat="52.518071" lon="13.342285">
        <ele>35</ele>
      </trkpt>
      <trkpt lat="52.518059" lon="13.342268">
        <ele>35</ele>
      </trkpt>
      <trkpt lat="52.518040" lon="13.342241">
        <ele>35</ele>
      </trkpt>
      <trkpt lat="52.518016" lon="13.342211">
        <ele>35</ele>
      </trkpt>
      <trkpt lat="52.517971" lon="13.342150">
        <ele>35</ele>
      </trkpt>
      <trkpt lat="52.517876" lon="13.342017">
        <ele>35</ele>
      </trkpt>
      <trkpt lat="52.517825" lon="13.341948">
        <ele>35</ele>
      </trkpt>
      <trkpt lat="52.517792" lon="13.341903">
        <ele>35</ele>
      </trkpt>
      <trkpt lat="52.517778" lon="13.341885">
        <ele>35</ele>
        <extensions>
          <visugpx:TrkExtension xmlns:visugpx="https://www.visugpx.com/editgpx/">
            <visugpx:node>5</visugpx:node>
          </visugpx:TrkExtension>
        </extensions>
      </trkpt>
      <trkpt lat="52.515868" lon="13.339291">
        <ele>34</ele>
        <extensions>
          <visugpx:TrkExtension xmlns:visugpx="https://www.visugpx.com/editgpx/">
            <visugpx:node>6</visugpx:node>
          </visugpx:TrkExtension>
        </extensions>
      </trkpt>
      <trkpt lat="52.514967" lon="13.338003">
        <ele>34</ele>
        <extensions>
          <visugpx:TrkExtension xmlns:visugpx="https://www.visugpx.com/editgpx/">
            <visugpx:node>7</visugpx:node>
          </visugpx:TrkExtension>
        </extensions>
      </trkpt>
      <trkpt lat="52.513897" lon="13.337810">
        <ele>34</ele>
        <extensions>
          <visugpx:TrkExtension xmlns:visugpx="https://www.visugpx.com/editgpx/">
            <visugpx:node>8</visugpx:node>
          </visugpx:TrkExtension>
        </extensions>
      </trkpt>
      <trkpt lat="52.513819" lon="13.337826">
        <ele>34</ele>
        <extensions>
          <visugpx:TrkExtension xmlns:visugpx="https://www.visugpx.com/editgpx/">
            <visugpx:node>9</visugpx:node>
          </visugpx:TrkExtension>
        </extensions>
      </trkpt>
      <trkpt lat="52.513516" lon="13.333096">
        <ele>34.9</ele>
        <extensions>
          <visugpx:TrkExtension xmlns:visugpx="https://www.visugpx.com/editgpx/">
            <visugpx:node>10</visugpx:node>
          </visugpx:TrkExtension>
        </extensions>
      </trkpt>
      <trkpt lat="52.513338" lon="13.330277">
        <ele>35</ele>
        <extensions>
          <visugpx:TrkExtension xmlns:visugpx="https://www.visugpx.com/editgpx/">
            <visugpx:node>11</visugpx:node>
          </visugpx:TrkExtension>
        </extensions>
      </trkpt>
      <trkpt lat="52.512896" lon="13.323401">
        <ele>34</ele>
        <extensions>
          <visugpx:TrkExtension xmlns:visugpx="https://www.visugpx.com/editgpx/">
            <visugpx:node>12</visugpx:node>
          </visugpx:TrkExtension>
        </extensions>
      </trkpt>
      <trkpt lat="52.513144" lon="13.322049">
        <ele>33.3</ele>
        <extensions>
          <visugpx:TrkExtension xmlns:visugpx="https://www.visugpx.com/editgpx/">
            <visugpx:node>13</visugpx:node>
          </visugpx:TrkExtension>
        </extensions>
      </trkpt>
      <trkpt lat="52.513124" lon="13.321685">
        <ele>33.2</ele>
        <extensions>
          <visugpx:TrkExtension xmlns:visugpx="https://www.visugpx.com/editgpx/">
            <visugpx:node>14</visugpx:node>
          </visugpx:TrkExtension>
        </extensions>
      </trkpt>
      <trkpt lat="52.513100" lon="13.321449">
        <ele>40.1</ele>
      </trkpt>
      <trkpt lat="52.513523" lon="13.320436">
        <ele>39.5</ele>
      </trkpt>
      <trkpt lat="52.513696" lon="13.319594">
        <ele>39.1</ele>
      </trkpt>
      <trkpt lat="52.513822" lon="13.318521">
        <ele>39</ele>
      </trkpt>
      <trkpt lat="52.514040" lon="13.317300">
        <ele>39.3</ele>
      </trkpt>
      <trkpt lat="52.516630" lon="13.309420">
        <ele>37.7</ele>
      </trkpt>
      <trkpt lat="52.518710" lon="13.302970">
        <ele>37.9</ele>
      </trkpt>
      <trkpt lat="52.519300" lon="13.300880">
        <ele>38.3</ele>
      </trkpt>
      <trkpt lat="52.519590" lon="13.299740">
        <ele>37</ele>
      </trkpt>
      <trkpt lat="52.520210" lon="13.299580">
        <ele>36.8</ele>
      </trkpt>
      <trkpt lat="52.520720" lon="13.299630">
        <ele>37.8</ele>
      </trkpt>
      <trkpt lat="52.521890" lon="13.300410">
        <ele>27.8</ele>
      </trkpt>
      <trkpt lat="52.524520" lon="13.303470">
        <ele>39.2</ele>
      </trkpt>
      <trkpt lat="52.524860" lon="13.303500">
        <ele>39.6</ele>
      </trkpt>
      <trkpt lat="52.527110" lon="13.304620">
        <ele>36.2</ele>
      </trkpt>
      <trkpt lat="52.528770" lon="13.305260">
        <ele>35.9</ele>
      </trkpt>
      <trkpt lat="52.528960" lon="13.306760">
        <ele>32.8</ele>
      </trkpt>
      <trkpt lat="52.530660" lon="13.306340">
        <ele>32.1</ele>
      </trkpt>
      <trkpt lat="52.533350" lon="13.305990">
        <ele>31.4</ele>
      </trkpt>
      <trkpt lat="52.535320" lon="13.305150">
        <ele>32.3</ele>
      </trkpt>
      <trkpt lat="52.535170" lon="13.304220">
        <ele>33.6</ele>
      </trkpt>
      <trkpt lat="52.534990" lon="13.299210">
        <ele>36.4</ele>
      </trkpt>
      <trkpt lat="52.535130" lon="13.298550">
        <ele>36.6</ele>
      </trkpt>
      <trkpt lat="52.535610" lon="13.297700">
        <ele>36.4</ele>
      </trkpt>
      <trkpt lat="52.535940" lon="13.297200">
        <ele>35.4</ele>
      </trkpt>
      <trkpt lat="52.536500" lon="13.296960">
        <ele>34.9</ele>
      </trkpt>
      <trkpt lat="52.539535" lon="13.297506">
        <ele>33.7</ele>
      </trkpt>
      <trkpt lat="52.539790" lon="13.291340">
        <ele>36.6</ele>
      </trkpt>
      <trkpt lat="52.540890" lon="13.291430">
        <ele>38.2</ele>
      </trkpt>
      <trkpt lat="52.542030" lon="13.289150">
        <ele>42.2</ele>
      </trkpt>
      <trkpt lat="52.542350" lon="13.287850">
        <ele>39.8</ele>
      </trkpt>
      <trkpt lat="52.542420" lon="13.287290">
        <ele>39.2</ele>
      </trkpt>
      <trkpt lat="52.542350" lon="13.282190">
        <ele>38.7</ele>
      </trkpt>
      <trkpt lat="52.542710" lon="13.282170">
        <ele>35.7</ele>
      </trkpt>
      <trkpt lat="52.542750" lon="13.277690">
        <ele>37.9</ele>
      </trkpt>
      <trkpt lat="52.542790" lon="13.277220">
        <ele>39.5</ele>
      </trkpt>
      <trkpt lat="52.542910" lon="13.276520">
        <ele>38.2</ele>
      </trkpt>
      <trkpt lat="52.543050" lon="13.274970">
        <ele>38.2</ele>
      </trkpt>
      <trkpt lat="52.543320" lon="13.274360">
        <ele>37.6</ele>
      </trkpt>
      <trkpt lat="52.543860" lon="13.274210">
        <ele>38.1</ele>
      </trkpt>
      <trkpt lat="52.543900" lon="13.273640">
        <ele>38.5</ele>
      </trkpt>
      <trkpt lat="52.545140" lon="13.273430">
        <ele>37.5</ele>
      </trkpt>
      <trkpt lat="52.545900" lon="13.273120">
        <ele>38.3</ele>
      </trkpt>
      <trkpt lat="52.547470" lon="13.272250">
        <ele>37.2</ele>
      </trkpt>
      <trkpt lat="52.547730" lon="13.271860">
        <ele>37.3</ele>
      </trkpt>
      <trkpt lat="52.547940" lon="13.270930">
        <ele>37</ele>
      </trkpt>
      <trkpt lat="52.548500" lon="13.270570">
        <ele>35.4</ele>
      </trkpt>
      <trkpt lat="52.549405" lon="13.270604">
        <ele>34</ele>
      </trkpt>
      <trkpt lat="52.549630" lon="13.259520">
        <ele>33.2</ele>
      </trkpt>
      <trkpt lat="52.549700" lon="13.257580">
        <ele>32.9</ele>
      </trkpt>
      <trkpt lat="52.549810" lon="13.256350">
        <ele>32.6</ele>
      </trkpt>
      <trkpt lat="52.550220" lon="13.254160">
        <ele>33.5</ele>
      </trkpt>
      <trkpt lat="52.550560" lon="13.253030">
        <ele>32.6</ele>
      </trkpt>
      <trkpt lat="52.551160" lon="13.251300">
        <ele>32</ele>
      </trkpt>
      <trkpt lat="52.552240" lon="13.248820">
        <ele>32.9</ele>
      </trkpt>
      <trkpt lat="52.556080" lon="13.240990">
        <ele>32.7</ele>
      </trkpt>
      <trkpt lat="52.556290" lon="13.241260">
        <ele>33.1</ele>
      </trkpt>
      <trkpt lat="52.556690" lon="13.241290">
        <ele>34.3</ele>
      </trkpt>
      <trkpt lat="52.556810" lon="13.239690">
        <ele>32.5</ele>
      </trkpt>
      <trkpt lat="52.556900" lon="13.239460">
        <ele>32.1</ele>
      </trkpt>
      <trkpt lat="52.557270" lon="13.239170">
        <ele>32.3</ele>
      </trkpt>
      <trkpt lat="52.557540" lon="13.238360">
        <ele>31.5</ele>
      </trkpt>
      <trkpt lat="52.557560" lon="13.238050">
        <ele>31.5</ele>
      </trkpt>
      <trkpt lat="52.557680" lon="13.237720">
        <ele>31.7</ele>
      </trkpt>
      <trkpt lat="52.557110" lon="13.237020">
        <ele>32</ele>
      </trkpt>
      <trkpt lat="52.556740" lon="13.236290">
        <ele>32.7</ele>
      </trkpt>
      <trkpt lat="52.556500" lon="13.235400">
        <ele>33</ele>
      </trkpt>
      <trkpt lat="52.556340" lon="13.233140">
        <ele>33</ele>
      </trkpt>
      <trkpt lat="52.556790" lon="13.232860">
        <ele>32.6</ele>
      </trkpt>
      <trkpt lat="52.556880" lon="13.232070">
        <ele>32.9</ele>
      </trkpt>
      <trkpt lat="52.556980" lon="13.231500">
        <ele>33.5</ele>
      </trkpt>
      <trkpt lat="52.558310" lon="13.230940">
        <ele>33.4</ele>
      </trkpt>
      <trkpt lat="52.558640" lon="13.229080">
        <ele>32.8</ele>
      </trkpt>
      <trkpt lat="52.558780" lon="13.228870">
        <ele>33</ele>
      </trkpt>
      <trkpt lat="52.559420" lon="13.225530">
        <ele>28.9</ele>
      </trkpt>
      <trkpt lat="52.560030" lon="13.221170">
        <ele>34.4</ele>
      </trkpt>
      <trkpt lat="52.560160" lon="13.220090">
        <ele>35.2</ele>
      </trkpt>
      <trkpt lat="52.560150" lon="13.219810">
        <ele>34.8</ele>
      </trkpt>
      <trkpt lat="52.560210" lon="13.219020">
        <ele>33.4</ele>
      </trkpt>
      <trkpt lat="52.561061" lon="13.212699">
        <ele>35.3</ele>
      </trkpt>
      <trkpt lat="52.564595" lon="13.215975">
        <ele>34.6</ele>
      </trkpt>
      <trkpt lat="52.566440" lon="13.217080">
        <ele>35.3</ele>
      </trkpt>
      <trkpt lat="52.566200" lon="13.220260">
        <ele>35.1</ele>
      </trkpt>
      <trkpt lat="52.566150" lon="13.221390">
        <ele>36.4</ele>
      </trkpt>
      <trkpt lat="52.566500" lon="13.222020">
        <ele>37.4</ele>
      </trkpt>
      <trkpt lat="52.566890" lon="13.222360">
        <ele>36.8</ele>
      </trkpt>
      <trkpt lat="52.567060" lon="13.222370">
        <ele>36.7</ele>
      </trkpt>
      <trkpt lat="52.568120" lon="13.221830">
        <ele>34.3</ele>
      </trkpt>
      <trkpt lat="52.568470" lon="13.222120">
        <ele>33</ele>
      </trkpt>
      <trkpt lat="52.568540" lon="13.222550">
        <ele>33</ele>
      </trkpt>
      <trkpt lat="52.568410" lon="13.222850">
        <ele>33.2</ele>
      </trkpt>
      <trkpt lat="52.568460" lon="13.223370">
        <ele>32.8</ele>
      </trkpt>
      <trkpt lat="52.568720" lon="13.224490">
        <ele>31.7</ele>
      </trkpt>
      <trkpt lat="52.568840" lon="13.224650">
        <ele>30.8</ele>
      </trkpt>
      <trkpt lat="52.569150" lon="13.223950">
        <ele>30.4</ele>
      </trkpt>
      <trkpt lat="52.569560" lon="13.223420">
        <ele>31.1</ele>
      </trkpt>
      <trkpt lat="52.569810" lon="13.223290">
        <ele>30.6</ele>
      </trkpt>
      <trkpt lat="52.570030" lon="13.223260">
        <ele>29.6</ele>
      </trkpt>
      <trkpt lat="52.570510" lon="13.222820">
        <ele>29.5</ele>
      </trkpt>
      <trkpt lat="52.570610" lon="13.222460">
        <ele>28.8</ele>
      </trkpt>
      <trkpt lat="52.570670" lon="13.221960">
        <ele>30.4</ele>
      </trkpt>
      <trkpt lat="52.570750" lon="13.221770">
        <ele>29.6</ele>
      </trkpt>
      <trkpt lat="52.571520" lon="13.221210">
        <ele>33.6</ele>
      </trkpt>
      <trkpt lat="52.572240" lon="13.221110">
        <ele>34.7</ele>
      </trkpt>
      <trkpt lat="52.572380" lon="13.220840">
        <ele>34.9</ele>
      </trkpt>
      <trkpt lat="52.572630" lon="13.213110">
        <ele>38.7</ele>
      </trkpt>
      <trkpt lat="52.573328" lon="13.212666">
        <ele>38.9</ele>
      </trkpt>
      <trkpt lat="52.573047" lon="13.223074">
        <ele>30.9</ele>
      </trkpt>
      <trkpt lat="52.573345" lon="13.223044">
        <ele>32.7</ele>
      </trkpt>
      <trkpt lat="52.573707" lon="13.222709">
        <ele>31.6</ele>
      </trkpt>
      <trkpt lat="52.574345" lon="13.220970">
        <ele>30.3</ele>
      </trkpt>
      <trkpt lat="52.574853" lon="13.220104">
        <ele>31.9</ele>
      </trkpt>
      <trkpt lat="52.575796" lon="13.218881">
        <ele>33.7</ele>
      </trkpt>
      <trkpt lat="52.576279" lon="13.218189">
        <ele>33.7</ele>
      </trkpt>
      <trkpt lat="52.576753" lon="13.217763">
        <ele>32.8</ele>
      </trkpt>
      <trkpt lat="52.578098" lon="13.216844">
        <ele>30.9</ele>
      </trkpt>
      <trkpt lat="52.578866" lon="13.216519">
        <ele>34.7</ele>
      </trkpt>
      <trkpt lat="52.579932" lon="13.216622">
        <ele>34.3</ele>
      </trkpt>
      <trkpt lat="52.580550" lon="13.216430">
        <ele>29</ele>
      </trkpt>
      <trkpt lat="52.580804" lon="13.216130">
        <ele>29.9</ele>
      </trkpt>
      <trkpt lat="52.581166" lon="13.215323">
        <ele>34.4</ele>
      </trkpt>
      <trkpt lat="52.581773" lon="13.213152">
        <ele>39</ele>
      </trkpt>
      <trkpt lat="52.582124" lon="13.212389">
        <ele>40</ele>
      </trkpt>
      <trkpt lat="52.583280" lon="13.211210">
        <ele>46.3</ele>
      </trkpt>
      <trkpt lat="52.583811" lon="13.211001">
        <ele>46.2</ele>
      </trkpt>
      <trkpt lat="52.584385" lon="13.211292">
        <ele>36.8</ele>
      </trkpt>
      <trkpt lat="52.584554" lon="13.211087">
        <ele>41.9</ele>
      </trkpt>
      <trkpt lat="52.585250" lon="13.210990">
        <ele>40.7</ele>
      </trkpt>
      <trkpt lat="52.586550" lon="13.212341">
        <ele>34.6</ele>
      </trkpt>
      <trkpt lat="52.587494" lon="13.213628">
        <ele>35.1</ele>
      </trkpt>
      <trkpt lat="52.587911" lon="13.213284">
        <ele>36.4</ele>
      </trkpt>
      <trkpt lat="52.591086" lon="13.213014">
        <ele>36.9</ele>
      </trkpt>
      <trkpt lat="52.592416" lon="13.213289">
        <ele>40.4</ele>
      </trkpt>
      <trkpt lat="52.595061" lon="13.209969">
        <ele>36.6</ele>
      </trkpt>
      <trkpt lat="52.596530" lon="13.206600">
        <ele>32.4</ele>
      </trkpt>
      <trkpt lat="52.596630" lon="13.206950">
        <ele>29.5</ele>
      </trkpt>
      <trkpt lat="52.597860" lon="13.204010">
        <ele>31.6</ele>
      </trkpt>
      <trkpt lat="52.599320" lon="13.202110">
        <ele>30.9</ele>
      </trkpt>
      <trkpt lat="52.599670" lon="13.201940">
        <ele>30.9</ele>
      </trkpt>
      <trkpt lat="52.600260" lon="13.201830">
        <ele>29.1</ele>
      </trkpt>
      <trkpt lat="52.601030" lon="13.200810">
        <ele>30.8</ele>
      </trkpt>
      <trkpt lat="52.601910" lon="13.200640">
        <ele>32.5</ele>
      </trkpt>
      <trkpt lat="52.603610" lon="13.199460">
        <ele>30.7</ele>
      </trkpt>
      <trkpt lat="52.605100" lon="13.200050">
        <ele>32.6</ele>
      </trkpt>
      <trkpt lat="52.606180" lon="13.200020">
        <ele>30</ele>
      </trkpt>
      <trkpt lat="52.607450" lon="13.200440">
        <ele>30.7</ele>
      </trkpt>
      <trkpt lat="52.608250" lon="13.201430">
        <ele>31.9</ele>
      </trkpt>
      <trkpt lat="52.609310" lon="13.203520">
        <ele>32</ele>
      </trkpt>
      <trkpt lat="52.609600" lon="13.204020">
        <ele>29.9</ele>
      </trkpt>
      <trkpt lat="52.609970" lon="13.204390">
        <ele>29.3</ele>
      </trkpt>
      <trkpt lat="52.610270" lon="13.204440">
        <ele>29.8</ele>
      </trkpt>
      <trkpt lat="52.610880" lon="13.204180">
        <ele>30.7</ele>
      </trkpt>
      <trkpt lat="52.611180" lon="13.204220">
        <ele>30.7</ele>
      </trkpt>
      <trkpt lat="52.611730" lon="13.204910">
        <ele>29.6</ele>
      </trkpt>
      <trkpt lat="52.613310" lon="13.204850">
        <ele>33.4</ele>
      </trkpt>
      <trkpt lat="52.613610" lon="13.204960">
        <ele>35.1</ele>
      </trkpt>
      <trkpt lat="52.613680" lon="13.204580">
        <ele>35.3</ele>
      </trkpt>
      <trkpt lat="52.614890" lon="13.204860">
        <ele>37</ele>
      </trkpt>
      <trkpt lat="52.617200" lon="13.204470">
        <ele>32.3</ele>
      </trkpt>
      <trkpt lat="52.617270" lon="13.204880">
        <ele>32.7</ele>
      </trkpt>
      <trkpt lat="52.616490" lon="13.205260">
        <ele>33</ele>
      </trkpt>
      <trkpt lat="52.616810" lon="13.206430">
        <ele>32.2</ele>
      </trkpt>
      <trkpt lat="52.617280" lon="13.207640">
        <ele>31.5</ele>
      </trkpt>
      <trkpt lat="52.617940" lon="13.208930">
        <ele>31.2</ele>
      </trkpt>
      <trkpt lat="52.618840" lon="13.210240">
        <ele>30.6</ele>
      </trkpt>
      <trkpt lat="52.619600" lon="13.211170">
        <ele>32.7</ele>
      </trkpt>
      <trkpt lat="52.621120" lon="13.212740">
        <ele>32.1</ele>
      </trkpt>
      <trkpt lat="52.622310" lon="13.213760">
        <ele>30.7</ele>
      </trkpt>
      <trkpt lat="52.623930" lon="13.214710">
        <ele>30.3</ele>
      </trkpt>
      <trkpt lat="52.626770" lon="13.215970">
        <ele>31</ele>
      </trkpt>
      <trkpt lat="52.628030" lon="13.216440">
        <ele>29.9</ele>
      </trkpt>
      <trkpt lat="52.628800" lon="13.216450">
        <ele>29.9</ele>
      </trkpt>
      <trkpt lat="52.629110" lon="13.216010">
        <ele>31.3</ele>
      </trkpt>
      <trkpt lat="52.629670" lon="13.214540">
        <ele>31.6</ele>
      </trkpt>
      <trkpt lat="52.630050" lon="13.213850">
        <ele>32.3</ele>
      </trkpt>
      <trkpt lat="52.630390" lon="13.213730">
        <ele>31.7</ele>
      </trkpt>
      <trkpt lat="52.630890" lon="13.213750">
        <ele>31.3</ele>
      </trkpt>
      <trkpt lat="52.630930" lon="13.214130">
        <ele>31</ele>
      </trkpt>
      <trkpt lat="52.630270" lon="13.215260">
        <ele>30.6</ele>
      </trkpt>
      <trkpt lat="52.630170" lon="13.215740">
        <ele>31</ele>
      </trkpt>
      <trkpt lat="52.630160" lon="13.216150">
        <ele>31.5</ele>
      </trkpt>
      <trkpt lat="52.630380" lon="13.216350">
        <ele>31.2</ele>
      </trkpt>
      <trkpt lat="52.633350" lon="13.215760">
        <ele>30</ele>
      </trkpt>
      <trkpt lat="52.633760" lon="13.213840">
        <ele>33.2</ele>
      </trkpt>
      <trkpt lat="52.633960" lon="13.213610">
        <ele>33.2</ele>
      </trkpt>
      <trkpt lat="52.634020" lon="13.212960">
        <ele>33.6</ele>
      </trkpt>
      <trkpt lat="52.634720" lon="13.212570">
        <ele>31.8</ele>
      </trkpt>
      <trkpt lat="52.634890" lon="13.213620">
        <ele>32.3</ele>
      </trkpt>
      <trkpt lat="52.635619" lon="13.213730">
        <ele>32.5</ele>
      </trkpt>
      <trkpt lat="52.635619" lon="13.213730">
        <ele>32.5</ele>
      </trkpt>
      <trkpt lat="52.637105" lon="13.213953">
        <ele>32</ele>
      </trkpt>
      <trkpt lat="52.636341" lon="13.217708">
        <ele>36</ele>
      </trkpt>
      <trkpt lat="52.636230" lon="13.218730">
        <ele>36.8</ele>
      </trkpt>
      <trkpt lat="52.636630" lon="13.219730">
        <ele>37.1</ele>
      </trkpt>
      <trkpt lat="52.637220" lon="13.220420">
        <ele>38.3</ele>
      </trkpt>
      <trkpt lat="52.639030" lon="13.221710">
        <ele>38</ele>
      </trkpt>
      <trkpt lat="52.641730" lon="13.223930">
        <ele>33.6</ele>
      </trkpt>
      <trkpt lat="52.642130" lon="13.223770">
        <ele>32.2</ele>
      </trkpt>
      <trkpt lat="52.643260" lon="13.224410">
        <ele>33.6</ele>
      </trkpt>
      <trkpt lat="52.643650" lon="13.225140">
        <ele>34</ele>
      </trkpt>
      <trkpt lat="52.644180" lon="13.225600">
        <ele>34.8</ele>
      </trkpt>
      <trkpt lat="52.645860" lon="13.226180">
        <ele>33.1</ele>
      </trkpt>
      <trkpt lat="52.646900" lon="13.227270">
        <ele>35.5</ele>
      </trkpt>
      <trkpt lat="52.648450" lon="13.227450">
        <ele>38.6</ele>
      </trkpt>
      <trkpt lat="52.654450" lon="13.221320">
        <ele>40.9</ele>
      </trkpt>
      <trkpt lat="52.654670" lon="13.221220">
        <ele>41.1</ele>
      </trkpt>
      <trkpt lat="52.656800" lon="13.221400">
        <ele>36.1</ele>
      </trkpt>
      <trkpt lat="52.656700" lon="13.223720">
        <ele>39.9</ele>
      </trkpt>
      <trkpt lat="52.657550" lon="13.224280">
        <ele>36.2</ele>
      </trkpt>
      <trkpt lat="52.657440" lon="13.224960">
        <ele>38.6</ele>
      </trkpt>
      <trkpt lat="52.658120" lon="13.225250">
        <ele>39.6</ele>
      </trkpt>
      <trkpt lat="52.658670" lon="13.224550">
        <ele>36.5</ele>
      </trkpt>
      <trkpt lat="52.659350" lon="13.224690">
        <ele>36.2</ele>
      </trkpt>
      <trkpt lat="52.659380" lon="13.223200">
        <ele>34.2</ele>
      </trkpt>
      <trkpt lat="52.659710" lon="13.223480">
        <ele>34.3</ele>
      </trkpt>
      <trkpt lat="52.660000" lon="13.224260">
        <ele>34.8</ele>
      </trkpt>
      <trkpt lat="52.660620" lon="13.224770">
        <ele>36.3</ele>
      </trkpt>
      <trkpt lat="52.660850" lon="13.225200">
        <ele>36.6</ele>
      </trkpt>
      <trkpt lat="52.661290" lon="13.226840">
        <ele>37.7</ele>
      </trkpt>
      <trkpt lat="52.662310" lon="13.228540">
        <ele>37.9</ele>
      </trkpt>
      <trkpt lat="52.663700" lon="13.229840">
        <ele>34.5</ele>
      </trkpt>
      <trkpt lat="52.664850" lon="13.231960">
        <ele>34.7</ele>
      </trkpt>
      <trkpt lat="52.665010" lon="13.232360">
        <ele>34.5</ele>
      </trkpt>
      <trkpt lat="52.665370" lon="13.232460">
        <ele>33.7</ele>
      </trkpt>
      <trkpt lat="52.666140" lon="13.233520">
        <ele>35.6</ele>
      </trkpt>
      <trkpt lat="52.666340" lon="13.233870">
        <ele>36</ele>
      </trkpt>
      <trkpt lat="52.666720" lon="13.235250">
        <ele>39.1</ele>
      </trkpt>
      <trkpt lat="52.667100" lon="13.235930">
        <ele>39.1</ele>
      </trkpt>
      <trkpt lat="52.667520" lon="13.236350">
        <ele>38.8</ele>
      </trkpt>
      <trkpt lat="52.667930" lon="13.237310">
        <ele>36.4</ele>
      </trkpt>
      <trkpt lat="52.668160" lon="13.237580">
        <ele>35.6</ele>
      </trkpt>
      <trkpt lat="52.668470" lon="13.237630">
        <ele>34.7</ele>
      </trkpt>
      <trkpt lat="52.671420" lon="13.234750">
        <ele>33.8</ele>
      </trkpt>
      <trkpt lat="52.671620" lon="13.234410">
        <ele>33.2</ele>
      </trkpt>
      <trkpt lat="52.671750" lon="13.233910">
        <ele>33</ele>
      </trkpt>
      <trkpt lat="52.671920" lon="13.233540">
        <ele>31.7</ele>
      </trkpt>
      <trkpt lat="52.672080" lon="13.233520">
        <ele>31.1</ele>
      </trkpt>
      <trkpt lat="52.672330" lon="13.233740">
        <ele>30.7</ele>
      </trkpt>
      <trkpt lat="52.672850" lon="13.234530">
        <ele>31.2</ele>
      </trkpt>
      <trkpt lat="52.672950" lon="13.234860">
        <ele>32.5</ele>
      </trkpt>
      <trkpt lat="52.672880" lon="13.235180">
        <ele>33.1</ele>
      </trkpt>
      <trkpt lat="52.672720" lon="13.235380">
        <ele>33.1</ele>
      </trkpt>
      <trkpt lat="52.671950" lon="13.235610">
        <ele>33.5</ele>
      </trkpt>
      <trkpt lat="52.668800" lon="13.238840">
        <ele>36.4</ele>
      </trkpt>
      <trkpt lat="52.668790" lon="13.239060">
        <ele>37.1</ele>
      </trkpt>
      <trkpt lat="52.669490" lon="13.239810">
        <ele>39.2</ele>
      </trkpt>
      <trkpt lat="52.672310" lon="13.240810">
        <ele>34.6</ele>
      </trkpt>
      <trkpt lat="52.672780" lon="13.240880">
        <ele>34.3</ele>
      </trkpt>
      <trkpt lat="52.673570" lon="13.241480">
        <ele>34.6</ele>
      </trkpt>
      <trkpt lat="52.673680" lon="13.241460">
        <ele>34.4</ele>
      </trkpt>
      <trkpt lat="52.673870" lon="13.241020">
        <ele>32.6</ele>
      </trkpt>
      <trkpt lat="52.674020" lon="13.241000">
        <ele>32.4</ele>
      </trkpt>
      <trkpt lat="52.674930" lon="13.241420">
        <ele>33.3</ele>
      </trkpt>
      <trkpt lat="52.677780" lon="13.242230">
        <ele>33.1</ele>
      </trkpt>
      <trkpt lat="52.678180" lon="13.242130">
        <ele>33.3</ele>
      </trkpt>
      <trkpt lat="52.679230" lon="13.241510">
        <ele>34.7</ele>
      </trkpt>
      <trkpt lat="52.680330" lon="13.241660">
        <ele>34.3</ele>
      </trkpt>
      <trkpt lat="52.680590" lon="13.241850">
        <ele>34</ele>
      </trkpt>
      <trkpt lat="52.681730" lon="13.243110">
        <ele>35</ele>
      </trkpt>
      <trkpt lat="52.681740" lon="13.244140">
        <ele>37.7</ele>
      </trkpt>
      <trkpt lat="52.682550" lon="13.245350">
        <ele>39.7</ele>
      </trkpt>
      <trkpt lat="52.683080" lon="13.246310">
        <ele>41.2</ele>
      </trkpt>
      <trkpt lat="52.684130" lon="13.249670">
        <ele>38</ele>
      </trkpt>
      <trkpt lat="52.684180" lon="13.250250">
        <ele>39.1</ele>
      </trkpt>
      <trkpt lat="52.684210" lon="13.251920">
        <ele>38.2</ele>
      </trkpt>
      <trkpt lat="52.684540" lon="13.255140">
        <ele>35.6</ele>
      </trkpt>
      <trkpt lat="52.684610" lon="13.258150">
        <ele>38</ele>
      </trkpt>
      <trkpt lat="52.684740" lon="13.259050">
        <ele>36.9</ele>
      </trkpt>
      <trkpt lat="52.684960" lon="13.259720">
        <ele>36.7</ele>
      </trkpt>
      <trkpt lat="52.685480" lon="13.260450">
        <ele>37.3</ele>
      </trkpt>
      <trkpt lat="52.685840" lon="13.260890">
        <ele>36.9</ele>
      </trkpt>
      <trkpt lat="52.686330" lon="13.261810">
        <ele>37.1</ele>
      </trkpt>
      <trkpt lat="52.687330" lon="13.262240">
        <ele>37.3</ele>
      </trkpt>
      <trkpt lat="52.686830" lon="13.263280">
        <ele>38.7</ele>
      </trkpt>
      <trkpt lat="52.686710" lon="13.263660">
        <ele>38.9</ele>
      </trkpt>
      <trkpt lat="52.686090" lon="13.266800">
        <ele>38.8</ele>
      </trkpt>
      <trkpt lat="52.687800" lon="13.267680">
        <ele>39.3</ele>
      </trkpt>
      <trkpt lat="52.687620" lon="13.268180">
        <ele>39.7</ele>
      </trkpt>
      <trkpt lat="52.687450" lon="13.268830">
        <ele>39.9</ele>
      </trkpt>
      <trkpt lat="52.686690" lon="13.270410">
        <ele>39.2</ele>
      </trkpt>
      <trkpt lat="52.686260" lon="13.271520">
        <ele>39.2</ele>
      </trkpt>
      <trkpt lat="52.686160" lon="13.271970">
        <ele>39.2</ele>
      </trkpt>
      <trkpt lat="52.686130" lon="13.272470">
        <ele>39.2</ele>
      </trkpt>
      <trkpt lat="52.686200" lon="13.273040">
        <ele>38.7</ele>
      </trkpt>
      <trkpt lat="52.686940" lon="13.274270">
        <ele>39.2</ele>
      </trkpt>
      <trkpt lat="52.687360" lon="13.274780">
        <ele>40.4</ele>
      </trkpt>
      <trkpt lat="52.688110" lon="13.275230">
        <ele>42.4</ele>
      </trkpt>
      <trkpt lat="52.688240" lon="13.275420">
        <ele>42.4</ele>
      </trkpt>
      <trkpt lat="52.688540" lon="13.276360">
        <ele>41.3</ele>
      </trkpt>
      <trkpt lat="52.689730" lon="13.276640">
        <ele>41.1</ele>
      </trkpt>
      <trkpt lat="52.690560" lon="13.277910">
        <ele>40.9</ele>
      </trkpt>
      <trkpt lat="52.689720" lon="13.279620">
        <ele>38.3</ele>
      </trkpt>
      <trkpt lat="52.689080" lon="13.281320">
        <ele>38.5</ele>
      </trkpt>
      <trkpt lat="52.688840" lon="13.282110">
        <ele>38.6</ele>
      </trkpt>
      <trkpt lat="52.688600" lon="13.282450">
        <ele>39.4</ele>
      </trkpt>
      <trkpt lat="52.688780" lon="13.282780">
        <ele>39.9</ele>
      </trkpt>
      <trkpt lat="52.688220" lon="13.285730">
        <ele>47</ele>
      </trkpt>
      <trkpt lat="52.687640" lon="13.288220">
        <ele>49.4</ele>
      </trkpt>
      <trkpt lat="52.688070" lon="13.288410">
        <ele>48.5</ele>
      </trkpt>
      <trkpt lat="52.689040" lon="13.288250">
        <ele>46.7</ele>
      </trkpt>
      <trkpt lat="52.693510" lon="13.286660">
        <ele>41.9</ele>
      </trkpt>
      <trkpt lat="52.695620" lon="13.285510">
        <ele>42.4</ele>
      </trkpt>
      <trkpt lat="52.695790" lon="13.286310">
        <ele>42.9</ele>
      </trkpt>
      <trkpt lat="52.695930" lon="13.286320">
        <ele>43</ele>
      </trkpt>
      <trkpt lat="52.696350" lon="13.289460">
        <ele>45.8</ele>
      </trkpt>
      <trkpt lat="52.697220" lon="13.289680">
        <ele>48.2</ele>
      </trkpt>
      <trkpt lat="52.697550" lon="13.289920">
        <ele>48</ele>
      </trkpt>
      <trkpt lat="52.699440" lon="13.292150">
        <ele>50.2</ele>
      </trkpt>
      <trkpt lat="52.700250" lon="13.294400">
        <ele>52.7</ele>
      </trkpt>
      <trkpt lat="52.700480" lon="13.294850">
        <ele>54.2</ele>
      </trkpt>
      <trkpt lat="52.701930" lon="13.296420">
        <ele>53.2</ele>
      </trkpt>
      <trkpt lat="52.702980" lon="13.298210">
        <ele>53</ele>
      </trkpt>
      <trkpt lat="52.703350" lon="13.298590">
        <ele>52.3</ele>
      </trkpt>
      <trkpt lat="52.703930" lon="13.299070">
        <ele>50</ele>
      </trkpt>
      <trkpt lat="52.704020" lon="13.300150">
        <ele>45.6</ele>
      </trkpt>
      <trkpt lat="52.704520" lon="13.299940">
        <ele>44</ele>
      </trkpt>
      <trkpt lat="52.705280" lon="13.300060">
        <ele>43.9</ele>
      </trkpt>
      <trkpt lat="52.706620" lon="13.299650">
        <ele>52.8</ele>
      </trkpt>
      <trkpt lat="52.707870" lon="13.299840">
        <ele>57.7</ele>
      </trkpt>
      <trkpt lat="52.708290" lon="13.299570">
        <ele>58.1</ele>
      </trkpt>
      <trkpt lat="52.711090" lon="13.291740">
        <ele>56.3</ele>
      </trkpt>
      <trkpt lat="52.711080" lon="13.290510">
        <ele>51.5</ele>
      </trkpt>
      <trkpt lat="52.711110" lon="13.290070">
        <ele>50.3</ele>
      </trkpt>
      <trkpt lat="52.711390" lon="13.289100">
        <ele>51.1</ele>
      </trkpt>
      <trkpt lat="52.711580" lon="13.288280">
        <ele>53.1</ele>
      </trkpt>
      <trkpt lat="52.711610" lon="13.287380">
        <ele>55.1</ele>
      </trkpt>
      <trkpt lat="52.713150" lon="13.283280">
        <ele>55.6</ele>
      </trkpt>
      <trkpt lat="52.713600" lon="13.282180">
        <ele>51.8</ele>
      </trkpt>
      <trkpt lat="52.713980" lon="13.281570">
        <ele>49</ele>
      </trkpt>
      <trkpt lat="52.714450" lon="13.277360">
        <ele>42</ele>
      </trkpt>
      <trkpt lat="52.715400" lon="13.267250">
        <ele>41.2</ele>
      </trkpt>
      <trkpt lat="52.715720" lon="13.264320">
        <ele>43.4</ele>
      </trkpt>
      <trkpt lat="52.717750" lon="13.267600">
        <ele>42.7</ele>
      </trkpt>
      <trkpt lat="52.719430" lon="13.267750">
        <ele>40.9</ele>
      </trkpt>
      <trkpt lat="52.721380" lon="13.267330">
        <ele>44.6</ele>
      </trkpt>
      <trkpt lat="52.722950" lon="13.267320">
        <ele>46.1</ele>
      </trkpt>
      <trkpt lat="52.726290" lon="13.266870">
        <ele>45.2</ele>
      </trkpt>
      <trkpt lat="52.735040" lon="13.264430">
        <ele>40.6</ele>
      </trkpt>
      <trkpt lat="52.737490" lon="13.262980">
        <ele>36</ele>
      </trkpt>
      <trkpt lat="52.737730" lon="13.262900">
        <ele>36.1</ele>
      </trkpt>
      <trkpt lat="52.740410" lon="13.262620">
        <ele>35.2</ele>
      </trkpt>
      <trkpt lat="52.741110" lon="13.262800">
        <ele>35.3</ele>
      </trkpt>
      <trkpt lat="52.741320" lon="13.262740">
        <ele>35.2</ele>
      </trkpt>
      <trkpt lat="52.741640" lon="13.262260">
        <ele>35</ele>
      </trkpt>
      <trkpt lat="52.743010" lon="13.258280">
        <ele>31</ele>
      </trkpt>
      <trkpt lat="52.743760" lon="13.256280">
        <ele>34.2</ele>
      </trkpt>
      <trkpt lat="52.744680" lon="13.255390">
        <ele>34.1</ele>
      </trkpt>
      <trkpt lat="52.747840" lon="13.256570">
        <ele>36.4</ele>
      </trkpt>
      <trkpt lat="52.750841" lon="13.256049">
        <ele>34.2</ele>
      </trkpt>
      <trkpt lat="52.750940" lon="13.257180">
        <ele>34.5</ele>
      </trkpt>
      <trkpt lat="52.751390" lon="13.258220">
        <ele>35</ele>
      </trkpt>
      <trkpt lat="52.751870" lon="13.258640">
        <ele>35</ele>
      </trkpt>
      <trkpt lat="52.753700" lon="13.258450">
        <ele>35.1</ele>
      </trkpt>
      <trkpt lat="52.753870" lon="13.260790">
        <ele>34.9</ele>
      </trkpt>
      <trkpt lat="52.753960" lon="13.260980">
        <ele>34.4</ele>
      </trkpt>
      <trkpt lat="52.754460" lon="13.261400">
        <ele>35.6</ele>
      </trkpt>
      <trkpt lat="52.754810" lon="13.262080">
        <ele>35</ele>
      </trkpt>
      <trkpt lat="52.755390" lon="13.263340">
        <ele>33.3</ele>
      </trkpt>
      <trkpt lat="52.755840" lon="13.264200">
        <ele>36.3</ele>
      </trkpt>
      <trkpt lat="52.756290" lon="13.264700">
        <ele>38.2</ele>
      </trkpt>
      <trkpt lat="52.756740" lon="13.265360">
        <ele>38.8</ele>
      </trkpt>
      <trkpt lat="52.757010" lon="13.267550">
        <ele>37.2</ele>
      </trkpt>
      <trkpt lat="52.756800" lon="13.268310">
        <ele>36.5</ele>
      </trkpt>
      <trkpt lat="52.756750" lon="13.268770">
        <ele>36.3</ele>
      </trkpt>
      <trkpt lat="52.756790" lon="13.269040">
        <ele>35.2</ele>
      </trkpt>
      <trkpt lat="52.757780" lon="13.269980">
        <ele>38.3</ele>
      </trkpt>
      <trkpt lat="52.759070" lon="13.270790">
        <ele>33.2</ele>
      </trkpt>
      <trkpt lat="52.760050" lon="13.270910">
        <ele>34.1</ele>
      </trkpt>
      <trkpt lat="52.760900" lon="13.271780">
        <ele>36.1</ele>
      </trkpt>
      <trkpt lat="52.762080" lon="13.272460">
        <ele>37.5</ele>
      </trkpt>
      <trkpt lat="52.763580" lon="13.275160">
        <ele>39.2</ele>
      </trkpt>
      <trkpt lat="52.763930" lon="13.275650">
        <ele>39.2</ele>
      </trkpt>
      <trkpt lat="52.764140" lon="13.276430">
        <ele>39.1</ele>
      </trkpt>
      <trkpt lat="52.764330" lon="13.276800">
        <ele>39</ele>
      </trkpt>
      <trkpt lat="52.764550" lon="13.277050">
        <ele>38.7</ele>
      </trkpt>
      <trkpt lat="52.764750" lon="13.277050">
        <ele>38.6</ele>
      </trkpt>
      <trkpt lat="52.764970" lon="13.276830">
        <ele>38.6</ele>
      </trkpt>
      <trkpt lat="52.765390" lon="13.276680">
        <ele>37.2</ele>
      </trkpt>
      <trkpt lat="52.765660" lon="13.277290">
        <ele>36.6</ele>
      </trkpt>
      <trkpt lat="52.765810" lon="13.278550">
        <ele>36.2</ele>
      </trkpt>
      <trkpt lat="52.765570" lon="13.280640">
        <ele>35.3</ele>
      </trkpt>
      <trkpt lat="52.765360" lon="13.283690">
        <ele>38.6</ele>
      </trkpt>
      <trkpt lat="52.765300" lon="13.284990">
        <ele>41.6</ele>
      </trkpt>
      <trkpt lat="52.765180" lon="13.285930">
        <ele>43</ele>
      </trkpt>
      <trkpt lat="52.764560" lon="13.288940">
        <ele>46.1</ele>
      </trkpt>
      <trkpt lat="52.764250" lon="13.291500">
        <ele>47.8</ele>
      </trkpt>
      <trkpt lat="52.764140" lon="13.292440">
        <ele>47.9</ele>
      </trkpt>
      <trkpt lat="52.764240" lon="13.293990">
        <ele>48.7</ele>
      </trkpt>
      <trkpt lat="52.778070" lon="13.306580">
        <ele>48.5</ele>
      </trkpt>
      <trkpt lat="52.779040" lon="13.307540">
        <ele>51.8</ele>
      </trkpt>
      <trkpt lat="52.781210" lon="13.309490">
        <ele>53.1</ele>
      </trkpt>
      <trkpt lat="52.781640" lon="13.308550">
        <ele>53.2</ele>
      </trkpt>
      <trkpt lat="52.783940" lon="13.304550">
        <ele>52.4</ele>
      </trkpt>
      <trkpt lat="52.785020" lon="13.301320">
        <ele>53</ele>
      </trkpt>
      <trkpt lat="52.785210" lon="13.300860">
        <ele>52.3</ele>
      </trkpt>
      <trkpt lat="52.785770" lon="13.299760">
        <ele>51.2</ele>
      </trkpt>
      <trkpt lat="52.786490" lon="13.296880">
        <ele>49.3</ele>
      </trkpt>
      <trkpt lat="52.786710" lon="13.295150">
        <ele>45.6</ele>
      </trkpt>
      <trkpt lat="52.787720" lon="13.293380">
        <ele>46.8</ele>
      </trkpt>
      <trkpt lat="52.788131" lon="13.292787">
        <ele>47.7</ele>
      </trkpt>
      <trkpt lat="52.802920" lon="13.316130">
        <ele>52.8</ele>
      </trkpt>
      <trkpt lat="52.805030" lon="13.319330">
        <ele>49</ele>
      </trkpt>
      <trkpt lat="52.807210" lon="13.326860">
        <ele>45.7</ele>
      </trkpt>
      <trkpt lat="52.808200" lon="13.329080">
        <ele>46.1</ele>
      </trkpt>
      <trkpt lat="52.810560" lon="13.331590">
        <ele>44</ele>
      </trkpt>
      <trkpt lat="52.812770" lon="13.334030">
        <ele>41.4</ele>
      </trkpt>
      <trkpt lat="52.813540" lon="13.335250">
        <ele>38.9</ele>
      </trkpt>
      <trkpt lat="52.815220" lon="13.339140">
        <ele>46.4</ele>
      </trkpt>
      <trkpt lat="52.816480" lon="13.341380">
        <ele>49.6</ele>
      </trkpt>
      <trkpt lat="52.817260" lon="13.342520">
        <ele>52.3</ele>
      </trkpt>
      <trkpt lat="52.818230" lon="13.343560">
        <ele>53.2</ele>
      </trkpt>
      <trkpt lat="52.819330" lon="13.344440">
        <ele>52</ele>
      </trkpt>
      <trkpt lat="52.821240" lon="13.346520">
        <ele>54.8</ele>
      </trkpt>
      <trkpt lat="52.824440" lon="13.349610">
        <ele>43.8</ele>
      </trkpt>
      <trkpt lat="52.825770" lon="13.352430">
        <ele>47.8</ele>
      </trkpt>
      <trkpt lat="52.828650" lon="13.360220">
        <ele>45.8</ele>
      </trkpt>
      <trkpt lat="52.828690" lon="13.361560">
        <ele>42.3</ele>
      </trkpt>
      <trkpt lat="52.828680" lon="13.362330">
        <ele>41.2</ele>
      </trkpt>
      <trkpt lat="52.828760" lon="13.363080">
        <ele>43.6</ele>
      </trkpt>
      <trkpt lat="52.829010" lon="13.363760">
        <ele>45.6</ele>
      </trkpt>
      <trkpt lat="52.829390" lon="13.364460">
        <ele>47</ele>
      </trkpt>
      <trkpt lat="52.829650" lon="13.365520">
        <ele>48.1</ele>
      </trkpt>
      <trkpt lat="52.829860" lon="13.366720">
        <ele>49.4</ele>
      </trkpt>
      <trkpt lat="52.829650" lon="13.369550">
        <ele>52.1</ele>
      </trkpt>
      <trkpt lat="52.829780" lon="13.374970">
        <ele>56.8</ele>
      </trkpt>
      <trkpt lat="52.829770" lon="13.382990">
        <ele>48.5</ele>
      </trkpt>
      <trkpt lat="52.836150" lon="13.394490">
        <ele>48.7</ele>
      </trkpt>
      <trkpt lat="52.836900" lon="13.395920">
        <ele>48.2</ele>
      </trkpt>
      <trkpt lat="52.837310" lon="13.396830">
        <ele>48.7</ele>
      </trkpt>
      <trkpt lat="52.839510" lon="13.405150">
        <ele>45.9</ele>
      </trkpt>
      <trkpt lat="52.839600" lon="13.405860">
        <ele>45.1</ele>
      </trkpt>
      <trkpt lat="52.839560" lon="13.406430">
        <ele>43.7</ele>
      </trkpt>
      <trkpt lat="52.841166" lon="13.405852">
        <ele>38.2</ele>
      </trkpt>
      <trkpt lat="52.843759" lon="13.404571">
        <ele>44.1</ele>
      </trkpt>
      <trkpt lat="52.849796" lon="13.403296">
        <ele>36</ele>
      </trkpt>
      <trkpt lat="52.851923" lon="13.403423">
        <ele>37.5</ele>
      </trkpt>
      <trkpt lat="52.853041" lon="13.403343">
        <ele>37.6</ele>
      </trkpt>
      <trkpt lat="52.853644" lon="13.403078">
        <ele>37.5</ele>
      </trkpt>
      <trkpt lat="52.857728" lon="13.398930">
        <ele>40</ele>
      </trkpt>
      <trkpt lat="52.858307" lon="13.398603">
        <ele>39.8</ele>
      </trkpt>
      <trkpt lat="52.863346" lon="13.397330">
        <ele>39.1</ele>
      </trkpt>
      <trkpt lat="52.864294" lon="13.396728">
        <ele>39.1</ele>
      </trkpt>
      <trkpt lat="52.865020" lon="13.396670">
        <ele>38.9</ele>
      </trkpt>
      <trkpt lat="52.865791" lon="13.396389">
        <ele>38.3</ele>
      </trkpt>
      <trkpt lat="52.866177" lon="13.395432">
        <ele>38.6</ele>
      </trkpt>
      <trkpt lat="52.866632" lon="13.394795">
        <ele>38.3</ele>
      </trkpt>
      <trkpt lat="52.868422" lon="13.393760">
        <ele>38.3</ele>
      </trkpt>
      <trkpt lat="52.868422" lon="13.393760">
        <ele>38.3</ele>
      </trkpt>
      <trkpt lat="52.868820" lon="13.393530">
        <ele>38.8</ele>
      </trkpt>
      <trkpt lat="52.869276" lon="13.393353">
        <ele>39.2</ele>
      </trkpt>
      <trkpt lat="52.869931" lon="13.393643">
        <ele>40.2</ele>
      </trkpt>
      <trkpt lat="52.870983" lon="13.394373">
        <ele>41.6</ele>
      </trkpt>
      <trkpt lat="52.871323" lon="13.394408">
        <ele>42</ele>
      </trkpt>
      <trkpt lat="52.871229" lon="13.389196">
        <ele>42.1</ele>
      </trkpt>
      <trkpt lat="52.873253" lon="13.388673">
        <ele>41.1</ele>
      </trkpt>
      <trkpt lat="52.873569" lon="13.388393">
        <ele>41</ele>
      </trkpt>
      <trkpt lat="52.873831" lon="13.387156">
        <ele>39.3</ele>
      </trkpt>
      <trkpt lat="52.873652" lon="13.385681">
        <ele>39.6</ele>
      </trkpt>
      <trkpt lat="52.873667" lon="13.385267">
        <ele>39.7</ele>
      </trkpt>
      <trkpt lat="52.873860" lon="13.383710">
        <ele>39.4</ele>
      </trkpt>
      <trkpt lat="52.873902" lon="13.382318">
        <ele>42.3</ele>
      </trkpt>
      <trkpt lat="52.874206" lon="13.381873">
        <ele>43.5</ele>
      </trkpt>
      <trkpt lat="52.874616" lon="13.382241">
        <ele>43.4</ele>
      </trkpt>
      <trkpt lat="52.874908" lon="13.382122">
        <ele>43.2</ele>
      </trkpt>
      <trkpt lat="52.875125" lon="13.381832">
        <ele>43</ele>
      </trkpt>
      <trkpt lat="52.875519" lon="13.381158">
        <ele>40.9</ele>
      </trkpt>
      <trkpt lat="52.875892" lon="13.380809">
        <ele>40.3</ele>
      </trkpt>
      <trkpt lat="52.876349" lon="13.380840">
        <ele>40.2</ele>
      </trkpt>
      <trkpt lat="52.877187" lon="13.381297">
        <ele>42.1</ele>
      </trkpt>
      <trkpt lat="52.881361" lon="13.381748">
        <ele>48</ele>
      </trkpt>
      <trkpt lat="52.883125" lon="13.382179">
        <ele>53.3</ele>
      </trkpt>
      <trkpt lat="52.883620" lon="13.382170">
        <ele>50</ele>
      </trkpt>
      <trkpt lat="52.889239" lon="13.381503">
        <ele>47.5</ele>
      </trkpt>
      <trkpt lat="52.889802" lon="13.381114">
        <ele>45.2</ele>
      </trkpt>
      <trkpt lat="52.890317" lon="13.381032">
        <ele>44.2</ele>
      </trkpt>
      <trkpt lat="52.892235" lon="13.381940">
        <ele>40.6</ele>
      </trkpt>
      <trkpt lat="52.892581" lon="13.380131">
        <ele>42.7</ele>
      </trkpt>
      <trkpt lat="52.894944" lon="13.380682">
        <ele>43.8</ele>
      </trkpt>
      <trkpt lat="52.898421" lon="13.380290">
        <ele>43.3</ele>
      </trkpt>
      <trkpt lat="52.899839" lon="13.380597">
        <ele>41.7</ele>
      </trkpt>
      <trkpt lat="52.907242" lon="13.382743">
        <ele>42.4</ele>
      </trkpt>
      <trkpt lat="52.908357" lon="13.382752">
        <ele>43</ele>
      </trkpt>
      <trkpt lat="52.910644" lon="13.382180">
        <ele>43.8</ele>
      </trkpt>
      <trkpt lat="52.912618" lon="13.380862">
        <ele>42.7</ele>
      </trkpt>
      <trkpt lat="52.914076" lon="13.380102">
        <ele>44.2</ele>
      </trkpt>
      <trkpt lat="52.915098" lon="13.379937">
        <ele>44.5</ele>
      </trkpt>
      <trkpt lat="52.916508" lon="13.379991">
        <ele>43.8</ele>
      </trkpt>
      <trkpt lat="52.917707" lon="13.380395">
        <ele>41.8</ele>
      </trkpt>
      <trkpt lat="52.918817" lon="13.381028">
        <ele>41.9</ele>
      </trkpt>
      <trkpt lat="52.920393" lon="13.381708">
        <ele>42.3</ele>
      </trkpt>
      <trkpt lat="52.922088" lon="13.382073">
        <ele>42.4</ele>
      </trkpt>
      <trkpt lat="52.923590" lon="13.382061">
        <ele>41.8</ele>
      </trkpt>
      <trkpt lat="52.925055" lon="13.381599">
        <ele>41.1</ele>
      </trkpt>
      <trkpt lat="52.926659" lon="13.380526">
        <ele>42.8</ele>
      </trkpt>
      <trkpt lat="52.928701" lon="13.378337">
        <ele>43.8</ele>
      </trkpt>
      <trkpt lat="52.930079" lon="13.377047">
        <ele>41.9</ele>
      </trkpt>
      <trkpt lat="52.931219" lon="13.376389">
        <ele>41.8</ele>
      </trkpt>
      <trkpt lat="52.932587" lon="13.376363">
        <ele>41.9</ele>
      </trkpt>
      <trkpt lat="52.937322" lon="13.377690">
        <ele>40.2</ele>
      </trkpt>
      <trkpt lat="52.939587" lon="13.378202">
        <ele>42.5</ele>
      </trkpt>
      <trkpt lat="52.941879" lon="13.378241">
        <ele>42.9</ele>
      </trkpt>
      <trkpt lat="52.945228" lon="13.377671">
        <ele>41.6</ele>
      </trkpt>
      <trkpt lat="52.945686" lon="13.377435">
        <ele>41.1</ele>
      </trkpt>
      <trkpt lat="52.946163" lon="13.376709">
        <ele>41.1</ele>
      </trkpt>
      <trkpt lat="52.946766" lon="13.377187">
        <ele>41.2</ele>
      </trkpt>
      <trkpt lat="52.948344" lon="13.376334">
        <ele>41.3</ele>
      </trkpt>
      <trkpt lat="52.949419" lon="13.375475">
        <ele>41.6</ele>
      </trkpt>
      <trkpt lat="52.950665" lon="13.374112">
        <ele>42.3</ele>
      </trkpt>
      <trkpt lat="52.953530" lon="13.369577">
        <ele>42.3</ele>
      </trkpt>
      <trkpt lat="52.954703" lon="13.367521">
        <ele>42.7</ele>
      </trkpt>
      <trkpt lat="52.958367" lon="13.359358">
        <ele>42.5</ele>
      </trkpt>
      <trkpt lat="52.960187" lon="13.356086">
        <ele>42.9</ele>
      </trkpt>
      <trkpt lat="52.961678" lon="13.353928">
        <ele>41.7</ele>
      </trkpt>
      <trkpt lat="52.962812" lon="13.352910">
        <ele>42.2</ele>
      </trkpt>
      <trkpt lat="52.965745" lon="13.350926">
        <ele>42.3</ele>
      </trkpt>
      <trkpt lat="52.969529" lon="13.349013">
        <ele>42.1</ele>
      </trkpt>
      <trkpt lat="52.973495" lon="13.346820">
        <ele>44.6</ele>
      </trkpt>
      <trkpt lat="52.974392" lon="13.346120">
        <ele>44</ele>
      </trkpt>
      <trkpt lat="52.976064" lon="13.344441">
        <ele>43</ele>
      </trkpt>
      <trkpt lat="52.975908" lon="13.343785">
        <ele>43.1</ele>
      </trkpt>
      <trkpt lat="52.975522" lon="13.343016">
        <ele>45.5</ele>
      </trkpt>
      <trkpt lat="52.975118" lon="13.341783">
        <ele>52.6</ele>
      </trkpt>
      <trkpt lat="52.976721" lon="13.339516">
        <ele>53.4</ele>
      </trkpt>
      <trkpt lat="52.976952" lon="13.338600">
        <ele>56</ele>
      </trkpt>
      <trkpt lat="52.977042" lon="13.337358">
        <ele>56.9</ele>
      </trkpt>
      <trkpt lat="52.977599" lon="13.337369">
        <ele>52.7</ele>
      </trkpt>
      <trkpt lat="52.978129" lon="13.337631">
        <ele>46.7</ele>
      </trkpt>
      <trkpt lat="52.978225" lon="13.338222">
        <ele>46.2</ele>
      </trkpt>
      <trkpt lat="52.978469" lon="13.338932">
        <ele>44.6</ele>
      </trkpt>
      <trkpt lat="52.979455" lon="13.338017">
        <ele>43.6</ele>
      </trkpt>
      <trkpt lat="52.980455" lon="13.336002">
        <ele>44.1</ele>
      </trkpt>
      <trkpt lat="52.980830" lon="13.335101">
        <ele>44.1</ele>
      </trkpt>
      <trkpt lat="52.981119" lon="13.334817">
        <ele>43.5</ele>
      </trkpt>
      <trkpt lat="52.981210" lon="13.334500">
        <ele>43.7</ele>
      </trkpt>
      <trkpt lat="52.979472" lon="13.332402">
        <ele>50</ele>
      </trkpt>
      <trkpt lat="52.976450" lon="13.330070">
        <ele>52</ele>
      </trkpt>
      <trkpt lat="52.977242" lon="13.327947">
        <ele>49.7</ele>
      </trkpt>
      <trkpt lat="52.977884" lon="13.326879">
        <ele>48.7</ele>
      </trkpt>
      <trkpt lat="52.979031" lon="13.324506">
        <ele>47</ele>
      </trkpt>
      <trkpt lat="52.979372" lon="13.323556">
        <ele>46.6</ele>
      </trkpt>
      <trkpt lat="52.980415" lon="13.320338">
        <ele>46</ele>
      </trkpt>
      <trkpt lat="52.981230" lon="13.318130">
        <ele>44.9</ele>
      </trkpt>
      <trkpt lat="52.981882" lon="13.318578">
        <ele>44.5</ele>
      </trkpt>
      <trkpt lat="52.984910" lon="13.319133">
        <ele>42.9</ele>
      </trkpt>
      <trkpt lat="52.987914" lon="13.319881">
        <ele>43.8</ele>
      </trkpt>
      <trkpt lat="52.988854" lon="13.319751">
        <ele>44.5</ele>
      </trkpt>
      <trkpt lat="52.993001" lon="13.320688">
        <ele>44.1</ele>
      </trkpt>
      <trkpt lat="52.993288" lon="13.320224">
        <ele>44.1</ele>
      </trkpt>
      <trkpt lat="52.996835" lon="13.321101">
        <ele>47.8</ele>
      </trkpt>
      <trkpt lat="52.998369" lon="13.321702">
        <ele>49.5</ele>
      </trkpt>
      <trkpt lat="52.998863" lon="13.321721">
        <ele>46.2</ele>
      </trkpt>
      <trkpt lat="53.000202" lon="13.319783">
        <ele>48.6</ele>
      </trkpt>
      <trkpt lat="53.003293" lon="13.314889">
        <ele>47.8</ele>
      </trkpt>
      <trkpt lat="53.003564" lon="13.314365">
        <ele>48.4</ele>
      </trkpt>
      <trkpt lat="53.005435" lon="13.315610">
        <ele>44.8</ele>
      </trkpt>
      <trkpt lat="53.006443" lon="13.315815">
        <ele>45.2</ele>
      </trkpt>
      <trkpt lat="53.007480" lon="13.316247">
        <ele>44.8</ele>
      </trkpt>
      <trkpt lat="53.007902" lon="13.316021">
        <ele>45</ele>
      </trkpt>
      <trkpt lat="53.008774" lon="13.316019">
        <ele>44.5</ele>
      </trkpt>
      <trkpt lat="53.009691" lon="13.316781">
        <ele>45.6</ele>
      </trkpt>
      <trkpt lat="53.010073" lon="13.316894">
        <ele>45.8</ele>
      </trkpt>
      <trkpt lat="53.010738" lon="13.316409">
        <ele>45.2</ele>
      </trkpt>
      <trkpt lat="53.011231" lon="13.315220">
        <ele>45</ele>
      </trkpt>
      <trkpt lat="53.011642" lon="13.314546">
        <ele>45.1</ele>
      </trkpt>
      <trkpt lat="53.012017" lon="13.314389">
        <ele>45.5</ele>
      </trkpt>
      <trkpt lat="53.012638" lon="13.314616">
        <ele>46</ele>
      </trkpt>
      <trkpt lat="53.013243" lon="13.314542">
        <ele>44.5</ele>
      </trkpt>
      <trkpt lat="53.013812" lon="13.313987">
        <ele>44.4</ele>
      </trkpt>
      <trkpt lat="53.014061" lon="13.313565">
        <ele>48.1</ele>
      </trkpt>
      <trkpt lat="53.014685" lon="13.312971">
        <ele>48.2</ele>
      </trkpt>
      <trkpt lat="53.015250" lon="13.312028">
        <ele>50.1</ele>
      </trkpt>
      <trkpt lat="53.015760" lon="13.311364">
        <ele>49.4</ele>
      </trkpt>
      <trkpt lat="53.016361" lon="13.311140">
        <ele>48.5</ele>
      </trkpt>
      <trkpt lat="53.016831" lon="13.310606">
        <ele>48.1</ele>
      </trkpt>
      <trkpt lat="53.017407" lon="13.309590">
        <ele>47.6</ele>
      </trkpt>
      <trkpt lat="53.018944" lon="13.307133">
        <ele>46.9</ele>
      </trkpt>
      <trkpt lat="53.019142" lon="13.306870">
        <ele>46.2</ele>
      </trkpt>
      <trkpt lat="53.019353" lon="13.307010">
        <ele>47</ele>
      </trkpt>
      <trkpt lat="53.020259" lon="13.308562">
        <ele>50.7</ele>
      </trkpt>
      <trkpt lat="53.020361" lon="13.308975">
        <ele>50</ele>
      </trkpt>
      <trkpt lat="53.020691" lon="13.309559">
        <ele>45.1</ele>
      </trkpt>
      <trkpt lat="53.021694" lon="13.309421">
        <ele>44.1</ele>
      </trkpt>
      <trkpt lat="53.022115" lon="13.309702">
        <ele>44.1</ele>
      </trkpt>
      <trkpt lat="53.022718" lon="13.310433">
        <ele>44.1</ele>
      </trkpt>
      <trkpt lat="53.028951" lon="13.311160">
        <ele>47.8</ele>
      </trkpt>
      <trkpt lat="53.029272" lon="13.311476">
        <ele>47.5</ele>
      </trkpt>
      <trkpt lat="53.029490" lon="13.311450">
        <ele>47.3</ele>
      </trkpt>
      <trkpt lat="53.029540" lon="13.310400">
        <ele>47.4</ele>
      </trkpt>
      <trkpt lat="53.029720" lon="13.310220">
        <ele>47.2</ele>
      </trkpt>
      <trkpt lat="53.029730" lon="13.310000">
        <ele>47.2</ele>
      </trkpt>
      <trkpt lat="53.029010" lon="13.309870">
        <ele>47.8</ele>
      </trkpt>
      <trkpt lat="53.029350" lon="13.305470">
        <ele>47.1</ele>
      </trkpt>
      <trkpt lat="53.029490" lon="13.301580">
        <ele>47.2</ele>
      </trkpt>
      <trkpt lat="53.029690" lon="13.297760">
        <ele>49.7</ele>
      </trkpt>
      <trkpt lat="53.029710" lon="13.296040">
        <ele>51.5</ele>
      </trkpt>
      <trkpt lat="53.029590" lon="13.295370">
        <ele>50.9</ele>
      </trkpt>
      <trkpt lat="53.034090" lon="13.299170">
        <ele>51.7</ele>
      </trkpt>
      <trkpt lat="53.034280" lon="13.299280">
        <ele>51.5</ele>
      </trkpt>
      <trkpt lat="53.035340" lon="13.301000">
        <ele>44.7</ele>
      </trkpt>
      <trkpt lat="53.035460" lon="13.301350">
        <ele>44.3</ele>
      </trkpt>
      <trkpt lat="53.035850" lon="13.305140">
        <ele>45.1</ele>
      </trkpt>
      <trkpt lat="53.036120" lon="13.308700">
        <ele>45.6</ele>
      </trkpt>
      <trkpt lat="53.036720" lon="13.308938">
        <ele>46.5</ele>
      </trkpt>
      <trkpt lat="53.037214" lon="13.308957">
        <ele>47.2</ele>
      </trkpt>
      <trkpt lat="53.037706" lon="13.308290">
        <ele>47.9</ele>
      </trkpt>
      <trkpt lat="53.038018" lon="13.307382">
        <ele>47</ele>
      </trkpt>
      <trkpt lat="53.038624" lon="13.306278">
        <ele>45.4</ele>
      </trkpt>
      <trkpt lat="53.039095" lon="13.305699">
        <ele>47.1</ele>
      </trkpt>
      <trkpt lat="53.039581" lon="13.304196">
        <ele>48.2</ele>
      </trkpt>
      <trkpt lat="53.040166" lon="13.303702">
        <ele>47.4</ele>
      </trkpt>
      <trkpt lat="53.040997" lon="13.304098">
        <ele>45.2</ele>
      </trkpt>
      <trkpt lat="53.042512" lon="13.303712">
        <ele>44.8</ele>
      </trkpt>
      <trkpt lat="53.043215" lon="13.303185">
        <ele>45.1</ele>
      </trkpt>
      <trkpt lat="53.043534" lon="13.302576">
        <ele>44.9</ele>
      </trkpt>
      <trkpt lat="53.043637" lon="13.301706">
        <ele>46.1</ele>
      </trkpt>
      <trkpt lat="53.043383" lon="13.300770">
        <ele>45.6</ele>
      </trkpt>
      <trkpt lat="53.043907" lon="13.300464">
        <ele>47.2</ele>
      </trkpt>
      <trkpt lat="53.044471" lon="13.299804">
        <ele>47.4</ele>
      </trkpt>
      <trkpt lat="53.045029" lon="13.299531">
        <ele>48.2</ele>
      </trkpt>
      <trkpt lat="53.045456" lon="13.298679">
        <ele>50.2</ele>
      </trkpt>
      <trkpt lat="53.045620" lon="13.298890">
        <ele>50</ele>
      </trkpt>
      <trkpt lat="53.045771" lon="13.298412">
        <ele>50.4</ele>
      </trkpt>
      <trkpt lat="53.046113" lon="13.298162">
        <ele>49.6</ele>
      </trkpt>
      <trkpt lat="53.046693" lon="13.298026">
        <ele>48</ele>
      </trkpt>
      <trkpt lat="53.046808" lon="13.297083">
        <ele>48.4</ele>
      </trkpt>
      <trkpt lat="53.047029" lon="13.296687">
        <ele>48.1</ele>
      </trkpt>
      <trkpt lat="53.048128" lon="13.297154">
        <ele>47.9</ele>
      </trkpt>
      <trkpt lat="53.048557" lon="13.297227">
        <ele>47.8</ele>
      </trkpt>
      <trkpt lat="53.048966" lon="13.297104">
        <ele>47.5</ele>
      </trkpt>
      <trkpt lat="53.050067" lon="13.294258">
        <ele>47.7</ele>
      </trkpt>
      <trkpt lat="53.050370" lon="13.288110">
        <ele>49</ele>
      </trkpt>
      <trkpt lat="53.050630" lon="13.278760">
        <ele>48.2</ele>
      </trkpt>
      <trkpt lat="53.050190" lon="13.278480">
        <ele>48.6</ele>
      </trkpt>
      <trkpt lat="53.049460" lon="13.278320">
        <ele>48.8</ele>
      </trkpt>
      <trkpt lat="53.047990" lon="13.278280">
        <ele>48.5</ele>
      </trkpt>
      <trkpt lat="53.047370" lon="13.278110">
        <ele>49.2</ele>
      </trkpt>
      <trkpt lat="53.046930" lon="13.277160">
        <ele>50.7</ele>
      </trkpt>
      <trkpt lat="53.045600" lon="13.271430">
        <ele>56.1</ele>
      </trkpt>
      <trkpt lat="53.045480" lon="13.270400">
        <ele>55.4</ele>
      </trkpt>
      <trkpt lat="53.045520" lon="13.269560">
        <ele>53.4</ele>
      </trkpt>
      <trkpt lat="53.045650" lon="13.268700">
        <ele>53</ele>
      </trkpt>
      <trkpt lat="53.047440" lon="13.263330">
        <ele>47.9</ele>
      </trkpt>
      <trkpt lat="53.048020" lon="13.260550">
        <ele>47.5</ele>
      </trkpt>
      <trkpt lat="53.048330" lon="13.258030">
        <ele>49</ele>
      </trkpt>
      <trkpt lat="53.048420" lon="13.256760">
        <ele>49.5</ele>
      </trkpt>
      <trkpt lat="53.048360" lon="13.255940">
        <ele>49.1</ele>
      </trkpt>
      <trkpt lat="53.048150" lon="13.255370">
        <ele>48.5</ele>
      </trkpt>
      <trkpt lat="53.047380" lon="13.254150">
        <ele>49.8</ele>
      </trkpt>
      <trkpt lat="53.047830" lon="13.253210">
        <ele>49.9</ele>
      </trkpt>
      <trkpt lat="53.046650" lon="13.252030">
        <ele>49.9</ele>
      </trkpt>
      <trkpt lat="53.046700" lon="13.251510">
        <ele>49.9</ele>
      </trkpt>
      <trkpt lat="53.047840" lon="13.248930">
        <ele>49.6</ele>
      </trkpt>
      <trkpt lat="53.048650" lon="13.245890">
        <ele>50.2</ele>
      </trkpt>
      <trkpt lat="53.049730" lon="13.243620">
        <ele>49.9</ele>
      </trkpt>
      <trkpt lat="53.051120" lon="13.239310">
        <ele>47.8</ele>
      </trkpt>
      <trkpt lat="53.053020" lon="13.231660">
        <ele>52.7</ele>
      </trkpt>
      <trkpt lat="53.053460" lon="13.229790">
        <ele>51.9</ele>
      </trkpt>
      <trkpt lat="53.053900" lon="13.228400">
        <ele>53.4</ele>
      </trkpt>
      <trkpt lat="53.054880" lon="13.226010">
        <ele>51.2</ele>
      </trkpt>
      <trkpt lat="53.059510" lon="13.214070">
        <ele>55.5</ele>
      </trkpt>
      <trkpt lat="53.062420" lon="13.208220">
        <ele>61.7</ele>
      </trkpt>
      <trkpt lat="53.066100" lon="13.191100">
        <ele>65.2</ele>
      </trkpt>
      <trkpt lat="53.066460" lon="13.189700">
        <ele>62.7</ele>
      </trkpt>
      <trkpt lat="53.071710" lon="13.181310">
        <ele>60.9</ele>
      </trkpt>
      <trkpt lat="53.076780" lon="13.181950">
        <ele>53.2</ele>
      </trkpt>
      <trkpt lat="53.077110" lon="13.182150">
        <ele>54.9</ele>
      </trkpt>
      <trkpt lat="53.079424" lon="13.185302">
        <ele>53.5</ele>
      </trkpt>
      <trkpt lat="53.079520" lon="13.186530">
        <ele>53.3</ele>
      </trkpt>
      <trkpt lat="53.080450" lon="13.188720">
        <ele>54.1</ele>
      </trkpt>
      <trkpt lat="53.080640" lon="13.189030">
        <ele>54.2</ele>
      </trkpt>
      <trkpt lat="53.083100" lon="13.188710">
        <ele>55.3</ele>
      </trkpt>
      <trkpt lat="53.083470" lon="13.188990">
        <ele>55.6</ele>
      </trkpt>
      <trkpt lat="53.092690" lon="13.191460">
        <ele>76.8</ele>
      </trkpt>
      <trkpt lat="53.101900" lon="13.194520">
        <ele>66.5</ele>
      </trkpt>
      <trkpt lat="53.105020" lon="13.196530">
        <ele>57.8</ele>
      </trkpt>
      <trkpt lat="53.105420" lon="13.196300">
        <ele>58.2</ele>
      </trkpt>
      <trkpt lat="53.106180" lon="13.194020">
        <ele>58.5</ele>
      </trkpt>
      <trkpt lat="53.107590" lon="13.195020">
        <ele>70.6</ele>
      </trkpt>
      <trkpt lat="53.113150" lon="13.201000">
        <ele>66.6</ele>
      </trkpt>
      <trkpt lat="53.115040" lon="13.202490">
        <ele>61.6</ele>
      </trkpt>
      <trkpt lat="53.117730" lon="13.205270">
        <ele>62.8</ele>
      </trkpt>
      <trkpt lat="53.122720" lon="13.211190">
        <ele>65.4</ele>
      </trkpt>
      <trkpt lat="53.123640" lon="13.213460">
        <ele>66.2</ele>
      </trkpt>
      <trkpt lat="53.123960" lon="13.214790">
        <ele>67</ele>
      </trkpt>
      <trkpt lat="53.125070" lon="13.216430">
        <ele>65.1</ele>
      </trkpt>
      <trkpt lat="53.125710" lon="13.217310">
        <ele>61.7</ele>
      </trkpt>
      <trkpt lat="53.125870" lon="13.217840">
        <ele>61.2</ele>
      </trkpt>
      <trkpt lat="53.125950" lon="13.219430">
        <ele>62.3</ele>
      </trkpt>
      <trkpt lat="53.126070" lon="13.220140">
        <ele>62.9</ele>
      </trkpt>
      <trkpt lat="53.126260" lon="13.221010">
        <ele>63.6</ele>
      </trkpt>
      <trkpt lat="53.127500" lon="13.225730">
        <ele>79.3</ele>
      </trkpt>
      <trkpt lat="53.127850" lon="13.226460">
        <ele>79.8</ele>
      </trkpt>
      <trkpt lat="53.129040" lon="13.228670">
        <ele>73.2</ele>
      </trkpt>
      <trkpt lat="53.131790" lon="13.234060">
        <ele>55.9</ele>
      </trkpt>
      <trkpt lat="53.134510" lon="13.237500">
        <ele>53.9</ele>
      </trkpt>
      <trkpt lat="53.134810" lon="13.237390">
        <ele>53.6</ele>
      </trkpt>
      <trkpt lat="53.135630" lon="13.238010">
        <ele>54.5</ele>
      </trkpt>
      <trkpt lat="53.135880" lon="13.240040">
        <ele>49.6</ele>
      </trkpt>
      <trkpt lat="53.136170" lon="13.240830">
        <ele>49.5</ele>
      </trkpt>
      <trkpt lat="53.136670" lon="13.241580">
        <ele>51.4</ele>
      </trkpt>
      <trkpt lat="53.137380" lon="13.242250">
        <ele>54.2</ele>
      </trkpt>
      <trkpt lat="53.137842" lon="13.242774">
        <ele>55.8</ele>
      </trkpt>
      <trkpt lat="53.141021" lon="13.240366">
        <ele>54.2</ele>
      </trkpt>
      <trkpt lat="53.145396" lon="13.239481">
        <ele>58.7</ele>
      </trkpt>
      <trkpt lat="53.147141" lon="13.238980">
        <ele>55</ele>
      </trkpt>
      <trkpt lat="53.149400" lon="13.238680">
        <ele>61.9</ele>
      </trkpt>
      <trkpt lat="53.150508" lon="13.238879">
        <ele>67.2</ele>
      </trkpt>
      <trkpt lat="53.151729" lon="13.238162">
        <ele>66.5</ele>
      </trkpt>
      <trkpt lat="53.152547" lon="13.238183">
        <ele>65</ele>
      </trkpt>
      <trkpt lat="53.157644" lon="13.236456">
        <ele>64.6</ele>
      </trkpt>
      <trkpt lat="53.158378" lon="13.236544">
        <ele>66.5</ele>
      </trkpt>
      <trkpt lat="53.159493" lon="13.237073">
        <ele>69.1</ele>
      </trkpt>
      <trkpt lat="53.162137" lon="13.236541">
        <ele>69.4</ele>
      </trkpt>
      <trkpt lat="53.162885" lon="13.236495">
        <ele>68.4</ele>
      </trkpt>
      <trkpt lat="53.163707" lon="13.236905">
        <ele>66.6</ele>
      </trkpt>
      <trkpt lat="53.164566" lon="13.237020">
        <ele>62</ele>
      </trkpt>
      <trkpt lat="53.167825" lon="13.235650">
        <ele>57.8</ele>
      </trkpt>
      <trkpt lat="53.169000" lon="13.235751">
        <ele>54.1</ele>
      </trkpt>
      <trkpt lat="53.171458" lon="13.236412">
        <ele>52.1</ele>
      </trkpt>
      <trkpt lat="53.172180" lon="13.236080">
        <ele>52.2</ele>
      </trkpt>
      <trkpt lat="53.174823" lon="13.233078">
        <ele>57</ele>
      </trkpt>
      <trkpt lat="53.175455" lon="13.232512">
        <ele>54.9</ele>
      </trkpt>
      <trkpt lat="53.176139" lon="13.232489">
        <ele>55.5</ele>
      </trkpt>
      <trkpt lat="53.176393" lon="13.231931">
        <ele>53.4</ele>
      </trkpt>
      <trkpt lat="53.176482" lon="13.230697">
        <ele>52</ele>
      </trkpt>
      <trkpt lat="53.176655" lon="13.229607">
        <ele>51.1</ele>
      </trkpt>
      <trkpt lat="53.177532" lon="13.228466">
        <ele>53.6</ele>
      </trkpt>
      <trkpt lat="53.178403" lon="13.227234">
        <ele>55.6</ele>
      </trkpt>
      <trkpt lat="53.180873" lon="13.215682">
        <ele>64.5</ele>
      </trkpt>
      <trkpt lat="53.181540" lon="13.213862">
        <ele>61.9</ele>
      </trkpt>
      <trkpt lat="53.182368" lon="13.212057">
        <ele>60.5</ele>
      </trkpt>
      <trkpt lat="53.184738" lon="13.207604">
        <ele>67.3</ele>
      </trkpt>
      <trkpt lat="53.186248" lon="13.198724">
        <ele>66.4</ele>
      </trkpt>
      <trkpt lat="53.187264" lon="13.193120">
        <ele>65.5</ele>
      </trkpt>
      <trkpt lat="53.188515" lon="13.185412">
        <ele>69.3</ele>
      </trkpt>
      <trkpt lat="53.188626" lon="13.184584">
        <ele>67.8</ele>
      </trkpt>
      <trkpt lat="53.188555" lon="13.183275">
        <ele>65.4</ele>
      </trkpt>
      <trkpt lat="53.188728" lon="13.181406">
        <ele>64.5</ele>
      </trkpt>
      <trkpt lat="53.188955" lon="13.179556">
        <ele>64.3</ele>
      </trkpt>
      <trkpt lat="53.189101" lon="13.178732">
        <ele>62.4</ele>
      </trkpt>
      <trkpt lat="53.189535" lon="13.177636">
        <ele>61.5</ele>
      </trkpt>
      <trkpt lat="53.190473" lon="13.175767">
        <ele>61.2</ele>
      </trkpt>
      <trkpt lat="53.191233" lon="13.174373">
        <ele>58.3</ele>
      </trkpt>
      <trkpt lat="53.192073" lon="13.172209">
        <ele>58.9</ele>
      </trkpt>
      <trkpt lat="53.192569" lon="13.170371">
        <ele>60.4</ele>
      </trkpt>
      <trkpt lat="53.192561" lon="13.164965">
        <ele>58.4</ele>
      </trkpt>
      <trkpt lat="53.192599" lon="13.163860">
        <ele>60.3</ele>
      </trkpt>
      <trkpt lat="53.193295" lon="13.159646">
        <ele>63.3</ele>
      </trkpt>
      <trkpt lat="53.194151" lon="13.155476">
        <ele>60.3</ele>
      </trkpt>
      <trkpt lat="53.194691" lon="13.151606">
        <ele>61</ele>
      </trkpt>
      <trkpt lat="53.194904" lon="13.149635">
        <ele>58.4</ele>
      </trkpt>
      <trkpt lat="53.194953" lon="13.148741">
        <ele>55.1</ele>
      </trkpt>
      <trkpt lat="53.194699" lon="13.146486">
        <ele>52.4</ele>
      </trkpt>
      <trkpt lat="53.191974" lon="13.143647">
        <ele>56.3</ele>
      </trkpt>
      <trkpt lat="53.192164" lon="13.143365">
        <ele>56.8</ele>
      </trkpt>
      <trkpt lat="53.191692" lon="13.142197">
        <ele>57.6</ele>
      </trkpt>
      <trkpt lat="53.191497" lon="13.141864">
        <ele>58.1</ele>
      </trkpt>
      <trkpt lat="53.190640" lon="13.141690">
        <ele>57.1</ele>
      </trkpt>
      <trkpt lat="53.190267" lon="13.142074">
        <ele>56.3</ele>
      </trkpt>
      <trkpt lat="53.189404" lon="13.142051">
        <ele>57.3</ele>
      </trkpt>
      <trkpt lat="53.188983" lon="13.141486">
        <ele>58.4</ele>
      </trkpt>
      <trkpt lat="53.187800" lon="13.140940">
        <ele>58</ele>
      </trkpt>
      <trkpt lat="53.186280" lon="13.139833">
        <ele>59.7</ele>
      </trkpt>
      <trkpt lat="53.185447" lon="13.141280">
        <ele>57.1</ele>
      </trkpt>
      <trkpt lat="53.184855" lon="13.142540">
        <ele>54.9</ele>
      </trkpt>
      <trkpt lat="53.184528" lon="13.142374">
        <ele>54.1</ele>
      </trkpt>
      <trkpt lat="53.183962" lon="13.144430">
        <ele>55.8</ele>
      </trkpt>
      <trkpt lat="53.183677" lon="13.144851">
        <ele>54.9</ele>
      </trkpt>
      <trkpt lat="53.183600" lon="13.145263">
        <ele>55.6</ele>
      </trkpt>
      <trkpt lat="53.181330" lon="13.144250">
        <ele>53.7</ele>
      </trkpt>
      <trkpt lat="53.181225" lon="13.143238">
        <ele>53.3</ele>
      </trkpt>
      <trkpt lat="53.180949" lon="13.142102">
        <ele>54.3</ele>
      </trkpt>
      <trkpt lat="53.180949" lon="13.142102">
        <ele>54.3</ele>
      </trkpt>
      <trkpt lat="53.180682" lon="13.141000">
        <ele>56.1</ele>
      </trkpt>
      <trkpt lat="53.180751" lon="13.140064">
        <ele>56.2</ele>
      </trkpt>
      <trkpt lat="53.181832" lon="13.135872">
        <ele>59.7</ele>
      </trkpt>
      <trkpt lat="53.182159" lon="13.134496">
        <ele>59.3</ele>
      </trkpt>
      <trkpt lat="53.182276" lon="13.133460">
        <ele>57.3</ele>
      </trkpt>
      <trkpt lat="53.182345" lon="13.132224">
        <ele>56.6</ele>
      </trkpt>
      <trkpt lat="53.182325" lon="13.130486">
        <ele>57.3</ele>
      </trkpt>
      <trkpt lat="53.181958" lon="13.127082">
        <ele>62.8</ele>
      </trkpt>
      <trkpt lat="53.181593" lon="13.125401">
        <ele>68.6</ele>
      </trkpt>
      <trkpt lat="53.181274" lon="13.123723">
        <ele>73.6</ele>
      </trkpt>
      <trkpt lat="53.180700" lon="13.119800">
        <ele>76.6</ele>
      </trkpt>
      <trkpt lat="53.178970" lon="13.119640">
        <ele>74.8</ele>
      </trkpt>
      <trkpt lat="53.178761" lon="13.120204">
        <ele>76.7</ele>
      </trkpt>
      <trkpt lat="53.177318" lon="13.121891">
        <ele>85.8</ele>
      </trkpt>
      <trkpt lat="53.176814" lon="13.122412">
        <ele>86.6</ele>
      </trkpt>
      <trkpt lat="53.176303" lon="13.122378">
        <ele>85.8</ele>
      </trkpt>
      <trkpt lat="53.174483" lon="13.121454">
        <ele>80.8</ele>
      </trkpt>
      <trkpt lat="53.174203" lon="13.121472">
        <ele>80.7</ele>
      </trkpt>
      <trkpt lat="53.173812" lon="13.121854">
        <ele>78.6</ele>
      </trkpt>
      <trkpt lat="53.171573" lon="13.127835">
        <ele>66.9</ele>
      </trkpt>
      <trkpt lat="53.171550" lon="13.129070">
        <ele>63.5</ele>
      </trkpt>
      <trkpt lat="53.170613" lon="13.127503">
        <ele>62.6</ele>
      </trkpt>
      <trkpt lat="53.168821" lon="13.125759">
        <ele>77.3</ele>
      </trkpt>
      <trkpt lat="53.167830" lon="13.124512">
        <ele>89.6</ele>
      </trkpt>
      <trkpt lat="53.166068" lon="13.123983">
        <ele>90.2</ele>
      </trkpt>
      <trkpt lat="53.164924" lon="13.123275">
        <ele>92.3</ele>
      </trkpt>
      <trkpt lat="53.164439" lon="13.122720">
        <ele>95</ele>
      </trkpt>
      <trkpt lat="53.163946" lon="13.121909">
        <ele>94.9</ele>
      </trkpt>
      <trkpt lat="53.163295" lon="13.120710">
        <ele>98.6</ele>
      </trkpt>
      <trkpt lat="53.162886" lon="13.120072">
        <ele>100</ele>
      </trkpt>
      <trkpt lat="53.162387" lon="13.119680">
        <ele>100.2</ele>
      </trkpt>
      <trkpt lat="53.160415" lon="13.118698">
        <ele>98.4</ele>
      </trkpt>
      <trkpt lat="53.158524" lon="13.116976">
        <ele>99.9</ele>
      </trkpt>
      <trkpt lat="53.155818" lon="13.113560">
        <ele>96.1</ele>
      </trkpt>
      <trkpt lat="53.152346" lon="13.108934">
        <ele>100.1</ele>
      </trkpt>
      <trkpt lat="53.150598" lon="13.106688">
        <ele>105.3</ele>
      </trkpt>
      <trkpt lat="53.149325" lon="13.105534">
        <ele>105.8</ele>
      </trkpt>
      <trkpt lat="53.148762" lon="13.104912">
        <ele>105.1</ele>
      </trkpt>
      <trkpt lat="53.147249" lon="13.102375">
        <ele>105.2</ele>
      </trkpt>
      <trkpt lat="53.146255" lon="13.101218">
        <ele>102.2</ele>
      </trkpt>
      <trkpt lat="53.144760" lon="13.099699">
        <ele>95.8</ele>
      </trkpt>
      <trkpt lat="53.142527" lon="13.097976">
        <ele>91</ele>
      </trkpt>
      <trkpt lat="53.141934" lon="13.097172">
        <ele>92.1</ele>
      </trkpt>
      <trkpt lat="53.141499" lon="13.095964">
        <ele>90.3</ele>
      </trkpt>
      <trkpt lat="53.140526" lon="13.087138">
        <ele>92.7</ele>
      </trkpt>
      <trkpt lat="53.142240" lon="13.071254">
        <ele>105.3</ele>
      </trkpt>
      <trkpt lat="53.143121" lon="13.060764">
        <ele>95.2</ele>
      </trkpt>
      <trkpt lat="53.143670" lon="13.060727">
        <ele>95.1</ele>
      </trkpt>
      <trkpt lat="53.144765" lon="13.061323">
        <ele>94</ele>
      </trkpt>
      <trkpt lat="53.145069" lon="13.061367">
        <ele>93.8</ele>
      </trkpt>
      <trkpt lat="53.146854" lon="13.060444">
        <ele>90.4</ele>
      </trkpt>
      <trkpt lat="53.148970" lon="13.061170">
        <ele>83.6</ele>
      </trkpt>
      <trkpt lat="53.149039" lon="13.061234">
        <ele>81.3</ele>
      </trkpt>
      <trkpt lat="53.152124" lon="13.061989">
        <ele>66.8</ele>
      </trkpt>
      <trkpt lat="53.153438" lon="13.061964">
        <ele>70.3</ele>
      </trkpt>
      <trkpt lat="53.154969" lon="13.062168">
        <ele>76.4</ele>
      </trkpt>
      <trkpt lat="53.156666" lon="13.062748">
        <ele>77.9</ele>
      </trkpt>
      <trkpt lat="53.157060" lon="13.062600">
        <ele>77.9</ele>
      </trkpt>
      <trkpt lat="53.157792" lon="13.061926">
        <ele>80.9</ele>
      </trkpt>
      <trkpt lat="53.158314" lon="13.061916">
        <ele>84.7</ele>
      </trkpt>
      <trkpt lat="53.158700" lon="13.061668">
        <ele>88.4</ele>
      </trkpt>
      <trkpt lat="53.160585" lon="13.059124">
        <ele>97</ele>
      </trkpt>
      <trkpt lat="53.160942" lon="13.058409">
        <ele>97.1</ele>
      </trkpt>
      <trkpt lat="53.161435" lon="13.057124">
        <ele>95.5</ele>
      </trkpt>
      <trkpt lat="53.162772" lon="13.055366">
        <ele>89.1</ele>
      </trkpt>
      <trkpt lat="53.163495" lon="13.054746">
        <ele>88.6</ele>
      </trkpt>
      <trkpt lat="53.164026" lon="13.053659">
        <ele>90.1</ele>
      </trkpt>
      <trkpt lat="53.164379" lon="13.053348">
        <ele>90.5</ele>
      </trkpt>
      <trkpt lat="53.164848" lon="13.052494">
        <ele>89.5</ele>
      </trkpt>
      <trkpt lat="53.166699" lon="13.051487">
        <ele>81.3</ele>
      </trkpt>
      <trkpt lat="53.167381" lon="13.051521">
        <ele>85.2</ele>
      </trkpt>
      <trkpt lat="53.170194" lon="13.052370">
        <ele>95</ele>
      </trkpt>
      <trkpt lat="53.170901" lon="13.052467">
        <ele>92.6</ele>
      </trkpt>
      <trkpt lat="53.171461" lon="13.052400">
        <ele>91</ele>
      </trkpt>
      <trkpt lat="53.172684" lon="13.051872">
        <ele>89.3</ele>
      </trkpt>
      <trkpt lat="53.173399" lon="13.051715">
        <ele>91.1</ele>
      </trkpt>
      <trkpt lat="53.175718" lon="13.051754">
        <ele>82.3</ele>
      </trkpt>
      <trkpt lat="53.176100" lon="13.051895">
        <ele>78.4</ele>
      </trkpt>
      <trkpt lat="53.176344" lon="13.052128">
        <ele>74.4</ele>
      </trkpt>
      <trkpt lat="53.177098" lon="13.053471">
        <ele>70.6</ele>
      </trkpt>
      <trkpt lat="53.177680" lon="13.054080">
        <ele>70.8</ele>
      </trkpt>
      <trkpt lat="53.178192" lon="13.054338">
        <ele>70.8</ele>
      </trkpt>
      <trkpt lat="53.178525" lon="13.054609">
        <ele>72.7</ele>
      </trkpt>
      <trkpt lat="53.178947" lon="13.055143">
        <ele>77.9</ele>
      </trkpt>
      <trkpt lat="53.180179" lon="13.055409">
        <ele>85.9</ele>
      </trkpt>
      <trkpt lat="53.181030" lon="13.055773">
        <ele>87.5</ele>
      </trkpt>
      <trkpt lat="53.187875" lon="13.055702">
        <ele>96.1</ele>
      </trkpt>
      <trkpt lat="53.189847" lon="13.056682">
        <ele>96</ele>
      </trkpt>
      <trkpt lat="53.191231" lon="13.056962">
        <ele>92.8</ele>
      </trkpt>
      <trkpt lat="53.193300" lon="13.057000">
        <ele>90.3</ele>
      </trkpt>
      <trkpt lat="53.193394" lon="13.055250">
        <ele>83.6</ele>
      </trkpt>
      <trkpt lat="53.194485" lon="13.051461">
        <ele>77.4</ele>
      </trkpt>
      <trkpt lat="53.194651" lon="13.050293">
        <ele>77.9</ele>
      </trkpt>
      <trkpt lat="53.194697" lon="13.049205">
        <ele>77.9</ele>
      </trkpt>
      <trkpt lat="53.194452" lon="13.046097">
        <ele>76.5</ele>
      </trkpt>
      <trkpt lat="53.194454" lon="13.044436">
        <ele>67.6</ele>
      </trkpt>
      <trkpt lat="53.194685" lon="13.043724">
        <ele>60.1</ele>
      </trkpt>
      <trkpt lat="53.193603" lon="13.041436">
        <ele>59.1</ele>
      </trkpt>
      <trkpt lat="53.192718" lon="13.038570">
        <ele>60.3</ele>
      </trkpt>
      <trkpt lat="53.192303" lon="13.036451">
        <ele>69.2</ele>
      </trkpt>
      <trkpt lat="53.191233" lon="13.033774">
        <ele>69.1</ele>
      </trkpt>
      <trkpt lat="53.191162" lon="13.033451">
        <ele>69.1</ele>
      </trkpt>
      <trkpt lat="53.191038" lon="13.031880">
        <ele>63.6</ele>
      </trkpt>
      <trkpt lat="53.191134" lon="13.031347">
        <ele>63.6</ele>
      </trkpt>
      <trkpt lat="53.191282" lon="13.030948">
        <ele>62.6</ele>
      </trkpt>
      <trkpt lat="53.191522" lon="13.030514">
        <ele>61.6</ele>
      </trkpt>
      <trkpt lat="53.192553" lon="13.029148">
        <ele>68.2</ele>
      </trkpt>
      <trkpt lat="53.192865" lon="13.028940">
        <ele>68.1</ele>
      </trkpt>
      <trkpt lat="53.193487" lon="13.028750">
        <ele>61.8</ele>
      </trkpt>
      <trkpt lat="53.193619" lon="13.028662">
        <ele>61.5</ele>
      </trkpt>
      <trkpt lat="53.194095" lon="13.028108">
        <ele>67</ele>
      </trkpt>
      <trkpt lat="53.195185" lon="13.025195">
        <ele>75.7</ele>
      </trkpt>
      <trkpt lat="53.195379" lon="13.024795">
        <ele>76.3</ele>
      </trkpt>
      <trkpt lat="53.196095" lon="13.023749">
        <ele>77.6</ele>
      </trkpt>
      <trkpt lat="53.198128" lon="13.021086">
        <ele>74.2</ele>
      </trkpt>
      <trkpt lat="53.201604" lon="13.012877">
        <ele>76.5</ele>
      </trkpt>
      <trkpt lat="53.201777" lon="13.012356">
        <ele>76.9</ele>
      </trkpt>
      <trkpt lat="53.203363" lon="13.005346">
        <ele>71.7</ele>
      </trkpt>
      <trkpt lat="53.205095" lon="13.001434">
        <ele>64.3</ele>
      </trkpt>
      <trkpt lat="53.205227" lon="13.001245">
        <ele>63.5</ele>
      </trkpt>
      <trkpt lat="53.204960" lon="12.996718">
        <ele>62</ele>
      </trkpt>
      <trkpt lat="53.204751" lon="12.996031">
        <ele>61.4</ele>
      </trkpt>
      <trkpt lat="53.204717" lon="12.995704">
        <ele>60.9</ele>
      </trkpt>
      <trkpt lat="53.204737" lon="12.995189">
        <ele>60.1</ele>
      </trkpt>
      <trkpt lat="53.204809" lon="12.994858">
        <ele>59.5</ele>
      </trkpt>
      <trkpt lat="53.204955" lon="12.994550">
        <ele>58.2</ele>
      </trkpt>
      <trkpt lat="53.205464" lon="12.993949">
        <ele>56.6</ele>
      </trkpt>
      <trkpt lat="53.205729" lon="12.993802">
        <ele>56.4</ele>
      </trkpt>
      <trkpt lat="53.206215" lon="12.993787">
        <ele>56.8</ele>
      </trkpt>
      <trkpt lat="53.206845" lon="12.993907">
        <ele>58</ele>
      </trkpt>
      <trkpt lat="53.207970" lon="12.993879">
        <ele>58.4</ele>
      </trkpt>
      <trkpt lat="53.208721" lon="12.993945">
        <ele>59.3</ele>
      </trkpt>
      <trkpt lat="53.210974" lon="12.993170">
        <ele>64.9</ele>
      </trkpt>
      <trkpt lat="53.211441" lon="12.992859">
        <ele>65.7</ele>
      </trkpt>
      <trkpt lat="53.211599" lon="12.992695">
        <ele>66.3</ele>
      </trkpt>
      <trkpt lat="53.215439" lon="12.988419">
        <ele>67.5</ele>
      </trkpt>
      <trkpt lat="53.215726" lon="12.988162">
        <ele>67.1</ele>
      </trkpt>
      <trkpt lat="53.216054" lon="12.988033">
        <ele>66.2</ele>
      </trkpt>
      <trkpt lat="53.217134" lon="12.987846">
        <ele>64.9</ele>
      </trkpt>
      <trkpt lat="53.217396" lon="12.987746">
        <ele>63.4</ele>
      </trkpt>
      <trkpt lat="53.217633" lon="12.987493">
        <ele>61.6</ele>
      </trkpt>
      <trkpt lat="53.217801" lon="12.987155">
        <ele>60.3</ele>
      </trkpt>
      <trkpt lat="53.217819" lon="12.987001">
        <ele>59.5</ele>
      </trkpt>
      <trkpt lat="53.217647" lon="12.986570">
        <ele>59.7</ele>
      </trkpt>
      <trkpt lat="53.217595" lon="12.985952">
        <ele>60.7</ele>
      </trkpt>
      <trkpt lat="53.217569" lon="12.984360">
        <ele>66.3</ele>
      </trkpt>
      <trkpt lat="53.217608" lon="12.983713">
        <ele>70.8</ele>
      </trkpt>
      <trkpt lat="53.217721" lon="12.983166">
        <ele>72.4</ele>
      </trkpt>
      <trkpt lat="53.218038" lon="12.982032">
        <ele>73</ele>
      </trkpt>
      <trkpt lat="53.218488" lon="12.980951">
        <ele>73.3</ele>
      </trkpt>
      <trkpt lat="53.218963" lon="12.979658">
        <ele>73.3</ele>
      </trkpt>
      <trkpt lat="53.219197" lon="12.978886">
        <ele>73.1</ele>
      </trkpt>
      <trkpt lat="53.219659" lon="12.976036">
        <ele>65.6</ele>
      </trkpt>
      <trkpt lat="53.219712" lon="12.975907">
        <ele>64.6</ele>
      </trkpt>
      <trkpt lat="53.219801" lon="12.975411">
        <ele>62.7</ele>
      </trkpt>
      <trkpt lat="53.219809" lon="12.975223">
        <ele>62.7</ele>
      </trkpt>
      <trkpt lat="53.219784" lon="12.975126">
        <ele>62.1</ele>
      </trkpt>
      <trkpt lat="53.219690" lon="12.975067">
        <ele>62.2</ele>
      </trkpt>
      <trkpt lat="53.218692" lon="12.975167">
        <ele>64.1</ele>
      </trkpt>
      <trkpt lat="53.218085" lon="12.974403">
        <ele>66.5</ele>
      </trkpt>
      <trkpt lat="53.217476" lon="12.973282">
        <ele>67.9</ele>
      </trkpt>
      <trkpt lat="53.216906" lon="12.973460">
        <ele>68.9</ele>
      </trkpt>
      <trkpt lat="53.216754" lon="12.972462">
        <ele>65.9</ele>
      </trkpt>
      <trkpt lat="53.216576" lon="12.972287">
        <ele>65.3</ele>
      </trkpt>
      <trkpt lat="53.215489" lon="12.970873">
        <ele>67.4</ele>
      </trkpt>
      <trkpt lat="53.215162" lon="12.970637">
        <ele>70.1</ele>
      </trkpt>
      <trkpt lat="53.215043" lon="12.970602">
        <ele>70.1</ele>
      </trkpt>
      <trkpt lat="53.214389" lon="12.970789">
        <ele>77</ele>
      </trkpt>
      <trkpt lat="53.214081" lon="12.970786">
        <ele>79.9</ele>
      </trkpt>
      <trkpt lat="53.214196" lon="12.968299">
        <ele>74.3</ele>
      </trkpt>
      <trkpt lat="53.214122" lon="12.967644">
        <ele>72.4</ele>
      </trkpt>
      <trkpt lat="53.214037" lon="12.967635">
        <ele>72.8</ele>
      </trkpt>
      <trkpt lat="53.213253" lon="12.967065">
        <ele>74.4</ele>
      </trkpt>
      <trkpt lat="53.213106" lon="12.966844">
        <ele>74.4</ele>
      </trkpt>
      <trkpt lat="53.212998" lon="12.966608">
        <ele>72.6</ele>
      </trkpt>
      <trkpt lat="53.212934" lon="12.965937">
        <ele>69.3</ele>
      </trkpt>
      <trkpt lat="53.212883" lon="12.965682">
        <ele>68.7</ele>
      </trkpt>
      <trkpt lat="53.212588" lon="12.964781">
        <ele>66</ele>
      </trkpt>
      <trkpt lat="53.212536" lon="12.964344">
        <ele>64.9</ele>
      </trkpt>
      <trkpt lat="53.212621" lon="12.963900">
        <ele>64.8</ele>
      </trkpt>
      <trkpt lat="53.212979" lon="12.963229">
        <ele>63.8</ele>
      </trkpt>
      <trkpt lat="53.213075" lon="12.962851">
        <ele>63.2</ele>
      </trkpt>
      <trkpt lat="53.213162" lon="12.962181">
        <ele>61.9</ele>
      </trkpt>
      <trkpt lat="53.213171" lon="12.961076">
        <ele>61.4</ele>
      </trkpt>
      <trkpt lat="53.213276" lon="12.959764">
        <ele>62.2</ele>
      </trkpt>
      <trkpt lat="53.213357" lon="12.959560">
        <ele>62.2</ele>
      </trkpt>
      <trkpt lat="53.213572" lon="12.958498">
        <ele>64.5</ele>
      </trkpt>
      <trkpt lat="53.213540" lon="12.957660">
        <ele>65.3</ele>
      </trkpt>
      <trkpt lat="53.213562" lon="12.956377">
        <ele>65.2</ele>
      </trkpt>
      <trkpt lat="53.213486" lon="12.956177">
        <ele>64.7</ele>
      </trkpt>
      <trkpt lat="53.212021" lon="12.956166">
        <ele>67</ele>
      </trkpt>
      <trkpt lat="53.212207" lon="12.954170">
        <ele>68.5</ele>
      </trkpt>
      <trkpt lat="53.212912" lon="12.950958">
        <ele>66.1</ele>
      </trkpt>
      <trkpt lat="53.213390" lon="12.950903">
        <ele>66.5</ele>
      </trkpt>
      <trkpt lat="53.213718" lon="12.950747">
        <ele>70.5</ele>
      </trkpt>
      <trkpt lat="53.213921" lon="12.950410">
        <ele>74.6</ele>
      </trkpt>
      <trkpt lat="53.213735" lon="12.948286">
        <ele>67.5</ele>
      </trkpt>
      <trkpt lat="53.213716" lon="12.946541">
        <ele>65.4</ele>
      </trkpt>
      <trkpt lat="53.213754" lon="12.946096">
        <ele>67.1</ele>
      </trkpt>
      <trkpt lat="53.213891" lon="12.945614">
        <ele>69.4</ele>
      </trkpt>
      <trkpt lat="53.213409" lon="12.943648">
        <ele>68.1</ele>
      </trkpt>
      <trkpt lat="53.213354" lon="12.943180">
        <ele>70.1</ele>
      </trkpt>
      <trkpt lat="53.213278" lon="12.942911">
        <ele>72.7</ele>
      </trkpt>
      <trkpt lat="53.213095" lon="12.942507">
        <ele>71</ele>
      </trkpt>
      <trkpt lat="53.212424" lon="12.941390">
        <ele>72.6</ele>
      </trkpt>
      <trkpt lat="53.212117" lon="12.940644">
        <ele>76.6</ele>
      </trkpt>
      <trkpt lat="53.211663" lon="12.938499">
        <ele>75.9</ele>
      </trkpt>
      <trkpt lat="53.211940" lon="12.937720">
        <ele>77.6</ele>
      </trkpt>
      <trkpt lat="53.212188" lon="12.937244">
        <ele>80.8</ele>
      </trkpt>
      <trkpt lat="53.212456" lon="12.936879">
        <ele>82.8</ele>
      </trkpt>
      <trkpt lat="53.213343" lon="12.936171">
        <ele>83.5</ele>
      </trkpt>
      <trkpt lat="53.213885" lon="12.935885">
        <ele>83.9</ele>
      </trkpt>
      <trkpt lat="53.215122" lon="12.935542">
        <ele>86.5</ele>
      </trkpt>
      <trkpt lat="53.215553" lon="12.935575">
        <ele>87.2</ele>
      </trkpt>
      <trkpt lat="53.215871" lon="12.935810">
        <ele>87.5</ele>
      </trkpt>
      <trkpt lat="53.217610" lon="12.936824">
        <ele>80.5</ele>
      </trkpt>
      <trkpt lat="53.218008" lon="12.936966">
        <ele>79.6</ele>
      </trkpt>
      <trkpt lat="53.219788" lon="12.937302">
        <ele>81.3</ele>
      </trkpt>
      <trkpt lat="53.220295" lon="12.937153">
        <ele>82.1</ele>
      </trkpt>
      <trkpt lat="53.220890" lon="12.936682">
        <ele>83.6</ele>
      </trkpt>
      <trkpt lat="53.221015" lon="12.936540">
        <ele>83.8</ele>
      </trkpt>
      <trkpt lat="53.221840" lon="12.937841">
        <ele>83.5</ele>
      </trkpt>
      <trkpt lat="53.222176" lon="12.938278">
        <ele>82</ele>
      </trkpt>
      <trkpt lat="53.222732" lon="12.938774">
        <ele>80.1</ele>
      </trkpt>
      <trkpt lat="53.223104" lon="12.939207">
        <ele>75.1</ele>
      </trkpt>
      <trkpt lat="53.223386" lon="12.939648">
        <ele>72.9</ele>
      </trkpt>
      <trkpt lat="53.223467" lon="12.939438">
        <ele>72.7</ele>
      </trkpt>
      <trkpt lat="53.223692" lon="12.939276">
        <ele>72.3</ele>
      </trkpt>
      <trkpt lat="53.224136" lon="12.939113">
        <ele>70.5</ele>
      </trkpt>
      <trkpt lat="53.224674" lon="12.938998">
        <ele>61</ele>
      </trkpt>
      <trkpt lat="53.224931" lon="12.938999">
        <ele>57.3</ele>
      </trkpt>
      <trkpt lat="53.225425" lon="12.939256">
        <ele>52.5</ele>
      </trkpt>
      <trkpt lat="53.225686" lon="12.939508">
        <ele>51.6</ele>
      </trkpt>
      <trkpt lat="53.225794" lon="12.939685">
        <ele>52.4</ele>
      </trkpt>
      <trkpt lat="53.225883" lon="12.940048">
        <ele>53.1</ele>
      </trkpt>
      <trkpt lat="53.225925" lon="12.940547">
        <ele>55.8</ele>
      </trkpt>
      <trkpt lat="53.225970" lon="12.942567">
        <ele>56.5</ele>
      </trkpt>
      <trkpt lat="53.226037" lon="12.942823">
        <ele>51.7</ele>
      </trkpt>
      <trkpt lat="53.226072" lon="12.943302">
        <ele>51.7</ele>
      </trkpt>
      <trkpt lat="53.225980" lon="12.944126">
        <ele>56</ele>
      </trkpt>
      <trkpt lat="53.225954" lon="12.944901">
        <ele>57</ele>
      </trkpt>
      <trkpt lat="53.226053" lon="12.945717">
        <ele>59.8</ele>
      </trkpt>
      <trkpt lat="53.226021" lon="12.946127">
        <ele>64.8</ele>
      </trkpt>
      <trkpt lat="53.226409" lon="12.946636">
        <ele>63.4</ele>
      </trkpt>
      <trkpt lat="53.226593" lon="12.946713">
        <ele>62.7</ele>
      </trkpt>
      <trkpt lat="53.226784" lon="12.946605">
        <ele>62</ele>
      </trkpt>
      <trkpt lat="53.227141" lon="12.946144">
        <ele>59.9</ele>
      </trkpt>
      <trkpt lat="53.227314" lon="12.945696">
        <ele>59.8</ele>
      </trkpt>
      <trkpt lat="53.227653" lon="12.944001">
        <ele>63.1</ele>
      </trkpt>
      <trkpt lat="53.227759" lon="12.942989">
        <ele>64.1</ele>
      </trkpt>
      <trkpt lat="53.227765" lon="12.942314">
        <ele>63.9</ele>
      </trkpt>
      <trkpt lat="53.227698" lon="12.941010">
        <ele>63.8</ele>
      </trkpt>
      <trkpt lat="53.227602" lon="12.940115">
        <ele>62.3</ele>
      </trkpt>
      <trkpt lat="53.227256" lon="12.937852">
        <ele>61.4</ele>
      </trkpt>
      <trkpt lat="53.227161" lon="12.935792">
        <ele>63.3</ele>
      </trkpt>
      <trkpt lat="53.227190" lon="12.935074">
        <ele>63.9</ele>
      </trkpt>
      <trkpt lat="53.227316" lon="12.934403">
        <ele>64.1</ele>
      </trkpt>
      <trkpt lat="53.228350" lon="12.933702">
        <ele>66.1</ele>
      </trkpt>
      <trkpt lat="53.228784" lon="12.933902">
        <ele>70.3</ele>
      </trkpt>
      <trkpt lat="53.229157" lon="12.934252">
        <ele>73.7</ele>
      </trkpt>
      <trkpt lat="53.230007" lon="12.935503">
        <ele>79.8</ele>
      </trkpt>
      <trkpt lat="53.235266" lon="12.939138">
        <ele>81.3</ele>
      </trkpt>
      <trkpt lat="53.236035" lon="12.940434">
        <ele>83.3</ele>
      </trkpt>
      <trkpt lat="53.237210" lon="12.941646">
        <ele>81.8</ele>
      </trkpt>
      <trkpt lat="53.237733" lon="12.942612">
        <ele>78.3</ele>
      </trkpt>
      <trkpt lat="53.238534" lon="12.943021">
        <ele>79.3</ele>
      </trkpt>
      <trkpt lat="53.240034" lon="12.943101">
        <ele>74.3</ele>
      </trkpt>
      <trkpt lat="53.241087" lon="12.943258">
        <ele>66.8</ele>
      </trkpt>
      <trkpt lat="53.242326" lon="12.942535">
        <ele>63.5</ele>
      </trkpt>
      <trkpt lat="53.242605" lon="12.942568">
        <ele>63.4</ele>
      </trkpt>
      <trkpt lat="53.243107" lon="12.942740">
        <ele>64.6</ele>
      </trkpt>
      <trkpt lat="53.243755" lon="12.943037">
        <ele>63.9</ele>
      </trkpt>
      <trkpt lat="53.243820" lon="12.943245">
        <ele>63.6</ele>
      </trkpt>
      <trkpt lat="53.243769" lon="12.943579">
        <ele>63.4</ele>
      </trkpt>
      <trkpt lat="53.243732" lon="12.944559">
        <ele>62.6</ele>
      </trkpt>
      <trkpt lat="53.243758" lon="12.945580">
        <ele>61.7</ele>
      </trkpt>
      <trkpt lat="53.243793" lon="12.945951">
        <ele>61.5</ele>
      </trkpt>
      <trkpt lat="53.244101" lon="12.946306">
        <ele>62.3</ele>
      </trkpt>
      <trkpt lat="53.244710" lon="12.946875">
        <ele>63.8</ele>
      </trkpt>
      <trkpt lat="53.245139" lon="12.947107">
        <ele>63.6</ele>
      </trkpt>
      <trkpt lat="53.247182" lon="12.948844">
        <ele>67.2</ele>
      </trkpt>
      <trkpt lat="53.247728" lon="12.949397">
        <ele>69.9</ele>
      </trkpt>
      <trkpt lat="53.248157" lon="12.949634">
        <ele>70.7</ele>
      </trkpt>
      <trkpt lat="53.249355" lon="12.949433">
        <ele>72</ele>
      </trkpt>
      <trkpt lat="53.249605" lon="12.949287">
        <ele>72.6</ele>
      </trkpt>
      <trkpt lat="53.250088" lon="12.949323">
        <ele>73.7</ele>
      </trkpt>
      <trkpt lat="53.250978" lon="12.949737">
        <ele>74.5</ele>
      </trkpt>
      <trkpt lat="53.251930" lon="12.950622">
        <ele>73.8</ele>
      </trkpt>
      <trkpt lat="53.252239" lon="12.950976">
        <ele>72.2</ele>
      </trkpt>
      <trkpt lat="53.252541" lon="12.951229">
        <ele>71.1</ele>
      </trkpt>
      <trkpt lat="53.253148" lon="12.951597">
        <ele>67.3</ele>
      </trkpt>
      <trkpt lat="53.253548" lon="12.951721">
        <ele>65.7</ele>
      </trkpt>
      <trkpt lat="53.254240" lon="12.951760">
        <ele>65.9</ele>
      </trkpt>
      <trkpt lat="53.254533" lon="12.951587">
        <ele>66.2</ele>
      </trkpt>
      <trkpt lat="53.255446" lon="12.950240">
        <ele>71.9</ele>
      </trkpt>
      <trkpt lat="53.256286" lon="12.949169">
        <ele>75.1</ele>
      </trkpt>
      <trkpt lat="53.257034" lon="12.948747">
        <ele>75.8</ele>
      </trkpt>
      <trkpt lat="53.257771" lon="12.949450">
        <ele>76.8</ele>
      </trkpt>
      <trkpt lat="53.258529" lon="12.950249">
        <ele>79.3</ele>
      </trkpt>
      <trkpt lat="53.260015" lon="12.951398">
        <ele>73.7</ele>
      </trkpt>
      <trkpt lat="53.260434" lon="12.951768">
        <ele>73.3</ele>
      </trkpt>
      <trkpt lat="53.261225" lon="12.952814">
        <ele>69.7</ele>
      </trkpt>
      <trkpt lat="53.261946" lon="12.954079">
        <ele>72.8</ele>
      </trkpt>
      <trkpt lat="53.262480" lon="12.955111">
        <ele>74.1</ele>
      </trkpt>
      <trkpt lat="53.262862" lon="12.955719">
        <ele>70.5</ele>
      </trkpt>
      <trkpt lat="53.263944" lon="12.956737">
        <ele>64.7</ele>
      </trkpt>
      <trkpt lat="53.264254" lon="12.956973">
        <ele>65</ele>
      </trkpt>
      <trkpt lat="53.266016" lon="12.959322">
        <ele>78.4</ele>
      </trkpt>
      <trkpt lat="53.266761" lon="12.960029">
        <ele>81.2</ele>
      </trkpt>
      <trkpt lat="53.267411" lon="12.960832">
        <ele>81.9</ele>
      </trkpt>
      <trkpt lat="53.268213" lon="12.961725">
        <ele>70.9</ele>
      </trkpt>
      <trkpt lat="53.268588" lon="12.962113">
        <ele>67.7</ele>
      </trkpt>
      <trkpt lat="53.268925" lon="12.962378">
        <ele>67.2</ele>
      </trkpt>
      <trkpt lat="53.269363" lon="12.962504">
        <ele>66.3</ele>
      </trkpt>
      <trkpt lat="53.269793" lon="12.962368">
        <ele>64</ele>
      </trkpt>
      <trkpt lat="53.269905" lon="12.962420">
        <ele>62.7</ele>
      </trkpt>
      <trkpt lat="53.270123" lon="12.962159">
        <ele>61.9</ele>
      </trkpt>
      <trkpt lat="53.270292" lon="12.962020">
        <ele>61</ele>
      </trkpt>
      <trkpt lat="53.270605" lon="12.961903">
        <ele>60.2</ele>
      </trkpt>
      <trkpt lat="53.270820" lon="12.961899">
        <ele>60</ele>
      </trkpt>
      <trkpt lat="53.271233" lon="12.962090">
        <ele>60</ele>
      </trkpt>
      <trkpt lat="53.272904" lon="12.963470">
        <ele>59.2</ele>
      </trkpt>
      <trkpt lat="53.273159" lon="12.963621">
        <ele>59.2</ele>
      </trkpt>
      <trkpt lat="53.273358" lon="12.963626">
        <ele>59.3</ele>
      </trkpt>
      <trkpt lat="53.274661" lon="12.963244">
        <ele>59.7</ele>
      </trkpt>
      <trkpt lat="53.274842" lon="12.963263">
        <ele>59.8</ele>
      </trkpt>
      <trkpt lat="53.276564" lon="12.963802">
        <ele>61.6</ele>
      </trkpt>
      <trkpt lat="53.276826" lon="12.963812">
        <ele>61.4</ele>
      </trkpt>
      <trkpt lat="53.278164" lon="12.963146">
        <ele>60.8</ele>
      </trkpt>
      <trkpt lat="53.278375" lon="12.963096">
        <ele>60.7</ele>
      </trkpt>
      <trkpt lat="53.278725" lon="12.963069">
        <ele>60.6</ele>
      </trkpt>
      <trkpt lat="53.279091" lon="12.963113">
        <ele>61.7</ele>
      </trkpt>
      <trkpt lat="53.280699" lon="12.963123">
        <ele>62.3</ele>
      </trkpt>
      <trkpt lat="53.281494" lon="12.962855">
        <ele>60.2</ele>
      </trkpt>
      <trkpt lat="53.281710" lon="12.963298">
        <ele>59.8</ele>
      </trkpt>
      <trkpt lat="53.281710" lon="12.963298">
        <ele>59.8</ele>
      </trkpt>
      <trkpt lat="53.283577" lon="12.967172">
        <ele>59.8</ele>
      </trkpt>
      <trkpt lat="53.283729" lon="12.966991">
        <ele>59.8</ele>
      </trkpt>
      <trkpt lat="53.284698" lon="12.965545">
        <ele>59.5</ele>
      </trkpt>
      <trkpt lat="53.285442" lon="12.965681">
        <ele>59.9</ele>
      </trkpt>
      <trkpt lat="53.286729" lon="12.966165">
        <ele>60.4</ele>
      </trkpt>
      <trkpt lat="53.287499" lon="12.966292">
        <ele>61.3</ele>
      </trkpt>
      <trkpt lat="53.288420" lon="12.966221">
        <ele>59.9</ele>
      </trkpt>
      <trkpt lat="53.289389" lon="12.966066">
        <ele>59.5</ele>
      </trkpt>
      <trkpt lat="53.289517" lon="12.966036">
        <ele>59.5</ele>
      </trkpt>
      <trkpt lat="53.289606" lon="12.965962">
        <ele>59.9</ele>
      </trkpt>
      <trkpt lat="53.289741" lon="12.966067">
        <ele>60</ele>
      </trkpt>
      <trkpt lat="53.289915" lon="12.966047">
        <ele>60.4</ele>
      </trkpt>
      <trkpt lat="53.290557" lon="12.966784">
        <ele>62</ele>
      </trkpt>
      <trkpt lat="53.291108" lon="12.967596">
        <ele>63.5</ele>
      </trkpt>
      <trkpt lat="53.291454" lon="12.968263">
        <ele>64.2</ele>
      </trkpt>
      <trkpt lat="53.291826" lon="12.969141">
        <ele>65.7</ele>
      </trkpt>
      <trkpt lat="53.292298" lon="12.970599">
        <ele>64.1</ele>
      </trkpt>
      <trkpt lat="53.293036" lon="12.973259">
        <ele>59.2</ele>
      </trkpt>
      <trkpt lat="53.293189" lon="12.974030">
        <ele>60.8</ele>
      </trkpt>
      <trkpt lat="53.293252" lon="12.974190">
        <ele>63.3</ele>
      </trkpt>
      <trkpt lat="53.293562" lon="12.974692">
        <ele>66.2</ele>
      </trkpt>
      <trkpt lat="53.294320" lon="12.977102">
        <ele>63.7</ele>
      </trkpt>
      <trkpt lat="53.295124" lon="12.979127">
        <ele>65.9</ele>
      </trkpt>
      <trkpt lat="53.295364" lon="12.979958">
        <ele>65.1</ele>
      </trkpt>
      <trkpt lat="53.295221" lon="12.980456">
        <ele>60.9</ele>
      </trkpt>
      <trkpt lat="53.295085" lon="12.980730">
        <ele>58.2</ele>
      </trkpt>
      <trkpt lat="53.294995" lon="12.981060">
        <ele>55.6</ele>
      </trkpt>
      <trkpt lat="53.294942" lon="12.982857">
        <ele>55</ele>
      </trkpt>
      <trkpt lat="53.294995" lon="12.982989">
        <ele>54.9</ele>
      </trkpt>
      <trkpt lat="53.295073" lon="12.982998">
        <ele>56.1</ele>
      </trkpt>
      <trkpt lat="53.295175" lon="12.982906">
        <ele>57.1</ele>
      </trkpt>
      <trkpt lat="53.295411" lon="12.981763">
        <ele>58.5</ele>
      </trkpt>
      <trkpt lat="53.295507" lon="12.981504">
        <ele>59.3</ele>
      </trkpt>
      <trkpt lat="53.295647" lon="12.981315">
        <ele>60</ele>
      </trkpt>
      <trkpt lat="53.295824" lon="12.981231">
        <ele>61.6</ele>
      </trkpt>
      <trkpt lat="53.295945" lon="12.981245">
        <ele>61.6</ele>
      </trkpt>
      <trkpt lat="53.296039" lon="12.981336">
        <ele>62.8</ele>
      </trkpt>
      <trkpt lat="53.296249" lon="12.982176">
        <ele>60.6</ele>
      </trkpt>
      <trkpt lat="53.296815" lon="12.983042">
        <ele>60.8</ele>
      </trkpt>
      <trkpt lat="53.297467" lon="12.984604">
        <ele>60.1</ele>
      </trkpt>
      <trkpt lat="53.297891" lon="12.985461">
        <ele>58.9</ele>
      </trkpt>
      <trkpt lat="53.297991" lon="12.985774">
        <ele>58.3</ele>
      </trkpt>
      <trkpt lat="53.298059" lon="12.986133">
        <ele>57.7</ele>
      </trkpt>
      <trkpt lat="53.298107" lon="12.987242">
        <ele>57.1</ele>
      </trkpt>
      <trkpt lat="53.298174" lon="12.987850">
        <ele>57.5</ele>
      </trkpt>
      <trkpt lat="53.298350" lon="12.988259">
        <ele>58.6</ele>
      </trkpt>
      <trkpt lat="53.298467" lon="12.988706">
        <ele>60.3</ele>
      </trkpt>
      <trkpt lat="53.299276" lon="12.988307">
        <ele>61.6</ele>
      </trkpt>
      <trkpt lat="53.301329" lon="12.987627">
        <ele>65.1</ele>
      </trkpt>
      <trkpt lat="53.301685" lon="12.986855">
        <ele>62.1</ele>
      </trkpt>
      <trkpt lat="53.301880" lon="12.986629">
        <ele>61.4</ele>
      </trkpt>
      <trkpt lat="53.302106" lon="12.986450">
        <ele>61.2</ele>
      </trkpt>
      <trkpt lat="53.302212" lon="12.986497">
        <ele>61.8</ele>
      </trkpt>
      <trkpt lat="53.303924" lon="12.987968">
        <ele>62.9</ele>
      </trkpt>
      <trkpt lat="53.305102" lon="12.989124">
        <ele>64</ele>
      </trkpt>
      <trkpt lat="53.305546" lon="12.989707">
        <ele>64.6</ele>
      </trkpt>
      <trkpt lat="53.307102" lon="12.991941">
        <ele>63.9</ele>
      </trkpt>
      <trkpt lat="53.307613" lon="12.992561">
        <ele>59.8</ele>
      </trkpt>
      <trkpt lat="53.308577" lon="12.993954">
        <ele>60.5</ele>
      </trkpt>
      <trkpt lat="53.308881" lon="12.994326">
        <ele>60.7</ele>
      </trkpt>
      <trkpt lat="53.309049" lon="12.994619">
        <ele>60.4</ele>
      </trkpt>
      <trkpt lat="53.309195" lon="12.994988">
        <ele>60</ele>
      </trkpt>
      <trkpt lat="53.309323" lon="12.995590">
        <ele>62.1</ele>
      </trkpt>
      <trkpt lat="53.309520" lon="12.996933">
        <ele>65.6</ele>
      </trkpt>
      <trkpt lat="53.309694" lon="12.997775">
        <ele>67.2</ele>
      </trkpt>
      <trkpt lat="53.310867" lon="13.002209">
        <ele>68.6</ele>
      </trkpt>
      <trkpt lat="53.311201" lon="13.002945">
        <ele>65.8</ele>
      </trkpt>
      <trkpt lat="53.311625" lon="13.003636">
        <ele>64.1</ele>
      </trkpt>
      <trkpt lat="53.311821" lon="13.003892">
        <ele>63</ele>
      </trkpt>
      <trkpt lat="53.312241" lon="13.004321">
        <ele>60.2</ele>
      </trkpt>
      <trkpt lat="53.312756" lon="13.004612">
        <ele>58.4</ele>
      </trkpt>
      <trkpt lat="53.314985" lon="13.004698">
        <ele>58.6</ele>
      </trkpt>
      <trkpt lat="53.315305" lon="13.004650">
        <ele>58.6</ele>
      </trkpt>
      <trkpt lat="53.315337" lon="13.004510">
        <ele>58.5</ele>
      </trkpt>
      <trkpt lat="53.314970" lon="13.003727">
        <ele>58.8</ele>
      </trkpt>
      <trkpt lat="53.314972" lon="13.003522">
        <ele>58.8</ele>
      </trkpt>
      <trkpt lat="53.315022" lon="13.003233">
        <ele>58.5</ele>
      </trkpt>
      <trkpt lat="53.315755" lon="13.000487">
        <ele>58.1</ele>
      </trkpt>
      <trkpt lat="53.316194" lon="12.997911">
        <ele>60.6</ele>
      </trkpt>
      <trkpt lat="53.316194" lon="12.997794">
        <ele>60.6</ele>
      </trkpt>
      <trkpt lat="53.316133" lon="12.997499">
        <ele>61.2</ele>
      </trkpt>
      <trkpt lat="53.315923" lon="12.996860">
        <ele>60.7</ele>
      </trkpt>
      <trkpt lat="53.315307" lon="12.994644">
        <ele>58.9</ele>
      </trkpt>
      <trkpt lat="53.314477" lon="12.991862">
        <ele>59.5</ele>
      </trkpt>
      <trkpt lat="53.314272" lon="12.990894">
        <ele>59.5</ele>
      </trkpt>
      <trkpt lat="53.314010" lon="12.986337">
        <ele>63.6</ele>
      </trkpt>
      <trkpt lat="53.314438" lon="12.982750">
        <ele>64.1</ele>
      </trkpt>
      <trkpt lat="53.314534" lon="12.981516">
        <ele>63.4</ele>
      </trkpt>
      <trkpt lat="53.314639" lon="12.981147">
        <ele>62.6</ele>
      </trkpt>
      <trkpt lat="53.314909" lon="12.980475">
        <ele>62.9</ele>
      </trkpt>
      <trkpt lat="53.316485" lon="12.976892">
        <ele>58.4</ele>
      </trkpt>
      <trkpt lat="53.316499" lon="12.976685">
        <ele>58</ele>
      </trkpt>
      <trkpt lat="53.316605" lon="12.976607">
        <ele>58.3</ele>
      </trkpt>
      <trkpt lat="53.317585" lon="12.975268">
        <ele>60.7</ele>
      </trkpt>
      <trkpt lat="53.319741" lon="12.972740">
        <ele>58.7</ele>
      </trkpt>
      <trkpt lat="53.320034" lon="12.972343">
        <ele>58.4</ele>
      </trkpt>
      <trkpt lat="53.321131" lon="12.971561">
        <ele>60.1</ele>
      </trkpt>
      <trkpt lat="53.321279" lon="12.971393">
        <ele>60</ele>
      </trkpt>
      <trkpt lat="53.321919" lon="12.970289">
        <ele>59.7</ele>
      </trkpt>
      <trkpt lat="53.322291" lon="12.969518">
        <ele>62.5</ele>
      </trkpt>
      <trkpt lat="53.321763" lon="12.967448">
        <ele>62</ele>
      </trkpt>
      <trkpt lat="53.321824" lon="12.966607">
        <ele>61.7</ele>
      </trkpt>
      <trkpt lat="53.321828" lon="12.966396">
        <ele>61.3</ele>
      </trkpt>
      <trkpt lat="53.321796" lon="12.966203">
        <ele>60.6</ele>
      </trkpt>
      <trkpt lat="53.321738" lon="12.966030">
        <ele>60.6</ele>
      </trkpt>
      <trkpt lat="53.321469" lon="12.965574">
        <ele>60</ele>
      </trkpt>
      <trkpt lat="53.321329" lon="12.965422">
        <ele>59.5</ele>
      </trkpt>
      <trkpt lat="53.321186" lon="12.965313">
        <ele>60.7</ele>
      </trkpt>
      <trkpt lat="53.320513" lon="12.965058">
        <ele>61.6</ele>
      </trkpt>
      <trkpt lat="53.320323" lon="12.964921">
        <ele>62.3</ele>
      </trkpt>
      <trkpt lat="53.320210" lon="12.964736">
        <ele>62.2</ele>
      </trkpt>
      <trkpt lat="53.320120" lon="12.964470">
        <ele>63.2</ele>
      </trkpt>
      <trkpt lat="53.319875" lon="12.962652">
        <ele>61.1</ele>
      </trkpt>
      <trkpt lat="53.319853" lon="12.961924">
        <ele>60.8</ele>
      </trkpt>
      <trkpt lat="53.319907" lon="12.961568">
        <ele>60.8</ele>
      </trkpt>
      <trkpt lat="53.320025" lon="12.961216">
        <ele>60.9</ele>
      </trkpt>
      <trkpt lat="53.320723" lon="12.959569">
        <ele>65.6</ele>
      </trkpt>
      <trkpt lat="53.320924" lon="12.959028">
        <ele>68.4</ele>
      </trkpt>
      <trkpt lat="53.321058" lon="12.958469">
        <ele>70.5</ele>
      </trkpt>
      <trkpt lat="53.321110" lon="12.958058">
        <ele>71.9</ele>
      </trkpt>
      <trkpt lat="53.321113" lon="12.957577">
        <ele>72.7</ele>
      </trkpt>
      <trkpt lat="53.321083" lon="12.951007">
        <ele>72.7</ele>
      </trkpt>
      <trkpt lat="53.321681" lon="12.946908">
        <ele>64.4</ele>
      </trkpt>
      <trkpt lat="53.322194" lon="12.942542">
        <ele>63.7</ele>
      </trkpt>
      <trkpt lat="53.322688" lon="12.940309">
        <ele>65.5</ele>
      </trkpt>
      <trkpt lat="53.324105" lon="12.929660">
        <ele>81</ele>
      </trkpt>
      <trkpt lat="53.324323" lon="12.928920">
        <ele>82.9</ele>
      </trkpt>
      <trkpt lat="53.325815" lon="12.925321">
        <ele>84.5</ele>
      </trkpt>
      <trkpt lat="53.325991" lon="12.925042">
        <ele>83.7</ele>
      </trkpt>
      <trkpt lat="53.326154" lon="12.924828">
        <ele>82.8</ele>
      </trkpt>
      <trkpt lat="53.327447" lon="12.923607">
        <ele>79.7</ele>
      </trkpt>
      <trkpt lat="53.327709" lon="12.923316">
        <ele>78.6</ele>
      </trkpt>
      <trkpt lat="53.329195" lon="12.921230">
        <ele>70.8</ele>
      </trkpt>
      <trkpt lat="53.331150" lon="12.921245">
        <ele>73.9</ele>
      </trkpt>
      <trkpt lat="53.331387" lon="12.921309">
        <ele>74.6</ele>
      </trkpt>
      <trkpt lat="53.331625" lon="12.921445">
        <ele>74.5</ele>
      </trkpt>
      <trkpt lat="53.332013" lon="12.921878">
        <ele>74.4</ele>
      </trkpt>
      <trkpt lat="53.334133" lon="12.924935">
        <ele>79</ele>
      </trkpt>
      <trkpt lat="53.334603" lon="12.925660">
        <ele>78.6</ele>
      </trkpt>
      <trkpt lat="53.335031" lon="12.926461">
        <ele>75.1</ele>
      </trkpt>
      <trkpt lat="53.335201" lon="12.926680">
        <ele>74.3</ele>
      </trkpt>
      <trkpt lat="53.335384" lon="12.926814">
        <ele>73.3</ele>
      </trkpt>
      <trkpt lat="53.338671" lon="12.927741">
        <ele>70.6</ele>
      </trkpt>
      <trkpt lat="53.338935" lon="12.927767">
        <ele>69.4</ele>
      </trkpt>
      <trkpt lat="53.339802" lon="12.927678">
        <ele>62.1</ele>
      </trkpt>
      <trkpt lat="53.340462" lon="12.927470">
        <ele>67.2</ele>
      </trkpt>
      <trkpt lat="53.341156" lon="12.927153">
        <ele>71.6</ele>
      </trkpt>
      <trkpt lat="53.342440" lon="12.926388">
        <ele>68.8</ele>
      </trkpt>
      <trkpt lat="53.343724" lon="12.925330">
        <ele>67.5</ele>
      </trkpt>
      <trkpt lat="53.344108" lon="12.925143">
        <ele>71.2</ele>
      </trkpt>
      <trkpt lat="53.344512" lon="12.925190">
        <ele>72.3</ele>
      </trkpt>
      <trkpt lat="53.346000" lon="12.925870">
        <ele>71.3</ele>
      </trkpt>
      <trkpt lat="53.347109" lon="12.926216">
        <ele>69.3</ele>
      </trkpt>
      <trkpt lat="53.348898" lon="12.926412">
        <ele>64.1</ele>
      </trkpt>
      <trkpt lat="53.349244" lon="12.926192">
        <ele>64.5</ele>
      </trkpt>
      <trkpt lat="53.350310" lon="12.925146">
        <ele>63.6</ele>
      </trkpt>
      <trkpt lat="53.350522" lon="12.924893">
        <ele>63.3</ele>
      </trkpt>
      <trkpt lat="53.351303" lon="12.923626">
        <ele>62.9</ele>
      </trkpt>
      <trkpt lat="53.351847" lon="12.922445">
        <ele>62.6</ele>
      </trkpt>
      <trkpt lat="53.352111" lon="12.922163">
        <ele>62.4</ele>
      </trkpt>
      <trkpt lat="53.352322" lon="12.922099">
        <ele>61.9</ele>
      </trkpt>
      <trkpt lat="53.352858" lon="12.922162">
        <ele>60.9</ele>
      </trkpt>
      <trkpt lat="53.353065" lon="12.922143">
        <ele>60.6</ele>
      </trkpt>
      <trkpt lat="53.353712" lon="12.921940">
        <ele>60.7</ele>
      </trkpt>
      <trkpt lat="53.354004" lon="12.921903">
        <ele>61.3</ele>
      </trkpt>
      <trkpt lat="53.355566" lon="12.921963">
        <ele>62.5</ele>
      </trkpt>
      <trkpt lat="53.355756" lon="12.921599">
        <ele>63.1</ele>
      </trkpt>
      <trkpt lat="53.355832" lon="12.921255">
        <ele>64.7</ele>
      </trkpt>
      <trkpt lat="53.355886" lon="12.920797">
        <ele>65.6</ele>
      </trkpt>
      <trkpt lat="53.356788" lon="12.910455">
        <ele>67.3</ele>
      </trkpt>
      <trkpt lat="53.356845" lon="12.910175">
        <ele>67.4</ele>
      </trkpt>
      <trkpt lat="53.356997" lon="12.909826">
        <ele>66.9</ele>
      </trkpt>
      <trkpt lat="53.357141" lon="12.909641">
        <ele>66</ele>
      </trkpt>
      <trkpt lat="53.358531" lon="12.908284">
        <ele>67</ele>
      </trkpt>
      <trkpt lat="53.359507" lon="12.907064">
        <ele>71.7</ele>
      </trkpt>
      <trkpt lat="53.359762" lon="12.906524">
        <ele>71.8</ele>
      </trkpt>
      <trkpt lat="53.360067" lon="12.905405">
        <ele>69.8</ele>
      </trkpt>
      <trkpt lat="53.360156" lon="12.904941">
        <ele>68.8</ele>
      </trkpt>
      <trkpt lat="53.360306" lon="12.902629">
        <ele>63.3</ele>
      </trkpt>
      <trkpt lat="53.360709" lon="12.899195">
        <ele>63.3</ele>
      </trkpt>
      <trkpt lat="53.360696" lon="12.898860">
        <ele>61.9</ele>
      </trkpt>
      <trkpt lat="53.360621" lon="12.898514">
        <ele>60.2</ele>
      </trkpt>
      <trkpt lat="53.360422" lon="12.897925">
        <ele>59.6</ele>
      </trkpt>
      <trkpt lat="53.359743" lon="12.896209">
        <ele>58.6</ele>
      </trkpt>
      <trkpt lat="53.359075" lon="12.893650">
        <ele>59.8</ele>
      </trkpt>
      <trkpt lat="53.359032" lon="12.893389">
        <ele>60.4</ele>
      </trkpt>
      <trkpt lat="53.359025" lon="12.893103">
        <ele>61.2</ele>
      </trkpt>
      <trkpt lat="53.359036" lon="12.891397">
        <ele>65.6</ele>
      </trkpt>
      <trkpt lat="53.359059" lon="12.890516">
        <ele>67.1</ele>
      </trkpt>
      <trkpt lat="53.359114" lon="12.889983">
        <ele>67.1</ele>
      </trkpt>
      <trkpt lat="53.359536" lon="12.889797">
        <ele>67.2</ele>
      </trkpt>
      <trkpt lat="53.359776" lon="12.889440">
        <ele>67</ele>
      </trkpt>
      <trkpt lat="53.360019" lon="12.889177">
        <ele>66.9</ele>
      </trkpt>
      <trkpt lat="53.361187" lon="12.888176">
        <ele>66.5</ele>
      </trkpt>
      <trkpt lat="53.361706" lon="12.887505">
        <ele>65.6</ele>
      </trkpt>
      <trkpt lat="53.362318" lon="12.886958">
        <ele>63.9</ele>
      </trkpt>
      <trkpt lat="53.362506" lon="12.886838">
        <ele>63.4</ele>
      </trkpt>
      <trkpt lat="53.363066" lon="12.886826">
        <ele>62.1</ele>
      </trkpt>
      <trkpt lat="53.363885" lon="12.886689">
        <ele>60.9</ele>
      </trkpt>
      <trkpt lat="53.364789" lon="12.887011">
        <ele>61</ele>
      </trkpt>
      <trkpt lat="53.365044" lon="12.887122">
        <ele>61.7</ele>
      </trkpt>
      <trkpt lat="53.365189" lon="12.887236">
        <ele>61.4</ele>
      </trkpt>
      <trkpt lat="53.366901" lon="12.889094">
        <ele>63.7</ele>
      </trkpt>
      <trkpt lat="53.367428" lon="12.889471">
        <ele>61.4</ele>
      </trkpt>
      <trkpt lat="53.367734" lon="12.889838">
        <ele>61.2</ele>
      </trkpt>
      <trkpt lat="53.368086" lon="12.889819">
        <ele>60.5</ele>
      </trkpt>
      <trkpt lat="53.368443" lon="12.889868">
        <ele>60.3</ele>
      </trkpt>
      <trkpt lat="53.370581" lon="12.890280">
        <ele>66.6</ele>
      </trkpt>
      <trkpt lat="53.371666" lon="12.890754">
        <ele>69.7</ele>
      </trkpt>
      <trkpt lat="53.372353" lon="12.891211">
        <ele>67.3</ele>
      </trkpt>
      <trkpt lat="53.372563" lon="12.891458">
        <ele>66.7</ele>
      </trkpt>
      <trkpt lat="53.373033" lon="12.892275">
        <ele>61.8</ele>
      </trkpt>
      <trkpt lat="53.373435" lon="12.892635">
        <ele>60.8</ele>
      </trkpt>
      <trkpt lat="53.373801" lon="12.892782">
        <ele>61.6</ele>
      </trkpt>
      <trkpt lat="53.374111" lon="12.892988">
        <ele>62.3</ele>
      </trkpt>
      <trkpt lat="53.374658" lon="12.893502">
        <ele>63.6</ele>
      </trkpt>
      <trkpt lat="53.374803" lon="12.893591">
        <ele>63.6</ele>
      </trkpt>
      <trkpt lat="53.377391" lon="12.894574">
        <ele>63.2</ele>
      </trkpt>
      <trkpt lat="53.377972" lon="12.895005">
        <ele>64.3</ele>
      </trkpt>
      <trkpt lat="53.378217" lon="12.895133">
        <ele>64</ele>
      </trkpt>
      <trkpt lat="53.379309" lon="12.895333">
        <ele>62.7</ele>
      </trkpt>
      <trkpt lat="53.379660" lon="12.895349">
        <ele>62.5</ele>
      </trkpt>
      <trkpt lat="53.380487" lon="12.895180">
        <ele>63.5</ele>
      </trkpt>
      <trkpt lat="53.380999" lon="12.895282">
        <ele>63.9</ele>
      </trkpt>
      <trkpt lat="53.381331" lon="12.895125">
        <ele>63.9</ele>
      </trkpt>
      <trkpt lat="53.382177" lon="12.894975">
        <ele>62.8</ele>
      </trkpt>
      <trkpt lat="53.388086" lon="12.894254">
        <ele>59.9</ele>
      </trkpt>
      <trkpt lat="53.392808" lon="12.893499">
        <ele>58.3</ele>
      </trkpt>
      <trkpt lat="53.393196" lon="12.893462">
        <ele>58.4</ele>
      </trkpt>
      <trkpt lat="53.393512" lon="12.893623">
        <ele>58.5</ele>
      </trkpt>
      <trkpt lat="53.393864" lon="12.893964">
        <ele>58.8</ele>
      </trkpt>
      <trkpt lat="53.397995" lon="12.898525">
        <ele>62.7</ele>
      </trkpt>
      <trkpt lat="53.398325" lon="12.898785">
        <ele>62.9</ele>
      </trkpt>
      <trkpt lat="53.400585" lon="12.901152">
        <ele>69.6</ele>
      </trkpt>
      <trkpt lat="53.405103" lon="12.906461">
        <ele>70.8</ele>
      </trkpt>
      <trkpt lat="53.405978" lon="12.907343">
        <ele>68.6</ele>
      </trkpt>
      <trkpt lat="53.406126" lon="12.907256">
        <ele>67.5</ele>
      </trkpt>
      <trkpt lat="53.406321" lon="12.907652">
        <ele>66.5</ele>
      </trkpt>
      <trkpt lat="53.406463" lon="12.907859">
        <ele>66.1</ele>
      </trkpt>
      <trkpt lat="53.406649" lon="12.908028">
        <ele>65.6</ele>
      </trkpt>
      <trkpt lat="53.407383" lon="12.908428">
        <ele>66.6</ele>
      </trkpt>
      <trkpt lat="53.408110" lon="12.908707">
        <ele>70.1</ele>
      </trkpt>
      <trkpt lat="53.408281" lon="12.908947">
        <ele>71.7</ele>
      </trkpt>
      <trkpt lat="53.408581" lon="12.909506">
        <ele>71.7</ele>
      </trkpt>
      <trkpt lat="53.409010" lon="12.910482">
        <ele>67.9</ele>
      </trkpt>
      <trkpt lat="53.409147" lon="12.910954">
        <ele>66.6</ele>
      </trkpt>
      <trkpt lat="53.409514" lon="12.912799">
        <ele>67.6</ele>
      </trkpt>
      <trkpt lat="53.409639" lon="12.913215">
        <ele>65.5</ele>
      </trkpt>
      <trkpt lat="53.409949" lon="12.913881">
        <ele>64.1</ele>
      </trkpt>
      <trkpt lat="53.410278" lon="12.914356">
        <ele>64.1</ele>
      </trkpt>
      <trkpt lat="53.411100" lon="12.914948">
        <ele>63.2</ele>
      </trkpt>
      <trkpt lat="53.411912" lon="12.915695">
        <ele>62.5</ele>
      </trkpt>
      <trkpt lat="53.418911" lon="12.922566">
        <ele>67</ele>
      </trkpt>
      <trkpt lat="53.419082" lon="12.922915">
        <ele>67.3</ele>
      </trkpt>
      <trkpt lat="53.420438" lon="12.929261">
        <ele>67.4</ele>
      </trkpt>
      <trkpt lat="53.420534" lon="12.929517">
        <ele>67.4</ele>
      </trkpt>
      <trkpt lat="53.420717" lon="12.929837">
        <ele>67.5</ele>
      </trkpt>
      <trkpt lat="53.421228" lon="12.930332">
        <ele>67.4</ele>
      </trkpt>
      <trkpt lat="53.421517" lon="12.930495">
        <ele>67.1</ele>
      </trkpt>
      <trkpt lat="53.421987" lon="12.930677">
        <ele>67.1</ele>
      </trkpt>
      <trkpt lat="53.422301" lon="12.930706">
        <ele>67.1</ele>
      </trkpt>
      <trkpt lat="53.422904" lon="12.930712">
        <ele>67.1</ele>
      </trkpt>
      <trkpt lat="53.423310" lon="12.930657">
        <ele>67.3</ele>
      </trkpt>
      <trkpt lat="53.423611" lon="12.930579">
        <ele>67.8</ele>
      </trkpt>
      <trkpt lat="53.424438" lon="12.930104">
        <ele>68.2</ele>
      </trkpt>
      <trkpt lat="53.424588" lon="12.930051">
        <ele>68.1</ele>
      </trkpt>
      <trkpt lat="53.424842" lon="12.930087">
        <ele>67.8</ele>
      </trkpt>
      <trkpt lat="53.426674" lon="12.931365">
        <ele>65.4</ele>
      </trkpt>
      <trkpt lat="53.426842" lon="12.931545">
        <ele>64.7</ele>
      </trkpt>
      <trkpt lat="53.426982" lon="12.931831">
        <ele>64</ele>
      </trkpt>
      <trkpt lat="53.427781" lon="12.934054">
        <ele>64.4</ele>
      </trkpt>
      <trkpt lat="53.428865" lon="12.936928">
        <ele>66.3</ele>
      </trkpt>
      <trkpt lat="53.428974" lon="12.937350">
        <ele>67.3</ele>
      </trkpt>
      <trkpt lat="53.428999" lon="12.937633">
        <ele>66.8</ele>
      </trkpt>
      <trkpt lat="53.428957" lon="12.937904">
        <ele>65.3</ele>
      </trkpt>
      <trkpt lat="53.428582" lon="12.939320">
        <ele>64.8</ele>
      </trkpt>
      <trkpt lat="53.428534" lon="12.939569">
        <ele>64.8</ele>
      </trkpt>
      <trkpt lat="53.428535" lon="12.939739">
        <ele>65.1</ele>
      </trkpt>
      <trkpt lat="53.428791" lon="12.940890">
        <ele>65.4</ele>
      </trkpt>
      <trkpt lat="53.429037" lon="12.941747">
        <ele>65.1</ele>
      </trkpt>
      <trkpt lat="53.429099" lon="12.942122">
        <ele>65.3</ele>
      </trkpt>
      <trkpt lat="53.429236" lon="12.944758">
        <ele>67.3</ele>
      </trkpt>
      <trkpt lat="53.429389" lon="12.945497">
        <ele>67</ele>
      </trkpt>
      <trkpt lat="53.429448" lon="12.946916">
        <ele>63.9</ele>
      </trkpt>
      <trkpt lat="53.429601" lon="12.947845">
        <ele>64.1</ele>
      </trkpt>
      <trkpt lat="53.429577" lon="12.949491">
        <ele>65.9</ele>
      </trkpt>
      <trkpt lat="53.429606" lon="12.949657">
        <ele>66.1</ele>
      </trkpt>
      <trkpt lat="53.429776" lon="12.950073">
        <ele>65.8</ele>
      </trkpt>
      <trkpt lat="53.429971" lon="12.950317">
        <ele>66.5</ele>
      </trkpt>
      <trkpt lat="53.430138" lon="12.950368">
        <ele>68.4</ele>
      </trkpt>
      <trkpt lat="53.430395" lon="12.950356">
        <ele>68.6</ele>
      </trkpt>
      <trkpt lat="53.432295" lon="12.949797">
        <ele>75.6</ele>
      </trkpt>
      <trkpt lat="53.433460" lon="12.949759">
        <ele>71.1</ele>
      </trkpt>
      <trkpt lat="53.433773" lon="12.949814">
        <ele>71</ele>
      </trkpt>
      <trkpt lat="53.434482" lon="12.950061">
        <ele>70.9</ele>
      </trkpt>
      <trkpt lat="53.435878" lon="12.950363">
        <ele>70.8</ele>
      </trkpt>
      <trkpt lat="53.436483" lon="12.950149">
        <ele>70.3</ele>
      </trkpt>
      <trkpt lat="53.436759" lon="12.950154">
        <ele>72.7</ele>
      </trkpt>
      <trkpt lat="53.437297" lon="12.950390">
        <ele>78.4</ele>
      </trkpt>
      <trkpt lat="53.438040" lon="12.950463">
        <ele>74.5</ele>
      </trkpt>
      <trkpt lat="53.439490" lon="12.950895">
        <ele>83.1</ele>
      </trkpt>
      <trkpt lat="53.440565" lon="12.950991">
        <ele>84.7</ele>
      </trkpt>
      <trkpt lat="53.440837" lon="12.951064">
        <ele>83.5</ele>
      </trkpt>
      <trkpt lat="53.441178" lon="12.951293">
        <ele>82.2</ele>
      </trkpt>
      <trkpt lat="53.441325" lon="12.951464">
        <ele>86.9</ele>
      </trkpt>
      <trkpt lat="53.443548" lon="12.954486">
        <ele>91.7</ele>
      </trkpt>
      <trkpt lat="53.443700" lon="12.954582">
        <ele>91.6</ele>
      </trkpt>
      <trkpt lat="53.445556" lon="12.954735">
        <ele>82.3</ele>
      </trkpt>
      <trkpt lat="53.445910" lon="12.954689">
        <ele>77</ele>
      </trkpt>
      <trkpt lat="53.446383" lon="12.954899">
        <ele>72.9</ele>
      </trkpt>
      <trkpt lat="53.446829" lon="12.954954">
        <ele>77.9</ele>
      </trkpt>
      <trkpt lat="53.447828" lon="12.954866">
        <ele>66.4</ele>
      </trkpt>
      <trkpt lat="53.449058" lon="12.954534">
        <ele>68.8</ele>
      </trkpt>
      <trkpt lat="53.449300" lon="12.954536">
        <ele>70.7</ele>
      </trkpt>
      <trkpt lat="53.449614" lon="12.954685">
        <ele>72.8</ele>
      </trkpt>
      <trkpt lat="53.449745" lon="12.954852">
        <ele>71.4</ele>
      </trkpt>
      <trkpt lat="53.449853" lon="12.955099">
        <ele>70.9</ele>
      </trkpt>
      <trkpt lat="53.450140" lon="12.956083">
        <ele>72.2</ele>
      </trkpt>
      <trkpt lat="53.450484" lon="12.956788">
        <ele>71.3</ele>
      </trkpt>
      <trkpt lat="53.450748" lon="12.957196">
        <ele>71.5</ele>
      </trkpt>
      <trkpt lat="53.450841" lon="12.957256">
        <ele>71.5</ele>
      </trkpt>
      <trkpt lat="53.453402" lon="12.957496">
        <ele>70</ele>
      </trkpt>
      <trkpt lat="53.453433" lon="12.957566">
        <ele>70</ele>
      </trkpt>
      <trkpt lat="53.453917" lon="12.956939">
        <ele>70</ele>
      </trkpt>
      <trkpt lat="53.454529" lon="12.956240">
        <ele>69</ele>
      </trkpt>
      <trkpt lat="53.454726" lon="12.956098">
        <ele>69.2</ele>
      </trkpt>
      <trkpt lat="53.455611" lon="12.954960">
        <ele>71.6</ele>
      </trkpt>
      <trkpt lat="53.456039" lon="12.954496">
        <ele>72.8</ele>
      </trkpt>
      <trkpt lat="53.456285" lon="12.954319">
        <ele>74</ele>
      </trkpt>
      <trkpt lat="53.457516" lon="12.953223">
        <ele>71.5</ele>
      </trkpt>
      <trkpt lat="53.459048" lon="12.952046">
        <ele>71</ele>
      </trkpt>
      <trkpt lat="53.459591" lon="12.951526">
        <ele>71.7</ele>
      </trkpt>
      <trkpt lat="53.460471" lon="12.950971">
        <ele>73.8</ele>
      </trkpt>
      <trkpt lat="53.460606" lon="12.950945">
        <ele>74.1</ele>
      </trkpt>
      <trkpt lat="53.461921" lon="12.951199">
        <ele>73</ele>
      </trkpt>
      <trkpt lat="53.462296" lon="12.951100">
        <ele>72.9</ele>
      </trkpt>
      <trkpt lat="53.462541" lon="12.950886">
        <ele>74.1</ele>
      </trkpt>
      <trkpt lat="53.462808" lon="12.950515">
        <ele>74.8</ele>
      </trkpt>
      <trkpt lat="53.463327" lon="12.949553">
        <ele>74.6</ele>
      </trkpt>
      <trkpt lat="53.463660" lon="12.949134">
        <ele>74.3</ele>
      </trkpt>
      <trkpt lat="53.463976" lon="12.948829">
        <ele>74.4</ele>
      </trkpt>
      <trkpt lat="53.464250" lon="12.948717">
        <ele>74.6</ele>
      </trkpt>
      <trkpt lat="53.464756" lon="12.948380">
        <ele>76.4</ele>
      </trkpt>
      <trkpt lat="53.465461" lon="12.947807">
        <ele>77</ele>
      </trkpt>
      <trkpt lat="53.466005" lon="12.947569">
        <ele>76.1</ele>
      </trkpt>
      <trkpt lat="53.466480" lon="12.947104">
        <ele>75.1</ele>
      </trkpt>
      <trkpt lat="53.466774" lon="12.946681">
        <ele>73</ele>
      </trkpt>
      <trkpt lat="53.467014" lon="12.946466">
        <ele>70.7</ele>
      </trkpt>
      <trkpt lat="53.467548" lon="12.946117">
        <ele>69</ele>
      </trkpt>
      <trkpt lat="53.468112" lon="12.945601">
        <ele>68</ele>
      </trkpt>
      <trkpt lat="53.468300" lon="12.944883">
        <ele>66.2</ele>
      </trkpt>
      <trkpt lat="53.468367" lon="12.944805">
        <ele>66.2</ele>
      </trkpt>
      <trkpt lat="53.468483" lon="12.944814">
        <ele>65.6</ele>
      </trkpt>
      <trkpt lat="53.468733" lon="12.945245">
        <ele>65.9</ele>
      </trkpt>
      <trkpt lat="53.469024" lon="12.947033">
        <ele>64.1</ele>
      </trkpt>
      <trkpt lat="53.469309" lon="12.947930">
        <ele>61.9</ele>
      </trkpt>
      <trkpt lat="53.469705" lon="12.948748">
        <ele>59.9</ele>
      </trkpt>
      <trkpt lat="53.469802" lon="12.949080">
        <ele>60</ele>
      </trkpt>
      <trkpt lat="53.470331" lon="12.952444">
        <ele>59.7</ele>
      </trkpt>
      <trkpt lat="53.470490" lon="12.953071">
        <ele>59.2</ele>
      </trkpt>
      <trkpt lat="53.470571" lon="12.953227">
        <ele>59.5</ele>
      </trkpt>
      <trkpt lat="53.470930" lon="12.953570">
        <ele>59.5</ele>
      </trkpt>
      <trkpt lat="53.471716" lon="12.954116">
        <ele>59.7</ele>
      </trkpt>
      <trkpt lat="53.472193" lon="12.954609">
        <ele>59.7</ele>
      </trkpt>
      <trkpt lat="53.475193" lon="12.957932">
        <ele>58.3</ele>
      </trkpt>
      <trkpt lat="53.475769" lon="12.958654">
        <ele>58</ele>
      </trkpt>
      <trkpt lat="53.475918" lon="12.959092">
        <ele>57.8</ele>
      </trkpt>
      <trkpt lat="53.476083" lon="12.960399">
        <ele>56.9</ele>
      </trkpt>
      <trkpt lat="53.476209" lon="12.960788">
        <ele>57.2</ele>
      </trkpt>
      <trkpt lat="53.476348" lon="12.961024">
        <ele>57.5</ele>
      </trkpt>
      <trkpt lat="53.476914" lon="12.961628">
        <ele>58.6</ele>
      </trkpt>
      <trkpt lat="53.476982" lon="12.961781">
        <ele>58.6</ele>
      </trkpt>
      <trkpt lat="53.477565" lon="12.964246">
        <ele>56.9</ele>
      </trkpt>
      <trkpt lat="53.477718" lon="12.965440">
        <ele>57.6</ele>
      </trkpt>
      <trkpt lat="53.477811" lon="12.965734">
        <ele>58.2</ele>
      </trkpt>
      <trkpt lat="53.478116" lon="12.966241">
        <ele>58</ele>
      </trkpt>
      <trkpt lat="53.478352" lon="12.966556">
        <ele>58.7</ele>
      </trkpt>
      <trkpt lat="53.478799" lon="12.966849">
        <ele>58.3</ele>
      </trkpt>
      <trkpt lat="53.479965" lon="12.967164">
        <ele>59.1</ele>
      </trkpt>
      <trkpt lat="53.480808" lon="12.967325">
        <ele>63</ele>
      </trkpt>
      <trkpt lat="53.480799" lon="12.966913">
        <ele>62.3</ele>
      </trkpt>
      <trkpt lat="53.480928" lon="12.964389">
        <ele>65.3</ele>
      </trkpt>
      <trkpt lat="53.481049" lon="12.963832">
        <ele>65.5</ele>
      </trkpt>
      <trkpt lat="53.481287" lon="12.963192">
        <ele>66.3</ele>
      </trkpt>
      <trkpt lat="53.481664" lon="12.962501">
        <ele>67.1</ele>
      </trkpt>
      <trkpt lat="53.482583" lon="12.961194">
        <ele>68.4</ele>
      </trkpt>
      <trkpt lat="53.483234" lon="12.960193">
        <ele>70.4</ele>
      </trkpt>
      <trkpt lat="53.483969" lon="12.958259">
        <ele>76.6</ele>
      </trkpt>
      <trkpt lat="53.484089" lon="12.958049">
        <ele>77</ele>
      </trkpt>
      <trkpt lat="53.484337" lon="12.957777">
        <ele>77.4</ele>
      </trkpt>
      <trkpt lat="53.484466" lon="12.957505">
        <ele>77.5</ele>
      </trkpt>
      <trkpt lat="53.484740" lon="12.956463">
        <ele>78.5</ele>
      </trkpt>
      <trkpt lat="53.484844" lon="12.956254">
        <ele>79</ele>
      </trkpt>
      <trkpt lat="53.484953" lon="12.956128">
        <ele>79</ele>
      </trkpt>
      <trkpt lat="53.485592" lon="12.955689">
        <ele>79.9</ele>
      </trkpt>
      <trkpt lat="53.485778" lon="12.955450">
        <ele>79.8</ele>
      </trkpt>
      <trkpt lat="53.486329" lon="12.954353">
        <ele>79</ele>
      </trkpt>
      <trkpt lat="53.486395" lon="12.954073">
        <ele>79</ele>
      </trkpt>
      <trkpt lat="53.486628" lon="12.952079">
        <ele>79.6</ele>
      </trkpt>
      <trkpt lat="53.486946" lon="12.948620">
        <ele>79.2</ele>
      </trkpt>
      <trkpt lat="53.486981" lon="12.948423">
        <ele>79.7</ele>
      </trkpt>
      <trkpt lat="53.487192" lon="12.948060">
        <ele>79.9</ele>
      </trkpt>
      <trkpt lat="53.489268" lon="12.945666">
        <ele>78.5</ele>
      </trkpt>
      <trkpt lat="53.489742" lon="12.945187">
        <ele>78.4</ele>
      </trkpt>
      <trkpt lat="53.492405" lon="12.942862">
        <ele>80.5</ele>
      </trkpt>
      <trkpt lat="53.492787" lon="12.942306">
        <ele>80.4</ele>
      </trkpt>
      <trkpt lat="53.494644" lon="12.938866">
        <ele>83.2</ele>
      </trkpt>
      <trkpt lat="53.494990" lon="12.938295">
        <ele>82.7</ele>
      </trkpt>
      <trkpt lat="53.495217" lon="12.938019">
        <ele>82.2</ele>
      </trkpt>
      <trkpt lat="53.495701" lon="12.937683">
        <ele>82</ele>
      </trkpt>
      <trkpt lat="53.498179" lon="12.936945">
        <ele>80.4</ele>
      </trkpt>
      <trkpt lat="53.498475" lon="12.936753">
        <ele>79.7</ele>
      </trkpt>
      <trkpt lat="53.499046" lon="12.936183">
        <ele>79.7</ele>
      </trkpt>
      <trkpt lat="53.499516" lon="12.935561">
        <ele>80.4</ele>
      </trkpt>
      <trkpt lat="53.501682" lon="12.931870">
        <ele>82.2</ele>
      </trkpt>
      <trkpt lat="53.502492" lon="12.930459">
        <ele>82.9</ele>
      </trkpt>
      <trkpt lat="53.502636" lon="12.930021">
        <ele>83.2</ele>
      </trkpt>
      <trkpt lat="53.502669" lon="12.929607">
        <ele>83.7</ele>
      </trkpt>
      <trkpt lat="53.502713" lon="12.927753">
        <ele>84.3</ele>
      </trkpt>
      <trkpt lat="53.502747" lon="12.927571">
        <ele>84.4</ele>
      </trkpt>
      <trkpt lat="53.502275" lon="12.926700">
        <ele>84</ele>
      </trkpt>
      <trkpt lat="53.502032" lon="12.926163">
        <ele>83.9</ele>
      </trkpt>
      <trkpt lat="53.501195" lon="12.923945">
        <ele>84.6</ele>
      </trkpt>
      <trkpt lat="53.500763" lon="12.923043">
        <ele>81.7</ele>
      </trkpt>
      <trkpt lat="53.500256" lon="12.922104">
        <ele>80.8</ele>
      </trkpt>
      <trkpt lat="53.499941" lon="12.921614">
        <ele>80.7</ele>
      </trkpt>
      <trkpt lat="53.499501" lon="12.921148">
        <ele>80.1</ele>
      </trkpt>
      <trkpt lat="53.499205" lon="12.920701">
        <ele>79.9</ele>
      </trkpt>
      <trkpt lat="53.498682" lon="12.919586">
        <ele>79.9</ele>
      </trkpt>
      <trkpt lat="53.498338" lon="12.918733">
        <ele>80.5</ele>
      </trkpt>
      <trkpt lat="53.497924" lon="12.917370">
        <ele>80.6</ele>
      </trkpt>
      <trkpt lat="53.497648" lon="12.916669">
        <ele>80.7</ele>
      </trkpt>
      <trkpt lat="53.496691" lon="12.915047">
        <ele>81.1</ele>
      </trkpt>
      <trkpt lat="53.496420" lon="12.914647">
        <ele>80.8</ele>
      </trkpt>
      <trkpt lat="53.495453" lon="12.913454">
        <ele>79.5</ele>
      </trkpt>
      <trkpt lat="53.494608" lon="12.912503">
        <ele>81</ele>
      </trkpt>
      <trkpt lat="53.494186" lon="12.912095">
        <ele>80.4</ele>
      </trkpt>
      <trkpt lat="53.493721" lon="12.911904">
        <ele>80.1</ele>
      </trkpt>
      <trkpt lat="53.493154" lon="12.911822">
        <ele>80.4</ele>
      </trkpt>
      <trkpt lat="53.493002" lon="12.911715">
        <ele>80.6</ele>
      </trkpt>
      <trkpt lat="53.492844" lon="12.911519">
        <ele>81.2</ele>
      </trkpt>
      <trkpt lat="53.492557" lon="12.911011">
        <ele>82.4</ele>
      </trkpt>
      <trkpt lat="53.492034" lon="12.909852">
        <ele>83.6</ele>
      </trkpt>
      <trkpt lat="53.491416" lon="12.907705">
        <ele>84.8</ele>
      </trkpt>
      <trkpt lat="53.490549" lon="12.905779">
        <ele>85</ele>
      </trkpt>
      <trkpt lat="53.490337" lon="12.905243">
        <ele>85.3</ele>
      </trkpt>
      <trkpt lat="53.490210" lon="12.904788">
        <ele>85.4</ele>
      </trkpt>
      <trkpt lat="53.490044" lon="12.903479">
        <ele>86.3</ele>
      </trkpt>
      <trkpt lat="53.489850" lon="12.902544">
        <ele>89</ele>
      </trkpt>
      <trkpt lat="53.489252" lon="12.900698">
        <ele>92.1</ele>
      </trkpt>
      <trkpt lat="53.488866" lon="12.899754">
        <ele>93.5</ele>
      </trkpt>
      <trkpt lat="53.489218" lon="12.894086">
        <ele>96.9</ele>
      </trkpt>
      <trkpt lat="53.489277" lon="12.893557">
        <ele>97</ele>
      </trkpt>
      <trkpt lat="53.489360" lon="12.893064">
        <ele>97.3</ele>
      </trkpt>
      <trkpt lat="53.489593" lon="12.892127">
        <ele>97.5</ele>
      </trkpt>
      <trkpt lat="53.490658" lon="12.888158">
        <ele>101.3</ele>
      </trkpt>
      <trkpt lat="53.495302" lon="12.891568">
        <ele>101</ele>
      </trkpt>
      <trkpt lat="53.496186" lon="12.889235">
        <ele>97.8</ele>
      </trkpt>
      <trkpt lat="53.496363" lon="12.888859">
        <ele>101.5</ele>
      </trkpt>
      <trkpt lat="53.496597" lon="12.888490">
        <ele>103.6</ele>
      </trkpt>
      <trkpt lat="53.496754" lon="12.888317">
        <ele>105.7</ele>
      </trkpt>
      <trkpt lat="53.497739" lon="12.887404">
        <ele>107.8</ele>
      </trkpt>
      <trkpt lat="53.497861" lon="12.887354">
        <ele>107.3</ele>
      </trkpt>
      <trkpt lat="53.498993" lon="12.887453">
        <ele>104.8</ele>
      </trkpt>
      <trkpt lat="53.500613" lon="12.887713">
        <ele>105</ele>
      </trkpt>
      <trkpt lat="53.501039" lon="12.887824">
        <ele>105.1</ele>
      </trkpt>
      <trkpt lat="53.501227" lon="12.887777">
        <ele>105.3</ele>
      </trkpt>
      <trkpt lat="53.501386" lon="12.887631">
        <ele>105.5</ele>
      </trkpt>
      <trkpt lat="53.501787" lon="12.887078">
        <ele>106.7</ele>
      </trkpt>
      <trkpt lat="53.501983" lon="12.886734">
        <ele>106.9</ele>
      </trkpt>
      <trkpt lat="53.503673" lon="12.883347">
        <ele>103.9</ele>
      </trkpt>
      <trkpt lat="53.504079" lon="12.882631">
        <ele>102.8</ele>
      </trkpt>
      <trkpt lat="53.504162" lon="12.882387">
        <ele>102.5</ele>
      </trkpt>
      <trkpt lat="53.506223" lon="12.871430">
        <ele>90</ele>
      </trkpt>
      <trkpt lat="53.507112" lon="12.866547">
        <ele>93</ele>
      </trkpt>
      <trkpt lat="53.507379" lon="12.864871">
        <ele>93.1</ele>
      </trkpt>
      <trkpt lat="53.507439" lon="12.864342">
        <ele>93</ele>
      </trkpt>
      <trkpt lat="53.507655" lon="12.859670">
        <ele>94.3</ele>
      </trkpt>
      <trkpt lat="53.507739" lon="12.858731">
        <ele>93.1</ele>
      </trkpt>
      <trkpt lat="53.508242" lon="12.856722">
        <ele>89.8</ele>
      </trkpt>
      <trkpt lat="53.508923" lon="12.853268">
        <ele>85.5</ele>
      </trkpt>
      <trkpt lat="53.509943" lon="12.848364">
        <ele>80.8</ele>
      </trkpt>
      <trkpt lat="53.510594" lon="12.847614">
        <ele>78.3</ele>
      </trkpt>
      <trkpt lat="53.511417" lon="12.845519">
        <ele>75.9</ele>
      </trkpt>
      <trkpt lat="53.512435" lon="12.840725">
        <ele>72.6</ele>
      </trkpt>
      <trkpt lat="53.512439" lon="12.840578">
        <ele>72.6</ele>
      </trkpt>
      <trkpt lat="53.512184" lon="12.839200">
        <ele>71.8</ele>
      </trkpt>
      <trkpt lat="53.512189" lon="12.839077">
        <ele>71.8</ele>
      </trkpt>
      <trkpt lat="53.512506" lon="12.838107">
        <ele>71.6</ele>
      </trkpt>
      <trkpt lat="53.512553" lon="12.837845">
        <ele>71.3</ele>
      </trkpt>
      <trkpt lat="53.512580" lon="12.837340">
        <ele>70.7</ele>
      </trkpt>
      <trkpt lat="53.512892" lon="12.836403">
        <ele>69.5</ele>
      </trkpt>
      <trkpt lat="53.513530" lon="12.835589">
        <ele>67.9</ele>
      </trkpt>
      <trkpt lat="53.513682" lon="12.835492">
        <ele>67.3</ele>
      </trkpt>
      <trkpt lat="53.513897" lon="12.835486">
        <ele>67.4</ele>
      </trkpt>
      <trkpt lat="53.514612" lon="12.835753">
        <ele>67.9</ele>
      </trkpt>
      <trkpt lat="53.515035" lon="12.835841">
        <ele>68.7</ele>
      </trkpt>
      <trkpt lat="53.515361" lon="12.835808">
        <ele>68.1</ele>
      </trkpt>
      <trkpt lat="53.515832" lon="12.835632">
        <ele>68.4</ele>
      </trkpt>
      <trkpt lat="53.516030" lon="12.835602">
        <ele>68.3</ele>
      </trkpt>
      <trkpt lat="53.516521" lon="12.835203">
        <ele>66.8</ele>
      </trkpt>
      <trkpt lat="53.521368" lon="12.831674">
        <ele>60.2</ele>
      </trkpt>
      <trkpt lat="53.521874" lon="12.830938">
        <ele>57.9</ele>
      </trkpt>
      <trkpt lat="53.522204" lon="12.830263">
        <ele>57.2</ele>
      </trkpt>
      <trkpt lat="53.522792" lon="12.829363">
        <ele>55.7</ele>
      </trkpt>
      <trkpt lat="53.522943" lon="12.829070">
        <ele>54.4</ele>
      </trkpt>
      <trkpt lat="53.523037" lon="12.828791">
        <ele>53.8</ele>
      </trkpt>
      <trkpt lat="53.523123" lon="12.827648">
        <ele>53.7</ele>
      </trkpt>
      <trkpt lat="53.523346" lon="12.826937">
        <ele>53.6</ele>
      </trkpt>
      <trkpt lat="53.523484" lon="12.826700">
        <ele>53.5</ele>
      </trkpt>
      <trkpt lat="53.524005" lon="12.826268">
        <ele>53.4</ele>
      </trkpt>
      <trkpt lat="53.524531" lon="12.825731">
        <ele>53.9</ele>
      </trkpt>
      <trkpt lat="53.525571" lon="12.825429">
        <ele>54.5</ele>
      </trkpt>
      <trkpt lat="53.525600" lon="12.825349">
        <ele>54.5</ele>
      </trkpt>
      <trkpt lat="53.525593" lon="12.825192">
        <ele>54.8</ele>
      </trkpt>
      <trkpt lat="53.525409" lon="12.824921">
        <ele>55.1</ele>
      </trkpt>
      <trkpt lat="53.525199" lon="12.824484">
        <ele>55.6</ele>
      </trkpt>
      <trkpt lat="53.523809" lon="12.821068">
        <ele>56.4</ele>
      </trkpt>
      <trkpt lat="53.523113" lon="12.819239">
        <ele>58.8</ele>
      </trkpt>
      <trkpt lat="53.522972" lon="12.819023">
        <ele>58.6</ele>
      </trkpt>
      <trkpt lat="53.521890" lon="12.817795">
        <ele>63.4</ele>
      </trkpt>
      <trkpt lat="53.521454" lon="12.817030">
        <ele>62.7</ele>
      </trkpt>
      <trkpt lat="53.520949" lon="12.817468">
        <ele>63.2</ele>
      </trkpt>
      <trkpt lat="53.520446" lon="12.816393">
        <ele>63.1</ele>
      </trkpt>
      <trkpt lat="53.520304" lon="12.816154">
        <ele>63.4</ele>
      </trkpt>
      <trkpt lat="53.520246" lon="12.816103">
        <ele>63.4</ele>
      </trkpt>
      <trkpt lat="53.519644" lon="12.815941">
        <ele>63.4</ele>
      </trkpt>
      <trkpt lat="53.519560" lon="12.814953">
        <ele>64.8</ele>
      </trkpt>
      <trkpt lat="53.519457" lon="12.814184">
        <ele>65.7</ele>
      </trkpt>
      <trkpt lat="53.519209" lon="12.813061">
        <ele>65.3</ele>
      </trkpt>
      <trkpt lat="53.519104" lon="12.812896">
        <ele>64.7</ele>
      </trkpt>
      <trkpt lat="53.518425" lon="12.812404">
        <ele>62.3</ele>
      </trkpt>
      <trkpt lat="53.518206" lon="12.812301">
        <ele>62.1</ele>
      </trkpt>
      <trkpt lat="53.518157" lon="12.812233">
        <ele>62.1</ele>
      </trkpt>
      <trkpt lat="53.518053" lon="12.810484">
        <ele>64.7</ele>
      </trkpt>
      <trkpt lat="53.517936" lon="12.810274">
        <ele>64.5</ele>
      </trkpt>
      <trkpt lat="53.517427" lon="12.809768">
        <ele>64.4</ele>
      </trkpt>
      <trkpt lat="53.517139" lon="12.809500">
        <ele>64.7</ele>
      </trkpt>
      <trkpt lat="53.516761" lon="12.809247">
        <ele>65.1</ele>
      </trkpt>
      <trkpt lat="53.516484" lon="12.808945">
        <ele>65.9</ele>
      </trkpt>
      <trkpt lat="53.516250" lon="12.808488">
        <ele>66.8</ele>
      </trkpt>
      <trkpt lat="53.516084" lon="12.807979">
        <ele>67.1</ele>
      </trkpt>
      <trkpt lat="53.515587" lon="12.806114">
        <ele>66.4</ele>
      </trkpt>
      <trkpt lat="53.513368" lon="12.798594">
        <ele>75.7</ele>
      </trkpt>
      <trkpt lat="53.512771" lon="12.796388">
        <ele>76.4</ele>
      </trkpt>
      <trkpt lat="53.512788" lon="12.796216">
        <ele>76.4</ele>
      </trkpt>
      <trkpt lat="53.512697" lon="12.796104">
        <ele>76.1</ele>
      </trkpt>
      <trkpt lat="53.511331" lon="12.791466">
        <ele>73.2</ele>
      </trkpt>
      <trkpt lat="53.510083" lon="12.787050">
        <ele>77.2</ele>
      </trkpt>
      <trkpt lat="53.510007" lon="12.786866">
        <ele>77.3</ele>
      </trkpt>
      <trkpt lat="53.506055" lon="12.782771">
        <ele>69</ele>
      </trkpt>
      <trkpt lat="53.505689" lon="12.782468">
        <ele>68.9</ele>
      </trkpt>
      <trkpt lat="53.503791" lon="12.781839">
        <ele>68.7</ele>
      </trkpt>
      <trkpt lat="53.503395" lon="12.781618">
        <ele>68.1</ele>
      </trkpt>
      <trkpt lat="53.503202" lon="12.781319">
        <ele>67.6</ele>
      </trkpt>
      <trkpt lat="53.503058" lon="12.780971">
        <ele>67.3</ele>
      </trkpt>
      <trkpt lat="53.502916" lon="12.780238">
        <ele>66.7</ele>
      </trkpt>
      <trkpt lat="53.502766" lon="12.779677">
        <ele>66.6</ele>
      </trkpt>
      <trkpt lat="53.501801" lon="12.777419">
        <ele>67.3</ele>
      </trkpt>
      <trkpt lat="53.501522" lon="12.776875">
        <ele>67.7</ele>
      </trkpt>
      <trkpt lat="53.500382" lon="12.775231">
        <ele>66.5</ele>
      </trkpt>
      <trkpt lat="53.499364" lon="12.773934">
        <ele>65.6</ele>
      </trkpt>
      <trkpt lat="53.499159" lon="12.773856">
        <ele>65.8</ele>
      </trkpt>
      <trkpt lat="53.498309" lon="12.773835">
        <ele>66.5</ele>
      </trkpt>
      <trkpt lat="53.497399" lon="12.773750">
        <ele>68.7</ele>
      </trkpt>
      <trkpt lat="53.496943" lon="12.773493">
        <ele>68.7</ele>
      </trkpt>
      <trkpt lat="53.496701" lon="12.773260">
        <ele>68.3</ele>
      </trkpt>
      <trkpt lat="53.496518" lon="12.772959">
        <ele>67.4</ele>
      </trkpt>
      <trkpt lat="53.496533" lon="12.772789">
        <ele>67.4</ele>
      </trkpt>
      <trkpt lat="53.496490" lon="12.772633">
        <ele>66.4</ele>
      </trkpt>
      <trkpt lat="53.496241" lon="12.768640">
        <ele>65.4</ele>
      </trkpt>
      <trkpt lat="53.496176" lon="12.768333">
        <ele>64.5</ele>
      </trkpt>
      <trkpt lat="53.496056" lon="12.768102">
        <ele>64.4</ele>
      </trkpt>
      <trkpt lat="53.495862" lon="12.767924">
        <ele>63.5</ele>
      </trkpt>
      <trkpt lat="53.495632" lon="12.767817">
        <ele>63.3</ele>
      </trkpt>
      <trkpt lat="53.494499" lon="12.767536">
        <ele>65.3</ele>
      </trkpt>
      <trkpt lat="53.494229" lon="12.767358">
        <ele>66</ele>
      </trkpt>
      <trkpt lat="53.493109" lon="12.765757">
        <ele>68.1</ele>
      </trkpt>
      <trkpt lat="53.492214" lon="12.765019">
        <ele>70.3</ele>
      </trkpt>
      <trkpt lat="53.486535" lon="12.759732">
        <ele>66.1</ele>
      </trkpt>
      <trkpt lat="53.486353" lon="12.759634">
        <ele>66.3</ele>
      </trkpt>
      <trkpt lat="53.485502" lon="12.759582">
        <ele>67.3</ele>
      </trkpt>
      <trkpt lat="53.485056" lon="12.759710">
        <ele>68.3</ele>
      </trkpt>
      <trkpt lat="53.484777" lon="12.759870">
        <ele>68.7</ele>
      </trkpt>
      <trkpt lat="53.483587" lon="12.761020">
        <ele>70</ele>
      </trkpt>
      <trkpt lat="53.483386" lon="12.761132">
        <ele>70.3</ele>
      </trkpt>
      <trkpt lat="53.482538" lon="12.761407">
        <ele>71.1</ele>
      </trkpt>
      <trkpt lat="53.482069" lon="12.761613">
        <ele>69.9</ele>
      </trkpt>
      <trkpt lat="53.481536" lon="12.761688">
        <ele>67.4</ele>
      </trkpt>
      <trkpt lat="53.480637" lon="12.761538">
        <ele>65.5</ele>
      </trkpt>
      <trkpt lat="53.480149" lon="12.761549">
        <ele>66</ele>
      </trkpt>
      <trkpt lat="53.479747" lon="12.761374">
        <ele>66.9</ele>
      </trkpt>
      <trkpt lat="53.479340" lon="12.760418">
        <ele>68.6</ele>
      </trkpt>
      <trkpt lat="53.479069" lon="12.759656">
        <ele>69.4</ele>
      </trkpt>
      <trkpt lat="53.473412" lon="12.743070">
        <ele>90</ele>
      </trkpt>
      <trkpt lat="53.474064" lon="12.740502">
        <ele>87.2</ele>
      </trkpt>
      <trkpt lat="53.476301" lon="12.732327">
        <ele>85.6</ele>
      </trkpt>
      <trkpt lat="53.476800" lon="12.730682">
        <ele>87.2</ele>
      </trkpt>
      <trkpt lat="53.477027" lon="12.729690">
        <ele>85.8</ele>
      </trkpt>
      <trkpt lat="53.477858" lon="12.727230">
        <ele>88.3</ele>
      </trkpt>
      <trkpt lat="53.479118" lon="12.722989">
        <ele>88</ele>
      </trkpt>
      <trkpt lat="53.479999" lon="12.718319">
        <ele>85.1</ele>
      </trkpt>
      <trkpt lat="53.480586" lon="12.714826">
        <ele>80.2</ele>
      </trkpt>
      <trkpt lat="53.480597" lon="12.714497">
        <ele>82</ele>
      </trkpt>
      <trkpt lat="53.480572" lon="12.714171">
        <ele>83.1</ele>
      </trkpt>
      <trkpt lat="53.480410" lon="12.712668">
        <ele>85.9</ele>
      </trkpt>
      <trkpt lat="53.480460" lon="12.712362">
        <ele>85.9</ele>
      </trkpt>
      <trkpt lat="53.480800" lon="12.711834">
        <ele>84.5</ele>
      </trkpt>
      <trkpt lat="53.482010" lon="12.710207">
        <ele>79.5</ele>
      </trkpt>
      <trkpt lat="53.483590" lon="12.707984">
        <ele>73.8</ele>
      </trkpt>
      <trkpt lat="53.484432" lon="12.706893">
        <ele>70.8</ele>
      </trkpt>
      <trkpt lat="53.485794" lon="12.704976">
        <ele>73.7</ele>
      </trkpt>
      <trkpt lat="53.488139" lon="12.701829">
        <ele>81.4</ele>
      </trkpt>
      <trkpt lat="53.489058" lon="12.700631">
        <ele>76.5</ele>
      </trkpt>
      <trkpt lat="53.489300" lon="12.700352">
        <ele>76.9</ele>
      </trkpt>
      <trkpt lat="53.490190" lon="12.699490">
        <ele>78.4</ele>
      </trkpt>
      <trkpt lat="53.490738" lon="12.698797">
        <ele>76.3</ele>
      </trkpt>
      <trkpt lat="53.496998" lon="12.689861">
        <ele>68.2</ele>
      </trkpt>
      <trkpt lat="53.497694" lon="12.688930">
        <ele>73.1</ele>
      </trkpt>
      <trkpt lat="53.499107" lon="12.688730">
        <ele>70.7</ele>
      </trkpt>
      <trkpt lat="53.500080" lon="12.688644">
        <ele>71.5</ele>
      </trkpt>
      <trkpt lat="53.501715" lon="12.688562">
        <ele>68.1</ele>
      </trkpt>
      <trkpt lat="53.502094" lon="12.688629">
        <ele>66.2</ele>
      </trkpt>
      <trkpt lat="53.502299" lon="12.688675">
        <ele>64.4</ele>
      </trkpt>
      <trkpt lat="53.502657" lon="12.688914">
        <ele>63.1</ele>
      </trkpt>
      <trkpt lat="53.504498" lon="12.690323">
        <ele>65.5</ele>
      </trkpt>
      <trkpt lat="53.504955" lon="12.690658">
        <ele>67.9</ele>
      </trkpt>
      <trkpt lat="53.505121" lon="12.690724">
        <ele>66.8</ele>
      </trkpt>
      <trkpt lat="53.505847" lon="12.690953">
        <ele>64.8</ele>
      </trkpt>
      <trkpt lat="53.508895" lon="12.691375">
        <ele>62.2</ele>
      </trkpt>
      <trkpt lat="53.510719" lon="12.691681">
        <ele>65</ele>
      </trkpt>
      <trkpt lat="53.510909" lon="12.691628">
        <ele>64.7</ele>
      </trkpt>
      <trkpt lat="53.512842" lon="12.690356">
        <ele>69.4</ele>
      </trkpt>
      <trkpt lat="53.513053" lon="12.689603">
        <ele>71.2</ele>
      </trkpt>
      <trkpt lat="53.513001" lon="12.689388">
        <ele>70.3</ele>
      </trkpt>
      <trkpt lat="53.512412" lon="12.688023">
        <ele>69</ele>
      </trkpt>
      <trkpt lat="53.512278" lon="12.687620">
        <ele>68.4</ele>
      </trkpt>
      <trkpt lat="53.512250" lon="12.687367">
        <ele>68.6</ele>
      </trkpt>
      <trkpt lat="53.512259" lon="12.686653">
        <ele>68.1</ele>
      </trkpt>
      <trkpt lat="53.512309" lon="12.686332">
        <ele>67.2</ele>
      </trkpt>
      <trkpt lat="53.512472" lon="12.685639">
        <ele>65.2</ele>
      </trkpt>
      <trkpt lat="53.512804" lon="12.684759">
        <ele>62.5</ele>
      </trkpt>
      <trkpt lat="53.512919" lon="12.684553">
        <ele>62.6</ele>
      </trkpt>
      <trkpt lat="53.513253" lon="12.684175">
        <ele>63.5</ele>
      </trkpt>
      <trkpt lat="53.513968" lon="12.683500">
        <ele>64.5</ele>
      </trkpt>
      <trkpt lat="53.514195" lon="12.682995">
        <ele>65.1</ele>
      </trkpt>
      <trkpt lat="53.514326" lon="12.682846">
        <ele>64.9</ele>
      </trkpt>
      <trkpt lat="53.514424" lon="12.682808">
        <ele>64.9</ele>
      </trkpt>
      <trkpt lat="53.514345" lon="12.680864">
        <ele>65.2</ele>
      </trkpt>
      <trkpt lat="53.514345" lon="12.680864">
        <ele>65.2</ele>
      </trkpt>
      <trkpt lat="53.514242" lon="12.678990">
        <ele>62.9</ele>
      </trkpt>
      <trkpt lat="53.514251" lon="12.678500">
        <ele>62.8</ele>
      </trkpt>
      <trkpt lat="53.514323" lon="12.678143">
        <ele>64.7</ele>
      </trkpt>
      <trkpt lat="53.514838" lon="12.676793">
        <ele>65.4</ele>
      </trkpt>
      <trkpt lat="53.515083" lon="12.676053">
        <ele>64.6</ele>
      </trkpt>
      <trkpt lat="53.516080" lon="12.673582">
        <ele>65</ele>
      </trkpt>
      <trkpt lat="53.517247" lon="12.670478">
        <ele>63.2</ele>
      </trkpt>
      <trkpt lat="53.518398" lon="12.667562">
        <ele>64.2</ele>
      </trkpt>
      <trkpt lat="53.518285" lon="12.667518">
        <ele>63.6</ele>
      </trkpt>
      <trkpt lat="53.518252" lon="12.667443">
        <ele>63.6</ele>
      </trkpt>
      <trkpt lat="53.518118" lon="12.666266">
        <ele>61.9</ele>
      </trkpt>
      <trkpt lat="53.518123" lon="12.664960">
        <ele>60.1</ele>
      </trkpt>
      <trkpt lat="53.518225" lon="12.663075">
        <ele>63.1</ele>
      </trkpt>
      <trkpt lat="53.518326" lon="12.661837">
        <ele>63.6</ele>
      </trkpt>
      <trkpt lat="53.518158" lon="12.661043">
        <ele>63.3</ele>
      </trkpt>
      <trkpt lat="53.517839" lon="12.660251">
        <ele>62.8</ele>
      </trkpt>
      <trkpt lat="53.517612" lon="12.659998">
        <ele>62.6</ele>
      </trkpt>
      <trkpt lat="53.517291" lon="12.659746">
        <ele>62.7</ele>
      </trkpt>
      <trkpt lat="53.516822" lon="12.659527">
        <ele>62.9</ele>
      </trkpt>
      <trkpt lat="53.516603" lon="12.659515">
        <ele>63.1</ele>
      </trkpt>
      <trkpt lat="53.516439" lon="12.659559">
        <ele>63.3</ele>
      </trkpt>
      <trkpt lat="53.516026" lon="12.659937">
        <ele>64.1</ele>
      </trkpt>
      <trkpt lat="53.515443" lon="12.659815">
        <ele>65.5</ele>
      </trkpt>
      <trkpt lat="53.515233" lon="12.659680">
        <ele>65.6</ele>
      </trkpt>
      <trkpt lat="53.514730" lon="12.658658">
        <ele>65.4</ele>
      </trkpt>
      <trkpt lat="53.514545" lon="12.658172">
        <ele>64.6</ele>
      </trkpt>
      <trkpt lat="53.514332" lon="12.657380">
        <ele>64.2</ele>
      </trkpt>
      <trkpt lat="53.514281" lon="12.656876">
        <ele>64.4</ele>
      </trkpt>
      <trkpt lat="53.514092" lon="12.656228">
        <ele>64.2</ele>
      </trkpt>
      <trkpt lat="53.513724" lon="12.655200">
        <ele>64</ele>
      </trkpt>
      <trkpt lat="53.513512" lon="12.654474">
        <ele>64.8</ele>
      </trkpt>
      <trkpt lat="53.513320" lon="12.654068">
        <ele>65</ele>
      </trkpt>
      <trkpt lat="53.512805" lon="12.653070">
        <ele>65.6</ele>
      </trkpt>
      <trkpt lat="53.512717" lon="12.652960">
        <ele>65.6</ele>
      </trkpt>
      <trkpt lat="53.512041" lon="12.652532">
        <ele>65.2</ele>
      </trkpt>
      <trkpt lat="53.511639" lon="12.652183">
        <ele>64.6</ele>
      </trkpt>
      <trkpt lat="53.513217" lon="12.648416">
        <ele>69.3</ele>
      </trkpt>
      <trkpt lat="53.513443" lon="12.647540">
        <ele>68.1</ele>
      </trkpt>
      <trkpt lat="53.514144" lon="12.644195">
        <ele>68.5</ele>
      </trkpt>
      <trkpt lat="53.514147" lon="12.643984">
        <ele>68.8</ele>
      </trkpt>
      <trkpt lat="53.514089" lon="12.643794">
        <ele>67.8</ele>
      </trkpt>
      <trkpt lat="53.513428" lon="12.642988">
        <ele>65.3</ele>
      </trkpt>
      <trkpt lat="53.513469" lon="12.642630">
        <ele>65.3</ele>
      </trkpt>
      <trkpt lat="53.513536" lon="12.642352">
        <ele>65.5</ele>
      </trkpt>
      <trkpt lat="53.514183" lon="12.640277">
        <ele>65.1</ele>
      </trkpt>
      <trkpt lat="53.514233" lon="12.640025">
        <ele>65.2</ele>
      </trkpt>
      <trkpt lat="53.514257" lon="12.639599">
        <ele>65.6</ele>
      </trkpt>
      <trkpt lat="53.514137" lon="12.638581">
        <ele>68</ele>
      </trkpt>
      <trkpt lat="53.514180" lon="12.637900">
        <ele>69.9</ele>
      </trkpt>
      <trkpt lat="53.514348" lon="12.635959">
        <ele>76.4</ele>
      </trkpt>
      <trkpt lat="53.514559" lon="12.634446">
        <ele>79.4</ele>
      </trkpt>
      <trkpt lat="53.514660" lon="12.633477">
        <ele>80.4</ele>
      </trkpt>
      <trkpt lat="53.514675" lon="12.632880">
        <ele>80.2</ele>
      </trkpt>
      <trkpt lat="53.514633" lon="12.632309">
        <ele>80.1</ele>
      </trkpt>
      <trkpt lat="53.514276" lon="12.629715">
        <ele>82.4</ele>
      </trkpt>
      <trkpt lat="53.514287" lon="12.629485">
        <ele>83.1</ele>
      </trkpt>
      <trkpt lat="53.514409" lon="12.628933">
        <ele>84.6</ele>
      </trkpt>
      <trkpt lat="53.515431" lon="12.625693">
        <ele>82</ele>
      </trkpt>
      <trkpt lat="53.516645" lon="12.622434">
        <ele>86.9</ele>
      </trkpt>
      <trkpt lat="53.516656" lon="12.622300">
        <ele>87.1</ele>
      </trkpt>
      <trkpt lat="53.516574" lon="12.621470">
        <ele>87</ele>
      </trkpt>
      <trkpt lat="53.516371" lon="12.620157">
        <ele>86.3</ele>
      </trkpt>
      <trkpt lat="53.516391" lon="12.619841">
        <ele>85.9</ele>
      </trkpt>
      <trkpt lat="53.518076" lon="12.615871">
        <ele>82.3</ele>
      </trkpt>
      <trkpt lat="53.517974" lon="12.613453">
        <ele>78.3</ele>
      </trkpt>
      <trkpt lat="53.517941" lon="12.610737">
        <ele>83.8</ele>
      </trkpt>
      <trkpt lat="53.517991" lon="12.610618">
        <ele>83.8</ele>
      </trkpt>
      <trkpt lat="53.519746" lon="12.608060">
        <ele>79.2</ele>
      </trkpt>
      <trkpt lat="53.520839" lon="12.604976">
        <ele>78.6</ele>
      </trkpt>
      <trkpt lat="53.521181" lon="12.603932">
        <ele>76</ele>
      </trkpt>
      <trkpt lat="53.521436" lon="12.603309">
        <ele>75.1</ele>
      </trkpt>
      <trkpt lat="53.525013" lon="12.595432">
        <ele>75.6</ele>
      </trkpt>
      <trkpt lat="53.525461" lon="12.593679">
        <ele>78</ele>
      </trkpt>
      <trkpt lat="53.525992" lon="12.591246">
        <ele>75.1</ele>
      </trkpt>
      <trkpt lat="53.526220" lon="12.589022">
        <ele>72.2</ele>
      </trkpt>
      <trkpt lat="53.526357" lon="12.588778">
        <ele>71.4</ele>
      </trkpt>
      <trkpt lat="53.526575" lon="12.588506">
        <ele>70.4</ele>
      </trkpt>
      <trkpt lat="53.526854" lon="12.587435">
        <ele>70.1</ele>
      </trkpt>
      <trkpt lat="53.527027" lon="12.587098">
        <ele>69.8</ele>
      </trkpt>
      <trkpt lat="53.527492" lon="12.586591">
        <ele>69.3</ele>
      </trkpt>
      <trkpt lat="53.527622" lon="12.586396">
        <ele>69.1</ele>
      </trkpt>
      <trkpt lat="53.527800" lon="12.585890">
        <ele>68</ele>
      </trkpt>
      <trkpt lat="53.528110" lon="12.583947">
        <ele>68.4</ele>
      </trkpt>
      <trkpt lat="53.528127" lon="12.583713">
        <ele>68.5</ele>
      </trkpt>
      <trkpt lat="53.528191" lon="12.582175">
        <ele>67.2</ele>
      </trkpt>
      <trkpt lat="53.528156" lon="12.581884">
        <ele>67.6</ele>
      </trkpt>
      <trkpt lat="53.528071" lon="12.581547">
        <ele>67.6</ele>
      </trkpt>
      <trkpt lat="53.528041" lon="12.581147">
        <ele>67.5</ele>
      </trkpt>
      <trkpt lat="53.528063" lon="12.580982">
        <ele>67.5</ele>
      </trkpt>
      <trkpt lat="53.528109" lon="12.580834">
        <ele>67.5</ele>
      </trkpt>
      <trkpt lat="53.528383" lon="12.580302">
        <ele>67.7</ele>
      </trkpt>
      <trkpt lat="53.529639" lon="12.575572">
        <ele>72.6</ele>
      </trkpt>
      <trkpt lat="53.529879" lon="12.574489">
        <ele>70.8</ele>
      </trkpt>
      <trkpt lat="53.530294" lon="12.573029">
        <ele>67.2</ele>
      </trkpt>
      <trkpt lat="53.531167" lon="12.569565">
        <ele>69.4</ele>
      </trkpt>
      <trkpt lat="53.531407" lon="12.567882">
        <ele>68.1</ele>
      </trkpt>
      <trkpt lat="53.531806" lon="12.563910">
        <ele>65.7</ele>
      </trkpt>
      <trkpt lat="53.531997" lon="12.562769">
        <ele>66.4</ele>
      </trkpt>
      <trkpt lat="53.532252" lon="12.560215">
        <ele>66.8</ele>
      </trkpt>
      <trkpt lat="53.532612" lon="12.558360">
        <ele>66.6</ele>
      </trkpt>
      <trkpt lat="53.532627" lon="12.558085">
        <ele>66</ele>
      </trkpt>
      <trkpt lat="53.532584" lon="12.557597">
        <ele>64.6</ele>
      </trkpt>
      <trkpt lat="53.532594" lon="12.557374">
        <ele>63.9</ele>
      </trkpt>
      <trkpt lat="53.532827" lon="12.557619">
        <ele>64.5</ele>
      </trkpt>
      <trkpt lat="53.533234" lon="12.557880">
        <ele>65.5</ele>
      </trkpt>
      <trkpt lat="53.533852" lon="12.558103">
        <ele>65.5</ele>
      </trkpt>
      <trkpt lat="53.535529" lon="12.558545">
        <ele>66</ele>
      </trkpt>
      <trkpt lat="53.536684" lon="12.559058">
        <ele>64</ele>
      </trkpt>
      <trkpt lat="53.537590" lon="12.559395">
        <ele>63.3</ele>
      </trkpt>
      <trkpt lat="53.537812" lon="12.559424">
        <ele>62.7</ele>
      </trkpt>
      <trkpt lat="53.538035" lon="12.559431">
        <ele>62.1</ele>
      </trkpt>
      <trkpt lat="53.538418" lon="12.559313">
        <ele>61.7</ele>
      </trkpt>
      <trkpt lat="53.539052" lon="12.558923">
        <ele>63.3</ele>
      </trkpt>
      <trkpt lat="53.539439" lon="12.558781">
        <ele>61.2</ele>
      </trkpt>
      <trkpt lat="53.541044" lon="12.558352">
        <ele>64.4</ele>
      </trkpt>
      <trkpt lat="53.541379" lon="12.558162">
        <ele>64</ele>
      </trkpt>
      <trkpt lat="53.541685" lon="12.557893">
        <ele>64.4</ele>
      </trkpt>
      <trkpt lat="53.541968" lon="12.557529">
        <ele>65.5</ele>
      </trkpt>
      <trkpt lat="53.542234" lon="12.557055">
        <ele>65.3</ele>
      </trkpt>
      <trkpt lat="53.542407" lon="12.556637">
        <ele>65.5</ele>
      </trkpt>
      <trkpt lat="53.542543" lon="12.556186">
        <ele>65.6</ele>
      </trkpt>
      <trkpt lat="53.543137" lon="12.553600">
        <ele>66.1</ele>
      </trkpt>
      <trkpt lat="53.543220" lon="12.553268">
        <ele>66.1</ele>
      </trkpt>
      <trkpt lat="53.543356" lon="12.552928">
        <ele>65.9</ele>
      </trkpt>
      <trkpt lat="53.543480" lon="12.552717">
        <ele>65.4</ele>
      </trkpt>
      <trkpt lat="53.543704" lon="12.552473">
        <ele>64.7</ele>
      </trkpt>
      <trkpt lat="53.544405" lon="12.551893">
        <ele>64.3</ele>
      </trkpt>
      <trkpt lat="53.544931" lon="12.551207">
        <ele>67</ele>
      </trkpt>
      <trkpt lat="53.544801" lon="12.550536">
        <ele>67.4</ele>
      </trkpt>
      <trkpt lat="53.544478" lon="12.549840">
        <ele>67.9</ele>
      </trkpt>
      <trkpt lat="53.544281" lon="12.549561">
        <ele>67.9</ele>
      </trkpt>
      <trkpt lat="53.541887" lon="12.547038">
        <ele>71.1</ele>
      </trkpt>
      <trkpt lat="53.541243" lon="12.546552">
        <ele>71.4</ele>
      </trkpt>
      <trkpt lat="53.540080" lon="12.545521">
        <ele>67</ele>
      </trkpt>
      <trkpt lat="53.538255" lon="12.544363">
        <ele>68.7</ele>
      </trkpt>
      <trkpt lat="53.538142" lon="12.544314">
        <ele>68.7</ele>
      </trkpt>
      <trkpt lat="53.537686" lon="12.544348">
        <ele>68.5</ele>
      </trkpt>
      <trkpt lat="53.536913" lon="12.543890">
        <ele>68.1</ele>
      </trkpt>
      <trkpt lat="53.535765" lon="12.542419">
        <ele>70.6</ele>
      </trkpt>
      <trkpt lat="53.535568" lon="12.542103">
        <ele>73.7</ele>
      </trkpt>
      <trkpt lat="53.535401" lon="12.541648">
        <ele>75.9</ele>
      </trkpt>
      <trkpt lat="53.534387" lon="12.537592">
        <ele>78.8</ele>
      </trkpt>
      <trkpt lat="53.533747" lon="12.534710">
        <ele>74.3</ele>
      </trkpt>
      <trkpt lat="53.533181" lon="12.533194">
        <ele>70.5</ele>
      </trkpt>
      <trkpt lat="53.532808" lon="12.532413">
        <ele>67.9</ele>
      </trkpt>
      <trkpt lat="53.532603" lon="12.531890">
        <ele>66.7</ele>
      </trkpt>
      <trkpt lat="53.532089" lon="12.530183">
        <ele>66.4</ele>
      </trkpt>
      <trkpt lat="53.531995" lon="12.529665">
        <ele>67.6</ele>
      </trkpt>
      <trkpt lat="53.531918" lon="12.528863">
        <ele>72.1</ele>
      </trkpt>
      <trkpt lat="53.532086" lon="12.526917">
        <ele>71</ele>
      </trkpt>
      <trkpt lat="53.532160" lon="12.526465">
        <ele>70.4</ele>
      </trkpt>
      <trkpt lat="53.532266" lon="12.526076">
        <ele>71.5</ele>
      </trkpt>
      <trkpt lat="53.532409" lon="12.525812">
        <ele>72.8</ele>
      </trkpt>
      <trkpt lat="53.532598" lon="12.525593">
        <ele>73.2</ele>
      </trkpt>
      <trkpt lat="53.532791" lon="12.525452">
        <ele>73.1</ele>
      </trkpt>
      <trkpt lat="53.533945" lon="12.525123">
        <ele>77.6</ele>
      </trkpt>
      <trkpt lat="53.535493" lon="12.524516">
        <ele>83.3</ele>
      </trkpt>
      <trkpt lat="53.537815" lon="12.523683">
        <ele>77.6</ele>
      </trkpt>
      <trkpt lat="53.538979" lon="12.522936">
        <ele>76.8</ele>
      </trkpt>
      <trkpt lat="53.539838" lon="12.522212">
        <ele>76.4</ele>
      </trkpt>
      <trkpt lat="53.546673" lon="12.516866">
        <ele>64.7</ele>
      </trkpt>
      <trkpt lat="53.548314" lon="12.515656">
        <ele>67.3</ele>
      </trkpt>
      <trkpt lat="53.549292" lon="12.514882">
        <ele>68.7</ele>
      </trkpt>
      <trkpt lat="53.549864" lon="12.514520">
        <ele>68.7</ele>
      </trkpt>
      <trkpt lat="53.550044" lon="12.514515">
        <ele>68.6</ele>
      </trkpt>
      <trkpt lat="53.550135" lon="12.514580">
        <ele>68.6</ele>
      </trkpt>
      <trkpt lat="53.551137" lon="12.516131">
        <ele>67.7</ele>
      </trkpt>
      <trkpt lat="53.551413" lon="12.516489">
        <ele>68</ele>
      </trkpt>
      <trkpt lat="53.551614" lon="12.516661">
        <ele>68</ele>
      </trkpt>
      <trkpt lat="53.551998" lon="12.516836">
        <ele>68</ele>
      </trkpt>
      <trkpt lat="53.552167" lon="12.515686">
        <ele>68</ele>
      </trkpt>
      <trkpt lat="53.553250" lon="12.504577">
        <ele>81.1</ele>
      </trkpt>
      <trkpt lat="53.553293" lon="12.503876">
        <ele>79.9</ele>
      </trkpt>
      <trkpt lat="53.553016" lon="12.500537">
        <ele>85.3</ele>
      </trkpt>
      <trkpt lat="53.552687" lon="12.497909">
        <ele>85.9</ele>
      </trkpt>
      <trkpt lat="53.552410" lon="12.495136">
        <ele>84.4</ele>
      </trkpt>
      <trkpt lat="53.552466" lon="12.491736">
        <ele>88.2</ele>
      </trkpt>
      <trkpt lat="53.552516" lon="12.483604">
        <ele>91</ele>
      </trkpt>
      <trkpt lat="53.552565" lon="12.482395">
        <ele>87.8</ele>
      </trkpt>
      <trkpt lat="53.552733" lon="12.470379">
        <ele>86.7</ele>
      </trkpt>
      <trkpt lat="53.551977" lon="12.467975">
        <ele>90.6</ele>
      </trkpt>
      <trkpt lat="53.550392" lon="12.463317">
        <ele>92.4</ele>
      </trkpt>
      <trkpt lat="53.549639" lon="12.460945">
        <ele>90.8</ele>
      </trkpt>
      <trkpt lat="53.548399" lon="12.457243">
        <ele>88</ele>
      </trkpt>
      <trkpt lat="53.549592" lon="12.452094">
        <ele>81.3</ele>
      </trkpt>
      <trkpt lat="53.550860" lon="12.445520">
        <ele>86.1</ele>
      </trkpt>
      <trkpt lat="53.551695" lon="12.441496">
        <ele>85</ele>
      </trkpt>
      <trkpt lat="53.552448" lon="12.437334">
        <ele>85.8</ele>
      </trkpt>
      <trkpt lat="53.553188" lon="12.433651">
        <ele>83.1</ele>
      </trkpt>
      <trkpt lat="53.553739" lon="12.430657">
        <ele>84.9</ele>
      </trkpt>
      <trkpt lat="53.553986" lon="12.429572">
        <ele>84.9</ele>
      </trkpt>
      <trkpt lat="53.556969" lon="12.414056">
        <ele>82.3</ele>
      </trkpt>
      <trkpt lat="53.557099" lon="12.413530">
        <ele>82.4</ele>
      </trkpt>
      <trkpt lat="53.559483" lon="12.401342">
        <ele>77.4</ele>
      </trkpt>
      <trkpt lat="53.562267" lon="12.386919">
        <ele>83.7</ele>
      </trkpt>
      <trkpt lat="53.562298" lon="12.386611">
        <ele>83.2</ele>
      </trkpt>
      <trkpt lat="53.562282" lon="12.386362">
        <ele>82.3</ele>
      </trkpt>
      <trkpt lat="53.562260" lon="12.386139">
        <ele>81.6</ele>
      </trkpt>
      <trkpt lat="53.562188" lon="12.385896">
        <ele>81.3</ele>
      </trkpt>
      <trkpt lat="53.558150" lon="12.374562">
        <ele>88.5</ele>
      </trkpt>
      <trkpt lat="53.557979" lon="12.374038">
        <ele>88.7</ele>
      </trkpt>
      <trkpt lat="53.557971" lon="12.373806">
        <ele>88.7</ele>
      </trkpt>
      <trkpt lat="53.558051" lon="12.373562">
        <ele>88.5</ele>
      </trkpt>
      <trkpt lat="53.558166" lon="12.373402">
        <ele>88.5</ele>
      </trkpt>
      <trkpt lat="53.564127" lon="12.367328">
        <ele>72.5</ele>
      </trkpt>
      <trkpt lat="53.565825" lon="12.365781">
        <ele>72.3</ele>
      </trkpt>
      <trkpt lat="53.566131" lon="12.365618">
        <ele>71.9</ele>
      </trkpt>
      <trkpt lat="53.566428" lon="12.365537">
        <ele>70.9</ele>
      </trkpt>
      <trkpt lat="53.566745" lon="12.365678">
        <ele>69.6</ele>
      </trkpt>
      <trkpt lat="53.567029" lon="12.365984">
        <ele>68.5</ele>
      </trkpt>
      <trkpt lat="53.568044" lon="12.366516">
        <ele>69.8</ele>
      </trkpt>
      <trkpt lat="53.568702" lon="12.366714">
        <ele>72.1</ele>
      </trkpt>
      <trkpt lat="53.569344" lon="12.367006">
        <ele>74.1</ele>
      </trkpt>
      <trkpt lat="53.572909" lon="12.368821">
        <ele>69.1</ele>
      </trkpt>
      <trkpt lat="53.573724" lon="12.369187">
        <ele>70.9</ele>
      </trkpt>
      <trkpt lat="53.575519" lon="12.370172">
        <ele>74.5</ele>
      </trkpt>
      <trkpt lat="53.576823" lon="12.370818">
        <ele>82.3</ele>
      </trkpt>
      <trkpt lat="53.578384" lon="12.372088">
        <ele>80.5</ele>
      </trkpt>
      <trkpt lat="53.579702" lon="12.372960">
        <ele>85.4</ele>
      </trkpt>
      <trkpt lat="53.581478" lon="12.373724">
        <ele>88.4</ele>
      </trkpt>
      <trkpt lat="53.582096" lon="12.373941">
        <ele>88.6</ele>
      </trkpt>
      <trkpt lat="53.583249" lon="12.374131">
        <ele>90.2</ele>
      </trkpt>
      <trkpt lat="53.584983" lon="12.374560">
        <ele>89.2</ele>
      </trkpt>
      <trkpt lat="53.585386" lon="12.374721">
        <ele>89</ele>
      </trkpt>
      <trkpt lat="53.594695" lon="12.379154">
        <ele>82.8</ele>
      </trkpt>
      <trkpt lat="53.594779" lon="12.379219">
        <ele>82.8</ele>
      </trkpt>
      <trkpt lat="53.597181" lon="12.385573">
        <ele>66.3</ele>
      </trkpt>
      <trkpt lat="53.597641" lon="12.386716">
        <ele>62.1</ele>
      </trkpt>
      <trkpt lat="53.597741" lon="12.386241">
        <ele>62.2</ele>
      </trkpt>
      <trkpt lat="53.597840" lon="12.385992">
        <ele>62.2</ele>
      </trkpt>
      <trkpt lat="53.598148" lon="12.385566">
        <ele>59.8</ele>
      </trkpt>
      <trkpt lat="53.599034" lon="12.384616">
        <ele>64.8</ele>
      </trkpt>
      <trkpt lat="53.599790" lon="12.383926">
        <ele>65.7</ele>
      </trkpt>
      <trkpt lat="53.602920" lon="12.384466">
        <ele>65.8</ele>
      </trkpt>
      <trkpt lat="53.604402" lon="12.384847">
        <ele>62.6</ele>
      </trkpt>
      <trkpt lat="53.605963" lon="12.385411">
        <ele>61.3</ele>
      </trkpt>
      <trkpt lat="53.606362" lon="12.385126">
        <ele>59.8</ele>
      </trkpt>
      <trkpt lat="53.606491" lon="12.384935">
        <ele>59.7</ele>
      </trkpt>
      <trkpt lat="53.606609" lon="12.384649">
        <ele>58.8</ele>
      </trkpt>
      <trkpt lat="53.606732" lon="12.384495">
        <ele>58.3</ele>
      </trkpt>
      <trkpt lat="53.606876" lon="12.384439">
        <ele>58</ele>
      </trkpt>
      <trkpt lat="53.608679" lon="12.385552">
        <ele>59</ele>
      </trkpt>
      <trkpt lat="53.611605" lon="12.378136">
        <ele>60.4</ele>
      </trkpt>
      <trkpt lat="53.612464" lon="12.376038">
        <ele>62</ele>
      </trkpt>
      <trkpt lat="53.616054" lon="12.378297">
        <ele>63.7</ele>
      </trkpt>
      <trkpt lat="53.616504" lon="12.378414">
        <ele>64.9</ele>
      </trkpt>
      <trkpt lat="53.616613" lon="12.375433">
        <ele>64.2</ele>
      </trkpt>
      <trkpt lat="53.616710" lon="12.373944">
        <ele>63.2</ele>
      </trkpt>
      <trkpt lat="53.616886" lon="12.371982">
        <ele>63.4</ele>
      </trkpt>
      <trkpt lat="53.617105" lon="12.370203">
        <ele>64.1</ele>
      </trkpt>
      <trkpt lat="53.617747" lon="12.365903">
        <ele>57</ele>
      </trkpt>
      <trkpt lat="53.618073" lon="12.362706">
        <ele>58.7</ele>
      </trkpt>
      <trkpt lat="53.618196" lon="12.359981">
        <ele>65.9</ele>
      </trkpt>
      <trkpt lat="53.618394" lon="12.354341">
        <ele>71.2</ele>
      </trkpt>
      <trkpt lat="53.619152" lon="12.345341">
        <ele>65.7</ele>
      </trkpt>
      <trkpt lat="53.619206" lon="12.344976">
        <ele>65.8</ele>
      </trkpt>
      <trkpt lat="53.619696" lon="12.343170">
        <ele>66.3</ele>
      </trkpt>
      <trkpt lat="53.621512" lon="12.336761">
        <ele>59.5</ele>
      </trkpt>
      <trkpt lat="53.621711" lon="12.336004">
        <ele>58.5</ele>
      </trkpt>
      <trkpt lat="53.621878" lon="12.335209">
        <ele>58.5</ele>
      </trkpt>
      <trkpt lat="53.621899" lon="12.334909">
        <ele>58.5</ele>
      </trkpt>
      <trkpt lat="53.621821" lon="12.334499">
        <ele>58.6</ele>
      </trkpt>
      <trkpt lat="53.621588" lon="12.332697">
        <ele>59</ele>
      </trkpt>
      <trkpt lat="53.621614" lon="12.332083">
        <ele>59.1</ele>
      </trkpt>
      <trkpt lat="53.621652" lon="12.331841">
        <ele>59.2</ele>
      </trkpt>
      <trkpt lat="53.623432" lon="12.332363">
        <ele>58.3</ele>
      </trkpt>
      <trkpt lat="53.623573" lon="12.332192">
        <ele>58.5</ele>
      </trkpt>
      <trkpt lat="53.624993" lon="12.330872">
        <ele>58.7</ele>
      </trkpt>
      <trkpt lat="53.625585" lon="12.330442">
        <ele>57.6</ele>
      </trkpt>
      <trkpt lat="53.626703" lon="12.329732">
        <ele>59.3</ele>
      </trkpt>
      <trkpt lat="53.628207" lon="12.328886">
        <ele>61.7</ele>
      </trkpt>
      <trkpt lat="53.628602" lon="12.328281">
        <ele>62.2</ele>
      </trkpt>
      <trkpt lat="53.629963" lon="12.327190">
        <ele>62.7</ele>
      </trkpt>
      <trkpt lat="53.630689" lon="12.326490">
        <ele>63.4</ele>
      </trkpt>
      <trkpt lat="53.631148" lon="12.325896">
        <ele>62</ele>
      </trkpt>
      <trkpt lat="53.631285" lon="12.325819">
        <ele>62</ele>
      </trkpt>
      <trkpt lat="53.631688" lon="12.325735">
        <ele>61</ele>
      </trkpt>
      <trkpt lat="53.631963" lon="12.325914">
        <ele>60.1</ele>
      </trkpt>
      <trkpt lat="53.632239" lon="12.326008">
        <ele>60.4</ele>
      </trkpt>
      <trkpt lat="53.633037" lon="12.325988">
        <ele>60</ele>
      </trkpt>
      <trkpt lat="53.633704" lon="12.326175">
        <ele>59.2</ele>
      </trkpt>
      <trkpt lat="53.634308" lon="12.326271">
        <ele>59.8</ele>
      </trkpt>
      <trkpt lat="53.634427" lon="12.326270">
        <ele>59.3</ele>
      </trkpt>
      <trkpt lat="53.634664" lon="12.326153">
        <ele>58.2</ele>
      </trkpt>
      <trkpt lat="53.635044" lon="12.325782">
        <ele>57.3</ele>
      </trkpt>
      <trkpt lat="53.635859" lon="12.324242">
        <ele>55.5</ele>
      </trkpt>
      <trkpt lat="53.636238" lon="12.323767">
        <ele>56.1</ele>
      </trkpt>
      <trkpt lat="53.638397" lon="12.320794">
        <ele>57.2</ele>
      </trkpt>
      <trkpt lat="53.638599" lon="12.320151">
        <ele>57.4</ele>
      </trkpt>
      <trkpt lat="53.638682" lon="12.319713">
        <ele>57</ele>
      </trkpt>
      <trkpt lat="53.639284" lon="12.318371">
        <ele>54.9</ele>
      </trkpt>
      <trkpt lat="53.639455" lon="12.318685">
        <ele>54.8</ele>
      </trkpt>
      <trkpt lat="53.641763" lon="12.320166">
        <ele>54.4</ele>
      </trkpt>
      <trkpt lat="53.642713" lon="12.320727">
        <ele>55.8</ele>
      </trkpt>
      <trkpt lat="53.642800" lon="12.320865">
        <ele>56.2</ele>
      </trkpt>
      <trkpt lat="53.642834" lon="12.320990">
        <ele>56.2</ele>
      </trkpt>
      <trkpt lat="53.642655" lon="12.326004">
        <ele>57.8</ele>
      </trkpt>
      <trkpt lat="53.642633" lon="12.326231">
        <ele>58.4</ele>
      </trkpt>
      <trkpt lat="53.642495" lon="12.326817">
        <ele>59.4</ele>
      </trkpt>
      <trkpt lat="53.642310" lon="12.327312">
        <ele>58.9</ele>
      </trkpt>
      <trkpt lat="53.642297" lon="12.327508">
        <ele>58.7</ele>
      </trkpt>
      <trkpt lat="53.642309" lon="12.327692">
        <ele>58.3</ele>
      </trkpt>
      <trkpt lat="53.642406" lon="12.327995">
        <ele>58.2</ele>
      </trkpt>
      <trkpt lat="53.642503" lon="12.328547">
        <ele>57.8</ele>
      </trkpt>
      <trkpt lat="53.642558" lon="12.329487">
        <ele>58.6</ele>
      </trkpt>
      <trkpt lat="53.642531" lon="12.329802">
        <ele>58.9</ele>
      </trkpt>
      <trkpt lat="53.642435" lon="12.335952">
        <ele>62.1</ele>
      </trkpt>
      <trkpt lat="53.646785" lon="12.335045">
        <ele>65.1</ele>
      </trkpt>
      <trkpt lat="53.648709" lon="12.334595">
        <ele>61.6</ele>
      </trkpt>
      <trkpt lat="53.648919" lon="12.334567">
        <ele>61.1</ele>
      </trkpt>
      <trkpt lat="53.649076" lon="12.334616">
        <ele>61.5</ele>
      </trkpt>
      <trkpt lat="53.649239" lon="12.334741">
        <ele>61.3</ele>
      </trkpt>
      <trkpt lat="53.649442" lon="12.334920">
        <ele>61.2</ele>
      </trkpt>
      <trkpt lat="53.651011" lon="12.336858">
        <ele>57.1</ele>
      </trkpt>
      <trkpt lat="53.651179" lon="12.337113">
        <ele>57.5</ele>
      </trkpt>
      <trkpt lat="53.651933" lon="12.339512">
        <ele>59</ele>
      </trkpt>
      <trkpt lat="53.652339" lon="12.340569">
        <ele>59.5</ele>
      </trkpt>
      <trkpt lat="53.652635" lon="12.341224">
        <ele>59.4</ele>
      </trkpt>
      <trkpt lat="53.652926" lon="12.341775">
        <ele>58.5</ele>
      </trkpt>
      <trkpt lat="53.653233" lon="12.342264">
        <ele>58</ele>
      </trkpt>
      <trkpt lat="53.653984" lon="12.343342">
        <ele>59.5</ele>
      </trkpt>
      <trkpt lat="53.656538" lon="12.347650">
        <ele>48.1</ele>
      </trkpt>
      <trkpt lat="53.657201" lon="12.348491">
        <ele>48.7</ele>
      </trkpt>
      <trkpt lat="53.657444" lon="12.348701">
        <ele>48.8</ele>
      </trkpt>
      <trkpt lat="53.658673" lon="12.349584">
        <ele>48.1</ele>
      </trkpt>
      <trkpt lat="53.659070" lon="12.349843">
        <ele>48.6</ele>
      </trkpt>
      <trkpt lat="53.659438" lon="12.350017">
        <ele>50.2</ele>
      </trkpt>
      <trkpt lat="53.659648" lon="12.350055">
        <ele>50.2</ele>
      </trkpt>
      <trkpt lat="53.661018" lon="12.349493">
        <ele>49.4</ele>
      </trkpt>
      <trkpt lat="53.661685" lon="12.349328">
        <ele>50.6</ele>
      </trkpt>
      <trkpt lat="53.662910" lon="12.349305">
        <ele>49.4</ele>
      </trkpt>
      <trkpt lat="53.665478" lon="12.348909">
        <ele>50.8</ele>
      </trkpt>
      <trkpt lat="53.665550" lon="12.348828">
        <ele>50.7</ele>
      </trkpt>
      <trkpt lat="53.665861" lon="12.348120">
        <ele>51.1</ele>
      </trkpt>
      <trkpt lat="53.666551" lon="12.346168">
        <ele>51.2</ele>
      </trkpt>
      <trkpt lat="53.666773" lon="12.345659">
        <ele>51.7</ele>
      </trkpt>
      <trkpt lat="53.667047" lon="12.345315">
        <ele>51.7</ele>
      </trkpt>
      <trkpt lat="53.668179" lon="12.344667">
        <ele>53.9</ele>
      </trkpt>
      <trkpt lat="53.668311" lon="12.344529">
        <ele>53.7</ele>
      </trkpt>
      <trkpt lat="53.668496" lon="12.344034">
        <ele>53.9</ele>
      </trkpt>
      <trkpt lat="53.669741" lon="12.340143">
        <ele>53.6</ele>
      </trkpt>
      <trkpt lat="53.669555" lon="12.335291">
        <ele>53.4</ele>
      </trkpt>
      <trkpt lat="53.669360" lon="12.331767">
        <ele>55</ele>
      </trkpt>
      <trkpt lat="53.668873" lon="12.325136">
        <ele>54</ele>
      </trkpt>
      <trkpt lat="53.667794" lon="12.317701">
        <ele>62.2</ele>
      </trkpt>
      <trkpt lat="53.667547" lon="12.315603">
        <ele>63</ele>
      </trkpt>
      <trkpt lat="53.667514" lon="12.314701">
        <ele>61.8</ele>
      </trkpt>
      <trkpt lat="53.667547" lon="12.314360">
        <ele>62</ele>
      </trkpt>
      <trkpt lat="53.668270" lon="12.311544">
        <ele>58.4</ele>
      </trkpt>
      <trkpt lat="53.668932" lon="12.308680">
        <ele>55.8</ele>
      </trkpt>
      <trkpt lat="53.669099" lon="12.306721">
        <ele>56.9</ele>
      </trkpt>
      <trkpt lat="53.669172" lon="12.306185">
        <ele>55.8</ele>
      </trkpt>
      <trkpt lat="53.669306" lon="12.305520">
        <ele>55.5</ele>
      </trkpt>
      <trkpt lat="53.669372" lon="12.304920">
        <ele>56.1</ele>
      </trkpt>
      <trkpt lat="53.669357" lon="12.304172">
        <ele>57.6</ele>
      </trkpt>
      <trkpt lat="53.669307" lon="12.303766">
        <ele>59</ele>
      </trkpt>
      <trkpt lat="53.668997" lon="12.302109">
        <ele>64</ele>
      </trkpt>
      <trkpt lat="53.668886" lon="12.301326">
        <ele>64</ele>
      </trkpt>
      <trkpt lat="53.668786" lon="12.299813">
        <ele>57.4</ele>
      </trkpt>
      <trkpt lat="53.668794" lon="12.298768">
        <ele>55.7</ele>
      </trkpt>
      <trkpt lat="53.668956" lon="12.297055">
        <ele>63</ele>
      </trkpt>
      <trkpt lat="53.669346" lon="12.294876">
        <ele>62.5</ele>
      </trkpt>
      <trkpt lat="53.669624" lon="12.292739">
        <ele>58.9</ele>
      </trkpt>
      <trkpt lat="53.669682" lon="12.292184">
        <ele>58.4</ele>
      </trkpt>
      <trkpt lat="53.669674" lon="12.291546">
        <ele>56.8</ele>
      </trkpt>
      <trkpt lat="53.669770" lon="12.291252">
        <ele>55.7</ele>
      </trkpt>
      <trkpt lat="53.671011" lon="12.288385">
        <ele>53.8</ele>
      </trkpt>
      <trkpt lat="53.671084" lon="12.288102">
        <ele>54</ele>
      </trkpt>
      <trkpt lat="53.671112" lon="12.287853">
        <ele>54</ele>
      </trkpt>
      <trkpt lat="53.671084" lon="12.287172">
        <ele>54</ele>
      </trkpt>
      <trkpt lat="53.670844" lon="12.284307">
        <ele>53.3</ele>
      </trkpt>
      <trkpt lat="53.670716" lon="12.281196">
        <ele>54.6</ele>
      </trkpt>
      <trkpt lat="53.670582" lon="12.276605">
        <ele>56.6</ele>
      </trkpt>
      <trkpt lat="53.670447" lon="12.273515">
        <ele>54.5</ele>
      </trkpt>
      <trkpt lat="53.670464" lon="12.273208">
        <ele>55.4</ele>
      </trkpt>
      <trkpt lat="53.670735" lon="12.272951">
        <ele>56.9</ele>
      </trkpt>
      <trkpt lat="53.669746" lon="12.271118">
        <ele>61.3</ele>
      </trkpt>
      <trkpt lat="53.668608" lon="12.269172">
        <ele>58.2</ele>
      </trkpt>
      <trkpt lat="53.668192" lon="12.268305">
        <ele>57.9</ele>
      </trkpt>
      <trkpt lat="53.668142" lon="12.268087">
        <ele>57.3</ele>
      </trkpt>
      <trkpt lat="53.666671" lon="12.268132">
        <ele>52.1</ele>
      </trkpt>
      <trkpt lat="53.665728" lon="12.268294">
        <ele>56.7</ele>
      </trkpt>
      <trkpt lat="53.664294" lon="12.268387">
        <ele>57.7</ele>
      </trkpt>
      <trkpt lat="53.663267" lon="12.268283">
        <ele>56.4</ele>
      </trkpt>
      <trkpt lat="53.661661" lon="12.268028">
        <ele>51.3</ele>
      </trkpt>
      <trkpt lat="53.659246" lon="12.267772">
        <ele>51.4</ele>
      </trkpt>
      <trkpt lat="53.659128" lon="12.269758">
        <ele>51.1</ele>
      </trkpt>
      <trkpt lat="53.659059" lon="12.270597">
        <ele>51.4</ele>
      </trkpt>
      <trkpt lat="53.658988" lon="12.270973">
        <ele>53.1</ele>
      </trkpt>
      <trkpt lat="53.658383" lon="12.272525">
        <ele>54.6</ele>
      </trkpt>
      <trkpt lat="53.658181" lon="12.272698">
        <ele>53.8</ele>
      </trkpt>
      <trkpt lat="53.657847" lon="12.272892">
        <ele>50.7</ele>
      </trkpt>
      <trkpt lat="53.657554" lon="12.271566">
        <ele>50.1</ele>
      </trkpt>
      <trkpt lat="53.657268" lon="12.271710">
        <ele>49.9</ele>
      </trkpt>
      <trkpt lat="53.656945" lon="12.271705">
        <ele>49.7</ele>
      </trkpt>
      <trkpt lat="53.656619" lon="12.271608">
        <ele>48.2</ele>
      </trkpt>
      <trkpt lat="53.656471" lon="12.271518">
        <ele>47.4</ele>
      </trkpt>
      <trkpt lat="53.656360" lon="12.271308">
        <ele>48.5</ele>
      </trkpt>
      <trkpt lat="53.656196" lon="12.271200">
        <ele>48.4</ele>
      </trkpt>
      <trkpt lat="53.656056" lon="12.270869">
        <ele>48.5</ele>
      </trkpt>
      <trkpt lat="53.655978" lon="12.270774">
        <ele>48.1</ele>
      </trkpt>
      <trkpt lat="53.655788" lon="12.270639">
        <ele>48.4</ele>
      </trkpt>
      <trkpt lat="53.655658" lon="12.270608">
        <ele>48.3</ele>
      </trkpt>
      <trkpt lat="53.655241" lon="12.270719">
        <ele>46.3</ele>
      </trkpt>
      <trkpt lat="53.655047" lon="12.270580">
        <ele>47.7</ele>
      </trkpt>
      <trkpt lat="53.654905" lon="12.270576">
        <ele>47.7</ele>
      </trkpt>
      <trkpt lat="53.654588" lon="12.270710">
        <ele>47.4</ele>
      </trkpt>
      <trkpt lat="53.654064" lon="12.270602">
        <ele>48.5</ele>
      </trkpt>
      <trkpt lat="53.653477" lon="12.271117">
        <ele>49.7</ele>
      </trkpt>
      <trkpt lat="53.653191" lon="12.271313">
        <ele>50.1</ele>
      </trkpt>
      <trkpt lat="53.652776" lon="12.270442">
        <ele>52.3</ele>
      </trkpt>
      <trkpt lat="53.652666" lon="12.269417">
        <ele>51.9</ele>
      </trkpt>
      <trkpt lat="53.650748" lon="12.270238">
        <ele>50.3</ele>
      </trkpt>
      <trkpt lat="53.650135" lon="12.269395">
        <ele>51.5</ele>
      </trkpt>
      <trkpt lat="53.650312" lon="12.268674">
        <ele>49.9</ele>
      </trkpt>
      <trkpt lat="53.651045" lon="12.266219">
        <ele>50.7</ele>
      </trkpt>
      <trkpt lat="53.650972" lon="12.264592">
        <ele>51.1</ele>
      </trkpt>
      <trkpt lat="53.651038" lon="12.264176">
        <ele>51.1</ele>
      </trkpt>
      <trkpt lat="53.652291" lon="12.264615">
        <ele>51.7</ele>
      </trkpt>
      <trkpt lat="53.652558" lon="12.264320">
        <ele>52.5</ele>
      </trkpt>
      <trkpt lat="53.652755" lon="12.263900">
        <ele>54.6</ele>
      </trkpt>
      <trkpt lat="53.652229" lon="12.263583">
        <ele>56</ele>
      </trkpt>
      <trkpt lat="53.651989" lon="12.263357">
        <ele>57.4</ele>
      </trkpt>
      <trkpt lat="53.651817" lon="12.263131">
        <ele>58.8</ele>
      </trkpt>
      <trkpt lat="53.651575" lon="12.262579">
        <ele>60.5</ele>
      </trkpt>
      <trkpt lat="53.651339" lon="12.261858">
        <ele>62.2</ele>
      </trkpt>
      <trkpt lat="53.650945" lon="12.260266">
        <ele>60.6</ele>
      </trkpt>
      <trkpt lat="53.650516" lon="12.258218">
        <ele>52.5</ele>
      </trkpt>
      <trkpt lat="53.650231" lon="12.257041">
        <ele>51.5</ele>
      </trkpt>
      <trkpt lat="53.650134" lon="12.256239">
        <ele>52.1</ele>
      </trkpt>
      <trkpt lat="53.650205" lon="12.254879">
        <ele>53.7</ele>
      </trkpt>
      <trkpt lat="53.650545" lon="12.251304">
        <ele>65.2</ele>
      </trkpt>
      <trkpt lat="53.650533" lon="12.250862">
        <ele>67.2</ele>
      </trkpt>
      <trkpt lat="53.650489" lon="12.250609">
        <ele>68.2</ele>
      </trkpt>
      <trkpt lat="53.650357" lon="12.250299">
        <ele>69.7</ele>
      </trkpt>
      <trkpt lat="53.648778" lon="12.247140">
        <ele>86.2</ele>
      </trkpt>
      <trkpt lat="53.648627" lon="12.246741">
        <ele>87.3</ele>
      </trkpt>
      <trkpt lat="53.648528" lon="12.246300">
        <ele>87.2</ele>
      </trkpt>
      <trkpt lat="53.648423" lon="12.245559">
        <ele>85.6</ele>
      </trkpt>
      <trkpt lat="53.648351" lon="12.244692">
        <ele>83.1</ele>
      </trkpt>
      <trkpt lat="53.648338" lon="12.244072">
        <ele>81.1</ele>
      </trkpt>
      <trkpt lat="53.648413" lon="12.242633">
        <ele>76.3</ele>
      </trkpt>
      <trkpt lat="53.648431" lon="12.241676">
        <ele>75.8</ele>
      </trkpt>
      <trkpt lat="53.648406" lon="12.240921">
        <ele>75.2</ele>
      </trkpt>
      <trkpt lat="53.648172" lon="12.239246">
        <ele>70.2</ele>
      </trkpt>
      <trkpt lat="53.647917" lon="12.237909">
        <ele>68.1</ele>
      </trkpt>
      <trkpt lat="53.647884" lon="12.237581">
        <ele>67</ele>
      </trkpt>
      <trkpt lat="53.647873" lon="12.236302">
        <ele>65.9</ele>
      </trkpt>
      <trkpt lat="53.647747" lon="12.233547">
        <ele>58.6</ele>
      </trkpt>
      <trkpt lat="53.647689" lon="12.232796">
        <ele>56.1</ele>
      </trkpt>
      <trkpt lat="53.647589" lon="12.232068">
        <ele>55.1</ele>
      </trkpt>
      <trkpt lat="53.647496" lon="12.231810">
        <ele>55.6</ele>
      </trkpt>
      <trkpt lat="53.647355" lon="12.231553">
        <ele>56.4</ele>
      </trkpt>
      <trkpt lat="53.647049" lon="12.231170">
        <ele>57.7</ele>
      </trkpt>
      <trkpt lat="53.647158" lon="12.230904">
        <ele>57.6</ele>
      </trkpt>
      <trkpt lat="53.647559" lon="12.230167">
        <ele>56.3</ele>
      </trkpt>
      <trkpt lat="53.649404" lon="12.227263">
        <ele>60.1</ele>
      </trkpt>
      <trkpt lat="53.651645" lon="12.223345">
        <ele>59.8</ele>
      </trkpt>
      <trkpt lat="53.653509" lon="12.221153">
        <ele>59.3</ele>
      </trkpt>
      <trkpt lat="53.655876" lon="12.218524">
        <ele>55.8</ele>
      </trkpt>
      <trkpt lat="53.657448" lon="12.216870">
        <ele>59.7</ele>
      </trkpt>
      <trkpt lat="53.659788" lon="12.214210">
        <ele>64</ele>
      </trkpt>
      <trkpt lat="53.662494" lon="12.211250">
        <ele>66.2</ele>
      </trkpt>
      <trkpt lat="53.662696" lon="12.210955">
        <ele>67</ele>
      </trkpt>
      <trkpt lat="53.664119" lon="12.208316">
        <ele>75.4</ele>
      </trkpt>
      <trkpt lat="53.664315" lon="12.207876">
        <ele>76.6</ele>
      </trkpt>
      <trkpt lat="53.664402" lon="12.206941">
        <ele>78.2</ele>
      </trkpt>
      <trkpt lat="53.664441" lon="12.206677">
        <ele>78</ele>
      </trkpt>
      <trkpt lat="53.664517" lon="12.206467">
        <ele>78.3</ele>
      </trkpt>
      <trkpt lat="53.664782" lon="12.206112">
        <ele>78.6</ele>
      </trkpt>
      <trkpt lat="53.665256" lon="12.205687">
        <ele>78.8</ele>
      </trkpt>
      <trkpt lat="53.665390" lon="12.205455">
        <ele>78.6</ele>
      </trkpt>
      <trkpt lat="53.665809" lon="12.204408">
        <ele>79.2</ele>
      </trkpt>
      <trkpt lat="53.666440" lon="12.202312">
        <ele>77.5</ele>
      </trkpt>
      <trkpt lat="53.666552" lon="12.202089">
        <ele>78.2</ele>
      </trkpt>
      <trkpt lat="53.667364" lon="12.201226">
        <ele>72.2</ele>
      </trkpt>
      <trkpt lat="53.667647" lon="12.200865">
        <ele>74.7</ele>
      </trkpt>
      <trkpt lat="53.668403" lon="12.199666">
        <ele>75.9</ele>
      </trkpt>
      <trkpt lat="53.668900" lon="12.198756">
        <ele>77.5</ele>
      </trkpt>
      <trkpt lat="53.669626" lon="12.197238">
        <ele>78.3</ele>
      </trkpt>
      <trkpt lat="53.669814" lon="12.196929">
        <ele>78.2</ele>
      </trkpt>
      <trkpt lat="53.670534" lon="12.196026">
        <ele>77.5</ele>
      </trkpt>
      <trkpt lat="53.671025" lon="12.195271">
        <ele>78.8</ele>
      </trkpt>
      <trkpt lat="53.671217" lon="12.194880">
        <ele>81.6</ele>
      </trkpt>
      <trkpt lat="53.671697" lon="12.193830">
        <ele>87.2</ele>
      </trkpt>
      <trkpt lat="53.673032" lon="12.190531">
        <ele>73.5</ele>
      </trkpt>
      <trkpt lat="53.673399" lon="12.189580">
        <ele>68.5</ele>
      </trkpt>
      <trkpt lat="53.673920" lon="12.187960">
        <ele>61.4</ele>
      </trkpt>
      <trkpt lat="53.674717" lon="12.186047">
        <ele>57.6</ele>
      </trkpt>
      <trkpt lat="53.675833" lon="12.183094">
        <ele>63</ele>
      </trkpt>
      <trkpt lat="53.676376" lon="12.182147">
        <ele>65</ele>
      </trkpt>
      <trkpt lat="53.676999" lon="12.181392">
        <ele>64.5</ele>
      </trkpt>
      <trkpt lat="53.677261" lon="12.180940">
        <ele>64.1</ele>
      </trkpt>
      <trkpt lat="53.677510" lon="12.180352">
        <ele>63</ele>
      </trkpt>
      <trkpt lat="53.678118" lon="12.178614">
        <ele>59.9</ele>
      </trkpt>
      <trkpt lat="53.678330" lon="12.178242">
        <ele>59.3</ele>
      </trkpt>
      <trkpt lat="53.679041" lon="12.177447">
        <ele>56.5</ele>
      </trkpt>
      <trkpt lat="53.679909" lon="12.176047">
        <ele>54.1</ele>
      </trkpt>
      <trkpt lat="53.680649" lon="12.174664">
        <ele>53.6</ele>
      </trkpt>
      <trkpt lat="53.680834" lon="12.174381">
        <ele>53.9</ele>
      </trkpt>
      <trkpt lat="53.680997" lon="12.174206">
        <ele>54.2</ele>
      </trkpt>
      <trkpt lat="53.682459" lon="12.173042">
        <ele>53.7</ele>
      </trkpt>
      <trkpt lat="53.683295" lon="12.172287">
        <ele>50.6</ele>
      </trkpt>
      <trkpt lat="53.683919" lon="12.171671">
        <ele>48.7</ele>
      </trkpt>
      <trkpt lat="53.685222" lon="12.170506">
        <ele>45.3</ele>
      </trkpt>
      <trkpt lat="53.685818" lon="12.169815">
        <ele>44.9</ele>
      </trkpt>
      <trkpt lat="53.687726" lon="12.167143">
        <ele>48.4</ele>
      </trkpt>
      <trkpt lat="53.689009" lon="12.165235">
        <ele>46.1</ele>
      </trkpt>
      <trkpt lat="53.689079" lon="12.165032">
        <ele>46.6</ele>
      </trkpt>
      <trkpt lat="53.689166" lon="12.164283">
        <ele>48</ele>
      </trkpt>
      <trkpt lat="53.689309" lon="12.163886">
        <ele>49.1</ele>
      </trkpt>
      <trkpt lat="53.690310" lon="12.163624">
        <ele>52.5</ele>
      </trkpt>
      <trkpt lat="53.690435" lon="12.163530">
        <ele>53</ele>
      </trkpt>
      <trkpt lat="53.690603" lon="12.163156">
        <ele>54.1</ele>
      </trkpt>
      <trkpt lat="53.690748" lon="12.162670">
        <ele>54.6</ele>
      </trkpt>
      <trkpt lat="53.690862" lon="12.162205">
        <ele>55.6</ele>
      </trkpt>
      <trkpt lat="53.690935" lon="12.161609">
        <ele>55</ele>
      </trkpt>
      <trkpt lat="53.690922" lon="12.161186">
        <ele>53.6</ele>
      </trkpt>
      <trkpt lat="53.690854" lon="12.160852">
        <ele>52.7</ele>
      </trkpt>
      <trkpt lat="53.690422" lon="12.159422">
        <ele>52.3</ele>
      </trkpt>
      <trkpt lat="53.690391" lon="12.159111">
        <ele>53.4</ele>
      </trkpt>
      <trkpt lat="53.690421" lon="12.158950">
        <ele>53.4</ele>
      </trkpt>
      <trkpt lat="53.691274" lon="12.156490">
        <ele>57.1</ele>
      </trkpt>
      <trkpt lat="53.691552" lon="12.156010">
        <ele>59.8</ele>
      </trkpt>
      <trkpt lat="53.691813" lon="12.155672">
        <ele>61.9</ele>
      </trkpt>
      <trkpt lat="53.691970" lon="12.156216">
        <ele>61.4</ele>
      </trkpt>
      <trkpt lat="53.692432" lon="12.157357">
        <ele>59.9</ele>
      </trkpt>
      <trkpt lat="53.692803" lon="12.157938">
        <ele>59.7</ele>
      </trkpt>
      <trkpt lat="53.693833" lon="12.159725">
        <ele>48.8</ele>
      </trkpt>
      <trkpt lat="53.694215" lon="12.160307">
        <ele>48.3</ele>
      </trkpt>
      <trkpt lat="53.694416" lon="12.160666">
        <ele>48.6</ele>
      </trkpt>
      <trkpt lat="53.694658" lon="12.161272">
        <ele>49.6</ele>
      </trkpt>
      <trkpt lat="53.695178" lon="12.161838">
        <ele>51.8</ele>
      </trkpt>
      <trkpt lat="53.695498" lon="12.162263">
        <ele>52.2</ele>
      </trkpt>
      <trkpt lat="53.698162" lon="12.165967">
        <ele>50.9</ele>
      </trkpt>
      <trkpt lat="53.698887" lon="12.167678">
        <ele>56.9</ele>
      </trkpt>
      <trkpt lat="53.699048" lon="12.167915">
        <ele>56.1</ele>
      </trkpt>
      <trkpt lat="53.699072" lon="12.168352">
        <ele>53.7</ele>
      </trkpt>
      <trkpt lat="53.699166" lon="12.168742">
        <ele>53</ele>
      </trkpt>
      <trkpt lat="53.699483" lon="12.169362">
        <ele>51.7</ele>
      </trkpt>
      <trkpt lat="53.699528" lon="12.169551">
        <ele>51.6</ele>
      </trkpt>
      <trkpt lat="53.699614" lon="12.170583">
        <ele>51.8</ele>
      </trkpt>
      <trkpt lat="53.699707" lon="12.178073">
        <ele>45.5</ele>
      </trkpt>
      <trkpt lat="53.700536" lon="12.179994">
        <ele>46.8</ele>
      </trkpt>
      <trkpt lat="53.700907" lon="12.180780">
        <ele>46.1</ele>
      </trkpt>
      <trkpt lat="53.701148" lon="12.181406">
        <ele>44.9</ele>
      </trkpt>
      <trkpt lat="53.705182" lon="12.193207">
        <ele>55.4</ele>
      </trkpt>
      <trkpt lat="53.705265" lon="12.193309">
        <ele>54.7</ele>
      </trkpt>
      <trkpt lat="53.707916" lon="12.194667">
        <ele>48.3</ele>
      </trkpt>
      <trkpt lat="53.708080" lon="12.194586">
        <ele>46.4</ele>
      </trkpt>
      <trkpt lat="53.708288" lon="12.194278">
        <ele>41.8</ele>
      </trkpt>
      <trkpt lat="53.708980" lon="12.196665">
        <ele>34.9</ele>
      </trkpt>
      <trkpt lat="53.709094" lon="12.196874">
        <ele>34.6</ele>
      </trkpt>
      <trkpt lat="53.709727" lon="12.197874">
        <ele>36.8</ele>
      </trkpt>
      <trkpt lat="53.710174" lon="12.198668">
        <ele>40.9</ele>
      </trkpt>
      <trkpt lat="53.710872" lon="12.200033">
        <ele>42.2</ele>
      </trkpt>
      <trkpt lat="53.711916" lon="12.200884">
        <ele>36.9</ele>
      </trkpt>
      <trkpt lat="53.712378" lon="12.199467">
        <ele>29.2</ele>
      </trkpt>
      <trkpt lat="53.712646" lon="12.198995">
        <ele>27.9</ele>
      </trkpt>
      <trkpt lat="53.712792" lon="12.198859">
        <ele>28.6</ele>
      </trkpt>
      <trkpt lat="53.712956" lon="12.198767">
        <ele>29.5</ele>
      </trkpt>
      <trkpt lat="53.713693" lon="12.198731">
        <ele>34.6</ele>
      </trkpt>
      <trkpt lat="53.713887" lon="12.198669">
        <ele>35</ele>
      </trkpt>
      <trkpt lat="53.714867" lon="12.198048">
        <ele>34.5</ele>
      </trkpt>
      <trkpt lat="53.715052" lon="12.197982">
        <ele>34.6</ele>
      </trkpt>
      <trkpt lat="53.715387" lon="12.198026">
        <ele>35.5</ele>
      </trkpt>
      <trkpt lat="53.715602" lon="12.198189">
        <ele>37.1</ele>
      </trkpt>
      <trkpt lat="53.715800" lon="12.198405">
        <ele>36.9</ele>
      </trkpt>
      <trkpt lat="53.715980" lon="12.198684">
        <ele>36.2</ele>
      </trkpt>
      <trkpt lat="53.716122" lon="12.198778">
        <ele>35</ele>
      </trkpt>
      <trkpt lat="53.716356" lon="12.198776">
        <ele>34.7</ele>
      </trkpt>
      <trkpt lat="53.716497" lon="12.198726">
        <ele>35.7</ele>
      </trkpt>
      <trkpt lat="53.716619" lon="12.198584">
        <ele>35.1</ele>
      </trkpt>
      <trkpt lat="53.717816" lon="12.198468">
        <ele>42.7</ele>
      </trkpt>
      <trkpt lat="53.718348" lon="12.198731">
        <ele>42.5</ele>
      </trkpt>
      <trkpt lat="53.718641" lon="12.198972">
        <ele>41.2</ele>
      </trkpt>
      <trkpt lat="53.718742" lon="12.199090">
        <ele>37.7</ele>
      </trkpt>
      <trkpt lat="53.718824" lon="12.199266">
        <ele>38.8</ele>
      </trkpt>
      <trkpt lat="53.719597" lon="12.201503">
        <ele>42.3</ele>
      </trkpt>
      <trkpt lat="53.719771" lon="12.202657">
        <ele>45.7</ele>
      </trkpt>
      <trkpt lat="53.719936" lon="12.202929">
        <ele>45.4</ele>
      </trkpt>
      <trkpt lat="53.720966" lon="12.203132">
        <ele>49.2</ele>
      </trkpt>
      <trkpt lat="53.721756" lon="12.203554">
        <ele>52</ele>
      </trkpt>
      <trkpt lat="53.722184" lon="12.203921">
        <ele>49.2</ele>
      </trkpt>
      <trkpt lat="53.722901" lon="12.204857">
        <ele>46.3</ele>
      </trkpt>
      <trkpt lat="53.723298" lon="12.205302">
        <ele>44.2</ele>
      </trkpt>
      <trkpt lat="53.723767" lon="12.205671">
        <ele>42.1</ele>
      </trkpt>
      <trkpt lat="53.723921" lon="12.205744">
        <ele>42.6</ele>
      </trkpt>
      <trkpt lat="53.724934" lon="12.205944">
        <ele>45.4</ele>
      </trkpt>
      <trkpt lat="53.725911" lon="12.206466">
        <ele>45.1</ele>
      </trkpt>
      <trkpt lat="53.727007" lon="12.206839">
        <ele>37.8</ele>
      </trkpt>
      <trkpt lat="53.727285" lon="12.206890">
        <ele>37.7</ele>
      </trkpt>
      <trkpt lat="53.728095" lon="12.206853">
        <ele>42.2</ele>
      </trkpt>
      <trkpt lat="53.728296" lon="12.206894">
        <ele>43.7</ele>
      </trkpt>
      <trkpt lat="53.728816" lon="12.207176">
        <ele>48.3</ele>
      </trkpt>
      <trkpt lat="53.729028" lon="12.207398">
        <ele>47.7</ele>
      </trkpt>
      <trkpt lat="53.729851" lon="12.208399">
        <ele>47.5</ele>
      </trkpt>
      <trkpt lat="53.730002" lon="12.208644">
        <ele>41.8</ele>
      </trkpt>
      <trkpt lat="53.730932" lon="12.210519">
        <ele>33.9</ele>
      </trkpt>
      <trkpt lat="53.731918" lon="12.212283">
        <ele>27.3</ele>
      </trkpt>
      <trkpt lat="53.732254" lon="12.212779">
        <ele>27.3</ele>
      </trkpt>
      <trkpt lat="53.732498" lon="12.213252">
        <ele>29.2</ele>
      </trkpt>
      <trkpt lat="53.733116" lon="12.215383">
        <ele>30.3</ele>
      </trkpt>
      <trkpt lat="53.733287" lon="12.215918">
        <ele>31.9</ele>
      </trkpt>
      <trkpt lat="53.733411" lon="12.216175">
        <ele>31.1</ele>
      </trkpt>
      <trkpt lat="53.733511" lon="12.216325">
        <ele>30.9</ele>
      </trkpt>
      <trkpt lat="53.735514" lon="12.218144">
        <ele>41</ele>
      </trkpt>
      <trkpt lat="53.737953" lon="12.219911">
        <ele>47.8</ele>
      </trkpt>
      <trkpt lat="53.738748" lon="12.220065">
        <ele>45.8</ele>
      </trkpt>
      <trkpt lat="53.739783" lon="12.219941">
        <ele>52.3</ele>
      </trkpt>
      <trkpt lat="53.740325" lon="12.220083">
        <ele>53.2</ele>
      </trkpt>
      <trkpt lat="53.741018" lon="12.220423">
        <ele>52.9</ele>
      </trkpt>
      <trkpt lat="53.742218" lon="12.221447">
        <ele>48.5</ele>
      </trkpt>
      <trkpt lat="53.743931" lon="12.223222">
        <ele>50.8</ele>
      </trkpt>
      <trkpt lat="53.744226" lon="12.223558">
        <ele>47.6</ele>
      </trkpt>
      <trkpt lat="53.744817" lon="12.224704">
        <ele>43.4</ele>
      </trkpt>
      <trkpt lat="53.744954" lon="12.224894">
        <ele>42.3</ele>
      </trkpt>
      <trkpt lat="53.745344" lon="12.225104">
        <ele>41.2</ele>
      </trkpt>
      <trkpt lat="53.745865" lon="12.225174">
        <ele>39.6</ele>
      </trkpt>
      <trkpt lat="53.746822" lon="12.224885">
        <ele>39.2</ele>
      </trkpt>
      <trkpt lat="53.748856" lon="12.223653">
        <ele>35.5</ele>
      </trkpt>
      <trkpt lat="53.749679" lon="12.227214">
        <ele>35.5</ele>
      </trkpt>
      <trkpt lat="53.749813" lon="12.227712">
        <ele>31.6</ele>
      </trkpt>
      <trkpt lat="53.749994" lon="12.228218">
        <ele>29.2</ele>
      </trkpt>
      <trkpt lat="53.750340" lon="12.228259">
        <ele>29.7</ele>
      </trkpt>
      <trkpt lat="53.750691" lon="12.228184">
        <ele>30.3</ele>
      </trkpt>
      <trkpt lat="53.751727" lon="12.228931">
        <ele>28</ele>
      </trkpt>
      <trkpt lat="53.751929" lon="12.229023">
        <ele>27.6</ele>
      </trkpt>
      <trkpt lat="53.752562" lon="12.229126">
        <ele>27.1</ele>
      </trkpt>
      <trkpt lat="53.753031" lon="12.229068">
        <ele>26.7</ele>
      </trkpt>
      <trkpt lat="53.753311" lon="12.228932">
        <ele>25.3</ele>
      </trkpt>
      <trkpt lat="53.753816" lon="12.228618">
        <ele>25</ele>
      </trkpt>
      <trkpt lat="53.754300" lon="12.228183">
        <ele>22.9</ele>
      </trkpt>
      <trkpt lat="53.755460" lon="12.226579">
        <ele>25.1</ele>
      </trkpt>
      <trkpt lat="53.757721" lon="12.223626">
        <ele>46.1</ele>
      </trkpt>
      <trkpt lat="53.758337" lon="12.222726">
        <ele>48.5</ele>
      </trkpt>
      <trkpt lat="53.758561" lon="12.222307">
        <ele>48.5</ele>
      </trkpt>
      <trkpt lat="53.758814" lon="12.221700">
        <ele>48.5</ele>
      </trkpt>
      <trkpt lat="53.759058" lon="12.220846">
        <ele>47.5</ele>
      </trkpt>
      <trkpt lat="53.759276" lon="12.220262">
        <ele>44.2</ele>
      </trkpt>
      <trkpt lat="53.761220" lon="12.217074">
        <ele>25</ele>
      </trkpt>
      <trkpt lat="53.763135" lon="12.216386">
        <ele>24.2</ele>
      </trkpt>
      <trkpt lat="53.762430" lon="12.213686">
        <ele>18</ele>
      </trkpt>
      <trkpt lat="53.762804" lon="12.213365">
        <ele>17.8</ele>
      </trkpt>
      <trkpt lat="53.763022" lon="12.213249">
        <ele>17.6</ele>
      </trkpt>
      <trkpt lat="53.763166" lon="12.213371">
        <ele>17.6</ele>
      </trkpt>
      <trkpt lat="53.763339" lon="12.213335">
        <ele>17.3</ele>
      </trkpt>
      <trkpt lat="53.763374" lon="12.213488">
        <ele>17.3</ele>
      </trkpt>
      <trkpt lat="53.763855" lon="12.213577">
        <ele>16.3</ele>
      </trkpt>
      <trkpt lat="53.764368" lon="12.213275">
        <ele>15.2</ele>
      </trkpt>
      <trkpt lat="53.764696" lon="12.213181">
        <ele>15</ele>
      </trkpt>
      <trkpt lat="53.765516" lon="12.213012">
        <ele>14.8</ele>
      </trkpt>
      <trkpt lat="53.766246" lon="12.212940">
        <ele>16.1</ele>
      </trkpt>
      <trkpt lat="53.766364" lon="12.212755">
        <ele>16.3</ele>
      </trkpt>
      <trkpt lat="53.766862" lon="12.212337">
        <ele>16.9</ele>
      </trkpt>
      <trkpt lat="53.767021" lon="12.212290">
        <ele>17.4</ele>
      </trkpt>
      <trkpt lat="53.767654" lon="12.212280">
        <ele>18.6</ele>
      </trkpt>
      <trkpt lat="53.767836" lon="12.212210">
        <ele>18.5</ele>
      </trkpt>
      <trkpt lat="53.768151" lon="12.211982">
        <ele>18.6</ele>
      </trkpt>
      <trkpt lat="53.768564" lon="12.211923">
        <ele>17.9</ele>
      </trkpt>
      <trkpt lat="53.768689" lon="12.211968">
        <ele>17.6</ele>
      </trkpt>
      <trkpt lat="53.768802" lon="12.212149">
        <ele>17.6</ele>
      </trkpt>
      <trkpt lat="53.768889" lon="12.213119">
        <ele>17.3</ele>
      </trkpt>
      <trkpt lat="53.769175" lon="12.213303">
        <ele>17.8</ele>
      </trkpt>
      <trkpt lat="53.769657" lon="12.212876">
        <ele>17.6</ele>
      </trkpt>
      <trkpt lat="53.770467" lon="12.212325">
        <ele>20.6</ele>
      </trkpt>
      <trkpt lat="53.770462" lon="12.211813">
        <ele>19.7</ele>
      </trkpt>
      <trkpt lat="53.770515" lon="12.211675">
        <ele>19.3</ele>
      </trkpt>
      <trkpt lat="53.770592" lon="12.211522">
        <ele>20.2</ele>
      </trkpt>
      <trkpt lat="53.771113" lon="12.211009">
        <ele>22.2</ele>
      </trkpt>
      <trkpt lat="53.771386" lon="12.210822">
        <ele>24.1</ele>
      </trkpt>
      <trkpt lat="53.772308" lon="12.210452">
        <ele>28.2</ele>
      </trkpt>
      <trkpt lat="53.773606" lon="12.209558">
        <ele>24</ele>
      </trkpt>
      <trkpt lat="53.773794" lon="12.209511">
        <ele>22.1</ele>
      </trkpt>
      <trkpt lat="53.773974" lon="12.209530">
        <ele>22.8</ele>
      </trkpt>
      <trkpt lat="53.774135" lon="12.209615">
        <ele>21.9</ele>
      </trkpt>
      <trkpt lat="53.776166" lon="12.210924">
        <ele>17.9</ele>
      </trkpt>
      <trkpt lat="53.776579" lon="12.211045">
        <ele>15.3</ele>
      </trkpt>
      <trkpt lat="53.778314" lon="12.211289">
        <ele>13.4</ele>
      </trkpt>
      <trkpt lat="53.778350" lon="12.213003">
        <ele>27.3</ele>
      </trkpt>
      <trkpt lat="53.779171" lon="12.213409">
        <ele>29.9</ele>
      </trkpt>
      <trkpt lat="53.780092" lon="12.213744">
        <ele>31.4</ele>
      </trkpt>
      <trkpt lat="53.780902" lon="12.213718">
        <ele>28</ele>
      </trkpt>
      <trkpt lat="53.781501" lon="12.213611">
        <ele>25.9</ele>
      </trkpt>
      <trkpt lat="53.783645" lon="12.213417">
        <ele>19.4</ele>
      </trkpt>
      <trkpt lat="53.784265" lon="12.213681">
        <ele>20.2</ele>
      </trkpt>
      <trkpt lat="53.784407" lon="12.212956">
        <ele>16.7</ele>
      </trkpt>
      <trkpt lat="53.784471" lon="12.212775">
        <ele>16.8</ele>
      </trkpt>
      <trkpt lat="53.785007" lon="12.213029">
        <ele>17.6</ele>
      </trkpt>
      <trkpt lat="53.785167" lon="12.213022">
        <ele>17.6</ele>
      </trkpt>
      <trkpt lat="53.785512" lon="12.212883">
        <ele>18.3</ele>
      </trkpt>
      <trkpt lat="53.785373" lon="12.212362">
        <ele>17.9</ele>
      </trkpt>
      <trkpt lat="53.785255" lon="12.211671">
        <ele>18.4</ele>
      </trkpt>
      <trkpt lat="53.785160" lon="12.211045">
        <ele>18.6</ele>
      </trkpt>
      <trkpt lat="53.785121" lon="12.210574">
        <ele>19.7</ele>
      </trkpt>
      <trkpt lat="53.784854" lon="12.203542">
        <ele>22.2</ele>
      </trkpt>
      <trkpt lat="53.784400" lon="12.188749">
        <ele>14.4</ele>
      </trkpt>
      <trkpt lat="53.784395" lon="12.188260">
        <ele>14.6</ele>
      </trkpt>
      <trkpt lat="53.784456" lon="12.187712">
        <ele>14.7</ele>
      </trkpt>
      <trkpt lat="53.784557" lon="12.187429">
        <ele>14.9</ele>
      </trkpt>
      <trkpt lat="53.784560" lon="12.187313">
        <ele>14.9</ele>
      </trkpt>
      <trkpt lat="53.785023" lon="12.186519">
        <ele>15.6</ele>
      </trkpt>
      <trkpt lat="53.785405" lon="12.185955">
        <ele>16.2</ele>
      </trkpt>
      <trkpt lat="53.785647" lon="12.185489">
        <ele>16.4</ele>
      </trkpt>
      <trkpt lat="53.787926" lon="12.182024">
        <ele>13.4</ele>
      </trkpt>
      <trkpt lat="53.788382" lon="12.181477">
        <ele>12.6</ele>
      </trkpt>
      <trkpt lat="53.789727" lon="12.180166">
        <ele>11.2</ele>
      </trkpt>
      <trkpt lat="53.788898" lon="12.178063">
        <ele>9</ele>
      </trkpt>
      <trkpt lat="53.788628" lon="12.177290">
        <ele>8.2</ele>
      </trkpt>
      <trkpt lat="53.788303" lon="12.175667">
        <ele>6.6</ele>
      </trkpt>
      <trkpt lat="53.788285" lon="12.175412">
        <ele>6.3</ele>
      </trkpt>
      <trkpt lat="53.788450" lon="12.173513">
        <ele>6.3</ele>
      </trkpt>
      <trkpt lat="53.788570" lon="12.173121">
        <ele>6.4</ele>
      </trkpt>
      <trkpt lat="53.788643" lon="12.172987">
        <ele>6.4</ele>
      </trkpt>
      <trkpt lat="53.789828" lon="12.171847">
        <ele>9.1</ele>
      </trkpt>
      <trkpt lat="53.790066" lon="12.171476">
        <ele>9.6</ele>
      </trkpt>
      <trkpt lat="53.790547" lon="12.170564">
        <ele>9.4</ele>
      </trkpt>
      <trkpt lat="53.790655" lon="12.170457">
        <ele>9.7</ele>
      </trkpt>
      <trkpt lat="53.790879" lon="12.170862">
        <ele>10.3</ele>
      </trkpt>
      <trkpt lat="53.791433" lon="12.171694">
        <ele>11.3</ele>
      </trkpt>
      <trkpt lat="53.793588" lon="12.171158">
        <ele>11.6</ele>
      </trkpt>
      <trkpt lat="53.793616" lon="12.170696">
        <ele>11.4</ele>
      </trkpt>
      <trkpt lat="53.794909" lon="12.171140">
        <ele>11.9</ele>
      </trkpt>
      <trkpt lat="53.796125" lon="12.172355">
        <ele>12.4</ele>
      </trkpt>
      <trkpt lat="53.796190" lon="12.172271">
        <ele>12.6</ele>
      </trkpt>
      <trkpt lat="53.796433" lon="12.171718">
        <ele>12.5</ele>
      </trkpt>
      <trkpt lat="53.796337" lon="12.171702">
        <ele>12.7</ele>
      </trkpt>
      <trkpt lat="53.796410" lon="12.170240">
        <ele>11.9</ele>
      </trkpt>
      <trkpt lat="53.796410" lon="12.170240">
        <ele>11.9</ele>
      </trkpt>
      <trkpt lat="53.796526" lon="12.168031">
        <ele>9.9</ele>
      </trkpt>
      <trkpt lat="53.796677" lon="12.165899">
        <ele>9</ele>
      </trkpt>
      <trkpt lat="53.796628" lon="12.164020">
        <ele>9.9</ele>
      </trkpt>
      <trkpt lat="53.796684" lon="12.163759">
        <ele>9.9</ele>
      </trkpt>
      <trkpt lat="53.798162" lon="12.159916">
        <ele>9.4</ele>
      </trkpt>
      <trkpt lat="53.798899" lon="12.157856">
        <ele>9.4</ele>
      </trkpt>
      <trkpt lat="53.799799" lon="12.155699">
        <ele>9.1</ele>
      </trkpt>
      <trkpt lat="53.800525" lon="12.153828">
        <ele>9.2</ele>
      </trkpt>
      <trkpt lat="53.801279" lon="12.152041">
        <ele>9.3</ele>
      </trkpt>
      <trkpt lat="53.801641" lon="12.151821">
        <ele>8.5</ele>
      </trkpt>
      <trkpt lat="53.802365" lon="12.151670">
        <ele>8.3</ele>
      </trkpt>
      <trkpt lat="53.803182" lon="12.151564">
        <ele>8.4</ele>
      </trkpt>
      <trkpt lat="53.803250" lon="12.151506">
        <ele>8.2</ele>
      </trkpt>
      <trkpt lat="53.805532" lon="12.148475">
        <ele>6.7</ele>
      </trkpt>
      <trkpt lat="53.806326" lon="12.147474">
        <ele>5.7</ele>
      </trkpt>
      <trkpt lat="53.806629" lon="12.147695">
        <ele>6</ele>
      </trkpt>
      <trkpt lat="53.807851" lon="12.150171">
        <ele>5.4</ele>
      </trkpt>
      <trkpt lat="53.808597" lon="12.148579">
        <ele>7.7</ele>
      </trkpt>
      <trkpt lat="53.809740" lon="12.146269">
        <ele>4.6</ele>
      </trkpt>
      <trkpt lat="53.810993" lon="12.144614">
        <ele>5.5</ele>
      </trkpt>
      <trkpt lat="53.811327" lon="12.144047">
        <ele>3.6</ele>
      </trkpt>
      <trkpt lat="53.811606" lon="12.143471">
        <ele>3.9</ele>
      </trkpt>
      <trkpt lat="53.811789" lon="12.142985">
        <ele>3.7</ele>
      </trkpt>
      <trkpt lat="53.811915" lon="12.142448">
        <ele>3.5</ele>
      </trkpt>
      <trkpt lat="53.813760" lon="12.137484">
        <ele>2.9</ele>
      </trkpt>
      <trkpt lat="53.815180" lon="12.133549">
        <ele>2.4</ele>
      </trkpt>
      <trkpt lat="53.815510" lon="12.132449">
        <ele>2.7</ele>
      </trkpt>
      <trkpt lat="53.815570" lon="12.132080">
        <ele>3.1</ele>
      </trkpt>
      <trkpt lat="53.815625" lon="12.131381">
        <ele>3.9</ele>
      </trkpt>
      <trkpt lat="53.815717" lon="12.131032">
        <ele>4.5</ele>
      </trkpt>
      <trkpt lat="53.815878" lon="12.130642">
        <ele>4.9</ele>
      </trkpt>
      <trkpt lat="53.815897" lon="12.130260">
        <ele>5</ele>
      </trkpt>
      <trkpt lat="53.816521" lon="12.130353">
        <ele>5.7</ele>
      </trkpt>
      <trkpt lat="53.816758" lon="12.130411">
        <ele>5.8</ele>
      </trkpt>
      <trkpt lat="53.816789" lon="12.130464">
        <ele>5.8</ele>
      </trkpt>
      <trkpt lat="53.818609" lon="12.127622">
        <ele>4.2</ele>
      </trkpt>
      <trkpt lat="53.820965" lon="12.123285">
        <ele>6.8</ele>
      </trkpt>
      <trkpt lat="53.822893" lon="12.120242">
        <ele>7.1</ele>
      </trkpt>
      <trkpt lat="53.823556" lon="12.118955">
        <ele>5.5</ele>
      </trkpt>
      <trkpt lat="53.823981" lon="12.117952">
        <ele>4.5</ele>
      </trkpt>
      <trkpt lat="53.825017" lon="12.114754">
        <ele>7</ele>
      </trkpt>
      <trkpt lat="53.825379" lon="12.113536">
        <ele>9</ele>
      </trkpt>
      <trkpt lat="53.825562" lon="12.113184">
        <ele>9.5</ele>
      </trkpt>
      <trkpt lat="53.827010" lon="12.108983">
        <ele>8.2</ele>
      </trkpt>
      <trkpt lat="53.827417" lon="12.107588">
        <ele>5.8</ele>
      </trkpt>
      <trkpt lat="53.827746" lon="12.106059">
        <ele>4.5</ele>
      </trkpt>
      <trkpt lat="53.828790" lon="12.099933">
        <ele>4.4</ele>
      </trkpt>
      <trkpt lat="53.828802" lon="12.099702">
        <ele>4.3</ele>
      </trkpt>
      <trkpt lat="53.828917" lon="12.099007">
        <ele>4.4</ele>
      </trkpt>
      <trkpt lat="53.829096" lon="12.098156">
        <ele>4.6</ele>
      </trkpt>
      <trkpt lat="53.830097" lon="12.091270">
        <ele>4.9</ele>
      </trkpt>
      <trkpt lat="53.830181" lon="12.089233">
        <ele>6.9</ele>
      </trkpt>
      <trkpt lat="53.830138" lon="12.087978">
        <ele>8.2</ele>
      </trkpt>
      <trkpt lat="53.830188" lon="12.087620">
        <ele>8.3</ele>
      </trkpt>
      <trkpt lat="53.830292" lon="12.085868">
        <ele>8.2</ele>
      </trkpt>
      <trkpt lat="53.830369" lon="12.082867">
        <ele>5.4</ele>
      </trkpt>
      <trkpt lat="53.830318" lon="12.081503">
        <ele>5.5</ele>
      </trkpt>
      <trkpt lat="53.829635" lon="12.070957">
        <ele>9.4</ele>
      </trkpt>
      <trkpt lat="53.829609" lon="12.070743">
        <ele>9.4</ele>
      </trkpt>
      <trkpt lat="53.829548" lon="12.070580">
        <ele>9.4</ele>
      </trkpt>
      <trkpt lat="53.829174" lon="12.070131">
        <ele>8.3</ele>
      </trkpt>
      <trkpt lat="53.829131" lon="12.069994">
        <ele>7.8</ele>
      </trkpt>
      <trkpt lat="53.829146" lon="12.069773">
        <ele>7.6</ele>
      </trkpt>
      <trkpt lat="53.829351" lon="12.069405">
        <ele>7.3</ele>
      </trkpt>
      <trkpt lat="53.829409" lon="12.069186">
        <ele>6.7</ele>
      </trkpt>
      <trkpt lat="53.829419" lon="12.068759">
        <ele>5.6</ele>
      </trkpt>
      <trkpt lat="53.827191" lon="12.047273">
        <ele>3</ele>
      </trkpt>
      <trkpt lat="53.827087" lon="12.047186">
        <ele>3</ele>
      </trkpt>
      <trkpt lat="53.826394" lon="12.040609">
        <ele>1.9</ele>
      </trkpt>
      <trkpt lat="53.825056" lon="12.033883">
        <ele>2.9</ele>
      </trkpt>
      <trkpt lat="53.824972" lon="12.032994">
        <ele>3.3</ele>
      </trkpt>
      <trkpt lat="53.824977" lon="12.031566">
        <ele>3.7</ele>
      </trkpt>
      <trkpt lat="53.824529" lon="12.029129">
        <ele>5.5</ele>
      </trkpt>
      <trkpt lat="53.824394" lon="12.028244">
        <ele>5.3</ele>
      </trkpt>
      <trkpt lat="53.824280" lon="12.027369">
        <ele>4.6</ele>
      </trkpt>
      <trkpt lat="53.824193" lon="12.026342">
        <ele>4.8</ele>
      </trkpt>
      <trkpt lat="53.824089" lon="12.024817">
        <ele>8.6</ele>
      </trkpt>
      <trkpt lat="53.824047" lon="12.023319">
        <ele>10.3</ele>
      </trkpt>
      <trkpt lat="53.824105" lon="12.021044">
        <ele>12</ele>
      </trkpt>
      <trkpt lat="53.824204" lon="12.019565">
        <ele>12.5</ele>
      </trkpt>
      <trkpt lat="53.824544" lon="12.016857">
        <ele>12.5</ele>
      </trkpt>
      <trkpt lat="53.824759" lon="12.015637">
        <ele>12.6</ele>
      </trkpt>
      <trkpt lat="53.825155" lon="12.013871">
        <ele>14.9</ele>
      </trkpt>
      <trkpt lat="53.825803" lon="12.011702">
        <ele>7.6</ele>
      </trkpt>
      <trkpt lat="53.826628" lon="12.009425">
        <ele>2.2</ele>
      </trkpt>
      <trkpt lat="53.827373" lon="12.007530">
        <ele>3.5</ele>
      </trkpt>
      <trkpt lat="53.828122" lon="12.005917">
        <ele>3.6</ele>
      </trkpt>
      <trkpt lat="53.828486" lon="12.005218">
        <ele>3.9</ele>
      </trkpt>
      <trkpt lat="53.828972" lon="12.004401">
        <ele>2.8</ele>
      </trkpt>
      <trkpt lat="53.829513" lon="12.003582">
        <ele>2.3</ele>
      </trkpt>
      <trkpt lat="53.830151" lon="12.002761">
        <ele>1.8</ele>
      </trkpt>
      <trkpt lat="53.830795" lon="12.002039">
        <ele>1.9</ele>
      </trkpt>
      <trkpt lat="53.831390" lon="12.001473">
        <ele>1.7</ele>
      </trkpt>
      <trkpt lat="53.832319" lon="12.000687">
        <ele>1.3</ele>
      </trkpt>
      <trkpt lat="53.832997" lon="12.000220">
        <ele>2.5</ele>
      </trkpt>
      <trkpt lat="53.833704" lon="11.999864">
        <ele>2.8</ele>
      </trkpt>
      <trkpt lat="53.833826" lon="11.999701">
        <ele>2.9</ele>
      </trkpt>
      <trkpt lat="53.834518" lon="12.000527">
        <ele>2.1</ele>
      </trkpt>
      <trkpt lat="53.834882" lon="12.000797">
        <ele>2.1</ele>
      </trkpt>
      <trkpt lat="53.835221" lon="12.000972">
        <ele>2.4</ele>
      </trkpt>
      <trkpt lat="53.835646" lon="12.001122">
        <ele>2.6</ele>
      </trkpt>
      <trkpt lat="53.836336" lon="12.000931">
        <ele>2.3</ele>
      </trkpt>
      <trkpt lat="53.836578" lon="12.000968">
        <ele>2</ele>
      </trkpt>
      <trkpt lat="53.839094" lon="12.002180">
        <ele>2</ele>
      </trkpt>
      <trkpt lat="53.839460" lon="12.001283">
        <ele>2.6</ele>
      </trkpt>
      <trkpt lat="53.839646" lon="12.000568">
        <ele>2.8</ele>
      </trkpt>
      <trkpt lat="53.839879" lon="12.000019">
        <ele>2.8</ele>
      </trkpt>
      <trkpt lat="53.840213" lon="11.999398">
        <ele>2.8</ele>
      </trkpt>
      <trkpt lat="53.840421" lon="11.999073">
        <ele>2.9</ele>
      </trkpt>
      <trkpt lat="53.842813" lon="11.996058">
        <ele>1.9</ele>
      </trkpt>
      <trkpt lat="53.843704" lon="11.994858">
        <ele>1.6</ele>
      </trkpt>
      <trkpt lat="53.845229" lon="11.992102">
        <ele>0.9</ele>
      </trkpt>
      <trkpt lat="53.845447" lon="11.991633">
        <ele>1.1</ele>
      </trkpt>
      <trkpt lat="53.846300" lon="11.989501">
        <ele>0.7</ele>
      </trkpt>
      <trkpt lat="53.846550" lon="11.988758">
        <ele>1.3</ele>
      </trkpt>
      <trkpt lat="53.847429" lon="11.986631">
        <ele>3.6</ele>
      </trkpt>
      <trkpt lat="53.847538" lon="11.986146">
        <ele>4.1</ele>
      </trkpt>
      <trkpt lat="53.847938" lon="11.986519">
        <ele>3.6</ele>
      </trkpt>
      <trkpt lat="53.848702" lon="11.987130">
        <ele>3.3</ele>
      </trkpt>
      <trkpt lat="53.849266" lon="11.987391">
        <ele>3.2</ele>
      </trkpt>
      <trkpt lat="53.849559" lon="11.987298">
        <ele>3.2</ele>
      </trkpt>
      <trkpt lat="53.849749" lon="11.987173">
        <ele>3.5</ele>
      </trkpt>
      <trkpt lat="53.849893" lon="11.987035">
        <ele>3.3</ele>
      </trkpt>
      <trkpt lat="53.850003" lon="11.986843">
        <ele>3.3</ele>
      </trkpt>
      <trkpt lat="53.850127" lon="11.987145">
        <ele>3.1</ele>
      </trkpt>
      <trkpt lat="53.850399" lon="11.987554">
        <ele>2.2</ele>
      </trkpt>
      <trkpt lat="53.851398" lon="11.988554">
        <ele>0.9</ele>
      </trkpt>
      <trkpt lat="53.856971" lon="11.994591">
        <ele>-1.3</ele>
      </trkpt>
      <trkpt lat="53.858621" lon="11.996264">
        <ele>1</ele>
      </trkpt>
      <trkpt lat="53.858753" lon="11.996343">
        <ele>1.1</ele>
      </trkpt>
      <trkpt lat="53.858966" lon="11.996343">
        <ele>1.2</ele>
      </trkpt>
      <trkpt lat="53.859674" lon="11.997010">
        <ele>2.6</ele>
      </trkpt>
      <trkpt lat="53.867072" lon="12.005022">
        <ele>0.8</ele>
      </trkpt>
      <trkpt lat="53.872115" lon="12.008034">
        <ele>0.8</ele>
      </trkpt>
      <trkpt lat="53.874124" lon="12.009643">
        <ele>1.4</ele>
      </trkpt>
      <trkpt lat="53.874339" lon="12.009604">
        <ele>1.2</ele>
      </trkpt>
      <trkpt lat="53.874567" lon="12.009475">
        <ele>0.9</ele>
      </trkpt>
      <trkpt lat="53.874758" lon="12.009300">
        <ele>0.9</ele>
      </trkpt>
      <trkpt lat="53.874856" lon="12.009152">
        <ele>0.8</ele>
      </trkpt>
      <trkpt lat="53.875481" lon="12.007859">
        <ele>0.5</ele>
      </trkpt>
      <trkpt lat="53.875914" lon="12.006741">
        <ele>1.1</ele>
      </trkpt>
      <trkpt lat="53.876408" lon="12.005887">
        <ele>1.6</ele>
      </trkpt>
      <trkpt lat="53.877058" lon="12.004533">
        <ele>2.4</ele>
      </trkpt>
      <trkpt lat="53.877363" lon="12.003993">
        <ele>3.1</ele>
      </trkpt>
      <trkpt lat="53.877553" lon="12.003831">
        <ele>3.5</ele>
      </trkpt>
      <trkpt lat="53.878473" lon="12.003284">
        <ele>6.1</ele>
      </trkpt>
      <trkpt lat="53.878885" lon="12.003083">
        <ele>6.7</ele>
      </trkpt>
      <trkpt lat="53.879404" lon="12.002941">
        <ele>7.6</ele>
      </trkpt>
      <trkpt lat="53.880383" lon="12.002322">
        <ele>7.4</ele>
      </trkpt>
      <trkpt lat="53.880758" lon="12.002177">
        <ele>7.5</ele>
      </trkpt>
      <trkpt lat="53.880952" lon="12.002131">
        <ele>7.6</ele>
      </trkpt>
      <trkpt lat="53.881595" lon="12.002154">
        <ele>8.2</ele>
      </trkpt>
      <trkpt lat="53.883200" lon="12.001918">
        <ele>8.8</ele>
      </trkpt>
      <trkpt lat="53.883541" lon="12.001753">
        <ele>8.6</ele>
      </trkpt>
      <trkpt lat="53.885884" lon="12.000914">
        <ele>9.2</ele>
      </trkpt>
      <trkpt lat="53.886903" lon="12.000451">
        <ele>9.4</ele>
      </trkpt>
      <trkpt lat="53.887604" lon="12.000221">
        <ele>9.5</ele>
      </trkpt>
      <trkpt lat="53.889444" lon="12.000053">
        <ele>13.5</ele>
      </trkpt>
      <trkpt lat="53.892494" lon="12.000471">
        <ele>17.1</ele>
      </trkpt>
      <trkpt lat="53.894623" lon="12.001532">
        <ele>19</ele>
      </trkpt>
      <trkpt lat="53.894820" lon="12.001591">
        <ele>19</ele>
      </trkpt>
      <trkpt lat="53.896085" lon="12.001721">
        <ele>18.3</ele>
      </trkpt>
      <trkpt lat="53.896526" lon="12.001722">
        <ele>18.3</ele>
      </trkpt>
      <trkpt lat="53.897778" lon="12.001591">
        <ele>19</ele>
      </trkpt>
      <trkpt lat="53.898079" lon="12.001501">
        <ele>19.2</ele>
      </trkpt>
      <trkpt lat="53.898712" lon="12.001181">
        <ele>21.7</ele>
      </trkpt>
      <trkpt lat="53.899663" lon="12.000652">
        <ele>23.4</ele>
      </trkpt>
      <trkpt lat="53.900187" lon="12.000310">
        <ele>23.2</ele>
      </trkpt>
      <trkpt lat="53.900360" lon="12.000108">
        <ele>23.2</ele>
      </trkpt>
      <trkpt lat="53.900525" lon="11.999835">
        <ele>23</ele>
      </trkpt>
      <trkpt lat="53.900772" lon="11.999313">
        <ele>23</ele>
      </trkpt>
      <trkpt lat="53.901133" lon="11.998670">
        <ele>23.3</ele>
      </trkpt>
      <trkpt lat="53.901331" lon="11.998764">
        <ele>23.4</ele>
      </trkpt>
      <trkpt lat="53.901641" lon="11.999016">
        <ele>23.2</ele>
      </trkpt>
      <trkpt lat="53.901835" lon="11.999253">
        <ele>22.9</ele>
      </trkpt>
      <trkpt lat="53.901990" lon="11.999593">
        <ele>22.4</ele>
      </trkpt>
      <trkpt lat="53.902325" lon="12.000125">
        <ele>21.9</ele>
      </trkpt>
      <trkpt lat="53.902933" lon="12.000776">
        <ele>21.9</ele>
      </trkpt>
      <trkpt lat="53.903338" lon="12.001389">
        <ele>22.2</ele>
      </trkpt>
      <trkpt lat="53.903587" lon="12.001879">
        <ele>22.8</ele>
      </trkpt>
      <trkpt lat="53.903963" lon="12.002387">
        <ele>22.9</ele>
      </trkpt>
      <trkpt lat="53.904048" lon="12.002351">
        <ele>23</ele>
      </trkpt>
      <trkpt lat="53.904288" lon="12.001975">
        <ele>23</ele>
      </trkpt>
      <trkpt lat="53.905118" lon="12.001070">
        <ele>23.9</ele>
      </trkpt>
      <trkpt lat="53.905458" lon="12.001009">
        <ele>25</ele>
      </trkpt>
      <trkpt lat="53.905832" lon="12.001019">
        <ele>25.5</ele>
      </trkpt>
      <trkpt lat="53.906484" lon="12.000804">
        <ele>25</ele>
      </trkpt>
      <trkpt lat="53.908511" lon="11.999603">
        <ele>25.7</ele>
      </trkpt>
      <trkpt lat="53.909345" lon="11.998991">
        <ele>26.9</ele>
      </trkpt>
      <trkpt lat="53.909640" lon="11.998918">
        <ele>28.8</ele>
      </trkpt>
      <trkpt lat="53.910120" lon="11.999073">
        <ele>32.6</ele>
      </trkpt>
      <trkpt lat="53.910831" lon="11.999842">
        <ele>34.1</ele>
      </trkpt>
      <trkpt lat="53.911354" lon="12.000315">
        <ele>33.7</ele>
      </trkpt>
      <trkpt lat="53.912850" lon="12.001355">
        <ele>33.8</ele>
      </trkpt>
      <trkpt lat="53.915661" lon="12.003091">
        <ele>38.6</ele>
      </trkpt>
      <trkpt lat="53.918577" lon="12.004659">
        <ele>39.2</ele>
      </trkpt>
      <trkpt lat="53.920804" lon="12.005363">
        <ele>39.6</ele>
      </trkpt>
      <trkpt lat="53.922416" lon="12.005081">
        <ele>33.7</ele>
      </trkpt>
      <trkpt lat="53.922972" lon="12.008270">
        <ele>29.4</ele>
      </trkpt>
      <trkpt lat="53.923893" lon="12.009658">
        <ele>29.3</ele>
      </trkpt>
      <trkpt lat="53.925084" lon="12.010586">
        <ele>31.5</ele>
      </trkpt>
      <trkpt lat="53.926678" lon="12.011980">
        <ele>30</ele>
      </trkpt>
      <trkpt lat="53.930509" lon="12.015702">
        <ele>29.7</ele>
      </trkpt>
      <trkpt lat="53.931462" lon="12.016476">
        <ele>27.9</ele>
      </trkpt>
      <trkpt lat="53.931528" lon="12.016565">
        <ele>28.3</ele>
      </trkpt>
      <trkpt lat="53.931550" lon="12.016693">
        <ele>28.3</ele>
      </trkpt>
      <trkpt lat="53.931498" lon="12.016929">
        <ele>28.7</ele>
      </trkpt>
      <trkpt lat="53.931149" lon="12.017604">
        <ele>29.3</ele>
      </trkpt>
      <trkpt lat="53.930804" lon="12.017989">
        <ele>29.4</ele>
      </trkpt>
      <trkpt lat="53.930623" lon="12.018275">
        <ele>29.2</ele>
      </trkpt>
      <trkpt lat="53.930183" lon="12.019591">
        <ele>30.5</ele>
      </trkpt>
      <trkpt lat="53.930040" lon="12.020178">
        <ele>31.6</ele>
      </trkpt>
      <trkpt lat="53.930122" lon="12.020459">
        <ele>32</ele>
      </trkpt>
      <trkpt lat="53.930374" lon="12.020853">
        <ele>32.4</ele>
      </trkpt>
      <trkpt lat="53.930828" lon="12.021350">
        <ele>33.5</ele>
      </trkpt>
      <trkpt lat="53.931111" lon="12.021937">
        <ele>34.2</ele>
      </trkpt>
      <trkpt lat="53.931732" lon="12.029461">
        <ele>40.6</ele>
      </trkpt>
      <trkpt lat="53.933231" lon="12.033936">
        <ele>51.8</ele>
      </trkpt>
      <trkpt lat="53.933680" lon="12.036230">
        <ele>47</ele>
      </trkpt>
      <trkpt lat="53.934381" lon="12.039316">
        <ele>43.9</ele>
      </trkpt>
      <trkpt lat="53.935115" lon="12.041402">
        <ele>41.8</ele>
      </trkpt>
      <trkpt lat="53.935436" lon="12.042966">
        <ele>35.7</ele>
      </trkpt>
      <trkpt lat="53.935863" lon="12.046123">
        <ele>29.5</ele>
      </trkpt>
      <trkpt lat="53.936307" lon="12.048104">
        <ele>26.4</ele>
      </trkpt>
      <trkpt lat="53.936481" lon="12.049032">
        <ele>26.1</ele>
      </trkpt>
      <trkpt lat="53.936934" lon="12.053085">
        <ele>24.8</ele>
      </trkpt>
      <trkpt lat="53.937712" lon="12.057230">
        <ele>30.3</ele>
      </trkpt>
      <trkpt lat="53.938183" lon="12.060727">
        <ele>45.1</ele>
      </trkpt>
      <trkpt lat="53.938068" lon="12.064920">
        <ele>32.1</ele>
      </trkpt>
      <trkpt lat="53.938102" lon="12.065573">
        <ele>29.1</ele>
      </trkpt>
      <trkpt lat="53.938373" lon="12.067490">
        <ele>22.9</ele>
      </trkpt>
      <trkpt lat="53.938388" lon="12.069383">
        <ele>20.6</ele>
      </trkpt>
      <trkpt lat="53.938367" lon="12.071806">
        <ele>18.7</ele>
      </trkpt>
      <trkpt lat="53.938159" lon="12.075101">
        <ele>19.9</ele>
      </trkpt>
      <trkpt lat="53.938549" lon="12.077907">
        <ele>16.1</ele>
      </trkpt>
      <trkpt lat="53.938589" lon="12.078062">
        <ele>15.6</ele>
      </trkpt>
      <trkpt lat="53.939356" lon="12.079900">
        <ele>16.1</ele>
      </trkpt>
      <trkpt lat="53.939477" lon="12.080356">
        <ele>14.8</ele>
      </trkpt>
      <trkpt lat="53.939460" lon="12.080974">
        <ele>11.7</ele>
      </trkpt>
      <trkpt lat="53.939350" lon="12.081588">
        <ele>10.2</ele>
      </trkpt>
      <trkpt lat="53.937952" lon="12.086563">
        <ele>7.5</ele>
      </trkpt>
      <trkpt lat="53.936186" lon="12.091150">
        <ele>5.7</ele>
      </trkpt>
      <trkpt lat="53.935905" lon="12.092100">
        <ele>5.1</ele>
      </trkpt>
      <trkpt lat="53.935682" lon="12.093675">
        <ele>4.4</ele>
      </trkpt>
      <trkpt lat="53.935231" lon="12.095315">
        <ele>4.1</ele>
      </trkpt>
      <trkpt lat="53.935436" lon="12.097476">
        <ele>3.1</ele>
      </trkpt>
      <trkpt lat="53.935654" lon="12.098330">
        <ele>2.2</ele>
      </trkpt>
      <trkpt lat="53.936278" lon="12.100489">
        <ele>2.2</ele>
      </trkpt>
      <trkpt lat="53.936399" lon="12.100775">
        <ele>2.1</ele>
      </trkpt>
      <trkpt lat="53.937566" lon="12.101476">
        <ele>3.1</ele>
      </trkpt>
      <trkpt lat="53.938022" lon="12.101640">
        <ele>3.5</ele>
      </trkpt>
      <trkpt lat="53.938293" lon="12.101626">
        <ele>3.4</ele>
      </trkpt>
      <trkpt lat="53.938401" lon="12.101332">
        <ele>3.5</ele>
      </trkpt>
      <trkpt lat="53.939246" lon="12.098274">
        <ele>2.1</ele>
      </trkpt>
      <trkpt lat="53.939231" lon="12.097312">
        <ele>3</ele>
      </trkpt>
      <trkpt lat="53.939131" lon="12.096516">
        <ele>5</ele>
      </trkpt>
      <trkpt lat="53.939038" lon="12.096086">
        <ele>5.9</ele>
      </trkpt>
      <trkpt lat="53.939041" lon="12.095657">
        <ele>8.3</ele>
      </trkpt>
      <trkpt lat="53.939208" lon="12.095496">
        <ele>9.9</ele>
      </trkpt>
      <trkpt lat="53.939593" lon="12.095403">
        <ele>10.2</ele>
      </trkpt>
      <trkpt lat="53.939755" lon="12.095451">
        <ele>10.3</ele>
      </trkpt>
      <trkpt lat="53.940049" lon="12.095661">
        <ele>10</ele>
      </trkpt>
      <trkpt lat="53.941550" lon="12.097572">
        <ele>6.2</ele>
      </trkpt>
      <trkpt lat="53.942025" lon="12.099236">
        <ele>5.9</ele>
      </trkpt>
      <trkpt lat="53.942113" lon="12.099457">
        <ele>5.6</ele>
      </trkpt>
      <trkpt lat="53.942466" lon="12.100099">
        <ele>5.1</ele>
      </trkpt>
      <trkpt lat="53.942883" lon="12.100665">
        <ele>4.1</ele>
      </trkpt>
      <trkpt lat="53.942996" lon="12.101400">
        <ele>3.5</ele>
      </trkpt>
      <trkpt lat="53.943062" lon="12.101609">
        <ele>3.2</ele>
      </trkpt>
      <trkpt lat="53.943169" lon="12.101737">
        <ele>2.9</ele>
      </trkpt>
      <trkpt lat="53.945255" lon="12.101761">
        <ele>5.4</ele>
      </trkpt>
      <trkpt lat="53.945803" lon="12.101801">
        <ele>5.5</ele>
      </trkpt>
      <trkpt lat="53.946699" lon="12.101956">
        <ele>4.2</ele>
      </trkpt>
      <trkpt lat="53.948409" lon="12.102515">
        <ele>4.3</ele>
      </trkpt>
      <trkpt lat="53.949719" lon="12.103270">
        <ele>3.4</ele>
      </trkpt>
      <trkpt lat="53.950519" lon="12.103606">
        <ele>3.5</ele>
      </trkpt>
      <trkpt lat="53.950870" lon="12.103607">
        <ele>3.1</ele>
      </trkpt>
      <trkpt lat="53.951591" lon="12.103289">
        <ele>2.9</ele>
      </trkpt>
      <trkpt lat="53.951967" lon="12.103345">
        <ele>2.8</ele>
      </trkpt>
      <trkpt lat="53.952337" lon="12.103474">
        <ele>3.8</ele>
      </trkpt>
      <trkpt lat="53.952569" lon="12.103641">
        <ele>4.2</ele>
      </trkpt>
      <trkpt lat="53.953289" lon="12.104629">
        <ele>4.6</ele>
      </trkpt>
      <trkpt lat="53.953578" lon="12.104924">
        <ele>4.7</ele>
      </trkpt>
      <trkpt lat="53.953790" lon="12.105060">
        <ele>4.3</ele>
      </trkpt>
      <trkpt lat="53.954641" lon="12.105052">
        <ele>5.7</ele>
      </trkpt>
      <trkpt lat="53.955094" lon="12.104985">
        <ele>5.6</ele>
      </trkpt>
      <trkpt lat="53.955902" lon="12.104752">
        <ele>6.1</ele>
      </trkpt>
      <trkpt lat="53.957132" lon="12.104242">
        <ele>6.4</ele>
      </trkpt>
      <trkpt lat="53.957574" lon="12.103919">
        <ele>7.5</ele>
      </trkpt>
      <trkpt lat="53.958542" lon="12.102883">
        <ele>12.6</ele>
      </trkpt>
      <trkpt lat="53.958672" lon="12.102829">
        <ele>13.6</ele>
      </trkpt>
      <trkpt lat="53.958811" lon="12.102814">
        <ele>14.8</ele>
      </trkpt>
      <trkpt lat="53.959044" lon="12.102904">
        <ele>17.2</ele>
      </trkpt>
      <trkpt lat="53.959896" lon="12.103556">
        <ele>19.6</ele>
      </trkpt>
      <trkpt lat="53.960325" lon="12.103785">
        <ele>20.4</ele>
      </trkpt>
      <trkpt lat="53.960610" lon="12.103736">
        <ele>20.8</ele>
      </trkpt>
      <trkpt lat="53.961144" lon="12.103456">
        <ele>21.2</ele>
      </trkpt>
      <trkpt lat="53.961464" lon="12.103178">
        <ele>21</ele>
      </trkpt>
      <trkpt lat="53.962014" lon="12.102797">
        <ele>21</ele>
      </trkpt>
      <trkpt lat="53.962439" lon="12.102408">
        <ele>20.4</ele>
      </trkpt>
      <trkpt lat="53.962708" lon="12.102247">
        <ele>20</ele>
      </trkpt>
      <trkpt lat="53.963135" lon="12.102074">
        <ele>19</ele>
      </trkpt>
      <trkpt lat="53.964022" lon="12.101876">
        <ele>17.1</ele>
      </trkpt>
      <trkpt lat="53.964328" lon="12.101727">
        <ele>16.7</ele>
      </trkpt>
      <trkpt lat="53.964438" lon="12.101646">
        <ele>17.3</ele>
      </trkpt>
      <trkpt lat="53.965205" lon="12.100767">
        <ele>19.9</ele>
      </trkpt>
      <trkpt lat="53.965544" lon="12.100715">
        <ele>22.1</ele>
      </trkpt>
      <trkpt lat="53.965739" lon="12.100772">
        <ele>22.5</ele>
      </trkpt>
      <trkpt lat="53.967221" lon="12.101778">
        <ele>20.5</ele>
      </trkpt>
      <trkpt lat="53.968261" lon="12.102273">
        <ele>17.9</ele>
      </trkpt>
      <trkpt lat="53.968573" lon="12.102339">
        <ele>17.6</ele>
      </trkpt>
      <trkpt lat="53.969832" lon="12.102328">
        <ele>18.3</ele>
      </trkpt>
      <trkpt lat="53.970528" lon="12.102001">
        <ele>18.9</ele>
      </trkpt>
      <trkpt lat="53.971261" lon="12.101834">
        <ele>19.7</ele>
      </trkpt>
      <trkpt lat="53.973563" lon="12.101518">
        <ele>25.8</ele>
      </trkpt>
      <trkpt lat="53.974591" lon="12.101314">
        <ele>26.7</ele>
      </trkpt>
      <trkpt lat="53.974832" lon="12.101214">
        <ele>26.5</ele>
      </trkpt>
      <trkpt lat="53.976397" lon="12.101029">
        <ele>25.1</ele>
      </trkpt>
      <trkpt lat="53.977083" lon="12.101256">
        <ele>24.5</ele>
      </trkpt>
      <trkpt lat="53.978152" lon="12.101916">
        <ele>26.1</ele>
      </trkpt>
      <trkpt lat="53.979641" lon="12.102628">
        <ele>23</ele>
      </trkpt>
      <trkpt lat="53.980834" lon="12.103511">
        <ele>18.4</ele>
      </trkpt>
      <trkpt lat="53.981753" lon="12.104300">
        <ele>16.6</ele>
      </trkpt>
      <trkpt lat="53.982835" lon="12.105109">
        <ele>15.4</ele>
      </trkpt>
      <trkpt lat="53.983958" lon="12.106131">
        <ele>10.9</ele>
      </trkpt>
      <trkpt lat="53.984270" lon="12.106339">
        <ele>10.5</ele>
      </trkpt>
      <trkpt lat="53.984464" lon="12.106379">
        <ele>10.3</ele>
      </trkpt>
      <trkpt lat="53.984765" lon="12.106250">
        <ele>10.2</ele>
      </trkpt>
      <trkpt lat="53.985130" lon="12.105936">
        <ele>10.9</ele>
      </trkpt>
      <trkpt lat="53.985168" lon="12.105536">
        <ele>10.9</ele>
      </trkpt>
      <trkpt lat="53.985305" lon="12.105316">
        <ele>11.4</ele>
      </trkpt>
      <trkpt lat="53.985664" lon="12.104884">
        <ele>12.7</ele>
      </trkpt>
      <trkpt lat="53.986082" lon="12.104565">
        <ele>14.1</ele>
      </trkpt>
      <trkpt lat="53.986358" lon="12.104426">
        <ele>14.6</ele>
      </trkpt>
      <trkpt lat="53.987410" lon="12.104534">
        <ele>17.7</ele>
      </trkpt>
      <trkpt lat="53.987909" lon="12.104369">
        <ele>18.6</ele>
      </trkpt>
      <trkpt lat="53.988332" lon="12.104104">
        <ele>18.8</ele>
      </trkpt>
      <trkpt lat="53.988937" lon="12.103611">
        <ele>20.4</ele>
      </trkpt>
      <trkpt lat="53.989528" lon="12.103017">
        <ele>21.2</ele>
      </trkpt>
      <trkpt lat="53.989994" lon="12.102616">
        <ele>21.4</ele>
      </trkpt>
      <trkpt lat="53.990843" lon="12.102039">
        <ele>21.3</ele>
      </trkpt>
      <trkpt lat="53.991251" lon="12.101893">
        <ele>21</ele>
      </trkpt>
      <trkpt lat="53.991715" lon="12.101628">
        <ele>21.3</ele>
      </trkpt>
      <trkpt lat="53.993537" lon="12.100304">
        <ele>25.5</ele>
      </trkpt>
      <trkpt lat="53.993805" lon="12.100076">
        <ele>26.5</ele>
      </trkpt>
      <trkpt lat="53.995343" lon="12.098196">
        <ele>32.1</ele>
      </trkpt>
      <trkpt lat="53.997204" lon="12.097024">
        <ele>31.2</ele>
      </trkpt>
      <trkpt lat="53.998193" lon="12.095882">
        <ele>31.3</ele>
      </trkpt>
      <trkpt lat="53.998538" lon="12.095611">
        <ele>31.7</ele>
      </trkpt>
      <trkpt lat="54.001147" lon="12.094859">
        <ele>35.7</ele>
      </trkpt>
      <trkpt lat="54.005146" lon="12.094795">
        <ele>39.3</ele>
      </trkpt>
      <trkpt lat="54.006061" lon="12.094996">
        <ele>39.2</ele>
      </trkpt>
      <trkpt lat="54.006532" lon="12.095160">
        <ele>38.7</ele>
      </trkpt>
      <trkpt lat="54.007073" lon="12.095474">
        <ele>38.8</ele>
      </trkpt>
      <trkpt lat="54.007325" lon="12.095674">
        <ele>38.8</ele>
      </trkpt>
      <trkpt lat="54.007583" lon="12.095956">
        <ele>38.6</ele>
      </trkpt>
      <trkpt lat="54.008770" lon="12.097452">
        <ele>36.6</ele>
      </trkpt>
      <trkpt lat="54.008903" lon="12.097602">
        <ele>36.3</ele>
      </trkpt>
      <trkpt lat="54.009054" lon="12.097695">
        <ele>35.7</ele>
      </trkpt>
      <trkpt lat="54.011073" lon="12.098470">
        <ele>36.2</ele>
      </trkpt>
      <trkpt lat="54.011554" lon="12.098491">
        <ele>35.5</ele>
      </trkpt>
      <trkpt lat="54.011595" lon="12.098579">
        <ele>35.4</ele>
      </trkpt>
      <trkpt lat="54.011650" lon="12.098602">
        <ele>35.4</ele>
      </trkpt>
      <trkpt lat="54.013724" lon="12.098540">
        <ele>34.1</ele>
      </trkpt>
      <trkpt lat="54.016567" lon="12.098362">
        <ele>32.7</ele>
      </trkpt>
      <trkpt lat="54.018406" lon="12.097154">
        <ele>30.4</ele>
      </trkpt>
      <trkpt lat="54.018504" lon="12.096940">
        <ele>30.6</ele>
      </trkpt>
      <trkpt lat="54.019357" lon="12.096376">
        <ele>30.7</ele>
      </trkpt>
      <trkpt lat="54.019577" lon="12.096255">
        <ele>30.3</ele>
      </trkpt>
      <trkpt lat="54.020009" lon="12.096110">
        <ele>29.8</ele>
      </trkpt>
      <trkpt lat="54.020496" lon="12.096042">
        <ele>28.6</ele>
      </trkpt>
      <trkpt lat="54.020747" lon="12.096067">
        <ele>28.4</ele>
      </trkpt>
      <trkpt lat="54.020753" lon="12.095968">
        <ele>28.2</ele>
      </trkpt>
      <trkpt lat="54.021807" lon="12.096294">
        <ele>29.5</ele>
      </trkpt>
      <trkpt lat="54.022783" lon="12.096748">
        <ele>28.9</ele>
      </trkpt>
      <trkpt lat="54.026135" lon="12.098052">
        <ele>30.9</ele>
      </trkpt>
      <trkpt lat="54.026593" lon="12.098279">
        <ele>31.8</ele>
      </trkpt>
      <trkpt lat="54.026835" lon="12.098154">
        <ele>32.3</ele>
      </trkpt>
      <trkpt lat="54.027494" lon="12.098547">
        <ele>33.1</ele>
      </trkpt>
      <trkpt lat="54.027647" lon="12.098724">
        <ele>33.7</ele>
      </trkpt>
      <trkpt lat="54.027745" lon="12.098983">
        <ele>34</ele>
      </trkpt>
      <trkpt lat="54.029052" lon="12.100053">
        <ele>37</ele>
      </trkpt>
      <trkpt lat="54.029214" lon="12.100142">
        <ele>37</ele>
      </trkpt>
      <trkpt lat="54.029354" lon="12.100072">
        <ele>37.6</ele>
      </trkpt>
      <trkpt lat="54.030814" lon="12.098853">
        <ele>39.8</ele>
      </trkpt>
      <trkpt lat="54.031118" lon="12.098495">
        <ele>39.8</ele>
      </trkpt>
      <trkpt lat="54.031470" lon="12.098570">
        <ele>39.8</ele>
      </trkpt>
      <trkpt lat="54.031749" lon="12.098778">
        <ele>39.8</ele>
      </trkpt>
      <trkpt lat="54.031981" lon="12.099205">
        <ele>39.8</ele>
      </trkpt>
      <trkpt lat="54.032109" lon="12.099990">
        <ele>39.9</ele>
      </trkpt>
      <trkpt lat="54.032730" lon="12.099743">
        <ele>40.3</ele>
      </trkpt>
      <trkpt lat="54.033124" lon="12.099672">
        <ele>40.7</ele>
      </trkpt>
      <trkpt lat="54.033676" lon="12.099617">
        <ele>40.8</ele>
      </trkpt>
      <trkpt lat="54.034219" lon="12.099632">
        <ele>40.2</ele>
      </trkpt>
      <trkpt lat="54.034333" lon="12.099694">
        <ele>39.8</ele>
      </trkpt>
      <trkpt lat="54.034421" lon="12.099802">
        <ele>39.8</ele>
      </trkpt>
      <trkpt lat="54.034563" lon="12.099839">
        <ele>39.3</ele>
      </trkpt>
      <trkpt lat="54.035318" lon="12.100310">
        <ele>37.2</ele>
      </trkpt>
      <trkpt lat="54.035916" lon="12.100951">
        <ele>36</ele>
      </trkpt>
      <trkpt lat="54.037033" lon="12.102619">
        <ele>35.6</ele>
      </trkpt>
      <trkpt lat="54.037131" lon="12.102340">
        <ele>35.6</ele>
      </trkpt>
      <trkpt lat="54.040125" lon="12.096703">
        <ele>36.2</ele>
      </trkpt>
      <trkpt lat="54.042520" lon="12.092329">
        <ele>39.9</ele>
      </trkpt>
      <trkpt lat="54.042647" lon="12.092147">
        <ele>39.6</ele>
      </trkpt>
      <trkpt lat="54.042886" lon="12.092086">
        <ele>39.9</ele>
      </trkpt>
      <trkpt lat="54.043601" lon="12.092362">
        <ele>40.6</ele>
      </trkpt>
      <trkpt lat="54.046224" lon="12.095588">
        <ele>38.6</ele>
      </trkpt>
      <trkpt lat="54.046423" lon="12.095822">
        <ele>38.6</ele>
      </trkpt>
      <trkpt lat="54.046682" lon="12.096036">
        <ele>39</ele>
      </trkpt>
      <trkpt lat="54.048562" lon="12.096892">
        <ele>41.1</ele>
      </trkpt>
      <trkpt lat="54.050726" lon="12.097795">
        <ele>37</ele>
      </trkpt>
      <trkpt lat="54.054149" lon="12.098744">
        <ele>39.6</ele>
      </trkpt>
      <trkpt lat="54.055451" lon="12.099152">
        <ele>38.3</ele>
      </trkpt>
      <trkpt lat="54.056117" lon="12.099552">
        <ele>38.5</ele>
      </trkpt>
      <trkpt lat="54.059668" lon="12.102345">
        <ele>37.4</ele>
      </trkpt>
      <trkpt lat="54.061284" lon="12.103535">
        <ele>40.2</ele>
      </trkpt>
      <trkpt lat="54.061468" lon="12.103651">
        <ele>39.9</ele>
      </trkpt>
      <trkpt lat="54.062037" lon="12.103576">
        <ele>39.4</ele>
      </trkpt>
      <trkpt lat="54.062470" lon="12.103757">
        <ele>38.4</ele>
      </trkpt>
      <trkpt lat="54.062635" lon="12.103889">
        <ele>38.1</ele>
      </trkpt>
      <trkpt lat="54.063574" lon="12.104988">
        <ele>35.4</ele>
      </trkpt>
      <trkpt lat="54.068343" lon="12.110320">
        <ele>27</ele>
      </trkpt>
      <trkpt lat="54.071033" lon="12.111307">
        <ele>29.8</ele>
      </trkpt>
      <trkpt lat="54.072140" lon="12.111757">
        <ele>30.7</ele>
      </trkpt>
      <trkpt lat="54.072027" lon="12.114028">
        <ele>28.8</ele>
      </trkpt>
      <trkpt lat="54.071951" lon="12.116524">
        <ele>26.7</ele>
      </trkpt>
      <trkpt lat="54.072000" lon="12.116891">
        <ele>26.5</ele>
      </trkpt>
      <trkpt lat="54.072170" lon="12.117641">
        <ele>26.5</ele>
      </trkpt>
      <trkpt lat="54.072433" lon="12.118521">
        <ele>26.1</ele>
      </trkpt>
      <trkpt lat="54.073019" lon="12.119718">
        <ele>26.1</ele>
      </trkpt>
      <trkpt lat="54.073206" lon="12.120029">
        <ele>25.9</ele>
      </trkpt>
      <trkpt lat="54.073781" lon="12.120767">
        <ele>24.6</ele>
      </trkpt>
      <trkpt lat="54.074211" lon="12.121246">
        <ele>22.8</ele>
      </trkpt>
      <trkpt lat="54.074841" lon="12.121855">
        <ele>20.1</ele>
      </trkpt>
      <trkpt lat="54.076799" lon="12.123577">
        <ele>15.7</ele>
      </trkpt>
      <trkpt lat="54.080260" lon="12.126381">
        <ele>12</ele>
      </trkpt>
      <trkpt lat="54.081384" lon="12.127339">
        <ele>13.5</ele>
      </trkpt>
      <trkpt lat="54.081845" lon="12.127548">
        <ele>13.4</ele>
      </trkpt>
      <trkpt lat="54.082268" lon="12.127505">
        <ele>12.8</ele>
      </trkpt>
      <trkpt lat="54.082790" lon="12.127319">
        <ele>12.6</ele>
      </trkpt>
      <trkpt lat="54.085261" lon="12.126196">
        <ele>9.3</ele>
      </trkpt>
      <trkpt lat="54.085834" lon="12.126089">
        <ele>11.6</ele>
      </trkpt>
      <trkpt lat="54.086513" lon="12.126092">
        <ele>15.6</ele>
      </trkpt>
      <trkpt lat="54.087046" lon="12.126217">
        <ele>14.4</ele>
      </trkpt>
      <trkpt lat="54.087641" lon="12.126509">
        <ele>12.9</ele>
      </trkpt>
      <trkpt lat="54.087890" lon="12.126833">
        <ele>13.5</ele>
      </trkpt>
      <trkpt lat="54.088064" lon="12.127204">
        <ele>13.8</ele>
      </trkpt>
      <trkpt lat="54.088314" lon="12.127506">
        <ele>13.9</ele>
      </trkpt>
      <trkpt lat="54.088516" lon="12.127605">
        <ele>13.9</ele>
      </trkpt>
      <trkpt lat="54.089448" lon="12.127688">
        <ele>11.8</ele>
      </trkpt>
      <trkpt lat="54.090569" lon="12.128322">
        <ele>6.7</ele>
      </trkpt>
      <trkpt lat="54.090907" lon="12.128631">
        <ele>5.2</ele>
      </trkpt>
      <trkpt lat="54.091263" lon="12.129345">
        <ele>3</ele>
      </trkpt>
      <trkpt lat="54.091490" lon="12.129709">
        <ele>2.1</ele>
      </trkpt>
      <trkpt lat="54.091719" lon="12.129864">
        <ele>0.9</ele>
      </trkpt>
      <trkpt lat="54.092002" lon="12.129899">
        <ele>0.6</ele>
      </trkpt>
      <trkpt lat="54.091972" lon="12.131626">
        <ele>0.1</ele>
      </trkpt>
      <trkpt lat="54.091985" lon="12.132695">
        <ele>1</ele>
      </trkpt>
      <trkpt lat="54.092227" lon="12.134544">
        <ele>0.2</ele>
      </trkpt>
      <trkpt lat="54.092406" lon="12.136202">
        <ele>-0.8</ele>
      </trkpt>
      <trkpt lat="54.092483" lon="12.137627">
        <ele>-0.2</ele>
      </trkpt>
      <trkpt lat="54.092418" lon="12.140598">
        <ele>0.3</ele>
      </trkpt>
      <trkpt lat="54.092397" lon="12.143954">
        <ele>2.2</ele>
      </trkpt>
      <trkpt lat="54.092346" lon="12.145435">
        <ele>1.3</ele>
      </trkpt>
      <trkpt lat="54.092127" lon="12.146655">
        <ele>2.8</ele>
      </trkpt>
      <trkpt lat="54.091916" lon="12.147494">
        <ele>2.7</ele>
      </trkpt>
      <trkpt lat="54.091149" lon="12.149903">
        <ele>1.4</ele>
      </trkpt>
      <trkpt lat="54.090940" lon="12.150921">
        <ele>0.5</ele>
      </trkpt>
      <trkpt lat="54.091511" lon="12.151226">
        <ele>1</ele>
      </trkpt>
      <trkpt lat="54.091676" lon="12.152212">
        <ele>1</ele>
      </trkpt>
      <trkpt lat="54.092057" lon="12.155191">
        <ele>0.1</ele>
      </trkpt>
      <trkpt lat="54.092153" lon="12.155722">
        <ele>0.2</ele>
      </trkpt>
      <trkpt lat="54.092205" lon="12.156718">
        <ele>0.9</ele>
      </trkpt>
      <trkpt lat="54.092330" lon="12.156683">
        <ele>0.7</ele>
      </trkpt>
      <trkpt lat="54.092396" lon="12.156718">
        <ele>0.8</ele>
      </trkpt>
      <trkpt lat="54.092821" lon="12.157303">
        <ele>0.8</ele>
      </trkpt>
      <trkpt lat="54.093072" lon="12.157585">
        <ele>0.9</ele>
      </trkpt>
      <trkpt lat="54.093314" lon="12.157769">
        <ele>0.8</ele>
      </trkpt>
      <trkpt lat="54.093573" lon="12.157904">
        <ele>0.8</ele>
      </trkpt>
      <trkpt lat="54.093921" lon="12.157971">
        <ele>0.8</ele>
      </trkpt>
      <trkpt lat="54.095224" lon="12.157897">
        <ele>0.5</ele>
      </trkpt>
      <trkpt lat="54.096190" lon="12.157733">
        <ele>0.8</ele>
      </trkpt>
      <trkpt lat="54.099274" lon="12.156742">
        <ele>3.1</ele>
      </trkpt>
      <trkpt lat="54.099640" lon="12.156500">
        <ele>4.7</ele>
      </trkpt>
      <trkpt lat="54.099753" lon="12.156373">
        <ele>4.3</ele>
      </trkpt>
      <trkpt lat="54.101431" lon="12.152245">
        <ele>5.1</ele>
      </trkpt>
      <trkpt lat="54.101592" lon="12.151609">
        <ele>5.5</ele>
      </trkpt>
      <trkpt lat="54.102202" lon="12.150115">
        <ele>6.3</ele>
      </trkpt>
      <trkpt lat="54.102447" lon="12.149403">
        <ele>5.7</ele>
      </trkpt>
      <trkpt lat="54.103020" lon="12.146847">
        <ele>6.6</ele>
      </trkpt>
      <trkpt lat="54.103448" lon="12.144745">
        <ele>5.5</ele>
      </trkpt>
      <trkpt lat="54.103624" lon="12.144139">
        <ele>4.7</ele>
      </trkpt>
      <trkpt lat="54.103855" lon="12.143675">
        <ele>4</ele>
      </trkpt>
      <trkpt lat="54.104084" lon="12.143328">
        <ele>3.8</ele>
      </trkpt>
      <trkpt lat="54.104310" lon="12.143081">
        <ele>3</ele>
      </trkpt>
      <trkpt lat="54.104623" lon="12.142841">
        <ele>2.2</ele>
      </trkpt>
      <trkpt lat="54.105709" lon="12.142212">
        <ele>1.9</ele>
      </trkpt>
      <trkpt lat="54.106158" lon="12.141824">
        <ele>0.5</ele>
      </trkpt>
      <trkpt lat="54.106378" lon="12.141508">
        <ele>-0.1</ele>
      </trkpt>
      <trkpt lat="54.106573" lon="12.141092">
        <ele>-0.7</ele>
      </trkpt>
      <trkpt lat="54.106778" lon="12.140536">
        <ele>-0.7</ele>
      </trkpt>
      <trkpt lat="54.106942" lon="12.139728">
        <ele>-0.4</ele>
      </trkpt>
      <trkpt lat="54.106938" lon="12.138692">
        <ele>-1.1</ele>
      </trkpt>
      <trkpt lat="54.106859" lon="12.138031">
        <ele>-2</ele>
      </trkpt>
      <trkpt lat="54.106718" lon="12.137343">
        <ele>-2.6</ele>
      </trkpt>
      <trkpt lat="54.107728" lon="12.136479">
        <ele>-1.3</ele>
      </trkpt>
      <trkpt lat="54.108006" lon="12.136262">
        <ele>-0.4</ele>
      </trkpt>
      <trkpt lat="54.110517" lon="12.134721">
        <ele>1.5</ele>
      </trkpt>
      <trkpt lat="54.113736" lon="12.132754">
        <ele>0.1</ele>
      </trkpt>
      <trkpt lat="54.114184" lon="12.132530">
        <ele>-0.7</ele>
      </trkpt>
      <trkpt lat="54.114279" lon="12.132889">
        <ele>-0.4</ele>
      </trkpt>
      <trkpt lat="54.114624" lon="12.134759">
        <ele>1</ele>
      </trkpt>
      <trkpt lat="54.114954" lon="12.135858">
        <ele>-0.2</ele>
      </trkpt>
      <trkpt lat="54.115148" lon="12.136369">
        <ele>0.1</ele>
      </trkpt>
      <trkpt lat="54.116719" lon="12.139300">
        <ele>5.2</ele>
      </trkpt>
      <trkpt lat="54.116863" lon="12.139083">
        <ele>5.2</ele>
      </trkpt>
      <trkpt lat="54.117085" lon="12.138876">
        <ele>5.1</ele>
      </trkpt>
      <trkpt lat="54.117412" lon="12.138421">
        <ele>4.8</ele>
      </trkpt>
      <trkpt lat="54.118237" lon="12.137791">
        <ele>5.2</ele>
      </trkpt>
      <trkpt lat="54.118863" lon="12.137601">
        <ele>7.1</ele>
      </trkpt>
      <trkpt lat="54.119095" lon="12.137459">
        <ele>7.5</ele>
      </trkpt>
      <trkpt lat="54.119720" lon="12.136682">
        <ele>7</ele>
      </trkpt>
      <trkpt lat="54.120483" lon="12.135910">
        <ele>5.3</ele>
      </trkpt>
      <trkpt lat="54.121241" lon="12.135514">
        <ele>4.3</ele>
      </trkpt>
      <trkpt lat="54.122130" lon="12.135339">
        <ele>3.2</ele>
      </trkpt>
      <trkpt lat="54.122724" lon="12.135171">
        <ele>3.5</ele>
      </trkpt>
      <trkpt lat="54.122922" lon="12.135069">
        <ele>3.8</ele>
      </trkpt>
      <trkpt lat="54.123059" lon="12.134856">
        <ele>4.4</ele>
      </trkpt>
      <trkpt lat="54.124342" lon="12.132234">
        <ele>4.8</ele>
      </trkpt>
      <trkpt lat="54.125119" lon="12.131039">
        <ele>3.5</ele>
      </trkpt>
      <trkpt lat="54.126155" lon="12.129549">
        <ele>2.5</ele>
      </trkpt>
      <trkpt lat="54.129879" lon="12.125503">
        <ele>4.1</ele>
      </trkpt>
      <trkpt lat="54.130530" lon="12.125033">
        <ele>3.7</ele>
      </trkpt>
      <trkpt lat="54.131770" lon="12.123046">
        <ele>3.1</ele>
      </trkpt>
      <trkpt lat="54.133920" lon="12.120000">
        <ele>3.1</ele>
      </trkpt>
      <trkpt lat="54.134404" lon="12.119061">
        <ele>2.9</ele>
      </trkpt>
      <trkpt lat="54.134572" lon="12.118542">
        <ele>2.6</ele>
      </trkpt>
      <trkpt lat="54.135688" lon="12.118788">
        <ele>3.5</ele>
      </trkpt>
      <trkpt lat="54.135952" lon="12.118904">
        <ele>3.4</ele>
      </trkpt>
      <trkpt lat="54.135997" lon="12.119024">
        <ele>3.4</ele>
      </trkpt>
      <trkpt lat="54.136019" lon="12.119301">
        <ele>3.5</ele>
      </trkpt>
      <trkpt lat="54.136014" lon="12.119736">
        <ele>3.6</ele>
      </trkpt>
      <trkpt lat="54.136046" lon="12.120153">
        <ele>3.8</ele>
      </trkpt>
      <trkpt lat="54.136143" lon="12.120498">
        <ele>3.8</ele>
      </trkpt>
      <trkpt lat="54.135875" lon="12.120924">
        <ele>3.9</ele>
      </trkpt>
      <trkpt lat="54.136140" lon="12.120620">
        <ele>3.9</ele>
      </trkpt>
      <trkpt lat="54.137451" lon="12.119657">
        <ele>3.1</ele>
      </trkpt>
      <trkpt lat="54.138016" lon="12.118898">
        <ele>3.6</ele>
      </trkpt>
      <trkpt lat="54.138417" lon="12.117865">
        <ele>3.6</ele>
      </trkpt>
      <trkpt lat="54.138658" lon="12.116848">
        <ele>3.3</ele>
      </trkpt>
      <trkpt lat="54.138792" lon="12.116824">
        <ele>3.1</ele>
      </trkpt>
      <trkpt lat="54.139101" lon="12.116986">
        <ele>2.9</ele>
      </trkpt>
      <trkpt lat="54.139191" lon="12.117187">
        <ele>2.9</ele>
      </trkpt>
      <trkpt lat="54.138953" lon="12.117516">
        <ele>3</ele>
      </trkpt>
      <trkpt lat="54.138888" lon="12.117730">
        <ele>3.1</ele>
      </trkpt>
      <trkpt lat="54.138943" lon="12.117952">
        <ele>2.9</ele>
      </trkpt>
      <trkpt lat="54.139016" lon="12.118057">
        <ele>2.9</ele>
      </trkpt>
      <trkpt lat="54.139105" lon="12.118068">
        <ele>2.8</ele>
      </trkpt>
      <trkpt lat="54.139230" lon="12.117974">
        <ele>2.8</ele>
      </trkpt>
      <trkpt lat="54.139314" lon="12.117678">
        <ele>2.8</ele>
      </trkpt>
      <trkpt lat="54.139316" lon="12.117507">
        <ele>2.8</ele>
      </trkpt>
      <trkpt lat="54.139191" lon="12.117187">
        <ele>2.9</ele>
      </trkpt>
      <trkpt lat="54.139336" lon="12.116919">
        <ele>2.9</ele>
      </trkpt>
      <trkpt lat="54.139422" lon="12.116665">
        <ele>3</ele>
      </trkpt>
      <trkpt lat="54.139422" lon="12.116292">
        <ele>3.3</ele>
      </trkpt>
      <trkpt lat="54.139334" lon="12.115518">
        <ele>4.1</ele>
      </trkpt>
      <trkpt lat="54.139314" lon="12.115004">
        <ele>4.6</ele>
      </trkpt>
      <trkpt lat="54.139357" lon="12.114287">
        <ele>5.4</ele>
      </trkpt>
      <trkpt lat="54.139436" lon="12.113781">
        <ele>5.6</ele>
      </trkpt>
      <trkpt lat="54.139554" lon="12.113208">
        <ele>5.4</ele>
      </trkpt>
      <trkpt lat="54.139756" lon="12.112655">
        <ele>4.7</ele>
      </trkpt>
      <trkpt lat="54.140462" lon="12.111379">
        <ele>2.9</ele>
      </trkpt>
      <trkpt lat="54.141234" lon="12.110546">
        <ele>1.9</ele>
      </trkpt>
      <trkpt lat="54.141567" lon="12.110261">
        <ele>2</ele>
      </trkpt>
      <trkpt lat="54.142416" lon="12.109695">
        <ele>4</ele>
      </trkpt>
      <trkpt lat="54.142414" lon="12.109614">
        <ele>4</ele>
      </trkpt>
      <trkpt lat="54.143036" lon="12.109310">
        <ele>3.5</ele>
      </trkpt>
      <trkpt lat="54.144542" lon="12.108750">
        <ele>3.6</ele>
      </trkpt>
      <trkpt lat="54.144378" lon="12.106876">
        <ele>2.9</ele>
      </trkpt>
      <trkpt lat="54.144204" lon="12.103966">
        <ele>2.5</ele>
      </trkpt>
      <trkpt lat="54.144010" lon="12.099925">
        <ele>1.8</ele>
      </trkpt>
      <trkpt lat="54.146577" lon="12.099473">
        <ele>0.6</ele>
      </trkpt>
      <trkpt lat="54.146847" lon="12.099305">
        <ele>1</ele>
      </trkpt>
      <trkpt lat="54.146980" lon="12.099316">
        <ele>1</ele>
      </trkpt>
      <trkpt lat="54.147464" lon="12.099544">
        <ele>1.8</ele>
      </trkpt>
      <trkpt lat="54.147562" lon="12.099458">
        <ele>1.8</ele>
      </trkpt>
      <trkpt lat="54.147740" lon="12.099106">
        <ele>1.8</ele>
      </trkpt>
      <trkpt lat="54.147813" lon="12.099036">
        <ele>1.7</ele>
      </trkpt>
      <trkpt lat="54.148000" lon="12.099047">
        <ele>1.7</ele>
      </trkpt>
      <trkpt lat="54.148274" lon="12.099158">
        <ele>1.5</ele>
      </trkpt>
      <trkpt lat="54.148541" lon="12.099173">
        <ele>1.4</ele>
      </trkpt>
      <trkpt lat="54.151023" lon="12.098834">
        <ele>2.8</ele>
      </trkpt>
      <trkpt lat="54.151087" lon="12.098787">
        <ele>2.8</ele>
      </trkpt>
      <trkpt lat="54.151176" lon="12.098604">
        <ele>2.7</ele>
      </trkpt>
      <trkpt lat="54.151344" lon="12.097871">
        <ele>-2.4</ele>
        <extensions>
          <visugpx:TrkExtension xmlns:visugpx="https://www.visugpx.com/editgpx/">
            <visugpx:node>15</visugpx:node>
          </visugpx:TrkExtension>
        </extensions>
      </trkpt>
    </trkseg>
  </trk>
</gpx>