<?xml version="1.0" encoding="UTF-8" standalone="no" ?>
<gpx xmlns="http://www.topografix.com/GPX/1/1" xmlns:xsi="http://www.w3.org/2001/XMLSchema-instance" xsi:schemaLocation="http://www.topografix.com/GPX/1/1 http://www.topografix.com/GPX/1/1/gpx.xsd" version="1.1" creator="EditGPX">
  <metadata>
    <name>TK29</name>
  </metadata>
  <trk>
    <name><![CDATA[002: Sandvikvåg – Langevåg (DEVELOPED_WITH_SIGNS)]]></name>
    <desc><![CDATA[DEVELOPED_WITH_SIGNS]]></desc>
    <extensions>
      <line xmlns="http://www.topografix.com/GPX/gpx_style/0/2">
        <color>0000FF</color>
        <opacity>1</opacity>
        <width>4</width>
      </line>
    </extensions>
    <trkseg>
      <trkpt lat="59.968310" lon="5.333607">
        <ele>2.4</ele>
        <extensions>
          <visugpx:TrkExtension xmlns:visugpx="https://www.visugpx.com/editgpx/">
            <visugpx:node>1</visugpx:node>
          </visugpx:TrkExtension>
        </extensions>
      </trkpt>
      <trkpt lat="59.968208" lon="5.333595">
        <ele>4.8</ele>
      </trkpt>
      <trkpt lat="59.968113" lon="5.333661">
        <ele>8.6</ele>
      </trkpt>
      <trkpt lat="59.967968" lon="5.333976">
        <ele>13.9</ele>
      </trkpt>
      <trkpt lat="59.967927" lon="5.334436">
        <ele>14.1</ele>
      </trkpt>
      <trkpt lat="59.968266" lon="5.334499">
        <ele>0.5</ele>
      </trkpt>
      <trkpt lat="59.968258" lon="5.334629">
        <ele>0.5</ele>
      </trkpt>
      <trkpt lat="59.968312" lon="5.334702">
        <ele>0.5</ele>
      </trkpt>
      <trkpt lat="59.968231" lon="5.335514">
        <ele>3.7</ele>
      </trkpt>
      <trkpt lat="59.968062" lon="5.335765">
        <ele>10.9</ele>
      </trkpt>
      <trkpt lat="59.967982" lon="5.336085">
        <ele>22.4</ele>
      </trkpt>
      <trkpt lat="59.967738" lon="5.337516">
        <ele>27.3</ele>
      </trkpt>
      <trkpt lat="59.967590" lon="5.338118">
        <ele>28.6</ele>
      </trkpt>
      <trkpt lat="59.967455" lon="5.338479">
        <ele>30.4</ele>
      </trkpt>
      <trkpt lat="59.966838" lon="5.339614">
        <ele>39.9</ele>
      </trkpt>
      <trkpt lat="59.965945" lon="5.340699">
        <ele>42.5</ele>
      </trkpt>
      <trkpt lat="59.965331" lon="5.341589">
        <ele>45.8</ele>
      </trkpt>
      <trkpt lat="59.964936" lon="5.342422">
        <ele>49.4</ele>
      </trkpt>
      <trkpt lat="59.964606" lon="5.341887">
        <ele>57.4</ele>
      </trkpt>
      <trkpt lat="59.964530" lon="5.341347">
        <ele>56</ele>
      </trkpt>
      <trkpt lat="59.964423" lon="5.339093">
        <ele>60.6</ele>
      </trkpt>
      <trkpt lat="59.964328" lon="5.338254">
        <ele>61.2</ele>
      </trkpt>
      <trkpt lat="59.964217" lon="5.337654">
        <ele>56</ele>
      </trkpt>
      <trkpt lat="59.963676" lon="5.335270">
        <ele>62.1</ele>
      </trkpt>
      <trkpt lat="59.963468" lon="5.334527">
        <ele>65.5</ele>
      </trkpt>
      <trkpt lat="59.963341" lon="5.334317">
        <ele>63.9</ele>
      </trkpt>
      <trkpt lat="59.963129" lon="5.334118">
        <ele>61.9</ele>
      </trkpt>
      <trkpt lat="59.962878" lon="5.334083">
        <ele>60.9</ele>
      </trkpt>
      <trkpt lat="59.962143" lon="5.334682">
        <ele>50.3</ele>
      </trkpt>
      <trkpt lat="59.961198" lon="5.335548">
        <ele>39.5</ele>
      </trkpt>
      <trkpt lat="59.961004" lon="5.335637">
        <ele>39.6</ele>
      </trkpt>
      <trkpt lat="59.960817" lon="5.335595">
        <ele>42.8</ele>
      </trkpt>
      <trkpt lat="59.960643" lon="5.335466">
        <ele>41</ele>
      </trkpt>
      <trkpt lat="59.959642" lon="5.333932">
        <ele>44.8</ele>
      </trkpt>
      <trkpt lat="59.958613" lon="5.332216">
        <ele>65.1</ele>
      </trkpt>
      <trkpt lat="59.958173" lon="5.331571">
        <ele>65.5</ele>
      </trkpt>
      <trkpt lat="59.956558" lon="5.329518">
        <ele>56.6</ele>
      </trkpt>
      <trkpt lat="59.955275" lon="5.328128">
        <ele>64.8</ele>
      </trkpt>
      <trkpt lat="59.955313" lon="5.327999">
        <ele>63.6</ele>
      </trkpt>
      <trkpt lat="59.953976" lon="5.326635">
        <ele>55.4</ele>
      </trkpt>
      <trkpt lat="59.953553" lon="5.326428">
        <ele>47.2</ele>
      </trkpt>
      <trkpt lat="59.953314" lon="5.326458">
        <ele>45.6</ele>
      </trkpt>
      <trkpt lat="59.952970" lon="5.326657">
        <ele>45.6</ele>
      </trkpt>
      <trkpt lat="59.951589" lon="5.328263">
        <ele>49</ele>
      </trkpt>
      <trkpt lat="59.951308" lon="5.328531">
        <ele>50.3</ele>
      </trkpt>
      <trkpt lat="59.949870" lon="5.330309">
        <ele>54.5</ele>
      </trkpt>
      <trkpt lat="59.949893" lon="5.330391">
        <ele>54.5</ele>
      </trkpt>
      <trkpt lat="59.947797" lon="5.331611">
        <ele>55</ele>
      </trkpt>
      <trkpt lat="59.944132" lon="5.333950">
        <ele>46.3</ele>
      </trkpt>
      <trkpt lat="59.941599" lon="5.334519">
        <ele>50.6</ele>
      </trkpt>
      <trkpt lat="59.941352" lon="5.334626">
        <ele>50.6</ele>
      </trkpt>
      <trkpt lat="59.941057" lon="5.334852">
        <ele>51.8</ele>
      </trkpt>
      <trkpt lat="59.939099" lon="5.336944">
        <ele>46.2</ele>
      </trkpt>
      <trkpt lat="59.938097" lon="5.337204">
        <ele>47</ele>
      </trkpt>
      <trkpt lat="59.937797" lon="5.337170">
        <ele>48.6</ele>
      </trkpt>
      <trkpt lat="59.937135" lon="5.336618">
        <ele>47.3</ele>
      </trkpt>
      <trkpt lat="59.936637" lon="5.336294">
        <ele>46.5</ele>
      </trkpt>
      <trkpt lat="59.936214" lon="5.336169">
        <ele>47.1</ele>
      </trkpt>
      <trkpt lat="59.933381" lon="5.335655">
        <ele>40.1</ele>
      </trkpt>
      <trkpt lat="59.933386" lon="5.335557">
        <ele>40.1</ele>
      </trkpt>
      <trkpt lat="59.931918" lon="5.335304">
        <ele>43.1</ele>
      </trkpt>
      <trkpt lat="59.931348" lon="5.335148">
        <ele>41.1</ele>
      </trkpt>
      <trkpt lat="59.930820" lon="5.334853">
        <ele>40.5</ele>
      </trkpt>
      <trkpt lat="59.930251" lon="5.334359">
        <ele>35.5</ele>
      </trkpt>
      <trkpt lat="59.929238" lon="5.333212">
        <ele>33</ele>
      </trkpt>
      <trkpt lat="59.928934" lon="5.333019">
        <ele>29.1</ele>
      </trkpt>
      <trkpt lat="59.927675" lon="5.332457">
        <ele>26.4</ele>
      </trkpt>
      <trkpt lat="59.926568" lon="5.332105">
        <ele>27.6</ele>
      </trkpt>
      <trkpt lat="59.924720" lon="5.331853">
        <ele>31.3</ele>
      </trkpt>
      <trkpt lat="59.924651" lon="5.331691">
        <ele>32.1</ele>
      </trkpt>
      <trkpt lat="59.924491" lon="5.331644">
        <ele>32.6</ele>
      </trkpt>
      <trkpt lat="59.924427" lon="5.331790">
        <ele>32.4</ele>
      </trkpt>
      <trkpt lat="59.924379" lon="5.331808">
        <ele>32.9</ele>
      </trkpt>
      <trkpt lat="59.924003" lon="5.331704">
        <ele>33.7</ele>
      </trkpt>
      <trkpt lat="59.923694" lon="5.331704">
        <ele>33.6</ele>
      </trkpt>
      <trkpt lat="59.922291" lon="5.331505">
        <ele>25.2</ele>
      </trkpt>
      <trkpt lat="59.921988" lon="5.331435">
        <ele>23.7</ele>
      </trkpt>
      <trkpt lat="59.921755" lon="5.331313">
        <ele>21.9</ele>
      </trkpt>
      <trkpt lat="59.921335" lon="5.330912">
        <ele>19.6</ele>
      </trkpt>
      <trkpt lat="59.920954" lon="5.330300">
        <ele>17.5</ele>
      </trkpt>
      <trkpt lat="59.920719" lon="5.329842">
        <ele>16.8</ele>
      </trkpt>
      <trkpt lat="59.920515" lon="5.329543">
        <ele>16.6</ele>
      </trkpt>
      <trkpt lat="59.920472" lon="5.329632">
        <ele>16.6</ele>
      </trkpt>
      <trkpt lat="59.920362" lon="5.329419">
        <ele>16.6</ele>
      </trkpt>
      <trkpt lat="59.920247" lon="5.329045">
        <ele>16.9</ele>
      </trkpt>
      <trkpt lat="59.920165" lon="5.328589">
        <ele>17.3</ele>
      </trkpt>
      <trkpt lat="59.920031" lon="5.327109">
        <ele>16.1</ele>
      </trkpt>
      <trkpt lat="59.919993" lon="5.324656">
        <ele>11.8</ele>
      </trkpt>
      <trkpt lat="59.919946" lon="5.323870">
        <ele>10.8</ele>
      </trkpt>
      <trkpt lat="59.919676" lon="5.321719">
        <ele>11.4</ele>
      </trkpt>
      <trkpt lat="59.919403" lon="5.320517">
        <ele>10.7</ele>
      </trkpt>
      <trkpt lat="59.918847" lon="5.318958">
        <ele>7.9</ele>
      </trkpt>
      <trkpt lat="59.918315" lon="5.317585">
        <ele>6.1</ele>
      </trkpt>
      <trkpt lat="59.918116" lon="5.317370">
        <ele>6.8</ele>
      </trkpt>
      <trkpt lat="59.918114" lon="5.317060">
        <ele>6.2</ele>
      </trkpt>
      <trkpt lat="59.917789" lon="5.315617">
        <ele>6.2</ele>
      </trkpt>
      <trkpt lat="59.917689" lon="5.314301">
        <ele>8.1</ele>
      </trkpt>
      <trkpt lat="59.917649" lon="5.305934">
        <ele>13.5</ele>
      </trkpt>
      <trkpt lat="59.917581" lon="5.305331">
        <ele>16.5</ele>
      </trkpt>
      <trkpt lat="59.917485" lon="5.304858">
        <ele>17.9</ele>
      </trkpt>
      <trkpt lat="59.917071" lon="5.303505">
        <ele>20.3</ele>
      </trkpt>
      <trkpt lat="59.916990" lon="5.303174">
        <ele>18.9</ele>
      </trkpt>
      <trkpt lat="59.916910" lon="5.302610">
        <ele>19</ele>
      </trkpt>
      <trkpt lat="59.916894" lon="5.302111">
        <ele>18.5</ele>
      </trkpt>
      <trkpt lat="59.916961" lon="5.301400">
        <ele>15.9</ele>
      </trkpt>
      <trkpt lat="59.917243" lon="5.299828">
        <ele>14.1</ele>
      </trkpt>
      <trkpt lat="59.917253" lon="5.299205">
        <ele>14.3</ele>
      </trkpt>
      <trkpt lat="59.917180" lon="5.298778">
        <ele>16.2</ele>
      </trkpt>
      <trkpt lat="59.916877" lon="5.297685">
        <ele>18.1</ele>
      </trkpt>
      <trkpt lat="59.916289" lon="5.296061">
        <ele>16.3</ele>
      </trkpt>
      <trkpt lat="59.915984" lon="5.295543">
        <ele>18.8</ele>
      </trkpt>
      <trkpt lat="59.915675" lon="5.295202">
        <ele>18.1</ele>
      </trkpt>
      <trkpt lat="59.915448" lon="5.295055">
        <ele>15.5</ele>
      </trkpt>
      <trkpt lat="59.915007" lon="5.294942">
        <ele>15</ele>
      </trkpt>
      <trkpt lat="59.914522" lon="5.294920">
        <ele>15.3</ele>
      </trkpt>
      <trkpt lat="59.914295" lon="5.294970">
        <ele>15.6</ele>
      </trkpt>
      <trkpt lat="59.913610" lon="5.295273">
        <ele>18.5</ele>
      </trkpt>
      <trkpt lat="59.913374" lon="5.295488">
        <ele>21</ele>
      </trkpt>
      <trkpt lat="59.912525" lon="5.296500">
        <ele>25.2</ele>
      </trkpt>
      <trkpt lat="59.910821" lon="5.298662">
        <ele>29.3</ele>
      </trkpt>
      <trkpt lat="59.910287" lon="5.299192">
        <ele>33.5</ele>
      </trkpt>
      <trkpt lat="59.909224" lon="5.299872">
        <ele>32.9</ele>
      </trkpt>
      <trkpt lat="59.908896" lon="5.300343">
        <ele>34.6</ele>
      </trkpt>
      <trkpt lat="59.907988" lon="5.302291">
        <ele>35.6</ele>
      </trkpt>
      <trkpt lat="59.907803" lon="5.302479">
        <ele>34.4</ele>
      </trkpt>
      <trkpt lat="59.907591" lon="5.302600">
        <ele>31.4</ele>
      </trkpt>
      <trkpt lat="59.907132" lon="5.302521">
        <ele>29.8</ele>
      </trkpt>
      <trkpt lat="59.906890" lon="5.302404">
        <ele>29.8</ele>
      </trkpt>
      <trkpt lat="59.906569" lon="5.302115">
        <ele>28.6</ele>
      </trkpt>
      <trkpt lat="59.906349" lon="5.301794">
        <ele>26.9</ele>
      </trkpt>
      <trkpt lat="59.905755" lon="5.300532">
        <ele>28</ele>
      </trkpt>
      <trkpt lat="59.905623" lon="5.300325">
        <ele>27.7</ele>
      </trkpt>
      <trkpt lat="59.904170" lon="5.298672">
        <ele>22.7</ele>
      </trkpt>
      <trkpt lat="59.904004" lon="5.298410">
        <ele>21.9</ele>
      </trkpt>
      <trkpt lat="59.903771" lon="5.297885">
        <ele>18.9</ele>
      </trkpt>
      <trkpt lat="59.903592" lon="5.297782">
        <ele>17.3</ele>
      </trkpt>
      <trkpt lat="59.903400" lon="5.297855">
        <ele>16.4</ele>
      </trkpt>
      <trkpt lat="59.901576" lon="5.299463">
        <ele>13.5</ele>
      </trkpt>
      <trkpt lat="59.899570" lon="5.300403">
        <ele>13.5</ele>
      </trkpt>
      <trkpt lat="59.899349" lon="5.300563">
        <ele>13.9</ele>
      </trkpt>
      <trkpt lat="59.899166" lon="5.300808">
        <ele>13.7</ele>
      </trkpt>
      <trkpt lat="59.898575" lon="5.302418">
        <ele>7.1</ele>
      </trkpt>
      <trkpt lat="59.898078" lon="5.303393">
        <ele>9.2</ele>
      </trkpt>
      <trkpt lat="59.897923" lon="5.303782">
        <ele>11</ele>
      </trkpt>
      <trkpt lat="59.897607" lon="5.304826">
        <ele>12.2</ele>
      </trkpt>
      <trkpt lat="59.897451" lon="5.305172">
        <ele>12.7</ele>
      </trkpt>
      <trkpt lat="59.897256" lon="5.305419">
        <ele>12.3</ele>
      </trkpt>
      <trkpt lat="59.897025" lon="5.305643">
        <ele>13</ele>
      </trkpt>
      <trkpt lat="59.896692" lon="5.305833">
        <ele>15.5</ele>
      </trkpt>
      <trkpt lat="59.894457" lon="5.306370">
        <ele>14</ele>
      </trkpt>
      <trkpt lat="59.894055" lon="5.306510">
        <ele>13.2</ele>
      </trkpt>
      <trkpt lat="59.893799" lon="5.306666">
        <ele>13.6</ele>
      </trkpt>
      <trkpt lat="59.893635" lon="5.306827">
        <ele>13.8</ele>
      </trkpt>
      <trkpt lat="59.893286" lon="5.307380">
        <ele>15.4</ele>
      </trkpt>
      <trkpt lat="59.891920" lon="5.309818">
        <ele>24.9</ele>
      </trkpt>
      <trkpt lat="59.891557" lon="5.310189">
        <ele>28.3</ele>
      </trkpt>
      <trkpt lat="59.888849" lon="5.311876">
        <ele>25.1</ele>
      </trkpt>
      <trkpt lat="59.888522" lon="5.311873">
        <ele>24.7</ele>
      </trkpt>
      <trkpt lat="59.887739" lon="5.311612">
        <ele>24</ele>
      </trkpt>
      <trkpt lat="59.887511" lon="5.311583">
        <ele>23.6</ele>
      </trkpt>
      <trkpt lat="59.886918" lon="5.311667">
        <ele>22</ele>
      </trkpt>
      <trkpt lat="59.886614" lon="5.311636">
        <ele>21.4</ele>
      </trkpt>
      <trkpt lat="59.886364" lon="5.311444">
        <ele>21.2</ele>
      </trkpt>
      <trkpt lat="59.886075" lon="5.311098">
        <ele>21.3</ele>
      </trkpt>
      <trkpt lat="59.885825" lon="5.310944">
        <ele>21.5</ele>
      </trkpt>
      <trkpt lat="59.885657" lon="5.310890">
        <ele>21.5</ele>
      </trkpt>
      <trkpt lat="59.885292" lon="5.310947">
        <ele>24.1</ele>
      </trkpt>
      <trkpt lat="59.884540" lon="5.311294">
        <ele>26</ele>
      </trkpt>
      <trkpt lat="59.884044" lon="5.311726">
        <ele>26.3</ele>
      </trkpt>
      <trkpt lat="59.883626" lon="5.312462">
        <ele>27</ele>
      </trkpt>
      <trkpt lat="59.883434" lon="5.312686">
        <ele>27.3</ele>
      </trkpt>
      <trkpt lat="59.882445" lon="5.313173">
        <ele>35.2</ele>
      </trkpt>
      <trkpt lat="59.882136" lon="5.313497">
        <ele>36</ele>
      </trkpt>
      <trkpt lat="59.880242" lon="5.316011">
        <ele>40.6</ele>
      </trkpt>
      <trkpt lat="59.879534" lon="5.316766">
        <ele>38.5</ele>
      </trkpt>
      <trkpt lat="59.877959" lon="5.318436">
        <ele>36.1</ele>
      </trkpt>
      <trkpt lat="59.876925" lon="5.319094">
        <ele>27.3</ele>
      </trkpt>
      <trkpt lat="59.876641" lon="5.319318">
        <ele>24.2</ele>
      </trkpt>
      <trkpt lat="59.876370" lon="5.319631">
        <ele>20.7</ele>
      </trkpt>
      <trkpt lat="59.876146" lon="5.320002">
        <ele>18.8</ele>
      </trkpt>
      <trkpt lat="59.874505" lon="5.323972">
        <ele>16.1</ele>
      </trkpt>
      <trkpt lat="59.874232" lon="5.324714">
        <ele>17.5</ele>
      </trkpt>
      <trkpt lat="59.874025" lon="5.325043">
        <ele>18.9</ele>
      </trkpt>
      <trkpt lat="59.873421" lon="5.325720">
        <ele>24.6</ele>
      </trkpt>
      <trkpt lat="59.873193" lon="5.326490">
        <ele>28.8</ele>
      </trkpt>
      <trkpt lat="59.873043" lon="5.326833">
        <ele>31.2</ele>
      </trkpt>
      <trkpt lat="59.870352" lon="5.330150">
        <ele>44.6</ele>
      </trkpt>
      <trkpt lat="59.869903" lon="5.330606">
        <ele>44.3</ele>
      </trkpt>
      <trkpt lat="59.869712" lon="5.330665">
        <ele>44.2</ele>
      </trkpt>
      <trkpt lat="59.869562" lon="5.330595">
        <ele>44.1</ele>
      </trkpt>
      <trkpt lat="59.869320" lon="5.330362">
        <ele>45.5</ele>
      </trkpt>
      <trkpt lat="59.869049" lon="5.330265">
        <ele>46.2</ele>
      </trkpt>
      <trkpt lat="59.867651" lon="5.330429">
        <ele>41.6</ele>
      </trkpt>
      <trkpt lat="59.867293" lon="5.331700">
        <ele>35.6</ele>
      </trkpt>
      <trkpt lat="59.867155" lon="5.332367">
        <ele>34.6</ele>
      </trkpt>
      <trkpt lat="59.867233" lon="5.333231">
        <ele>32.4</ele>
      </trkpt>
      <trkpt lat="59.867206" lon="5.333471">
        <ele>32.4</ele>
      </trkpt>
      <trkpt lat="59.867148" lon="5.333587">
        <ele>32.4</ele>
      </trkpt>
      <trkpt lat="59.866894" lon="5.333828">
        <ele>33.4</ele>
      </trkpt>
      <trkpt lat="59.866689" lon="5.334307">
        <ele>34</ele>
      </trkpt>
      <trkpt lat="59.866380" lon="5.335979">
        <ele>36.8</ele>
      </trkpt>
      <trkpt lat="59.866291" lon="5.336342">
        <ele>37.4</ele>
      </trkpt>
      <trkpt lat="59.866158" lon="5.336676">
        <ele>38.3</ele>
      </trkpt>
      <trkpt lat="59.865966" lon="5.336966">
        <ele>39.8</ele>
      </trkpt>
      <trkpt lat="59.865231" lon="5.337644">
        <ele>40.9</ele>
      </trkpt>
      <trkpt lat="59.865043" lon="5.337875">
        <ele>39.4</ele>
      </trkpt>
      <trkpt lat="59.864687" lon="5.338535">
        <ele>34.2</ele>
      </trkpt>
      <trkpt lat="59.864235" lon="5.339726">
        <ele>31.6</ele>
      </trkpt>
      <trkpt lat="59.864065" lon="5.340022">
        <ele>33.7</ele>
      </trkpt>
      <trkpt lat="59.863618" lon="5.340578">
        <ele>35.9</ele>
      </trkpt>
      <trkpt lat="59.862709" lon="5.341387">
        <ele>34</ele>
      </trkpt>
      <trkpt lat="59.862515" lon="5.341771">
        <ele>31.7</ele>
      </trkpt>
      <trkpt lat="59.862439" lon="5.342209">
        <ele>32.1</ele>
      </trkpt>
      <trkpt lat="59.862467" lon="5.342598">
        <ele>34.1</ele>
      </trkpt>
      <trkpt lat="59.862590" lon="5.343059">
        <ele>35.3</ele>
      </trkpt>
      <trkpt lat="59.862729" lon="5.343320">
        <ele>36.4</ele>
      </trkpt>
      <trkpt lat="59.864248" lon="5.345359">
        <ele>45.8</ele>
      </trkpt>
      <trkpt lat="59.864986" lon="5.346706">
        <ele>47</ele>
      </trkpt>
      <trkpt lat="59.865754" lon="5.347765">
        <ele>41.7</ele>
      </trkpt>
      <trkpt lat="59.865901" lon="5.348052">
        <ele>41.3</ele>
      </trkpt>
      <trkpt lat="59.866167" lon="5.348834">
        <ele>41.8</ele>
      </trkpt>
      <trkpt lat="59.866210" lon="5.349099">
        <ele>42.5</ele>
      </trkpt>
      <trkpt lat="59.863066" lon="5.350157">
        <ele>45.5</ele>
      </trkpt>
      <trkpt lat="59.862572" lon="5.350223">
        <ele>44.4</ele>
      </trkpt>
      <trkpt lat="59.858684" lon="5.349763">
        <ele>46.1</ele>
      </trkpt>
      <trkpt lat="59.858403" lon="5.349782">
        <ele>45.5</ele>
      </trkpt>
      <trkpt lat="59.857891" lon="5.350102">
        <ele>41.1</ele>
      </trkpt>
      <trkpt lat="59.857600" lon="5.350203">
        <ele>36.3</ele>
      </trkpt>
      <trkpt lat="59.856430" lon="5.350166">
        <ele>34.4</ele>
      </trkpt>
      <trkpt lat="59.856058" lon="5.350100">
        <ele>39</ele>
      </trkpt>
      <trkpt lat="59.855803" lon="5.349932">
        <ele>42.3</ele>
      </trkpt>
      <trkpt lat="59.855582" lon="5.349680">
        <ele>43</ele>
      </trkpt>
      <trkpt lat="59.855207" lon="5.348888">
        <ele>43.9</ele>
      </trkpt>
      <trkpt lat="59.855056" lon="5.348788">
        <ele>44.9</ele>
      </trkpt>
      <trkpt lat="59.854835" lon="5.348759">
        <ele>44.5</ele>
      </trkpt>
      <trkpt lat="59.852077" lon="5.349847">
        <ele>36.5</ele>
      </trkpt>
      <trkpt lat="59.851398" lon="5.350213">
        <ele>43.6</ele>
      </trkpt>
      <trkpt lat="59.849611" lon="5.351450">
        <ele>56.7</ele>
      </trkpt>
      <trkpt lat="59.849324" lon="5.351707">
        <ele>62.6</ele>
      </trkpt>
      <trkpt lat="59.848095" lon="5.353553">
        <ele>47.8</ele>
      </trkpt>
      <trkpt lat="59.847454" lon="5.354815">
        <ele>60.9</ele>
      </trkpt>
      <trkpt lat="59.847312" lon="5.354980">
        <ele>60.2</ele>
      </trkpt>
      <trkpt lat="59.846802" lon="5.355333">
        <ele>55.3</ele>
      </trkpt>
      <trkpt lat="59.846466" lon="5.355501">
        <ele>51</ele>
      </trkpt>
      <trkpt lat="59.845700" lon="5.355480">
        <ele>43.4</ele>
      </trkpt>
      <trkpt lat="59.844717" lon="5.355717">
        <ele>42.2</ele>
      </trkpt>
      <trkpt lat="59.843323" lon="5.355773">
        <ele>45.5</ele>
      </trkpt>
      <trkpt lat="59.843036" lon="5.355957">
        <ele>46.8</ele>
      </trkpt>
      <trkpt lat="59.842752" lon="5.356387">
        <ele>49.7</ele>
      </trkpt>
      <trkpt lat="59.842470" lon="5.356940">
        <ele>52.3</ele>
      </trkpt>
      <trkpt lat="59.842130" lon="5.357816">
        <ele>54.2</ele>
      </trkpt>
      <trkpt lat="59.842002" lon="5.358049">
        <ele>54.7</ele>
      </trkpt>
      <trkpt lat="59.841740" lon="5.358277">
        <ele>54.3</ele>
      </trkpt>
      <trkpt lat="59.841362" lon="5.358387">
        <ele>52.6</ele>
      </trkpt>
      <trkpt lat="59.841162" lon="5.358525">
        <ele>54.1</ele>
      </trkpt>
      <trkpt lat="59.840595" lon="5.359605">
        <ele>64.6</ele>
      </trkpt>
      <trkpt lat="59.839317" lon="5.361329">
        <ele>59.5</ele>
      </trkpt>
      <trkpt lat="59.839197" lon="5.361641">
        <ele>60.8</ele>
      </trkpt>
      <trkpt lat="59.839086" lon="5.362532">
        <ele>63.8</ele>
      </trkpt>
      <trkpt lat="59.839011" lon="5.362861">
        <ele>62.9</ele>
      </trkpt>
      <trkpt lat="59.838886" lon="5.363142">
        <ele>62.3</ele>
      </trkpt>
      <trkpt lat="59.838731" lon="5.363370">
        <ele>62.1</ele>
      </trkpt>
      <trkpt lat="59.838488" lon="5.363542">
        <ele>60.5</ele>
      </trkpt>
      <trkpt lat="59.837686" lon="5.363675">
        <ele>64.3</ele>
      </trkpt>
      <trkpt lat="59.837478" lon="5.363578">
        <ele>64.2</ele>
      </trkpt>
      <trkpt lat="59.836954" lon="5.363129">
        <ele>65.1</ele>
      </trkpt>
      <trkpt lat="59.836770" lon="5.363074">
        <ele>63.9</ele>
      </trkpt>
      <trkpt lat="59.836597" lon="5.363114">
        <ele>61.4</ele>
      </trkpt>
      <trkpt lat="59.836389" lon="5.363319">
        <ele>59.3</ele>
      </trkpt>
      <trkpt lat="59.836219" lon="5.363584">
        <ele>58.5</ele>
      </trkpt>
      <trkpt lat="59.835568" lon="5.364968">
        <ele>57.2</ele>
      </trkpt>
      <trkpt lat="59.835388" lon="5.365278">
        <ele>57.1</ele>
      </trkpt>
      <trkpt lat="59.835143" lon="5.365490">
        <ele>57.3</ele>
      </trkpt>
      <trkpt lat="59.834942" lon="5.365489">
        <ele>57.2</ele>
      </trkpt>
      <trkpt lat="59.834791" lon="5.365348">
        <ele>56.8</ele>
      </trkpt>
      <trkpt lat="59.834655" lon="5.365161">
        <ele>56.7</ele>
      </trkpt>
      <trkpt lat="59.834152" lon="5.364204">
        <ele>60.8</ele>
      </trkpt>
      <trkpt lat="59.833524" lon="5.362474">
        <ele>58.3</ele>
      </trkpt>
      <trkpt lat="59.833239" lon="5.361442">
        <ele>47.6</ele>
      </trkpt>
      <trkpt lat="59.833108" lon="5.361191">
        <ele>42.8</ele>
      </trkpt>
      <trkpt lat="59.832954" lon="5.361075">
        <ele>36.3</ele>
      </trkpt>
      <trkpt lat="59.832564" lon="5.360965">
        <ele>34.8</ele>
      </trkpt>
      <trkpt lat="59.832263" lon="5.360796">
        <ele>29.7</ele>
      </trkpt>
      <trkpt lat="59.832004" lon="5.360456">
        <ele>27.2</ele>
      </trkpt>
      <trkpt lat="59.831736" lon="5.359793">
        <ele>24.6</ele>
      </trkpt>
      <trkpt lat="59.831613" lon="5.359643">
        <ele>23</ele>
      </trkpt>
      <trkpt lat="59.830983" lon="5.359508">
        <ele>25.5</ele>
      </trkpt>
      <trkpt lat="59.830419" lon="5.359692">
        <ele>27.4</ele>
      </trkpt>
      <trkpt lat="59.829808" lon="5.359702">
        <ele>25.9</ele>
      </trkpt>
      <trkpt lat="59.829334" lon="5.359822">
        <ele>28.3</ele>
      </trkpt>
      <trkpt lat="59.828818" lon="5.360155">
        <ele>32.8</ele>
      </trkpt>
      <trkpt lat="59.828685" lon="5.360204">
        <ele>34.1</ele>
      </trkpt>
      <trkpt lat="59.828531" lon="5.360176">
        <ele>35.7</ele>
      </trkpt>
      <trkpt lat="59.828377" lon="5.360050">
        <ele>37.6</ele>
      </trkpt>
      <trkpt lat="59.828175" lon="5.359729">
        <ele>38</ele>
      </trkpt>
      <trkpt lat="59.827662" lon="5.358402">
        <ele>28.9</ele>
      </trkpt>
      <trkpt lat="59.827472" lon="5.358168">
        <ele>30</ele>
      </trkpt>
      <trkpt lat="59.827217" lon="5.358118">
        <ele>28.8</ele>
      </trkpt>
      <trkpt lat="59.827007" lon="5.358269">
        <ele>31.3</ele>
      </trkpt>
      <trkpt lat="59.826627" lon="5.358894">
        <ele>33.3</ele>
      </trkpt>
      <trkpt lat="59.826400" lon="5.359192">
        <ele>32.8</ele>
      </trkpt>
      <trkpt lat="59.826058" lon="5.359435">
        <ele>32.2</ele>
      </trkpt>
      <trkpt lat="59.825473" lon="5.359728">
        <ele>31.6</ele>
      </trkpt>
      <trkpt lat="59.824985" lon="5.360258">
        <ele>35.9</ele>
      </trkpt>
      <trkpt lat="59.824604" lon="5.360819">
        <ele>39.2</ele>
      </trkpt>
      <trkpt lat="59.824125" lon="5.361201">
        <ele>42.3</ele>
      </trkpt>
      <trkpt lat="59.823601" lon="5.362079">
        <ele>48.6</ele>
      </trkpt>
      <trkpt lat="59.823068" lon="5.362810">
        <ele>50.6</ele>
      </trkpt>
      <trkpt lat="59.821840" lon="5.364063">
        <ele>54.4</ele>
      </trkpt>
      <trkpt lat="59.821550" lon="5.364279">
        <ele>54.9</ele>
      </trkpt>
      <trkpt lat="59.821199" lon="5.364440">
        <ele>53.7</ele>
      </trkpt>
      <trkpt lat="59.820205" lon="5.364404">
        <ele>50.3</ele>
      </trkpt>
      <trkpt lat="59.819206" lon="5.363901">
        <ele>51.7</ele>
      </trkpt>
      <trkpt lat="59.818864" lon="5.363823">
        <ele>51.8</ele>
      </trkpt>
      <trkpt lat="59.818420" lon="5.363869">
        <ele>51.9</ele>
      </trkpt>
      <trkpt lat="59.817919" lon="5.364073">
        <ele>50.4</ele>
      </trkpt>
      <trkpt lat="59.816576" lon="5.364764">
        <ele>48</ele>
      </trkpt>
      <trkpt lat="59.815515" lon="5.364861">
        <ele>51.3</ele>
      </trkpt>
      <trkpt lat="59.815312" lon="5.364985">
        <ele>50.3</ele>
      </trkpt>
      <trkpt lat="59.814415" lon="5.365842">
        <ele>49.5</ele>
      </trkpt>
      <trkpt lat="59.814093" lon="5.366071">
        <ele>49</ele>
      </trkpt>
      <trkpt lat="59.813672" lon="5.366212">
        <ele>51.2</ele>
      </trkpt>
      <trkpt lat="59.813120" lon="5.366208">
        <ele>52.7</ele>
      </trkpt>
      <trkpt lat="59.812861" lon="5.366306">
        <ele>53.5</ele>
      </trkpt>
      <trkpt lat="59.812620" lon="5.366561">
        <ele>53.5</ele>
      </trkpt>
      <trkpt lat="59.812194" lon="5.367270">
        <ele>53.2</ele>
      </trkpt>
      <trkpt lat="59.811899" lon="5.367536">
        <ele>53.1</ele>
      </trkpt>
      <trkpt lat="59.811313" lon="5.367709">
        <ele>53.6</ele>
      </trkpt>
      <trkpt lat="59.810284" lon="5.367844">
        <ele>53.5</ele>
      </trkpt>
      <trkpt lat="59.809187" lon="5.367658">
        <ele>52.8</ele>
      </trkpt>
      <trkpt lat="59.808855" lon="5.367856">
        <ele>46.5</ele>
      </trkpt>
      <trkpt lat="59.808706" lon="5.368050">
        <ele>42.9</ele>
      </trkpt>
      <trkpt lat="59.808522" lon="5.368463">
        <ele>46.2</ele>
      </trkpt>
      <trkpt lat="59.808385" lon="5.368932">
        <ele>45.9</ele>
      </trkpt>
      <trkpt lat="59.807524" lon="5.372566">
        <ele>58.4</ele>
      </trkpt>
      <trkpt lat="59.807270" lon="5.373165">
        <ele>52.5</ele>
      </trkpt>
      <trkpt lat="59.805928" lon="5.375483">
        <ele>51.3</ele>
      </trkpt>
      <trkpt lat="59.805203" lon="5.377450">
        <ele>61.7</ele>
      </trkpt>
      <trkpt lat="59.805019" lon="5.377829">
        <ele>60.6</ele>
      </trkpt>
      <trkpt lat="59.804817" lon="5.378132">
        <ele>64.3</ele>
      </trkpt>
      <trkpt lat="59.804483" lon="5.378476">
        <ele>62.3</ele>
      </trkpt>
      <trkpt lat="59.803579" lon="5.379236">
        <ele>61.9</ele>
      </trkpt>
      <trkpt lat="59.803246" lon="5.379378">
        <ele>61.7</ele>
      </trkpt>
      <trkpt lat="59.802765" lon="5.379444">
        <ele>63.8</ele>
      </trkpt>
      <trkpt lat="59.802474" lon="5.379617">
        <ele>63.3</ele>
      </trkpt>
      <trkpt lat="59.801433" lon="5.380965">
        <ele>69.3</ele>
      </trkpt>
      <trkpt lat="59.800802" lon="5.382170">
        <ele>70.6</ele>
      </trkpt>
      <trkpt lat="59.800669" lon="5.382345">
        <ele>71</ele>
      </trkpt>
      <trkpt lat="59.799731" lon="5.383202">
        <ele>61.4</ele>
      </trkpt>
      <trkpt lat="59.798855" lon="5.384146">
        <ele>64.5</ele>
      </trkpt>
      <trkpt lat="59.798606" lon="5.384304">
        <ele>66.2</ele>
      </trkpt>
      <trkpt lat="59.798492" lon="5.384324">
        <ele>66.8</ele>
      </trkpt>
      <trkpt lat="59.798330" lon="5.384263">
        <ele>68.7</ele>
      </trkpt>
      <trkpt lat="59.797961" lon="5.383938">
        <ele>73.2</ele>
      </trkpt>
      <trkpt lat="59.797825" lon="5.383875">
        <ele>73.3</ele>
      </trkpt>
      <trkpt lat="59.797621" lon="5.383928">
        <ele>73.2</ele>
      </trkpt>
      <trkpt lat="59.797280" lon="5.384230">
        <ele>68.6</ele>
      </trkpt>
      <trkpt lat="59.797146" lon="5.384223">
        <ele>68.6</ele>
      </trkpt>
      <trkpt lat="59.796942" lon="5.383989">
        <ele>73.1</ele>
      </trkpt>
      <trkpt lat="59.796861" lon="5.383733">
        <ele>77.8</ele>
      </trkpt>
      <trkpt lat="59.796695" lon="5.382656">
        <ele>91.6</ele>
      </trkpt>
      <trkpt lat="59.796520" lon="5.381936">
        <ele>99.8</ele>
      </trkpt>
      <trkpt lat="59.794416" lon="5.375637">
        <ele>98.9</ele>
      </trkpt>
      <trkpt lat="59.794155" lon="5.374995">
        <ele>96.4</ele>
      </trkpt>
      <trkpt lat="59.793440" lon="5.373802">
        <ele>82.9</ele>
      </trkpt>
      <trkpt lat="59.793103" lon="5.373328">
        <ele>76.2</ele>
      </trkpt>
      <trkpt lat="59.792301" lon="5.372365">
        <ele>61.8</ele>
      </trkpt>
      <trkpt lat="59.792053" lon="5.372268">
        <ele>59</ele>
      </trkpt>
      <trkpt lat="59.791864" lon="5.372334">
        <ele>53.9</ele>
      </trkpt>
      <trkpt lat="59.791751" lon="5.372441">
        <ele>51.7</ele>
      </trkpt>
      <trkpt lat="59.791337" lon="5.373049">
        <ele>51.5</ele>
      </trkpt>
      <trkpt lat="59.791180" lon="5.373189">
        <ele>52</ele>
      </trkpt>
      <trkpt lat="59.791040" lon="5.373200">
        <ele>53</ele>
      </trkpt>
      <trkpt lat="59.790900" lon="5.373129">
        <ele>54.1</ele>
      </trkpt>
      <trkpt lat="59.790081" lon="5.372251">
        <ele>40.9</ele>
      </trkpt>
      <trkpt lat="59.789772" lon="5.372119">
        <ele>35</ele>
      </trkpt>
      <trkpt lat="59.789103" lon="5.371989">
        <ele>31.6</ele>
      </trkpt>
      <trkpt lat="59.788870" lon="5.372028">
        <ele>30.6</ele>
      </trkpt>
      <trkpt lat="59.787847" lon="5.372537">
        <ele>36.7</ele>
      </trkpt>
      <trkpt lat="59.787008" lon="5.372749">
        <ele>47.5</ele>
      </trkpt>
      <trkpt lat="59.786747" lon="5.372932">
        <ele>52.9</ele>
      </trkpt>
      <trkpt lat="59.786746" lon="5.372786">
        <ele>52.9</ele>
      </trkpt>
      <trkpt lat="59.786484" lon="5.373109">
        <ele>55.7</ele>
      </trkpt>
      <trkpt lat="59.786097" lon="5.373762">
        <ele>60.5</ele>
      </trkpt>
      <trkpt lat="59.785862" lon="5.374053">
        <ele>61.8</ele>
      </trkpt>
      <trkpt lat="59.785667" lon="5.374149">
        <ele>63.3</ele>
      </trkpt>
      <trkpt lat="59.784305" lon="5.374390">
        <ele>64.3</ele>
      </trkpt>
      <trkpt lat="59.783925" lon="5.374615">
        <ele>64.9</ele>
      </trkpt>
      <trkpt lat="59.783774" lon="5.374768">
        <ele>64.2</ele>
      </trkpt>
      <trkpt lat="59.783566" lon="5.375066">
        <ele>64.9</ele>
      </trkpt>
      <trkpt lat="59.783064" lon="5.375995">
        <ele>67</ele>
      </trkpt>
      <trkpt lat="59.782861" lon="5.376563">
        <ele>67.6</ele>
      </trkpt>
      <trkpt lat="59.782389" lon="5.377621">
        <ele>66.5</ele>
      </trkpt>
      <trkpt lat="59.782095" lon="5.378544">
        <ele>65.5</ele>
      </trkpt>
      <trkpt lat="59.781950" lon="5.379911">
        <ele>65.8</ele>
      </trkpt>
      <trkpt lat="59.781943" lon="5.380801">
        <ele>67.4</ele>
      </trkpt>
      <trkpt lat="59.781689" lon="5.382401">
        <ele>49.5</ele>
      </trkpt>
      <trkpt lat="59.781632" lon="5.383219">
        <ele>44.4</ele>
      </trkpt>
      <trkpt lat="59.781546" lon="5.383872">
        <ele>46.9</ele>
      </trkpt>
      <trkpt lat="59.781354" lon="5.384626">
        <ele>50.2</ele>
      </trkpt>
      <trkpt lat="59.781288" lon="5.385069">
        <ele>46.6</ele>
      </trkpt>
      <trkpt lat="59.781280" lon="5.385810">
        <ele>46.8</ele>
      </trkpt>
      <trkpt lat="59.781321" lon="5.386353">
        <ele>45.8</ele>
      </trkpt>
      <trkpt lat="59.781298" lon="5.386599">
        <ele>45</ele>
      </trkpt>
      <trkpt lat="59.781367" lon="5.386601">
        <ele>50</ele>
      </trkpt>
      <trkpt lat="59.781320" lon="5.388339">
        <ele>35</ele>
      </trkpt>
      <trkpt lat="59.781254" lon="5.388696">
        <ele>33.9</ele>
      </trkpt>
      <trkpt lat="59.780881" lon="5.389208">
        <ele>26.9</ele>
      </trkpt>
      <trkpt lat="59.780769" lon="5.389432">
        <ele>26.3</ele>
      </trkpt>
      <trkpt lat="59.780504" lon="5.390425">
        <ele>28</ele>
      </trkpt>
      <trkpt lat="59.779809" lon="5.391878">
        <ele>30.1</ele>
      </trkpt>
      <trkpt lat="59.779614" lon="5.392481">
        <ele>30.7</ele>
      </trkpt>
      <trkpt lat="59.779328" lon="5.394046">
        <ele>32.5</ele>
      </trkpt>
      <trkpt lat="59.779295" lon="5.394574">
        <ele>33.6</ele>
      </trkpt>
      <trkpt lat="59.779386" lon="5.395869">
        <ele>33.6</ele>
      </trkpt>
      <trkpt lat="59.779348" lon="5.396200">
        <ele>32.1</ele>
      </trkpt>
      <trkpt lat="59.779297" lon="5.396380">
        <ele>32.1</ele>
      </trkpt>
      <trkpt lat="59.779209" lon="5.396605">
        <ele>29.4</ele>
      </trkpt>
      <trkpt lat="59.778994" lon="5.396764">
        <ele>25.9</ele>
      </trkpt>
      <trkpt lat="59.778773" lon="5.396765">
        <ele>24.8</ele>
      </trkpt>
      <trkpt lat="59.778443" lon="5.396575">
        <ele>22.5</ele>
      </trkpt>
      <trkpt lat="59.778162" lon="5.396148">
        <ele>21.7</ele>
      </trkpt>
      <trkpt lat="59.778018" lon="5.395841">
        <ele>20.9</ele>
      </trkpt>
      <trkpt lat="59.778045" lon="5.395727">
        <ele>20.9</ele>
      </trkpt>
      <trkpt lat="59.777586" lon="5.395229">
        <ele>18.9</ele>
      </trkpt>
      <trkpt lat="59.777343" lon="5.395183">
        <ele>18.1</ele>
      </trkpt>
      <trkpt lat="59.777026" lon="5.395275">
        <ele>18.2</ele>
      </trkpt>
      <trkpt lat="59.776792" lon="5.395278">
        <ele>18.3</ele>
      </trkpt>
      <trkpt lat="59.776568" lon="5.395089">
        <ele>18.9</ele>
      </trkpt>
      <trkpt lat="59.776442" lon="5.394802">
        <ele>19.7</ele>
      </trkpt>
      <trkpt lat="59.776403" lon="5.394620">
        <ele>19.7</ele>
      </trkpt>
      <trkpt lat="59.776237" lon="5.393523">
        <ele>16.1</ele>
      </trkpt>
      <trkpt lat="59.776161" lon="5.393339">
        <ele>15</ele>
      </trkpt>
      <trkpt lat="59.776034" lon="5.393177">
        <ele>13.8</ele>
      </trkpt>
      <trkpt lat="59.775806" lon="5.393129">
        <ele>14.1</ele>
      </trkpt>
      <trkpt lat="59.775592" lon="5.393383">
        <ele>15.7</ele>
      </trkpt>
      <trkpt lat="59.775259" lon="5.393947">
        <ele>18.2</ele>
      </trkpt>
      <trkpt lat="59.775274" lon="5.394001">
        <ele>18.2</ele>
      </trkpt>
      <trkpt lat="59.774854" lon="5.394728">
        <ele>20.2</ele>
      </trkpt>
      <trkpt lat="59.774639" lon="5.395321">
        <ele>20.9</ele>
      </trkpt>
      <trkpt lat="59.774517" lon="5.395889">
        <ele>22.4</ele>
      </trkpt>
      <trkpt lat="59.774492" lon="5.396178">
        <ele>24.3</ele>
      </trkpt>
      <trkpt lat="59.774447" lon="5.396141">
        <ele>23.5</ele>
      </trkpt>
      <trkpt lat="59.774249" lon="5.397067">
        <ele>22.7</ele>
      </trkpt>
      <trkpt lat="59.773822" lon="5.398258">
        <ele>17.9</ele>
      </trkpt>
      <trkpt lat="59.773629" lon="5.399000">
        <ele>15.8</ele>
      </trkpt>
      <trkpt lat="59.773461" lon="5.400248">
        <ele>14.6</ele>
      </trkpt>
      <trkpt lat="59.773441" lon="5.400464">
        <ele>15.1</ele>
      </trkpt>
      <trkpt lat="59.773471" lon="5.400595">
        <ele>14.6</ele>
      </trkpt>
      <trkpt lat="59.773437" lon="5.400937">
        <ele>15.1</ele>
      </trkpt>
      <trkpt lat="59.773283" lon="5.401654">
        <ele>16.4</ele>
      </trkpt>
      <trkpt lat="59.773155" lon="5.402037">
        <ele>18.6</ele>
      </trkpt>
      <trkpt lat="59.772860" lon="5.402713">
        <ele>24.1</ele>
      </trkpt>
      <trkpt lat="59.772455" lon="5.403612">
        <ele>28.6</ele>
      </trkpt>
      <trkpt lat="59.772392" lon="5.403682">
        <ele>28.6</ele>
      </trkpt>
      <trkpt lat="59.772050" lon="5.404694">
        <ele>33.1</ele>
      </trkpt>
      <trkpt lat="59.771908" lon="5.405286">
        <ele>34</ele>
      </trkpt>
      <trkpt lat="59.771719" lon="5.406430">
        <ele>36.3</ele>
      </trkpt>
      <trkpt lat="59.771617" lon="5.406865">
        <ele>35.2</ele>
      </trkpt>
      <trkpt lat="59.771322" lon="5.407670">
        <ele>34.7</ele>
      </trkpt>
      <trkpt lat="59.771127" lon="5.408380">
        <ele>36.2</ele>
      </trkpt>
      <trkpt lat="59.770791" lon="5.410246">
        <ele>34</ele>
      </trkpt>
      <trkpt lat="59.770580" lon="5.411193">
        <ele>28.9</ele>
      </trkpt>
      <trkpt lat="59.770257" lon="5.411963">
        <ele>24.5</ele>
      </trkpt>
      <trkpt lat="59.769875" lon="5.412462">
        <ele>21.8</ele>
      </trkpt>
      <trkpt lat="59.769859" lon="5.412595">
        <ele>21.8</ele>
      </trkpt>
      <trkpt lat="59.769629" lon="5.413177">
        <ele>20</ele>
      </trkpt>
      <trkpt lat="59.768482" lon="5.415148">
        <ele>24.3</ele>
      </trkpt>
      <trkpt lat="59.768376" lon="5.415381">
        <ele>24.1</ele>
      </trkpt>
      <trkpt lat="59.768271" lon="5.415752">
        <ele>24.2</ele>
      </trkpt>
      <trkpt lat="59.767794" lon="5.418687">
        <ele>20.1</ele>
      </trkpt>
      <trkpt lat="59.767730" lon="5.419316">
        <ele>21.1</ele>
      </trkpt>
      <trkpt lat="59.767741" lon="5.420822">
        <ele>24.1</ele>
      </trkpt>
      <trkpt lat="59.767708" lon="5.421233">
        <ele>23.6</ele>
      </trkpt>
      <trkpt lat="59.767712" lon="5.422066">
        <ele>23</ele>
      </trkpt>
      <trkpt lat="59.767529" lon="5.423976">
        <ele>24.6</ele>
      </trkpt>
      <trkpt lat="59.767414" lon="5.424359">
        <ele>25.8</ele>
      </trkpt>
      <trkpt lat="59.767207" lon="5.424601">
        <ele>26.5</ele>
      </trkpt>
      <trkpt lat="59.767231" lon="5.424684">
        <ele>27.2</ele>
      </trkpt>
      <trkpt lat="59.767076" lon="5.424832">
        <ele>27.7</ele>
      </trkpt>
      <trkpt lat="59.766905" lon="5.425126">
        <ele>28.5</ele>
      </trkpt>
      <trkpt lat="59.766729" lon="5.425664">
        <ele>30.2</ele>
      </trkpt>
      <trkpt lat="59.766586" lon="5.426331">
        <ele>31.3</ele>
      </trkpt>
      <trkpt lat="59.766513" lon="5.426390">
        <ele>30.8</ele>
      </trkpt>
      <trkpt lat="59.766300" lon="5.427196">
        <ele>30.8</ele>
      </trkpt>
      <trkpt lat="59.766231" lon="5.427576">
        <ele>28.8</ele>
      </trkpt>
      <trkpt lat="59.766246" lon="5.427818">
        <ele>29.3</ele>
      </trkpt>
      <trkpt lat="59.766412" lon="5.428547">
        <ele>34.3</ele>
      </trkpt>
      <trkpt lat="59.766391" lon="5.428707">
        <ele>32.2</ele>
      </trkpt>
      <trkpt lat="59.766350" lon="5.428735">
        <ele>32.2</ele>
      </trkpt>
      <trkpt lat="59.766272" lon="5.428679">
        <ele>32.2</ele>
      </trkpt>
      <trkpt lat="59.765914" lon="5.428197">
        <ele>24.8</ele>
      </trkpt>
      <trkpt lat="59.765838" lon="5.428029">
        <ele>22.6</ele>
      </trkpt>
      <trkpt lat="59.765738" lon="5.427536">
        <ele>21.4</ele>
      </trkpt>
      <trkpt lat="59.765667" lon="5.427445">
        <ele>20.1</ele>
      </trkpt>
      <trkpt lat="59.765489" lon="5.427656">
        <ele>20.2</ele>
      </trkpt>
      <trkpt lat="59.765222" lon="5.428323">
        <ele>23.2</ele>
      </trkpt>
      <trkpt lat="59.765164" lon="5.428636">
        <ele>24.5</ele>
      </trkpt>
      <trkpt lat="59.765161" lon="5.428904">
        <ele>24.9</ele>
      </trkpt>
      <trkpt lat="59.765407" lon="5.430115">
        <ele>22.7</ele>
      </trkpt>
      <trkpt lat="59.765269" lon="5.430632">
        <ele>23.8</ele>
      </trkpt>
      <trkpt lat="59.765344" lon="5.431440">
        <ele>19.9</ele>
      </trkpt>
      <trkpt lat="59.765354" lon="5.432185">
        <ele>18.3</ele>
      </trkpt>
      <trkpt lat="59.765247" lon="5.432383">
        <ele>19.5</ele>
      </trkpt>
      <trkpt lat="59.764937" lon="5.432613">
        <ele>22.1</ele>
      </trkpt>
      <trkpt lat="59.764900" lon="5.432784">
        <ele>24</ele>
      </trkpt>
      <trkpt lat="59.764903" lon="5.432996">
        <ele>22.9</ele>
      </trkpt>
      <trkpt lat="59.764979" lon="5.433420">
        <ele>19.8</ele>
      </trkpt>
      <trkpt lat="59.764967" lon="5.433744">
        <ele>19.8</ele>
      </trkpt>
      <trkpt lat="59.765124" lon="5.434131">
        <ele>19.3</ele>
      </trkpt>
      <trkpt lat="59.765107" lon="5.434368">
        <ele>19.8</ele>
      </trkpt>
      <trkpt lat="59.765001" lon="5.434792">
        <ele>21.5</ele>
      </trkpt>
      <trkpt lat="59.764963" lon="5.435142">
        <ele>22.1</ele>
      </trkpt>
      <trkpt lat="59.765039" lon="5.436297">
        <ele>26.5</ele>
      </trkpt>
      <trkpt lat="59.765123" lon="5.436628">
        <ele>28.3</ele>
      </trkpt>
      <trkpt lat="59.765005" lon="5.437288">
        <ele>29.4</ele>
      </trkpt>
      <trkpt lat="59.765066" lon="5.437412">
        <ele>29</ele>
      </trkpt>
      <trkpt lat="59.765068" lon="5.437530">
        <ele>29</ele>
      </trkpt>
      <trkpt lat="59.765011" lon="5.437662">
        <ele>29.4</ele>
      </trkpt>
      <trkpt lat="59.764953" lon="5.437678">
        <ele>29.5</ele>
      </trkpt>
      <trkpt lat="59.764951" lon="5.437951">
        <ele>29.6</ele>
      </trkpt>
      <trkpt lat="59.765142" lon="5.439585">
        <ele>29.1</ele>
      </trkpt>
      <trkpt lat="59.765193" lon="5.439824">
        <ele>28.6</ele>
      </trkpt>
      <trkpt lat="59.765327" lon="5.440180">
        <ele>28.8</ele>
      </trkpt>
      <trkpt lat="59.765299" lon="5.440232">
        <ele>29.2</ele>
      </trkpt>
      <trkpt lat="59.765878" lon="5.441201">
        <ele>34.7</ele>
      </trkpt>
      <trkpt lat="59.765964" lon="5.441556">
        <ele>36.2</ele>
      </trkpt>
      <trkpt lat="59.766027" lon="5.442789">
        <ele>43.2</ele>
      </trkpt>
      <trkpt lat="59.765802" lon="5.444038">
        <ele>45.4</ele>
      </trkpt>
      <trkpt lat="59.765623" lon="5.444514">
        <ele>47.1</ele>
      </trkpt>
      <trkpt lat="59.765575" lon="5.445092">
        <ele>49.3</ele>
      </trkpt>
      <trkpt lat="59.765517" lon="5.445371">
        <ele>49.9</ele>
      </trkpt>
      <trkpt lat="59.765249" lon="5.446269">
        <ele>50</ele>
      </trkpt>
      <trkpt lat="59.765096" lon="5.446612">
        <ele>48.9</ele>
      </trkpt>
      <trkpt lat="59.765070" lon="5.447007">
        <ele>48.9</ele>
      </trkpt>
      <trkpt lat="59.764770" lon="5.447711">
        <ele>47.9</ele>
      </trkpt>
      <trkpt lat="59.764660" lon="5.447733">
        <ele>47.9</ele>
      </trkpt>
      <trkpt lat="59.764580" lon="5.447828">
        <ele>47.6</ele>
      </trkpt>
      <trkpt lat="59.764442" lon="5.448538">
        <ele>48.2</ele>
      </trkpt>
      <trkpt lat="59.764389" lon="5.448592">
        <ele>48.2</ele>
      </trkpt>
      <trkpt lat="59.764383" lon="5.448967">
        <ele>48.2</ele>
      </trkpt>
      <trkpt lat="59.764299" lon="5.449577">
        <ele>47.7</ele>
      </trkpt>
      <trkpt lat="59.764115" lon="5.449897">
        <ele>47</ele>
      </trkpt>
      <trkpt lat="59.764018" lon="5.450544">
        <ele>46.5</ele>
      </trkpt>
      <trkpt lat="59.763914" lon="5.450951">
        <ele>46.6</ele>
      </trkpt>
      <trkpt lat="59.763885" lon="5.451416">
        <ele>47.1</ele>
      </trkpt>
      <trkpt lat="59.763698" lon="5.452185">
        <ele>47.9</ele>
      </trkpt>
      <trkpt lat="59.763429" lon="5.452157">
        <ele>48.9</ele>
      </trkpt>
      <trkpt lat="59.763194" lon="5.452081">
        <ele>49.8</ele>
      </trkpt>
      <trkpt lat="59.762988" lon="5.451742">
        <ele>50.4</ele>
      </trkpt>
      <trkpt lat="59.762950" lon="5.451814">
        <ele>50.4</ele>
      </trkpt>
      <trkpt lat="59.762659" lon="5.451218">
        <ele>50.2</ele>
      </trkpt>
      <trkpt lat="59.762589" lon="5.450874">
        <ele>50</ele>
      </trkpt>
      <trkpt lat="59.762412" lon="5.450854">
        <ele>49.9</ele>
      </trkpt>
      <trkpt lat="59.762352" lon="5.450788">
        <ele>49.9</ele>
      </trkpt>
      <trkpt lat="59.761768" lon="5.449900">
        <ele>50.1</ele>
      </trkpt>
      <trkpt lat="59.761366" lon="5.449164">
        <ele>50</ele>
      </trkpt>
      <trkpt lat="59.761183" lon="5.448637">
        <ele>49.5</ele>
      </trkpt>
      <trkpt lat="59.761091" lon="5.448736">
        <ele>48.9</ele>
      </trkpt>
      <trkpt lat="59.760562" lon="5.447911">
        <ele>47.3</ele>
      </trkpt>
      <trkpt lat="59.760134" lon="5.446891">
        <ele>47.3</ele>
      </trkpt>
      <trkpt lat="59.759907" lon="5.446013">
        <ele>46.1</ele>
      </trkpt>
      <trkpt lat="59.759737" lon="5.444982">
        <ele>45.3</ele>
      </trkpt>
      <trkpt lat="59.759686" lon="5.443940">
        <ele>40.2</ele>
      </trkpt>
      <trkpt lat="59.759703" lon="5.443241">
        <ele>38.2</ele>
      </trkpt>
      <trkpt lat="59.759793" lon="5.442205">
        <ele>39</ele>
      </trkpt>
      <trkpt lat="59.759940" lon="5.441186">
        <ele>37.6</ele>
      </trkpt>
      <trkpt lat="59.760591" lon="5.437821">
        <ele>30.6</ele>
      </trkpt>
      <trkpt lat="59.760798" lon="5.436609">
        <ele>30.8</ele>
      </trkpt>
      <trkpt lat="59.760978" lon="5.435305">
        <ele>34.6</ele>
      </trkpt>
      <trkpt lat="59.761083" lon="5.434248">
        <ele>35.8</ele>
      </trkpt>
      <trkpt lat="59.761139" lon="5.433177">
        <ele>34.3</ele>
      </trkpt>
      <trkpt lat="59.761139" lon="5.432099">
        <ele>34.6</ele>
      </trkpt>
      <trkpt lat="59.761080" lon="5.431027">
        <ele>36.3</ele>
      </trkpt>
      <trkpt lat="59.760966" lon="5.429975">
        <ele>35.9</ele>
      </trkpt>
      <trkpt lat="59.760521" lon="5.427079">
        <ele>34.3</ele>
      </trkpt>
      <trkpt lat="59.760395" lon="5.426050">
        <ele>35.8</ele>
      </trkpt>
      <trkpt lat="59.760280" lon="5.424477">
        <ele>36.5</ele>
      </trkpt>
      <trkpt lat="59.760254" lon="5.423067">
        <ele>34.7</ele>
      </trkpt>
      <trkpt lat="59.760280" lon="5.422017">
        <ele>32.8</ele>
      </trkpt>
      <trkpt lat="59.760395" lon="5.420435">
        <ele>32.8</ele>
      </trkpt>
      <trkpt lat="59.760811" lon="5.417348">
        <ele>39</ele>
      </trkpt>
      <trkpt lat="59.760951" lon="5.415762">
        <ele>36.4</ele>
      </trkpt>
      <trkpt lat="59.760937" lon="5.415038">
        <ele>35.9</ele>
      </trkpt>
      <trkpt lat="59.760831" lon="5.413973">
        <ele>37.3</ele>
      </trkpt>
      <trkpt lat="59.760707" lon="5.413291">
        <ele>36.5</ele>
      </trkpt>
      <trkpt lat="59.760507" lon="5.412546">
        <ele>44.6</ele>
      </trkpt>
      <trkpt lat="59.760300" lon="5.411946">
        <ele>47.8</ele>
      </trkpt>
      <trkpt lat="59.760062" lon="5.411402">
        <ele>52.7</ele>
      </trkpt>
      <trkpt lat="59.759730" lon="5.410789">
        <ele>58.1</ele>
      </trkpt>
      <trkpt lat="59.759232" lon="5.410015">
        <ele>57.7</ele>
      </trkpt>
      <trkpt lat="59.758636" lon="5.409207">
        <ele>52.4</ele>
      </trkpt>
      <trkpt lat="59.758017" lon="5.408475">
        <ele>45.6</ele>
      </trkpt>
      <trkpt lat="59.757342" lon="5.407805">
        <ele>41.3</ele>
      </trkpt>
      <trkpt lat="59.756673" lon="5.407221">
        <ele>40.3</ele>
      </trkpt>
      <trkpt lat="59.756021" lon="5.406752">
        <ele>37.4</ele>
      </trkpt>
      <trkpt lat="59.754934" lon="5.406094">
        <ele>31.1</ele>
      </trkpt>
      <trkpt lat="59.753248" lon="5.405406">
        <ele>20.8</ele>
      </trkpt>
      <trkpt lat="59.744682" lon="5.401435">
        <ele>1</ele>
      </trkpt>
      <trkpt lat="59.744052" lon="5.401254">
      </trkpt>
      <trkpt lat="59.743505" lon="5.401305">
      </trkpt>
      <trkpt lat="59.743147" lon="5.401450">
      </trkpt>
      <trkpt lat="59.742805" lon="5.401674">
      </trkpt>
      <trkpt lat="59.742153" lon="5.402347">
        <ele>7.6</ele>
      </trkpt>
      <trkpt lat="59.741835" lon="5.402856">
        <ele>0.2</ele>
      </trkpt>
      <trkpt lat="59.741373" lon="5.403932">
        <ele>14.5</ele>
      </trkpt>
      <trkpt lat="59.741247" lon="5.404114">
        <ele>14.7</ele>
      </trkpt>
      <trkpt lat="59.741091" lon="5.404115">
        <ele>14.7</ele>
      </trkpt>
      <trkpt lat="59.740927" lon="5.403916">
        <ele>14.8</ele>
      </trkpt>
      <trkpt lat="59.740683" lon="5.403226">
        <ele>14.5</ele>
      </trkpt>
      <trkpt lat="59.740392" lon="5.401995">
        <ele>8.3</ele>
      </trkpt>
      <trkpt lat="59.740084" lon="5.401101">
        <ele>4.2</ele>
      </trkpt>
      <trkpt lat="59.739691" lon="5.400208">
        <ele>2.2</ele>
      </trkpt>
      <trkpt lat="59.737613" lon="5.395922">
        <ele>23.4</ele>
      </trkpt>
      <trkpt lat="59.737414" lon="5.395348">
        <ele>25.6</ele>
      </trkpt>
      <trkpt lat="59.737257" lon="5.394725">
        <ele>24.5</ele>
      </trkpt>
      <trkpt lat="59.737101" lon="5.393727">
        <ele>21.8</ele>
      </trkpt>
      <trkpt lat="59.737049" lon="5.392689">
        <ele>18</ele>
      </trkpt>
      <trkpt lat="59.737072" lon="5.391994">
        <ele>15.1</ele>
      </trkpt>
      <trkpt lat="59.737143" lon="5.391311">
        <ele>14.8</ele>
      </trkpt>
      <trkpt lat="59.737362" lon="5.390143">
        <ele>13.2</ele>
      </trkpt>
      <trkpt lat="59.737360" lon="5.389957">
        <ele>12.4</ele>
      </trkpt>
      <trkpt lat="59.737533" lon="5.388378">
        <ele>7.9</ele>
      </trkpt>
      <trkpt lat="59.737577" lon="5.387120">
        <ele>2.2</ele>
      </trkpt>
      <trkpt lat="59.737551" lon="5.386223">
        <ele>1.3</ele>
      </trkpt>
      <trkpt lat="59.736518" lon="5.367808">
        <ele>20.8</ele>
      </trkpt>
      <trkpt lat="59.736491" lon="5.367438">
        <ele>20.3</ele>
      </trkpt>
      <trkpt lat="59.736348" lon="5.366524">
        <ele>19.5</ele>
      </trkpt>
      <trkpt lat="59.736206" lon="5.365861">
        <ele>18</ele>
      </trkpt>
      <trkpt lat="59.736022" lon="5.365238">
        <ele>16.6</ele>
      </trkpt>
      <trkpt lat="59.735680" lon="5.364452">
        <ele>12.8</ele>
      </trkpt>
      <trkpt lat="59.735417" lon="5.363956">
        <ele>11.3</ele>
      </trkpt>
      <trkpt lat="59.734923" lon="5.363177">
        <ele>11.6</ele>
      </trkpt>
      <trkpt lat="59.733100" lon="5.360583">
        <ele>15.2</ele>
      </trkpt>
      <trkpt lat="59.732752" lon="5.360035">
        <ele>14.4</ele>
      </trkpt>
      <trkpt lat="59.732566" lon="5.359665">
        <ele>13.5</ele>
      </trkpt>
      <trkpt lat="59.732405" lon="5.359251">
        <ele>12.2</ele>
      </trkpt>
      <trkpt lat="59.732247" lon="5.358671">
        <ele>8.7</ele>
      </trkpt>
      <trkpt lat="59.732132" lon="5.358015">
        <ele>8.9</ele>
      </trkpt>
      <trkpt lat="59.732072" lon="5.357156">
        <ele>9.1</ele>
      </trkpt>
      <trkpt lat="59.732107" lon="5.356369">
        <ele>8.7</ele>
      </trkpt>
      <trkpt lat="59.732235" lon="5.355540">
        <ele>6.9</ele>
      </trkpt>
      <trkpt lat="59.732434" lon="5.354810">
        <ele>5.6</ele>
      </trkpt>
      <trkpt lat="59.732682" lon="5.354032">
        <ele>4.3</ele>
      </trkpt>
      <trkpt lat="59.734873" lon="5.348868">
        <ele>2.6</ele>
      </trkpt>
      <trkpt lat="59.735116" lon="5.348338">
        <ele>0.1</ele>
      </trkpt>
      <trkpt lat="59.735381" lon="5.347866">
        <ele>0.9</ele>
      </trkpt>
      <trkpt lat="59.735837" lon="5.347322">
        <ele>3.5</ele>
      </trkpt>
      <trkpt lat="59.737167" lon="5.346556">
        <ele>9.5</ele>
      </trkpt>
      <trkpt lat="59.737130" lon="5.346681">
        <ele>8.2</ele>
      </trkpt>
      <trkpt lat="59.736719" lon="5.347062">
        <ele>7</ele>
      </trkpt>
      <trkpt lat="59.736633" lon="5.347053">
        <ele>7.1</ele>
      </trkpt>
      <trkpt lat="59.736593" lon="5.346950">
        <ele>7.1</ele>
      </trkpt>
      <trkpt lat="59.736396" lon="5.345721">
        <ele>15</ele>
      </trkpt>
      <trkpt lat="59.736192" lon="5.345061">
        <ele>19.5</ele>
      </trkpt>
      <trkpt lat="59.735715" lon="5.344747">
        <ele>19.7</ele>
      </trkpt>
      <trkpt lat="59.735467" lon="5.344490">
        <ele>19.8</ele>
      </trkpt>
      <trkpt lat="59.735175" lon="5.344022">
        <ele>21.5</ele>
      </trkpt>
      <trkpt lat="59.734946" lon="5.343435">
        <ele>25.5</ele>
      </trkpt>
      <trkpt lat="59.734759" lon="5.342593">
        <ele>32.4</ele>
      </trkpt>
      <trkpt lat="59.734200" lon="5.338476">
        <ele>36.3</ele>
      </trkpt>
      <trkpt lat="59.734099" lon="5.338010">
        <ele>36.7</ele>
      </trkpt>
      <trkpt lat="59.733897" lon="5.337469">
        <ele>35.6</ele>
      </trkpt>
      <trkpt lat="59.733632" lon="5.337052">
        <ele>34.9</ele>
      </trkpt>
      <trkpt lat="59.733480" lon="5.336901">
        <ele>34.7</ele>
      </trkpt>
      <trkpt lat="59.732880" lon="5.336558">
        <ele>35.4</ele>
      </trkpt>
      <trkpt lat="59.732625" lon="5.336284">
        <ele>38</ele>
      </trkpt>
      <trkpt lat="59.732485" lon="5.336016">
        <ele>39.1</ele>
      </trkpt>
      <trkpt lat="59.732376" lon="5.335700">
        <ele>38.5</ele>
      </trkpt>
      <trkpt lat="59.732155" lon="5.334740">
        <ele>33.1</ele>
      </trkpt>
      <trkpt lat="59.731964" lon="5.334356">
        <ele>28.2</ele>
      </trkpt>
      <trkpt lat="59.731822" lon="5.334222">
        <ele>27.5</ele>
      </trkpt>
      <trkpt lat="59.731665" lon="5.334170">
        <ele>25.2</ele>
      </trkpt>
      <trkpt lat="59.731289" lon="5.334330">
        <ele>25.2</ele>
      </trkpt>
      <trkpt lat="59.731277" lon="5.334249">
        <ele>25.2</ele>
      </trkpt>
      <trkpt lat="59.731384" lon="5.334182">
        <ele>25.9</ele>
      </trkpt>
      <trkpt lat="59.731353" lon="5.333832">
        <ele>23</ele>
      </trkpt>
      <trkpt lat="59.731369" lon="5.333731">
        <ele>23</ele>
      </trkpt>
      <trkpt lat="59.731435" lon="5.333640">
        <ele>23.3</ele>
      </trkpt>
      <trkpt lat="59.731740" lon="5.333714">
        <ele>23.8</ele>
      </trkpt>
      <trkpt lat="59.731875" lon="5.333693">
        <ele>24.2</ele>
      </trkpt>
      <trkpt lat="59.731991" lon="5.333605">
        <ele>23.4</ele>
      </trkpt>
      <trkpt lat="59.733056" lon="5.332410">
        <ele>26.8</ele>
      </trkpt>
      <trkpt lat="59.734252" lon="5.330840">
        <ele>28.4</ele>
      </trkpt>
      <trkpt lat="59.736409" lon="5.327773">
        <ele>27.9</ele>
      </trkpt>
      <trkpt lat="59.738250" lon="5.325933">
        <ele>29.6</ele>
      </trkpt>
      <trkpt lat="59.738797" lon="5.325545">
        <ele>36</ele>
      </trkpt>
      <trkpt lat="59.740215" lon="5.324782">
        <ele>57.8</ele>
      </trkpt>
      <trkpt lat="59.741719" lon="5.324128">
        <ele>51.7</ele>
      </trkpt>
      <trkpt lat="59.742676" lon="5.323478">
        <ele>53.1</ele>
      </trkpt>
      <trkpt lat="59.743064" lon="5.323060">
        <ele>51</ele>
      </trkpt>
      <trkpt lat="59.744601" lon="5.320900">
        <ele>38.3</ele>
      </trkpt>
      <trkpt lat="59.744825" lon="5.320709">
        <ele>35.7</ele>
      </trkpt>
      <trkpt lat="59.745108" lon="5.320602">
        <ele>31.7</ele>
      </trkpt>
      <trkpt lat="59.745289" lon="5.320663">
        <ele>30.5</ele>
      </trkpt>
      <trkpt lat="59.745874" lon="5.321179">
        <ele>33</ele>
      </trkpt>
      <trkpt lat="59.746167" lon="5.321613">
        <ele>35.8</ele>
      </trkpt>
      <trkpt lat="59.746381" lon="5.321805">
        <ele>34.2</ele>
      </trkpt>
      <trkpt lat="59.746587" lon="5.321862">
        <ele>32.2</ele>
      </trkpt>
      <trkpt lat="59.747178" lon="5.321735">
        <ele>24.6</ele>
      </trkpt>
      <trkpt lat="59.747318" lon="5.321607">
        <ele>25.8</ele>
      </trkpt>
      <trkpt lat="59.747431" lon="5.321352">
        <ele>28.6</ele>
      </trkpt>
      <trkpt lat="59.747445" lon="5.321099">
        <ele>29.8</ele>
      </trkpt>
      <trkpt lat="59.747360" lon="5.320749">
        <ele>29.2</ele>
      </trkpt>
      <trkpt lat="59.747098" lon="5.320091">
        <ele>26.7</ele>
      </trkpt>
      <trkpt lat="59.746537" lon="5.318305">
        <ele>16.3</ele>
      </trkpt>
      <trkpt lat="59.746476" lon="5.317880">
        <ele>15.8</ele>
      </trkpt>
      <trkpt lat="59.746409" lon="5.316851">
        <ele>16.4</ele>
      </trkpt>
      <trkpt lat="59.746322" lon="5.316448">
        <ele>17.7</ele>
      </trkpt>
      <trkpt lat="59.746239" lon="5.316227">
        <ele>18.4</ele>
      </trkpt>
      <trkpt lat="59.746099" lon="5.315982">
        <ele>19.4</ele>
      </trkpt>
      <trkpt lat="59.745889" lon="5.315758">
        <ele>19.5</ele>
      </trkpt>
      <trkpt lat="59.745156" lon="5.315232">
        <ele>16.7</ele>
      </trkpt>
      <trkpt lat="59.744847" lon="5.314772">
        <ele>18.4</ele>
      </trkpt>
      <trkpt lat="59.744504" lon="5.314001">
        <ele>17.3</ele>
      </trkpt>
      <trkpt lat="59.744440" lon="5.313747">
        <ele>18.9</ele>
      </trkpt>
      <trkpt lat="59.744301" lon="5.311676">
        <ele>29.9</ele>
      </trkpt>
      <trkpt lat="59.744248" lon="5.311386">
        <ele>29.8</ele>
      </trkpt>
      <trkpt lat="59.744054" lon="5.310925">
        <ele>36</ele>
      </trkpt>
      <trkpt lat="59.743830" lon="5.310655">
        <ele>34.1</ele>
      </trkpt>
      <trkpt lat="59.743031" lon="5.309900">
        <ele>37.1</ele>
      </trkpt>
      <trkpt lat="59.742462" lon="5.309292">
        <ele>40.3</ele>
      </trkpt>
      <trkpt lat="59.742107" lon="5.308652">
        <ele>44.7</ele>
      </trkpt>
      <trkpt lat="59.740479" lon="5.305296">
        <ele>69.9</ele>
      </trkpt>
      <trkpt lat="59.740090" lon="5.304685">
        <ele>65.4</ele>
      </trkpt>
      <trkpt lat="59.738826" lon="5.303101">
        <ele>59.7</ele>
      </trkpt>
      <trkpt lat="59.737379" lon="5.301417">
        <ele>61.9</ele>
      </trkpt>
      <trkpt lat="59.736149" lon="5.299879">
        <ele>57.2</ele>
      </trkpt>
      <trkpt lat="59.734947" lon="5.298475">
        <ele>56.9</ele>
      </trkpt>
      <trkpt lat="59.734105" lon="5.297392">
        <ele>47.4</ele>
      </trkpt>
      <trkpt lat="59.733981" lon="5.297052">
        <ele>45.8</ele>
      </trkpt>
      <trkpt lat="59.733939" lon="5.296765">
        <ele>44.1</ele>
      </trkpt>
      <trkpt lat="59.733930" lon="5.296426">
        <ele>42.6</ele>
      </trkpt>
      <trkpt lat="59.733980" lon="5.296098">
        <ele>43.7</ele>
      </trkpt>
      <trkpt lat="59.734049" lon="5.295882">
        <ele>43.3</ele>
      </trkpt>
      <trkpt lat="59.734441" lon="5.295479">
        <ele>52.7</ele>
      </trkpt>
      <trkpt lat="59.734609" lon="5.295247">
        <ele>57.5</ele>
      </trkpt>
      <trkpt lat="59.734665" lon="5.294991">
        <ele>63.1</ele>
      </trkpt>
      <trkpt lat="59.734650" lon="5.294759">
        <ele>64.6</ele>
      </trkpt>
      <trkpt lat="59.734551" lon="5.294426">
        <ele>62.5</ele>
      </trkpt>
      <trkpt lat="59.733428" lon="5.291880">
        <ele>59.5</ele>
      </trkpt>
      <trkpt lat="59.733171" lon="5.291492">
        <ele>64.2</ele>
      </trkpt>
      <trkpt lat="59.732453" lon="5.290866">
        <ele>50.2</ele>
      </trkpt>
      <trkpt lat="59.731972" lon="5.290376">
        <ele>49</ele>
      </trkpt>
      <trkpt lat="59.731223" lon="5.289259">
        <ele>44</ele>
      </trkpt>
      <trkpt lat="59.730848" lon="5.288599">
        <ele>42.9</ele>
      </trkpt>
      <trkpt lat="59.730748" lon="5.288309">
        <ele>40.1</ele>
      </trkpt>
      <trkpt lat="59.730703" lon="5.287882">
        <ele>40.9</ele>
      </trkpt>
      <trkpt lat="59.730763" lon="5.287402">
        <ele>42.2</ele>
      </trkpt>
      <trkpt lat="59.731382" lon="5.285489">
        <ele>61.2</ele>
      </trkpt>
      <trkpt lat="59.731802" lon="5.284377">
        <ele>59.6</ele>
      </trkpt>
      <trkpt lat="59.732666" lon="5.282609">
        <ele>71.3</ele>
      </trkpt>
      <trkpt lat="59.732953" lon="5.281876">
        <ele>69.6</ele>
      </trkpt>
      <trkpt lat="59.733056" lon="5.281521">
        <ele>69.4</ele>
      </trkpt>
      <trkpt lat="59.733119" lon="5.281188">
        <ele>68</ele>
      </trkpt>
      <trkpt lat="59.733125" lon="5.280752">
        <ele>66.8</ele>
      </trkpt>
      <trkpt lat="59.732893" lon="5.279253">
        <ele>68</ele>
      </trkpt>
      <trkpt lat="59.732861" lon="5.278926">
        <ele>70</ele>
      </trkpt>
      <trkpt lat="59.732859" lon="5.278452">
        <ele>69.9</ele>
      </trkpt>
      <trkpt lat="59.733104" lon="5.276411">
        <ele>48.3</ele>
      </trkpt>
      <trkpt lat="59.733489" lon="5.275095">
        <ele>40.2</ele>
      </trkpt>
      <trkpt lat="59.733616" lon="5.274543">
        <ele>35.5</ele>
      </trkpt>
      <trkpt lat="59.733736" lon="5.274183">
        <ele>32</ele>
      </trkpt>
      <trkpt lat="59.734008" lon="5.273654">
        <ele>22.9</ele>
      </trkpt>
      <trkpt lat="59.734295" lon="5.273457">
        <ele>19.1</ele>
      </trkpt>
      <trkpt lat="59.734611" lon="5.273443">
        <ele>21.1</ele>
      </trkpt>
      <trkpt lat="59.735162" lon="5.273807">
        <ele>29.1</ele>
      </trkpt>
      <trkpt lat="59.735374" lon="5.273870">
        <ele>31.5</ele>
      </trkpt>
      <trkpt lat="59.735741" lon="5.273621">
        <ele>26.2</ele>
      </trkpt>
      <trkpt lat="59.736379" lon="5.272991">
        <ele>17.1</ele>
      </trkpt>
      <trkpt lat="59.737124" lon="5.272715">
        <ele>24.4</ele>
      </trkpt>
      <trkpt lat="59.737939" lon="5.271873">
        <ele>20.6</ele>
      </trkpt>
      <trkpt lat="59.738515" lon="5.271784">
        <ele>27.7</ele>
      </trkpt>
      <trkpt lat="59.738974" lon="5.271092">
        <ele>14.5</ele>
      </trkpt>
      <trkpt lat="59.739113" lon="5.270948">
        <ele>15.4</ele>
      </trkpt>
      <trkpt lat="59.739370" lon="5.270800">
        <ele>13.6</ele>
      </trkpt>
      <trkpt lat="59.739574" lon="5.270775">
        <ele>16.5</ele>
      </trkpt>
      <trkpt lat="59.740136" lon="5.270963">
        <ele>24.3</ele>
      </trkpt>
      <trkpt lat="59.741112" lon="5.271596">
        <ele>30.2</ele>
      </trkpt>
      <trkpt lat="59.741795" lon="5.271890">
        <ele>26.8</ele>
      </trkpt>
      <trkpt lat="59.742114" lon="5.272167">
        <ele>26.1</ele>
      </trkpt>
      <trkpt lat="59.742832" lon="5.273092">
        <ele>38.9</ele>
      </trkpt>
      <trkpt lat="59.743107" lon="5.273289">
        <ele>41.7</ele>
      </trkpt>
      <trkpt lat="59.743386" lon="5.273384">
        <ele>41.2</ele>
      </trkpt>
      <trkpt lat="59.743772" lon="5.273405">
        <ele>41</ele>
      </trkpt>
      <trkpt lat="59.744147" lon="5.273336">
        <ele>40.5</ele>
      </trkpt>
      <trkpt lat="59.744577" lon="5.273066">
        <ele>37.6</ele>
      </trkpt>
      <trkpt lat="59.745087" lon="5.272388">
        <ele>38</ele>
      </trkpt>
      <trkpt lat="59.745900" lon="5.270906">
        <ele>35.9</ele>
      </trkpt>
      <trkpt lat="59.746055" lon="5.270531">
        <ele>33.4</ele>
      </trkpt>
      <trkpt lat="59.746433" lon="5.269354">
        <ele>27.1</ele>
      </trkpt>
      <trkpt lat="59.746786" lon="5.268782">
        <ele>23.8</ele>
      </trkpt>
      <trkpt lat="59.747398" lon="5.268228">
        <ele>19.4</ele>
      </trkpt>
      <trkpt lat="59.747611" lon="5.268167">
        <ele>19.1</ele>
      </trkpt>
      <trkpt lat="59.747885" lon="5.268173">
        <ele>18.2</ele>
      </trkpt>
      <trkpt lat="59.748181" lon="5.268236">
        <ele>16.8</ele>
      </trkpt>
      <trkpt lat="59.748927" lon="5.268795">
        <ele>23</ele>
      </trkpt>
      <trkpt lat="59.749153" lon="5.268838">
        <ele>23.9</ele>
      </trkpt>
      <trkpt lat="59.749282" lon="5.268741">
        <ele>25.6</ele>
      </trkpt>
      <trkpt lat="59.749732" lon="5.267994">
        <ele>21.6</ele>
      </trkpt>
      <trkpt lat="59.750095" lon="5.267642">
        <ele>25.6</ele>
      </trkpt>
      <trkpt lat="59.750161" lon="5.267444">
        <ele>27.9</ele>
      </trkpt>
      <trkpt lat="59.750206" lon="5.267242">
        <ele>27.7</ele>
      </trkpt>
      <trkpt lat="59.750201" lon="5.266989">
        <ele>28.4</ele>
      </trkpt>
      <trkpt lat="59.750131" lon="5.266683">
        <ele>30.1</ele>
      </trkpt>
      <trkpt lat="59.749600" lon="5.265590">
        <ele>23.8</ele>
      </trkpt>
      <trkpt lat="59.749371" lon="5.264704">
        <ele>24.8</ele>
      </trkpt>
      <trkpt lat="59.748989" lon="5.263802">
        <ele>27.7</ele>
      </trkpt>
      <trkpt lat="59.748600" lon="5.263303">
        <ele>22.8</ele>
      </trkpt>
      <trkpt lat="59.748303" lon="5.262732">
        <ele>33.2</ele>
      </trkpt>
      <trkpt lat="59.747264" lon="5.261527">
        <ele>27.7</ele>
      </trkpt>
      <trkpt lat="59.746951" lon="5.260925">
        <ele>27.9</ele>
      </trkpt>
      <trkpt lat="59.746572" lon="5.260490">
        <ele>28.3</ele>
      </trkpt>
      <trkpt lat="59.745685" lon="5.258751">
        <ele>35.4</ele>
      </trkpt>
      <trkpt lat="59.745567" lon="5.258381">
        <ele>36.8</ele>
      </trkpt>
      <trkpt lat="59.745552" lon="5.258076">
        <ele>37.3</ele>
      </trkpt>
      <trkpt lat="59.745610" lon="5.257744">
        <ele>37.5</ele>
      </trkpt>
      <trkpt lat="59.745725" lon="5.257511">
        <ele>38.5</ele>
      </trkpt>
      <trkpt lat="59.746129" lon="5.257142">
        <ele>39.9</ele>
      </trkpt>
      <trkpt lat="59.746220" lon="5.256984">
        <ele>39.7</ele>
      </trkpt>
      <trkpt lat="59.746440" lon="5.256143">
        <ele>40</ele>
      </trkpt>
      <trkpt lat="59.747175" lon="5.254631">
        <ele>46.1</ele>
      </trkpt>
      <trkpt lat="59.747331" lon="5.254462">
        <ele>49.4</ele>
      </trkpt>
      <trkpt lat="59.747542" lon="5.254352">
        <ele>53.2</ele>
      </trkpt>
      <trkpt lat="59.748044" lon="5.254550">
        <ele>63.5</ele>
      </trkpt>
      <trkpt lat="59.748251" lon="5.254376">
        <ele>61.8</ele>
      </trkpt>
      <trkpt lat="59.748353" lon="5.254166">
        <ele>62.3</ele>
      </trkpt>
      <trkpt lat="59.748421" lon="5.253869">
        <ele>59.1</ele>
      </trkpt>
      <trkpt lat="59.748448" lon="5.253050">
        <ele>49.9</ele>
      </trkpt>
      <trkpt lat="59.748399" lon="5.252219">
        <ele>52.8</ele>
      </trkpt>
      <trkpt lat="59.748215" lon="5.251363">
        <ele>52.5</ele>
      </trkpt>
      <trkpt lat="59.747758" lon="5.249947">
        <ele>54.1</ele>
      </trkpt>
      <trkpt lat="59.747207" lon="5.248998">
        <ele>46.6</ele>
      </trkpt>
      <trkpt lat="59.747113" lon="5.248744">
        <ele>42.9</ele>
      </trkpt>
      <trkpt lat="59.747094" lon="5.248490">
        <ele>42.9</ele>
      </trkpt>
      <trkpt lat="59.747152" lon="5.248226">
        <ele>49.8</ele>
      </trkpt>
      <trkpt lat="59.747312" lon="5.247836">
        <ele>54.5</ele>
      </trkpt>
      <trkpt lat="59.747342" lon="5.247462">
        <ele>52.5</ele>
      </trkpt>
      <trkpt lat="59.747325" lon="5.246634">
        <ele>45.2</ele>
      </trkpt>
      <trkpt lat="59.747357" lon="5.246477">
        <ele>41.8</ele>
      </trkpt>
      <trkpt lat="59.747511" lon="5.246145">
        <ele>41.1</ele>
      </trkpt>
      <trkpt lat="59.747971" lon="5.245571">
        <ele>40.2</ele>
      </trkpt>
      <trkpt lat="59.748172" lon="5.245458">
        <ele>37.1</ele>
      </trkpt>
      <trkpt lat="59.748606" lon="5.245373">
        <ele>38.8</ele>
      </trkpt>
      <trkpt lat="59.749194" lon="5.244850">
        <ele>32.5</ele>
      </trkpt>
      <trkpt lat="59.749238" lon="5.244687">
        <ele>32</ele>
      </trkpt>
      <trkpt lat="59.749238" lon="5.244384">
        <ele>32.1</ele>
      </trkpt>
      <trkpt lat="59.749115" lon="5.242788">
        <ele>33.9</ele>
      </trkpt>
      <trkpt lat="59.749058" lon="5.242534">
        <ele>35.3</ele>
      </trkpt>
      <trkpt lat="59.748917" lon="5.242245">
        <ele>36.8</ele>
      </trkpt>
      <trkpt lat="59.748761" lon="5.242069">
        <ele>36.6</ele>
      </trkpt>
      <trkpt lat="59.748527" lon="5.241939">
        <ele>37.2</ele>
      </trkpt>
      <trkpt lat="59.748314" lon="5.241875">
        <ele>35.8</ele>
      </trkpt>
      <trkpt lat="59.748083" lon="5.241919">
        <ele>35.2</ele>
      </trkpt>
      <trkpt lat="59.747871" lon="5.242134">
        <ele>32.7</ele>
      </trkpt>
      <trkpt lat="59.747629" lon="5.242591">
        <ele>28.4</ele>
      </trkpt>
      <trkpt lat="59.747508" lon="5.242687">
        <ele>26.7</ele>
      </trkpt>
      <trkpt lat="59.747388" lon="5.242659">
        <ele>25</ele>
      </trkpt>
      <trkpt lat="59.747171" lon="5.242472">
        <ele>25.7</ele>
      </trkpt>
      <trkpt lat="59.746929" lon="5.242126">
        <ele>24.5</ele>
      </trkpt>
      <trkpt lat="59.746746" lon="5.241365">
        <ele>30.2</ele>
      </trkpt>
      <trkpt lat="59.746635" lon="5.241035">
        <ele>30.8</ele>
      </trkpt>
      <trkpt lat="59.746541" lon="5.240937">
        <ele>28.5</ele>
      </trkpt>
      <trkpt lat="59.746150" lon="5.240873">
        <ele>24.3</ele>
      </trkpt>
      <trkpt lat="59.746021" lon="5.240747">
        <ele>22.3</ele>
      </trkpt>
      <trkpt lat="59.745691" lon="5.240091">
        <ele>23.6</ele>
      </trkpt>
      <trkpt lat="59.745480" lon="5.239499">
        <ele>18.1</ele>
      </trkpt>
      <trkpt lat="59.745393" lon="5.239103">
        <ele>16.6</ele>
      </trkpt>
      <trkpt lat="59.745395" lon="5.238895">
        <ele>15.1</ele>
      </trkpt>
      <trkpt lat="59.745435" lon="5.238679">
        <ele>13.6</ele>
      </trkpt>
      <trkpt lat="59.745645" lon="5.238192">
        <ele>13.4</ele>
      </trkpt>
      <trkpt lat="59.745885" lon="5.237822">
        <ele>13.9</ele>
      </trkpt>
      <trkpt lat="59.746209" lon="5.237589">
        <ele>19.1</ele>
      </trkpt>
      <trkpt lat="59.746669" lon="5.237570">
        <ele>24.9</ele>
      </trkpt>
      <trkpt lat="59.746782" lon="5.237358">
        <ele>26.1</ele>
      </trkpt>
      <trkpt lat="59.746788" lon="5.237080">
        <ele>25.3</ele>
      </trkpt>
      <trkpt lat="59.746689" lon="5.236851">
        <ele>22.7</ele>
      </trkpt>
      <trkpt lat="59.746220" lon="5.236401">
        <ele>18.3</ele>
      </trkpt>
      <trkpt lat="59.746137" lon="5.236262">
        <ele>18</ele>
      </trkpt>
      <trkpt lat="59.746008" lon="5.235861">
        <ele>18.4</ele>
      </trkpt>
      <trkpt lat="59.745967" lon="5.235631">
        <ele>20</ele>
      </trkpt>
      <trkpt lat="59.745962" lon="5.235368">
        <ele>21.7</ele>
      </trkpt>
      <trkpt lat="59.746033" lon="5.234759">
        <ele>24.7</ele>
      </trkpt>
      <trkpt lat="59.746030" lon="5.234554">
        <ele>26.6</ele>
      </trkpt>
      <trkpt lat="59.745995" lon="5.234355">
        <ele>28</ele>
      </trkpt>
      <trkpt lat="59.745672" lon="5.233566">
        <ele>24.2</ele>
      </trkpt>
      <trkpt lat="59.745396" lon="5.233075">
        <ele>20.2</ele>
      </trkpt>
      <trkpt lat="59.744205" lon="5.231365">
        <ele>19.8</ele>
      </trkpt>
      <trkpt lat="59.743982" lon="5.231100">
        <ele>20.6</ele>
      </trkpt>
      <trkpt lat="59.743788" lon="5.231025">
        <ele>21</ele>
      </trkpt>
      <trkpt lat="59.743522" lon="5.231167">
        <ele>22</ele>
      </trkpt>
      <trkpt lat="59.743164" lon="5.231565">
        <ele>23.5</ele>
      </trkpt>
      <trkpt lat="59.742964" lon="5.231608">
        <ele>24.1</ele>
      </trkpt>
      <trkpt lat="59.742264" lon="5.231273">
        <ele>25.6</ele>
      </trkpt>
      <trkpt lat="59.741792" lon="5.231258">
        <ele>24</ele>
      </trkpt>
      <trkpt lat="59.740882" lon="5.231345">
        <ele>17.5</ele>
      </trkpt>
      <trkpt lat="59.740521" lon="5.231136">
        <ele>15.9</ele>
      </trkpt>
      <trkpt lat="59.740198" lon="5.231085">
        <ele>14.7</ele>
      </trkpt>
      <trkpt lat="59.740028" lon="5.231256">
        <ele>14.1</ele>
      </trkpt>
      <trkpt lat="59.739493" lon="5.233030">
        <ele>17.5</ele>
      </trkpt>
      <trkpt lat="59.739326" lon="5.233195">
        <ele>21</ele>
      </trkpt>
      <trkpt lat="59.739174" lon="5.233170">
        <ele>21.8</ele>
      </trkpt>
      <trkpt lat="59.738760" lon="5.232739">
        <ele>17.9</ele>
      </trkpt>
      <trkpt lat="59.738461" lon="5.232323">
        <ele>16.6</ele>
      </trkpt>
      <trkpt lat="59.737877" lon="5.231728">
        <ele>15.9</ele>
      </trkpt>
      <trkpt lat="59.737566" lon="5.231456">
        <ele>13.8</ele>
      </trkpt>
      <trkpt lat="59.737212" lon="5.231286">
        <ele>12.3</ele>
      </trkpt>
      <trkpt lat="59.736702" lon="5.231834">
        <ele>15.7</ele>
      </trkpt>
      <trkpt lat="59.735984" lon="5.232257">
        <ele>7</ele>
      </trkpt>
      <trkpt lat="59.735610" lon="5.232194">
        <ele>0.9</ele>
      </trkpt>
      <trkpt lat="59.735155" lon="5.232215">
        <ele>11.8</ele>
      </trkpt>
      <trkpt lat="59.734800" lon="5.232375">
        <ele>13.8</ele>
      </trkpt>
      <trkpt lat="59.734295" lon="5.232787">
        <ele>19.3</ele>
      </trkpt>
      <trkpt lat="59.733599" lon="5.233452">
        <ele>22.3</ele>
      </trkpt>
      <trkpt lat="59.732788" lon="5.233546">
        <ele>30.4</ele>
      </trkpt>
      <trkpt lat="59.732457" lon="5.233954">
        <ele>32.1</ele>
      </trkpt>
      <trkpt lat="59.730530" lon="5.236650">
        <ele>25.9</ele>
      </trkpt>
      <trkpt lat="59.730305" lon="5.236851">
        <ele>25.8</ele>
      </trkpt>
      <trkpt lat="59.728625" lon="5.237194">
        <ele>27.2</ele>
      </trkpt>
      <trkpt lat="59.728331" lon="5.237179">
        <ele>27.7</ele>
      </trkpt>
      <trkpt lat="59.728211" lon="5.237057">
        <ele>30.6</ele>
      </trkpt>
      <trkpt lat="59.728117" lon="5.237041">
        <ele>30.6</ele>
      </trkpt>
      <trkpt lat="59.727170" lon="5.235902">
        <ele>34.1</ele>
      </trkpt>
      <trkpt lat="59.727073" lon="5.235854">
        <ele>34.2</ele>
      </trkpt>
      <trkpt lat="59.726957" lon="5.235614">
        <ele>34.4</ele>
      </trkpt>
      <trkpt lat="59.725773" lon="5.234114">
        <ele>41.5</ele>
      </trkpt>
      <trkpt lat="59.725356" lon="5.233416">
        <ele>41</ele>
      </trkpt>
      <trkpt lat="59.724953" lon="5.233029">
        <ele>31.1</ele>
      </trkpt>
      <trkpt lat="59.724688" lon="5.232547">
        <ele>22</ele>
      </trkpt>
      <trkpt lat="59.724286" lon="5.231586">
        <ele>19.5</ele>
      </trkpt>
      <trkpt lat="59.723530" lon="5.230427">
        <ele>26.5</ele>
      </trkpt>
      <trkpt lat="59.723141" lon="5.229102">
        <ele>38.7</ele>
      </trkpt>
      <trkpt lat="59.723045" lon="5.228871">
        <ele>40.1</ele>
      </trkpt>
      <trkpt lat="59.721970" lon="5.226961">
        <ele>38.1</ele>
      </trkpt>
      <trkpt lat="59.719239" lon="5.221322">
        <ele>37.5</ele>
      </trkpt>
      <trkpt lat="59.718420" lon="5.220027">
        <ele>35.8</ele>
      </trkpt>
      <trkpt lat="59.718220" lon="5.219805">
        <ele>34.4</ele>
      </trkpt>
      <trkpt lat="59.717920" lon="5.219590">
        <ele>32.4</ele>
      </trkpt>
      <trkpt lat="59.716940" lon="5.219152">
        <ele>32.6</ele>
      </trkpt>
      <trkpt lat="59.716050" lon="5.218353">
        <ele>43.4</ele>
      </trkpt>
      <trkpt lat="59.715674" lon="5.217928">
        <ele>41.8</ele>
      </trkpt>
      <trkpt lat="59.715522" lon="5.217694">
        <ele>40.2</ele>
      </trkpt>
      <trkpt lat="59.715294" lon="5.217487">
        <ele>36.8</ele>
      </trkpt>
      <trkpt lat="59.715162" lon="5.217477">
        <ele>36.5</ele>
      </trkpt>
      <trkpt lat="59.714981" lon="5.217587">
        <ele>34.6</ele>
      </trkpt>
      <trkpt lat="59.714474" lon="5.215448">
        <ele>53.7</ele>
      </trkpt>
      <trkpt lat="59.713986" lon="5.213932">
        <ele>65.4</ele>
      </trkpt>
      <trkpt lat="59.713345" lon="5.212459">
        <ele>60.7</ele>
      </trkpt>
      <trkpt lat="59.712667" lon="5.211282">
        <ele>67</ele>
      </trkpt>
      <trkpt lat="59.712068" lon="5.210472">
        <ele>62.1</ele>
      </trkpt>
      <trkpt lat="59.711392" lon="5.209759">
        <ele>53.1</ele>
      </trkpt>
      <trkpt lat="59.710813" lon="5.209292">
        <ele>51.6</ele>
      </trkpt>
      <trkpt lat="59.709181" lon="5.208161">
        <ele>53.3</ele>
      </trkpt>
      <trkpt lat="59.708144" lon="5.207168">
        <ele>54.4</ele>
      </trkpt>
      <trkpt lat="59.707611" lon="5.206536">
        <ele>53.5</ele>
      </trkpt>
      <trkpt lat="59.707058" lon="5.205777">
        <ele>51.3</ele>
      </trkpt>
      <trkpt lat="59.706419" lon="5.204772">
        <ele>49.9</ele>
      </trkpt>
      <trkpt lat="59.706031" lon="5.204031">
        <ele>50.3</ele>
      </trkpt>
      <trkpt lat="59.706035" lon="5.203907">
        <ele>50.5</ele>
      </trkpt>
      <trkpt lat="59.705914" lon="5.203547">
        <ele>50.6</ele>
      </trkpt>
      <trkpt lat="59.706151" lon="5.203070">
        <ele>49.3</ele>
      </trkpt>
      <trkpt lat="59.706325" lon="5.202823">
        <ele>48.8</ele>
      </trkpt>
      <trkpt lat="59.706991" lon="5.202274">
        <ele>48.6</ele>
      </trkpt>
      <trkpt lat="59.707184" lon="5.201955">
        <ele>48.3</ele>
      </trkpt>
      <trkpt lat="59.707304" lon="5.201633">
        <ele>48.2</ele>
      </trkpt>
      <trkpt lat="59.707433" lon="5.200940">
        <ele>48.6</ele>
      </trkpt>
      <trkpt lat="59.707439" lon="5.200370">
        <ele>48.9</ele>
      </trkpt>
      <trkpt lat="59.707347" lon="5.199775">
        <ele>49.7</ele>
      </trkpt>
      <trkpt lat="59.707180" lon="5.199280">
        <ele>47.9</ele>
      </trkpt>
      <trkpt lat="59.706691" lon="5.198098">
        <ele>48.6</ele>
      </trkpt>
      <trkpt lat="59.705997" lon="5.196123">
        <ele>41.1</ele>
      </trkpt>
      <trkpt lat="59.704434" lon="5.192154">
        <ele>36.6</ele>
      </trkpt>
      <trkpt lat="59.704209" lon="5.191688">
        <ele>37.8</ele>
      </trkpt>
      <trkpt lat="59.703891" lon="5.191092">
        <ele>35.4</ele>
      </trkpt>
      <trkpt lat="59.703335" lon="5.190261">
        <ele>31.4</ele>
      </trkpt>
      <trkpt lat="59.702966" lon="5.190053">
        <ele>30</ele>
      </trkpt>
      <trkpt lat="59.702680" lon="5.189984">
        <ele>29.4</ele>
      </trkpt>
      <trkpt lat="59.702412" lon="5.189810">
        <ele>28.6</ele>
      </trkpt>
      <trkpt lat="59.702200" lon="5.189404">
        <ele>28.5</ele>
      </trkpt>
      <trkpt lat="59.701490" lon="5.186870">
        <ele>24.7</ele>
      </trkpt>
      <trkpt lat="59.700801" lon="5.184897">
        <ele>16.6</ele>
      </trkpt>
      <trkpt lat="59.700267" lon="5.182989">
        <ele>16.5</ele>
      </trkpt>
      <trkpt lat="59.700094" lon="5.182466">
        <ele>17</ele>
      </trkpt>
      <trkpt lat="59.698388" lon="5.178701">
        <ele>18.2</ele>
      </trkpt>
      <trkpt lat="59.697860" lon="5.177705">
        <ele>12.8</ele>
      </trkpt>
      <trkpt lat="59.697597" lon="5.177343">
        <ele>12.9</ele>
      </trkpt>
      <trkpt lat="59.696644" lon="5.176723">
        <ele>12.7</ele>
      </trkpt>
      <trkpt lat="59.696463" lon="5.176764">
        <ele>12.8</ele>
      </trkpt>
      <trkpt lat="59.695970" lon="5.177191">
        <ele>17.4</ele>
      </trkpt>
      <trkpt lat="59.695803" lon="5.177222">
        <ele>18.3</ele>
      </trkpt>
      <trkpt lat="59.695058" lon="5.176988">
        <ele>22.4</ele>
      </trkpt>
      <trkpt lat="59.694488" lon="5.176884">
        <ele>22.7</ele>
      </trkpt>
      <trkpt lat="59.693554" lon="5.176488">
        <ele>23</ele>
      </trkpt>
      <trkpt lat="59.693261" lon="5.176470">
        <ele>23.7</ele>
      </trkpt>
      <trkpt lat="59.692941" lon="5.176565">
        <ele>25.9</ele>
      </trkpt>
      <trkpt lat="59.692698" lon="5.176701">
        <ele>27.2</ele>
      </trkpt>
      <trkpt lat="59.692173" lon="5.177258">
        <ele>27.6</ele>
      </trkpt>
      <trkpt lat="59.691465" lon="5.178426">
        <ele>31.1</ele>
      </trkpt>
      <trkpt lat="59.691404" lon="5.178637">
        <ele>32.2</ele>
      </trkpt>
      <trkpt lat="59.691343" lon="5.179133">
        <ele>31.3</ele>
      </trkpt>
      <trkpt lat="59.690975" lon="5.179046">
        <ele>35.7</ele>
      </trkpt>
      <trkpt lat="59.690913" lon="5.179159">
        <ele>35.7</ele>
      </trkpt>
      <trkpt lat="59.690323" lon="5.179121">
        <ele>47.3</ele>
      </trkpt>
      <trkpt lat="59.690321" lon="5.179423">
        <ele>45.5</ele>
      </trkpt>
      <trkpt lat="59.690061" lon="5.179970">
        <ele>44</ele>
      </trkpt>
      <trkpt lat="59.689449" lon="5.181448">
        <ele>47.7</ele>
      </trkpt>
      <trkpt lat="59.689260" lon="5.181810">
        <ele>48</ele>
      </trkpt>
      <trkpt lat="59.687390" lon="5.184763">
        <ele>47.3</ele>
      </trkpt>
      <trkpt lat="59.686948" lon="5.185361">
        <ele>45</ele>
      </trkpt>
      <trkpt lat="59.686236" lon="5.186206">
        <ele>46.2</ele>
      </trkpt>
      <trkpt lat="59.685569" lon="5.186761">
        <ele>45.7</ele>
      </trkpt>
      <trkpt lat="59.685349" lon="5.186844">
        <ele>41.5</ele>
      </trkpt>
      <trkpt lat="59.685162" lon="5.186778">
        <ele>40.3</ele>
      </trkpt>
      <trkpt lat="59.684971" lon="5.186510">
        <ele>39.2</ele>
      </trkpt>
      <trkpt lat="59.684540" lon="5.185140">
        <ele>43.9</ele>
      </trkpt>
      <trkpt lat="59.684401" lon="5.184838">
        <ele>42.9</ele>
      </trkpt>
      <trkpt lat="59.684218" lon="5.184615">
        <ele>41.8</ele>
      </trkpt>
      <trkpt lat="59.683851" lon="5.184367">
        <ele>39.7</ele>
      </trkpt>
      <trkpt lat="59.683647" lon="5.184155">
        <ele>39</ele>
      </trkpt>
      <trkpt lat="59.683327" lon="5.183638">
        <ele>40.3</ele>
      </trkpt>
      <trkpt lat="59.683197" lon="5.183150">
        <ele>41.8</ele>
      </trkpt>
      <trkpt lat="59.682827" lon="5.181233">
        <ele>37.9</ele>
      </trkpt>
      <trkpt lat="59.682665" lon="5.180597">
        <ele>38.3</ele>
      </trkpt>
      <trkpt lat="59.682306" lon="5.179620">
        <ele>43.9</ele>
      </trkpt>
      <trkpt lat="59.681748" lon="5.178287">
        <ele>41.5</ele>
      </trkpt>
      <trkpt lat="59.681671" lon="5.178171">
        <ele>41.5</ele>
      </trkpt>
      <trkpt lat="59.681460" lon="5.178078">
        <ele>38.6</ele>
      </trkpt>
      <trkpt lat="59.681403" lon="5.177990">
        <ele>38.6</ele>
      </trkpt>
      <trkpt lat="59.681379" lon="5.177862">
        <ele>39.1</ele>
      </trkpt>
      <trkpt lat="59.681392" lon="5.177600">
        <ele>39.5</ele>
      </trkpt>
      <trkpt lat="59.680932" lon="5.177579">
        <ele>36.4</ele>
      </trkpt>
      <trkpt lat="59.679977" lon="5.177830">
        <ele>34.9</ele>
      </trkpt>
      <trkpt lat="59.679510" lon="5.177891">
        <ele>32.3</ele>
      </trkpt>
      <trkpt lat="59.679037" lon="5.177810">
        <ele>35.1</ele>
      </trkpt>
      <trkpt lat="59.678383" lon="5.177464">
        <ele>35.2</ele>
      </trkpt>
      <trkpt lat="59.674484" lon="5.174649">
        <ele>31.8</ele>
      </trkpt>
      <trkpt lat="59.674003" lon="5.174099">
        <ele>35.5</ele>
      </trkpt>
      <trkpt lat="59.673214" lon="5.172719">
        <ele>37.6</ele>
      </trkpt>
      <trkpt lat="59.672979" lon="5.172380">
        <ele>34.1</ele>
      </trkpt>
      <trkpt lat="59.672572" lon="5.172012">
        <ele>33.4</ele>
      </trkpt>
      <trkpt lat="59.672203" lon="5.171865">
        <ele>34.1</ele>
      </trkpt>
      <trkpt lat="59.671844" lon="5.171869">
        <ele>36.9</ele>
      </trkpt>
      <trkpt lat="59.671580" lon="5.171964">
        <ele>41.4</ele>
      </trkpt>
      <trkpt lat="59.671323" lon="5.172139">
        <ele>41.9</ele>
      </trkpt>
      <trkpt lat="59.671064" lon="5.172412">
        <ele>45.6</ele>
      </trkpt>
      <trkpt lat="59.670681" lon="5.173012">
        <ele>49.5</ele>
      </trkpt>
      <trkpt lat="59.668768" lon="5.176380">
        <ele>73.3</ele>
      </trkpt>
      <trkpt lat="59.668508" lon="5.176729">
        <ele>71.6</ele>
      </trkpt>
      <trkpt lat="59.668077" lon="5.177074">
        <ele>70.5</ele>
      </trkpt>
      <trkpt lat="59.667794" lon="5.177172">
        <ele>69.3</ele>
      </trkpt>
      <trkpt lat="59.667525" lon="5.177183">
        <ele>67.9</ele>
      </trkpt>
      <trkpt lat="59.667106" lon="5.177066">
        <ele>66.9</ele>
      </trkpt>
      <trkpt lat="59.664820" lon="5.176036">
        <ele>58.8</ele>
      </trkpt>
      <trkpt lat="59.664408" lon="5.175721">
        <ele>61.9</ele>
      </trkpt>
      <trkpt lat="59.664207" lon="5.175498">
        <ele>63.5</ele>
      </trkpt>
      <trkpt lat="59.662929" lon="5.173771">
        <ele>63.6</ele>
      </trkpt>
      <trkpt lat="59.662495" lon="5.173307">
        <ele>58.8</ele>
      </trkpt>
      <trkpt lat="59.661961" lon="5.172976">
        <ele>49.8</ele>
      </trkpt>
      <trkpt lat="59.661438" lon="5.172859">
        <ele>47.2</ele>
      </trkpt>
      <trkpt lat="59.658505" lon="5.172645">
        <ele>47.4</ele>
      </trkpt>
      <trkpt lat="59.658151" lon="5.172714">
        <ele>51.6</ele>
      </trkpt>
      <trkpt lat="59.657781" lon="5.172861">
        <ele>54.3</ele>
      </trkpt>
      <trkpt lat="59.657342" lon="5.173145">
        <ele>57.5</ele>
      </trkpt>
      <trkpt lat="59.656400" lon="5.173998">
        <ele>57</ele>
      </trkpt>
      <trkpt lat="59.655961" lon="5.174309">
        <ele>51</ele>
      </trkpt>
      <trkpt lat="59.655487" lon="5.174543">
        <ele>51.3</ele>
      </trkpt>
      <trkpt lat="59.654541" lon="5.174896">
        <ele>49.5</ele>
      </trkpt>
      <trkpt lat="59.651464" lon="5.176673">
        <ele>43.5</ele>
      </trkpt>
      <trkpt lat="59.650999" lon="5.177073">
        <ele>42.7</ele>
      </trkpt>
      <trkpt lat="59.650671" lon="5.177473">
        <ele>40.5</ele>
      </trkpt>
      <trkpt lat="59.650354" lon="5.177978">
        <ele>40</ele>
      </trkpt>
      <trkpt lat="59.649557" lon="5.179648">
        <ele>44.1</ele>
      </trkpt>
      <trkpt lat="59.649260" lon="5.180177">
        <ele>47.9</ele>
      </trkpt>
      <trkpt lat="59.648875" lon="5.180726">
        <ele>48.6</ele>
      </trkpt>
      <trkpt lat="59.648499" lon="5.181143">
        <ele>45.2</ele>
      </trkpt>
      <trkpt lat="59.648129" lon="5.181460">
        <ele>43.2</ele>
      </trkpt>
      <trkpt lat="59.647744" lon="5.181702">
        <ele>42.1</ele>
      </trkpt>
      <trkpt lat="59.647337" lon="5.181871">
        <ele>40.5</ele>
      </trkpt>
      <trkpt lat="59.646022" lon="5.182167">
        <ele>39.9</ele>
      </trkpt>
      <trkpt lat="59.645562" lon="5.182406">
        <ele>41.1</ele>
      </trkpt>
      <trkpt lat="59.645067" lon="5.182821">
        <ele>43.5</ele>
      </trkpt>
      <trkpt lat="59.642790" lon="5.185491">
        <ele>32.6</ele>
      </trkpt>
      <trkpt lat="59.642320" lon="5.185908">
        <ele>30.5</ele>
      </trkpt>
      <trkpt lat="59.641937" lon="5.186143">
        <ele>29.8</ele>
      </trkpt>
      <trkpt lat="59.640949" lon="5.186580">
        <ele>31.9</ele>
      </trkpt>
      <trkpt lat="59.640547" lon="5.186827">
        <ele>33.2</ele>
      </trkpt>
      <trkpt lat="59.640109" lon="5.187194">
        <ele>33</ele>
      </trkpt>
      <trkpt lat="59.638933" lon="5.188410">
        <ele>34</ele>
      </trkpt>
      <trkpt lat="59.638409" lon="5.188746">
        <ele>29.5</ele>
      </trkpt>
      <trkpt lat="59.637963" lon="5.188903">
        <ele>27.9</ele>
      </trkpt>
      <trkpt lat="59.637476" lon="5.188944">
        <ele>25.9</ele>
      </trkpt>
      <trkpt lat="59.636933" lon="5.188868">
        <ele>28.4</ele>
      </trkpt>
      <trkpt lat="59.633247" lon="5.187641">
        <ele>28.5</ele>
      </trkpt>
      <trkpt lat="59.632931" lon="5.187588">
        <ele>28.3</ele>
      </trkpt>
      <trkpt lat="59.632333" lon="5.187596">
        <ele>26.3</ele>
      </trkpt>
      <trkpt lat="59.632309" lon="5.187124">
        <ele>27.9</ele>
      </trkpt>
      <trkpt lat="59.632283" lon="5.187030">
        <ele>30.3</ele>
      </trkpt>
      <trkpt lat="59.632182" lon="5.186939">
        <ele>30.2</ele>
      </trkpt>
      <trkpt lat="59.631949" lon="5.187092">
        <ele>27.9</ele>
      </trkpt>
      <trkpt lat="59.630774" lon="5.186345">
        <ele>19.9</ele>
      </trkpt>
      <trkpt lat="59.630144" lon="5.186237">
        <ele>18.1</ele>
      </trkpt>
      <trkpt lat="59.628850" lon="5.186361">
        <ele>15.7</ele>
      </trkpt>
      <trkpt lat="59.628477" lon="5.186475">
        <ele>15.9</ele>
      </trkpt>
      <trkpt lat="59.627656" lon="5.187165">
        <ele>17.8</ele>
      </trkpt>
      <trkpt lat="59.627514" lon="5.187393">
        <ele>19.5</ele>
      </trkpt>
      <trkpt lat="59.627458" lon="5.187813">
        <ele>21.1</ele>
      </trkpt>
      <trkpt lat="59.627490" lon="5.188485">
        <ele>23.4</ele>
      </trkpt>
      <trkpt lat="59.627376" lon="5.189018">
        <ele>22.8</ele>
      </trkpt>
      <trkpt lat="59.627128" lon="5.189535">
        <ele>22.8</ele>
      </trkpt>
      <trkpt lat="59.626877" lon="5.190292">
        <ele>23.2</ele>
      </trkpt>
      <trkpt lat="59.626682" lon="5.190529">
        <ele>23.6</ele>
      </trkpt>
      <trkpt lat="59.626516" lon="5.190819">
        <ele>22.9</ele>
      </trkpt>
      <trkpt lat="59.626359" lon="5.191362">
        <ele>21.9</ele>
      </trkpt>
      <trkpt lat="59.626141" lon="5.192471">
        <ele>21.6</ele>
      </trkpt>
      <trkpt lat="59.626053" lon="5.192775">
        <ele>21.9</ele>
      </trkpt>
      <trkpt lat="59.625881" lon="5.193155">
        <ele>22.3</ele>
      </trkpt>
      <trkpt lat="59.625717" lon="5.193369">
        <ele>23.1</ele>
      </trkpt>
      <trkpt lat="59.625562" lon="5.193490">
        <ele>23.9</ele>
      </trkpt>
      <trkpt lat="59.625312" lon="5.193562">
        <ele>26.9</ele>
      </trkpt>
      <trkpt lat="59.624401" lon="5.193680">
        <ele>34.9</ele>
      </trkpt>
      <trkpt lat="59.623196" lon="5.194095">
        <ele>37.3</ele>
      </trkpt>
      <trkpt lat="59.622098" lon="5.194980">
        <ele>37.9</ele>
      </trkpt>
      <trkpt lat="59.621760" lon="5.195421">
        <ele>40.1</ele>
      </trkpt>
      <trkpt lat="59.621516" lon="5.195637">
        <ele>40.2</ele>
      </trkpt>
      <trkpt lat="59.621247" lon="5.195718">
        <ele>41.4</ele>
      </trkpt>
      <trkpt lat="59.620983" lon="5.195715">
        <ele>40.1</ele>
      </trkpt>
      <trkpt lat="59.620629" lon="5.196021">
        <ele>39.6</ele>
      </trkpt>
      <trkpt lat="59.620443" lon="5.196308">
        <ele>39.5</ele>
      </trkpt>
      <trkpt lat="59.619842" lon="5.196780">
        <ele>39.4</ele>
      </trkpt>
      <trkpt lat="59.619519" lon="5.197257">
        <ele>36.2</ele>
      </trkpt>
      <trkpt lat="59.619409" lon="5.197257">
        <ele>36.2</ele>
      </trkpt>
      <trkpt lat="59.619260" lon="5.197126">
        <ele>35.3</ele>
      </trkpt>
      <trkpt lat="59.619025" lon="5.197230">
        <ele>35.8</ele>
      </trkpt>
      <trkpt lat="59.617709" lon="5.198132">
        <ele>50.7</ele>
      </trkpt>
      <trkpt lat="59.617355" lon="5.198580">
        <ele>51.6</ele>
      </trkpt>
      <trkpt lat="59.617204" lon="5.198904">
        <ele>53.2</ele>
      </trkpt>
      <trkpt lat="59.616994" lon="5.199218">
        <ele>53.8</ele>
      </trkpt>
      <trkpt lat="59.616948" lon="5.199449">
        <ele>55.5</ele>
      </trkpt>
      <trkpt lat="59.616314" lon="5.200726">
        <ele>55.3</ele>
      </trkpt>
      <trkpt lat="59.616065" lon="5.201055">
        <ele>55.1</ele>
      </trkpt>
      <trkpt lat="59.615812" lon="5.201184">
        <ele>53.1</ele>
      </trkpt>
      <trkpt lat="59.615488" lon="5.201193">
        <ele>53.3</ele>
      </trkpt>
      <trkpt lat="59.614988" lon="5.200986">
        <ele>51.9</ele>
      </trkpt>
      <trkpt lat="59.614332" lon="5.200613">
        <ele>51.2</ele>
      </trkpt>
      <trkpt lat="59.614254" lon="5.200411">
        <ele>50.9</ele>
      </trkpt>
      <trkpt lat="59.614118" lon="5.200203">
        <ele>52.7</ele>
      </trkpt>
      <trkpt lat="59.613494" lon="5.200193">
        <ele>62.6</ele>
      </trkpt>
      <trkpt lat="59.611706" lon="5.199277">
        <ele>74.4</ele>
      </trkpt>
      <trkpt lat="59.610978" lon="5.199663">
        <ele>72.1</ele>
      </trkpt>
      <trkpt lat="59.609470" lon="5.199988">
        <ele>63.6</ele>
      </trkpt>
      <trkpt lat="59.609194" lon="5.200117">
        <ele>61.2</ele>
      </trkpt>
      <trkpt lat="59.609104" lon="5.200287">
        <ele>58.7</ele>
      </trkpt>
      <trkpt lat="59.609072" lon="5.200515">
        <ele>57.3</ele>
      </trkpt>
      <trkpt lat="59.609166" lon="5.201164">
        <ele>55.6</ele>
      </trkpt>
      <trkpt lat="59.609179" lon="5.201480">
        <ele>59.4</ele>
      </trkpt>
      <trkpt lat="59.609092" lon="5.201857">
        <ele>58.1</ele>
      </trkpt>
      <trkpt lat="59.608911" lon="5.202094">
        <ele>53.8</ele>
      </trkpt>
      <trkpt lat="59.608320" lon="5.202312">
        <ele>34.2</ele>
      </trkpt>
      <trkpt lat="59.608021" lon="5.202531">
        <ele>33.7</ele>
      </trkpt>
      <trkpt lat="59.607914" lon="5.202675">
        <ele>36.7</ele>
      </trkpt>
      <trkpt lat="59.607762" lon="5.203023">
        <ele>40.7</ele>
      </trkpt>
      <trkpt lat="59.607692" lon="5.203536">
        <ele>46.3</ele>
      </trkpt>
      <trkpt lat="59.607692" lon="5.203907">
        <ele>48.1</ele>
      </trkpt>
      <trkpt lat="59.607811" lon="5.205775">
        <ele>48.4</ele>
      </trkpt>
      <trkpt lat="59.607573" lon="5.206321">
        <ele>46.8</ele>
      </trkpt>
      <trkpt lat="59.607415" lon="5.206458">
        <ele>44.9</ele>
      </trkpt>
      <trkpt lat="59.605954" lon="5.207231">
        <ele>44</ele>
      </trkpt>
      <trkpt lat="59.605765" lon="5.207411">
        <ele>44.9</ele>
      </trkpt>
      <trkpt lat="59.605598" lon="5.207657">
        <ele>44.9</ele>
      </trkpt>
      <trkpt lat="59.605502" lon="5.207870">
        <ele>44.8</ele>
      </trkpt>
      <trkpt lat="59.605308" lon="5.208648">
        <ele>44</ele>
      </trkpt>
      <trkpt lat="59.605060" lon="5.210123">
        <ele>35.9</ele>
      </trkpt>
      <trkpt lat="59.604940" lon="5.210412">
        <ele>33.6</ele>
      </trkpt>
      <trkpt lat="59.604923" lon="5.210527">
        <ele>33.4</ele>
      </trkpt>
      <trkpt lat="59.604981" lon="5.210666">
        <ele>34.8</ele>
      </trkpt>
      <trkpt lat="59.604884" lon="5.211047">
        <ele>32.8</ele>
      </trkpt>
      <trkpt lat="59.604820" lon="5.211487">
        <ele>32.4</ele>
      </trkpt>
      <trkpt lat="59.604745" lon="5.211675">
        <ele>31.1</ele>
      </trkpt>
      <trkpt lat="59.604564" lon="5.211857">
        <ele>29.8</ele>
      </trkpt>
      <trkpt lat="59.604446" lon="5.211849">
        <ele>28.9</ele>
      </trkpt>
      <trkpt lat="59.604318" lon="5.211739">
        <ele>28.3</ele>
      </trkpt>
      <trkpt lat="59.604105" lon="5.211265">
        <ele>26.1</ele>
      </trkpt>
      <trkpt lat="59.603490" lon="5.209517">
        <ele>16.1</ele>
      </trkpt>
      <trkpt lat="59.603377" lon="5.209315">
        <ele>14.3</ele>
      </trkpt>
      <trkpt lat="59.603223" lon="5.209157">
        <ele>13.4</ele>
      </trkpt>
      <trkpt lat="59.602821" lon="5.209013">
        <ele>11.1</ele>
      </trkpt>
      <trkpt lat="59.602740" lon="5.208929">
        <ele>10.7</ele>
      </trkpt>
      <trkpt lat="59.602173" lon="5.208019">
        <ele>11.4</ele>
      </trkpt>
      <trkpt lat="59.602127" lon="5.207858">
        <ele>11.4</ele>
      </trkpt>
      <trkpt lat="59.602094" lon="5.207897">
        <ele>11.4</ele>
      </trkpt>
      <trkpt lat="59.602140" lon="5.208196">
        <ele>10.7</ele>
      </trkpt>
      <trkpt lat="59.602068" lon="5.208243">
        <ele>10.4</ele>
      </trkpt>
      <trkpt lat="59.601995" lon="5.208429">
        <ele>9.7</ele>
      </trkpt>
      <trkpt lat="59.602058" lon="5.209711">
        <ele>6.9</ele>
      </trkpt>
      <trkpt lat="59.602045" lon="5.209959">
        <ele>6.2</ele>
      </trkpt>
      <trkpt lat="59.601932" lon="5.210525">
        <ele>7.4</ele>
      </trkpt>
      <trkpt lat="59.601816" lon="5.210882">
        <ele>8.3</ele>
      </trkpt>
      <trkpt lat="59.601737" lon="5.211338">
        <ele>11.4</ele>
      </trkpt>
      <trkpt lat="59.601741" lon="5.214899">
        <ele>18.1</ele>
      </trkpt>
      <trkpt lat="59.601803" lon="5.215802">
        <ele>20.7</ele>
      </trkpt>
      <trkpt lat="59.601803" lon="5.218837">
        <ele>27.1</ele>
      </trkpt>
      <trkpt lat="59.601849" lon="5.220035">
        <ele>27.3</ele>
      </trkpt>
      <trkpt lat="59.601915" lon="5.220917">
        <ele>29</ele>
      </trkpt>
      <trkpt lat="59.602333" lon="5.224502">
        <ele>33.8</ele>
      </trkpt>
      <trkpt lat="59.602486" lon="5.225471">
        <ele>34.3</ele>
      </trkpt>
      <trkpt lat="59.602664" lon="5.226088">
        <ele>33.8</ele>
      </trkpt>
      <trkpt lat="59.602933" lon="5.226629">
        <ele>34.8</ele>
      </trkpt>
      <trkpt lat="59.604317" lon="5.229003">
        <ele>20</ele>
      </trkpt>
      <trkpt lat="59.605089" lon="5.231568">
        <ele>17.9</ele>
      </trkpt>
      <trkpt lat="59.605384" lon="5.232272">
        <ele>17</ele>
      </trkpt>
      <trkpt lat="59.605854" lon="5.233119">
        <ele>19.3</ele>
      </trkpt>
      <trkpt lat="59.607044" lon="5.235012">
        <ele>6.9</ele>
      </trkpt>
      <trkpt lat="59.607102" lon="5.235253">
        <ele>6.9</ele>
      </trkpt>
      <trkpt lat="59.607287" lon="5.235641">
        <ele>5.2</ele>
      </trkpt>
      <trkpt lat="59.607741" lon="5.236367">
        <ele>0.4</ele>
      </trkpt>
      <trkpt lat="59.607812" lon="5.236384">
        <ele>0.1</ele>
      </trkpt>
      <trkpt lat="59.607855" lon="5.236279">
        <ele>7.3</ele>
      </trkpt>
      <trkpt lat="59.608351" lon="5.236750">
        <ele>6.4</ele>
      </trkpt>
    </trkseg>
  </trk>
</gpx>