<?xml version="1.0" encoding="UTF-8" standalone="no" ?>
<gpx xmlns="http://www.topografix.com/GPX/1/1" xmlns:xsi="http://www.w3.org/2001/XMLSchema-instance" xsi:schemaLocation="http://www.topografix.com/GPX/1/1 http://www.topografix.com/GPX/1/1/gpx.xsd" version="1.1" creator="EditGPX">
  <metadata>
    <name>TK34</name>
  </metadata>
  <trk>
    <name><![CDATA[012: Tromsø – Brensholmen (DEVELOPED)]]></name>
    <desc><![CDATA[DEVELOPED

DEVELOPED]]></desc>
    <extensions>
      <line xmlns="http://www.topografix.com/GPX/gpx_style/0/2">
        <color>0432ff</color>
        <opacity>1</opacity>
        <width>4</width>
      </line>
    </extensions>
    <trkseg>
      <trkpt lat="69.607853" lon="18.032868">
      </trkpt>
      <trkpt lat="69.607850" lon="18.031290">
        <ele>1.4</ele>
      </trkpt>
      <trkpt lat="69.607769" lon="18.030765">
        <ele>1.8</ele>
      </trkpt>
      <trkpt lat="69.607648" lon="18.030498">
        <ele>1.4</ele>
      </trkpt>
      <trkpt lat="69.607426" lon="18.030481">
        <ele>1.7</ele>
      </trkpt>
      <trkpt lat="69.606379" lon="18.031333">
        <ele>0.8</ele>
      </trkpt>
      <trkpt lat="69.606189" lon="18.031393">
        <ele>0.8</ele>
      </trkpt>
      <trkpt lat="69.605672" lon="18.031150">
        <ele>0.8</ele>
      </trkpt>
      <trkpt lat="69.605096" lon="18.030580">
        <ele>0.8</ele>
      </trkpt>
      <trkpt lat="69.604822" lon="18.030475">
        <ele>0.8</ele>
      </trkpt>
      <trkpt lat="69.604446" lon="18.030595">
        <ele>0.8</ele>
      </trkpt>
      <trkpt lat="69.604096" lon="18.030812">
        <ele>1.6</ele>
      </trkpt>
      <trkpt lat="69.604034" lon="18.030918">
        <ele>1.9</ele>
      </trkpt>
      <trkpt lat="69.603537" lon="18.039961">
        <ele>1.7</ele>
      </trkpt>
      <trkpt lat="69.603455" lon="18.041019">
        <ele>2.2</ele>
      </trkpt>
      <trkpt lat="69.603141" lon="18.043020">
        <ele>2.6</ele>
      </trkpt>
      <trkpt lat="69.602938" lon="18.043848">
        <ele>2.8</ele>
      </trkpt>
      <trkpt lat="69.602545" lon="18.045017">
        <ele>3.8</ele>
      </trkpt>
      <trkpt lat="69.601388" lon="18.047547">
        <ele>6.7</ele>
      </trkpt>
      <trkpt lat="69.601454" lon="18.047985">
        <ele>7</ele>
      </trkpt>
      <trkpt lat="69.601617" lon="18.048827">
        <ele>7.4</ele>
      </trkpt>
      <trkpt lat="69.602100" lon="18.050607">
        <ele>9.6</ele>
      </trkpt>
      <trkpt lat="69.602213" lon="18.050904">
        <ele>9.7</ele>
      </trkpt>
      <trkpt lat="69.602487" lon="18.051556">
        <ele>8.2</ele>
      </trkpt>
      <trkpt lat="69.604017" lon="18.054714">
        <ele>0.7</ele>
      </trkpt>
      <trkpt lat="69.605626" lon="18.059666">
        <ele>7.7</ele>
      </trkpt>
      <trkpt lat="69.605840" lon="18.060147">
        <ele>9.4</ele>
      </trkpt>
      <trkpt lat="69.606606" lon="18.061253">
        <ele>15.9</ele>
      </trkpt>
      <trkpt lat="69.606953" lon="18.062176">
        <ele>17.3</ele>
      </trkpt>
      <trkpt lat="69.607143" lon="18.063048">
        <ele>18.4</ele>
      </trkpt>
      <trkpt lat="69.607302" lon="18.064183">
        <ele>19.9</ele>
      </trkpt>
      <trkpt lat="69.607480" lon="18.066726">
        <ele>24.9</ele>
      </trkpt>
      <trkpt lat="69.607662" lon="18.068500">
        <ele>27.6</ele>
      </trkpt>
      <trkpt lat="69.607941" lon="18.069778">
        <ele>26.9</ele>
      </trkpt>
      <trkpt lat="69.608309" lon="18.070658">
        <ele>27.2</ele>
      </trkpt>
      <trkpt lat="69.609786" lon="18.073518">
        <ele>23.6</ele>
      </trkpt>
      <trkpt lat="69.609446" lon="18.075574">
        <ele>18.4</ele>
      </trkpt>
      <trkpt lat="69.609336" lon="18.076647">
        <ele>17.8</ele>
      </trkpt>
      <trkpt lat="69.609260" lon="18.078526">
        <ele>17.2</ele>
      </trkpt>
      <trkpt lat="69.609285" lon="18.080118">
        <ele>18.2</ele>
      </trkpt>
      <trkpt lat="69.609645" lon="18.087096">
        <ele>21.9</ele>
      </trkpt>
      <trkpt lat="69.610525" lon="18.093532">
        <ele>23.1</ele>
      </trkpt>
      <trkpt lat="69.610963" lon="18.095112">
        <ele>24.6</ele>
      </trkpt>
      <trkpt lat="69.611403" lon="18.096022">
        <ele>26.3</ele>
      </trkpt>
      <trkpt lat="69.611717" lon="18.096427">
        <ele>25.7</ele>
      </trkpt>
      <trkpt lat="69.613798" lon="18.098171">
        <ele>14.4</ele>
      </trkpt>
      <trkpt lat="69.614131" lon="18.098704">
        <ele>13.2</ele>
      </trkpt>
      <trkpt lat="69.614966" lon="18.100461">
        <ele>13.3</ele>
      </trkpt>
      <trkpt lat="69.615338" lon="18.101089">
        <ele>9.6</ele>
      </trkpt>
      <trkpt lat="69.615533" lon="18.101349">
        <ele>7.1</ele>
      </trkpt>
      <trkpt lat="69.616815" lon="18.102543">
        <ele>4</ele>
      </trkpt>
      <trkpt lat="69.617447" lon="18.103433">
        <ele>6.1</ele>
      </trkpt>
      <trkpt lat="69.617838" lon="18.104201">
        <ele>7</ele>
      </trkpt>
      <trkpt lat="69.618197" lon="18.105101">
        <ele>3.8</ele>
      </trkpt>
      <trkpt lat="69.618658" lon="18.106657">
        <ele>7.7</ele>
      </trkpt>
      <trkpt lat="69.619323" lon="18.109989">
        <ele>2.2</ele>
      </trkpt>
      <trkpt lat="69.620183" lon="18.113232">
        <ele>3.3</ele>
      </trkpt>
      <trkpt lat="69.620576" lon="18.115296">
        <ele>4.8</ele>
      </trkpt>
      <trkpt lat="69.620863" lon="18.117550">
        <ele>5.3</ele>
      </trkpt>
      <trkpt lat="69.621228" lon="18.121329">
        <ele>9.9</ele>
      </trkpt>
      <trkpt lat="69.622103" lon="18.128078">
        <ele>7.6</ele>
      </trkpt>
      <trkpt lat="69.622402" lon="18.129848">
        <ele>9.3</ele>
      </trkpt>
      <trkpt lat="69.622646" lon="18.130829">
        <ele>11.3</ele>
      </trkpt>
      <trkpt lat="69.622936" lon="18.131707">
        <ele>15.3</ele>
      </trkpt>
      <trkpt lat="69.623886" lon="18.133951">
        <ele>11.8</ele>
      </trkpt>
      <trkpt lat="69.624391" lon="18.135945">
        <ele>8.2</ele>
      </trkpt>
      <trkpt lat="69.624865" lon="18.137404">
        <ele>8.2</ele>
      </trkpt>
      <trkpt lat="69.625111" lon="18.138605">
        <ele>10.5</ele>
      </trkpt>
      <trkpt lat="69.625507" lon="18.141299">
        <ele>9.9</ele>
      </trkpt>
      <trkpt lat="69.625860" lon="18.142735">
        <ele>14.7</ele>
      </trkpt>
      <trkpt lat="69.626242" lon="18.143860">
        <ele>12.3</ele>
      </trkpt>
      <trkpt lat="69.628223" lon="18.148964">
        <ele>4.4</ele>
      </trkpt>
      <trkpt lat="69.628602" lon="18.150128">
        <ele>7</ele>
      </trkpt>
      <trkpt lat="69.629195" lon="18.152623">
        <ele>4.7</ele>
      </trkpt>
      <trkpt lat="69.629676" lon="18.155849">
        <ele>12.3</ele>
      </trkpt>
      <trkpt lat="69.629771" lon="18.157484">
        <ele>30.6</ele>
      </trkpt>
      <trkpt lat="69.629766" lon="18.158589">
        <ele>52.3</ele>
      </trkpt>
      <trkpt lat="69.629699" lon="18.159886">
        <ele>73.5</ele>
      </trkpt>
      <trkpt lat="69.628909" lon="18.168293">
        <ele>47.2</ele>
      </trkpt>
      <trkpt lat="69.628860" lon="18.172886">
        <ele>11.2</ele>
      </trkpt>
      <trkpt lat="69.628784" lon="18.173745">
        <ele>8</ele>
      </trkpt>
      <trkpt lat="69.628350" lon="18.175431">
        <ele>4.6</ele>
      </trkpt>
      <trkpt lat="69.628032" lon="18.176453">
        <ele>5.1</ele>
      </trkpt>
      <trkpt lat="69.627626" lon="18.177540">
        <ele>8.3</ele>
      </trkpt>
      <trkpt lat="69.626954" lon="18.179943">
        <ele>4.8</ele>
      </trkpt>
      <trkpt lat="69.626091" lon="18.182245">
        <ele>10.5</ele>
      </trkpt>
      <trkpt lat="69.625204" lon="18.185329">
        <ele>11.5</ele>
      </trkpt>
      <trkpt lat="69.624358" lon="18.187410">
        <ele>11.4</ele>
      </trkpt>
      <trkpt lat="69.624112" lon="18.188283">
        <ele>8.6</ele>
      </trkpt>
      <trkpt lat="69.623495" lon="18.191193">
        <ele>5.3</ele>
      </trkpt>
      <trkpt lat="69.623302" lon="18.192357">
        <ele>1.7</ele>
      </trkpt>
      <trkpt lat="69.622670" lon="18.198519">
        <ele>1.6</ele>
      </trkpt>
      <trkpt lat="69.622501" lon="18.199872">
        <ele>2</ele>
      </trkpt>
      <trkpt lat="69.622258" lon="18.201013">
        <ele>2.7</ele>
      </trkpt>
      <trkpt lat="69.621994" lon="18.201736">
        <ele>2.5</ele>
      </trkpt>
      <trkpt lat="69.620887" lon="18.203973">
        <ele>3.2</ele>
      </trkpt>
      <trkpt lat="69.620508" lon="18.205201">
        <ele>3.4</ele>
      </trkpt>
      <trkpt lat="69.620250" lon="18.206659">
        <ele>3.5</ele>
      </trkpt>
      <trkpt lat="69.620137" lon="18.207997">
        <ele>4.3</ele>
      </trkpt>
      <trkpt lat="69.620110" lon="18.209109">
        <ele>4.3</ele>
      </trkpt>
      <trkpt lat="69.620325" lon="18.212008">
        <ele>0.7</ele>
      </trkpt>
      <trkpt lat="69.620577" lon="18.213981">
        <ele>2</ele>
      </trkpt>
      <trkpt lat="69.620837" lon="18.215244">
        <ele>1.3</ele>
      </trkpt>
      <trkpt lat="69.621863" lon="18.218274">
        <ele>1</ele>
      </trkpt>
      <trkpt lat="69.622427" lon="18.219784">
        <ele>2</ele>
      </trkpt>
      <trkpt lat="69.622795" lon="18.220394">
        <ele>4.2</ele>
      </trkpt>
      <trkpt lat="69.624487" lon="18.222448">
        <ele>20.6</ele>
      </trkpt>
      <trkpt lat="69.624796" lon="18.223043">
        <ele>21.2</ele>
      </trkpt>
      <trkpt lat="69.625088" lon="18.224124">
        <ele>18.3</ele>
      </trkpt>
      <trkpt lat="69.625166" lon="18.224867">
        <ele>18.5</ele>
      </trkpt>
      <trkpt lat="69.625176" lon="18.225936">
        <ele>19.1</ele>
      </trkpt>
      <trkpt lat="69.625094" lon="18.226820">
        <ele>19.6</ele>
      </trkpt>
      <trkpt lat="69.624875" lon="18.227817">
        <ele>19.8</ele>
      </trkpt>
      <trkpt lat="69.624231" lon="18.229445">
        <ele>19.4</ele>
      </trkpt>
      <trkpt lat="69.623722" lon="18.230962">
        <ele>16.5</ele>
      </trkpt>
      <trkpt lat="69.623088" lon="18.233792">
        <ele>8.8</ele>
      </trkpt>
      <trkpt lat="69.622292" lon="18.235925">
        <ele>7</ele>
      </trkpt>
      <trkpt lat="69.621255" lon="18.238511">
        <ele>4.1</ele>
      </trkpt>
      <trkpt lat="69.620713" lon="18.241286">
        <ele>5.6</ele>
      </trkpt>
      <trkpt lat="69.620487" lon="18.241949">
        <ele>7.6</ele>
      </trkpt>
      <trkpt lat="69.619530" lon="18.243239">
        <ele>12.8</ele>
      </trkpt>
      <trkpt lat="69.619061" lon="18.244066">
        <ele>13</ele>
      </trkpt>
      <trkpt lat="69.618781" lon="18.244827">
        <ele>12.9</ele>
      </trkpt>
      <trkpt lat="69.618526" lon="18.246089">
        <ele>9.7</ele>
      </trkpt>
      <trkpt lat="69.618423" lon="18.247379">
        <ele>8.5</ele>
      </trkpt>
      <trkpt lat="69.618398" lon="18.249253">
        <ele>5.9</ele>
      </trkpt>
      <trkpt lat="69.618454" lon="18.254375">
        <ele>1.6</ele>
      </trkpt>
      <trkpt lat="69.618405" lon="18.256575">
        <ele>1.3</ele>
      </trkpt>
      <trkpt lat="69.618141" lon="18.258753">
        <ele>9.8</ele>
      </trkpt>
      <trkpt lat="69.618061" lon="18.261074">
        <ele>4.4</ele>
      </trkpt>
      <trkpt lat="69.617918" lon="18.262603">
        <ele>6.4</ele>
      </trkpt>
      <trkpt lat="69.617718" lon="18.263610">
        <ele>4.7</ele>
      </trkpt>
      <trkpt lat="69.617541" lon="18.263898">
        <ele>5.1</ele>
      </trkpt>
      <trkpt lat="69.617243" lon="18.264218">
        <ele>6.9</ele>
      </trkpt>
      <trkpt lat="69.615099" lon="18.265704">
        <ele>5.2</ele>
      </trkpt>
      <trkpt lat="69.613041" lon="18.265625">
        <ele>8</ele>
      </trkpt>
      <trkpt lat="69.612373" lon="18.265731">
        <ele>11.7</ele>
      </trkpt>
      <trkpt lat="69.610038" lon="18.266675">
        <ele>15.6</ele>
      </trkpt>
      <trkpt lat="69.609195" lon="18.267229">
        <ele>7.6</ele>
      </trkpt>
      <trkpt lat="69.608696" lon="18.267690">
        <ele>10.4</ele>
      </trkpt>
      <trkpt lat="69.608285" lon="18.268446">
        <ele>7.9</ele>
      </trkpt>
      <trkpt lat="69.608097" lon="18.268948">
        <ele>5.1</ele>
      </trkpt>
      <trkpt lat="69.607827" lon="18.270144">
        <ele>2.7</ele>
      </trkpt>
      <trkpt lat="69.607394" lon="18.274870">
        <ele>3.3</ele>
      </trkpt>
      <trkpt lat="69.607325" lon="18.276054">
        <ele>1.9</ele>
      </trkpt>
      <trkpt lat="69.607165" lon="18.276841">
        <ele>2.6</ele>
      </trkpt>
      <trkpt lat="69.606917" lon="18.277331">
        <ele>4.8</ele>
      </trkpt>
      <trkpt lat="69.606362" lon="18.277974">
        <ele>8.7</ele>
      </trkpt>
      <trkpt lat="69.605284" lon="18.280944">
        <ele>10.7</ele>
      </trkpt>
      <trkpt lat="69.602372" lon="18.285666">
        <ele>4.5</ele>
      </trkpt>
      <trkpt lat="69.601821" lon="18.286412">
        <ele>3</ele>
      </trkpt>
      <trkpt lat="69.601594" lon="18.286511">
        <ele>4.5</ele>
      </trkpt>
      <trkpt lat="69.599438" lon="18.286119">
        <ele>9.7</ele>
      </trkpt>
      <trkpt lat="69.598497" lon="18.286056">
        <ele>10.9</ele>
      </trkpt>
      <trkpt lat="69.597982" lon="18.286394">
        <ele>4.9</ele>
      </trkpt>
      <trkpt lat="69.597734" lon="18.286423">
        <ele>3.5</ele>
      </trkpt>
      <trkpt lat="69.596845" lon="18.285271">
        <ele>8.3</ele>
      </trkpt>
      <trkpt lat="69.596136" lon="18.285054">
        <ele>5.8</ele>
      </trkpt>
      <trkpt lat="69.595656" lon="18.285026">
        <ele>4.7</ele>
      </trkpt>
      <trkpt lat="69.593994" lon="18.284145">
        <ele>4.8</ele>
      </trkpt>
      <trkpt lat="69.592575" lon="18.282882">
        <ele>6.9</ele>
      </trkpt>
      <trkpt lat="69.591218" lon="18.282037">
        <ele>11.1</ele>
      </trkpt>
      <trkpt lat="69.589744" lon="18.280555">
        <ele>12.8</ele>
      </trkpt>
      <trkpt lat="69.589021" lon="18.280014">
        <ele>11.6</ele>
      </trkpt>
      <trkpt lat="69.585110" lon="18.277519">
        <ele>10.2</ele>
      </trkpt>
      <trkpt lat="69.584620" lon="18.277074">
        <ele>10.8</ele>
      </trkpt>
      <trkpt lat="69.583205" lon="18.275392">
        <ele>11.5</ele>
      </trkpt>
      <trkpt lat="69.582727" lon="18.275201">
        <ele>13.6</ele>
      </trkpt>
      <trkpt lat="69.582532" lon="18.275287">
        <ele>13.6</ele>
      </trkpt>
      <trkpt lat="69.581926" lon="18.276063">
        <ele>7.1</ele>
      </trkpt>
      <trkpt lat="69.581535" lon="18.276821">
        <ele>3.8</ele>
      </trkpt>
      <trkpt lat="69.581403" lon="18.277538">
        <ele>3.4</ele>
      </trkpt>
      <trkpt lat="69.581445" lon="18.278345">
        <ele>3.1</ele>
      </trkpt>
      <trkpt lat="69.581676" lon="18.279389">
        <ele>4.1</ele>
      </trkpt>
      <trkpt lat="69.581953" lon="18.280117">
        <ele>4.8</ele>
      </trkpt>
      <trkpt lat="69.582286" lon="18.280676">
        <ele>5.4</ele>
      </trkpt>
      <trkpt lat="69.582940" lon="18.281249">
        <ele>4.7</ele>
      </trkpt>
      <trkpt lat="69.584869" lon="18.282703">
        <ele>0.2</ele>
      </trkpt>
      <trkpt lat="69.586239" lon="18.284267">
        <ele>0.6</ele>
      </trkpt>
      <trkpt lat="69.588224" lon="18.286834">
        <ele>0.6</ele>
      </trkpt>
      <trkpt lat="69.589519" lon="18.287888">
        <ele>0.4</ele>
      </trkpt>
      <trkpt lat="69.591241" lon="18.290328">
        <ele>3.4</ele>
      </trkpt>
      <trkpt lat="69.593259" lon="18.292780">
        <ele>1.1</ele>
      </trkpt>
      <trkpt lat="69.594336" lon="18.293860">
        <ele>1</ele>
      </trkpt>
      <trkpt lat="69.596364" lon="18.295733">
        <ele>0.7</ele>
      </trkpt>
      <trkpt lat="69.597156" lon="18.296782">
        <ele>1</ele>
      </trkpt>
      <trkpt lat="69.598962" lon="18.299700">
        <ele>1.8</ele>
      </trkpt>
      <trkpt lat="69.599375" lon="18.300159">
        <ele>1.8</ele>
      </trkpt>
      <trkpt lat="69.599788" lon="18.300437">
        <ele>1.1</ele>
      </trkpt>
      <trkpt lat="69.601886" lon="18.301358">
        <ele>0.1</ele>
      </trkpt>
      <trkpt lat="69.603000" lon="18.302668">
        <ele>0.4</ele>
      </trkpt>
      <trkpt lat="69.604389" lon="18.303148">
        <ele>2.5</ele>
      </trkpt>
      <trkpt lat="69.605010" lon="18.303453">
        <ele>0.8</ele>
      </trkpt>
      <trkpt lat="69.605747" lon="18.304195">
        <ele>4</ele>
      </trkpt>
      <trkpt lat="69.607295" lon="18.306418">
        <ele>2.7</ele>
      </trkpt>
      <trkpt lat="69.607973" lon="18.307649">
        <ele>1.8</ele>
      </trkpt>
      <trkpt lat="69.608348" lon="18.308654">
        <ele>0.8</ele>
      </trkpt>
      <trkpt lat="69.608622" lon="18.310110">
        <ele>3.4</ele>
      </trkpt>
      <trkpt lat="69.609606" lon="18.317692">
        <ele>0.9</ele>
      </trkpt>
      <trkpt lat="69.610100" lon="18.322839">
        <ele>3</ele>
      </trkpt>
      <trkpt lat="69.610421" lon="18.325256">
        <ele>2.5</ele>
      </trkpt>
      <trkpt lat="69.610597" lon="18.326154">
        <ele>2</ele>
      </trkpt>
      <trkpt lat="69.611161" lon="18.328598">
        <ele>3.7</ele>
      </trkpt>
      <trkpt lat="69.611924" lon="18.332578">
        <ele>5.3</ele>
      </trkpt>
      <trkpt lat="69.612435" lon="18.334646">
        <ele>5.3</ele>
      </trkpt>
      <trkpt lat="69.612910" lon="18.336222">
        <ele>6.2</ele>
      </trkpt>
      <trkpt lat="69.614504" lon="18.341126">
        <ele>3.8</ele>
      </trkpt>
      <trkpt lat="69.614955" lon="18.343129">
        <ele>0.9</ele>
      </trkpt>
      <trkpt lat="69.615343" lon="18.345322">
        <ele>4.9</ele>
      </trkpt>
      <trkpt lat="69.615681" lon="18.346645">
        <ele>3</ele>
      </trkpt>
      <trkpt lat="69.616006" lon="18.347562">
        <ele>1.1</ele>
      </trkpt>
      <trkpt lat="69.618120" lon="18.352482">
        <ele>1.5</ele>
      </trkpt>
      <trkpt lat="69.620066" lon="18.358563">
        <ele>0.9</ele>
      </trkpt>
      <trkpt lat="69.620829" lon="18.361651">
        <ele>1.2</ele>
      </trkpt>
      <trkpt lat="69.622569" lon="18.369695">
        <ele>0.2</ele>
      </trkpt>
      <trkpt lat="69.623098" lon="18.371494">
        <ele>2.4</ele>
      </trkpt>
      <trkpt lat="69.624535" lon="18.375449">
        <ele>5.2</ele>
      </trkpt>
      <trkpt lat="69.626613" lon="18.380858">
        <ele>2.1</ele>
      </trkpt>
      <trkpt lat="69.628075" lon="18.385413">
        <ele>2.9</ele>
      </trkpt>
      <trkpt lat="69.628398" lon="18.386588">
        <ele>0.8</ele>
      </trkpt>
      <trkpt lat="69.630587" lon="18.396288">
        <ele>2.3</ele>
      </trkpt>
      <trkpt lat="69.630904" lon="18.397468">
        <ele>2.5</ele>
      </trkpt>
      <trkpt lat="69.631235" lon="18.398209">
        <ele>3.7</ele>
      </trkpt>
      <trkpt lat="69.632392" lon="18.400345">
        <ele>2.9</ele>
      </trkpt>
      <trkpt lat="69.635665" lon="18.404277">
        <ele>5.3</ele>
      </trkpt>
      <trkpt lat="69.636060" lon="18.405078">
        <ele>5.2</ele>
      </trkpt>
      <trkpt lat="69.636449" lon="18.406293">
        <ele>6.1</ele>
      </trkpt>
      <trkpt lat="69.637086" lon="18.408857">
        <ele>9.2</ele>
      </trkpt>
      <trkpt lat="69.637397" lon="18.409749">
        <ele>9.8</ele>
      </trkpt>
      <trkpt lat="69.637568" lon="18.410132">
        <ele>10.3</ele>
      </trkpt>
      <trkpt lat="69.638105" lon="18.410988">
        <ele>10.7</ele>
      </trkpt>
      <trkpt lat="69.640610" lon="18.413715">
        <ele>20.7</ele>
      </trkpt>
      <trkpt lat="69.640670" lon="18.413864">
        <ele>21.1</ele>
      </trkpt>
      <trkpt lat="69.640815" lon="18.414616">
        <ele>21.5</ele>
      </trkpt>
      <trkpt lat="69.640879" lon="18.415495">
        <ele>22.9</ele>
      </trkpt>
      <trkpt lat="69.640879" lon="18.415919">
        <ele>23.1</ele>
      </trkpt>
      <trkpt lat="69.640349" lon="18.420733">
        <ele>30.7</ele>
      </trkpt>
      <trkpt lat="69.640115" lon="18.427525">
        <ele>54.8</ele>
      </trkpt>
      <trkpt lat="69.640045" lon="18.428467">
        <ele>59.8</ele>
      </trkpt>
      <trkpt lat="69.639912" lon="18.429214">
        <ele>60.7</ele>
      </trkpt>
      <trkpt lat="69.638681" lon="18.433526">
        <ele>59.5</ele>
      </trkpt>
      <trkpt lat="69.638228" lon="18.435021">
        <ele>63.8</ele>
      </trkpt>
      <trkpt lat="69.637393" lon="18.437163">
        <ele>70.7</ele>
      </trkpt>
      <trkpt lat="69.637075" lon="18.438130">
        <ele>72.9</ele>
      </trkpt>
      <trkpt lat="69.636762" lon="18.439518">
        <ele>79.7</ele>
      </trkpt>
      <trkpt lat="69.636615" lon="18.440638">
        <ele>83.7</ele>
      </trkpt>
      <trkpt lat="69.636204" lon="18.445224">
        <ele>90.4</ele>
      </trkpt>
      <trkpt lat="69.636200" lon="18.446337">
        <ele>91.2</ele>
      </trkpt>
      <trkpt lat="69.636369" lon="18.447497">
        <ele>93.4</ele>
      </trkpt>
      <trkpt lat="69.637126" lon="18.450962">
        <ele>97.5</ele>
      </trkpt>
      <trkpt lat="69.639773" lon="18.462865">
        <ele>103.7</ele>
      </trkpt>
      <trkpt lat="69.640143" lon="18.464104">
        <ele>101.8</ele>
      </trkpt>
      <trkpt lat="69.640674" lon="18.465083">
        <ele>101</ele>
      </trkpt>
      <trkpt lat="69.645376" lon="18.471726">
        <ele>113.5</ele>
      </trkpt>
      <trkpt lat="69.645523" lon="18.472033">
        <ele>113.8</ele>
      </trkpt>
      <trkpt lat="69.645738" lon="18.472756">
        <ele>115.2</ele>
      </trkpt>
      <trkpt lat="69.645974" lon="18.474592">
        <ele>116.2</ele>
      </trkpt>
      <trkpt lat="69.646118" lon="18.475301">
        <ele>117.5</ele>
      </trkpt>
      <trkpt lat="69.648829" lon="18.483227">
        <ele>143.9</ele>
      </trkpt>
      <trkpt lat="69.649305" lon="18.484801">
        <ele>147</ele>
      </trkpt>
      <trkpt lat="69.649413" lon="18.485428">
        <ele>148.2</ele>
      </trkpt>
      <trkpt lat="69.649553" lon="18.486857">
        <ele>151</ele>
      </trkpt>
      <trkpt lat="69.649566" lon="18.487497">
        <ele>152.1</ele>
      </trkpt>
      <trkpt lat="69.649557" lon="18.493138">
        <ele>156.6</ele>
      </trkpt>
      <trkpt lat="69.650742" lon="18.512456">
        <ele>154.8</ele>
      </trkpt>
      <trkpt lat="69.650742" lon="18.513555">
        <ele>154.3</ele>
      </trkpt>
      <trkpt lat="69.650560" lon="18.518861">
        <ele>155.5</ele>
      </trkpt>
      <trkpt lat="69.650583" lon="18.520759">
        <ele>156.8</ele>
      </trkpt>
      <trkpt lat="69.651675" lon="18.536052">
        <ele>158.1</ele>
      </trkpt>
      <trkpt lat="69.651904" lon="18.538838">
        <ele>166.3</ele>
      </trkpt>
      <trkpt lat="69.652082" lon="18.540181">
        <ele>169.5</ele>
      </trkpt>
      <trkpt lat="69.652303" lon="18.541364">
        <ele>172.8</ele>
      </trkpt>
      <trkpt lat="69.652581" lon="18.542481">
        <ele>172.2</ele>
      </trkpt>
      <trkpt lat="69.653151" lon="18.544267">
        <ele>165.4</ele>
      </trkpt>
      <trkpt lat="69.654940" lon="18.548617">
        <ele>161.5</ele>
      </trkpt>
      <trkpt lat="69.660761" lon="18.564007">
        <ele>158</ele>
      </trkpt>
      <trkpt lat="69.661355" lon="18.565697">
        <ele>154.8</ele>
      </trkpt>
      <trkpt lat="69.662073" lon="18.568048">
        <ele>149.5</ele>
      </trkpt>
      <trkpt lat="69.662684" lon="18.570309">
        <ele>147.8</ele>
      </trkpt>
      <trkpt lat="69.663074" lon="18.571950">
        <ele>146.4</ele>
      </trkpt>
      <trkpt lat="69.663811" lon="18.575511">
        <ele>156</ele>
      </trkpt>
      <trkpt lat="69.669070" lon="18.608108">
        <ele>144.6</ele>
      </trkpt>
      <trkpt lat="69.670956" lon="18.620215">
        <ele>127.6</ele>
      </trkpt>
      <trkpt lat="69.672004" lon="18.626712">
        <ele>128.7</ele>
      </trkpt>
      <trkpt lat="69.672244" lon="18.627950">
        <ele>124.4</ele>
      </trkpt>
      <trkpt lat="69.673103" lon="18.630267">
        <ele>122.3</ele>
      </trkpt>
      <trkpt lat="69.673720" lon="18.631630">
        <ele>113.5</ele>
      </trkpt>
      <trkpt lat="69.674876" lon="18.633249">
        <ele>106</ele>
      </trkpt>
      <trkpt lat="69.675381" lon="18.634113">
        <ele>97.9</ele>
      </trkpt>
      <trkpt lat="69.676497" lon="18.635173">
        <ele>85.1</ele>
      </trkpt>
      <trkpt lat="69.677284" lon="18.636243">
        <ele>75.7</ele>
      </trkpt>
      <trkpt lat="69.678215" lon="18.637863">
        <ele>68.3</ele>
      </trkpt>
      <trkpt lat="69.678922" lon="18.639598">
        <ele>69.2</ele>
      </trkpt>
      <trkpt lat="69.681682" lon="18.647661">
        <ele>39.7</ele>
      </trkpt>
      <trkpt lat="69.681919" lon="18.648221">
        <ele>37.1</ele>
      </trkpt>
      <trkpt lat="69.682481" lon="18.649049">
        <ele>33.5</ele>
      </trkpt>
      <trkpt lat="69.684664" lon="18.651797">
        <ele>12.3</ele>
      </trkpt>
      <trkpt lat="69.685484" lon="18.653421">
        <ele>2.5</ele>
      </trkpt>
      <trkpt lat="69.684954" lon="18.655572">
        <ele>2.8</ele>
      </trkpt>
      <trkpt lat="69.684777" lon="18.656547">
        <ele>2.4</ele>
      </trkpt>
      <trkpt lat="69.684685" lon="18.657470">
        <ele>2.1</ele>
      </trkpt>
      <trkpt lat="69.684559" lon="18.661214">
        <ele>3.1</ele>
      </trkpt>
      <trkpt lat="69.684555" lon="18.662105">
        <ele>2.6</ele>
      </trkpt>
      <trkpt lat="69.684573" lon="18.662866">
        <ele>2.3</ele>
      </trkpt>
      <trkpt lat="69.684682" lon="18.664172">
        <ele>1.2</ele>
      </trkpt>
      <trkpt lat="69.684843" lon="18.665202">
        <ele>1.4</ele>
      </trkpt>
      <trkpt lat="69.685499" lon="18.667792">
        <ele>4.3</ele>
      </trkpt>
      <trkpt lat="69.685739" lon="18.669400">
        <ele>7.5</ele>
      </trkpt>
      <trkpt lat="69.685925" lon="18.672278">
        <ele>12</ele>
      </trkpt>
      <trkpt lat="69.685951" lon="18.673749">
        <ele>12.4</ele>
      </trkpt>
      <trkpt lat="69.685885" lon="18.676511">
        <ele>15.7</ele>
      </trkpt>
      <trkpt lat="69.685417" lon="18.683843">
        <ele>18.1</ele>
      </trkpt>
      <trkpt lat="69.685188" lon="18.685605">
        <ele>17.1</ele>
      </trkpt>
      <trkpt lat="69.684590" lon="18.689676">
        <ele>17.9</ele>
      </trkpt>
      <trkpt lat="69.684475" lon="18.690601">
        <ele>18.2</ele>
      </trkpt>
      <trkpt lat="69.684394" lon="18.691689">
        <ele>14.5</ele>
      </trkpt>
      <trkpt lat="69.684392" lon="18.693599">
        <ele>3</ele>
      </trkpt>
      <trkpt lat="69.684500" lon="18.695016">
        <ele>1</ele>
      </trkpt>
      <trkpt lat="69.684654" lon="18.696434">
        <ele>0.1</ele>
      </trkpt>
      <trkpt lat="69.684696" lon="18.697966">
        <ele>2.7</ele>
      </trkpt>
      <trkpt lat="69.684493" lon="18.701341">
        <ele>8.2</ele>
      </trkpt>
      <trkpt lat="69.684375" lon="18.701357">
        <ele>12.5</ele>
      </trkpt>
      <trkpt lat="69.684410" lon="18.701719">
        <ele>10.6</ele>
      </trkpt>
      <trkpt lat="69.684428" lon="18.704239">
        <ele>10.6</ele>
      </trkpt>
      <trkpt lat="69.684374" lon="18.705107">
        <ele>12.5</ele>
      </trkpt>
      <trkpt lat="69.684274" lon="18.705857">
        <ele>11.7</ele>
      </trkpt>
      <trkpt lat="69.683583" lon="18.708625">
        <ele>13.8</ele>
      </trkpt>
      <trkpt lat="69.683140" lon="18.710910">
        <ele>11.7</ele>
      </trkpt>
      <trkpt lat="69.682463" lon="18.713422">
        <ele>23.7</ele>
      </trkpt>
      <trkpt lat="69.682365" lon="18.714008">
        <ele>19.3</ele>
      </trkpt>
      <trkpt lat="69.682171" lon="18.715727">
        <ele>10.8</ele>
      </trkpt>
      <trkpt lat="69.682054" lon="18.717490">
        <ele>12.8</ele>
      </trkpt>
      <trkpt lat="69.681980" lon="18.719387">
        <ele>6.9</ele>
      </trkpt>
      <trkpt lat="69.682006" lon="18.721680">
        <ele>6.5</ele>
      </trkpt>
      <trkpt lat="69.682139" lon="18.725322">
        <ele>5.3</ele>
      </trkpt>
      <trkpt lat="69.682191" lon="18.727913">
        <ele>7.3</ele>
      </trkpt>
      <trkpt lat="69.682167" lon="18.728613">
        <ele>8</ele>
      </trkpt>
      <trkpt lat="69.682265" lon="18.729603">
        <ele>5.3</ele>
      </trkpt>
      <trkpt lat="69.682324" lon="18.731184">
        <ele>9.2</ele>
      </trkpt>
      <trkpt lat="69.682308" lon="18.733325">
        <ele>12.7</ele>
      </trkpt>
      <trkpt lat="69.682381" lon="18.734928">
        <ele>12.7</ele>
      </trkpt>
      <trkpt lat="69.682117" lon="18.738737">
        <ele>22.3</ele>
      </trkpt>
      <trkpt lat="69.681869" lon="18.740566">
        <ele>28.9</ele>
      </trkpt>
      <trkpt lat="69.680883" lon="18.745107">
        <ele>39.5</ele>
      </trkpt>
      <trkpt lat="69.680772" lon="18.745416">
        <ele>39.4</ele>
      </trkpt>
      <trkpt lat="69.680276" lon="18.746234">
        <ele>38.1</ele>
      </trkpt>
      <trkpt lat="69.679510" lon="18.746599">
        <ele>37.5</ele>
      </trkpt>
      <trkpt lat="69.677819" lon="18.747013">
        <ele>21.9</ele>
      </trkpt>
      <trkpt lat="69.677575" lon="18.747427">
        <ele>18.1</ele>
      </trkpt>
      <trkpt lat="69.677327" lon="18.747586">
        <ele>12.8</ele>
      </trkpt>
      <trkpt lat="69.677329" lon="18.748238">
        <ele>13.8</ele>
      </trkpt>
      <trkpt lat="69.677202" lon="18.748854">
        <ele>16.1</ele>
      </trkpt>
      <trkpt lat="69.676784" lon="18.749919">
        <ele>10.9</ele>
      </trkpt>
      <trkpt lat="69.676367" lon="18.750499">
        <ele>7.3</ele>
      </trkpt>
      <trkpt lat="69.675855" lon="18.751570">
        <ele>12.7</ele>
      </trkpt>
      <trkpt lat="69.675727" lon="18.751947">
        <ele>13.6</ele>
      </trkpt>
      <trkpt lat="69.675151" lon="18.754299">
        <ele>14.6</ele>
      </trkpt>
      <trkpt lat="69.674536" lon="18.757066">
        <ele>13.3</ele>
      </trkpt>
      <trkpt lat="69.674353" lon="18.758167">
        <ele>12.9</ele>
      </trkpt>
      <trkpt lat="69.674276" lon="18.759472">
        <ele>12.8</ele>
      </trkpt>
      <trkpt lat="69.674326" lon="18.760824">
        <ele>17.2</ele>
      </trkpt>
      <trkpt lat="69.674922" lon="18.765434">
        <ele>15</ele>
      </trkpt>
      <trkpt lat="69.674991" lon="18.765881">
        <ele>16.8</ele>
      </trkpt>
      <trkpt lat="69.675178" lon="18.766710">
        <ele>11.4</ele>
      </trkpt>
      <trkpt lat="69.675617" lon="18.767921">
        <ele>17</ele>
      </trkpt>
      <trkpt lat="69.676591" lon="18.770094">
        <ele>17.9</ele>
      </trkpt>
      <trkpt lat="69.676941" lon="18.770588">
        <ele>18.5</ele>
      </trkpt>
      <trkpt lat="69.677204" lon="18.771482">
        <ele>15.6</ele>
      </trkpt>
      <trkpt lat="69.678409" lon="18.774081">
        <ele>9.4</ele>
      </trkpt>
      <trkpt lat="69.678922" lon="18.775404">
        <ele>9</ele>
      </trkpt>
      <trkpt lat="69.680890" lon="18.781762">
        <ele>3.5</ele>
      </trkpt>
      <trkpt lat="69.681309" lon="18.783211">
        <ele>5</ele>
      </trkpt>
      <trkpt lat="69.681485" lon="18.783907">
        <ele>4.4</ele>
      </trkpt>
      <trkpt lat="69.681827" lon="18.785807">
        <ele>4.4</ele>
      </trkpt>
      <trkpt lat="69.681973" lon="18.786126">
        <ele>5.2</ele>
      </trkpt>
      <trkpt lat="69.682018" lon="18.786355">
        <ele>5.1</ele>
      </trkpt>
      <trkpt lat="69.682062" lon="18.786615">
        <ele>5.3</ele>
      </trkpt>
      <trkpt lat="69.682084" lon="18.787392">
        <ele>4.5</ele>
      </trkpt>
      <trkpt lat="69.683465" lon="18.795697">
        <ele>3.1</ele>
      </trkpt>
      <trkpt lat="69.683635" lon="18.797170">
        <ele>3.2</ele>
      </trkpt>
      <trkpt lat="69.683824" lon="18.799814">
        <ele>2.8</ele>
      </trkpt>
      <trkpt lat="69.683719" lon="18.807052">
        <ele>2.8</ele>
      </trkpt>
      <trkpt lat="69.683880" lon="18.813297">
        <ele>6.8</ele>
      </trkpt>
      <trkpt lat="69.683940" lon="18.813708">
        <ele>7.8</ele>
      </trkpt>
      <trkpt lat="69.683958" lon="18.814123">
        <ele>8.5</ele>
      </trkpt>
      <trkpt lat="69.683916" lon="18.814592">
        <ele>7.4</ele>
      </trkpt>
      <trkpt lat="69.684411" lon="18.833431">
        <ele>5.8</ele>
      </trkpt>
      <trkpt lat="69.684467" lon="18.834366">
        <ele>4.4</ele>
      </trkpt>
      <trkpt lat="69.685080" lon="18.841557">
        <ele>4.2</ele>
      </trkpt>
      <trkpt lat="69.685449" lon="18.845573">
        <ele>4.3</ele>
      </trkpt>
      <trkpt lat="69.685573" lon="18.846179">
        <ele>4.9</ele>
      </trkpt>
      <trkpt lat="69.686195" lon="18.848388">
        <ele>9.2</ele>
      </trkpt>
      <trkpt lat="69.688441" lon="18.856166">
        <ele>10.3</ele>
      </trkpt>
      <trkpt lat="69.688623" lon="18.856457">
        <ele>11.9</ele>
      </trkpt>
      <trkpt lat="69.688704" lon="18.856780">
        <ele>12.4</ele>
      </trkpt>
      <trkpt lat="69.688729" lon="18.857167">
        <ele>11.9</ele>
      </trkpt>
      <trkpt lat="69.690653" lon="18.863768">
        <ele>11.2</ele>
      </trkpt>
      <trkpt lat="69.691324" lon="18.866191">
        <ele>10.6</ele>
      </trkpt>
      <trkpt lat="69.691451" lon="18.866435">
        <ele>10.9</ele>
      </trkpt>
      <trkpt lat="69.691589" lon="18.866573">
        <ele>11.9</ele>
      </trkpt>
      <trkpt lat="69.691699" lon="18.867055">
        <ele>13.2</ele>
      </trkpt>
      <trkpt lat="69.691742" lon="18.867492">
        <ele>13.4</ele>
      </trkpt>
      <trkpt lat="69.691897" lon="18.868060">
        <ele>15.6</ele>
      </trkpt>
      <trkpt lat="69.694360" lon="18.876422">
        <ele>16.5</ele>
      </trkpt>
      <trkpt lat="69.695346" lon="18.879934">
        <ele>13.1</ele>
      </trkpt>
      <trkpt lat="69.695569" lon="18.880863">
        <ele>11.9</ele>
      </trkpt>
      <trkpt lat="69.695752" lon="18.881092">
        <ele>13.1</ele>
      </trkpt>
      <trkpt lat="69.695925" lon="18.882072">
        <ele>10.7</ele>
      </trkpt>
      <trkpt lat="69.696280" lon="18.883262">
        <ele>11.3</ele>
      </trkpt>
      <trkpt lat="69.696307" lon="18.883680">
        <ele>10</ele>
      </trkpt>
      <trkpt lat="69.696252" lon="18.884108">
        <ele>8</ele>
      </trkpt>
      <trkpt lat="69.696041" lon="18.884120">
        <ele>6.1</ele>
      </trkpt>
      <trkpt lat="69.695946" lon="18.884378">
        <ele>4.5</ele>
      </trkpt>
      <trkpt lat="69.695729" lon="18.886078">
        <ele>1.4</ele>
      </trkpt>
      <trkpt lat="69.694951" lon="18.890685">
        <ele>1.1</ele>
      </trkpt>
      <trkpt lat="69.694594" lon="18.892342">
      </trkpt>
      <trkpt lat="69.693922" lon="18.894813">
      </trkpt>
      <trkpt lat="69.693161" lon="18.896984">
      </trkpt>
      <trkpt lat="69.689962" lon="18.905322">
      </trkpt>
      <trkpt lat="69.689350" lon="18.906755">
        <ele>1</ele>
      </trkpt>
      <trkpt lat="69.688786" lon="18.907724">
        <ele>0.6</ele>
      </trkpt>
      <trkpt lat="69.688160" lon="18.908431">
        <ele>1</ele>
      </trkpt>
      <trkpt lat="69.687013" lon="18.909084">
        <ele>1</ele>
      </trkpt>
      <trkpt lat="69.686565" lon="18.909058">
        <ele>1</ele>
      </trkpt>
      <trkpt lat="69.686101" lon="18.908878">
        <ele>1</ele>
      </trkpt>
      <trkpt lat="69.685252" lon="18.908193">
        <ele>1</ele>
      </trkpt>
      <trkpt lat="69.684573" lon="18.907210">
        <ele>1.8</ele>
      </trkpt>
      <trkpt lat="69.683395" lon="18.905095">
        <ele>2.5</ele>
      </trkpt>
      <trkpt lat="69.682871" lon="18.903391">
        <ele>1.4</ele>
      </trkpt>
      <trkpt lat="69.682402" lon="18.902550">
        <ele>1</ele>
      </trkpt>
      <trkpt lat="69.681782" lon="18.902019">
        <ele>0.5</ele>
      </trkpt>
      <trkpt lat="69.680361" lon="18.901103">
        <ele>0.6</ele>
      </trkpt>
      <trkpt lat="69.679869" lon="18.900934">
        <ele>0.9</ele>
      </trkpt>
      <trkpt lat="69.679361" lon="18.901122">
        <ele>1.2</ele>
      </trkpt>
      <trkpt lat="69.679097" lon="18.901464">
        <ele>1.4</ele>
      </trkpt>
      <trkpt lat="69.678865" lon="18.902257">
        <ele>1.7</ele>
      </trkpt>
      <trkpt lat="69.678656" lon="18.902519">
        <ele>1.5</ele>
      </trkpt>
      <trkpt lat="69.678045" lon="18.902845">
        <ele>0.9</ele>
      </trkpt>
      <trkpt lat="69.676845" lon="18.904413">
        <ele>0.6</ele>
      </trkpt>
      <trkpt lat="69.675621" lon="18.906421">
        <ele>0.1</ele>
      </trkpt>
      <trkpt lat="69.675169" lon="18.906975">
        <ele>0.1</ele>
      </trkpt>
      <trkpt lat="69.674558" lon="18.907341">
        <ele>0.1</ele>
      </trkpt>
      <trkpt lat="69.673592" lon="18.907489">
        <ele>0.1</ele>
      </trkpt>
      <trkpt lat="69.673186" lon="18.907785">
        <ele>0.1</ele>
      </trkpt>
      <trkpt lat="69.672744" lon="18.908524">
        <ele>0.5</ele>
      </trkpt>
      <trkpt lat="69.672253" lon="18.910139">
        <ele>0.8</ele>
      </trkpt>
      <trkpt lat="69.672145" lon="18.910770">
        <ele>0.8</ele>
      </trkpt>
      <trkpt lat="69.672026" lon="18.912107">
        <ele>0.6</ele>
      </trkpt>
      <trkpt lat="69.672003" lon="18.912789">
        <ele>0.6</ele>
      </trkpt>
      <trkpt lat="69.672145" lon="18.914741">
        <ele>1.1</ele>
      </trkpt>
      <trkpt lat="69.672258" lon="18.918165">
        <ele>4</ele>
      </trkpt>
      <trkpt lat="69.671312" lon="18.918829">
        <ele>2.2</ele>
      </trkpt>
      <trkpt lat="69.671124" lon="18.919062">
        <ele>2.8</ele>
      </trkpt>
      <trkpt lat="69.670202" lon="18.920668">
        <ele>6.9</ele>
      </trkpt>
      <trkpt lat="69.670098" lon="18.920978">
        <ele>7.7</ele>
      </trkpt>
      <trkpt lat="69.670078" lon="18.921476">
        <ele>9.2</ele>
      </trkpt>
      <trkpt lat="69.669917" lon="18.921713">
        <ele>10.2</ele>
      </trkpt>
      <trkpt lat="69.669669" lon="18.921628">
        <ele>10.8</ele>
      </trkpt>
      <trkpt lat="69.669557" lon="18.921226">
        <ele>9.5</ele>
      </trkpt>
      <trkpt lat="69.669556" lon="18.919911">
        <ele>5.9</ele>
      </trkpt>
      <trkpt lat="69.669378" lon="18.918648">
        <ele>4.5</ele>
      </trkpt>
      <trkpt lat="69.669149" lon="18.917613">
        <ele>4.2</ele>
      </trkpt>
      <trkpt lat="69.668818" lon="18.916849">
        <ele>4.7</ele>
      </trkpt>
      <trkpt lat="69.668559" lon="18.916502">
        <ele>5.2</ele>
      </trkpt>
      <trkpt lat="69.668427" lon="18.916043">
        <ele>4.4</ele>
      </trkpt>
      <trkpt lat="69.667890" lon="18.915004">
        <ele>4.6</ele>
      </trkpt>
      <trkpt lat="69.667521" lon="18.914779">
        <ele>6.8</ele>
      </trkpt>
      <trkpt lat="69.667420" lon="18.914509">
        <ele>6.4</ele>
      </trkpt>
      <trkpt lat="69.667275" lon="18.913776">
        <ele>4.6</ele>
      </trkpt>
      <trkpt lat="69.666984" lon="18.913066">
        <ele>2.3</ele>
      </trkpt>
      <trkpt lat="69.665500" lon="18.910251">
        <ele>0.1</ele>
      </trkpt>
      <trkpt lat="69.665217" lon="18.909930">
        <ele>6</ele>
      </trkpt>
      <trkpt lat="69.663767" lon="18.909000">
        <ele>0.1</ele>
      </trkpt>
      <trkpt lat="69.663474" lon="18.908923">
        <ele>0.1</ele>
      </trkpt>
      <trkpt lat="69.661828" lon="18.908031">
        <ele>4.9</ele>
      </trkpt>
      <trkpt lat="69.661251" lon="18.907940">
        <ele>5.4</ele>
      </trkpt>
      <trkpt lat="69.658623" lon="18.908281">
        <ele>0.2</ele>
      </trkpt>
      <trkpt lat="69.658096" lon="18.908074">
        <ele>0.2</ele>
      </trkpt>
      <trkpt lat="69.657830" lon="18.907817">
        <ele>0.3</ele>
      </trkpt>
      <trkpt lat="69.655385" lon="18.904206">
        <ele>4.1</ele>
      </trkpt>
      <trkpt lat="69.655169" lon="18.904053">
        <ele>4</ele>
      </trkpt>
      <trkpt lat="69.652481" lon="18.903343">
        <ele>0.5</ele>
      </trkpt>
      <trkpt lat="69.651946" lon="18.903122">
        <ele>0.4</ele>
      </trkpt>
      <trkpt lat="69.651442" lon="18.902578">
        <ele>0.1</ele>
      </trkpt>
      <trkpt lat="69.649344" lon="18.899157">
        <ele>0.3</ele>
      </trkpt>
      <trkpt lat="69.649155" lon="18.898922">
        <ele>0.4</ele>
      </trkpt>
      <trkpt lat="69.648765" lon="18.898826">
        <ele>0.2</ele>
      </trkpt>
      <trkpt lat="69.648487" lon="18.898877">
        <ele>0.1</ele>
      </trkpt>
      <trkpt lat="69.647750" lon="18.899310">
        <ele>0.1</ele>
      </trkpt>
      <trkpt lat="69.644381" lon="18.900888">
        <ele>1.7</ele>
      </trkpt>
      <trkpt lat="69.643702" lon="18.900994">
        <ele>0.5</ele>
      </trkpt>
      <trkpt lat="69.641769" lon="18.900888">
        <ele>0.5</ele>
      </trkpt>
      <trkpt lat="69.641066" lon="18.900710">
        <ele>0.5</ele>
      </trkpt>
      <trkpt lat="69.640770" lon="18.900767">
        <ele>0.5</ele>
      </trkpt>
      <trkpt lat="69.640035" lon="18.901244">
        <ele>0.8</ele>
      </trkpt>
      <trkpt lat="69.639433" lon="18.901721">
        <ele>0.5</ele>
      </trkpt>
      <trkpt lat="69.639314" lon="18.901880">
        <ele>0.4</ele>
      </trkpt>
      <trkpt lat="69.638653" lon="18.902357">
        <ele>0.2</ele>
      </trkpt>
      <trkpt lat="69.637607" lon="18.902760">
        <ele>6.3</ele>
      </trkpt>
      <trkpt lat="69.637091" lon="18.903232">
        <ele>0.1</ele>
      </trkpt>
      <trkpt lat="69.634418" lon="18.906832">
        <ele>4.7</ele>
      </trkpt>
      <trkpt lat="69.634125" lon="18.907438">
        <ele>5.7</ele>
      </trkpt>
      <trkpt lat="69.633270" lon="18.910107">
        <ele>8.9</ele>
      </trkpt>
      <trkpt lat="69.633118" lon="18.910466">
        <ele>8.4</ele>
      </trkpt>
      <trkpt lat="69.633073" lon="18.910132">
        <ele>7.8</ele>
      </trkpt>
      <trkpt lat="69.631949" lon="18.911720">
        <ele>4.7</ele>
      </trkpt>
      <trkpt lat="69.631167" lon="18.912324">
        <ele>2.5</ele>
      </trkpt>
      <trkpt lat="69.630829" lon="18.913002">
        <ele>2.6</ele>
      </trkpt>
      <trkpt lat="69.630189" lon="18.915399">
        <ele>2.1</ele>
      </trkpt>
      <trkpt lat="69.629901" lon="18.916653">
        <ele>1.9</ele>
      </trkpt>
      <trkpt lat="69.629834" lon="18.917203">
        <ele>2</ele>
      </trkpt>
      <trkpt lat="69.629870" lon="18.917524">
        <ele>2.3</ele>
      </trkpt>
      <trkpt lat="69.630926" lon="18.920174">
        <ele>6.8</ele>
      </trkpt>
      <trkpt lat="69.633266" lon="18.925808">
        <ele>5</ele>
      </trkpt>
      <trkpt lat="69.633468" lon="18.926029">
        <ele>5.4</ele>
      </trkpt>
      <trkpt lat="69.633896" lon="18.926254">
        <ele>6.6</ele>
      </trkpt>
      <trkpt lat="69.634151" lon="18.926709">
        <ele>7</ele>
      </trkpt>
      <trkpt lat="69.634465" lon="18.927432">
        <ele>7.5</ele>
      </trkpt>
      <trkpt lat="69.635049" lon="18.928394">
        <ele>9.7</ele>
      </trkpt>
      <trkpt lat="69.635565" lon="18.928964">
        <ele>10.6</ele>
      </trkpt>
      <trkpt lat="69.635824" lon="18.929445">
        <ele>10.5</ele>
      </trkpt>
      <trkpt lat="69.636079" lon="18.930349">
        <ele>10</ele>
      </trkpt>
      <trkpt lat="69.636483" lon="18.932449">
        <ele>8.2</ele>
      </trkpt>
      <trkpt lat="69.636638" lon="18.932957">
        <ele>8</ele>
      </trkpt>
      <trkpt lat="69.636832" lon="18.933303">
        <ele>8.2</ele>
      </trkpt>
      <trkpt lat="69.637592" lon="18.934227">
        <ele>8.6</ele>
      </trkpt>
      <trkpt lat="69.638332" lon="18.935347">
        <ele>8.7</ele>
      </trkpt>
      <trkpt lat="69.639571" lon="18.937472">
        <ele>7.3</ele>
      </trkpt>
      <trkpt lat="69.640271" lon="18.938802">
        <ele>8.8</ele>
      </trkpt>
      <trkpt lat="69.641707" lon="18.941344">
        <ele>7.4</ele>
      </trkpt>
      <trkpt lat="69.641951" lon="18.941681">
        <ele>8.1</ele>
      </trkpt>
      <trkpt lat="69.642476" lon="18.942078">
        <ele>10.1</ele>
      </trkpt>
      <trkpt lat="69.646105" lon="18.951456">
        <ele>12.7</ele>
      </trkpt>
      <trkpt lat="69.646958" lon="18.952898">
        <ele>10.8</ele>
      </trkpt>
      <trkpt lat="69.647801" lon="18.953882">
        <ele>12.3</ele>
      </trkpt>
      <trkpt lat="69.647564" lon="18.954724">
        <ele>8.9</ele>
      </trkpt>
      <trkpt lat="69.647707" lon="18.955123">
        <ele>9.4</ele>
      </trkpt>
      <trkpt lat="69.647844" lon="18.955695">
        <ele>9</ele>
      </trkpt>
      <trkpt lat="69.647621" lon="18.956041">
        <ele>7.7</ele>
      </trkpt>
      <trkpt lat="69.647799" lon="18.957507">
        <ele>6.4</ele>
      </trkpt>
      <trkpt lat="69.647352" lon="18.958173">
        <ele>3.7</ele>
      </trkpt>
      <trkpt lat="69.647220" lon="18.957850">
        <ele>3.8</ele>
      </trkpt>
      <trkpt lat="69.647135" lon="18.957851">
        <ele>3.3</ele>
      </trkpt>
      <trkpt lat="69.647105" lon="18.958599">
        <ele>0.5</ele>
      </trkpt>
      <trkpt lat="69.648726" lon="18.955124">
        <ele>13.5</ele>
      </trkpt>
      <trkpt lat="69.648882" lon="18.955249">
        <ele>13.4</ele>
      </trkpt>
      <trkpt lat="69.648895" lon="18.955140">
        <ele>13.8</ele>
      </trkpt>
      <trkpt lat="69.649602" lon="18.955876">
        <ele>13.6</ele>
      </trkpt>
      <trkpt lat="69.652484" lon="18.959052">
        <ele>12.5</ele>
      </trkpt>
      <trkpt lat="69.652483" lon="18.959306">
        <ele>11.7</ele>
      </trkpt>
      <trkpt lat="69.652635" lon="18.959498">
        <ele>12.3</ele>
      </trkpt>
      <trkpt lat="69.652835" lon="18.961040">
        <ele>8.9</ele>
      </trkpt>
      <trkpt lat="69.652751" lon="18.961859">
        <ele>7.2</ele>
      </trkpt>
      <trkpt lat="69.652606" lon="18.964443">
        <ele>2</ele>
      </trkpt>
      <trkpt lat="69.652628" lon="18.964829">
        <ele>1.7</ele>
      </trkpt>
      <trkpt lat="69.652793" lon="18.965111">
        <ele>1.9</ele>
      </trkpt>
      <trkpt lat="69.653170" lon="18.964921">
        <ele>3.1</ele>
      </trkpt>
      <trkpt lat="69.654356" lon="18.966584">
        <ele>1.2</ele>
      </trkpt>
      <trkpt lat="69.654489" lon="18.966666">
        <ele>1.6</ele>
      </trkpt>
      <trkpt lat="69.654780" lon="18.964302">
        <ele>7.8</ele>
      </trkpt>
      <trkpt lat="69.654753" lon="18.964270">
        <ele>7.8</ele>
      </trkpt>
      <trkpt lat="69.654725" lon="18.963977">
        <ele>8.7</ele>
      </trkpt>
      <trkpt lat="69.654581" lon="18.964032">
        <ele>8.3</ele>
      </trkpt>
      <trkpt lat="69.654347" lon="18.964584">
        <ele>6.5</ele>
      </trkpt>
      <trkpt lat="69.650123" lon="18.983372">
        <ele>0.5</ele>
      </trkpt>
      <trkpt lat="69.649858" lon="18.984291">
        <ele>1</ele>
      </trkpt>
      <trkpt lat="69.649571" lon="18.984982">
        <ele>2.6</ele>
      </trkpt>
      <trkpt lat="69.649237" lon="18.985549">
        <ele>6.2</ele>
      </trkpt>
      <trkpt lat="69.648824" lon="18.985991">
        <ele>9.8</ele>
      </trkpt>
      <trkpt lat="69.648679" lon="18.986303">
        <ele>11.8</ele>
      </trkpt>
      <trkpt lat="69.648555" lon="18.986247">
        <ele>12.8</ele>
      </trkpt>
      <trkpt lat="69.648484" lon="18.986377">
        <ele>13.8</ele>
      </trkpt>
      <trkpt lat="69.648327" lon="18.986301">
        <ele>15.9</ele>
      </trkpt>
      <trkpt lat="69.648174" lon="18.986481">
        <ele>16.8</ele>
      </trkpt>
      <trkpt lat="69.647327" lon="18.986189">
        <ele>18.9</ele>
      </trkpt>
      <trkpt lat="69.646133" lon="18.984863">
        <ele>12.7</ele>
      </trkpt>
      <trkpt lat="69.645032" lon="18.983391">
        <ele>2.4</ele>
      </trkpt>
      <trkpt lat="69.644110" lon="18.982414">
        <ele>1</ele>
      </trkpt>
      <trkpt lat="69.643735" lon="18.981910">
        <ele>1.6</ele>
      </trkpt>
      <trkpt lat="69.642374" lon="18.979592">
        <ele>7.3</ele>
      </trkpt>
      <trkpt lat="69.642378" lon="18.979408">
        <ele>6.7</ele>
      </trkpt>
      <trkpt lat="69.642196" lon="18.979207">
        <ele>7.7</ele>
      </trkpt>
      <trkpt lat="69.641978" lon="18.978690">
        <ele>7.5</ele>
      </trkpt>
      <trkpt lat="69.641835" lon="18.978163">
        <ele>6.7</ele>
      </trkpt>
      <trkpt lat="69.641711" lon="18.978107">
        <ele>6.5</ele>
      </trkpt>
      <trkpt lat="69.641735" lon="18.977755">
        <ele>5.6</ele>
      </trkpt>
      <trkpt lat="69.641465" lon="18.976246">
        <ele>2.7</ele>
      </trkpt>
      <trkpt lat="69.641369" lon="18.975849">
        <ele>2.6</ele>
      </trkpt>
      <trkpt lat="69.641003" lon="18.974842">
        <ele>1.7</ele>
      </trkpt>
      <trkpt lat="69.639840" lon="18.972893">
        <ele>1.4</ele>
      </trkpt>
      <trkpt lat="69.639273" lon="18.971363">
        <ele>1</ele>
      </trkpt>
      <trkpt lat="69.638702" lon="18.969985">
        <ele>2.1</ele>
      </trkpt>
      <trkpt lat="69.638417" lon="18.969479">
        <ele>2.6</ele>
      </trkpt>
      <trkpt lat="69.637963" lon="18.968837">
        <ele>4.4</ele>
      </trkpt>
      <trkpt lat="69.637625" lon="18.968197">
        <ele>5.1</ele>
      </trkpt>
      <trkpt lat="69.636959" lon="18.966575">
        <ele>3.4</ele>
      </trkpt>
      <trkpt lat="69.636904" lon="18.966290">
        <ele>2.3</ele>
      </trkpt>
      <trkpt lat="69.636537" lon="18.966517">
        <ele>4.8</ele>
      </trkpt>
      <trkpt lat="69.636329" lon="18.966502">
        <ele>7.4</ele>
      </trkpt>
      <trkpt lat="69.635649" lon="18.965575">
        <ele>11.2</ele>
      </trkpt>
      <trkpt lat="69.634495" lon="18.963263">
        <ele>11.1</ele>
      </trkpt>
      <trkpt lat="69.632579" lon="18.959719">
        <ele>7</ele>
      </trkpt>
      <trkpt lat="69.632448" lon="18.959531">
        <ele>6.1</ele>
      </trkpt>
      <trkpt lat="69.631550" lon="18.958724">
        <ele>8.5</ele>
      </trkpt>
      <trkpt lat="69.630819" lon="18.957695">
        <ele>9.3</ele>
      </trkpt>
      <trkpt lat="69.629370" lon="18.954630">
        <ele>4.7</ele>
      </trkpt>
      <trkpt lat="69.629296" lon="18.954616">
        <ele>5.5</ele>
      </trkpt>
      <trkpt lat="69.628852" lon="18.954023">
        <ele>6.3</ele>
      </trkpt>
      <trkpt lat="69.628768" lon="18.953778">
        <ele>5.8</ele>
      </trkpt>
      <trkpt lat="69.627888" lon="18.952880">
        <ele>9.5</ele>
      </trkpt>
      <trkpt lat="69.623069" lon="18.947080">
        <ele>12</ele>
      </trkpt>
      <trkpt lat="69.622326" lon="18.946318">
        <ele>10.5</ele>
      </trkpt>
      <trkpt lat="69.619772" lon="18.944296">
        <ele>12</ele>
      </trkpt>
      <trkpt lat="69.619079" lon="18.943618">
        <ele>10.6</ele>
      </trkpt>
      <trkpt lat="69.618992" lon="18.943388">
        <ele>10.6</ele>
      </trkpt>
      <trkpt lat="69.617459" lon="18.942815">
        <ele>11.2</ele>
      </trkpt>
      <trkpt lat="69.616293" lon="18.942481">
        <ele>12.4</ele>
      </trkpt>
      <trkpt lat="69.614805" lon="18.941916">
        <ele>13.6</ele>
      </trkpt>
      <trkpt lat="69.614016" lon="18.941530">
        <ele>14.3</ele>
      </trkpt>
      <trkpt lat="69.613066" lon="18.941323">
        <ele>12.8</ele>
      </trkpt>
      <trkpt lat="69.611602" lon="18.940770">
        <ele>10.7</ele>
      </trkpt>
      <trkpt lat="69.609429" lon="18.939607">
        <ele>5</ele>
      </trkpt>
      <trkpt lat="69.607794" lon="18.939476">
        <ele>10.7</ele>
      </trkpt>
      <trkpt lat="69.607779" lon="18.939614">
        <ele>12.8</ele>
      </trkpt>
      <trkpt lat="69.606790" lon="18.939322">
        <ele>12.4</ele>
      </trkpt>
      <trkpt lat="69.606810" lon="18.939135">
        <ele>12.4</ele>
      </trkpt>
      <trkpt lat="69.606592" lon="18.939051">
        <ele>11.4</ele>
      </trkpt>
      <trkpt lat="69.603820" lon="18.938187">
        <ele>1.1</ele>
      </trkpt>
      <trkpt lat="69.601993" lon="18.937676">
        <ele>1.6</ele>
      </trkpt>
      <trkpt lat="69.601078" lon="18.937537">
        <ele>3.9</ele>
      </trkpt>
      <trkpt lat="69.599176" lon="18.937647">
        <ele>3.2</ele>
      </trkpt>
      <trkpt lat="69.597846" lon="18.937824">
        <ele>3.3</ele>
      </trkpt>
      <trkpt lat="69.594475" lon="18.938975">
        <ele>1</ele>
      </trkpt>
      <trkpt lat="69.592912" lon="18.939149">
        <ele>1.7</ele>
      </trkpt>
      <trkpt lat="69.588899" lon="18.939979">
        <ele>5.1</ele>
      </trkpt>
      <trkpt lat="69.588297" lon="18.939816">
        <ele>2</ele>
      </trkpt>
      <trkpt lat="69.588183" lon="18.940211">
        <ele>7.4</ele>
      </trkpt>
      <trkpt lat="69.588014" lon="18.940305">
        <ele>7</ele>
      </trkpt>
      <trkpt lat="69.587351" lon="18.939966">
        <ele>3.7</ele>
      </trkpt>
      <trkpt lat="69.586885" lon="18.940161">
        <ele>4.3</ele>
      </trkpt>
      <trkpt lat="69.585914" lon="18.941345">
        <ele>10.6</ele>
      </trkpt>
      <trkpt lat="69.584175" lon="18.944183">
        <ele>25.3</ele>
      </trkpt>
      <trkpt lat="69.583923" lon="18.944368">
        <ele>25.7</ele>
      </trkpt>
      <trkpt lat="69.583710" lon="18.944257">
        <ele>24.2</ele>
      </trkpt>
      <trkpt lat="69.583151" lon="18.943564">
        <ele>9.7</ele>
      </trkpt>
      <trkpt lat="69.582763" lon="18.943321">
        <ele>5.1</ele>
      </trkpt>
      <trkpt lat="69.582087" lon="18.943519">
        <ele>5.4</ele>
      </trkpt>
      <trkpt lat="69.577900" lon="18.946534">
        <ele>15.4</ele>
      </trkpt>
      <trkpt lat="69.576297" lon="18.947762">
        <ele>24.3</ele>
      </trkpt>
      <trkpt lat="69.575197" lon="18.948235">
        <ele>27</ele>
      </trkpt>
      <trkpt lat="69.573451" lon="18.948296">
        <ele>26.5</ele>
      </trkpt>
      <trkpt lat="69.572589" lon="18.948444">
        <ele>25.8</ele>
      </trkpt>
      <trkpt lat="69.570706" lon="18.949175">
        <ele>22.8</ele>
      </trkpt>
      <trkpt lat="69.569547" lon="18.949339">
        <ele>25.2</ele>
      </trkpt>
      <trkpt lat="69.568235" lon="18.949122">
        <ele>21.7</ele>
      </trkpt>
      <trkpt lat="69.567001" lon="18.949667">
        <ele>19.4</ele>
      </trkpt>
      <trkpt lat="69.566184" lon="18.949814">
        <ele>16.7</ele>
      </trkpt>
      <trkpt lat="69.565867" lon="18.950195">
        <ele>18.8</ele>
      </trkpt>
      <trkpt lat="69.565593" lon="18.950696">
        <ele>20.5</ele>
      </trkpt>
      <trkpt lat="69.565059" lon="18.951434">
        <ele>20.5</ele>
      </trkpt>
      <trkpt lat="69.564193" lon="18.951935">
        <ele>17.5</ele>
      </trkpt>
      <trkpt lat="69.560779" lon="18.953636">
        <ele>16.1</ele>
      </trkpt>
      <trkpt lat="69.559879" lon="18.954906">
        <ele>16.1</ele>
      </trkpt>
      <trkpt lat="69.559474" lon="18.955227">
        <ele>14.2</ele>
      </trkpt>
      <trkpt lat="69.557069" lon="18.956194">
        <ele>1.9</ele>
      </trkpt>
      <trkpt lat="69.555081" lon="18.957314">
        <ele>12</ele>
      </trkpt>
      <trkpt lat="69.553635" lon="18.958796">
        <ele>0.6</ele>
      </trkpt>
      <trkpt lat="69.552827" lon="18.959493">
        <ele>1</ele>
      </trkpt>
      <trkpt lat="69.549962" lon="18.961642">
        <ele>2.3</ele>
      </trkpt>
      <trkpt lat="69.548852" lon="18.962123">
        <ele>0.3</ele>
      </trkpt>
      <trkpt lat="69.546748" lon="18.963209">
        <ele>0.3</ele>
      </trkpt>
      <trkpt lat="69.545123" lon="18.963377">
        <ele>1.6</ele>
      </trkpt>
      <trkpt lat="69.544301" lon="18.963733">
        <ele>1.5</ele>
      </trkpt>
      <trkpt lat="69.543307" lon="18.964571">
        <ele>2.7</ele>
      </trkpt>
      <trkpt lat="69.542364" lon="18.965811">
        <ele>4.8</ele>
      </trkpt>
      <trkpt lat="69.541914" lon="18.966575">
        <ele>5.4</ele>
      </trkpt>
      <trkpt lat="69.541036" lon="18.968295">
        <ele>7.5</ele>
      </trkpt>
      <trkpt lat="69.540781" lon="18.968971">
        <ele>7.9</ele>
      </trkpt>
      <trkpt lat="69.540516" lon="18.969962">
        <ele>8.1</ele>
      </trkpt>
      <trkpt lat="69.540193" lon="18.971776">
        <ele>8.3</ele>
      </trkpt>
      <trkpt lat="69.539824" lon="18.974656">
        <ele>9.6</ele>
      </trkpt>
      <trkpt lat="69.539749" lon="18.975854">
        <ele>9</ele>
      </trkpt>
      <trkpt lat="69.539848" lon="18.977754">
        <ele>10.5</ele>
      </trkpt>
      <trkpt lat="69.540017" lon="18.979130">
        <ele>13.7</ele>
      </trkpt>
      <trkpt lat="69.540970" lon="18.983549">
        <ele>30</ele>
      </trkpt>
      <trkpt lat="69.541974" lon="18.987510">
        <ele>37.7</ele>
      </trkpt>
      <trkpt lat="69.542164" lon="18.988501">
        <ele>38.9</ele>
      </trkpt>
      <trkpt lat="69.542264" lon="18.989311">
        <ele>42.3</ele>
      </trkpt>
      <trkpt lat="69.542368" lon="18.992146">
        <ele>39.8</ele>
      </trkpt>
      <trkpt lat="69.542407" lon="18.992647">
        <ele>39.9</ele>
      </trkpt>
      <trkpt lat="69.542494" lon="18.993116">
        <ele>41.5</ele>
      </trkpt>
      <trkpt lat="69.542805" lon="18.993988">
        <ele>46.7</ele>
      </trkpt>
      <trkpt lat="69.543285" lon="18.995043">
        <ele>53.4</ele>
      </trkpt>
      <trkpt lat="69.543672" lon="18.996087">
        <ele>58.4</ele>
      </trkpt>
      <trkpt lat="69.543796" lon="18.996714">
        <ele>60.7</ele>
      </trkpt>
      <trkpt lat="69.544085" lon="18.999056">
        <ele>63.5</ele>
      </trkpt>
      <trkpt lat="69.544291" lon="19.000223">
        <ele>65.6</ele>
      </trkpt>
      <trkpt lat="69.544550" lon="19.001155">
        <ele>67.2</ele>
      </trkpt>
      <trkpt lat="69.545091" lon="19.002536">
        <ele>73.3</ele>
      </trkpt>
      <trkpt lat="69.545401" lon="19.003832">
        <ele>73.4</ele>
      </trkpt>
      <trkpt lat="69.545648" lon="19.005609">
        <ele>75.5</ele>
      </trkpt>
      <trkpt lat="69.546015" lon="19.009390">
        <ele>82.4</ele>
      </trkpt>
      <trkpt lat="69.546128" lon="19.009807">
        <ele>83.7</ele>
      </trkpt>
      <trkpt lat="69.546215" lon="19.009863">
        <ele>83.7</ele>
      </trkpt>
      <trkpt lat="69.546534" lon="19.009643">
        <ele>87.9</ele>
      </trkpt>
      <trkpt lat="69.547647" lon="19.016285">
        <ele>102.6</ele>
      </trkpt>
      <trkpt lat="69.548417" lon="19.019736">
        <ele>100.3</ele>
      </trkpt>
      <trkpt lat="69.549335" lon="19.023484">
        <ele>101.7</ele>
      </trkpt>
      <trkpt lat="69.549778" lon="19.026019">
        <ele>106.1</ele>
      </trkpt>
      <trkpt lat="69.550079" lon="19.028581">
        <ele>111.3</ele>
      </trkpt>
      <trkpt lat="69.550552" lon="19.034657">
        <ele>129</ele>
      </trkpt>
      <trkpt lat="69.550775" lon="19.036467">
        <ele>116.2</ele>
      </trkpt>
      <trkpt lat="69.550976" lon="19.037689">
        <ele>112.5</ele>
      </trkpt>
      <trkpt lat="69.551318" lon="19.039383">
        <ele>106.5</ele>
      </trkpt>
      <trkpt lat="69.552782" lon="19.045285">
        <ele>55.4</ele>
      </trkpt>
      <trkpt lat="69.553583" lon="19.048850">
        <ele>47.8</ele>
      </trkpt>
      <trkpt lat="69.553966" lon="19.050799">
        <ele>47.3</ele>
      </trkpt>
      <trkpt lat="69.555214" lon="19.058028">
        <ele>49.7</ele>
      </trkpt>
      <trkpt lat="69.555557" lon="19.059356">
        <ele>46.9</ele>
      </trkpt>
      <trkpt lat="69.556394" lon="19.062124">
        <ele>69.1</ele>
      </trkpt>
      <trkpt lat="69.557306" lon="19.066420">
        <ele>60.9</ele>
      </trkpt>
      <trkpt lat="69.557714" lon="19.069006">
        <ele>55</ele>
      </trkpt>
      <trkpt lat="69.558136" lon="19.072979">
        <ele>48.4</ele>
      </trkpt>
      <trkpt lat="69.558781" lon="19.082099">
        <ele>49.8</ele>
      </trkpt>
      <trkpt lat="69.560386" lon="19.098635">
        <ele>65.3</ele>
      </trkpt>
      <trkpt lat="69.561856" lon="19.112330">
        <ele>62.4</ele>
      </trkpt>
      <trkpt lat="69.563487" lon="19.126055">
        <ele>42.4</ele>
      </trkpt>
      <trkpt lat="69.563643" lon="19.128152">
        <ele>40.3</ele>
      </trkpt>
      <trkpt lat="69.563676" lon="19.130133">
        <ele>37.3</ele>
      </trkpt>
      <trkpt lat="69.563603" lon="19.132322">
        <ele>29.3</ele>
      </trkpt>
      <trkpt lat="69.563402" lon="19.134365">
        <ele>22.6</ele>
      </trkpt>
      <trkpt lat="69.563052" lon="19.136791">
        <ele>29.6</ele>
      </trkpt>
      <trkpt lat="69.562845" lon="19.138530">
        <ele>41</ele>
      </trkpt>
      <trkpt lat="69.562784" lon="19.139814">
        <ele>47</ele>
      </trkpt>
      <trkpt lat="69.562809" lon="19.141069">
        <ele>55.4</ele>
      </trkpt>
      <trkpt lat="69.562938" lon="19.142534">
        <ele>58.3</ele>
      </trkpt>
      <trkpt lat="69.563164" lon="19.143987">
        <ele>54.3</ele>
      </trkpt>
      <trkpt lat="69.563399" lon="19.144940">
        <ele>53.9</ele>
      </trkpt>
      <trkpt lat="69.564289" lon="19.147256">
        <ele>49.4</ele>
      </trkpt>
      <trkpt lat="69.564919" lon="19.148779">
        <ele>43.7</ele>
      </trkpt>
      <trkpt lat="69.564970" lon="19.148599">
        <ele>46</ele>
      </trkpt>
      <trkpt lat="69.565792" lon="19.150581">
        <ele>40.2</ele>
      </trkpt>
      <trkpt lat="69.566118" lon="19.151063">
        <ele>40.7</ele>
      </trkpt>
      <trkpt lat="69.566230" lon="19.151652">
        <ele>39.2</ele>
      </trkpt>
      <trkpt lat="69.568946" lon="19.158217">
        <ele>17.1</ele>
      </trkpt>
      <trkpt lat="69.569380" lon="19.159226">
        <ele>12.8</ele>
      </trkpt>
      <trkpt lat="69.570141" lon="19.160744">
        <ele>10.8</ele>
      </trkpt>
      <trkpt lat="69.570530" lon="19.162069">
        <ele>11.1</ele>
      </trkpt>
      <trkpt lat="69.571064" lon="19.163683">
        <ele>9.7</ele>
      </trkpt>
      <trkpt lat="69.571988" lon="19.167362">
        <ele>7.5</ele>
      </trkpt>
      <trkpt lat="69.572324" lon="19.170197">
        <ele>4.5</ele>
      </trkpt>
      <trkpt lat="69.572519" lon="19.174462">
        <ele>6.8</ele>
      </trkpt>
      <trkpt lat="69.572432" lon="19.176567">
        <ele>9</ele>
      </trkpt>
      <trkpt lat="69.572067" lon="19.180393">
        <ele>9.2</ele>
      </trkpt>
      <trkpt lat="69.571839" lon="19.182418">
        <ele>8.3</ele>
      </trkpt>
      <trkpt lat="69.571621" lon="19.183700">
        <ele>6.6</ele>
      </trkpt>
      <trkpt lat="69.571372" lon="19.184392">
        <ele>6</ele>
      </trkpt>
      <trkpt lat="69.570318" lon="19.186104">
        <ele>3</ele>
      </trkpt>
      <trkpt lat="69.569476" lon="19.187079">
        <ele>4.3</ele>
      </trkpt>
      <trkpt lat="69.568848" lon="19.187580">
        <ele>5.5</ele>
      </trkpt>
      <trkpt lat="69.568461" lon="19.187795">
        <ele>5.9</ele>
      </trkpt>
      <trkpt lat="69.567894" lon="19.187798">
        <ele>6.9</ele>
      </trkpt>
      <trkpt lat="69.567314" lon="19.187353">
        <ele>7.7</ele>
      </trkpt>
      <trkpt lat="69.566968" lon="19.186779">
        <ele>7.9</ele>
      </trkpt>
      <trkpt lat="69.566733" lon="19.185956">
        <ele>5.5</ele>
      </trkpt>
      <trkpt lat="69.566518" lon="19.184839">
        <ele>1.2</ele>
      </trkpt>
      <trkpt lat="69.566264" lon="19.184149">
        <ele>0.9</ele>
      </trkpt>
      <trkpt lat="69.565759" lon="19.183754">
        <ele>0.6</ele>
      </trkpt>
      <trkpt lat="69.565103" lon="19.183534">
        <ele>2.8</ele>
      </trkpt>
      <trkpt lat="69.564596" lon="19.182916">
        <ele>1.9</ele>
      </trkpt>
      <trkpt lat="69.564324" lon="19.182742">
        <ele>2.9</ele>
      </trkpt>
      <trkpt lat="69.564056" lon="19.182744">
        <ele>4</ele>
      </trkpt>
      <trkpt lat="69.563857" lon="19.183143">
        <ele>6.5</ele>
      </trkpt>
      <trkpt lat="69.563677" lon="19.183739">
        <ele>11</ele>
      </trkpt>
      <trkpt lat="69.563602" lon="19.183850">
        <ele>13.2</ele>
      </trkpt>
      <trkpt lat="69.562701" lon="19.183898">
        <ele>16.4</ele>
      </trkpt>
      <trkpt lat="69.562259" lon="19.184010">
        <ele>15.7</ele>
      </trkpt>
      <trkpt lat="69.561281" lon="19.184665">
        <ele>15.5</ele>
      </trkpt>
      <trkpt lat="69.561272" lon="19.185545">
        <ele>18</ele>
      </trkpt>
      <trkpt lat="69.561318" lon="19.186238">
        <ele>20.3</ele>
      </trkpt>
      <trkpt lat="69.561547" lon="19.187370">
        <ele>25.3</ele>
      </trkpt>
      <trkpt lat="69.562283" lon="19.189557">
        <ele>38.5</ele>
      </trkpt>
      <trkpt lat="69.562941" lon="19.193079">
        <ele>48.5</ele>
      </trkpt>
      <trkpt lat="69.563189" lon="19.193890">
        <ele>51</ele>
      </trkpt>
      <trkpt lat="69.563577" lon="19.194722">
        <ele>51.9</ele>
      </trkpt>
      <trkpt lat="69.563962" lon="19.195186">
        <ele>52.1</ele>
      </trkpt>
      <trkpt lat="69.564374" lon="19.195440">
        <ele>52.3</ele>
      </trkpt>
      <trkpt lat="69.565190" lon="19.195410">
        <ele>52.1</ele>
      </trkpt>
      <trkpt lat="69.565638" lon="19.195516">
        <ele>52.7</ele>
      </trkpt>
      <trkpt lat="69.566222" lon="19.196073">
        <ele>55.8</ele>
      </trkpt>
      <trkpt lat="69.566815" lon="19.196992">
        <ele>59.5</ele>
      </trkpt>
      <trkpt lat="69.567232" lon="19.197813">
        <ele>60.4</ele>
      </trkpt>
      <trkpt lat="69.567730" lon="19.199325">
        <ele>61.2</ele>
      </trkpt>
      <trkpt lat="69.568081" lon="19.200998">
        <ele>63.3</ele>
      </trkpt>
      <trkpt lat="69.568525" lon="19.203866">
        <ele>68.2</ele>
      </trkpt>
      <trkpt lat="69.569054" lon="19.206145">
        <ele>71.4</ele>
      </trkpt>
      <trkpt lat="69.569483" lon="19.207710">
        <ele>73.9</ele>
      </trkpt>
      <trkpt lat="69.570007" lon="19.210343">
        <ele>78.6</ele>
      </trkpt>
      <trkpt lat="69.570262" lon="19.211253">
        <ele>79</ele>
      </trkpt>
      <trkpt lat="69.570960" lon="19.213124">
        <ele>78.6</ele>
      </trkpt>
      <trkpt lat="69.571627" lon="19.215763">
        <ele>80.8</ele>
      </trkpt>
      <trkpt lat="69.572150" lon="19.217563">
        <ele>79.9</ele>
      </trkpt>
      <trkpt lat="69.574021" lon="19.222345">
        <ele>74.1</ele>
      </trkpt>
      <trkpt lat="69.574657" lon="19.224072">
        <ele>73.1</ele>
      </trkpt>
      <trkpt lat="69.575037" lon="19.225413">
        <ele>72.4</ele>
      </trkpt>
      <trkpt lat="69.576497" lon="19.232147">
        <ele>70.2</ele>
      </trkpt>
      <trkpt lat="69.576947" lon="19.234699">
        <ele>70.6</ele>
      </trkpt>
      <trkpt lat="69.578488" lon="19.245152">
        <ele>68.2</ele>
      </trkpt>
      <trkpt lat="69.578791" lon="19.246931">
        <ele>66.5</ele>
      </trkpt>
      <trkpt lat="69.579624" lon="19.249978">
        <ele>65.8</ele>
      </trkpt>
      <trkpt lat="69.582306" lon="19.259494">
        <ele>63.1</ele>
      </trkpt>
      <trkpt lat="69.583536" lon="19.263990">
        <ele>68.7</ele>
      </trkpt>
      <trkpt lat="69.583826" lon="19.264877">
        <ele>69.5</ele>
      </trkpt>
      <trkpt lat="69.588200" lon="19.273762">
        <ele>63</ele>
      </trkpt>
      <trkpt lat="69.588834" lon="19.275754">
        <ele>65.6</ele>
      </trkpt>
      <trkpt lat="69.590231" lon="19.280874">
        <ele>68</ele>
      </trkpt>
      <trkpt lat="69.590704" lon="19.283146">
        <ele>65.2</ele>
      </trkpt>
      <trkpt lat="69.593000" lon="19.296513">
        <ele>60.4</ele>
      </trkpt>
      <trkpt lat="69.593238" lon="19.297534">
        <ele>61.4</ele>
      </trkpt>
      <trkpt lat="69.599069" lon="19.319458">
        <ele>63.6</ele>
      </trkpt>
      <trkpt lat="69.599724" lon="19.320992">
        <ele>63.1</ele>
      </trkpt>
      <trkpt lat="69.600984" lon="19.323072">
        <ele>52.7</ele>
      </trkpt>
      <trkpt lat="69.601615" lon="19.324446">
        <ele>51.9</ele>
      </trkpt>
      <trkpt lat="69.602142" lon="19.325841">
        <ele>49.6</ele>
      </trkpt>
      <trkpt lat="69.604449" lon="19.333622">
        <ele>43.8</ele>
      </trkpt>
      <trkpt lat="69.604767" lon="19.334888">
        <ele>45.7</ele>
      </trkpt>
      <trkpt lat="69.605303" lon="19.337369">
        <ele>48.2</ele>
      </trkpt>
      <trkpt lat="69.606610" lon="19.340941">
        <ele>47.6</ele>
      </trkpt>
      <trkpt lat="69.607984" lon="19.346139">
        <ele>52.4</ele>
      </trkpt>
      <trkpt lat="69.609420" lon="19.352724">
        <ele>45.1</ele>
      </trkpt>
      <trkpt lat="69.609696" lon="19.354309">
        <ele>46.1</ele>
      </trkpt>
      <trkpt lat="69.612305" lon="19.373048">
        <ele>62.2</ele>
      </trkpt>
      <trkpt lat="69.612530" lon="19.375522">
        <ele>60.9</ele>
      </trkpt>
      <trkpt lat="69.613022" lon="19.383775">
        <ele>64.1</ele>
      </trkpt>
      <trkpt lat="69.613150" lon="19.385372">
        <ele>68.3</ele>
      </trkpt>
      <trkpt lat="69.613428" lon="19.386915">
        <ele>68.3</ele>
      </trkpt>
      <trkpt lat="69.614373" lon="19.390048">
        <ele>64.4</ele>
      </trkpt>
      <trkpt lat="69.620244" lon="19.409060">
        <ele>47.9</ele>
      </trkpt>
      <trkpt lat="69.620663" lon="19.410236">
        <ele>45.8</ele>
      </trkpt>
      <trkpt lat="69.620870" lon="19.410613">
        <ele>43.5</ele>
      </trkpt>
      <trkpt lat="69.621410" lon="19.411019">
        <ele>42.7</ele>
      </trkpt>
      <trkpt lat="69.621893" lon="19.410831">
        <ele>40.6</ele>
      </trkpt>
      <trkpt lat="69.622356" lon="19.410109">
        <ele>39.3</ele>
      </trkpt>
      <trkpt lat="69.623129" lon="19.408313">
        <ele>28.1</ele>
      </trkpt>
      <trkpt lat="69.623924" lon="19.407107">
        <ele>19.5</ele>
      </trkpt>
      <trkpt lat="69.625136" lon="19.405601">
        <ele>17.5</ele>
      </trkpt>
      <trkpt lat="69.625673" lon="19.405161">
        <ele>16.5</ele>
      </trkpt>
      <trkpt lat="69.626179" lon="19.404986">
        <ele>15.7</ele>
      </trkpt>
      <trkpt lat="69.627018" lon="19.404847">
        <ele>14.2</ele>
      </trkpt>
      <trkpt lat="69.627703" lon="19.404422">
        <ele>13.8</ele>
      </trkpt>
      <trkpt lat="69.627897" lon="19.404462">
        <ele>14.7</ele>
      </trkpt>
      <trkpt lat="69.628223" lon="19.404942">
        <ele>16.5</ele>
      </trkpt>
      <trkpt lat="69.628512" lon="19.405529">
        <ele>18.8</ele>
      </trkpt>
      <trkpt lat="69.628907" lon="19.406692">
        <ele>19</ele>
      </trkpt>
      <trkpt lat="69.629447" lon="19.408966">
        <ele>23.1</ele>
      </trkpt>
      <trkpt lat="69.629760" lon="19.409985">
        <ele>25.4</ele>
      </trkpt>
      <trkpt lat="69.631668" lon="19.414155">
        <ele>29</ele>
      </trkpt>
      <trkpt lat="69.631972" lon="19.414973">
        <ele>32.2</ele>
      </trkpt>
      <trkpt lat="69.632293" lon="19.416254">
        <ele>33.9</ele>
      </trkpt>
      <trkpt lat="69.633364" lon="19.421479">
        <ele>36.9</ele>
      </trkpt>
      <trkpt lat="69.633853" lon="19.424747">
        <ele>34.6</ele>
      </trkpt>
      <trkpt lat="69.635278" lon="19.431884">
        <ele>32.1</ele>
      </trkpt>
      <trkpt lat="69.635912" lon="19.436073">
        <ele>19.8</ele>
      </trkpt>
      <trkpt lat="69.636116" lon="19.437036">
        <ele>19.2</ele>
      </trkpt>
      <trkpt lat="69.636404" lon="19.437914">
        <ele>18.5</ele>
      </trkpt>
      <trkpt lat="69.637336" lon="19.439917">
        <ele>20</ele>
      </trkpt>
      <trkpt lat="69.637706" lon="19.440880">
        <ele>24.9</ele>
      </trkpt>
      <trkpt lat="69.637906" lon="19.441802">
        <ele>27.8</ele>
      </trkpt>
      <trkpt lat="69.637997" lon="19.442634">
        <ele>30.3</ele>
      </trkpt>
      <trkpt lat="69.638113" lon="19.444681">
        <ele>39.7</ele>
      </trkpt>
      <trkpt lat="69.638235" lon="19.445551">
        <ele>39.8</ele>
      </trkpt>
      <trkpt lat="69.641305" lon="19.458419">
        <ele>39.5</ele>
      </trkpt>
      <trkpt lat="69.641582" lon="19.459823">
        <ele>39.7</ele>
      </trkpt>
      <trkpt lat="69.642723" lon="19.468615">
        <ele>38.9</ele>
      </trkpt>
      <trkpt lat="69.643400" lon="19.474151">
        <ele>38.8</ele>
      </trkpt>
      <trkpt lat="69.643484" lon="19.475752">
        <ele>38.9</ele>
      </trkpt>
      <trkpt lat="69.643476" lon="19.477262">
        <ele>39.7</ele>
      </trkpt>
      <trkpt lat="69.642911" lon="19.493759">
        <ele>41.8</ele>
      </trkpt>
      <trkpt lat="69.642946" lon="19.496342">
        <ele>40.9</ele>
      </trkpt>
      <trkpt lat="69.643646" lon="19.506462">
        <ele>41</ele>
      </trkpt>
      <trkpt lat="69.643913" lon="19.509939">
        <ele>41</ele>
      </trkpt>
      <trkpt lat="69.644102" lon="19.511217">
        <ele>40.8</ele>
      </trkpt>
      <trkpt lat="69.644496" lon="19.513256">
        <ele>40</ele>
      </trkpt>
      <trkpt lat="69.644696" lon="19.514865">
        <ele>36.7</ele>
      </trkpt>
      <trkpt lat="69.644725" lon="19.516781">
        <ele>31.9</ele>
      </trkpt>
      <trkpt lat="69.644548" lon="19.519644">
        <ele>23.9</ele>
      </trkpt>
      <trkpt lat="69.644572" lon="19.520913">
        <ele>20.3</ele>
      </trkpt>
      <trkpt lat="69.644699" lon="19.522215">
        <ele>20.5</ele>
      </trkpt>
      <trkpt lat="69.644871" lon="19.523160">
        <ele>20</ele>
      </trkpt>
      <trkpt lat="69.645101" lon="19.524013">
        <ele>19</ele>
      </trkpt>
      <trkpt lat="69.645473" lon="19.524959">
        <ele>16.9</ele>
      </trkpt>
      <trkpt lat="69.647404" lon="19.528932">
        <ele>10.6</ele>
      </trkpt>
      <trkpt lat="69.648732" lon="19.530870">
        <ele>13.2</ele>
      </trkpt>
      <trkpt lat="69.649473" lon="19.531631">
        <ele>15.2</ele>
      </trkpt>
      <trkpt lat="69.649787" lon="19.532152">
        <ele>15.7</ele>
      </trkpt>
      <trkpt lat="69.649969" lon="19.532647">
        <ele>15.9</ele>
      </trkpt>
      <trkpt lat="69.650249" lon="19.534060">
        <ele>17</ele>
      </trkpt>
      <trkpt lat="69.650881" lon="19.541323">
        <ele>17.4</ele>
      </trkpt>
      <trkpt lat="69.651072" lon="19.542770">
        <ele>17.8</ele>
      </trkpt>
      <trkpt lat="69.651607" lon="19.545744">
        <ele>17</ele>
      </trkpt>
      <trkpt lat="69.651898" lon="19.548562">
        <ele>18.8</ele>
      </trkpt>
      <trkpt lat="69.652310" lon="19.550728">
        <ele>26.1</ele>
      </trkpt>
      <trkpt lat="69.652404" lon="19.552209">
        <ele>21.5</ele>
      </trkpt>
      <trkpt lat="69.652401" lon="19.553797">
        <ele>18.7</ele>
      </trkpt>
      <trkpt lat="69.652448" lon="19.554904">
        <ele>16.4</ele>
      </trkpt>
      <trkpt lat="69.652550" lon="19.555733">
        <ele>14.5</ele>
      </trkpt>
      <trkpt lat="69.652839" lon="19.556830">
        <ele>13.1</ele>
      </trkpt>
      <trkpt lat="69.653487" lon="19.558127">
        <ele>13.4</ele>
      </trkpt>
      <trkpt lat="69.653708" lon="19.558746">
        <ele>15.1</ele>
      </trkpt>
      <trkpt lat="69.653904" lon="19.559631">
        <ele>16.2</ele>
      </trkpt>
      <trkpt lat="69.654016" lon="19.560801">
        <ele>15.9</ele>
      </trkpt>
      <trkpt lat="69.654105" lon="19.562479">
        <ele>13.8</ele>
      </trkpt>
      <trkpt lat="69.654300" lon="19.563930">
        <ele>14.4</ele>
      </trkpt>
      <trkpt lat="69.654686" lon="19.565438">
        <ele>17.6</ele>
      </trkpt>
      <trkpt lat="69.654964" lon="19.566109">
        <ele>18.6</ele>
      </trkpt>
      <trkpt lat="69.656175" lon="19.567803">
        <ele>20.4</ele>
      </trkpt>
      <trkpt lat="69.656594" lon="19.568881">
        <ele>25.8</ele>
      </trkpt>
      <trkpt lat="69.657186" lon="19.570647">
        <ele>29.6</ele>
      </trkpt>
      <trkpt lat="69.657696" lon="19.572209">
        <ele>30.7</ele>
      </trkpt>
      <trkpt lat="69.657982" lon="19.573314">
        <ele>33</ele>
      </trkpt>
      <trkpt lat="69.658203" lon="19.574500">
        <ele>32.3</ele>
      </trkpt>
      <trkpt lat="69.659159" lon="19.580782">
        <ele>37</ele>
      </trkpt>
      <trkpt lat="69.661152" lon="19.598121">
        <ele>28.8</ele>
      </trkpt>
      <trkpt lat="69.662403" lon="19.606749">
        <ele>32.6</ele>
      </trkpt>
      <trkpt lat="69.662770" lon="19.611402">
        <ele>27.8</ele>
      </trkpt>
      <trkpt lat="69.663297" lon="19.618735">
        <ele>21.2</ele>
      </trkpt>
      <trkpt lat="69.663784" lon="19.622961">
        <ele>20.3</ele>
      </trkpt>
      <trkpt lat="69.665187" lon="19.634219">
        <ele>10.6</ele>
      </trkpt>
      <trkpt lat="69.665258" lon="19.634666">
        <ele>9.5</ele>
      </trkpt>
      <trkpt lat="69.665564" lon="19.635935">
        <ele>10</ele>
      </trkpt>
      <trkpt lat="69.666089" lon="19.637527">
        <ele>10.3</ele>
      </trkpt>
      <trkpt lat="69.666755" lon="19.639133">
        <ele>10.2</ele>
      </trkpt>
      <trkpt lat="69.667301" lon="19.640690">
        <ele>11.9</ele>
      </trkpt>
      <trkpt lat="69.668394" lon="19.645209">
        <ele>11.6</ele>
      </trkpt>
      <trkpt lat="69.668881" lon="19.646751">
        <ele>12.3</ele>
      </trkpt>
      <trkpt lat="69.669840" lon="19.649272">
        <ele>12</ele>
      </trkpt>
      <trkpt lat="69.669956" lon="19.649984">
        <ele>10.8</ele>
      </trkpt>
      <trkpt lat="69.669934" lon="19.650708">
        <ele>4</ele>
        <extensions>
          <visugpx:TrkExtension xmlns:visugpx="https://www.visugpx.com/editgpx/">
            <visugpx:node>1</visugpx:node>
          </visugpx:TrkExtension>
        </extensions>
      </trkpt>
    </trkseg>
  </trk>
  <trk>
    <name><![CDATA[014: Skaland – Gryllefjord (DEVELOPED)]]></name>
    <desc><![CDATA[DEVELOPED

DEVELOPED]]></desc>
    <extensions>
      <line xmlns="http://www.topografix.com/GPX/gpx_style/0/2">
        <color>0432ff</color>
        <opacity>1</opacity>
        <width>4</width>
      </line>
    </extensions>
    <trkseg>
      <trkpt lat="69.363468" lon="17.052899">
        <ele>1.6</ele>
      </trkpt>
      <trkpt lat="69.363390" lon="17.052467">
        <ele>2</ele>
      </trkpt>
      <trkpt lat="69.363332" lon="17.052287">
        <ele>2</ele>
      </trkpt>
      <trkpt lat="69.363239" lon="17.052176">
        <ele>0.1</ele>
      </trkpt>
      <trkpt lat="69.363185" lon="17.052352">
        <ele>0.1</ele>
      </trkpt>
      <trkpt lat="69.363078" lon="17.053397">
        <ele>0.1</ele>
      </trkpt>
      <trkpt lat="69.362897" lon="17.053487">
        <ele>4</ele>
      </trkpt>
      <trkpt lat="69.362717" lon="17.055367">
        <ele>0.1</ele>
      </trkpt>
      <trkpt lat="69.362532" lon="17.056808">
        <ele>0.1</ele>
      </trkpt>
      <trkpt lat="69.362371" lon="17.058408">
        <ele>4.4</ele>
      </trkpt>
      <trkpt lat="69.362109" lon="17.062410">
        <ele>0.1</ele>
      </trkpt>
      <trkpt lat="69.361489" lon="17.067518">
        <ele>4.9</ele>
      </trkpt>
      <trkpt lat="69.361057" lon="17.070373">
        <ele>0.1</ele>
      </trkpt>
      <trkpt lat="69.360960" lon="17.071561">
        <ele>0.1</ele>
      </trkpt>
      <trkpt lat="69.360814" lon="17.075128">
        <ele>0.1</ele>
      </trkpt>
      <trkpt lat="69.360732" lon="17.075997">
        <ele>0.1</ele>
      </trkpt>
      <trkpt lat="69.360514" lon="17.077224">
        <ele>0.1</ele>
      </trkpt>
      <trkpt lat="69.357882" lon="17.087557">
        <ele>11.3</ele>
      </trkpt>
      <trkpt lat="69.357778" lon="17.088160">
        <ele>10.3</ele>
      </trkpt>
      <trkpt lat="69.356875" lon="17.095667">
        <ele>3.8</ele>
      </trkpt>
      <trkpt lat="69.356822" lon="17.096339">
        <ele>4.9</ele>
      </trkpt>
      <trkpt lat="69.356780" lon="17.097995">
        <ele>4.6</ele>
      </trkpt>
      <trkpt lat="69.356615" lon="17.100188">
        <ele>4.4</ele>
      </trkpt>
      <trkpt lat="69.356670" lon="17.103087">
        <ele>1.2</ele>
      </trkpt>
      <trkpt lat="69.356655" lon="17.104477">
        <ele>2</ele>
      </trkpt>
      <trkpt lat="69.356577" lon="17.106132">
        <ele>3.3</ele>
      </trkpt>
      <trkpt lat="69.355437" lon="17.123169">
        <ele>0.3</ele>
      </trkpt>
      <trkpt lat="69.359959" lon="17.127457">
        <ele>43.9</ele>
      </trkpt>
      <trkpt lat="69.361354" lon="17.128747">
        <ele>149.9</ele>
      </trkpt>
      <trkpt lat="69.361879" lon="17.129130">
        <ele>174.4</ele>
      </trkpt>
      <trkpt lat="69.362410" lon="17.129424">
        <ele>218.3</ele>
      </trkpt>
      <trkpt lat="69.367101" lon="17.131216">
        <ele>124</ele>
      </trkpt>
      <trkpt lat="69.367672" lon="17.131342">
        <ele>90.7</ele>
      </trkpt>
      <trkpt lat="69.368262" lon="17.131336">
        <ele>58.8</ele>
      </trkpt>
      <trkpt lat="69.368800" lon="17.131210">
        <ele>51.5</ele>
      </trkpt>
      <trkpt lat="69.369725" lon="17.130719">
        <ele>58.7</ele>
      </trkpt>
      <trkpt lat="69.370332" lon="17.130196">
        <ele>53.9</ele>
      </trkpt>
      <trkpt lat="69.382197" lon="17.117063">
        <ele>5.1</ele>
      </trkpt>
      <trkpt lat="69.382768" lon="17.116628">
        <ele>5.3</ele>
      </trkpt>
      <trkpt lat="69.383369" lon="17.116482">
        <ele>6.3</ele>
      </trkpt>
      <trkpt lat="69.383678" lon="17.116512">
        <ele>6.9</ele>
      </trkpt>
      <trkpt lat="69.384035" lon="17.116640">
        <ele>7.6</ele>
      </trkpt>
      <trkpt lat="69.384575" lon="17.117071">
        <ele>8.3</ele>
      </trkpt>
      <trkpt lat="69.385177" lon="17.117863">
        <ele>8.4</ele>
      </trkpt>
      <trkpt lat="69.389287" lon="17.125057">
        <ele>0.8</ele>
      </trkpt>
      <trkpt lat="69.390025" lon="17.126157">
        <ele>1</ele>
      </trkpt>
      <trkpt lat="69.390733" lon="17.126856">
        <ele>1.9</ele>
      </trkpt>
      <trkpt lat="69.393650" lon="17.128984">
        <ele>11</ele>
      </trkpt>
      <trkpt lat="69.394091" lon="17.129196">
        <ele>12.1</ele>
      </trkpt>
      <trkpt lat="69.395537" lon="17.129452">
        <ele>12.7</ele>
      </trkpt>
      <trkpt lat="69.396152" lon="17.129770">
        <ele>11.4</ele>
      </trkpt>
      <trkpt lat="69.396554" lon="17.129876">
        <ele>10.3</ele>
      </trkpt>
      <trkpt lat="69.400431" lon="17.129685">
        <ele>14</ele>
      </trkpt>
      <trkpt lat="69.403099" lon="17.129629">
        <ele>18.4</ele>
      </trkpt>
      <trkpt lat="69.403253" lon="17.129703">
        <ele>20.6</ele>
      </trkpt>
      <trkpt lat="69.403432" lon="17.129917">
        <ele>20.2</ele>
      </trkpt>
      <trkpt lat="69.404508" lon="17.131928">
        <ele>25.6</ele>
      </trkpt>
      <trkpt lat="69.404791" lon="17.132536">
        <ele>25</ele>
      </trkpt>
      <trkpt lat="69.405876" lon="17.135338">
        <ele>22.6</ele>
      </trkpt>
      <trkpt lat="69.406413" lon="17.136085">
        <ele>16.8</ele>
      </trkpt>
      <trkpt lat="69.406599" lon="17.136460">
        <ele>15</ele>
      </trkpt>
      <trkpt lat="69.407192" lon="17.138823">
        <ele>7.6</ele>
      </trkpt>
      <trkpt lat="69.407355" lon="17.140363">
        <ele>12.8</ele>
      </trkpt>
      <trkpt lat="69.407500" lon="17.141102">
        <ele>16.6</ele>
      </trkpt>
      <trkpt lat="69.407711" lon="17.141688">
        <ele>15.5</ele>
      </trkpt>
      <trkpt lat="69.408691" lon="17.143966">
        <ele>10.3</ele>
      </trkpt>
      <trkpt lat="69.409059" lon="17.144936">
        <ele>9.8</ele>
      </trkpt>
      <trkpt lat="69.410063" lon="17.149244">
        <ele>23.5</ele>
      </trkpt>
      <trkpt lat="69.410316" lon="17.149844">
        <ele>24.4</ele>
      </trkpt>
      <trkpt lat="69.410660" lon="17.150238">
        <ele>26</ele>
      </trkpt>
      <trkpt lat="69.411022" lon="17.150312">
        <ele>24.6</ele>
      </trkpt>
      <trkpt lat="69.411610" lon="17.150075">
        <ele>18.4</ele>
      </trkpt>
      <trkpt lat="69.411767" lon="17.150145">
        <ele>17.5</ele>
      </trkpt>
      <trkpt lat="69.411951" lon="17.150426">
        <ele>17.1</ele>
      </trkpt>
      <trkpt lat="69.412276" lon="17.151775">
        <ele>16.5</ele>
      </trkpt>
      <trkpt lat="69.412979" lon="17.153893">
        <ele>11.7</ele>
      </trkpt>
      <trkpt lat="69.413214" lon="17.154736">
        <ele>7.2</ele>
      </trkpt>
      <trkpt lat="69.413257" lon="17.155171">
        <ele>7.2</ele>
      </trkpt>
      <trkpt lat="69.413252" lon="17.155455">
        <ele>7</ele>
      </trkpt>
      <trkpt lat="69.413050" lon="17.156967">
        <ele>10</ele>
      </trkpt>
      <trkpt lat="69.412620" lon="17.159773">
        <ele>16</ele>
      </trkpt>
      <trkpt lat="69.412569" lon="17.160473">
        <ele>14.8</ele>
      </trkpt>
      <trkpt lat="69.412612" lon="17.161212">
        <ele>15.6</ele>
      </trkpt>
      <trkpt lat="69.412737" lon="17.161739">
        <ele>6.9</ele>
      </trkpt>
      <trkpt lat="69.413196" lon="17.162735">
        <ele>1.9</ele>
      </trkpt>
      <trkpt lat="69.413296" lon="17.163101">
        <ele>1.3</ele>
      </trkpt>
      <trkpt lat="69.413318" lon="17.163385">
        <ele>0.7</ele>
      </trkpt>
      <trkpt lat="69.413319" lon="17.165416">
        <ele>1.2</ele>
      </trkpt>
      <trkpt lat="69.413418" lon="17.167158">
        <ele>10.8</ele>
      </trkpt>
      <trkpt lat="69.413497" lon="17.167553">
        <ele>11.7</ele>
      </trkpt>
      <trkpt lat="69.413580" lon="17.167710">
        <ele>14</ele>
      </trkpt>
      <trkpt lat="69.413731" lon="17.167748">
        <ele>11.6</ele>
      </trkpt>
      <trkpt lat="69.414343" lon="17.167361">
        <ele>3.9</ele>
      </trkpt>
      <trkpt lat="69.414536" lon="17.167341">
        <ele>3.8</ele>
      </trkpt>
      <trkpt lat="69.414637" lon="17.167409">
        <ele>3.7</ele>
      </trkpt>
      <trkpt lat="69.414878" lon="17.167924">
        <ele>7.9</ele>
      </trkpt>
      <trkpt lat="69.414953" lon="17.168281">
        <ele>10.5</ele>
      </trkpt>
      <trkpt lat="69.414981" lon="17.169000">
        <ele>12.2</ele>
      </trkpt>
      <trkpt lat="69.414754" lon="17.172321">
        <ele>11.3</ele>
      </trkpt>
      <trkpt lat="69.414721" lon="17.173219">
        <ele>9.9</ele>
      </trkpt>
      <trkpt lat="69.414731" lon="17.174684">
        <ele>3.8</ele>
      </trkpt>
      <trkpt lat="69.414644" lon="17.175535">
        <ele>1.1</ele>
      </trkpt>
      <trkpt lat="69.414527" lon="17.175990">
        <ele>2.8</ele>
      </trkpt>
      <trkpt lat="69.413643" lon="17.178589">
        <ele>0.5</ele>
      </trkpt>
      <trkpt lat="69.413349" lon="17.179262">
        <ele>0.9</ele>
      </trkpt>
      <trkpt lat="69.413085" lon="17.179617">
        <ele>0.6</ele>
      </trkpt>
      <trkpt lat="69.412448" lon="17.180130">
        <ele>0.3</ele>
      </trkpt>
      <trkpt lat="69.412219" lon="17.180479">
        <ele>4.3</ele>
      </trkpt>
      <trkpt lat="69.411045" lon="17.183123">
        <ele>4.9</ele>
      </trkpt>
      <trkpt lat="69.410864" lon="17.183624">
        <ele>4.9</ele>
      </trkpt>
      <trkpt lat="69.410615" lon="17.184652">
        <ele>5.5</ele>
      </trkpt>
      <trkpt lat="69.410370" lon="17.185855">
        <ele>-0.2</ele>
      </trkpt>
      <trkpt lat="69.410302" lon="17.186293">
        <ele>3.7</ele>
      </trkpt>
      <trkpt lat="69.410273" lon="17.186741">
        <ele>3.2</ele>
      </trkpt>
      <trkpt lat="69.410221" lon="17.189304">
        <ele>0.4</ele>
      </trkpt>
      <trkpt lat="69.410276" lon="17.190136">
        <ele>0.9</ele>
      </trkpt>
      <trkpt lat="69.410326" lon="17.190379">
        <ele>1.2</ele>
      </trkpt>
      <trkpt lat="69.410943" lon="17.191971">
        <ele>0.4</ele>
      </trkpt>
      <trkpt lat="69.411025" lon="17.192405">
        <ele>0.6</ele>
      </trkpt>
      <trkpt lat="69.411048" lon="17.192961">
        <ele>0.4</ele>
      </trkpt>
      <trkpt lat="69.411023" lon="17.193542">
        <ele>0.9</ele>
      </trkpt>
      <trkpt lat="69.410953" lon="17.194088">
        <ele>0.8</ele>
      </trkpt>
      <trkpt lat="69.410511" lon="17.196122">
        <ele>5.6</ele>
      </trkpt>
      <trkpt lat="69.410449" lon="17.196741">
        <ele>8.7</ele>
      </trkpt>
      <trkpt lat="69.410448" lon="17.197384">
        <ele>10.4</ele>
      </trkpt>
      <trkpt lat="69.410484" lon="17.197810">
        <ele>8.7</ele>
      </trkpt>
      <trkpt lat="69.410577" lon="17.198324">
        <ele>10.9</ele>
      </trkpt>
      <trkpt lat="69.411041" lon="17.199540">
        <ele>8.6</ele>
      </trkpt>
      <trkpt lat="69.411195" lon="17.200148">
        <ele>8.2</ele>
      </trkpt>
      <trkpt lat="69.411272" lon="17.200805">
        <ele>7.4</ele>
      </trkpt>
      <trkpt lat="69.411377" lon="17.202690">
        <ele>8.3</ele>
      </trkpt>
      <trkpt lat="69.411464" lon="17.203297">
        <ele>8.2</ele>
      </trkpt>
      <trkpt lat="69.411736" lon="17.204382">
        <ele>12.1</ele>
      </trkpt>
      <trkpt lat="69.412231" lon="17.205813">
        <ele>13.1</ele>
      </trkpt>
      <trkpt lat="69.412558" lon="17.206444">
        <ele>13.4</ele>
      </trkpt>
      <trkpt lat="69.413247" lon="17.207403">
        <ele>9.7</ele>
      </trkpt>
      <trkpt lat="69.413413" lon="17.207772">
        <ele>7.9</ele>
      </trkpt>
      <trkpt lat="69.413883" lon="17.209462">
        <ele>13.6</ele>
      </trkpt>
      <trkpt lat="69.414006" lon="17.210192">
        <ele>16.1</ele>
      </trkpt>
      <trkpt lat="69.414146" lon="17.211484">
        <ele>22.4</ele>
      </trkpt>
      <trkpt lat="69.414265" lon="17.212109">
        <ele>21.3</ele>
      </trkpt>
      <trkpt lat="69.414960" lon="17.214528">
        <ele>14.1</ele>
      </trkpt>
      <trkpt lat="69.415071" lon="17.215164">
        <ele>13.4</ele>
      </trkpt>
      <trkpt lat="69.415146" lon="17.216115">
        <ele>12.6</ele>
      </trkpt>
      <trkpt lat="69.415132" lon="17.217169">
        <ele>12.3</ele>
      </trkpt>
      <trkpt lat="69.415007" lon="17.218258">
        <ele>13.9</ele>
      </trkpt>
      <trkpt lat="69.414559" lon="17.220829">
        <ele>11.5</ele>
      </trkpt>
      <trkpt lat="69.414423" lon="17.221398">
        <ele>11.1</ele>
      </trkpt>
      <trkpt lat="69.413473" lon="17.224557">
        <ele>6.7</ele>
      </trkpt>
      <trkpt lat="69.413248" lon="17.225491">
        <ele>4.4</ele>
      </trkpt>
      <trkpt lat="69.412943" lon="17.227131">
        <ele>1.7</ele>
      </trkpt>
      <trkpt lat="69.412830" lon="17.228030">
        <ele>1.5</ele>
      </trkpt>
      <trkpt lat="69.412773" lon="17.229000">
        <ele>4.4</ele>
      </trkpt>
      <trkpt lat="69.412800" lon="17.230215">
        <ele>7.3</ele>
      </trkpt>
      <trkpt lat="69.413316" lon="17.236160">
        <ele>15.1</ele>
      </trkpt>
      <trkpt lat="69.413364" lon="17.237231">
        <ele>16.5</ele>
      </trkpt>
      <trkpt lat="69.413325" lon="17.238089">
        <ele>16.8</ele>
      </trkpt>
      <trkpt lat="69.413220" lon="17.238866">
        <ele>17.6</ele>
      </trkpt>
      <trkpt lat="69.411685" lon="17.246392">
        <ele>10.3</ele>
      </trkpt>
      <trkpt lat="69.411603" lon="17.247192">
        <ele>8.5</ele>
      </trkpt>
      <trkpt lat="69.411595" lon="17.248073">
        <ele>8.2</ele>
      </trkpt>
      <trkpt lat="69.411698" lon="17.249078">
        <ele>7.5</ele>
      </trkpt>
      <trkpt lat="69.412772" lon="17.255527">
        <ele>5.6</ele>
      </trkpt>
      <trkpt lat="69.412833" lon="17.256875">
        <ele>5.7</ele>
      </trkpt>
      <trkpt lat="69.412816" lon="17.257938">
        <ele>5.9</ele>
      </trkpt>
      <trkpt lat="69.412717" lon="17.258982">
        <ele>6.5</ele>
      </trkpt>
      <trkpt lat="69.412519" lon="17.260037">
        <ele>7.8</ele>
      </trkpt>
      <trkpt lat="69.412191" lon="17.261042">
        <ele>8.6</ele>
      </trkpt>
      <trkpt lat="69.409673" lon="17.265661">
        <ele>17.9</ele>
      </trkpt>
      <trkpt lat="69.409234" lon="17.266580">
        <ele>17.1</ele>
      </trkpt>
      <trkpt lat="69.408394" lon="17.268889">
        <ele>8.1</ele>
      </trkpt>
      <trkpt lat="69.408103" lon="17.269466">
        <ele>7.2</ele>
      </trkpt>
      <trkpt lat="69.405407" lon="17.274083">
        <ele>5.8</ele>
      </trkpt>
      <trkpt lat="69.405150" lon="17.274811">
        <ele>8.8</ele>
      </trkpt>
      <trkpt lat="69.404299" lon="17.277726">
        <ele>0.1</ele>
      </trkpt>
      <trkpt lat="69.403961" lon="17.278593">
        <ele>0.1</ele>
      </trkpt>
      <trkpt lat="69.401874" lon="17.281872">
        <ele>0.7</ele>
      </trkpt>
      <trkpt lat="69.401734" lon="17.282184">
        <ele>1.7</ele>
      </trkpt>
      <trkpt lat="69.401641" lon="17.282535">
        <ele>2.4</ele>
      </trkpt>
      <trkpt lat="69.401594" lon="17.282837">
        <ele>2.6</ele>
      </trkpt>
      <trkpt lat="69.401567" lon="17.283425">
        <ele>2.7</ele>
      </trkpt>
      <trkpt lat="69.401602" lon="17.283879">
        <ele>1.2</ele>
      </trkpt>
      <trkpt lat="69.401715" lon="17.284409">
        <ele>5.1</ele>
      </trkpt>
      <trkpt lat="69.401831" lon="17.284696">
        <ele>9.6</ele>
      </trkpt>
      <trkpt lat="69.401981" lon="17.284903">
        <ele>9.7</ele>
      </trkpt>
      <trkpt lat="69.402129" lon="17.284989">
        <ele>10.6</ele>
      </trkpt>
      <trkpt lat="69.403162" lon="17.284949">
        <ele>3.6</ele>
      </trkpt>
      <trkpt lat="69.403373" lon="17.285041">
        <ele>2.8</ele>
      </trkpt>
      <trkpt lat="69.403538" lon="17.285238">
        <ele>3.4</ele>
      </trkpt>
      <trkpt lat="69.403682" lon="17.285518">
        <ele>2.4</ele>
      </trkpt>
      <trkpt lat="69.403791" lon="17.285838">
        <ele>2</ele>
      </trkpt>
      <trkpt lat="69.403942" lon="17.286637">
        <ele>0.6</ele>
      </trkpt>
      <trkpt lat="69.403980" lon="17.287640">
        <ele>0.2</ele>
      </trkpt>
      <trkpt lat="69.403930" lon="17.288259">
        <ele>8</ele>
      </trkpt>
      <trkpt lat="69.403342" lon="17.291417">
        <ele>0.1</ele>
      </trkpt>
      <trkpt lat="69.403268" lon="17.295692">
        <ele>3.1</ele>
      </trkpt>
      <trkpt lat="69.403191" lon="17.296112">
        <ele>0.1</ele>
      </trkpt>
      <trkpt lat="69.402634" lon="17.298224">
        <ele>0.2</ele>
      </trkpt>
      <trkpt lat="69.402510" lon="17.298871">
        <ele>0.3</ele>
      </trkpt>
      <trkpt lat="69.401705" lon="17.304943">
        <ele>0.1</ele>
      </trkpt>
      <trkpt lat="69.401585" lon="17.306384">
        <ele>-0.1</ele>
      </trkpt>
      <trkpt lat="69.401570" lon="17.308578">
        <ele>0.4</ele>
      </trkpt>
      <trkpt lat="69.401514" lon="17.309575">
        <ele>0.4</ele>
      </trkpt>
      <trkpt lat="69.401409" lon="17.310637">
        <ele>2.4</ele>
      </trkpt>
      <trkpt lat="69.401233" lon="17.311954">
        <ele>5.8</ele>
      </trkpt>
      <trkpt lat="69.397387" lon="17.327731">
        <ele>9.7</ele>
      </trkpt>
      <trkpt lat="69.396148" lon="17.334546">
        <ele>15.7</ele>
      </trkpt>
      <trkpt lat="69.395931" lon="17.335908">
        <ele>15.1</ele>
      </trkpt>
      <trkpt lat="69.395833" lon="17.336858">
        <ele>15.1</ele>
      </trkpt>
      <trkpt lat="69.395705" lon="17.339118">
        <ele>17.9</ele>
      </trkpt>
      <trkpt lat="69.395635" lon="17.339872">
        <ele>18</ele>
      </trkpt>
      <trkpt lat="69.395268" lon="17.342147">
        <ele>20.6</ele>
      </trkpt>
      <trkpt lat="69.395139" lon="17.343226">
        <ele>23.9</ele>
      </trkpt>
      <trkpt lat="69.394893" lon="17.347421">
        <ele>22.6</ele>
      </trkpt>
      <trkpt lat="69.394871" lon="17.348439">
        <ele>20.4</ele>
      </trkpt>
      <trkpt lat="69.394888" lon="17.349702">
        <ele>19.4</ele>
      </trkpt>
      <trkpt lat="69.395068" lon="17.354540">
        <ele>37.1</ele>
      </trkpt>
      <trkpt lat="69.395035" lon="17.358043">
        <ele>44.7</ele>
      </trkpt>
      <trkpt lat="69.394968" lon="17.360819">
        <ele>46.7</ele>
      </trkpt>
      <trkpt lat="69.394917" lon="17.361487">
        <ele>45.6</ele>
      </trkpt>
      <trkpt lat="69.394849" lon="17.362020">
        <ele>42.6</ele>
      </trkpt>
      <trkpt lat="69.394275" lon="17.365070">
        <ele>26.1</ele>
      </trkpt>
      <trkpt lat="69.393917" lon="17.368476">
        <ele>13.6</ele>
      </trkpt>
      <trkpt lat="69.393786" lon="17.369233">
        <ele>14.9</ele>
      </trkpt>
      <trkpt lat="69.393650" lon="17.369805">
        <ele>13.9</ele>
      </trkpt>
      <trkpt lat="69.392764" lon="17.372748">
        <ele>13</ele>
      </trkpt>
      <trkpt lat="69.392498" lon="17.373409">
        <ele>12.7</ele>
      </trkpt>
      <trkpt lat="69.391886" lon="17.374260">
        <ele>8.2</ele>
      </trkpt>
      <trkpt lat="69.391542" lon="17.375054">
        <ele>5.7</ele>
      </trkpt>
      <trkpt lat="69.391370" lon="17.375768">
        <ele>3.8</ele>
      </trkpt>
      <trkpt lat="69.391280" lon="17.376345">
        <ele>6.5</ele>
      </trkpt>
      <trkpt lat="69.391166" lon="17.377996">
        <ele>10.2</ele>
      </trkpt>
      <trkpt lat="69.391090" lon="17.378603">
        <ele>10.2</ele>
      </trkpt>
      <trkpt lat="69.390538" lon="17.380522">
        <ele>7.7</ele>
      </trkpt>
      <trkpt lat="69.390332" lon="17.381572">
        <ele>5.3</ele>
      </trkpt>
      <trkpt lat="69.390256" lon="17.382291">
        <ele>3.8</ele>
      </trkpt>
      <trkpt lat="69.390222" lon="17.382984">
        <ele>8.2</ele>
      </trkpt>
      <trkpt lat="69.390225" lon="17.386947">
        <ele>8.3</ele>
      </trkpt>
      <trkpt lat="69.390166" lon="17.389054">
        <ele>4.2</ele>
      </trkpt>
      <trkpt lat="69.390227" lon="17.390016">
        <ele>5.7</ele>
      </trkpt>
      <trkpt lat="69.390384" lon="17.391232">
        <ele>7.5</ele>
      </trkpt>
      <trkpt lat="69.390418" lon="17.392153">
        <ele>7.8</ele>
      </trkpt>
      <trkpt lat="69.390369" lon="17.392733">
        <ele>8.1</ele>
      </trkpt>
      <trkpt lat="69.390040" lon="17.394348">
        <ele>5.4</ele>
      </trkpt>
      <trkpt lat="69.389057" lon="17.398716">
        <ele>8.3</ele>
      </trkpt>
      <trkpt lat="69.389160" lon="17.398924">
        <ele>10.5</ele>
      </trkpt>
      <trkpt lat="69.389295" lon="17.398943">
        <ele>11.7</ele>
      </trkpt>
      <trkpt lat="69.389894" lon="17.397515">
        <ele>13.9</ele>
      </trkpt>
      <trkpt lat="69.390116" lon="17.397226">
        <ele>15.7</ele>
      </trkpt>
      <trkpt lat="69.390460" lon="17.397066">
        <ele>21.5</ele>
      </trkpt>
      <trkpt lat="69.390740" lon="17.397135">
        <ele>26.1</ele>
      </trkpt>
      <trkpt lat="69.391016" lon="17.397444">
        <ele>30</ele>
      </trkpt>
      <trkpt lat="69.391197" lon="17.397812">
        <ele>33.9</ele>
      </trkpt>
      <trkpt lat="69.391440" lon="17.398652">
        <ele>43</ele>
      </trkpt>
      <trkpt lat="69.391517" lon="17.399256">
        <ele>47.3</ele>
      </trkpt>
      <trkpt lat="69.391541" lon="17.400632">
        <ele>53.7</ele>
      </trkpt>
      <trkpt lat="69.391516" lon="17.401063">
        <ele>55.5</ele>
      </trkpt>
      <trkpt lat="69.391198" lon="17.403740">
        <ele>58.8</ele>
      </trkpt>
      <trkpt lat="69.391043" lon="17.406061">
        <ele>69</ele>
      </trkpt>
      <trkpt lat="69.391028" lon="17.407345">
        <ele>72.5</ele>
      </trkpt>
      <trkpt lat="69.391096" lon="17.411269">
        <ele>78.5</ele>
      </trkpt>
      <trkpt lat="69.390989" lon="17.414704">
        <ele>83.5</ele>
      </trkpt>
      <trkpt lat="69.390901" lon="17.419407">
        <ele>86.1</ele>
      </trkpt>
      <trkpt lat="69.391069" lon="17.427031">
        <ele>106</ele>
      </trkpt>
      <trkpt lat="69.391169" lon="17.429137">
        <ele>113.4</ele>
      </trkpt>
      <trkpt lat="69.391407" lon="17.432953">
        <ele>130.6</ele>
      </trkpt>
      <trkpt lat="69.391843" lon="17.438005">
        <ele>146.8</ele>
      </trkpt>
      <trkpt lat="69.392504" lon="17.443248">
        <ele>161.6</ele>
      </trkpt>
      <trkpt lat="69.395675" lon="17.464288">
        <ele>238.7</ele>
      </trkpt>
      <trkpt lat="69.395878" lon="17.466138">
        <ele>241</ele>
      </trkpt>
      <trkpt lat="69.395939" lon="17.468586">
        <ele>248.2</ele>
      </trkpt>
      <trkpt lat="69.395926" lon="17.469209">
        <ele>249.9</ele>
      </trkpt>
      <trkpt lat="69.395812" lon="17.470811">
        <ele>256.7</ele>
      </trkpt>
      <trkpt lat="69.395614" lon="17.472359">
        <ele>262.6</ele>
      </trkpt>
      <trkpt lat="69.395219" lon="17.474623">
        <ele>276.1</ele>
      </trkpt>
      <trkpt lat="69.395003" lon="17.476391">
        <ele>284.3</ele>
      </trkpt>
      <trkpt lat="69.394984" lon="17.477340">
        <ele>289.2</ele>
      </trkpt>
      <trkpt lat="69.395026" lon="17.478390">
        <ele>292.7</ele>
      </trkpt>
      <trkpt lat="69.395126" lon="17.479349">
        <ele>296.3</ele>
      </trkpt>
      <trkpt lat="69.395311" lon="17.480230">
        <ele>297.3</ele>
      </trkpt>
      <trkpt lat="69.396550" lon="17.484849">
        <ele>300.3</ele>
      </trkpt>
      <trkpt lat="69.396800" lon="17.486012">
        <ele>285.9</ele>
      </trkpt>
      <trkpt lat="69.396982" lon="17.487070">
        <ele>294.4</ele>
      </trkpt>
      <trkpt lat="69.397186" lon="17.489574">
        <ele>290</ele>
      </trkpt>
      <trkpt lat="69.397404" lon="17.491615">
        <ele>309.7</ele>
      </trkpt>
      <trkpt lat="69.397554" lon="17.492517">
        <ele>316.1</ele>
      </trkpt>
      <trkpt lat="69.397744" lon="17.493385">
        <ele>323.5</ele>
      </trkpt>
      <trkpt lat="69.398032" lon="17.494432">
        <ele>337.8</ele>
      </trkpt>
      <trkpt lat="69.400120" lon="17.500493">
        <ele>461</ele>
      </trkpt>
      <trkpt lat="69.400896" lon="17.502546">
        <ele>479.9</ele>
      </trkpt>
      <trkpt lat="69.401715" lon="17.504540">
        <ele>503.3</ele>
      </trkpt>
      <trkpt lat="69.402800" lon="17.506957">
        <ele>575.4</ele>
      </trkpt>
      <trkpt lat="69.403391" lon="17.508170">
        <ele>632.8</ele>
      </trkpt>
      <trkpt lat="69.404338" lon="17.509976">
        <ele>699.4</ele>
      </trkpt>
      <trkpt lat="69.405478" lon="17.511932">
        <ele>691.7</ele>
      </trkpt>
      <trkpt lat="69.406860" lon="17.514026">
        <ele>584.4</ele>
      </trkpt>
      <trkpt lat="69.410550" lon="17.518871">
        <ele>273.7</ele>
      </trkpt>
      <trkpt lat="69.410826" lon="17.519095">
        <ele>254.9</ele>
      </trkpt>
      <trkpt lat="69.411218" lon="17.519138">
        <ele>224</ele>
      </trkpt>
      <trkpt lat="69.411556" lon="17.518932">
        <ele>213.2</ele>
      </trkpt>
      <trkpt lat="69.411753" lon="17.518621">
        <ele>207.8</ele>
      </trkpt>
      <trkpt lat="69.412846" lon="17.515879">
        <ele>188.8</ele>
      </trkpt>
      <trkpt lat="69.413321" lon="17.515133">
        <ele>181.5</ele>
      </trkpt>
      <trkpt lat="69.413976" lon="17.514518">
        <ele>178.7</ele>
      </trkpt>
      <trkpt lat="69.416546" lon="17.513385">
        <ele>173.7</ele>
      </trkpt>
      <trkpt lat="69.416762" lon="17.513136">
        <ele>172.7</ele>
      </trkpt>
      <trkpt lat="69.416875" lon="17.512929">
        <ele>171.4</ele>
      </trkpt>
      <trkpt lat="69.417063" lon="17.512287">
        <ele>166.6</ele>
      </trkpt>
      <trkpt lat="69.417144" lon="17.511581">
        <ele>163</ele>
      </trkpt>
      <trkpt lat="69.417152" lon="17.510142">
        <ele>160.5</ele>
      </trkpt>
      <trkpt lat="69.417186" lon="17.509319">
        <ele>164</ele>
      </trkpt>
      <trkpt lat="69.417251" lon="17.508739">
        <ele>165</ele>
      </trkpt>
      <trkpt lat="69.417379" lon="17.508207">
        <ele>165</ele>
      </trkpt>
      <trkpt lat="69.417509" lon="17.507929">
        <ele>166.1</ele>
      </trkpt>
      <trkpt lat="69.417701" lon="17.507732">
        <ele>165.1</ele>
      </trkpt>
      <trkpt lat="69.418589" lon="17.507532">
        <ele>147.6</ele>
      </trkpt>
      <trkpt lat="69.418837" lon="17.507325">
        <ele>146.8</ele>
      </trkpt>
      <trkpt lat="69.419604" lon="17.506389">
        <ele>143.9</ele>
      </trkpt>
      <trkpt lat="69.419781" lon="17.506277">
        <ele>138.1</ele>
      </trkpt>
      <trkpt lat="69.420623" lon="17.506114">
        <ele>121.4</ele>
      </trkpt>
      <trkpt lat="69.420881" lon="17.505923">
        <ele>118.2</ele>
      </trkpt>
      <trkpt lat="69.421293" lon="17.505373">
        <ele>112.2</ele>
      </trkpt>
      <trkpt lat="69.421722" lon="17.504953">
        <ele>109.1</ele>
      </trkpt>
      <trkpt lat="69.421890" lon="17.504917">
        <ele>107.3</ele>
      </trkpt>
      <trkpt lat="69.422563" lon="17.505026">
        <ele>102.1</ele>
      </trkpt>
      <trkpt lat="69.422703" lon="17.504983">
        <ele>100</ele>
      </trkpt>
      <trkpt lat="69.422820" lon="17.504798">
        <ele>98.4</ele>
      </trkpt>
      <trkpt lat="69.422894" lon="17.504370">
        <ele>96.2</ele>
      </trkpt>
      <trkpt lat="69.422838" lon="17.503898">
        <ele>95.8</ele>
      </trkpt>
      <trkpt lat="69.422748" lon="17.503691">
        <ele>95.3</ele>
      </trkpt>
      <trkpt lat="69.422597" lon="17.503539">
        <ele>97</ele>
      </trkpt>
      <trkpt lat="69.421850" lon="17.503134">
        <ele>104.2</ele>
      </trkpt>
      <trkpt lat="69.421387" lon="17.502623">
        <ele>107.9</ele>
      </trkpt>
      <trkpt lat="69.421012" lon="17.501806">
        <ele>109.7</ele>
      </trkpt>
      <trkpt lat="69.420785" lon="17.501008">
        <ele>113.4</ele>
      </trkpt>
      <trkpt lat="69.420744" lon="17.500650">
        <ele>112.7</ele>
      </trkpt>
      <trkpt lat="69.420743" lon="17.500330">
        <ele>111.8</ele>
      </trkpt>
      <trkpt lat="69.420855" lon="17.499937">
        <ele>108.2</ele>
      </trkpt>
      <trkpt lat="69.421015" lon="17.499848">
        <ele>103.2</ele>
      </trkpt>
      <trkpt lat="69.421163" lon="17.499953">
        <ele>100.9</ele>
      </trkpt>
      <trkpt lat="69.421868" lon="17.501246">
        <ele>89.7</ele>
      </trkpt>
      <trkpt lat="69.422203" lon="17.501686">
        <ele>88</ele>
      </trkpt>
      <trkpt lat="69.422551" lon="17.501983">
        <ele>80.2</ele>
      </trkpt>
      <trkpt lat="69.422909" lon="17.502123">
        <ele>69.7</ele>
      </trkpt>
      <trkpt lat="69.424820" lon="17.502482">
        <ele>46.9</ele>
      </trkpt>
      <trkpt lat="69.425186" lon="17.502455">
        <ele>43.7</ele>
      </trkpt>
      <trkpt lat="69.425652" lon="17.502232">
        <ele>41.4</ele>
      </trkpt>
      <trkpt lat="69.426054" lon="17.501853">
        <ele>40.8</ele>
      </trkpt>
      <trkpt lat="69.426449" lon="17.501295">
        <ele>38.9</ele>
      </trkpt>
      <trkpt lat="69.426615" lon="17.500966">
        <ele>37.1</ele>
      </trkpt>
      <trkpt lat="69.427617" lon="17.498612">
        <ele>25</ele>
      </trkpt>
      <trkpt lat="69.427910" lon="17.498097">
        <ele>26.7</ele>
      </trkpt>
      <trkpt lat="69.428567" lon="17.497167">
        <ele>24.4</ele>
      </trkpt>
      <trkpt lat="69.429032" lon="17.496351">
        <ele>26</ele>
      </trkpt>
      <trkpt lat="69.429945" lon="17.494276">
        <ele>26.7</ele>
      </trkpt>
      <trkpt lat="69.430159" lon="17.493965">
        <ele>26.8</ele>
      </trkpt>
      <trkpt lat="69.430982" lon="17.493181">
        <ele>26</ele>
      </trkpt>
      <trkpt lat="69.431364" lon="17.492730">
        <ele>25.5</ele>
      </trkpt>
      <trkpt lat="69.431754" lon="17.492023">
        <ele>22.7</ele>
      </trkpt>
      <trkpt lat="69.432061" lon="17.491234">
        <ele>21</ele>
      </trkpt>
      <trkpt lat="69.433262" lon="17.486856">
        <ele>16.5</ele>
      </trkpt>
      <trkpt lat="69.433825" lon="17.485495">
        <ele>15.8</ele>
      </trkpt>
      <trkpt lat="69.434050" lon="17.484855">
        <ele>13.5</ele>
      </trkpt>
      <trkpt lat="69.434282" lon="17.483995">
        <ele>12</ele>
      </trkpt>
      <trkpt lat="69.434555" lon="17.482535">
        <ele>11.9</ele>
      </trkpt>
      <trkpt lat="69.435514" lon="17.476591">
        <ele>13</ele>
      </trkpt>
      <trkpt lat="69.435686" lon="17.475793">
        <ele>12</ele>
      </trkpt>
      <trkpt lat="69.435892" lon="17.475231">
        <ele>13.8</ele>
      </trkpt>
      <trkpt lat="69.436135" lon="17.474905">
        <ele>14.6</ele>
      </trkpt>
      <trkpt lat="69.436879" lon="17.474644">
        <ele>18.6</ele>
      </trkpt>
      <trkpt lat="69.436995" lon="17.474534">
        <ele>18.4</ele>
      </trkpt>
      <trkpt lat="69.438269" lon="17.471600">
        <ele>15.5</ele>
      </trkpt>
      <trkpt lat="69.438977" lon="17.469686">
        <ele>15.1</ele>
      </trkpt>
      <trkpt lat="69.439224" lon="17.468651">
        <ele>13.2</ele>
      </trkpt>
      <trkpt lat="69.440648" lon="17.460904">
        <ele>14.7</ele>
      </trkpt>
      <trkpt lat="69.440947" lon="17.458413">
        <ele>14.4</ele>
      </trkpt>
      <trkpt lat="69.441575" lon="17.453761">
        <ele>14.6</ele>
      </trkpt>
      <trkpt lat="69.441808" lon="17.451401">
        <ele>14.4</ele>
      </trkpt>
      <trkpt lat="69.441850" lon="17.450632">
        <ele>14.8</ele>
      </trkpt>
      <trkpt lat="69.441948" lon="17.444972">
        <ele>8.8</ele>
      </trkpt>
      <trkpt lat="69.442274" lon="17.437217">
        <ele>10</ele>
      </trkpt>
      <trkpt lat="69.442303" lon="17.435995">
        <ele>12.1</ele>
      </trkpt>
      <trkpt lat="69.441922" lon="17.425842">
        <ele>11.8</ele>
      </trkpt>
      <trkpt lat="69.441739" lon="17.424265">
        <ele>11.1</ele>
      </trkpt>
      <trkpt lat="69.441617" lon="17.422711">
        <ele>10.8</ele>
      </trkpt>
      <trkpt lat="69.440586" lon="17.415291">
        <ele>8.7</ele>
      </trkpt>
      <trkpt lat="69.437511" lon="17.401259">
        <ele>12.6</ele>
      </trkpt>
      <trkpt lat="69.435663" lon="17.393987">
        <ele>15.6</ele>
      </trkpt>
      <trkpt lat="69.435393" lon="17.392583">
        <ele>18.2</ele>
      </trkpt>
      <trkpt lat="69.435331" lon="17.391889">
        <ele>19.9</ele>
      </trkpt>
      <trkpt lat="69.435262" lon="17.390176">
        <ele>24</ele>
      </trkpt>
      <trkpt lat="69.435089" lon="17.382677">
        <ele>37.9</ele>
      </trkpt>
      <trkpt lat="69.435126" lon="17.381608">
        <ele>37.8</ele>
      </trkpt>
      <trkpt lat="69.436716" lon="17.365684">
        <ele>43.8</ele>
      </trkpt>
      <trkpt lat="69.436971" lon="17.364476">
        <ele>41.9</ele>
      </trkpt>
      <trkpt lat="69.438420" lon="17.358884">
        <ele>55.3</ele>
      </trkpt>
      <trkpt lat="69.439616" lon="17.354958">
        <ele>52.3</ele>
      </trkpt>
      <trkpt lat="69.440407" lon="17.352569">
        <ele>44.3</ele>
      </trkpt>
      <trkpt lat="69.440797" lon="17.351201">
        <ele>39.1</ele>
      </trkpt>
      <trkpt lat="69.440907" lon="17.350589">
        <ele>37.6</ele>
      </trkpt>
      <trkpt lat="69.441110" lon="17.348992">
        <ele>32.6</ele>
      </trkpt>
      <trkpt lat="69.441379" lon="17.346594">
        <ele>32</ele>
      </trkpt>
      <trkpt lat="69.441526" lon="17.343107">
        <ele>33.2</ele>
      </trkpt>
      <trkpt lat="69.441517" lon="17.342119">
        <ele>31.1</ele>
      </trkpt>
      <trkpt lat="69.441469" lon="17.341390">
        <ele>31.6</ele>
      </trkpt>
      <trkpt lat="69.441469" lon="17.341390">
        <ele>31.6</ele>
      </trkpt>
      <trkpt lat="69.441604" lon="17.341360">
        <ele>34.3</ele>
      </trkpt>
      <trkpt lat="69.441699" lon="17.341648">
        <ele>37</ele>
      </trkpt>
      <trkpt lat="69.441914" lon="17.343919">
        <ele>46.2</ele>
      </trkpt>
      <trkpt lat="69.442049" lon="17.346521">
        <ele>53</ele>
      </trkpt>
      <trkpt lat="69.442052" lon="17.349929">
        <ele>71.9</ele>
      </trkpt>
      <trkpt lat="69.442124" lon="17.350523">
        <ele>80.8</ele>
      </trkpt>
      <trkpt lat="69.442303" lon="17.351349">
        <ele>98.5</ele>
      </trkpt>
      <trkpt lat="69.442529" lon="17.351977">
        <ele>116.2</ele>
      </trkpt>
      <trkpt lat="69.442791" lon="17.352344">
        <ele>136.5</ele>
      </trkpt>
      <trkpt lat="69.443179" lon="17.352450">
        <ele>149.7</ele>
      </trkpt>
      <trkpt lat="69.451356" lon="17.349803">
        <ele>225.6</ele>
      </trkpt>
      <trkpt lat="69.451544" lon="17.349668">
        <ele>217.7</ele>
      </trkpt>
      <trkpt lat="69.451803" lon="17.349280">
        <ele>185</ele>
      </trkpt>
      <trkpt lat="69.452146" lon="17.348343">
        <ele>137.6</ele>
      </trkpt>
      <trkpt lat="69.452573" lon="17.346889">
        <ele>74.3</ele>
      </trkpt>
      <trkpt lat="69.452872" lon="17.346395">
        <ele>58.1</ele>
      </trkpt>
      <trkpt lat="69.453125" lon="17.346242">
        <ele>43.9</ele>
      </trkpt>
      <trkpt lat="69.453668" lon="17.346647">
        <ele>37.9</ele>
      </trkpt>
      <trkpt lat="69.455317" lon="17.347505">
        <ele>31.4</ele>
      </trkpt>
      <trkpt lat="69.455782" lon="17.347899">
        <ele>27.4</ele>
      </trkpt>
      <trkpt lat="69.456590" lon="17.349052">
        <ele>22.4</ele>
      </trkpt>
      <trkpt lat="69.457382" lon="17.350884">
        <ele>13.8</ele>
      </trkpt>
      <trkpt lat="69.457659" lon="17.351304">
        <ele>10.5</ele>
      </trkpt>
      <trkpt lat="69.457952" lon="17.351582">
        <ele>9.7</ele>
      </trkpt>
      <trkpt lat="69.459269" lon="17.352496">
        <ele>18.5</ele>
      </trkpt>
      <trkpt lat="69.460097" lon="17.353160">
        <ele>21.1</ele>
      </trkpt>
      <trkpt lat="69.460567" lon="17.353351">
        <ele>23</ele>
      </trkpt>
      <trkpt lat="69.461116" lon="17.353392">
        <ele>28.7</ele>
      </trkpt>
      <trkpt lat="69.461621" lon="17.353119">
        <ele>32.2</ele>
      </trkpt>
      <trkpt lat="69.461927" lon="17.352780">
        <ele>32.2</ele>
      </trkpt>
      <trkpt lat="69.462195" lon="17.352390">
        <ele>34.1</ele>
      </trkpt>
      <trkpt lat="69.462766" lon="17.351253">
        <ele>33.5</ele>
      </trkpt>
      <trkpt lat="69.463577" lon="17.348577">
        <ele>29.8</ele>
      </trkpt>
      <trkpt lat="69.464334" lon="17.346367">
        <ele>26.6</ele>
      </trkpt>
      <trkpt lat="69.464548" lon="17.345995">
        <ele>25.4</ele>
      </trkpt>
      <trkpt lat="69.466372" lon="17.343841">
        <ele>30.7</ele>
      </trkpt>
      <trkpt lat="69.468206" lon="17.340103">
        <ele>31.8</ele>
      </trkpt>
      <trkpt lat="69.468962" lon="17.338715">
        <ele>35.8</ele>
      </trkpt>
      <trkpt lat="69.470961" lon="17.335398">
        <ele>30.3</ele>
      </trkpt>
      <trkpt lat="69.471650" lon="17.334625">
        <ele>28.8</ele>
      </trkpt>
      <trkpt lat="69.475936" lon="17.331568">
        <ele>23.4</ele>
      </trkpt>
      <trkpt lat="69.476579" lon="17.331263">
        <ele>21</ele>
      </trkpt>
      <trkpt lat="69.477185" lon="17.331174">
        <ele>22.4</ele>
      </trkpt>
      <trkpt lat="69.478535" lon="17.331280">
        <ele>22.8</ele>
      </trkpt>
      <trkpt lat="69.480439" lon="17.331233">
        <ele>15.8</ele>
      </trkpt>
      <trkpt lat="69.481621" lon="17.331624">
        <ele>16.9</ele>
      </trkpt>
      <trkpt lat="69.482530" lon="17.332251">
        <ele>21.4</ele>
      </trkpt>
      <trkpt lat="69.483428" lon="17.332635">
        <ele>25.6</ele>
      </trkpt>
      <trkpt lat="69.485639" lon="17.333287">
        <ele>32.6</ele>
      </trkpt>
      <trkpt lat="69.487663" lon="17.333294">
        <ele>23.4</ele>
      </trkpt>
      <trkpt lat="69.488649" lon="17.333828">
        <ele>21.9</ele>
      </trkpt>
      <trkpt lat="69.489037" lon="17.334222">
        <ele>17.9</ele>
      </trkpt>
      <trkpt lat="69.489202" lon="17.334673">
        <ele>15</ele>
      </trkpt>
      <trkpt lat="69.489332" lon="17.335400">
        <ele>14</ele>
      </trkpt>
      <trkpt lat="69.489361" lon="17.336328">
        <ele>10.5</ele>
      </trkpt>
      <trkpt lat="69.489286" lon="17.338310">
        <ele>6.8</ele>
      </trkpt>
      <trkpt lat="69.489172" lon="17.340112">
        <ele>0.3</ele>
      </trkpt>
      <trkpt lat="69.489082" lon="17.340870">
        <ele>0.1</ele>
      </trkpt>
      <trkpt lat="69.488554" lon="17.342785">
        <ele>2.5</ele>
      </trkpt>
      <trkpt lat="69.487887" lon="17.346499">
        <ele>-0.3</ele>
      </trkpt>
      <trkpt lat="69.486084" lon="17.353930">
        <ele>0.1</ele>
      </trkpt>
      <trkpt lat="69.485952" lon="17.354728">
        <ele>8</ele>
      </trkpt>
      <trkpt lat="69.485596" lon="17.358289">
        <ele>8.7</ele>
      </trkpt>
      <trkpt lat="69.485393" lon="17.359701">
        <ele>0.1</ele>
      </trkpt>
      <trkpt lat="69.484870" lon="17.362202">
        <ele>0.1</ele>
      </trkpt>
      <trkpt lat="69.484032" lon="17.365727">
        <ele>0.1</ele>
      </trkpt>
      <trkpt lat="69.483633" lon="17.366900">
        <ele>0.1</ele>
      </trkpt>
      <trkpt lat="69.483149" lon="17.368061">
        <ele>0.1</ele>
      </trkpt>
      <trkpt lat="69.481938" lon="17.370474">
        <ele>7.8</ele>
      </trkpt>
      <trkpt lat="69.481691" lon="17.371179">
        <ele>0.1</ele>
      </trkpt>
      <trkpt lat="69.481412" lon="17.372321">
        <ele>7.6</ele>
      </trkpt>
      <trkpt lat="69.481265" lon="17.373267">
        <ele>-0.1</ele>
      </trkpt>
      <trkpt lat="69.481007" lon="17.375447">
        <ele>11</ele>
      </trkpt>
      <trkpt lat="69.480865" lon="17.376180">
        <ele>0.1</ele>
      </trkpt>
      <trkpt lat="69.480624" lon="17.377002">
        <ele>0.1</ele>
      </trkpt>
      <trkpt lat="69.479577" lon="17.380104">
        <ele>5.7</ele>
      </trkpt>
      <trkpt lat="69.479372" lon="17.381048">
        <ele>0.1</ele>
      </trkpt>
      <trkpt lat="69.479316" lon="17.381688">
        <ele>0.1</ele>
      </trkpt>
      <trkpt lat="69.479272" lon="17.383465">
        <ele>4.3</ele>
      </trkpt>
      <trkpt lat="69.479209" lon="17.384322">
        <ele>4</ele>
      </trkpt>
      <trkpt lat="69.479045" lon="17.385807">
        <ele>0.1</ele>
      </trkpt>
      <trkpt lat="69.478567" lon="17.388980">
        <ele>0.3</ele>
      </trkpt>
      <trkpt lat="69.478468" lon="17.389863">
        <ele>1.8</ele>
      </trkpt>
      <trkpt lat="69.478435" lon="17.390508">
        <ele>1.6</ele>
      </trkpt>
      <trkpt lat="69.478463" lon="17.391355">
        <ele>4.4</ele>
      </trkpt>
      <trkpt lat="69.478594" lon="17.392480">
        <ele>6</ele>
      </trkpt>
      <trkpt lat="69.479885" lon="17.397508">
        <ele>-0.1</ele>
      </trkpt>
      <trkpt lat="69.480725" lon="17.400557">
        <ele>0.4</ele>
      </trkpt>
      <trkpt lat="69.480985" lon="17.401713">
        <ele>2.1</ele>
      </trkpt>
      <trkpt lat="69.481158" lon="17.402954">
        <ele>5.6</ele>
      </trkpt>
      <trkpt lat="69.481219" lon="17.403764">
        <ele>5.9</ele>
      </trkpt>
      <trkpt lat="69.481240" lon="17.404964">
        <ele>9.3</ele>
      </trkpt>
      <trkpt lat="69.481213" lon="17.405796">
        <ele>10.9</ele>
      </trkpt>
      <trkpt lat="69.481133" lon="17.406792">
        <ele>10</ele>
      </trkpt>
      <trkpt lat="69.480925" lon="17.408493">
        <ele>11.7</ele>
      </trkpt>
      <trkpt lat="69.479793" lon="17.416109">
        <ele>-0.1</ele>
      </trkpt>
      <trkpt lat="69.479704" lon="17.416968">
        <ele>0.5</ele>
      </trkpt>
      <trkpt lat="69.479537" lon="17.419511">
        <ele>11.3</ele>
      </trkpt>
      <trkpt lat="69.479330" lon="17.421041">
        <ele>14.6</ele>
      </trkpt>
      <trkpt lat="69.478974" lon="17.422499">
        <ele>18.7</ele>
      </trkpt>
      <trkpt lat="69.478842" lon="17.422897">
        <ele>19.4</ele>
      </trkpt>
      <trkpt lat="69.477294" lon="17.426223">
        <ele>24.7</ele>
      </trkpt>
      <trkpt lat="69.476928" lon="17.426739">
        <ele>23.3</ele>
      </trkpt>
      <trkpt lat="69.475975" lon="17.427730">
        <ele>21.4</ele>
      </trkpt>
      <trkpt lat="69.475660" lon="17.428181">
        <ele>19</ele>
      </trkpt>
      <trkpt lat="69.475441" lon="17.428645">
        <ele>18.3</ele>
      </trkpt>
      <trkpt lat="69.475215" lon="17.429351">
        <ele>19.5</ele>
      </trkpt>
      <trkpt lat="69.475080" lon="17.430006">
        <ele>24</ele>
      </trkpt>
      <trkpt lat="69.474993" lon="17.430702">
        <ele>28.9</ele>
      </trkpt>
      <trkpt lat="69.474947" lon="17.431579">
        <ele>40.1</ele>
      </trkpt>
      <trkpt lat="69.474955" lon="17.432255">
        <ele>44.6</ele>
      </trkpt>
      <trkpt lat="69.475012" lon="17.432972">
        <ele>51.9</ele>
      </trkpt>
      <trkpt lat="69.475125" lon="17.433785">
        <ele>60</ele>
      </trkpt>
      <trkpt lat="69.476284" lon="17.438613">
        <ele>151.5</ele>
      </trkpt>
      <trkpt lat="69.476743" lon="17.440714">
        <ele>201.3</ele>
      </trkpt>
      <trkpt lat="69.479561" lon="17.455919">
        <ele>577.3</ele>
      </trkpt>
      <trkpt lat="69.479904" lon="17.458194">
        <ele>602.1</ele>
      </trkpt>
      <trkpt lat="69.480195" lon="17.460530">
        <ele>569.6</ele>
      </trkpt>
      <trkpt lat="69.480432" lon="17.462915">
        <ele>481.2</ele>
      </trkpt>
      <trkpt lat="69.480676" lon="17.465837">
        <ele>375.9</ele>
      </trkpt>
      <trkpt lat="69.480851" lon="17.467149">
        <ele>332.9</ele>
      </trkpt>
      <trkpt lat="69.482541" lon="17.477911">
        <ele>138.2</ele>
      </trkpt>
      <trkpt lat="69.482889" lon="17.479701">
        <ele>117.6</ele>
      </trkpt>
      <trkpt lat="69.484120" lon="17.484901">
        <ele>23.4</ele>
      </trkpt>
      <trkpt lat="69.484380" lon="17.485562">
        <ele>16.2</ele>
      </trkpt>
      <trkpt lat="69.484754" lon="17.486194">
        <ele>9.8</ele>
      </trkpt>
      <trkpt lat="69.485212" lon="17.486571">
        <ele>3.6</ele>
      </trkpt>
      <trkpt lat="69.485500" lon="17.486646">
        <ele>1.9</ele>
      </trkpt>
      <trkpt lat="69.485458" lon="17.487337">
        <ele>1.1</ele>
      </trkpt>
      <trkpt lat="69.485239" lon="17.488345">
        <ele>1.8</ele>
      </trkpt>
      <trkpt lat="69.485170" lon="17.488837">
        <ele>2.9</ele>
      </trkpt>
      <trkpt lat="69.485142" lon="17.489331">
        <ele>3.7</ele>
      </trkpt>
      <trkpt lat="69.485191" lon="17.490361">
        <ele>4.6</ele>
      </trkpt>
      <trkpt lat="69.485261" lon="17.490838">
        <ele>4.7</ele>
      </trkpt>
      <trkpt lat="69.485383" lon="17.491357">
        <ele>5.2</ele>
      </trkpt>
      <trkpt lat="69.485575" lon="17.491836">
        <ele>4.7</ele>
      </trkpt>
      <trkpt lat="69.486589" lon="17.493272">
        <ele>4.3</ele>
      </trkpt>
      <trkpt lat="69.491706" lon="17.500216">
        <ele>6.3</ele>
      </trkpt>
      <trkpt lat="69.494745" lon="17.502801">
        <ele>3.2</ele>
      </trkpt>
      <trkpt lat="69.495165" lon="17.503016">
        <ele>4</ele>
      </trkpt>
      <trkpt lat="69.495954" lon="17.502937">
        <ele>5.3</ele>
      </trkpt>
      <trkpt lat="69.496231" lon="17.503154">
        <ele>6.1</ele>
      </trkpt>
      <trkpt lat="69.496505" lon="17.503514">
        <ele>7.2</ele>
      </trkpt>
      <trkpt lat="69.496804" lon="17.504166">
        <ele>6.4</ele>
      </trkpt>
      <trkpt lat="69.497591" lon="17.506807">
        <ele>8.7</ele>
      </trkpt>
      <trkpt lat="69.498797" lon="17.510626">
        <ele>2.7</ele>
      </trkpt>
      <trkpt lat="69.498919" lon="17.511499">
        <ele>2</ele>
      </trkpt>
      <trkpt lat="69.499009" lon="17.512593">
        <ele>1.5</ele>
      </trkpt>
      <trkpt lat="69.499242" lon="17.516454">
        <ele>2.9</ele>
      </trkpt>
      <trkpt lat="69.499599" lon="17.520677">
        <ele>8.3</ele>
      </trkpt>
      <trkpt lat="69.499625" lon="17.521224">
        <ele>7.7</ele>
      </trkpt>
      <trkpt lat="69.499617" lon="17.522166">
        <ele>8.6</ele>
      </trkpt>
      <trkpt lat="69.499245" lon="17.524590">
        <ele>5.1</ele>
      </trkpt>
      <trkpt lat="69.498746" lon="17.526264">
        <ele>6.2</ele>
      </trkpt>
      <trkpt lat="69.497702" lon="17.528540">
        <ele>12.2</ele>
      </trkpt>
      <trkpt lat="69.496392" lon="17.532513">
        <ele>13.3</ele>
      </trkpt>
      <trkpt lat="69.495009" lon="17.535504">
        <ele>12.3</ele>
      </trkpt>
      <trkpt lat="69.494097" lon="17.537951">
        <ele>7.9</ele>
      </trkpt>
      <trkpt lat="69.493697" lon="17.538888">
        <ele>9.5</ele>
      </trkpt>
      <trkpt lat="69.493454" lon="17.539601">
        <ele>5.4</ele>
      </trkpt>
      <trkpt lat="69.493316" lon="17.540333">
        <ele>3.9</ele>
      </trkpt>
      <trkpt lat="69.493000" lon="17.543063">
        <ele>1.4</ele>
      </trkpt>
      <trkpt lat="69.492719" lon="17.544032">
        <ele>0.5</ele>
      </trkpt>
      <trkpt lat="69.491786" lon="17.546472">
        <ele>12.9</ele>
      </trkpt>
      <trkpt lat="69.491371" lon="17.547392">
        <ele>18.4</ele>
      </trkpt>
      <trkpt lat="69.490988" lon="17.549015">
        <ele>8.9</ele>
      </trkpt>
      <trkpt lat="69.490358" lon="17.550590">
        <ele>13.3</ele>
      </trkpt>
      <trkpt lat="69.490018" lon="17.551629">
        <ele>3.6</ele>
      </trkpt>
      <trkpt lat="69.489608" lon="17.553075">
        <ele>4.1</ele>
      </trkpt>
      <trkpt lat="69.489181" lon="17.553833">
        <ele>3.3</ele>
      </trkpt>
      <trkpt lat="69.488297" lon="17.555121">
        <ele>0.9</ele>
      </trkpt>
      <trkpt lat="69.487293" lon="17.556070">
        <ele>16.9</ele>
      </trkpt>
      <trkpt lat="69.486887" lon="17.556198">
        <ele>16.9</ele>
      </trkpt>
      <trkpt lat="69.484160" lon="17.555535">
        <ele>8.5</ele>
      </trkpt>
      <trkpt lat="69.483335" lon="17.555538">
        <ele>0.1</ele>
      </trkpt>
      <trkpt lat="69.483025" lon="17.555463">
        <ele>13.3</ele>
      </trkpt>
      <trkpt lat="69.482611" lon="17.555141">
        <ele>14.3</ele>
      </trkpt>
      <trkpt lat="69.481402" lon="17.553503">
        <ele>16.8</ele>
      </trkpt>
      <trkpt lat="69.481082" lon="17.553241">
        <ele>19.1</ele>
      </trkpt>
      <trkpt lat="69.480749" lon="17.553188">
        <ele>17</ele>
      </trkpt>
      <trkpt lat="69.479469" lon="17.553321">
        <ele>15.9</ele>
      </trkpt>
      <trkpt lat="69.478519" lon="17.552929">
        <ele>9.3</ele>
      </trkpt>
      <trkpt lat="69.475806" lon="17.549734">
        <ele>9.9</ele>
      </trkpt>
      <trkpt lat="69.475254" lon="17.549210">
        <ele>10.3</ele>
      </trkpt>
      <trkpt lat="69.474951" lon="17.549118">
        <ele>9.9</ele>
      </trkpt>
      <trkpt lat="69.474677" lon="17.549298">
        <ele>8.3</ele>
      </trkpt>
      <trkpt lat="69.474459" lon="17.549606">
        <ele>8.1</ele>
      </trkpt>
      <trkpt lat="69.473355" lon="17.552188">
        <ele>9.8</ele>
      </trkpt>
      <trkpt lat="69.472881" lon="17.553418">
        <ele>11.5</ele>
      </trkpt>
      <trkpt lat="69.472696" lon="17.554031">
        <ele>12.1</ele>
      </trkpt>
      <trkpt lat="69.472467" lon="17.555134">
        <ele>7</ele>
      </trkpt>
      <trkpt lat="69.472305" lon="17.556443">
        <ele>11.3</ele>
      </trkpt>
      <trkpt lat="69.471925" lon="17.560219">
        <ele>6.9</ele>
      </trkpt>
      <trkpt lat="69.471637" lon="17.561735">
        <ele>8.7</ele>
      </trkpt>
      <trkpt lat="69.471274" lon="17.562997">
        <ele>12.6</ele>
      </trkpt>
      <trkpt lat="69.471005" lon="17.563743">
        <ele>13</ele>
      </trkpt>
      <trkpt lat="69.470005" lon="17.565941">
        <ele>15.4</ele>
      </trkpt>
      <trkpt lat="69.469697" lon="17.566507">
        <ele>23.4</ele>
      </trkpt>
      <trkpt lat="69.469426" lon="17.566739">
        <ele>28</ele>
      </trkpt>
      <trkpt lat="69.468540" lon="17.567268">
        <ele>77.2</ele>
      </trkpt>
      <trkpt lat="69.468292" lon="17.567519">
        <ele>83.3</ele>
      </trkpt>
      <trkpt lat="69.468124" lon="17.567836">
        <ele>89.2</ele>
      </trkpt>
      <trkpt lat="69.467902" lon="17.568498">
        <ele>81.7</ele>
      </trkpt>
      <trkpt lat="69.467189" lon="17.571573">
        <ele>25.1</ele>
      </trkpt>
      <trkpt lat="69.466959" lon="17.572412">
        <ele>21</ele>
      </trkpt>
      <trkpt lat="69.466762" lon="17.572871">
        <ele>17.1</ele>
      </trkpt>
      <trkpt lat="69.466280" lon="17.573437">
        <ele>20.1</ele>
      </trkpt>
      <trkpt lat="69.462880" lon="17.576987">
        <ele>7.8</ele>
      </trkpt>
      <trkpt lat="69.462589" lon="17.577503">
        <ele>10.9</ele>
      </trkpt>
      <trkpt lat="69.462313" lon="17.578146">
        <ele>17.4</ele>
      </trkpt>
      <trkpt lat="69.459703" lon="17.587910">
        <ele>30.2</ele>
      </trkpt>
      <trkpt lat="69.459538" lon="17.588663">
        <ele>30.4</ele>
      </trkpt>
      <trkpt lat="69.459292" lon="17.590224">
        <ele>29.7</ele>
      </trkpt>
      <trkpt lat="69.459236" lon="17.591179">
        <ele>22.2</ele>
      </trkpt>
      <trkpt lat="69.459235" lon="17.592658">
        <ele>15.1</ele>
      </trkpt>
      <trkpt lat="69.459206" lon="17.593461">
        <ele>14.4</ele>
      </trkpt>
      <trkpt lat="69.459074" lon="17.594291">
        <ele>13.8</ele>
      </trkpt>
      <trkpt lat="69.458883" lon="17.594980">
        <ele>16</ele>
      </trkpt>
      <trkpt lat="69.458748" lon="17.595331">
        <ele>17.5</ele>
      </trkpt>
      <trkpt lat="69.458117" lon="17.596449">
        <ele>34.4</ele>
      </trkpt>
      <trkpt lat="69.457971" lon="17.596772">
        <ele>39.2</ele>
      </trkpt>
      <trkpt lat="69.457833" lon="17.597324">
        <ele>40.5</ele>
      </trkpt>
      <trkpt lat="69.457724" lon="17.598324">
        <ele>34.7</ele>
      </trkpt>
      <trkpt lat="69.457719" lon="17.598940">
        <ele>43.7</ele>
      </trkpt>
      <trkpt lat="69.457795" lon="17.599667">
        <ele>61.4</ele>
      </trkpt>
      <trkpt lat="69.457941" lon="17.600303">
        <ele>71.3</ele>
      </trkpt>
      <trkpt lat="69.458181" lon="17.600951">
        <ele>63.6</ele>
      </trkpt>
      <trkpt lat="69.459201" lon="17.602734">
        <ele>81.9</ele>
      </trkpt>
      <trkpt lat="69.459530" lon="17.603167">
        <ele>81.1</ele>
      </trkpt>
      <trkpt lat="69.460093" lon="17.603613">
        <ele>71</ele>
      </trkpt>
      <trkpt lat="69.460481" lon="17.604049">
        <ele>57</ele>
      </trkpt>
      <trkpt lat="69.460754" lon="17.604534">
        <ele>47.1</ele>
      </trkpt>
      <trkpt lat="69.460986" lon="17.605076">
        <ele>40.4</ele>
      </trkpt>
      <trkpt lat="69.461167" lon="17.605623">
        <ele>32.2</ele>
      </trkpt>
      <trkpt lat="69.461524" lon="17.607157">
        <ele>21.7</ele>
      </trkpt>
      <trkpt lat="69.462076" lon="17.611442">
        <ele>8.5</ele>
      </trkpt>
      <trkpt lat="69.462140" lon="17.612110">
        <ele>12.4</ele>
      </trkpt>
      <trkpt lat="69.462158" lon="17.613021">
        <ele>9.4</ele>
      </trkpt>
      <trkpt lat="69.462052" lon="17.616110">
        <ele>3.2</ele>
      </trkpt>
      <trkpt lat="69.461860" lon="17.620107">
        <ele>29.4</ele>
      </trkpt>
      <trkpt lat="69.461855" lon="17.620893">
        <ele>29.8</ele>
      </trkpt>
      <trkpt lat="69.461905" lon="17.622613">
        <ele>25.1</ele>
      </trkpt>
      <trkpt lat="69.462129" lon="17.625699">
        <ele>11.3</ele>
      </trkpt>
      <trkpt lat="69.462126" lon="17.626133">
        <ele>33.3</ele>
      </trkpt>
      <trkpt lat="69.462086" lon="17.626534">
        <ele>33.8</ele>
      </trkpt>
      <trkpt lat="69.461995" lon="17.626997">
        <ele>44</ele>
      </trkpt>
      <trkpt lat="69.461554" lon="17.628639">
        <ele>77.9</ele>
      </trkpt>
      <trkpt lat="69.461462" lon="17.629296">
        <ele>101.3</ele>
      </trkpt>
      <trkpt lat="69.461436" lon="17.629908">
        <ele>120.9</ele>
      </trkpt>
      <trkpt lat="69.461845" lon="17.635664">
        <ele>119.2</ele>
      </trkpt>
      <trkpt lat="69.461971" lon="17.636940">
        <ele>124</ele>
      </trkpt>
      <trkpt lat="69.462105" lon="17.637895">
        <ele>127.4</ele>
      </trkpt>
      <trkpt lat="69.462466" lon="17.639838">
        <ele>136.4</ele>
      </trkpt>
      <trkpt lat="69.462907" lon="17.641452">
        <ele>133.1</ele>
      </trkpt>
      <trkpt lat="69.463267" lon="17.642432">
        <ele>130.8</ele>
      </trkpt>
      <trkpt lat="69.463501" lon="17.642970">
        <ele>119.5</ele>
      </trkpt>
      <trkpt lat="69.463894" lon="17.643689">
        <ele>103.9</ele>
      </trkpt>
      <trkpt lat="69.465463" lon="17.645811">
        <ele>24.4</ele>
      </trkpt>
      <trkpt lat="69.465622" lon="17.646130">
        <ele>25.3</ele>
      </trkpt>
      <trkpt lat="69.465916" lon="17.646976">
        <ele>19.7</ele>
      </trkpt>
      <trkpt lat="69.466100" lon="17.648023">
        <ele>17.2</ele>
      </trkpt>
      <trkpt lat="69.466342" lon="17.650824">
        <ele>16.4</ele>
      </trkpt>
      <trkpt lat="69.466912" lon="17.653411">
        <ele>16.5</ele>
      </trkpt>
      <trkpt lat="69.467042" lon="17.654278">
        <ele>19.9</ele>
      </trkpt>
      <trkpt lat="69.467099" lon="17.654943">
        <ele>17</ele>
      </trkpt>
      <trkpt lat="69.467292" lon="17.658617">
        <ele>20.5</ele>
      </trkpt>
      <trkpt lat="69.467255" lon="17.659937">
        <ele>17.7</ele>
      </trkpt>
      <trkpt lat="69.466860" lon="17.662932">
        <ele>23.2</ele>
      </trkpt>
      <trkpt lat="69.466435" lon="17.667828">
        <ele>16.6</ele>
      </trkpt>
      <trkpt lat="69.466166" lon="17.668963">
        <ele>17.6</ele>
      </trkpt>
      <trkpt lat="69.466009" lon="17.670029">
        <ele>18.1</ele>
      </trkpt>
      <trkpt lat="69.465988" lon="17.670826">
        <ele>17.4</ele>
      </trkpt>
      <trkpt lat="69.466065" lon="17.677958">
        <ele>31.6</ele>
      </trkpt>
      <trkpt lat="69.465985" lon="17.681615">
        <ele>47.7</ele>
      </trkpt>
      <trkpt lat="69.465818" lon="17.685961">
        <ele>63.5</ele>
      </trkpt>
      <trkpt lat="69.465836" lon="17.686856">
        <ele>64.4</ele>
      </trkpt>
      <trkpt lat="69.466114" lon="17.689268">
        <ele>70.2</ele>
      </trkpt>
      <trkpt lat="69.466268" lon="17.691660">
        <ele>80</ele>
      </trkpt>
      <trkpt lat="69.466358" lon="17.692604">
        <ele>83.7</ele>
      </trkpt>
      <trkpt lat="69.466629" lon="17.693746">
        <ele>90.2</ele>
      </trkpt>
      <trkpt lat="69.467006" lon="17.694636">
        <ele>94.8</ele>
      </trkpt>
      <trkpt lat="69.467559" lon="17.695611">
        <ele>99.6</ele>
      </trkpt>
      <trkpt lat="69.467790" lon="17.695901">
        <ele>105.9</ele>
      </trkpt>
      <trkpt lat="69.468024" lon="17.696064">
        <ele>104</ele>
      </trkpt>
      <trkpt lat="69.468353" lon="17.696071">
        <ele>103.2</ele>
      </trkpt>
      <trkpt lat="69.469834" lon="17.695466">
        <ele>105.5</ele>
      </trkpt>
      <trkpt lat="69.470349" lon="17.695411">
        <ele>111.3</ele>
      </trkpt>
      <trkpt lat="69.471237" lon="17.695500">
        <ele>121.1</ele>
      </trkpt>
      <trkpt lat="69.471620" lon="17.695178">
        <ele>122.2</ele>
      </trkpt>
      <trkpt lat="69.472467" lon="17.693958">
        <ele>123.6</ele>
      </trkpt>
      <trkpt lat="69.472652" lon="17.693978">
        <ele>121.5</ele>
      </trkpt>
      <trkpt lat="69.472818" lon="17.694265">
        <ele>120.4</ele>
      </trkpt>
      <trkpt lat="69.472913" lon="17.694694">
        <ele>120.1</ele>
      </trkpt>
      <trkpt lat="69.472942" lon="17.695238">
        <ele>119.6</ele>
      </trkpt>
      <trkpt lat="69.472900" lon="17.696440">
        <ele>120.4</ele>
      </trkpt>
      <trkpt lat="69.472926" lon="17.697105">
        <ele>118.5</ele>
      </trkpt>
      <trkpt lat="69.473005" lon="17.697790">
        <ele>118.9</ele>
      </trkpt>
      <trkpt lat="69.473710" lon="17.701123">
        <ele>107.9</ele>
      </trkpt>
      <trkpt lat="69.473797" lon="17.701833">
        <ele>105.5</ele>
      </trkpt>
      <trkpt lat="69.474280" lon="17.709124">
        <ele>98.7</ele>
      </trkpt>
      <trkpt lat="69.474379" lon="17.711189">
        <ele>98.4</ele>
      </trkpt>
      <trkpt lat="69.474323" lon="17.713898">
        <ele>98.1</ele>
      </trkpt>
      <trkpt lat="69.474105" lon="17.719634">
        <ele>99</ele>
      </trkpt>
      <trkpt lat="69.474108" lon="17.721520">
        <ele>99.6</ele>
      </trkpt>
      <trkpt lat="69.474155" lon="17.722261">
        <ele>100.1</ele>
      </trkpt>
      <trkpt lat="69.475135" lon="17.730009">
        <ele>97.6</ele>
      </trkpt>
      <trkpt lat="69.475548" lon="17.732940">
        <ele>98.5</ele>
      </trkpt>
      <trkpt lat="69.475865" lon="17.735716">
        <ele>100.1</ele>
      </trkpt>
      <trkpt lat="69.475932" lon="17.736624">
        <ele>100.1</ele>
      </trkpt>
      <trkpt lat="69.475970" lon="17.740915">
        <ele>101.5</ele>
      </trkpt>
      <trkpt lat="69.475928" lon="17.744138">
        <ele>101.8</ele>
      </trkpt>
      <trkpt lat="69.475864" lon="17.745106">
        <ele>102.8</ele>
      </trkpt>
      <trkpt lat="69.475781" lon="17.745848">
        <ele>102.5</ele>
      </trkpt>
      <trkpt lat="69.475175" lon="17.749219">
        <ele>98.6</ele>
      </trkpt>
      <trkpt lat="69.474771" lon="17.751910">
        <ele>97.7</ele>
      </trkpt>
      <trkpt lat="69.474487" lon="17.753219">
        <ele>97.1</ele>
      </trkpt>
      <trkpt lat="69.473738" lon="17.755569">
        <ele>95.5</ele>
      </trkpt>
      <trkpt lat="69.471858" lon="17.759818">
        <ele>94.8</ele>
      </trkpt>
      <trkpt lat="69.471551" lon="17.760649">
        <ele>94.5</ele>
      </trkpt>
      <trkpt lat="69.470582" lon="17.764734">
        <ele>89.9</ele>
      </trkpt>
      <trkpt lat="69.470429" lon="17.765270">
        <ele>88.6</ele>
      </trkpt>
      <trkpt lat="69.470284" lon="17.765625">
        <ele>88.8</ele>
      </trkpt>
      <trkpt lat="69.469925" lon="17.766173">
        <ele>88.3</ele>
      </trkpt>
      <trkpt lat="69.468816" lon="17.767047">
        <ele>90.6</ele>
      </trkpt>
      <trkpt lat="69.468557" lon="17.767358">
        <ele>90.1</ele>
      </trkpt>
      <trkpt lat="69.467462" lon="17.769043">
        <ele>89.5</ele>
      </trkpt>
      <trkpt lat="69.467277" lon="17.769465">
        <ele>89.2</ele>
      </trkpt>
      <trkpt lat="69.467134" lon="17.770078">
        <ele>90.8</ele>
      </trkpt>
      <trkpt lat="69.467078" lon="17.770498">
        <ele>91.4</ele>
      </trkpt>
      <trkpt lat="69.467045" lon="17.771141">
        <ele>92</ele>
      </trkpt>
      <trkpt lat="69.467073" lon="17.771810">
        <ele>92.7</ele>
      </trkpt>
      <trkpt lat="69.467205" lon="17.773306">
        <ele>91.1</ele>
      </trkpt>
      <trkpt lat="69.467226" lon="17.774002">
        <ele>89.9</ele>
      </trkpt>
      <trkpt lat="69.467129" lon="17.776296">
        <ele>83.8</ele>
      </trkpt>
      <trkpt lat="69.467204" lon="17.778784">
        <ele>79</ele>
      </trkpt>
      <trkpt lat="69.467160" lon="17.780007">
        <ele>75.7</ele>
      </trkpt>
      <trkpt lat="69.467011" lon="17.781197">
        <ele>70.6</ele>
      </trkpt>
      <trkpt lat="69.466356" lon="17.785208">
        <ele>60.8</ele>
      </trkpt>
      <trkpt lat="69.466204" lon="17.785946">
        <ele>57.8</ele>
      </trkpt>
      <trkpt lat="69.465805" lon="17.787489">
        <ele>53.5</ele>
      </trkpt>
      <trkpt lat="69.465685" lon="17.788179">
        <ele>52.8</ele>
      </trkpt>
      <trkpt lat="69.465619" lon="17.789111">
        <ele>51.5</ele>
      </trkpt>
      <trkpt lat="69.465614" lon="17.790888">
        <ele>45.2</ele>
      </trkpt>
      <trkpt lat="69.465567" lon="17.791699">
        <ele>42.5</ele>
      </trkpt>
      <trkpt lat="69.464352" lon="17.801132">
        <ele>21.9</ele>
      </trkpt>
      <trkpt lat="69.464238" lon="17.802413">
        <ele>19.1</ele>
      </trkpt>
      <trkpt lat="69.464178" lon="17.804016">
        <ele>16.9</ele>
      </trkpt>
      <trkpt lat="69.464041" lon="17.810285">
        <ele>16.9</ele>
      </trkpt>
      <trkpt lat="69.463967" lon="17.811628">
        <ele>17</ele>
      </trkpt>
      <trkpt lat="69.463694" lon="17.814013">
        <ele>14.6</ele>
      </trkpt>
      <trkpt lat="69.463435" lon="17.815517">
        <ele>13.5</ele>
      </trkpt>
      <trkpt lat="69.463190" lon="17.816341">
        <ele>12.9</ele>
      </trkpt>
      <trkpt lat="69.462821" lon="17.817058">
        <ele>11.8</ele>
      </trkpt>
      <trkpt lat="69.462482" lon="17.817407">
        <ele>10.3</ele>
      </trkpt>
      <trkpt lat="69.462008" lon="17.817744">
        <ele>8.2</ele>
      </trkpt>
      <trkpt lat="69.462020" lon="17.818445">
        <ele>8</ele>
      </trkpt>
      <trkpt lat="69.462349" lon="17.819373">
        <ele>11.2</ele>
      </trkpt>
      <trkpt lat="69.462477" lon="17.819875">
        <ele>12.3</ele>
      </trkpt>
      <trkpt lat="69.462541" lon="17.820368">
        <ele>13.2</ele>
      </trkpt>
      <trkpt lat="69.462559" lon="17.821180">
        <ele>10</ele>
      </trkpt>
      <trkpt lat="69.462483" lon="17.821998">
        <ele>12.2</ele>
      </trkpt>
      <trkpt lat="69.461259" lon="17.830313">
        <ele>30.3</ele>
      </trkpt>
      <trkpt lat="69.461172" lon="17.831680">
        <ele>33.3</ele>
      </trkpt>
      <trkpt lat="69.461180" lon="17.832787">
        <ele>36.1</ele>
      </trkpt>
      <trkpt lat="69.461244" lon="17.834255">
        <ele>38.8</ele>
      </trkpt>
      <trkpt lat="69.461326" lon="17.835249">
        <ele>38.7</ele>
      </trkpt>
      <trkpt lat="69.461507" lon="17.836234">
        <ele>37.9</ele>
      </trkpt>
      <trkpt lat="69.462037" lon="17.837889">
        <ele>32.4</ele>
      </trkpt>
      <trkpt lat="69.462398" lon="17.839245">
        <ele>26.9</ele>
      </trkpt>
      <trkpt lat="69.463420" lon="17.843839">
        <ele>11</ele>
      </trkpt>
      <trkpt lat="69.463798" lon="17.845221">
        <ele>9.7</ele>
      </trkpt>
      <trkpt lat="69.465272" lon="17.850194">
        <ele>11.8</ele>
      </trkpt>
      <trkpt lat="69.465811" lon="17.851841">
        <ele>8.1</ele>
      </trkpt>
      <trkpt lat="69.466277" lon="17.852840">
        <ele>2.8</ele>
      </trkpt>
      <trkpt lat="69.466732" lon="17.853507">
        <ele>4.3</ele>
      </trkpt>
      <trkpt lat="69.468579" lon="17.855525">
        <ele>3.7</ele>
      </trkpt>
      <trkpt lat="69.469319" lon="17.855986">
        <ele>1.6</ele>
      </trkpt>
      <trkpt lat="69.469606" lon="17.856025">
        <ele>0.9</ele>
      </trkpt>
      <trkpt lat="69.470055" lon="17.855915">
        <ele>0.9</ele>
      </trkpt>
      <trkpt lat="69.472714" lon="17.854684">
        <ele>0.6</ele>
      </trkpt>
      <trkpt lat="69.473123" lon="17.854411">
        <ele>0.6</ele>
      </trkpt>
      <trkpt lat="69.475064" lon="17.852445">
        <ele>1.7</ele>
      </trkpt>
      <trkpt lat="69.478274" lon="17.848495">
        <ele>0.1</ele>
      </trkpt>
      <trkpt lat="69.479356" lon="17.847816">
        <ele>0.1</ele>
      </trkpt>
      <trkpt lat="69.480356" lon="17.846803">
        <ele>1.2</ele>
      </trkpt>
      <trkpt lat="69.481140" lon="17.846149">
        <ele>1.7</ele>
      </trkpt>
      <trkpt lat="69.484946" lon="17.844196">
        <ele>0.5</ele>
      </trkpt>
      <trkpt lat="69.485214" lon="17.844265">
        <ele>1.3</ele>
      </trkpt>
      <trkpt lat="69.485478" lon="17.844526">
        <ele>1.3</ele>
      </trkpt>
      <trkpt lat="69.487370" lon="17.848114">
        <ele>2.5</ele>
      </trkpt>
      <trkpt lat="69.487831" lon="17.848908">
        <ele>1.8</ele>
      </trkpt>
      <trkpt lat="69.488211" lon="17.849298">
        <ele>1.4</ele>
      </trkpt>
      <trkpt lat="69.488592" lon="17.849448">
        <ele>2</ele>
      </trkpt>
      <trkpt lat="69.489594" lon="17.849514">
        <ele>1.8</ele>
      </trkpt>
      <trkpt lat="69.489994" lon="17.849752">
        <ele>3.4</ele>
      </trkpt>
      <trkpt lat="69.491146" lon="17.851351">
        <ele>1.3</ele>
      </trkpt>
      <trkpt lat="69.491778" lon="17.851911">
        <ele>2.2</ele>
      </trkpt>
      <trkpt lat="69.492256" lon="17.852537">
        <ele>1.6</ele>
      </trkpt>
      <trkpt lat="69.493471" lon="17.854377">
        <ele>2.7</ele>
      </trkpt>
      <trkpt lat="69.495251" lon="17.856773">
        <ele>7.4</ele>
      </trkpt>
      <trkpt lat="69.496663" lon="17.859076">
        <ele>7.6</ele>
      </trkpt>
      <trkpt lat="69.496988" lon="17.859685">
        <ele>9.6</ele>
      </trkpt>
      <trkpt lat="69.497187" lon="17.860214">
        <ele>11.1</ele>
      </trkpt>
      <trkpt lat="69.497417" lon="17.861109">
        <ele>9</ele>
      </trkpt>
      <trkpt lat="69.497833" lon="17.863172">
        <ele>6.8</ele>
      </trkpt>
      <trkpt lat="69.498214" lon="17.864448">
        <ele>4.1</ele>
      </trkpt>
      <trkpt lat="69.498459" lon="17.865029">
        <ele>6.2</ele>
      </trkpt>
      <trkpt lat="69.499061" lon="17.866015">
        <ele>10.6</ele>
      </trkpt>
      <trkpt lat="69.499290" lon="17.866492">
        <ele>11</ele>
      </trkpt>
      <trkpt lat="69.499826" lon="17.868612">
        <ele>10.4</ele>
      </trkpt>
      <trkpt lat="69.500253" lon="17.869665">
        <ele>11.5</ele>
      </trkpt>
      <trkpt lat="69.500446" lon="17.870448">
        <ele>11.7</ele>
      </trkpt>
      <trkpt lat="69.500580" lon="17.871852">
        <ele>12</ele>
      </trkpt>
      <trkpt lat="69.500776" lon="17.875064">
        <ele>9</ele>
      </trkpt>
      <trkpt lat="69.500957" lon="17.877497">
        <ele>6.6</ele>
      </trkpt>
      <trkpt lat="69.501155" lon="17.879107">
        <ele>8.1</ele>
      </trkpt>
      <trkpt lat="69.501222" lon="17.880173">
        <ele>9.4</ele>
      </trkpt>
      <trkpt lat="69.501428" lon="17.885708">
        <ele>3.4</ele>
      </trkpt>
      <trkpt lat="69.501482" lon="17.886235">
        <ele>2.4</ele>
      </trkpt>
      <trkpt lat="69.501641" lon="17.887036">
        <ele>2.3</ele>
      </trkpt>
      <trkpt lat="69.502145" lon="17.888898">
        <ele>5.7</ele>
      </trkpt>
      <trkpt lat="69.502249" lon="17.889526">
        <ele>6.8</ele>
      </trkpt>
      <trkpt lat="69.502440" lon="17.891255">
        <ele>5.1</ele>
      </trkpt>
      <trkpt lat="69.502572" lon="17.891852">
        <ele>3.3</ele>
      </trkpt>
      <trkpt lat="69.502791" lon="17.892456">
        <ele>2.6</ele>
      </trkpt>
      <trkpt lat="69.503320" lon="17.893505">
        <ele>2.8</ele>
      </trkpt>
      <trkpt lat="69.503570" lon="17.894183">
        <ele>8.6</ele>
      </trkpt>
      <trkpt lat="69.503740" lon="17.894985">
        <ele>10.2</ele>
      </trkpt>
      <trkpt lat="69.504251" lon="17.898082">
        <ele>12.4</ele>
      </trkpt>
      <trkpt lat="69.504699" lon="17.900063">
        <ele>14.1</ele>
      </trkpt>
      <trkpt lat="69.505047" lon="17.901450">
        <ele>10.9</ele>
      </trkpt>
      <trkpt lat="69.505162" lon="17.901715">
        <ele>9.9</ele>
      </trkpt>
      <trkpt lat="69.505471" lon="17.902037">
        <ele>10.1</ele>
      </trkpt>
      <trkpt lat="69.507438" lon="17.902953">
        <ele>6.3</ele>
      </trkpt>
      <trkpt lat="69.507299" lon="17.905703">
        <ele>0.1</ele>
      </trkpt>
      <trkpt lat="69.507254" lon="17.906125">
        <ele>2</ele>
      </trkpt>
      <trkpt lat="69.506984" lon="17.907725">
        <ele>2</ele>
      </trkpt>
      <trkpt lat="69.506931" lon="17.908248">
        <ele>1.3</ele>
        <extensions>
          <visugpx:TrkExtension xmlns:visugpx="https://www.visugpx.com/editgpx/">
            <visugpx:node>1</visugpx:node>
          </visugpx:TrkExtension>
        </extensions>
      </trkpt>
    </trkseg>
  </trk>
  <trk>
    <name><![CDATA[017: Sortland – Melbu (DEVELOPED)]]></name>
    <desc><![CDATA[DEVELOPED

DEVELOPED

DEVELOPED]]></desc>
    <extensions>
      <line xmlns="http://www.topografix.com/GPX/gpx_style/0/2">
        <color>0432ff</color>
        <opacity>1</opacity>
        <width>4</width>
      </line>
    </extensions>
    <trkseg>
      <trkpt lat="68.498645" lon="14.801161">
        <ele>0.1</ele>
        <extensions>
          <visugpx:TrkExtension xmlns:visugpx="https://www.visugpx.com/editgpx/">
            <visugpx:node>1</visugpx:node>
          </visugpx:TrkExtension>
        </extensions>
      </trkpt>
      <trkpt lat="68.498660" lon="14.800956">
        <ele>0.1</ele>
      </trkpt>
      <trkpt lat="68.498618" lon="14.800831">
        <ele>0.1</ele>
      </trkpt>
      <trkpt lat="68.498625" lon="14.798590">
        <ele>0.2</ele>
      </trkpt>
      <trkpt lat="68.499022" lon="14.798346">
        <ele>0.3</ele>
      </trkpt>
      <trkpt lat="68.500476" lon="14.799364">
        <ele>1.1</ele>
      </trkpt>
      <trkpt lat="68.500615" lon="14.799538">
        <ele>1.1</ele>
      </trkpt>
      <trkpt lat="68.500969" lon="14.800236">
        <ele>1.1</ele>
      </trkpt>
      <trkpt lat="68.501151" lon="14.800793">
        <ele>1.2</ele>
      </trkpt>
      <trkpt lat="68.501262" lon="14.800495">
        <ele>1.2</ele>
      </trkpt>
      <trkpt lat="68.501323" lon="14.799032">
        <ele>1.2</ele>
      </trkpt>
      <trkpt lat="68.501590" lon="14.794631">
        <ele>1.1</ele>
      </trkpt>
      <trkpt lat="68.501631" lon="14.793600">
        <ele>1.1</ele>
      </trkpt>
      <trkpt lat="68.501619" lon="14.792176">
        <ele>1.1</ele>
      </trkpt>
      <trkpt lat="68.501419" lon="14.790044">
        <ele>0.9</ele>
      </trkpt>
      <trkpt lat="68.501293" lon="14.787435">
        <ele>1.2</ele>
      </trkpt>
      <trkpt lat="68.501164" lon="14.786257">
        <ele>1.2</ele>
      </trkpt>
      <trkpt lat="68.501068" lon="14.785725">
        <ele>1.2</ele>
      </trkpt>
      <trkpt lat="68.500833" lon="14.784851">
        <ele>1.2</ele>
      </trkpt>
      <trkpt lat="68.500749" lon="14.783297">
        <ele>1.5</ele>
      </trkpt>
      <trkpt lat="68.500349" lon="14.780395">
        <ele>5.3</ele>
      </trkpt>
      <trkpt lat="68.500356" lon="14.778610">
        <ele>8.3</ele>
      </trkpt>
      <trkpt lat="68.500288" lon="14.777793">
        <ele>8.7</ele>
      </trkpt>
      <trkpt lat="68.500176" lon="14.776955">
        <ele>9.1</ele>
      </trkpt>
      <trkpt lat="68.500099" lon="14.775912">
        <ele>9.1</ele>
      </trkpt>
      <trkpt lat="68.500100" lon="14.775387">
        <ele>9</ele>
      </trkpt>
      <trkpt lat="68.500243" lon="14.772612">
        <ele>8.1</ele>
      </trkpt>
      <trkpt lat="68.500235" lon="14.772162">
        <ele>7.8</ele>
      </trkpt>
      <trkpt lat="68.500102" lon="14.770455">
        <ele>6.8</ele>
      </trkpt>
      <trkpt lat="68.500108" lon="14.770141">
        <ele>6.5</ele>
      </trkpt>
      <trkpt lat="68.500334" lon="14.768243">
        <ele>4.5</ele>
      </trkpt>
      <trkpt lat="68.500797" lon="14.764823">
        <ele>1.1</ele>
      </trkpt>
      <trkpt lat="68.501079" lon="14.763061">
        <ele>4</ele>
      </trkpt>
      <trkpt lat="68.502129" lon="14.758669">
        <ele>0.1</ele>
      </trkpt>
      <trkpt lat="68.502576" lon="14.757324">
        <ele>0.4</ele>
      </trkpt>
      <trkpt lat="68.502747" lon="14.756539">
        <ele>0.7</ele>
      </trkpt>
      <trkpt lat="68.502926" lon="14.755102">
        <ele>0.2</ele>
      </trkpt>
      <trkpt lat="68.503163" lon="14.750673">
        <ele>0.3</ele>
      </trkpt>
      <trkpt lat="68.503310" lon="14.749157">
        <ele>0.7</ele>
      </trkpt>
      <trkpt lat="68.503509" lon="14.748025">
        <ele>1.4</ele>
      </trkpt>
      <trkpt lat="68.503659" lon="14.747535">
        <ele>1.6</ele>
      </trkpt>
      <trkpt lat="68.503866" lon="14.747029">
        <ele>1.6</ele>
      </trkpt>
      <trkpt lat="68.504508" lon="14.745879">
        <ele>6.3</ele>
      </trkpt>
      <trkpt lat="68.505734" lon="14.743842">
        <ele>23.2</ele>
      </trkpt>
      <trkpt lat="68.506054" lon="14.743413">
        <ele>29</ele>
      </trkpt>
      <trkpt lat="68.506793" lon="14.742688">
        <ele>45.2</ele>
      </trkpt>
      <trkpt lat="68.506979" lon="14.742337">
        <ele>47.7</ele>
      </trkpt>
      <trkpt lat="68.507094" lon="14.741917">
        <ele>47.3</ele>
      </trkpt>
      <trkpt lat="68.507297" lon="14.740906">
        <ele>45.3</ele>
      </trkpt>
      <trkpt lat="68.507375" lon="14.740279">
        <ele>40.8</ele>
      </trkpt>
      <trkpt lat="68.507432" lon="14.739042">
        <ele>32.5</ele>
      </trkpt>
      <trkpt lat="68.507730" lon="14.737494">
        <ele>22.5</ele>
      </trkpt>
      <trkpt lat="68.507856" lon="14.735962">
        <ele>12.6</ele>
      </trkpt>
      <trkpt lat="68.507948" lon="14.735573">
        <ele>11.9</ele>
      </trkpt>
      <trkpt lat="68.508056" lon="14.735277">
        <ele>11.2</ele>
      </trkpt>
      <trkpt lat="68.508740" lon="14.733941">
        <ele>9.2</ele>
      </trkpt>
      <trkpt lat="68.509379" lon="14.733023">
        <ele>8.3</ele>
      </trkpt>
      <trkpt lat="68.509760" lon="14.732342">
        <ele>8.9</ele>
      </trkpt>
      <trkpt lat="68.509892" lon="14.731987">
        <ele>8.4</ele>
      </trkpt>
      <trkpt lat="68.510317" lon="14.730437">
        <ele>7.9</ele>
      </trkpt>
      <trkpt lat="68.510968" lon="14.728335">
        <ele>3</ele>
      </trkpt>
      <trkpt lat="68.511268" lon="14.726196">
        <ele>1.2</ele>
      </trkpt>
      <trkpt lat="68.511380" lon="14.725699">
        <ele>1.2</ele>
      </trkpt>
      <trkpt lat="68.511627" lon="14.725020">
        <ele>1.4</ele>
      </trkpt>
      <trkpt lat="68.511766" lon="14.724760">
        <ele>1.4</ele>
      </trkpt>
      <trkpt lat="68.511908" lon="14.724607">
        <ele>1.2</ele>
      </trkpt>
      <trkpt lat="68.512146" lon="14.724519">
        <ele>1.3</ele>
      </trkpt>
      <trkpt lat="68.513580" lon="14.724275">
        <ele>2.8</ele>
      </trkpt>
      <trkpt lat="68.513965" lon="14.724288">
        <ele>3.4</ele>
      </trkpt>
      <trkpt lat="68.514734" lon="14.725067">
        <ele>8.3</ele>
      </trkpt>
      <trkpt lat="68.515160" lon="14.725190">
        <ele>11.4</ele>
      </trkpt>
      <trkpt lat="68.515361" lon="14.725079">
        <ele>12.8</ele>
      </trkpt>
      <trkpt lat="68.516547" lon="14.723584">
        <ele>19.1</ele>
      </trkpt>
      <trkpt lat="68.517551" lon="14.721692">
        <ele>19.8</ele>
      </trkpt>
      <trkpt lat="68.518205" lon="14.720816">
        <ele>18.6</ele>
      </trkpt>
      <trkpt lat="68.518938" lon="14.719458">
        <ele>17.5</ele>
      </trkpt>
      <trkpt lat="68.519456" lon="14.718093">
        <ele>17.6</ele>
      </trkpt>
      <trkpt lat="68.519935" lon="14.716396">
        <ele>19.1</ele>
      </trkpt>
      <trkpt lat="68.520212" lon="14.715141">
        <ele>17.6</ele>
      </trkpt>
      <trkpt lat="68.520456" lon="14.713593">
        <ele>17</ele>
      </trkpt>
      <trkpt lat="68.520639" lon="14.712928">
        <ele>18.1</ele>
      </trkpt>
      <trkpt lat="68.521163" lon="14.711991">
        <ele>19.6</ele>
      </trkpt>
      <trkpt lat="68.521542" lon="14.711194">
        <ele>18.4</ele>
      </trkpt>
      <trkpt lat="68.522541" lon="14.708576">
        <ele>19.3</ele>
      </trkpt>
      <trkpt lat="68.522956" lon="14.707810">
        <ele>21.3</ele>
      </trkpt>
      <trkpt lat="68.523491" lon="14.706680">
        <ele>25.7</ele>
      </trkpt>
      <trkpt lat="68.524463" lon="14.705067">
        <ele>34.2</ele>
      </trkpt>
      <trkpt lat="68.524927" lon="14.704514">
        <ele>37.8</ele>
      </trkpt>
      <trkpt lat="68.526273" lon="14.703251">
        <ele>28.7</ele>
      </trkpt>
      <trkpt lat="68.526720" lon="14.702609">
        <ele>20.3</ele>
      </trkpt>
      <trkpt lat="68.527214" lon="14.701514">
        <ele>17.9</ele>
      </trkpt>
      <trkpt lat="68.527534" lon="14.700517">
        <ele>16.1</ele>
      </trkpt>
      <trkpt lat="68.527725" lon="14.699679">
        <ele>14</ele>
      </trkpt>
      <trkpt lat="68.527969" lon="14.698989">
        <ele>12.4</ele>
      </trkpt>
      <trkpt lat="68.528702" lon="14.697677">
        <ele>12.5</ele>
      </trkpt>
      <trkpt lat="68.528792" lon="14.697328">
        <ele>12.4</ele>
      </trkpt>
      <trkpt lat="68.529003" lon="14.696105">
        <ele>12.5</ele>
      </trkpt>
      <trkpt lat="68.529148" lon="14.695602">
        <ele>13.2</ele>
      </trkpt>
      <trkpt lat="68.529535" lon="14.694994">
        <ele>17.9</ele>
      </trkpt>
      <trkpt lat="68.529774" lon="14.694501">
        <ele>25.6</ele>
      </trkpt>
      <trkpt lat="68.529879" lon="14.694181">
        <ele>29.9</ele>
      </trkpt>
      <trkpt lat="68.530086" lon="14.692982">
        <ele>37.2</ele>
      </trkpt>
      <trkpt lat="68.530137" lon="14.692448">
        <ele>34.4</ele>
      </trkpt>
      <trkpt lat="68.530137" lon="14.691980">
        <ele>33.8</ele>
      </trkpt>
      <trkpt lat="68.530076" lon="14.690970">
        <ele>32.8</ele>
      </trkpt>
      <trkpt lat="68.530087" lon="14.690165">
        <ele>32.6</ele>
      </trkpt>
      <trkpt lat="68.530538" lon="14.686123">
        <ele>30.2</ele>
      </trkpt>
      <trkpt lat="68.530657" lon="14.685460">
        <ele>35.9</ele>
      </trkpt>
      <trkpt lat="68.530899" lon="14.684416">
        <ele>36.5</ele>
      </trkpt>
      <trkpt lat="68.532142" lon="14.679544">
        <ele>38.4</ele>
      </trkpt>
      <trkpt lat="68.532454" lon="14.678034">
        <ele>35.2</ele>
      </trkpt>
      <trkpt lat="68.532859" lon="14.676595">
        <ele>25.4</ele>
      </trkpt>
      <trkpt lat="68.533081" lon="14.674900">
        <ele>17.9</ele>
      </trkpt>
      <trkpt lat="68.533251" lon="14.674114">
        <ele>17.2</ele>
      </trkpt>
      <trkpt lat="68.533406" lon="14.673699">
        <ele>16.5</ele>
      </trkpt>
      <trkpt lat="68.533653" lon="14.673267">
        <ele>17.1</ele>
      </trkpt>
      <trkpt lat="68.534856" lon="14.671596">
        <ele>11.9</ele>
      </trkpt>
      <trkpt lat="68.535128" lon="14.671401">
        <ele>11.9</ele>
      </trkpt>
      <trkpt lat="68.535776" lon="14.671209">
        <ele>9.3</ele>
      </trkpt>
      <trkpt lat="68.536011" lon="14.671061">
        <ele>7.1</ele>
      </trkpt>
      <trkpt lat="68.536571" lon="14.670517">
        <ele>2.3</ele>
      </trkpt>
      <trkpt lat="68.537128" lon="14.669770">
        <ele>0.5</ele>
      </trkpt>
      <trkpt lat="68.538028" lon="14.669242">
        <ele>0.3</ele>
      </trkpt>
      <trkpt lat="68.538406" lon="14.668892">
        <ele>0.5</ele>
      </trkpt>
      <trkpt lat="68.538584" lon="14.668660">
        <ele>0.7</ele>
      </trkpt>
      <trkpt lat="68.539606" lon="14.666944">
        <ele>1</ele>
      </trkpt>
      <trkpt lat="68.539862" lon="14.666424">
        <ele>1.2</ele>
      </trkpt>
      <trkpt lat="68.540080" lon="14.665854">
        <ele>1.1</ele>
      </trkpt>
      <trkpt lat="68.540333" lon="14.664897">
        <ele>2.1</ele>
      </trkpt>
      <trkpt lat="68.540595" lon="14.663678">
        <ele>1.4</ele>
      </trkpt>
      <trkpt lat="68.541127" lon="14.660371">
        <ele>8.1</ele>
      </trkpt>
      <trkpt lat="68.541402" lon="14.659261">
        <ele>10.8</ele>
      </trkpt>
      <trkpt lat="68.543227" lon="14.652561">
        <ele>40.1</ele>
      </trkpt>
      <trkpt lat="68.544516" lon="14.649557">
        <ele>33.7</ele>
      </trkpt>
      <trkpt lat="68.546258" lon="14.645181">
        <ele>11.5</ele>
      </trkpt>
      <trkpt lat="68.547057" lon="14.643380">
        <ele>4.8</ele>
      </trkpt>
      <trkpt lat="68.547383" lon="14.642778">
        <ele>2.1</ele>
      </trkpt>
      <trkpt lat="68.548771" lon="14.640750">
        <ele>5.9</ele>
      </trkpt>
      <trkpt lat="68.550928" lon="14.636735">
        <ele>34.8</ele>
      </trkpt>
      <trkpt lat="68.551153" lon="14.636246">
        <ele>43.5</ele>
      </trkpt>
      <trkpt lat="68.551286" lon="14.635649">
        <ele>43.1</ele>
      </trkpt>
      <trkpt lat="68.551401" lon="14.634512">
        <ele>38.4</ele>
      </trkpt>
      <trkpt lat="68.551589" lon="14.633123">
        <ele>37.8</ele>
      </trkpt>
      <trkpt lat="68.551944" lon="14.631011">
        <ele>39.6</ele>
      </trkpt>
      <trkpt lat="68.552496" lon="14.628224">
        <ele>20.5</ele>
      </trkpt>
      <trkpt lat="68.552963" lon="14.626711">
        <ele>19.3</ele>
      </trkpt>
      <trkpt lat="68.553296" lon="14.624527">
        <ele>19.1</ele>
      </trkpt>
      <trkpt lat="68.553427" lon="14.624014">
        <ele>19.3</ele>
      </trkpt>
      <trkpt lat="68.553586" lon="14.623733">
        <ele>19</ele>
      </trkpt>
      <trkpt lat="68.555121" lon="14.621938">
        <ele>18.9</ele>
      </trkpt>
      <trkpt lat="68.555733" lon="14.620600">
        <ele>19</ele>
      </trkpt>
      <trkpt lat="68.556142" lon="14.619934">
        <ele>18</ele>
      </trkpt>
      <trkpt lat="68.556319" lon="14.619738">
        <ele>17</ele>
      </trkpt>
      <trkpt lat="68.557511" lon="14.618852">
        <ele>14.4</ele>
      </trkpt>
      <trkpt lat="68.557969" lon="14.618549">
        <ele>10.3</ele>
      </trkpt>
      <trkpt lat="68.558220" lon="14.618481">
        <ele>8.5</ele>
      </trkpt>
      <trkpt lat="68.561884" lon="14.618104">
        <ele>10.7</ele>
      </trkpt>
      <trkpt lat="68.562218" lon="14.618000">
        <ele>8.6</ele>
      </trkpt>
      <trkpt lat="68.562427" lon="14.618039">
        <ele>7.5</ele>
      </trkpt>
      <trkpt lat="68.562628" lon="14.618253">
        <ele>6.3</ele>
      </trkpt>
      <trkpt lat="68.562947" lon="14.619279">
        <ele>7.6</ele>
      </trkpt>
      <trkpt lat="68.563614" lon="14.622169">
        <ele>10.6</ele>
      </trkpt>
      <trkpt lat="68.564135" lon="14.625105">
        <ele>14.5</ele>
      </trkpt>
      <trkpt lat="68.564234" lon="14.625416">
        <ele>14.7</ele>
      </trkpt>
      <trkpt lat="68.564368" lon="14.625654">
        <ele>14.7</ele>
      </trkpt>
      <trkpt lat="68.564654" lon="14.625876">
        <ele>14.6</ele>
      </trkpt>
      <trkpt lat="68.565757" lon="14.626432">
        <ele>15.7</ele>
      </trkpt>
      <trkpt lat="68.566180" lon="14.626810">
        <ele>13.3</ele>
      </trkpt>
      <trkpt lat="68.566423" lon="14.627254">
        <ele>11</ele>
      </trkpt>
      <trkpt lat="68.567547" lon="14.629982">
        <ele>8.4</ele>
      </trkpt>
      <trkpt lat="68.568018" lon="14.630868">
        <ele>9.2</ele>
      </trkpt>
      <trkpt lat="68.568786" lon="14.631990">
        <ele>10.6</ele>
      </trkpt>
      <trkpt lat="68.570515" lon="14.633990">
        <ele>11.2</ele>
      </trkpt>
      <trkpt lat="68.571813" lon="14.636719">
        <ele>14</ele>
      </trkpt>
      <trkpt lat="68.572290" lon="14.637826">
        <ele>14.9</ele>
      </trkpt>
      <trkpt lat="68.573305" lon="14.639742">
        <ele>15.5</ele>
      </trkpt>
      <trkpt lat="68.574641" lon="14.643461">
        <ele>12.6</ele>
      </trkpt>
      <trkpt lat="68.575362" lon="14.645891">
        <ele>12.9</ele>
      </trkpt>
      <trkpt lat="68.575579" lon="14.646797">
        <ele>10.8</ele>
      </trkpt>
      <trkpt lat="68.575699" lon="14.647501">
        <ele>10.6</ele>
      </trkpt>
      <trkpt lat="68.575810" lon="14.648615">
        <ele>10</ele>
      </trkpt>
      <trkpt lat="68.575784" lon="14.650444">
        <ele>14.2</ele>
      </trkpt>
      <trkpt lat="68.575801" lon="14.651341">
        <ele>16.7</ele>
      </trkpt>
      <trkpt lat="68.575876" lon="14.652211">
        <ele>17.6</ele>
      </trkpt>
      <trkpt lat="68.576056" lon="14.653039">
        <ele>18.6</ele>
      </trkpt>
      <trkpt lat="68.576825" lon="14.656032">
        <ele>23.6</ele>
      </trkpt>
      <trkpt lat="68.577095" lon="14.657045">
        <ele>22.8</ele>
      </trkpt>
      <trkpt lat="68.577581" lon="14.658647">
        <ele>17.3</ele>
      </trkpt>
      <trkpt lat="68.578146" lon="14.660353">
        <ele>13.9</ele>
      </trkpt>
      <trkpt lat="68.579716" lon="14.664055">
        <ele>19.5</ele>
      </trkpt>
      <trkpt lat="68.580870" lon="14.665939">
        <ele>18.1</ele>
      </trkpt>
      <trkpt lat="68.581326" lon="14.666864">
        <ele>17.3</ele>
      </trkpt>
      <trkpt lat="68.582461" lon="14.669839">
        <ele>19.5</ele>
      </trkpt>
      <trkpt lat="68.583164" lon="14.671849">
        <ele>19.2</ele>
      </trkpt>
      <trkpt lat="68.583756" lon="14.673223">
        <ele>19.9</ele>
      </trkpt>
      <trkpt lat="68.584468" lon="14.674497">
        <ele>17.6</ele>
      </trkpt>
      <trkpt lat="68.584603" lon="14.674818">
        <ele>17.1</ele>
      </trkpt>
      <trkpt lat="68.584699" lon="14.675190">
        <ele>16.9</ele>
      </trkpt>
      <trkpt lat="68.584799" lon="14.675808">
        <ele>16.6</ele>
      </trkpt>
      <trkpt lat="68.585000" lon="14.678544">
        <ele>18.4</ele>
      </trkpt>
      <trkpt lat="68.585130" lon="14.681985">
        <ele>13.8</ele>
      </trkpt>
      <trkpt lat="68.585227" lon="14.683715">
        <ele>12.3</ele>
      </trkpt>
      <trkpt lat="68.585283" lon="14.685608">
        <ele>12.3</ele>
      </trkpt>
      <trkpt lat="68.585317" lon="14.691944">
        <ele>15.8</ele>
      </trkpt>
      <trkpt lat="68.585299" lon="14.692421">
        <ele>15.8</ele>
      </trkpt>
      <trkpt lat="68.585234" lon="14.692840">
        <ele>15.7</ele>
      </trkpt>
      <trkpt lat="68.585058" lon="14.693416">
        <ele>17.5</ele>
      </trkpt>
      <trkpt lat="68.584605" lon="14.694485">
        <ele>19.3</ele>
      </trkpt>
      <trkpt lat="68.584026" lon="14.695660">
        <ele>15.1</ele>
      </trkpt>
      <trkpt lat="68.583225" lon="14.697047">
        <ele>7.9</ele>
      </trkpt>
      <trkpt lat="68.581631" lon="14.698698">
        <ele>12.5</ele>
      </trkpt>
      <trkpt lat="68.580918" lon="14.699618">
        <ele>11.2</ele>
      </trkpt>
      <trkpt lat="68.580104" lon="14.700964">
        <ele>13.5</ele>
      </trkpt>
      <trkpt lat="68.579633" lon="14.701618">
        <ele>6.9</ele>
      </trkpt>
      <trkpt lat="68.578934" lon="14.703095">
        <ele>7.9</ele>
      </trkpt>
      <trkpt lat="68.578804" lon="14.703575">
        <ele>9.3</ele>
      </trkpt>
      <trkpt lat="68.578653" lon="14.704369">
        <ele>8.5</ele>
      </trkpt>
      <trkpt lat="68.578457" lon="14.705688">
        <ele>7.8</ele>
      </trkpt>
      <trkpt lat="68.578394" lon="14.706257">
        <ele>8</ele>
      </trkpt>
      <trkpt lat="68.578311" lon="14.708153">
        <ele>7.6</ele>
      </trkpt>
      <trkpt lat="68.577943" lon="14.710457">
        <ele>4.5</ele>
      </trkpt>
      <trkpt lat="68.577635" lon="14.714232">
        <ele>6.7</ele>
      </trkpt>
      <trkpt lat="68.577285" lon="14.717074">
        <ele>3.9</ele>
      </trkpt>
      <trkpt lat="68.576728" lon="14.718921">
        <ele>5.7</ele>
      </trkpt>
      <trkpt lat="68.575981" lon="14.723028">
        <ele>3.3</ele>
      </trkpt>
      <trkpt lat="68.575853" lon="14.723583">
        <ele>3.3</ele>
      </trkpt>
      <trkpt lat="68.575676" lon="14.724060">
        <ele>3.1</ele>
      </trkpt>
      <trkpt lat="68.575502" lon="14.724678">
        <ele>5.2</ele>
      </trkpt>
      <trkpt lat="68.575426" lon="14.725191">
        <ele>7.4</ele>
      </trkpt>
      <trkpt lat="68.575334" lon="14.726084">
        <ele>9.4</ele>
      </trkpt>
      <trkpt lat="68.575289" lon="14.726889">
        <ele>9.7</ele>
      </trkpt>
      <trkpt lat="68.575269" lon="14.729508">
        <ele>10</ele>
      </trkpt>
      <trkpt lat="68.575372" lon="14.733266">
        <ele>9.4</ele>
      </trkpt>
      <trkpt lat="68.575436" lon="14.748197">
        <ele>15.1</ele>
      </trkpt>
      <trkpt lat="68.575469" lon="14.749828">
        <ele>20.6</ele>
      </trkpt>
      <trkpt lat="68.575636" lon="14.752207">
        <ele>20.9</ele>
      </trkpt>
      <trkpt lat="68.576087" lon="14.754971">
        <ele>15.6</ele>
      </trkpt>
      <trkpt lat="68.576132" lon="14.755780">
        <ele>13.2</ele>
      </trkpt>
      <trkpt lat="68.576042" lon="14.762812">
        <ele>14.6</ele>
      </trkpt>
      <trkpt lat="68.575970" lon="14.767308">
        <ele>20.7</ele>
      </trkpt>
      <trkpt lat="68.575844" lon="14.769190">
        <ele>19</ele>
      </trkpt>
      <trkpt lat="68.575497" lon="14.773105">
        <ele>14.8</ele>
      </trkpt>
      <trkpt lat="68.575381" lon="14.784422">
        <ele>3.9</ele>
      </trkpt>
      <trkpt lat="68.575257" lon="14.787006">
        <ele>7.4</ele>
      </trkpt>
      <trkpt lat="68.575070" lon="14.790144">
        <ele>16.9</ele>
      </trkpt>
      <trkpt lat="68.574979" lon="14.790783">
        <ele>18.1</ele>
      </trkpt>
      <trkpt lat="68.574647" lon="14.792443">
        <ele>19.7</ele>
      </trkpt>
      <trkpt lat="68.574547" lon="14.793113">
        <ele>20</ele>
      </trkpt>
      <trkpt lat="68.574390" lon="14.794770">
        <ele>20.2</ele>
      </trkpt>
      <trkpt lat="68.574379" lon="14.795521">
        <ele>20</ele>
      </trkpt>
      <trkpt lat="68.574422" lon="14.797006">
        <ele>16.4</ele>
      </trkpt>
      <trkpt lat="68.574947" lon="14.804945">
        <ele>3.8</ele>
      </trkpt>
      <trkpt lat="68.575082" lon="14.808082">
        <ele>4</ele>
      </trkpt>
      <trkpt lat="68.575452" lon="14.812956">
        <ele>2.2</ele>
      </trkpt>
      <trkpt lat="68.575456" lon="14.813625">
        <ele>1.5</ele>
      </trkpt>
      <trkpt lat="68.575416" lon="14.814206">
        <ele>0.9</ele>
      </trkpt>
      <trkpt lat="68.574686" lon="14.819491">
        <ele>0.6</ele>
      </trkpt>
      <trkpt lat="68.574396" lon="14.820919">
        <ele>0.3</ele>
      </trkpt>
      <trkpt lat="68.574311" lon="14.821194">
        <ele>0.2</ele>
      </trkpt>
      <trkpt lat="68.574199" lon="14.821406">
        <ele>0.2</ele>
      </trkpt>
      <trkpt lat="68.573686" lon="14.821891">
        <ele>0.2</ele>
      </trkpt>
      <trkpt lat="68.571575" lon="14.823442">
        <ele>0.7</ele>
      </trkpt>
      <trkpt lat="68.571352" lon="14.823748">
        <ele>0.5</ele>
      </trkpt>
      <trkpt lat="68.570546" lon="14.825274">
        <ele>0.4</ele>
      </trkpt>
      <trkpt lat="68.570219" lon="14.825967">
        <ele>0.4</ele>
      </trkpt>
      <trkpt lat="68.570039" lon="14.826606">
        <ele>0.3</ele>
      </trkpt>
      <trkpt lat="68.569615" lon="14.829072">
        <ele>0.1</ele>
      </trkpt>
      <trkpt lat="68.569267" lon="14.831818">
        <ele>0.3</ele>
      </trkpt>
      <trkpt lat="68.568375" lon="14.835566">
        <ele>0.8</ele>
      </trkpt>
      <trkpt lat="68.568105" lon="14.837512">
        <ele>0.5</ele>
      </trkpt>
      <trkpt lat="68.567733" lon="14.839789">
        <ele>0.5</ele>
      </trkpt>
      <trkpt lat="68.567216" lon="14.843526">
        <ele>2.2</ele>
      </trkpt>
      <trkpt lat="68.567157" lon="14.844134">
        <ele>2.3</ele>
      </trkpt>
      <trkpt lat="68.567113" lon="14.846339">
        <ele>0.7</ele>
      </trkpt>
      <trkpt lat="68.567256" lon="14.853022">
        <ele>2.9</ele>
      </trkpt>
      <trkpt lat="68.567152" lon="14.857887">
        <ele>12.9</ele>
      </trkpt>
      <trkpt lat="68.567214" lon="14.859083">
        <ele>14.2</ele>
      </trkpt>
      <trkpt lat="68.567672" lon="14.861622">
        <ele>18</ele>
      </trkpt>
      <trkpt lat="68.567741" lon="14.862151">
        <ele>18.5</ele>
      </trkpt>
      <trkpt lat="68.567889" lon="14.864569">
        <ele>19.7</ele>
      </trkpt>
      <trkpt lat="68.568467" lon="14.868219">
        <ele>19.6</ele>
      </trkpt>
      <trkpt lat="68.568626" lon="14.869586">
        <ele>19.6</ele>
      </trkpt>
      <trkpt lat="68.568720" lon="14.870802">
        <ele>19.5</ele>
      </trkpt>
      <trkpt lat="68.568723" lon="14.871489">
        <ele>19.8</ele>
      </trkpt>
      <trkpt lat="68.568654" lon="14.872130">
        <ele>20.4</ele>
      </trkpt>
      <trkpt lat="68.568335" lon="14.873666">
        <ele>21.4</ele>
      </trkpt>
      <trkpt lat="68.568249" lon="14.874979">
        <ele>23.3</ele>
      </trkpt>
      <trkpt lat="68.568058" lon="14.876392">
        <ele>26.1</ele>
      </trkpt>
      <trkpt lat="68.568055" lon="14.877257">
        <ele>27.6</ele>
      </trkpt>
      <trkpt lat="68.568156" lon="14.879704">
        <ele>20.9</ele>
      </trkpt>
      <trkpt lat="68.568136" lon="14.880943">
        <ele>18.7</ele>
      </trkpt>
      <trkpt lat="68.568015" lon="14.882381">
        <ele>14.1</ele>
      </trkpt>
      <trkpt lat="68.567815" lon="14.885444">
        <ele>6.2</ele>
      </trkpt>
      <trkpt lat="68.567832" lon="14.887054">
        <ele>3.1</ele>
      </trkpt>
      <trkpt lat="68.567953" lon="14.888369">
        <ele>2.4</ele>
      </trkpt>
      <trkpt lat="68.569668" lon="14.901658">
        <ele>3</ele>
      </trkpt>
      <trkpt lat="68.569762" lon="14.902673">
        <ele>2.6</ele>
      </trkpt>
      <trkpt lat="68.569771" lon="14.903317">
        <ele>0.9</ele>
      </trkpt>
      <trkpt lat="68.569694" lon="14.904583">
        <ele>0.3</ele>
      </trkpt>
      <trkpt lat="68.569489" lon="14.906267">
        <ele>2.5</ele>
      </trkpt>
      <trkpt lat="68.569506" lon="14.908386">
        <ele>2.8</ele>
      </trkpt>
      <trkpt lat="68.569372" lon="14.910495">
        <ele>0.6</ele>
      </trkpt>
      <trkpt lat="68.569289" lon="14.910974">
        <ele>0.2</ele>
      </trkpt>
      <trkpt lat="68.569144" lon="14.911527">
        <ele>0.2</ele>
      </trkpt>
      <trkpt lat="68.568988" lon="14.911888">
        <ele>0.2</ele>
      </trkpt>
      <trkpt lat="68.568407" lon="14.912767">
        <ele>0.7</ele>
      </trkpt>
      <trkpt lat="68.568294" lon="14.913073">
        <ele>0.6</ele>
      </trkpt>
      <trkpt lat="68.568139" lon="14.912830">
        <ele>0.7</ele>
      </trkpt>
      <trkpt lat="68.568060" lon="14.912793">
        <ele>1</ele>
      </trkpt>
      <trkpt lat="68.566209" lon="14.912510">
        <ele>4.7</ele>
      </trkpt>
      <trkpt lat="68.566144" lon="14.912776">
        <ele>3.9</ele>
      </trkpt>
      <trkpt lat="68.565571" lon="14.913719">
        <ele>1.7</ele>
      </trkpt>
      <trkpt lat="68.565385" lon="14.914124">
        <ele>1.3</ele>
      </trkpt>
      <trkpt lat="68.565866" lon="14.915431">
        <ele>0.1</ele>
      </trkpt>
      <trkpt lat="68.568111" lon="14.920941">
        <ele>2.5</ele>
      </trkpt>
      <trkpt lat="68.568933" lon="14.922847">
        <ele>7.4</ele>
      </trkpt>
      <trkpt lat="68.569459" lon="14.923965">
        <ele>10</ele>
      </trkpt>
      <trkpt lat="68.569809" lon="14.924537">
        <ele>9.8</ele>
      </trkpt>
      <trkpt lat="68.570039" lon="14.924682">
        <ele>9.7</ele>
      </trkpt>
      <trkpt lat="68.570156" lon="14.924858">
        <ele>9.2</ele>
      </trkpt>
      <trkpt lat="68.570220" lon="14.924976">
        <ele>9.3</ele>
      </trkpt>
      <trkpt lat="68.570270" lon="14.925221">
        <ele>9.6</ele>
      </trkpt>
      <trkpt lat="68.570739" lon="14.925933">
        <ele>9.3</ele>
      </trkpt>
      <trkpt lat="68.571049" lon="14.926535">
        <ele>8.3</ele>
      </trkpt>
      <trkpt lat="68.571332" lon="14.927274">
        <ele>8.6</ele>
      </trkpt>
      <trkpt lat="68.571601" lon="14.928208">
        <ele>9.8</ele>
      </trkpt>
      <trkpt lat="68.571791" lon="14.929146">
        <ele>10.7</ele>
      </trkpt>
      <trkpt lat="68.571925" lon="14.930110">
        <ele>13.5</ele>
      </trkpt>
      <trkpt lat="68.572034" lon="14.931402">
        <ele>15.2</ele>
      </trkpt>
      <trkpt lat="68.572084" lon="14.933397">
        <ele>11.4</ele>
      </trkpt>
      <trkpt lat="68.572044" lon="14.935118">
        <ele>9.5</ele>
      </trkpt>
      <trkpt lat="68.571951" lon="14.936903">
        <ele>9.8</ele>
      </trkpt>
      <trkpt lat="68.571834" lon="14.938329">
        <ele>11.3</ele>
      </trkpt>
      <trkpt lat="68.571578" lon="14.940574">
        <ele>12.2</ele>
      </trkpt>
      <trkpt lat="68.570976" lon="14.944569">
        <ele>18.2</ele>
      </trkpt>
      <trkpt lat="68.570610" lon="14.947417">
        <ele>17</ele>
      </trkpt>
      <trkpt lat="68.570532" lon="14.947358">
        <ele>17.2</ele>
      </trkpt>
      <trkpt lat="68.570299" lon="14.949183">
        <ele>12.6</ele>
      </trkpt>
      <trkpt lat="68.570163" lon="14.950872">
        <ele>9</ele>
      </trkpt>
      <trkpt lat="68.569911" lon="14.956527">
        <ele>2.8</ele>
      </trkpt>
      <trkpt lat="68.569807" lon="14.957827">
        <ele>2.4</ele>
      </trkpt>
      <trkpt lat="68.569706" lon="14.958688">
        <ele>1.7</ele>
      </trkpt>
      <trkpt lat="68.569278" lon="14.961506">
        <ele>0.7</ele>
      </trkpt>
      <trkpt lat="68.569135" lon="14.962733">
        <ele>0.8</ele>
      </trkpt>
      <trkpt lat="68.569061" lon="14.963525">
        <ele>0.9</ele>
      </trkpt>
      <trkpt lat="68.568998" lon="14.965115">
        <ele>1</ele>
      </trkpt>
      <trkpt lat="68.569033" lon="14.967362">
        <ele>1</ele>
      </trkpt>
      <trkpt lat="68.569743" lon="14.985785">
        <ele>3.2</ele>
      </trkpt>
      <trkpt lat="68.569790" lon="14.986752">
      </trkpt>
      <trkpt lat="68.569902" lon="14.988031">
      </trkpt>
      <trkpt lat="68.570072" lon="14.989206">
      </trkpt>
      <trkpt lat="68.570407" lon="14.990680">
      </trkpt>
      <trkpt lat="68.570873" lon="14.992056">
      </trkpt>
      <trkpt lat="68.571404" lon="14.993160">
      </trkpt>
      <trkpt lat="68.572158" lon="14.994460">
      </trkpt>
      <trkpt lat="68.572827" lon="14.995435">
      </trkpt>
      <trkpt lat="68.573395" lon="14.996144">
      </trkpt>
      <trkpt lat="68.574379" lon="14.997110">
      </trkpt>
      <trkpt lat="68.581172" lon="15.002105">
        <ele>2.5</ele>
      </trkpt>
      <trkpt lat="68.582016" lon="15.002785">
        <ele>2.5</ele>
      </trkpt>
      <trkpt lat="68.582329" lon="15.003107">
        <ele>2.1</ele>
      </trkpt>
      <trkpt lat="68.582685" lon="15.003612">
        <ele>2</ele>
      </trkpt>
      <trkpt lat="68.583093" lon="15.004491">
        <ele>4.1</ele>
      </trkpt>
      <trkpt lat="68.583332" lon="15.005206">
        <ele>5.4</ele>
      </trkpt>
      <trkpt lat="68.583461" lon="15.005669">
        <ele>6.6</ele>
      </trkpt>
      <trkpt lat="68.583708" lon="15.006906">
        <ele>7.9</ele>
      </trkpt>
      <trkpt lat="68.583862" lon="15.008169">
        <ele>9.1</ele>
      </trkpt>
      <trkpt lat="68.583934" lon="15.009583">
        <ele>9.6</ele>
      </trkpt>
      <trkpt lat="68.583925" lon="15.010465">
        <ele>9.9</ele>
      </trkpt>
      <trkpt lat="68.583796" lon="15.012189">
        <ele>11</ele>
      </trkpt>
      <trkpt lat="68.583109" lon="15.017896">
        <ele>11</ele>
      </trkpt>
      <trkpt lat="68.582836" lon="15.020763">
        <ele>11</ele>
      </trkpt>
      <trkpt lat="68.582616" lon="15.025013">
        <ele>11.5</ele>
      </trkpt>
      <trkpt lat="68.582577" lon="15.028242">
        <ele>12.2</ele>
      </trkpt>
      <trkpt lat="68.582615" lon="15.030204">
        <ele>12.5</ele>
      </trkpt>
      <trkpt lat="68.582702" lon="15.032352">
        <ele>14</ele>
      </trkpt>
      <trkpt lat="68.583187" lon="15.040532">
        <ele>11.4</ele>
      </trkpt>
      <trkpt lat="68.583345" lon="15.042591">
        <ele>9.3</ele>
      </trkpt>
      <trkpt lat="68.583518" lon="15.044211">
        <ele>7.9</ele>
      </trkpt>
      <trkpt lat="68.583905" lon="15.046730">
        <ele>6</ele>
      </trkpt>
      <trkpt lat="68.584085" lon="15.047663">
        <ele>5.1</ele>
      </trkpt>
      <trkpt lat="68.584504" lon="15.049465">
        <ele>3.9</ele>
      </trkpt>
      <trkpt lat="68.585130" lon="15.051560">
        <ele>3.2</ele>
      </trkpt>
      <trkpt lat="68.585487" lon="15.052530">
        <ele>2</ele>
      </trkpt>
      <trkpt lat="68.585995" lon="15.053739">
        <ele>1.1</ele>
      </trkpt>
      <trkpt lat="68.586641" lon="15.055033">
        <ele>0.1</ele>
      </trkpt>
      <trkpt lat="68.596483" lon="15.073687">
        <ele>2</ele>
      </trkpt>
      <trkpt lat="68.597132" lon="15.075159">
        <ele>2.5</ele>
      </trkpt>
      <trkpt lat="68.597358" lon="15.075840">
        <ele>2.4</ele>
      </trkpt>
      <trkpt lat="68.597840" lon="15.077586">
        <ele>1.3</ele>
      </trkpt>
      <trkpt lat="68.599224" lon="15.083045">
        <ele>0.6</ele>
      </trkpt>
      <trkpt lat="68.599842" lon="15.085240">
        <ele>0.3</ele>
      </trkpt>
      <trkpt lat="68.600448" lon="15.086998">
        <ele>0.5</ele>
      </trkpt>
      <trkpt lat="68.601584" lon="15.089702">
        <ele>0.3</ele>
      </trkpt>
      <trkpt lat="68.602009" lon="15.090766">
        <ele>0.7</ele>
      </trkpt>
      <trkpt lat="68.602338" lon="15.091712">
        <ele>1.2</ele>
      </trkpt>
      <trkpt lat="68.602682" lon="15.092889">
        <ele>1.6</ele>
      </trkpt>
      <trkpt lat="68.603753" lon="15.097200">
        <ele>1.8</ele>
      </trkpt>
      <trkpt lat="68.604308" lon="15.099091">
        <ele>2.3</ele>
      </trkpt>
      <trkpt lat="68.609165" lon="15.113595">
        <ele>7.5</ele>
      </trkpt>
      <trkpt lat="68.609257" lon="15.113464">
        <ele>7.8</ele>
      </trkpt>
      <trkpt lat="68.609321" lon="15.113549">
        <ele>8.1</ele>
      </trkpt>
      <trkpt lat="68.609400" lon="15.114018">
        <ele>7.9</ele>
      </trkpt>
      <trkpt lat="68.609639" lon="15.114806">
        <ele>8.4</ele>
      </trkpt>
      <trkpt lat="68.610569" lon="15.117549">
        <ele>7</ele>
      </trkpt>
      <trkpt lat="68.610796" lon="15.117970">
        <ele>6.5</ele>
      </trkpt>
      <trkpt lat="68.610928" lon="15.118608">
        <ele>5.8</ele>
      </trkpt>
      <trkpt lat="68.611311" lon="15.119807">
        <ele>4.3</ele>
      </trkpt>
      <trkpt lat="68.613803" lon="15.127187">
        <ele>2.6</ele>
      </trkpt>
      <trkpt lat="68.614337" lon="15.129089">
        <ele>3</ele>
      </trkpt>
      <trkpt lat="68.614607" lon="15.130241">
        <ele>3.3</ele>
      </trkpt>
      <trkpt lat="68.614947" lon="15.131956">
        <ele>4.6</ele>
      </trkpt>
      <trkpt lat="68.615291" lon="15.134213">
        <ele>4.2</ele>
      </trkpt>
      <trkpt lat="68.615590" lon="15.137155">
        <ele>6.3</ele>
      </trkpt>
      <trkpt lat="68.615713" lon="15.139176">
        <ele>8.9</ele>
      </trkpt>
      <trkpt lat="68.615770" lon="15.141463">
        <ele>9.9</ele>
      </trkpt>
      <trkpt lat="68.615690" lon="15.148524">
        <ele>13.5</ele>
      </trkpt>
      <trkpt lat="68.615728" lon="15.150634">
        <ele>16.1</ele>
      </trkpt>
      <trkpt lat="68.615647" lon="15.151732">
        <ele>17.4</ele>
      </trkpt>
      <trkpt lat="68.615617" lon="15.153730">
        <ele>19.8</ele>
      </trkpt>
      <trkpt lat="68.615624" lon="15.156287">
        <ele>22.2</ele>
      </trkpt>
      <trkpt lat="68.615733" lon="15.156934">
        <ele>22.4</ele>
      </trkpt>
      <trkpt lat="68.615728" lon="15.158237">
        <ele>23.4</ele>
      </trkpt>
      <trkpt lat="68.615841" lon="15.159473">
        <ele>25.5</ele>
      </trkpt>
      <trkpt lat="68.615939" lon="15.160010">
        <ele>26</ele>
      </trkpt>
      <trkpt lat="68.616033" lon="15.160941">
        <ele>25.8</ele>
      </trkpt>
      <trkpt lat="68.616148" lon="15.161667">
        <ele>24.8</ele>
      </trkpt>
      <trkpt lat="68.616374" lon="15.162831">
        <ele>25.3</ele>
      </trkpt>
      <trkpt lat="68.616587" lon="15.163603">
        <ele>25.5</ele>
      </trkpt>
      <trkpt lat="68.616716" lon="15.164222">
        <ele>25.8</ele>
      </trkpt>
      <trkpt lat="68.617127" lon="15.165586">
        <ele>26.9</ele>
      </trkpt>
      <trkpt lat="68.617824" lon="15.167265">
        <ele>22.3</ele>
      </trkpt>
      <trkpt lat="68.617928" lon="15.167451">
        <ele>22.4</ele>
      </trkpt>
      <trkpt lat="68.618213" lon="15.167735">
        <ele>22.6</ele>
      </trkpt>
      <trkpt lat="68.618152" lon="15.168088">
        <ele>19.5</ele>
      </trkpt>
      <trkpt lat="68.618899" lon="15.169649">
        <ele>19.7</ele>
      </trkpt>
      <trkpt lat="68.620081" lon="15.172835">
        <ele>16.7</ele>
      </trkpt>
      <trkpt lat="68.620563" lon="15.174200">
        <ele>17.7</ele>
      </trkpt>
      <trkpt lat="68.620618" lon="15.174537">
        <ele>16.5</ele>
      </trkpt>
      <trkpt lat="68.621064" lon="15.175845">
        <ele>17.1</ele>
      </trkpt>
      <trkpt lat="68.623660" lon="15.183332">
        <ele>13.3</ele>
      </trkpt>
      <trkpt lat="68.624195" lon="15.184772">
        <ele>10.1</ele>
      </trkpt>
      <trkpt lat="68.625704" lon="15.187661">
        <ele>11.6</ele>
      </trkpt>
      <trkpt lat="68.626840" lon="15.190631">
        <ele>14.1</ele>
      </trkpt>
      <trkpt lat="68.627991" lon="15.193289">
        <ele>11.9</ele>
      </trkpt>
      <trkpt lat="68.629558" lon="15.198310">
        <ele>10.4</ele>
      </trkpt>
      <trkpt lat="68.629972" lon="15.199864">
        <ele>9.5</ele>
      </trkpt>
      <trkpt lat="68.631147" lon="15.205281">
        <ele>8.4</ele>
      </trkpt>
      <trkpt lat="68.631555" lon="15.206644">
        <ele>8.5</ele>
      </trkpt>
      <trkpt lat="68.631931" lon="15.207658">
        <ele>9</ele>
      </trkpt>
      <trkpt lat="68.632296" lon="15.208416">
        <ele>9.2</ele>
      </trkpt>
      <trkpt lat="68.632680" lon="15.209034">
        <ele>10</ele>
      </trkpt>
      <trkpt lat="68.633130" lon="15.209618">
        <ele>11.8</ele>
      </trkpt>
      <trkpt lat="68.633044" lon="15.210200">
        <ele>11.3</ele>
      </trkpt>
      <trkpt lat="68.633019" lon="15.210640">
        <ele>11</ele>
      </trkpt>
      <trkpt lat="68.633034" lon="15.210956">
        <ele>10.9</ele>
      </trkpt>
      <trkpt lat="68.633423" lon="15.214128">
        <ele>13.4</ele>
      </trkpt>
      <trkpt lat="68.633559" lon="15.215969">
        <ele>14</ele>
      </trkpt>
      <trkpt lat="68.633584" lon="15.217059">
        <ele>13.7</ele>
      </trkpt>
      <trkpt lat="68.633582" lon="15.220433">
        <ele>11.6</ele>
      </trkpt>
      <trkpt lat="68.633689" lon="15.221801">
        <ele>11.9</ele>
      </trkpt>
      <trkpt lat="68.634043" lon="15.225428">
        <ele>12.6</ele>
      </trkpt>
      <trkpt lat="68.634214" lon="15.226748">
        <ele>12.2</ele>
      </trkpt>
      <trkpt lat="68.634322" lon="15.227868">
        <ele>11.4</ele>
      </trkpt>
      <trkpt lat="68.634379" lon="15.228931">
        <ele>11.1</ele>
      </trkpt>
      <trkpt lat="68.634337" lon="15.230151">
        <ele>10.2</ele>
      </trkpt>
      <trkpt lat="68.634104" lon="15.232485">
        <ele>9.2</ele>
      </trkpt>
      <trkpt lat="68.634049" lon="15.233318">
        <ele>8.8</ele>
      </trkpt>
      <trkpt lat="68.634001" lon="15.235079">
        <ele>9</ele>
      </trkpt>
      <trkpt lat="68.634034" lon="15.236161">
        <ele>9.4</ele>
      </trkpt>
      <trkpt lat="68.634159" lon="15.237249">
        <ele>9.8</ele>
      </trkpt>
      <trkpt lat="68.634564" lon="15.239796">
        <ele>9.7</ele>
      </trkpt>
      <trkpt lat="68.634965" lon="15.241723">
        <ele>10.7</ele>
      </trkpt>
      <trkpt lat="68.635147" lon="15.242817">
        <ele>9.5</ele>
      </trkpt>
      <trkpt lat="68.635367" lon="15.244941">
        <ele>8.3</ele>
      </trkpt>
      <trkpt lat="68.635469" lon="15.245611">
        <ele>9</ele>
      </trkpt>
      <trkpt lat="68.636509" lon="15.249955">
        <ele>10.4</ele>
      </trkpt>
      <trkpt lat="68.636721" lon="15.250457">
        <ele>10.7</ele>
      </trkpt>
      <trkpt lat="68.636944" lon="15.250764">
        <ele>11.2</ele>
      </trkpt>
      <trkpt lat="68.637535" lon="15.251269">
        <ele>12</ele>
      </trkpt>
      <trkpt lat="68.637734" lon="15.251523">
        <ele>12.1</ele>
      </trkpt>
      <trkpt lat="68.637989" lon="15.252023">
        <ele>11.9</ele>
      </trkpt>
      <trkpt lat="68.638197" lon="15.252747">
        <ele>11.8</ele>
      </trkpt>
      <trkpt lat="68.638812" lon="15.255363">
        <ele>10.9</ele>
      </trkpt>
      <trkpt lat="68.639012" lon="15.255934">
        <ele>11.2</ele>
      </trkpt>
      <trkpt lat="68.639602" lon="15.257181">
        <ele>12.3</ele>
      </trkpt>
      <trkpt lat="68.640047" lon="15.259006">
        <ele>11.8</ele>
      </trkpt>
      <trkpt lat="68.640588" lon="15.260715">
        <ele>13.2</ele>
      </trkpt>
      <trkpt lat="68.641086" lon="15.262125">
        <ele>13.2</ele>
      </trkpt>
      <trkpt lat="68.641249" lon="15.262833">
        <ele>13.5</ele>
      </trkpt>
      <trkpt lat="68.641348" lon="15.263937">
        <ele>12.1</ele>
      </trkpt>
      <trkpt lat="68.641618" lon="15.265793">
        <ele>10.1</ele>
      </trkpt>
      <trkpt lat="68.642050" lon="15.267205">
        <ele>8.8</ele>
      </trkpt>
      <trkpt lat="68.643306" lon="15.271962">
        <ele>4.3</ele>
      </trkpt>
      <trkpt lat="68.644028" lon="15.275196">
        <ele>1.4</ele>
      </trkpt>
      <trkpt lat="68.644309" lon="15.276244">
        <ele>1.2</ele>
      </trkpt>
      <trkpt lat="68.644871" lon="15.278081">
        <ele>2.1</ele>
      </trkpt>
      <trkpt lat="68.645756" lon="15.281401">
        <ele>2.9</ele>
      </trkpt>
      <trkpt lat="68.645904" lon="15.282239">
        <ele>2.9</ele>
      </trkpt>
      <trkpt lat="68.645991" lon="15.283151">
        <ele>2.8</ele>
      </trkpt>
      <trkpt lat="68.646052" lon="15.285237">
        <ele>2.6</ele>
      </trkpt>
      <trkpt lat="68.646094" lon="15.285444">
        <ele>2.6</ele>
      </trkpt>
      <trkpt lat="68.646334" lon="15.285322">
        <ele>3.3</ele>
      </trkpt>
      <trkpt lat="68.646536" lon="15.287588">
        <ele>2.9</ele>
      </trkpt>
      <trkpt lat="68.646711" lon="15.288918">
        <ele>2.7</ele>
      </trkpt>
      <trkpt lat="68.646958" lon="15.290360">
        <ele>3.3</ele>
      </trkpt>
      <trkpt lat="68.647192" lon="15.291497">
        <ele>2.6</ele>
      </trkpt>
      <trkpt lat="68.647563" lon="15.292964">
        <ele>2.3</ele>
      </trkpt>
      <trkpt lat="68.648926" lon="15.298110">
        <ele>1.4</ele>
      </trkpt>
      <trkpt lat="68.649069" lon="15.298811">
        <ele>1.3</ele>
      </trkpt>
      <trkpt lat="68.649244" lon="15.300120">
        <ele>1.8</ele>
      </trkpt>
      <trkpt lat="68.649519" lon="15.303135">
        <ele>1.2</ele>
      </trkpt>
      <trkpt lat="68.649672" lon="15.304086">
        <ele>1</ele>
      </trkpt>
      <trkpt lat="68.649867" lon="15.304941">
        <ele>1</ele>
      </trkpt>
      <trkpt lat="68.650356" lon="15.306774">
        <ele>1.7</ele>
      </trkpt>
      <trkpt lat="68.650558" lon="15.307866">
        <ele>2.1</ele>
      </trkpt>
      <trkpt lat="68.650961" lon="15.311304">
        <ele>1.9</ele>
      </trkpt>
      <trkpt lat="68.651036" lon="15.311726">
        <ele>1.7</ele>
      </trkpt>
      <trkpt lat="68.651265" lon="15.313813">
        <ele>2.4</ele>
      </trkpt>
      <trkpt lat="68.651556" lon="15.318419">
        <ele>0.5</ele>
      </trkpt>
      <trkpt lat="68.651647" lon="15.319230">
        <ele>0.5</ele>
      </trkpt>
      <trkpt lat="68.651971" lon="15.321131">
        <ele>0.9</ele>
      </trkpt>
      <trkpt lat="68.652465" lon="15.323310">
        <ele>0.5</ele>
      </trkpt>
      <trkpt lat="68.653210" lon="15.326197">
        <ele>1.2</ele>
      </trkpt>
      <trkpt lat="68.653277" lon="15.326031">
        <ele>1.2</ele>
      </trkpt>
      <trkpt lat="68.654289" lon="15.329432">
        <ele>2.1</ele>
      </trkpt>
      <trkpt lat="68.655233" lon="15.332934">
        <ele>0.6</ele>
      </trkpt>
      <trkpt lat="68.657166" lon="15.339224">
        <ele>0.1</ele>
      </trkpt>
      <trkpt lat="68.658003" lon="15.341318">
        <ele>0.1</ele>
      </trkpt>
      <trkpt lat="68.660751" lon="15.347715">
        <ele>0.2</ele>
      </trkpt>
      <trkpt lat="68.661150" lon="15.348194">
        <ele>0.9</ele>
      </trkpt>
      <trkpt lat="68.661231" lon="15.348496">
        <ele>1.1</ele>
      </trkpt>
      <trkpt lat="68.661207" lon="15.349064">
        <ele>0.8</ele>
      </trkpt>
      <trkpt lat="68.661231" lon="15.349227">
        <ele>0.5</ele>
      </trkpt>
      <trkpt lat="68.662211" lon="15.352256">
        <ele>0.1</ele>
      </trkpt>
      <trkpt lat="68.662361" lon="15.352428">
        <ele>0.2</ele>
      </trkpt>
      <trkpt lat="68.662441" lon="15.352638">
        <ele>0.3</ele>
      </trkpt>
      <trkpt lat="68.662576" lon="15.353141">
        <ele>0.3</ele>
      </trkpt>
      <trkpt lat="68.662621" lon="15.353606">
        <ele>0.2</ele>
      </trkpt>
      <trkpt lat="68.663292" lon="15.355701">
        <ele>0.1</ele>
      </trkpt>
      <trkpt lat="68.663801" lon="15.356934">
        <ele>4</ele>
      </trkpt>
      <trkpt lat="68.664936" lon="15.359448">
        <ele>0.8</ele>
      </trkpt>
      <trkpt lat="68.665213" lon="15.360163">
        <ele>1.5</ele>
      </trkpt>
      <trkpt lat="68.666014" lon="15.362585">
        <ele>2.5</ele>
      </trkpt>
      <trkpt lat="68.666110" lon="15.363048">
        <ele>2.8</ele>
      </trkpt>
      <trkpt lat="68.667696" lon="15.368492">
        <ele>6</ele>
      </trkpt>
      <trkpt lat="68.668101" lon="15.369705">
        <ele>6.5</ele>
      </trkpt>
      <trkpt lat="68.670682" lon="15.376872">
        <ele>3.9</ele>
      </trkpt>
      <trkpt lat="68.670865" lon="15.377283">
        <ele>3.5</ele>
      </trkpt>
      <trkpt lat="68.671280" lon="15.377933">
        <ele>3.3</ele>
      </trkpt>
      <trkpt lat="68.672535" lon="15.379057">
        <ele>3.4</ele>
      </trkpt>
      <trkpt lat="68.673951" lon="15.381232">
        <ele>3.7</ele>
      </trkpt>
      <trkpt lat="68.674113" lon="15.381363">
        <ele>4.1</ele>
      </trkpt>
      <trkpt lat="68.674293" lon="15.381673">
        <ele>4</ele>
      </trkpt>
      <trkpt lat="68.675418" lon="15.382972">
        <ele>3.9</ele>
      </trkpt>
      <trkpt lat="68.675956" lon="15.383867">
        <ele>4.3</ele>
      </trkpt>
      <trkpt lat="68.676149" lon="15.384253">
        <ele>4.5</ele>
      </trkpt>
      <trkpt lat="68.676426" lon="15.384966">
        <ele>4.8</ele>
      </trkpt>
      <trkpt lat="68.676963" lon="15.386759">
        <ele>4.1</ele>
      </trkpt>
      <trkpt lat="68.677119" lon="15.386935">
        <ele>4</ele>
      </trkpt>
      <trkpt lat="68.677392" lon="15.388023">
        <ele>3.6</ele>
      </trkpt>
      <trkpt lat="68.677858" lon="15.389423">
        <ele>3.6</ele>
      </trkpt>
      <trkpt lat="68.678331" lon="15.390691">
        <ele>3.4</ele>
      </trkpt>
      <trkpt lat="68.679716" lon="15.393753">
        <ele>3.3</ele>
      </trkpt>
      <trkpt lat="68.684095" lon="15.401566">
        <ele>4.5</ele>
      </trkpt>
      <trkpt lat="68.684806" lon="15.403100">
        <ele>4.8</ele>
      </trkpt>
      <trkpt lat="68.685538" lon="15.404809">
        <ele>5.6</ele>
      </trkpt>
      <trkpt lat="68.686614" lon="15.406765">
        <ele>5.2</ele>
      </trkpt>
      <trkpt lat="68.687974" lon="15.409399">
        <ele>6.1</ele>
      </trkpt>
      <trkpt lat="68.688603" lon="15.410268">
        <ele>6.7</ele>
      </trkpt>
      <trkpt lat="68.689204" lon="15.410845">
        <ele>7.3</ele>
      </trkpt>
      <trkpt lat="68.689746" lon="15.411190">
        <ele>7.3</ele>
      </trkpt>
      <trkpt lat="68.694369" lon="15.412614">
        <ele>11.6</ele>
      </trkpt>
      <trkpt lat="68.695425" lon="15.412765">
        <ele>12.9</ele>
      </trkpt>
      <trkpt lat="68.696521" lon="15.413088">
        <ele>13.5</ele>
      </trkpt>
      <trkpt lat="68.696880" lon="15.413131">
        <ele>13.6</ele>
      </trkpt>
      <trkpt lat="68.697040" lon="15.412959">
        <ele>14.2</ele>
      </trkpt>
      <trkpt lat="68.697176" lon="15.413051">
        <ele>13.5</ele>
      </trkpt>
      <trkpt lat="68.697292" lon="15.413272">
        <ele>13.6</ele>
      </trkpt>
      <trkpt lat="68.697791" lon="15.413508">
        <ele>13.3</ele>
      </trkpt>
      <trkpt lat="68.698573" lon="15.413659">
        <ele>13.7</ele>
      </trkpt>
      <trkpt lat="68.698841" lon="15.413871">
        <ele>13.1</ele>
      </trkpt>
      <trkpt lat="68.700122" lon="15.414245">
        <ele>13</ele>
      </trkpt>
      <trkpt lat="68.702546" lon="15.414224">
        <ele>8.2</ele>
      </trkpt>
      <trkpt lat="68.702900" lon="15.413983">
        <ele>7.9</ele>
      </trkpt>
      <trkpt lat="68.703496" lon="15.413388">
        <ele>7.8</ele>
      </trkpt>
      <trkpt lat="68.703935" lon="15.413083">
        <ele>7.6</ele>
      </trkpt>
      <trkpt lat="68.705450" lon="15.412435">
        <ele>6.8</ele>
      </trkpt>
      <trkpt lat="68.705992" lon="15.412398">
        <ele>6</ele>
      </trkpt>
      <trkpt lat="68.705986" lon="15.413049">
        <ele>4.3</ele>
      </trkpt>
      <trkpt lat="68.706109" lon="15.413170">
        <ele>4.2</ele>
      </trkpt>
      <trkpt lat="68.706163" lon="15.413400">
        <ele>3.5</ele>
      </trkpt>
      <trkpt lat="68.706232" lon="15.415518">
        <ele>0.2</ele>
      </trkpt>
      <trkpt lat="68.706308" lon="15.415767">
        <ele>0.1</ele>
      </trkpt>
      <trkpt lat="68.706313" lon="15.416041">
        <ele>0.1</ele>
      </trkpt>
      <trkpt lat="68.706232" lon="15.415518">
        <ele>0.2</ele>
      </trkpt>
      <trkpt lat="68.706308" lon="15.415766">
        <ele>0.1</ele>
      </trkpt>
      <trkpt lat="68.706768" lon="15.439998">
        <ele>0.7</ele>
      </trkpt>
      <trkpt lat="68.706738" lon="15.440010">
        <ele>0.7</ele>
      </trkpt>
      <trkpt lat="68.706598" lon="15.441501">
        <ele>2.1</ele>
      </trkpt>
      <trkpt lat="68.706617" lon="15.441734">
        <ele>2.8</ele>
      </trkpt>
      <trkpt lat="68.706590" lon="15.441892">
        <ele>3.3</ele>
      </trkpt>
      <trkpt lat="68.707434" lon="15.441567">
        <ele>3</ele>
      </trkpt>
      <trkpt lat="68.708283" lon="15.441379">
        <ele>3.1</ele>
      </trkpt>
      <trkpt lat="68.715150" lon="15.440561">
        <ele>0.9</ele>
      </trkpt>
      <trkpt lat="68.715682" lon="15.440644">
        <ele>0.9</ele>
      </trkpt>
      <trkpt lat="68.716185" lon="15.440964">
        <ele>0.9</ele>
      </trkpt>
      <trkpt lat="68.716489" lon="15.441346">
        <ele>0.9</ele>
      </trkpt>
      <trkpt lat="68.716757" lon="15.441963">
        <ele>1.1</ele>
      </trkpt>
      <trkpt lat="68.716931" lon="15.442714">
        <ele>1.4</ele>
      </trkpt>
      <trkpt lat="68.717224" lon="15.444852">
        <ele>2.9</ele>
      </trkpt>
      <trkpt lat="68.717473" lon="15.448154">
        <ele>6.4</ele>
      </trkpt>
      <trkpt lat="68.717582" lon="15.448683">
        <ele>6.9</ele>
      </trkpt>
      <trkpt lat="68.717824" lon="15.451939">
        <ele>11.1</ele>
      </trkpt>
      <trkpt lat="68.717924" lon="15.452721">
        <ele>12.2</ele>
      </trkpt>
      <trkpt lat="68.718212" lon="15.453959">
        <ele>13.5</ele>
      </trkpt>
      <trkpt lat="68.719650" lon="15.458297">
        <ele>20.3</ele>
      </trkpt>
      <trkpt lat="68.719940" lon="15.459774">
        <ele>27.4</ele>
      </trkpt>
      <trkpt lat="68.720346" lon="15.462637">
        <ele>38.3</ele>
      </trkpt>
      <trkpt lat="68.720630" lon="15.463640">
        <ele>33.7</ele>
      </trkpt>
      <trkpt lat="68.722872" lon="15.469512">
        <ele>7.3</ele>
      </trkpt>
      <trkpt lat="68.723654" lon="15.471660">
        <ele>1.7</ele>
      </trkpt>
      <trkpt lat="68.724859" lon="15.475328">
        <ele>0.8</ele>
      </trkpt>
      <trkpt lat="68.724995" lon="15.475800">
        <ele>0.8</ele>
      </trkpt>
      <trkpt lat="68.725151" lon="15.476668">
        <ele>0.9</ele>
      </trkpt>
      <trkpt lat="68.725172" lon="15.477817">
        <ele>1.7</ele>
      </trkpt>
      <trkpt lat="68.725029" lon="15.478843">
        <ele>2.9</ele>
      </trkpt>
      <trkpt lat="68.723419" lon="15.485624">
        <ele>3.7</ele>
      </trkpt>
      <trkpt lat="68.723163" lon="15.486881">
        <ele>4.5</ele>
      </trkpt>
      <trkpt lat="68.722994" lon="15.488855">
        <ele>4.5</ele>
      </trkpt>
      <trkpt lat="68.722935" lon="15.491713">
        <ele>3.3</ele>
      </trkpt>
      <trkpt lat="68.722779" lon="15.493033">
        <ele>3.4</ele>
      </trkpt>
      <trkpt lat="68.721502" lon="15.499804">
        <ele>4.6</ele>
      </trkpt>
      <trkpt lat="68.721378" lon="15.500714">
        <ele>5.6</ele>
      </trkpt>
      <trkpt lat="68.720857" lon="15.507608">
        <ele>6.1</ele>
      </trkpt>
      <trkpt lat="68.720914" lon="15.511104">
        <ele>6.6</ele>
      </trkpt>
      <trkpt lat="68.721361" lon="15.518665">
        <ele>7.1</ele>
      </trkpt>
      <trkpt lat="68.721489" lon="15.520250">
        <ele>6.1</ele>
      </trkpt>
      <trkpt lat="68.721706" lon="15.521743">
        <ele>5.2</ele>
      </trkpt>
      <trkpt lat="68.721923" lon="15.522526">
        <ele>3.8</ele>
      </trkpt>
      <trkpt lat="68.722080" lon="15.522941">
        <ele>2.5</ele>
      </trkpt>
      <trkpt lat="68.722578" lon="15.523786">
        <ele>0.9</ele>
      </trkpt>
      <trkpt lat="68.723001" lon="15.524084">
        <ele>2.2</ele>
      </trkpt>
      <trkpt lat="68.723175" lon="15.524108">
        <ele>2</ele>
      </trkpt>
      <trkpt lat="68.723877" lon="15.523927">
      </trkpt>
      <trkpt lat="68.726945" lon="15.522643">
        <ele>2</ele>
      </trkpt>
      <trkpt lat="68.727171" lon="15.522752">
        <ele>2</ele>
      </trkpt>
      <trkpt lat="68.729672" lon="15.521695">
        <ele>0.8</ele>
      </trkpt>
      <trkpt lat="68.730110" lon="15.521691">
        <ele>0.7</ele>
      </trkpt>
      <trkpt lat="68.730378" lon="15.521402">
        <ele>0.5</ele>
      </trkpt>
      <trkpt lat="68.731179" lon="15.521069">
        <ele>6.2</ele>
      </trkpt>
      <trkpt lat="68.732153" lon="15.520975">
        <ele>0.1</ele>
      </trkpt>
      <trkpt lat="68.733805" lon="15.521557">
        <ele>1.3</ele>
      </trkpt>
      <trkpt lat="68.734381" lon="15.521588">
        <ele>3.2</ele>
      </trkpt>
      <trkpt lat="68.734977" lon="15.521337">
        <ele>2</ele>
      </trkpt>
      <trkpt lat="68.736204" lon="15.520226">
        <ele>1</ele>
      </trkpt>
      <trkpt lat="68.736618" lon="15.519971">
        <ele>3</ele>
      </trkpt>
      <trkpt lat="68.736728" lon="15.519970">
        <ele>3.9</ele>
      </trkpt>
      <trkpt lat="68.736926" lon="15.519574">
        <ele>4</ele>
      </trkpt>
      <trkpt lat="68.737217" lon="15.519311">
        <ele>4.5</ele>
      </trkpt>
      <trkpt lat="68.737997" lon="15.519010">
        <ele>7.4</ele>
      </trkpt>
      <trkpt lat="68.741294" lon="15.518368">
        <ele>17.3</ele>
      </trkpt>
      <trkpt lat="68.741383" lon="15.518266">
        <ele>17.6</ele>
      </trkpt>
      <trkpt lat="68.741565" lon="15.517744">
        <ele>17.3</ele>
      </trkpt>
      <trkpt lat="68.741876" lon="15.517145">
        <ele>17.2</ele>
      </trkpt>
      <trkpt lat="68.742168" lon="15.516319">
        <ele>17.2</ele>
      </trkpt>
      <trkpt lat="68.743018" lon="15.512657">
        <ele>19.2</ele>
      </trkpt>
      <trkpt lat="68.743684" lon="15.509539">
        <ele>21.6</ele>
      </trkpt>
      <trkpt lat="68.744025" lon="15.508317">
        <ele>20.9</ele>
      </trkpt>
      <trkpt lat="68.745365" lon="15.505763">
        <ele>12.1</ele>
      </trkpt>
      <trkpt lat="68.746996" lon="15.504129">
        <ele>12.6</ele>
      </trkpt>
      <trkpt lat="68.747595" lon="15.503230">
        <ele>17.1</ele>
      </trkpt>
      <trkpt lat="68.747988" lon="15.502349">
        <ele>19.8</ele>
      </trkpt>
      <trkpt lat="68.749239" lon="15.497299">
        <ele>21.4</ele>
      </trkpt>
      <trkpt lat="68.750462" lon="15.491380">
        <ele>20.7</ele>
      </trkpt>
      <trkpt lat="68.750676" lon="15.490135">
        <ele>24.9</ele>
      </trkpt>
      <trkpt lat="68.750802" lon="15.488998">
        <ele>22.8</ele>
      </trkpt>
      <trkpt lat="68.751648" lon="15.479536">
        <ele>25.5</ele>
      </trkpt>
      <trkpt lat="68.751838" lon="15.477894">
        <ele>26.1</ele>
      </trkpt>
      <trkpt lat="68.751847" lon="15.477495">
        <ele>25.3</ele>
      </trkpt>
      <trkpt lat="68.751800" lon="15.476737">
        <ele>22</ele>
      </trkpt>
      <trkpt lat="68.751937" lon="15.475585">
        <ele>18.5</ele>
      </trkpt>
      <trkpt lat="68.752079" lon="15.474973">
        <ele>17</ele>
      </trkpt>
      <trkpt lat="68.752091" lon="15.474642">
        <ele>15.9</ele>
      </trkpt>
      <trkpt lat="68.753054" lon="15.471063">
        <ele>10.3</ele>
      </trkpt>
      <trkpt lat="68.753694" lon="15.468858">
        <ele>8.2</ele>
      </trkpt>
      <trkpt lat="68.754155" lon="15.467557">
        <ele>7.4</ele>
      </trkpt>
      <trkpt lat="68.754651" lon="15.466326">
        <ele>3</ele>
      </trkpt>
      <trkpt lat="68.754927" lon="15.465867">
        <ele>1.5</ele>
      </trkpt>
      <trkpt lat="68.755068" lon="15.465788">
        <ele>0.8</ele>
      </trkpt>
      <trkpt lat="68.755365" lon="15.465881">
        <ele>0.8</ele>
      </trkpt>
      <trkpt lat="68.755648" lon="15.466142">
        <ele>1.2</ele>
      </trkpt>
      <trkpt lat="68.756619" lon="15.467406">
        <ele>7</ele>
      </trkpt>
      <trkpt lat="68.757281" lon="15.467761">
        <ele>11.3</ele>
      </trkpt>
      <trkpt lat="68.758346" lon="15.467780">
        <ele>13.7</ele>
      </trkpt>
      <trkpt lat="68.758867" lon="15.467344">
        <ele>11.9</ele>
      </trkpt>
      <trkpt lat="68.760275" lon="15.465662">
        <ele>8.7</ele>
      </trkpt>
      <trkpt lat="68.761875" lon="15.465334">
        <ele>12.1</ele>
      </trkpt>
      <trkpt lat="68.764491" lon="15.462584">
        <ele>2.5</ele>
      </trkpt>
      <trkpt lat="68.764953" lon="15.462398">
        <ele>1.9</ele>
      </trkpt>
      <trkpt lat="68.765273" lon="15.462521">
        <ele>1.3</ele>
      </trkpt>
      <trkpt lat="68.765603" lon="15.462876">
        <ele>1.4</ele>
      </trkpt>
      <trkpt lat="68.766453" lon="15.464284">
        <ele>2.4</ele>
      </trkpt>
      <trkpt lat="68.767131" lon="15.466310">
        <ele>5.3</ele>
      </trkpt>
      <trkpt lat="68.767486" lon="15.466924">
        <ele>6</ele>
      </trkpt>
      <trkpt lat="68.767692" lon="15.467090">
        <ele>5.4</ele>
      </trkpt>
      <trkpt lat="68.768470" lon="15.467370">
        <ele>4.1</ele>
      </trkpt>
      <trkpt lat="68.768948" lon="15.467640">
        <ele>2.8</ele>
      </trkpt>
      <trkpt lat="68.769059" lon="15.467771">
        <ele>2.5</ele>
      </trkpt>
      <trkpt lat="68.770478" lon="15.470345">
        <ele>0.9</ele>
      </trkpt>
      <trkpt lat="68.771666" lon="15.473448">
        <ele>0.7</ele>
      </trkpt>
      <trkpt lat="68.773100" lon="15.478194">
        <ele>0.6</ele>
      </trkpt>
      <trkpt lat="68.773249" lon="15.478543">
        <ele>1</ele>
      </trkpt>
      <trkpt lat="68.774213" lon="15.480346">
        <ele>0.9</ele>
      </trkpt>
      <trkpt lat="68.775027" lon="15.481735">
        <ele>2.3</ele>
      </trkpt>
      <trkpt lat="68.775951" lon="15.482886">
        <ele>2.1</ele>
      </trkpt>
      <trkpt lat="68.776667" lon="15.483456">
        <ele>1.9</ele>
      </trkpt>
      <trkpt lat="68.777957" lon="15.483937">
        <ele>1.6</ele>
      </trkpt>
      <trkpt lat="68.778467" lon="15.484470">
        <ele>1.8</ele>
      </trkpt>
      <trkpt lat="68.780175" lon="15.486775">
        <ele>1.6</ele>
      </trkpt>
      <trkpt lat="68.780780" lon="15.487301">
        <ele>2.3</ele>
      </trkpt>
      <trkpt lat="68.785068" lon="15.489490">
        <ele>13.1</ele>
      </trkpt>
      <trkpt lat="68.786240" lon="15.490169">
        <ele>26.7</ele>
      </trkpt>
      <trkpt lat="68.786780" lon="15.490756">
        <ele>30</ele>
      </trkpt>
      <trkpt lat="68.787278" lon="15.491792">
        <ele>33.4</ele>
      </trkpt>
      <trkpt lat="68.789170" lon="15.498192">
        <ele>43.6</ele>
      </trkpt>
      <trkpt lat="68.794465" lon="15.513551">
        <ele>35</ele>
      </trkpt>
      <trkpt lat="68.794712" lon="15.514413">
        <ele>34.6</ele>
      </trkpt>
      <trkpt lat="68.795034" lon="15.515863">
        <ele>34</ele>
      </trkpt>
      <trkpt lat="68.797151" lon="15.530143">
        <ele>23.5</ele>
      </trkpt>
      <trkpt lat="68.797356" lon="15.531159">
        <ele>20.7</ele>
      </trkpt>
      <trkpt lat="68.797780" lon="15.532294">
        <ele>19.2</ele>
      </trkpt>
      <trkpt lat="68.799092" lon="15.534095">
        <ele>15.5</ele>
      </trkpt>
      <trkpt lat="68.800743" lon="15.536979">
        <ele>2.9</ele>
      </trkpt>
      <trkpt lat="68.801254" lon="15.538079">
        <ele>1.5</ele>
      </trkpt>
      <trkpt lat="68.801527" lon="15.539013">
        <ele>1.8</ele>
      </trkpt>
      <trkpt lat="68.801942" lon="15.540815">
        <ele>0.5</ele>
      </trkpt>
      <trkpt lat="68.802352" lon="15.543241">
        <ele>0.8</ele>
      </trkpt>
      <trkpt lat="68.802629" lon="15.544204">
        <ele>0.6</ele>
      </trkpt>
      <trkpt lat="68.802807" lon="15.544533">
        <ele>0.8</ele>
      </trkpt>
      <trkpt lat="68.802967" lon="15.544732">
        <ele>0.6</ele>
      </trkpt>
      <trkpt lat="68.803330" lon="15.544915">
        <ele>0.7</ele>
      </trkpt>
      <trkpt lat="68.804049" lon="15.544814">
        <ele>0.7</ele>
      </trkpt>
      <trkpt lat="68.804962" lon="15.545079">
        <ele>1</ele>
      </trkpt>
      <trkpt lat="68.805649" lon="15.545438">
        <ele>1.4</ele>
      </trkpt>
      <trkpt lat="68.806244" lon="15.545914">
        <ele>2.6</ele>
      </trkpt>
      <trkpt lat="68.806411" lon="15.545923">
        <ele>2.7</ele>
      </trkpt>
      <trkpt lat="68.807864" lon="15.544944">
        <ele>2.4</ele>
      </trkpt>
      <trkpt lat="68.810223" lon="15.544258">
        <ele>2.1</ele>
      </trkpt>
      <trkpt lat="68.812836" lon="15.543318">
        <ele>1.7</ele>
      </trkpt>
      <trkpt lat="68.812974" lon="15.543327">
        <ele>1.7</ele>
      </trkpt>
      <trkpt lat="68.813278" lon="15.543572">
        <ele>1.9</ele>
      </trkpt>
      <trkpt lat="68.813641" lon="15.544527">
        <ele>2.4</ele>
      </trkpt>
      <trkpt lat="68.819438" lon="15.565035">
        <ele>10.6</ele>
      </trkpt>
      <trkpt lat="68.819649" lon="15.566077">
        <ele>11</ele>
      </trkpt>
      <trkpt lat="68.819718" lon="15.566674">
        <ele>11.7</ele>
      </trkpt>
      <trkpt lat="68.819767" lon="15.567630">
        <ele>11.7</ele>
      </trkpt>
      <trkpt lat="68.819748" lon="15.568827">
        <ele>11.4</ele>
      </trkpt>
      <trkpt lat="68.819395" lon="15.574128">
        <ele>13.2</ele>
      </trkpt>
      <trkpt lat="68.818901" lon="15.580187">
        <ele>12.8</ele>
      </trkpt>
      <trkpt lat="68.816292" lon="15.608332">
        <ele>3.7</ele>
      </trkpt>
      <trkpt lat="68.816275" lon="15.609030">
        <ele>3.2</ele>
      </trkpt>
      <trkpt lat="68.816721" lon="15.620990">
        <ele>4.4</ele>
      </trkpt>
      <trkpt lat="68.816685" lon="15.622938">
        <ele>4.3</ele>
      </trkpt>
      <trkpt lat="68.816312" lon="15.629127">
        <ele>1.8</ele>
      </trkpt>
      <trkpt lat="68.816179" lon="15.630383">
        <ele>1.4</ele>
      </trkpt>
      <trkpt lat="68.815994" lon="15.631293">
        <ele>0.7</ele>
      </trkpt>
      <trkpt lat="68.815236" lon="15.633260">
        <ele>1</ele>
      </trkpt>
      <trkpt lat="68.815028" lon="15.634107">
        <ele>1.5</ele>
      </trkpt>
      <trkpt lat="68.814504" lon="15.637779">
        <ele>0.8</ele>
      </trkpt>
      <trkpt lat="68.814404" lon="15.638709">
        <ele>0.7</ele>
      </trkpt>
      <trkpt lat="68.814242" lon="15.641563">
        <ele>1.3</ele>
      </trkpt>
      <trkpt lat="68.813542" lon="15.648567">
        <ele>0.8</ele>
      </trkpt>
      <trkpt lat="68.813196" lon="15.654341">
        <ele>1.8</ele>
      </trkpt>
      <trkpt lat="68.813060" lon="15.656014">
        <ele>1.5</ele>
      </trkpt>
      <trkpt lat="68.812946" lon="15.656856">
        <ele>1.5</ele>
      </trkpt>
      <trkpt lat="68.812343" lon="15.660150">
        <ele>0.6</ele>
      </trkpt>
      <trkpt lat="68.812194" lon="15.661673">
        <ele>0.7</ele>
      </trkpt>
      <trkpt lat="68.812162" lon="15.663415">
        <ele>0.4</ele>
      </trkpt>
      <trkpt lat="68.812275" lon="15.665057">
        <ele>0.1</ele>
      </trkpt>
      <trkpt lat="68.812415" lon="15.665947">
        <ele>0.1</ele>
      </trkpt>
      <trkpt lat="68.815189" lon="15.678974">
        <ele>0.1</ele>
      </trkpt>
      <trkpt lat="68.815657" lon="15.680590">
        <ele>0.3</ele>
      </trkpt>
      <trkpt lat="68.816444" lon="15.682333">
        <ele>0.8</ele>
      </trkpt>
      <trkpt lat="68.817046" lon="15.683365">
        <ele>0.4</ele>
      </trkpt>
      <trkpt lat="68.818875" lon="15.685473">
        <ele>11.7</ele>
      </trkpt>
      <trkpt lat="68.819167" lon="15.685653">
        <ele>12.8</ele>
      </trkpt>
      <trkpt lat="68.819586" lon="15.685666">
        <ele>14.3</ele>
      </trkpt>
      <trkpt lat="68.825409" lon="15.682821">
        <ele>22.6</ele>
      </trkpt>
      <trkpt lat="68.825861" lon="15.682493">
        <ele>21.7</ele>
      </trkpt>
      <trkpt lat="68.826157" lon="15.682073">
        <ele>21.1</ele>
      </trkpt>
      <trkpt lat="68.826671" lon="15.680937">
        <ele>19.5</ele>
      </trkpt>
      <trkpt lat="68.826837" lon="15.680462">
        <ele>19.2</ele>
      </trkpt>
      <trkpt lat="68.830659" lon="15.668794">
        <ele>9.8</ele>
      </trkpt>
      <trkpt lat="68.831323" lon="15.666697">
        <ele>9.6</ele>
      </trkpt>
      <trkpt lat="68.831603" lon="15.665701">
        <ele>10.1</ele>
      </trkpt>
      <trkpt lat="68.831862" lon="15.664361">
        <ele>10.8</ele>
      </trkpt>
      <trkpt lat="68.832020" lon="15.662946">
        <ele>11.1</ele>
      </trkpt>
      <trkpt lat="68.833068" lon="15.648370">
        <ele>10.7</ele>
      </trkpt>
      <trkpt lat="68.833445" lon="15.645235">
        <ele>12.1</ele>
      </trkpt>
      <trkpt lat="68.834118" lon="15.635769">
        <ele>10.1</ele>
      </trkpt>
      <trkpt lat="68.834299" lon="15.633764">
        <ele>9.8</ele>
      </trkpt>
      <trkpt lat="68.836681" lon="15.617190">
        <ele>11.7</ele>
      </trkpt>
      <trkpt lat="68.837610" lon="15.610136">
        <ele>11.3</ele>
      </trkpt>
      <trkpt lat="68.838027" lon="15.608053">
        <ele>10.6</ele>
      </trkpt>
      <trkpt lat="68.838699" lon="15.605020">
        <ele>10.5</ele>
      </trkpt>
      <trkpt lat="68.839347" lon="15.602695">
        <ele>11.4</ele>
      </trkpt>
      <trkpt lat="68.841883" lon="15.595934">
        <ele>12.2</ele>
      </trkpt>
      <trkpt lat="68.842799" lon="15.592726">
        <ele>10.9</ele>
      </trkpt>
      <trkpt lat="68.843349" lon="15.591315">
        <ele>11.7</ele>
      </trkpt>
      <trkpt lat="68.847468" lon="15.582031">
        <ele>11.4</ele>
      </trkpt>
      <trkpt lat="68.856445" lon="15.561387">
        <ele>14</ele>
      </trkpt>
      <trkpt lat="68.857247" lon="15.560023">
        <ele>12.5</ele>
      </trkpt>
      <trkpt lat="68.857865" lon="15.559623">
        <ele>12.2</ele>
      </trkpt>
      <trkpt lat="68.858560" lon="15.559359">
        <ele>10.5</ele>
      </trkpt>
      <trkpt lat="68.859907" lon="15.558370">
        <ele>5</ele>
      </trkpt>
      <trkpt lat="68.860298" lon="15.558002">
        <ele>4</ele>
      </trkpt>
      <trkpt lat="68.861359" lon="15.556782">
        <ele>2</ele>
      </trkpt>
      <trkpt lat="68.862135" lon="15.556073">
        <ele>1.1</ele>
      </trkpt>
      <trkpt lat="68.862573" lon="15.555924">
        <ele>1.1</ele>
      </trkpt>
      <trkpt lat="68.862969" lon="15.555970">
        <ele>1.1</ele>
      </trkpt>
      <trkpt lat="68.864537" lon="15.556378">
        <ele>1.5</ele>
      </trkpt>
      <trkpt lat="68.865126" lon="15.556692">
        <ele>0.8</ele>
      </trkpt>
      <trkpt lat="68.867643" lon="15.558874">
        <ele>1.4</ele>
      </trkpt>
      <trkpt lat="68.868914" lon="15.560476">
        <ele>1.4</ele>
      </trkpt>
      <trkpt lat="68.869226" lon="15.560787">
        <ele>1.1</ele>
      </trkpt>
      <trkpt lat="68.870047" lon="15.561403">
        <ele>1</ele>
      </trkpt>
      <trkpt lat="68.876177" lon="15.567336">
        <ele>5.9</ele>
      </trkpt>
      <trkpt lat="68.877078" lon="15.568106">
        <ele>7.4</ele>
      </trkpt>
      <trkpt lat="68.885753" lon="15.572203">
        <ele>2.9</ele>
      </trkpt>
      <trkpt lat="68.886595" lon="15.572790">
        <ele>2.3</ele>
      </trkpt>
      <trkpt lat="68.887424" lon="15.573920">
        <ele>3.6</ele>
      </trkpt>
      <trkpt lat="68.887929" lon="15.574934">
        <ele>6.1</ele>
      </trkpt>
      <trkpt lat="68.888305" lon="15.575865">
        <ele>8.2</ele>
      </trkpt>
      <trkpt lat="68.889260" lon="15.579204">
        <ele>2.7</ele>
      </trkpt>
      <trkpt lat="68.889384" lon="15.579824">
        <ele>2.6</ele>
      </trkpt>
      <trkpt lat="68.889438" lon="15.580488">
        <ele>2.7</ele>
      </trkpt>
      <trkpt lat="68.889422" lon="15.581296">
        <ele>2.3</ele>
      </trkpt>
      <trkpt lat="68.889289" lon="15.582273">
        <ele>3.3</ele>
      </trkpt>
      <trkpt lat="68.888624" lon="15.584209">
        <ele>6.7</ele>
      </trkpt>
      <trkpt lat="68.887704" lon="15.586634">
        <ele>6.6</ele>
      </trkpt>
      <trkpt lat="68.887254" lon="15.587990">
        <ele>5.1</ele>
      </trkpt>
      <trkpt lat="68.886656" lon="15.590280">
        <ele>3.2</ele>
      </trkpt>
      <trkpt lat="68.886422" lon="15.590895">
        <ele>5.2</ele>
      </trkpt>
      <trkpt lat="68.885974" lon="15.591486">
        <ele>6.4</ele>
      </trkpt>
      <trkpt lat="68.884483" lon="15.592918">
        <ele>10.1</ele>
      </trkpt>
      <trkpt lat="68.884129" lon="15.593514">
        <ele>9.5</ele>
      </trkpt>
      <trkpt lat="68.883912" lon="15.594190">
        <ele>7.2</ele>
      </trkpt>
      <trkpt lat="68.883828" lon="15.594742">
        <ele>5.4</ele>
      </trkpt>
      <trkpt lat="68.883787" lon="15.595439">
        <ele>1.6</ele>
      </trkpt>
      <trkpt lat="68.883815" lon="15.596040">
        <ele>1.6</ele>
      </trkpt>
      <trkpt lat="68.883976" lon="15.597453">
        <ele>2.5</ele>
      </trkpt>
      <trkpt lat="68.884001" lon="15.598218">
        <ele>2.4</ele>
      </trkpt>
      <trkpt lat="68.883947" lon="15.600081">
        <ele>2.1</ele>
      </trkpt>
      <trkpt lat="68.884031" lon="15.601401">
        <ele>2.4</ele>
      </trkpt>
      <trkpt lat="68.885349" lon="15.613100">
        <ele>3.4</ele>
      </trkpt>
      <trkpt lat="68.885712" lon="15.621447">
        <ele>0.9</ele>
      </trkpt>
      <trkpt lat="68.885787" lon="15.622072">
        <ele>0.9</ele>
      </trkpt>
      <trkpt lat="68.885954" lon="15.622827">
        <ele>0.8</ele>
      </trkpt>
      <trkpt lat="68.886298" lon="15.623577">
        <ele>0.3</ele>
      </trkpt>
      <trkpt lat="68.886420" lon="15.623729">
        <ele>0.2</ele>
      </trkpt>
      <trkpt lat="68.886785" lon="15.623965">
        <ele>1</ele>
      </trkpt>
      <trkpt lat="68.888860" lon="15.624395">
        <ele>8.8</ele>
      </trkpt>
      <trkpt lat="68.889438" lon="15.624380">
        <ele>11.9</ele>
      </trkpt>
      <trkpt lat="68.890105" lon="15.624083">
        <ele>14.1</ele>
      </trkpt>
      <trkpt lat="68.890788" lon="15.623438">
        <ele>16.9</ele>
      </trkpt>
      <trkpt lat="68.891229" lon="15.622819">
        <ele>18.2</ele>
      </trkpt>
      <trkpt lat="68.891934" lon="15.621389">
        <ele>19.4</ele>
      </trkpt>
      <trkpt lat="68.893296" lon="15.617294">
        <ele>18.8</ele>
      </trkpt>
      <trkpt lat="68.894003" lon="15.615565">
        <ele>18</ele>
      </trkpt>
      <trkpt lat="68.894941" lon="15.614051">
        <ele>16.8</ele>
      </trkpt>
      <trkpt lat="68.895665" lon="15.613317">
        <ele>14.8</ele>
      </trkpt>
      <trkpt lat="68.896441" lon="15.612875">
        <ele>11.3</ele>
      </trkpt>
      <trkpt lat="68.897027" lon="15.612778">
        <ele>10.3</ele>
      </trkpt>
      <trkpt lat="68.903235" lon="15.613224">
        <ele>2.8</ele>
      </trkpt>
      <trkpt lat="68.905099" lon="15.613140">
        <ele>3.1</ele>
      </trkpt>
      <trkpt lat="68.909398" lon="15.613686">
        <ele>15.6</ele>
      </trkpt>
      <trkpt lat="68.912656" lon="15.613579">
        <ele>13.6</ele>
      </trkpt>
      <trkpt lat="68.913529" lon="15.613701">
        <ele>12.6</ele>
      </trkpt>
      <trkpt lat="68.914970" lon="15.614235">
        <ele>14.7</ele>
      </trkpt>
      <trkpt lat="68.915759" lon="15.614658">
        <ele>16.4</ele>
      </trkpt>
      <trkpt lat="68.922180" lon="15.618706">
        <ele>9</ele>
      </trkpt>
      <trkpt lat="68.922672" lon="15.619071">
        <ele>7.5</ele>
      </trkpt>
      <trkpt lat="68.923419" lon="15.619765">
        <ele>4.8</ele>
      </trkpt>
      <trkpt lat="68.924201" lon="15.620624">
        <ele>4.1</ele>
      </trkpt>
      <trkpt lat="68.927056" lon="15.625632">
        <ele>7.5</ele>
      </trkpt>
      <trkpt lat="68.927865" lon="15.626704">
        <ele>9.5</ele>
      </trkpt>
      <trkpt lat="68.938562" lon="15.636793">
        <ele>6.9</ele>
      </trkpt>
      <trkpt lat="68.939316" lon="15.637675">
        <ele>7.3</ele>
      </trkpt>
      <trkpt lat="68.941154" lon="15.640423">
        <ele>12.1</ele>
      </trkpt>
      <trkpt lat="68.941718" lon="15.640989">
        <ele>12.3</ele>
      </trkpt>
      <trkpt lat="68.943125" lon="15.641878">
        <ele>11.4</ele>
      </trkpt>
      <trkpt lat="68.947488" lon="15.646008">
        <ele>11.9</ele>
      </trkpt>
      <trkpt lat="68.948254" lon="15.646836">
        <ele>11.1</ele>
      </trkpt>
      <trkpt lat="68.948526" lon="15.647403">
        <ele>11.3</ele>
      </trkpt>
      <trkpt lat="68.948755" lon="15.648251">
        <ele>12</ele>
      </trkpt>
      <trkpt lat="68.950713" lon="15.659257">
        <ele>15.9</ele>
      </trkpt>
      <trkpt lat="68.950965" lon="15.660365">
        <ele>15.8</ele>
      </trkpt>
      <trkpt lat="68.951131" lon="15.660945">
        <ele>15.2</ele>
      </trkpt>
      <trkpt lat="68.951572" lon="15.662170">
        <ele>13.9</ele>
      </trkpt>
      <trkpt lat="68.952033" lon="15.663068">
        <ele>12.4</ele>
      </trkpt>
      <trkpt lat="68.952849" lon="15.664059">
        <ele>9.1</ele>
      </trkpt>
      <trkpt lat="68.953194" lon="15.664293">
        <ele>8.3</ele>
      </trkpt>
      <trkpt lat="68.953753" lon="15.664463">
        <ele>6.9</ele>
      </trkpt>
      <trkpt lat="68.954656" lon="15.664246">
        <ele>4.1</ele>
      </trkpt>
      <trkpt lat="68.955695" lon="15.663421">
        <ele>1.1</ele>
      </trkpt>
      <trkpt lat="68.956710" lon="15.662199">
        <ele>1.8</ele>
      </trkpt>
      <trkpt lat="68.957811" lon="15.660350">
        <ele>1.9</ele>
      </trkpt>
      <trkpt lat="68.958644" lon="15.658477">
        <ele>1.9</ele>
      </trkpt>
      <trkpt lat="68.959503" lon="15.655913">
        <ele>1.8</ele>
      </trkpt>
      <trkpt lat="68.966787" lon="15.631092">
        <ele>9.7</ele>
      </trkpt>
      <trkpt lat="68.967377" lon="15.629409">
        <ele>11.6</ele>
      </trkpt>
      <trkpt lat="68.968116" lon="15.627816">
        <ele>12.3</ele>
      </trkpt>
      <trkpt lat="68.968517" lon="15.627236">
        <ele>13.1</ele>
      </trkpt>
      <trkpt lat="68.968877" lon="15.626882">
        <ele>13.8</ele>
      </trkpt>
      <trkpt lat="68.969290" lon="15.626651">
        <ele>14</ele>
      </trkpt>
      <trkpt lat="68.969894" lon="15.626643">
        <ele>13.8</ele>
      </trkpt>
      <trkpt lat="68.970507" lon="15.627051">
        <ele>14.6</ele>
      </trkpt>
      <trkpt lat="68.970932" lon="15.627585">
        <ele>16</ele>
      </trkpt>
      <trkpt lat="68.972168" lon="15.629797">
        <ele>17</ele>
      </trkpt>
      <trkpt lat="68.972893" lon="15.630944">
        <ele>12.4</ele>
      </trkpt>
      <trkpt lat="68.975028" lon="15.633465">
        <ele>5.6</ele>
      </trkpt>
      <trkpt lat="68.975691" lon="15.634374">
        <ele>4.1</ele>
      </trkpt>
      <trkpt lat="68.976262" lon="15.635394">
        <ele>4.2</ele>
      </trkpt>
      <trkpt lat="68.977284" lon="15.637657">
        <ele>8</ele>
      </trkpt>
      <trkpt lat="68.977771" lon="15.638483">
        <ele>9.6</ele>
      </trkpt>
      <trkpt lat="68.978576" lon="15.639284">
        <ele>12</ele>
      </trkpt>
      <trkpt lat="68.981138" lon="15.640582">
        <ele>1.8</ele>
      </trkpt>
      <trkpt lat="68.981879" lon="15.641328">
        <ele>1</ele>
      </trkpt>
      <trkpt lat="68.982362" lon="15.642260">
        <ele>1.9</ele>
      </trkpt>
      <trkpt lat="68.982497" lon="15.642605">
        <ele>1.9</ele>
      </trkpt>
      <trkpt lat="68.983651" lon="15.646384">
        <ele>2.2</ele>
      </trkpt>
      <trkpt lat="68.985315" lon="15.650611">
        <ele>2.7</ele>
      </trkpt>
      <trkpt lat="68.985858" lon="15.652148">
        <ele>3.2</ele>
      </trkpt>
      <trkpt lat="68.988700" lon="15.648281">
        <ele>6.6</ele>
      </trkpt>
      <trkpt lat="68.999191" lon="15.634389">
        <ele>21</ele>
      </trkpt>
      <trkpt lat="68.999703" lon="15.633677">
        <ele>23</ele>
      </trkpt>
      <trkpt lat="68.999955" lon="15.633146">
        <ele>24.6</ele>
      </trkpt>
      <trkpt lat="69.000272" lon="15.631952">
        <ele>25</ele>
      </trkpt>
      <trkpt lat="69.000590" lon="15.630157">
        <ele>23.7</ele>
      </trkpt>
      <trkpt lat="69.003066" lon="15.614729">
        <ele>26.9</ele>
      </trkpt>
      <trkpt lat="69.006927" lon="15.590992">
        <ele>14.5</ele>
      </trkpt>
      <trkpt lat="69.007366" lon="15.588181">
        <ele>14.3</ele>
      </trkpt>
      <trkpt lat="69.007510" lon="15.586864">
        <ele>14.6</ele>
      </trkpt>
      <trkpt lat="69.009633" lon="15.564677">
        <ele>38</ele>
      </trkpt>
      <trkpt lat="69.009737" lon="15.563270">
        <ele>36.3</ele>
      </trkpt>
      <trkpt lat="69.009788" lon="15.559510">
        <ele>28.9</ele>
      </trkpt>
      <trkpt lat="69.009755" lon="15.558204">
        <ele>23.2</ele>
      </trkpt>
      <trkpt lat="69.008747" lon="15.549427">
        <ele>6.6</ele>
      </trkpt>
      <trkpt lat="69.008660" lon="15.548396">
        <ele>5.1</ele>
      </trkpt>
      <trkpt lat="69.008633" lon="15.547320">
        <ele>3.6</ele>
      </trkpt>
      <trkpt lat="69.009133" lon="15.528493">
        <ele>9.8</ele>
      </trkpt>
      <trkpt lat="69.009223" lon="15.527233">
        <ele>10</ele>
      </trkpt>
      <trkpt lat="69.009530" lon="15.525703">
        <ele>10</ele>
      </trkpt>
      <trkpt lat="69.011271" lon="15.518200">
        <ele>10.5</ele>
      </trkpt>
      <trkpt lat="69.011578" lon="15.517502">
        <ele>11</ele>
      </trkpt>
      <trkpt lat="69.013601" lon="15.515307">
        <ele>11.8</ele>
      </trkpt>
      <trkpt lat="69.015031" lon="15.513131">
        <ele>13.4</ele>
      </trkpt>
      <trkpt lat="69.015489" lon="15.512780">
        <ele>13.7</ele>
      </trkpt>
      <trkpt lat="69.016141" lon="15.512840">
        <ele>13.7</ele>
      </trkpt>
      <trkpt lat="69.016428" lon="15.513028">
        <ele>13.4</ele>
      </trkpt>
      <trkpt lat="69.018700" lon="15.514974">
        <ele>13.1</ele>
      </trkpt>
      <trkpt lat="69.019038" lon="15.515110">
        <ele>13.2</ele>
      </trkpt>
      <trkpt lat="69.019521" lon="15.515035">
        <ele>13.6</ele>
      </trkpt>
      <trkpt lat="69.020510" lon="15.514479">
        <ele>14</ele>
      </trkpt>
      <trkpt lat="69.021141" lon="15.514587">
        <ele>14</ele>
      </trkpt>
      <trkpt lat="69.022734" lon="15.515220">
        <ele>14.9</ele>
      </trkpt>
      <trkpt lat="69.023558" lon="15.515885">
        <ele>15.4</ele>
      </trkpt>
      <trkpt lat="69.024898" lon="15.517531">
        <ele>17.7</ele>
      </trkpt>
      <trkpt lat="69.025552" lon="15.518502">
        <ele>19</ele>
      </trkpt>
      <trkpt lat="69.030578" lon="15.526489">
        <ele>16.9</ele>
      </trkpt>
      <trkpt lat="69.032349" lon="15.528813">
        <ele>16.6</ele>
      </trkpt>
      <trkpt lat="69.032677" lon="15.528950">
        <ele>17</ele>
      </trkpt>
      <trkpt lat="69.032833" lon="15.528905">
        <ele>17.1</ele>
      </trkpt>
      <trkpt lat="69.033120" lon="15.528589">
        <ele>16.3</ele>
      </trkpt>
      <trkpt lat="69.033478" lon="15.527905">
        <ele>15.7</ele>
      </trkpt>
      <trkpt lat="69.037905" lon="15.518881">
        <ele>10.4</ele>
      </trkpt>
      <trkpt lat="69.038572" lon="15.517642">
        <ele>9.1</ele>
      </trkpt>
      <trkpt lat="69.039639" lon="15.516388">
        <ele>7.5</ele>
      </trkpt>
      <trkpt lat="69.040006" lon="15.516150">
        <ele>7.2</ele>
      </trkpt>
      <trkpt lat="69.042384" lon="15.515504">
        <ele>6.5</ele>
      </trkpt>
      <trkpt lat="69.041654" lon="15.515699">
        <ele>6.9</ele>
      </trkpt>
      <trkpt lat="69.043470" lon="15.515295">
        <ele>6.2</ele>
      </trkpt>
      <trkpt lat="69.044397" lon="15.515273">
        <ele>5.8</ele>
      </trkpt>
      <trkpt lat="69.045058" lon="15.515374">
        <ele>5.2</ele>
      </trkpt>
      <trkpt lat="69.045685" lon="15.515605">
        <ele>5.4</ele>
      </trkpt>
      <trkpt lat="69.046328" lon="15.516105">
        <ele>5.6</ele>
      </trkpt>
      <trkpt lat="69.047038" lon="15.516940">
        <ele>5.6</ele>
      </trkpt>
      <trkpt lat="69.047526" lon="15.517759">
        <ele>5.9</ele>
      </trkpt>
      <trkpt lat="69.050226" lon="15.523506">
        <ele>10.8</ele>
      </trkpt>
      <trkpt lat="69.051663" lon="15.525259">
        <ele>13.7</ele>
      </trkpt>
      <trkpt lat="69.052232" lon="15.525877">
        <ele>11.9</ele>
      </trkpt>
      <trkpt lat="69.054600" lon="15.527480">
        <ele>4.8</ele>
      </trkpt>
      <trkpt lat="69.055299" lon="15.528286">
        <ele>4</ele>
      </trkpt>
      <trkpt lat="69.058084" lon="15.531975">
        <ele>2.9</ele>
      </trkpt>
      <trkpt lat="69.063346" lon="15.536911">
        <ele>5</ele>
      </trkpt>
      <trkpt lat="69.067007" lon="15.540238">
        <ele>9.9</ele>
      </trkpt>
      <trkpt lat="69.067453" lon="15.540675">
        <ele>8.9</ele>
      </trkpt>
      <trkpt lat="69.068673" lon="15.542200">
        <ele>7.3</ele>
      </trkpt>
      <trkpt lat="69.069484" lon="15.543736">
        <ele>4.4</ele>
      </trkpt>
      <trkpt lat="69.071723" lon="15.550503">
        <ele>2.8</ele>
      </trkpt>
      <trkpt lat="69.072415" lon="15.552250">
        <ele>5.1</ele>
      </trkpt>
      <trkpt lat="69.073248" lon="15.554100">
        <ele>6.2</ele>
      </trkpt>
      <trkpt lat="69.073784" lon="15.555068">
        <ele>6.1</ele>
      </trkpt>
      <trkpt lat="69.076629" lon="15.558213">
        <ele>2.7</ele>
      </trkpt>
      <trkpt lat="69.077020" lon="15.558943">
        <ele>2.8</ele>
      </trkpt>
      <trkpt lat="69.077393" lon="15.559910">
        <ele>2.6</ele>
      </trkpt>
      <trkpt lat="69.078028" lon="15.562046">
        <ele>1.6</ele>
      </trkpt>
      <trkpt lat="69.078429" lon="15.563624">
        <ele>1.6</ele>
      </trkpt>
      <trkpt lat="69.078681" lon="15.564470">
        <ele>1.4</ele>
      </trkpt>
      <trkpt lat="69.079124" lon="15.565372">
        <ele>1.3</ele>
      </trkpt>
      <trkpt lat="69.079443" lon="15.565704">
        <ele>1.4</ele>
      </trkpt>
      <trkpt lat="69.079913" lon="15.565709">
        <ele>1.1</ele>
      </trkpt>
      <trkpt lat="69.080871" lon="15.565300">
        <ele>1.1</ele>
      </trkpt>
      <trkpt lat="69.081992" lon="15.564431">
        <ele>2.4</ele>
      </trkpt>
      <trkpt lat="69.082227" lon="15.564146">
        <ele>2.8</ele>
      </trkpt>
      <trkpt lat="69.082801" lon="15.563028">
        <ele>4.1</ele>
      </trkpt>
      <trkpt lat="69.083332" lon="15.561807">
        <ele>5.7</ele>
      </trkpt>
      <trkpt lat="69.083832" lon="15.560337">
        <ele>4.8</ele>
      </trkpt>
      <trkpt lat="69.084318" lon="15.558630">
        <ele>4.6</ele>
      </trkpt>
      <trkpt lat="69.084737" lon="15.557318">
        <ele>3.4</ele>
      </trkpt>
      <trkpt lat="69.085002" lon="15.556760">
        <ele>3.2</ele>
      </trkpt>
      <trkpt lat="69.085212" lon="15.556545">
        <ele>3</ele>
      </trkpt>
      <trkpt lat="69.085464" lon="15.556442">
        <ele>3.6</ele>
      </trkpt>
      <trkpt lat="69.087119" lon="15.556606">
        <ele>6.4</ele>
      </trkpt>
      <trkpt lat="69.087715" lon="15.556766">
        <ele>6</ele>
      </trkpt>
      <trkpt lat="69.087911" lon="15.556985">
        <ele>6.4</ele>
      </trkpt>
      <trkpt lat="69.088147" lon="15.557476">
        <ele>7</ele>
      </trkpt>
      <trkpt lat="69.088318" lon="15.558141">
        <ele>7.4</ele>
      </trkpt>
      <trkpt lat="69.088711" lon="15.560625">
        <ele>7</ele>
      </trkpt>
      <trkpt lat="69.089102" lon="15.562217">
        <ele>6</ele>
      </trkpt>
      <trkpt lat="69.089559" lon="15.563472">
        <ele>3.4</ele>
      </trkpt>
      <trkpt lat="69.089848" lon="15.564039">
        <ele>4</ele>
      </trkpt>
      <trkpt lat="69.090509" lon="15.564875">
        <ele>6.5</ele>
      </trkpt>
      <trkpt lat="69.090856" lon="15.565108">
        <ele>9.1</ele>
      </trkpt>
      <trkpt lat="69.091783" lon="15.565238">
        <ele>10.8</ele>
      </trkpt>
      <trkpt lat="69.091986" lon="15.565366">
        <ele>11.3</ele>
      </trkpt>
      <trkpt lat="69.092240" lon="15.565978">
        <ele>13.9</ele>
      </trkpt>
      <trkpt lat="69.092623" lon="15.566654">
        <ele>14.8</ele>
      </trkpt>
      <trkpt lat="69.093191" lon="15.567140">
        <ele>7.8</ele>
      </trkpt>
      <trkpt lat="69.094148" lon="15.569057">
        <ele>10.5</ele>
      </trkpt>
      <trkpt lat="69.094596" lon="15.569380">
        <ele>7.8</ele>
      </trkpt>
      <trkpt lat="69.094844" lon="15.569343">
        <ele>8</ele>
      </trkpt>
      <trkpt lat="69.095117" lon="15.569115">
        <ele>10.4</ele>
      </trkpt>
      <trkpt lat="69.096664" lon="15.566914">
        <ele>22</ele>
      </trkpt>
      <trkpt lat="69.098637" lon="15.563121">
        <ele>15.5</ele>
      </trkpt>
      <trkpt lat="69.098866" lon="15.562788">
        <ele>12.5</ele>
      </trkpt>
      <trkpt lat="69.099092" lon="15.562629">
        <ele>14.9</ele>
      </trkpt>
      <trkpt lat="69.100050" lon="15.562761">
        <ele>17.9</ele>
      </trkpt>
      <trkpt lat="69.100380" lon="15.562990">
        <ele>17.9</ele>
      </trkpt>
      <trkpt lat="69.101136" lon="15.564746">
        <ele>38</ele>
      </trkpt>
      <trkpt lat="69.101786" lon="15.565283">
        <ele>23.2</ele>
      </trkpt>
      <trkpt lat="69.102050" lon="15.565665">
        <ele>19</ele>
      </trkpt>
      <trkpt lat="69.103239" lon="15.569298">
        <ele>14.8</ele>
      </trkpt>
      <trkpt lat="69.103793" lon="15.571758">
        <ele>21.6</ele>
      </trkpt>
      <trkpt lat="69.104972" lon="15.576667">
        <ele>18.6</ele>
      </trkpt>
      <trkpt lat="69.105188" lon="15.578180">
        <ele>15.9</ele>
      </trkpt>
      <trkpt lat="69.105233" lon="15.579035">
        <ele>12</ele>
      </trkpt>
      <trkpt lat="69.105228" lon="15.580209">
        <ele>14.8</ele>
      </trkpt>
      <trkpt lat="69.105083" lon="15.583114">
        <ele>12.5</ele>
      </trkpt>
      <trkpt lat="69.105084" lon="15.584407">
        <ele>9</ele>
      </trkpt>
      <trkpt lat="69.105214" lon="15.585468">
        <ele>10.2</ele>
      </trkpt>
      <trkpt lat="69.107414" lon="15.595832">
        <ele>5</ele>
      </trkpt>
      <trkpt lat="69.107647" lon="15.596788">
        <ele>4.1</ele>
      </trkpt>
      <trkpt lat="69.108143" lon="15.598434">
        <ele>4</ele>
      </trkpt>
      <trkpt lat="69.108326" lon="15.599638">
        <ele>4.2</ele>
      </trkpt>
      <trkpt lat="69.108609" lon="15.602635">
        <ele>4</ele>
      </trkpt>
      <trkpt lat="69.109047" lon="15.605387">
        <ele>4.4</ele>
      </trkpt>
      <trkpt lat="69.109243" lon="15.606165">
        <ele>4.2</ele>
      </trkpt>
      <trkpt lat="69.109512" lon="15.606731">
        <ele>3.6</ele>
      </trkpt>
      <trkpt lat="69.112328" lon="15.610887">
        <ele>1.5</ele>
      </trkpt>
      <trkpt lat="69.113280" lon="15.612654">
        <ele>2.2</ele>
      </trkpt>
      <trkpt lat="69.115593" lon="15.615683">
        <ele>2.4</ele>
      </trkpt>
      <trkpt lat="69.116297" lon="15.616132">
        <ele>1.7</ele>
      </trkpt>
      <trkpt lat="69.117026" lon="15.616062">
        <ele>1.3</ele>
      </trkpt>
      <trkpt lat="69.120337" lon="15.615044">
        <ele>2.3</ele>
      </trkpt>
      <trkpt lat="69.121022" lon="15.615231">
        <ele>1.7</ele>
      </trkpt>
      <trkpt lat="69.121279" lon="15.615418">
        <ele>1.4</ele>
      </trkpt>
      <trkpt lat="69.121623" lon="15.615900">
        <ele>1.1</ele>
      </trkpt>
      <trkpt lat="69.121931" lon="15.616697">
        <ele>1.5</ele>
      </trkpt>
      <trkpt lat="69.124426" lon="15.628306">
        <ele>3.9</ele>
      </trkpt>
      <trkpt lat="69.124656" lon="15.629756">
        <ele>3.7</ele>
      </trkpt>
      <trkpt lat="69.124798" lon="15.631612">
        <ele>4.3</ele>
      </trkpt>
      <trkpt lat="69.125285" lon="15.639506">
        <ele>9.6</ele>
      </trkpt>
      <trkpt lat="69.125517" lon="15.641208">
        <ele>10.1</ele>
      </trkpt>
      <trkpt lat="69.127318" lon="15.650406">
        <ele>10.1</ele>
      </trkpt>
      <trkpt lat="69.127544" lon="15.652036">
        <ele>9.6</ele>
      </trkpt>
      <trkpt lat="69.127653" lon="15.653408">
        <ele>7.4</ele>
      </trkpt>
      <trkpt lat="69.127849" lon="15.657801">
        <ele>4</ele>
      </trkpt>
      <trkpt lat="69.127936" lon="15.662680">
        <ele>4.1</ele>
      </trkpt>
      <trkpt lat="69.128042" lon="15.663648">
        <ele>3.7</ele>
      </trkpt>
      <trkpt lat="69.128167" lon="15.664320">
        <ele>3.5</ele>
      </trkpt>
      <trkpt lat="69.128488" lon="15.665698">
        <ele>3.4</ele>
      </trkpt>
      <trkpt lat="69.128770" lon="15.666708">
        <ele>3.9</ele>
      </trkpt>
      <trkpt lat="69.129438" lon="15.668466">
        <ele>7</ele>
      </trkpt>
      <trkpt lat="69.130648" lon="15.671177">
        <ele>5.1</ele>
      </trkpt>
      <trkpt lat="69.130785" lon="15.671383">
        <ele>4.8</ele>
      </trkpt>
      <trkpt lat="69.132855" lon="15.674115">
        <ele>5.2</ele>
      </trkpt>
      <trkpt lat="69.133623" lon="15.674875">
        <ele>4.2</ele>
      </trkpt>
      <trkpt lat="69.133797" lon="15.674870">
        <ele>4</ele>
      </trkpt>
      <trkpt lat="69.134601" lon="15.673865">
        <ele>3.1</ele>
      </trkpt>
      <trkpt lat="69.135050" lon="15.673823">
        <ele>3.5</ele>
      </trkpt>
      <trkpt lat="69.135260" lon="15.673972">
        <ele>4</ele>
      </trkpt>
      <trkpt lat="69.135498" lon="15.674314">
        <ele>4.5</ele>
      </trkpt>
      <trkpt lat="69.135946" lon="15.675547">
        <ele>4.8</ele>
      </trkpt>
      <trkpt lat="69.136542" lon="15.676806">
        <ele>3.9</ele>
      </trkpt>
      <trkpt lat="69.136562" lon="15.677063">
        <ele>3.8</ele>
      </trkpt>
      <trkpt lat="69.136364" lon="15.679330">
        <ele>7.2</ele>
      </trkpt>
      <trkpt lat="69.136362" lon="15.681740">
        <ele>8.5</ele>
      </trkpt>
      <trkpt lat="69.137294" lon="15.727179">
        <ele>6.9</ele>
      </trkpt>
      <trkpt lat="69.137367" lon="15.728839">
        <ele>7.6</ele>
      </trkpt>
      <trkpt lat="69.137474" lon="15.729569">
        <ele>8.1</ele>
      </trkpt>
      <trkpt lat="69.137649" lon="15.730449">
        <ele>8.5</ele>
      </trkpt>
      <trkpt lat="69.140058" lon="15.738994">
        <ele>6.7</ele>
      </trkpt>
      <trkpt lat="69.140452" lon="15.740589">
        <ele>5.9</ele>
      </trkpt>
      <trkpt lat="69.141530" lon="15.746255">
        <ele>3</ele>
      </trkpt>
      <trkpt lat="69.142897" lon="15.754072">
        <ele>4.4</ele>
      </trkpt>
      <trkpt lat="69.143175" lon="15.755302">
        <ele>3.7</ele>
      </trkpt>
      <trkpt lat="69.143754" lon="15.757347">
        <ele>2.1</ele>
      </trkpt>
      <trkpt lat="69.147545" lon="15.769992">
        <ele>2.6</ele>
      </trkpt>
      <trkpt lat="69.153252" lon="15.791383">
        <ele>3.9</ele>
      </trkpt>
      <trkpt lat="69.153820" lon="15.793175">
        <ele>3</ele>
      </trkpt>
      <trkpt lat="69.154174" lon="15.794080">
        <ele>3.5</ele>
      </trkpt>
      <trkpt lat="69.155405" lon="15.796792">
        <ele>3.4</ele>
      </trkpt>
      <trkpt lat="69.158401" lon="15.803117">
        <ele>1.6</ele>
      </trkpt>
      <trkpt lat="69.162989" lon="15.812994">
        <ele>1.4</ele>
      </trkpt>
      <trkpt lat="69.163520" lon="15.813993">
        <ele>0.3</ele>
      </trkpt>
      <trkpt lat="69.164359" lon="15.815205">
        <ele>4.3</ele>
      </trkpt>
      <trkpt lat="69.164969" lon="15.815772">
        <ele>4.3</ele>
      </trkpt>
      <trkpt lat="69.167666" lon="15.817697">
        <ele>1.1</ele>
      </trkpt>
      <trkpt lat="69.168270" lon="15.817980">
        <ele>1</ele>
      </trkpt>
      <trkpt lat="69.169501" lon="15.818140">
        <ele>1</ele>
      </trkpt>
      <trkpt lat="69.177135" lon="15.818377">
        <ele>0.9</ele>
      </trkpt>
      <trkpt lat="69.178085" lon="15.818521">
        <ele>0.9</ele>
      </trkpt>
      <trkpt lat="69.180296" lon="15.819812">
        <ele>2.3</ele>
      </trkpt>
      <trkpt lat="69.181259" lon="15.820489">
        <ele>4.2</ele>
      </trkpt>
      <trkpt lat="69.181786" lon="15.821146">
        <ele>4.3</ele>
      </trkpt>
      <trkpt lat="69.182079" lon="15.821712">
        <ele>4.5</ele>
      </trkpt>
      <trkpt lat="69.183845" lon="15.825850">
        <ele>4.7</ele>
      </trkpt>
      <trkpt lat="69.184332" lon="15.826788">
        <ele>3.6</ele>
      </trkpt>
      <trkpt lat="69.184776" lon="15.827277">
        <ele>2.7</ele>
      </trkpt>
      <trkpt lat="69.190456" lon="15.831644">
        <ele>4.5</ele>
      </trkpt>
      <trkpt lat="69.190769" lon="15.831940">
        <ele>4.7</ele>
      </trkpt>
      <trkpt lat="69.191331" lon="15.832758">
        <ele>4.9</ele>
      </trkpt>
      <trkpt lat="69.191676" lon="15.833501">
        <ele>4.7</ele>
      </trkpt>
      <trkpt lat="69.194152" lon="15.839228">
        <ele>1.8</ele>
      </trkpt>
      <trkpt lat="69.194965" lon="15.841215">
        <ele>1.2</ele>
      </trkpt>
      <trkpt lat="69.195699" lon="15.843569">
        <ele>1</ele>
      </trkpt>
      <trkpt lat="69.196254" lon="15.846269">
        <ele>1.1</ele>
      </trkpt>
      <trkpt lat="69.196632" lon="15.848523">
        <ele>1</ele>
      </trkpt>
      <trkpt lat="69.197222" lon="15.851507">
        <ele>1.2</ele>
      </trkpt>
      <trkpt lat="69.197520" lon="15.852540">
        <ele>1</ele>
      </trkpt>
      <trkpt lat="69.198258" lon="15.854542">
        <ele>1.1</ele>
      </trkpt>
      <trkpt lat="69.199023" lon="15.856006">
        <ele>1.1</ele>
      </trkpt>
      <trkpt lat="69.200652" lon="15.858312">
        <ele>1.2</ele>
      </trkpt>
      <trkpt lat="69.203675" lon="15.862404">
        <ele>1</ele>
      </trkpt>
      <trkpt lat="69.204283" lon="15.862687">
        <ele>1.1</ele>
      </trkpt>
      <trkpt lat="69.204500" lon="15.862674">
        <ele>1.1</ele>
      </trkpt>
      <trkpt lat="69.207029" lon="15.861730">
        <ele>1.7</ele>
      </trkpt>
      <trkpt lat="69.207406" lon="15.861759">
        <ele>2.2</ele>
      </trkpt>
      <trkpt lat="69.207731" lon="15.862015">
        <ele>2.9</ele>
      </trkpt>
      <trkpt lat="69.208408" lon="15.862741">
        <ele>4.1</ele>
      </trkpt>
      <trkpt lat="69.209999" lon="15.864547">
        <ele>5.1</ele>
      </trkpt>
      <trkpt lat="69.211008" lon="15.866392">
        <ele>5.2</ele>
      </trkpt>
      <trkpt lat="69.211508" lon="15.867664">
        <ele>8.1</ele>
      </trkpt>
      <trkpt lat="69.211908" lon="15.869427">
        <ele>13.3</ele>
      </trkpt>
      <trkpt lat="69.212014" lon="15.870192">
        <ele>14.1</ele>
      </trkpt>
      <trkpt lat="69.212171" lon="15.871770">
        <ele>14.9</ele>
      </trkpt>
      <trkpt lat="69.212589" lon="15.878277">
        <ele>16.2</ele>
      </trkpt>
      <trkpt lat="69.213118" lon="15.883454">
        <ele>18.6</ele>
      </trkpt>
      <trkpt lat="69.214329" lon="15.899801">
        <ele>19.3</ele>
      </trkpt>
      <trkpt lat="69.214620" lon="15.901837">
        <ele>23.1</ele>
      </trkpt>
      <trkpt lat="69.215329" lon="15.905255">
        <ele>26.9</ele>
      </trkpt>
      <trkpt lat="69.216649" lon="15.911296">
        <ele>36.4</ele>
      </trkpt>
      <trkpt lat="69.217165" lon="15.913290">
        <ele>33.7</ele>
      </trkpt>
      <trkpt lat="69.217902" lon="15.915500">
        <ele>30.8</ele>
      </trkpt>
      <trkpt lat="69.218853" lon="15.918074">
        <ele>28.8</ele>
      </trkpt>
      <trkpt lat="69.226547" lon="15.934704">
        <ele>34.6</ele>
      </trkpt>
      <trkpt lat="69.228236" lon="15.938127">
        <ele>38.1</ele>
      </trkpt>
      <trkpt lat="69.228917" lon="15.939324">
        <ele>38.8</ele>
      </trkpt>
      <trkpt lat="69.229563" lon="15.940190">
        <ele>38.7</ele>
      </trkpt>
      <trkpt lat="69.234205" lon="15.945275">
        <ele>57.3</ele>
      </trkpt>
      <trkpt lat="69.234454" lon="15.945677">
        <ele>59.5</ele>
      </trkpt>
      <trkpt lat="69.234825" lon="15.946535">
        <ele>63.3</ele>
      </trkpt>
      <trkpt lat="69.238698" lon="15.956634">
        <ele>52.3</ele>
      </trkpt>
      <trkpt lat="69.239555" lon="15.958388">
        <ele>45.2</ele>
      </trkpt>
      <trkpt lat="69.240226" lon="15.959561">
        <ele>43</ele>
      </trkpt>
      <trkpt lat="69.240754" lon="15.960736">
        <ele>42</ele>
      </trkpt>
      <trkpt lat="69.242292" lon="15.964717">
        <ele>35.2</ele>
      </trkpt>
      <trkpt lat="69.242471" lon="15.965254">
        <ele>33.4</ele>
      </trkpt>
      <trkpt lat="69.242719" lon="15.966229">
        <ele>32.2</ele>
      </trkpt>
      <trkpt lat="69.243404" lon="15.969754">
        <ele>26.7</ele>
      </trkpt>
      <trkpt lat="69.243613" lon="15.970271">
        <ele>25.8</ele>
      </trkpt>
      <trkpt lat="69.243939" lon="15.970685">
        <ele>24.6</ele>
      </trkpt>
      <trkpt lat="69.244254" lon="15.970754">
        <ele>21.8</ele>
      </trkpt>
      <trkpt lat="69.244612" lon="15.970675">
        <ele>21.4</ele>
      </trkpt>
      <trkpt lat="69.246349" lon="15.969844">
        <ele>22.4</ele>
      </trkpt>
      <trkpt lat="69.247305" lon="15.969063">
        <ele>21.6</ele>
      </trkpt>
      <trkpt lat="69.248211" lon="15.968655">
        <ele>21.8</ele>
      </trkpt>
      <trkpt lat="69.248675" lon="15.968269">
        <ele>23.3</ele>
      </trkpt>
      <trkpt lat="69.249495" lon="15.967125">
        <ele>25.9</ele>
      </trkpt>
      <trkpt lat="69.249961" lon="15.966227">
        <ele>25.9</ele>
      </trkpt>
      <trkpt lat="69.251071" lon="15.964737">
        <ele>28</ele>
      </trkpt>
      <trkpt lat="69.252460" lon="15.962480">
        <ele>23.4</ele>
      </trkpt>
      <trkpt lat="69.253482" lon="15.960149">
        <ele>24.5</ele>
      </trkpt>
      <trkpt lat="69.254325" lon="15.958095">
        <ele>22.5</ele>
      </trkpt>
      <trkpt lat="69.254777" lon="15.957495">
        <ele>25.2</ele>
      </trkpt>
      <trkpt lat="69.255868" lon="15.957103">
        <ele>33.7</ele>
      </trkpt>
      <trkpt lat="69.256018" lon="15.957169">
        <ele>35.6</ele>
      </trkpt>
      <trkpt lat="69.256195" lon="15.957509">
        <ele>36.7</ele>
      </trkpt>
      <trkpt lat="69.256288" lon="15.958048">
        <ele>37.4</ele>
      </trkpt>
      <trkpt lat="69.256219" lon="15.959893">
        <ele>38.5</ele>
      </trkpt>
      <trkpt lat="69.256375" lon="15.961460">
        <ele>38</ele>
      </trkpt>
      <trkpt lat="69.256674" lon="15.963002">
        <ele>38</ele>
      </trkpt>
      <trkpt lat="69.257049" lon="15.964198">
        <ele>38.4</ele>
      </trkpt>
      <trkpt lat="69.257519" lon="15.965220">
        <ele>39.2</ele>
      </trkpt>
      <trkpt lat="69.257844" lon="15.965511">
        <ele>40</ele>
      </trkpt>
      <trkpt lat="69.258117" lon="15.965473">
        <ele>40.4</ele>
      </trkpt>
      <trkpt lat="69.258888" lon="15.964900">
        <ele>38</ele>
      </trkpt>
      <trkpt lat="69.259992" lon="15.965468">
        <ele>27.4</ele>
      </trkpt>
      <trkpt lat="69.260648" lon="15.965449">
        <ele>26</ele>
      </trkpt>
      <trkpt lat="69.260949" lon="15.965244">
        <ele>26.3</ele>
      </trkpt>
      <trkpt lat="69.261561" lon="15.964343">
        <ele>26.7</ele>
      </trkpt>
      <trkpt lat="69.261703" lon="15.964028">
        <ele>27.3</ele>
      </trkpt>
      <trkpt lat="69.262188" lon="15.962534">
        <ele>31</ele>
      </trkpt>
      <trkpt lat="69.262591" lon="15.960622">
        <ele>29.3</ele>
      </trkpt>
      <trkpt lat="69.262773" lon="15.959985">
        <ele>26.4</ele>
      </trkpt>
      <trkpt lat="69.264050" lon="15.957932">
        <ele>25.3</ele>
      </trkpt>
      <trkpt lat="69.264839" lon="15.957496">
        <ele>22.6</ele>
      </trkpt>
      <trkpt lat="69.265328" lon="15.957395">
        <ele>22.3</ele>
      </trkpt>
      <trkpt lat="69.265656" lon="15.957598">
        <ele>21.8</ele>
      </trkpt>
      <trkpt lat="69.266487" lon="15.958888">
        <ele>29.8</ele>
      </trkpt>
      <trkpt lat="69.267915" lon="15.960284">
        <ele>35.5</ele>
      </trkpt>
      <trkpt lat="69.268334" lon="15.960812">
        <ele>38</ele>
      </trkpt>
      <trkpt lat="69.268696" lon="15.961149">
        <ele>39.3</ele>
      </trkpt>
      <trkpt lat="69.268985" lon="15.961131">
        <ele>39.8</ele>
      </trkpt>
      <trkpt lat="69.269189" lon="15.960958">
        <ele>39.9</ele>
      </trkpt>
      <trkpt lat="69.269604" lon="15.960190">
        <ele>39.2</ele>
      </trkpt>
      <trkpt lat="69.270239" lon="15.958310">
        <ele>29.8</ele>
      </trkpt>
      <trkpt lat="69.270664" lon="15.957322">
        <ele>25.2</ele>
      </trkpt>
      <trkpt lat="69.271059" lon="15.956660">
        <ele>21.9</ele>
      </trkpt>
      <trkpt lat="69.271395" lon="15.956216">
        <ele>18.1</ele>
      </trkpt>
      <trkpt lat="69.271578" lon="15.956030">
        <ele>16.3</ele>
      </trkpt>
      <trkpt lat="69.271814" lon="15.955946">
        <ele>14.8</ele>
      </trkpt>
      <trkpt lat="69.271902" lon="15.956128">
        <ele>14.4</ele>
      </trkpt>
      <trkpt lat="69.272295" lon="15.960019">
        <ele>13.8</ele>
      </trkpt>
      <trkpt lat="69.272507" lon="15.961483">
        <ele>12.1</ele>
      </trkpt>
      <trkpt lat="69.272922" lon="15.963556">
        <ele>9.6</ele>
      </trkpt>
      <trkpt lat="69.273181" lon="15.964458">
        <ele>8</ele>
      </trkpt>
      <trkpt lat="69.274125" lon="15.967006">
        <ele>5.5</ele>
      </trkpt>
      <trkpt lat="69.274425" lon="15.967723">
        <ele>4.6</ele>
      </trkpt>
      <trkpt lat="69.275469" lon="15.969057">
        <ele>1.5</ele>
      </trkpt>
      <trkpt lat="69.275765" lon="15.969627">
        <ele>1.1</ele>
      </trkpt>
      <trkpt lat="69.282082" lon="15.988824">
        <ele>12</ele>
      </trkpt>
      <trkpt lat="69.282350" lon="15.989596">
        <ele>13</ele>
      </trkpt>
      <trkpt lat="69.282550" lon="15.990032">
        <ele>0.1</ele>
      </trkpt>
      <trkpt lat="69.282971" lon="15.990580">
        <ele>0.7</ele>
      </trkpt>
      <trkpt lat="69.283309" lon="15.990746">
        <ele>1</ele>
      </trkpt>
      <trkpt lat="69.283916" lon="15.990509">
        <ele>0.9</ele>
      </trkpt>
      <trkpt lat="69.285850" lon="15.988946">
        <ele>1.4</ele>
      </trkpt>
      <trkpt lat="69.286143" lon="15.988805">
        <ele>2.2</ele>
      </trkpt>
      <trkpt lat="69.286504" lon="15.988806">
        <ele>3</ele>
      </trkpt>
      <trkpt lat="69.286992" lon="15.989075">
        <ele>4.9</ele>
      </trkpt>
      <trkpt lat="69.291201" lon="15.992350">
        <ele>3</ele>
      </trkpt>
      <trkpt lat="69.292854" lon="15.994221">
        <ele>6.7</ele>
      </trkpt>
      <trkpt lat="69.293436" lon="15.994699">
        <ele>13.9</ele>
      </trkpt>
      <trkpt lat="69.294107" lon="15.994882">
        <ele>14.1</ele>
      </trkpt>
      <trkpt lat="69.294804" lon="15.994694">
        <ele>8</ele>
      </trkpt>
      <trkpt lat="69.296475" lon="15.993724">
        <ele>12.3</ele>
      </trkpt>
      <trkpt lat="69.297446" lon="15.993536">
        <ele>7.3</ele>
      </trkpt>
      <trkpt lat="69.297603" lon="15.993563">
        <ele>6.9</ele>
      </trkpt>
      <trkpt lat="69.297839" lon="15.993735">
        <ele>6.2</ele>
      </trkpt>
      <trkpt lat="69.298372" lon="15.994489">
        <ele>4.1</ele>
      </trkpt>
      <trkpt lat="69.298705" lon="15.995506">
        <ele>8.6</ele>
      </trkpt>
      <trkpt lat="69.298868" lon="15.996217">
        <ele>9.5</ele>
      </trkpt>
      <trkpt lat="69.298942" lon="15.996786">
        <ele>6.5</ele>
      </trkpt>
      <trkpt lat="69.298940" lon="15.997183">
        <ele>7.1</ele>
      </trkpt>
      <trkpt lat="69.298813" lon="15.998613">
        <ele>16.3</ele>
      </trkpt>
      <trkpt lat="69.298472" lon="16.000527">
        <ele>32.3</ele>
      </trkpt>
      <trkpt lat="69.298205" lon="16.001560">
        <ele>39.7</ele>
      </trkpt>
      <trkpt lat="69.297807" lon="16.002365">
        <ele>38.4</ele>
      </trkpt>
      <trkpt lat="69.296766" lon="16.003235">
        <ele>35.6</ele>
      </trkpt>
      <trkpt lat="69.296368" lon="16.003738">
        <ele>26.1</ele>
      </trkpt>
      <trkpt lat="69.296018" lon="16.004655">
        <ele>23.8</ele>
      </trkpt>
      <trkpt lat="69.295839" lon="16.005613">
        <ele>15</ele>
      </trkpt>
      <trkpt lat="69.295201" lon="16.010243">
        <ele>5</ele>
      </trkpt>
      <trkpt lat="69.294981" lon="16.011498">
        <ele>8.6</ele>
      </trkpt>
      <trkpt lat="69.294709" lon="16.012543">
        <ele>9.9</ele>
      </trkpt>
      <trkpt lat="69.293445" lon="16.016297">
        <ele>13.9</ele>
      </trkpt>
      <trkpt lat="69.293105" lon="16.017413">
        <ele>15.4</ele>
      </trkpt>
      <trkpt lat="69.292926" lon="16.018346">
        <ele>15.3</ele>
      </trkpt>
      <trkpt lat="69.292811" lon="16.019444">
        <ele>12</ele>
      </trkpt>
      <trkpt lat="69.292774" lon="16.019990">
        <ele>11.1</ele>
      </trkpt>
      <trkpt lat="69.292755" lon="16.021388">
        <ele>7</ele>
      </trkpt>
      <trkpt lat="69.292805" lon="16.022336">
        <ele>6.5</ele>
      </trkpt>
      <trkpt lat="69.293738" lon="16.028153">
        <ele>-0.5</ele>
      </trkpt>
      <trkpt lat="69.294078" lon="16.029458">
        <ele>1.4</ele>
      </trkpt>
      <trkpt lat="69.294338" lon="16.030186">
        <ele>1.2</ele>
      </trkpt>
      <trkpt lat="69.296174" lon="16.033950">
        <ele>1.1</ele>
      </trkpt>
      <trkpt lat="69.296382" lon="16.034470">
        <ele>0.3</ele>
      </trkpt>
      <trkpt lat="69.296837" lon="16.036018">
        <ele>-0.5</ele>
      </trkpt>
      <trkpt lat="69.297117" lon="16.037642">
        <ele>-2.4</ele>
      </trkpt>
      <trkpt lat="69.297815" lon="16.043533">
        <ele>0.1</ele>
      </trkpt>
      <trkpt lat="69.297846" lon="16.044112">
        <ele>-1.7</ele>
      </trkpt>
      <trkpt lat="69.297851" lon="16.045919">
        <ele>6.5</ele>
      </trkpt>
      <trkpt lat="69.297743" lon="16.048724">
        <ele>11.5</ele>
      </trkpt>
      <trkpt lat="69.297729" lon="16.049910">
        <ele>11.8</ele>
      </trkpt>
      <trkpt lat="69.298020" lon="16.049866">
        <ele>10.1</ele>
      </trkpt>
      <trkpt lat="69.298382" lon="16.049979">
        <ele>7.6</ele>
      </trkpt>
      <trkpt lat="69.298741" lon="16.050299">
        <ele>5.2</ele>
      </trkpt>
      <trkpt lat="69.299064" lon="16.050783">
        <ele>4.3</ele>
      </trkpt>
      <trkpt lat="69.299916" lon="16.052869">
        <ele>3</ele>
      </trkpt>
      <trkpt lat="69.300486" lon="16.054630">
        <ele>2.8</ele>
      </trkpt>
      <trkpt lat="69.300558" lon="16.054877">
        <ele>2.8</ele>
      </trkpt>
      <trkpt lat="69.300567" lon="16.055172">
        <ele>3</ele>
      </trkpt>
      <trkpt lat="69.300840" lon="16.056282">
        <ele>2.9</ele>
      </trkpt>
      <trkpt lat="69.301458" lon="16.059507">
        <ele>2.5</ele>
      </trkpt>
      <trkpt lat="69.302449" lon="16.062129">
        <ele>0.9</ele>
      </trkpt>
      <trkpt lat="69.302817" lon="16.063270">
        <ele>0.8</ele>
      </trkpt>
      <trkpt lat="69.303137" lon="16.064691">
        <ele>1.1</ele>
      </trkpt>
      <trkpt lat="69.303408" lon="16.066490">
        <ele>1.4</ele>
      </trkpt>
      <trkpt lat="69.303513" lon="16.067521">
        <ele>1.7</ele>
      </trkpt>
      <trkpt lat="69.303879" lon="16.071854">
        <ele>6.3</ele>
      </trkpt>
      <trkpt lat="69.303905" lon="16.072880">
        <ele>7.5</ele>
      </trkpt>
      <trkpt lat="69.304106" lon="16.074977">
        <ele>9.3</ele>
      </trkpt>
      <trkpt lat="69.304339" lon="16.075752">
        <ele>10.5</ele>
      </trkpt>
      <trkpt lat="69.304611" lon="16.076482">
        <ele>11.6</ele>
      </trkpt>
      <trkpt lat="69.305121" lon="16.077394">
        <ele>14.5</ele>
      </trkpt>
      <trkpt lat="69.305359" lon="16.078061">
        <ele>15.6</ele>
      </trkpt>
      <trkpt lat="69.305574" lon="16.078261">
        <ele>16.4</ele>
      </trkpt>
      <trkpt lat="69.306173" lon="16.079586">
        <ele>19.4</ele>
      </trkpt>
      <trkpt lat="69.306972" lon="16.081715">
        <ele>20</ele>
      </trkpt>
      <trkpt lat="69.309532" lon="16.089634">
        <ele>3.2</ele>
      </trkpt>
      <trkpt lat="69.309663" lon="16.090132">
        <ele>2.6</ele>
      </trkpt>
      <trkpt lat="69.309813" lon="16.091021">
        <ele>1.7</ele>
      </trkpt>
      <trkpt lat="69.310826" lon="16.098457">
        <ele>3</ele>
      </trkpt>
      <trkpt lat="69.310975" lon="16.100320">
        <ele>3.4</ele>
      </trkpt>
      <trkpt lat="69.311148" lon="16.106799">
        <ele>3.1</ele>
      </trkpt>
      <trkpt lat="69.311309" lon="16.110132">
        <ele>3.3</ele>
      </trkpt>
      <trkpt lat="69.311324" lon="16.111045">
        <ele>3.3</ele>
      </trkpt>
      <trkpt lat="69.311584" lon="16.112994">
        <ele>3.4</ele>
      </trkpt>
      <trkpt lat="69.311966" lon="16.117050">
        <ele>5.4</ele>
      </trkpt>
      <trkpt lat="69.312194" lon="16.118139">
        <ele>6.5</ele>
      </trkpt>
      <trkpt lat="69.312226" lon="16.117865">
        <ele>6.1</ele>
      </trkpt>
      <trkpt lat="69.312399" lon="16.118307">
        <ele>6.4</ele>
      </trkpt>
      <trkpt lat="69.312739" lon="16.118703">
        <ele>5.7</ele>
      </trkpt>
      <trkpt lat="69.312731" lon="16.118866">
        <ele>6.1</ele>
      </trkpt>
      <trkpt lat="69.317507" lon="16.120829">
        <ele>2.8</ele>
      </trkpt>
      <trkpt lat="69.318315" lon="16.121546">
        <ele>2.9</ele>
      </trkpt>
      <trkpt lat="69.320603" lon="16.123962">
        <ele>1.9</ele>
      </trkpt>
      <trkpt lat="69.320484" lon="16.124973">
        <ele>1.5</ele>
      </trkpt>
      <trkpt lat="69.320332" lon="16.126924">
        <ele>1</ele>
      </trkpt>
      <trkpt lat="69.320322" lon="16.127250">
        <ele>1</ele>
      </trkpt>
      <trkpt lat="69.320354" lon="16.127669">
        <ele>0.9</ele>
      </trkpt>
      <trkpt lat="69.320471" lon="16.128138">
        <ele>0.5</ele>
      </trkpt>
      <trkpt lat="69.320637" lon="16.128402">
        <ele>0.3</ele>
      </trkpt>
      <trkpt lat="69.321366" lon="16.128850">
        <ele>0.4</ele>
      </trkpt>
      <trkpt lat="69.321595" lon="16.129148">
        <ele>0.2</ele>
      </trkpt>
      <trkpt lat="69.321737" lon="16.129447">
        <ele>0.1</ele>
      </trkpt>
      <trkpt lat="69.321894" lon="16.129977">
        <ele>2.6</ele>
      </trkpt>
      <trkpt lat="69.322337" lon="16.132069">
        <ele>0.1</ele>
      </trkpt>
      <trkpt lat="69.322515" lon="16.132657">
        <ele>0.1</ele>
      </trkpt>
      <trkpt lat="69.322891" lon="16.132859">
        <ele>2.4</ele>
      </trkpt>
      <trkpt lat="69.323142" lon="16.132754">
        <ele>0.1</ele>
      </trkpt>
      <trkpt lat="69.324390" lon="16.132613">
        <ele>2.2</ele>
      </trkpt>
      <trkpt lat="69.324941" lon="16.131889">
        <ele>2.8</ele>
      </trkpt>
      <trkpt lat="69.325904" lon="16.131250">
        <ele>2.6</ele>
      </trkpt>
      <trkpt lat="69.326035" lon="16.131301">
        <ele>2</ele>
      </trkpt>
      <trkpt lat="69.326738" lon="16.132172">
        <ele>1.6</ele>
      </trkpt>
      <trkpt lat="69.326801" lon="16.132536">
        <ele>2.5</ele>
      </trkpt>
      <trkpt lat="69.326818" lon="16.132863">
        <ele>2.1</ele>
      </trkpt>
      <trkpt lat="69.326820" lon="16.133890">
        <ele>1</ele>
      </trkpt>
    </trkseg>
  </trk>
  <trk>
    <name><![CDATA[020: Leknes – Moskenes (DEVELOPED)]]></name>
    <desc><![CDATA[DEVELOPED

DEVELOPED

DEVELOPED]]></desc>
    <extensions>
      <line xmlns="http://www.topografix.com/GPX/gpx_style/0/2">
        <color>0432ff</color>
        <opacity>1</opacity>
        <width>4</width>
      </line>
    </extensions>
    <trkseg>
      <trkpt lat="67.899831" lon="13.043785">
      </trkpt>
      <trkpt lat="67.899846" lon="13.044233">
        <ele>0.1</ele>
      </trkpt>
      <trkpt lat="67.899936" lon="13.044384">
        <ele>0.1</ele>
      </trkpt>
      <trkpt lat="67.900055" lon="13.044974">
        <ele>2</ele>
      </trkpt>
      <trkpt lat="67.900158" lon="13.046311">
        <ele>11.1</ele>
      </trkpt>
      <trkpt lat="67.900216" lon="13.046532">
        <ele>11.6</ele>
      </trkpt>
      <trkpt lat="67.901033" lon="13.046472">
        <ele>15.8</ele>
      </trkpt>
      <trkpt lat="67.901221" lon="13.046376">
        <ele>16.9</ele>
      </trkpt>
      <trkpt lat="67.901493" lon="13.045940">
        <ele>17.1</ele>
      </trkpt>
      <trkpt lat="67.901742" lon="13.044833">
        <ele>18.3</ele>
      </trkpt>
      <trkpt lat="67.902141" lon="13.042396">
        <ele>26.3</ele>
      </trkpt>
      <trkpt lat="67.902330" lon="13.041556">
        <ele>32.4</ele>
      </trkpt>
      <trkpt lat="67.903517" lon="13.043786">
        <ele>39.9</ele>
      </trkpt>
      <trkpt lat="67.905247" lon="13.046562">
        <ele>43.1</ele>
      </trkpt>
      <trkpt lat="67.905227" lon="13.046748">
        <ele>40.4</ele>
      </trkpt>
      <trkpt lat="67.905256" lon="13.046982">
        <ele>37.9</ele>
      </trkpt>
      <trkpt lat="67.905945" lon="13.048316">
        <ele>40.6</ele>
      </trkpt>
      <trkpt lat="67.906390" lon="13.048851">
        <ele>51.8</ele>
      </trkpt>
      <trkpt lat="67.907305" lon="13.050461">
        <ele>59.7</ele>
      </trkpt>
      <trkpt lat="67.908010" lon="13.052285">
        <ele>64.1</ele>
      </trkpt>
      <trkpt lat="67.908296" lon="13.053302">
        <ele>58.4</ele>
      </trkpt>
      <trkpt lat="67.908585" lon="13.055665">
        <ele>35.3</ele>
      </trkpt>
      <trkpt lat="67.908996" lon="13.057417">
        <ele>31.1</ele>
      </trkpt>
      <trkpt lat="67.909544" lon="13.061157">
        <ele>75.2</ele>
      </trkpt>
      <trkpt lat="67.910262" lon="13.064778">
        <ele>102.2</ele>
      </trkpt>
      <trkpt lat="67.910308" lon="13.065559">
        <ele>96.1</ele>
      </trkpt>
      <trkpt lat="67.910306" lon="13.066756">
        <ele>90.5</ele>
      </trkpt>
      <trkpt lat="67.910139" lon="13.068761">
        <ele>66.6</ele>
      </trkpt>
      <trkpt lat="67.910163" lon="13.069349">
        <ele>55.2</ele>
      </trkpt>
      <trkpt lat="67.910248" lon="13.069932">
        <ele>51</ele>
      </trkpt>
      <trkpt lat="67.910653" lon="13.071312">
        <ele>35.1</ele>
      </trkpt>
      <trkpt lat="67.911789" lon="13.073551">
        <ele>8.3</ele>
      </trkpt>
      <trkpt lat="67.911867" lon="13.074034">
        <ele>6.9</ele>
      </trkpt>
      <trkpt lat="67.912012" lon="13.074146">
        <ele>6.2</ele>
      </trkpt>
      <trkpt lat="67.912035" lon="13.073913">
        <ele>6.8</ele>
      </trkpt>
      <trkpt lat="67.914483" lon="13.079820">
        <ele>6.9</ele>
      </trkpt>
      <trkpt lat="67.914733" lon="13.080212">
        <ele>9.7</ele>
      </trkpt>
      <trkpt lat="67.914915" lon="13.080380">
        <ele>10.8</ele>
      </trkpt>
      <trkpt lat="67.915987" lon="13.080743">
        <ele>16.1</ele>
      </trkpt>
      <trkpt lat="67.917118" lon="13.081615">
        <ele>14.9</ele>
      </trkpt>
      <trkpt lat="67.917747" lon="13.081793">
        <ele>21.9</ele>
      </trkpt>
      <trkpt lat="67.918106" lon="13.081638">
        <ele>19.9</ele>
      </trkpt>
      <trkpt lat="67.918420" lon="13.081339">
        <ele>17.8</ele>
      </trkpt>
      <trkpt lat="67.919328" lon="13.079940">
        <ele>19.7</ele>
      </trkpt>
      <trkpt lat="67.920028" lon="13.079157">
        <ele>20.4</ele>
      </trkpt>
      <trkpt lat="67.920523" lon="13.078472">
        <ele>28.7</ele>
      </trkpt>
      <trkpt lat="67.920879" lon="13.078305">
        <ele>31.1</ele>
      </trkpt>
      <trkpt lat="67.921587" lon="13.078484">
        <ele>18.8</ele>
      </trkpt>
      <trkpt lat="67.921728" lon="13.078462">
        <ele>19</ele>
      </trkpt>
      <trkpt lat="67.921754" lon="13.078522">
        <ele>19</ele>
      </trkpt>
      <trkpt lat="67.921994" lon="13.078584">
        <ele>20.2</ele>
      </trkpt>
      <trkpt lat="67.922339" lon="13.078406">
        <ele>23.8</ele>
      </trkpt>
      <trkpt lat="67.922930" lon="13.078950">
        <ele>29.1</ele>
      </trkpt>
      <trkpt lat="67.923107" lon="13.079280">
        <ele>31</ele>
      </trkpt>
      <trkpt lat="67.923979" lon="13.081279">
        <ele>23.2</ele>
      </trkpt>
      <trkpt lat="67.924301" lon="13.081846">
        <ele>27.3</ele>
      </trkpt>
      <trkpt lat="67.924570" lon="13.082183">
        <ele>26</ele>
      </trkpt>
      <trkpt lat="67.925024" lon="13.082356">
        <ele>39.8</ele>
      </trkpt>
      <trkpt lat="67.925709" lon="13.083050">
        <ele>27.1</ele>
      </trkpt>
      <trkpt lat="67.925796" lon="13.082950">
        <ele>36.4</ele>
      </trkpt>
      <trkpt lat="67.927593" lon="13.083516">
        <ele>16.3</ele>
      </trkpt>
      <trkpt lat="67.928031" lon="13.083470">
        <ele>17.1</ele>
      </trkpt>
      <trkpt lat="67.928226" lon="13.083361">
        <ele>14.3</ele>
      </trkpt>
      <trkpt lat="67.929139" lon="13.082289">
        <ele>14</ele>
      </trkpt>
      <trkpt lat="67.929936" lon="13.081640">
        <ele>1.8</ele>
      </trkpt>
      <trkpt lat="67.930188" lon="13.081231">
        <ele>1.8</ele>
      </trkpt>
      <trkpt lat="67.930438" lon="13.080422">
        <ele>1.1</ele>
      </trkpt>
      <trkpt lat="67.931330" lon="13.076540">
        <ele>7.1</ele>
      </trkpt>
      <trkpt lat="67.931499" lon="13.075973">
        <ele>11.3</ele>
      </trkpt>
      <trkpt lat="67.931817" lon="13.075205">
        <ele>14.7</ele>
      </trkpt>
      <trkpt lat="67.932373" lon="13.074561">
        <ele>12.9</ele>
      </trkpt>
      <trkpt lat="67.932826" lon="13.074459">
        <ele>6.4</ele>
      </trkpt>
      <trkpt lat="67.933407" lon="13.074661">
        <ele>2.2</ele>
      </trkpt>
      <trkpt lat="67.933825" lon="13.074506">
        <ele>3.6</ele>
      </trkpt>
      <trkpt lat="67.934480" lon="13.073849">
        <ele>7.7</ele>
      </trkpt>
      <trkpt lat="67.934823" lon="13.073908">
        <ele>7.3</ele>
      </trkpt>
      <trkpt lat="67.935110" lon="13.074133">
        <ele>3.6</ele>
      </trkpt>
      <trkpt lat="67.935462" lon="13.074274">
        <ele>2.2</ele>
      </trkpt>
      <trkpt lat="67.935774" lon="13.074169">
        <ele>1.1</ele>
      </trkpt>
      <trkpt lat="67.936097" lon="13.073663">
        <ele>2.9</ele>
      </trkpt>
      <trkpt lat="67.936680" lon="13.072327">
        <ele>6.7</ele>
      </trkpt>
      <trkpt lat="67.936936" lon="13.072040">
        <ele>6</ele>
      </trkpt>
      <trkpt lat="67.937102" lon="13.072012">
        <ele>5.2</ele>
      </trkpt>
      <trkpt lat="67.937416" lon="13.072176">
        <ele>4.6</ele>
      </trkpt>
      <trkpt lat="67.938404" lon="13.073400">
        <ele>2.5</ele>
      </trkpt>
      <trkpt lat="67.938676" lon="13.073843">
        <ele>1.2</ele>
      </trkpt>
      <trkpt lat="67.938970" lon="13.074475">
        <ele>0.5</ele>
      </trkpt>
      <trkpt lat="67.939470" lon="13.075814">
        <ele>-0.2</ele>
      </trkpt>
      <trkpt lat="67.939636" lon="13.076594">
        <ele>1</ele>
      </trkpt>
      <trkpt lat="67.939666" lon="13.076908">
        <ele>1</ele>
      </trkpt>
      <trkpt lat="67.939571" lon="13.077944">
        <ele>0.1</ele>
      </trkpt>
      <trkpt lat="67.939157" lon="13.079724">
        <ele>1.1</ele>
      </trkpt>
      <trkpt lat="67.939082" lon="13.081094">
        <ele>4.5</ele>
      </trkpt>
      <trkpt lat="67.938858" lon="13.082342">
        <ele>5.2</ele>
      </trkpt>
      <trkpt lat="67.938870" lon="13.082819">
        <ele>6.5</ele>
      </trkpt>
      <trkpt lat="67.939032" lon="13.083917">
        <ele>10.8</ele>
      </trkpt>
      <trkpt lat="67.939385" lon="13.085265">
        <ele>15.4</ele>
      </trkpt>
      <trkpt lat="67.939408" lon="13.085536">
        <ele>17</ele>
      </trkpt>
      <trkpt lat="67.939312" lon="13.087288">
        <ele>17.1</ele>
      </trkpt>
      <trkpt lat="67.939199" lon="13.088055">
        <ele>16.6</ele>
      </trkpt>
      <trkpt lat="67.939007" lon="13.088976">
        <ele>17.3</ele>
      </trkpt>
      <trkpt lat="67.939088" lon="13.090507">
        <ele>18.8</ele>
      </trkpt>
      <trkpt lat="67.939241" lon="13.091551">
        <ele>19.2</ele>
      </trkpt>
      <trkpt lat="67.939741" lon="13.093330">
        <ele>14.5</ele>
      </trkpt>
      <trkpt lat="67.940033" lon="13.093986">
        <ele>16.3</ele>
      </trkpt>
      <trkpt lat="67.940780" lon="13.095283">
        <ele>17</ele>
      </trkpt>
      <trkpt lat="67.941064" lon="13.096091">
        <ele>18.3</ele>
      </trkpt>
      <trkpt lat="67.941129" lon="13.096427">
        <ele>17.6</ele>
      </trkpt>
      <trkpt lat="67.941314" lon="13.097998">
        <ele>7.8</ele>
      </trkpt>
      <trkpt lat="67.941432" lon="13.098521">
        <ele>6.3</ele>
      </trkpt>
      <trkpt lat="67.942167" lon="13.099498">
        <ele>7.4</ele>
      </trkpt>
      <trkpt lat="67.942423" lon="13.099974">
        <ele>7.4</ele>
      </trkpt>
      <trkpt lat="67.942584" lon="13.100658">
        <ele>6</ele>
      </trkpt>
      <trkpt lat="67.942628" lon="13.101086">
        <ele>3.7</ele>
      </trkpt>
      <trkpt lat="67.942604" lon="13.101852">
        <ele>1.8</ele>
      </trkpt>
      <trkpt lat="67.942253" lon="13.103475">
        <ele>0.4</ele>
      </trkpt>
      <trkpt lat="67.942110" lon="13.104528">
      </trkpt>
      <trkpt lat="67.941930" lon="13.106655">
      </trkpt>
      <trkpt lat="67.941859" lon="13.109787">
        <ele>3</ele>
      </trkpt>
      <trkpt lat="67.941797" lon="13.110577">
        <ele>0.1</ele>
      </trkpt>
      <trkpt lat="67.941635" lon="13.111807">
        <ele>0.2</ele>
      </trkpt>
      <trkpt lat="67.941550" lon="13.112833">
        <ele>-0.2</ele>
      </trkpt>
      <trkpt lat="67.941535" lon="13.114083">
        <ele>0.1</ele>
      </trkpt>
      <trkpt lat="67.941237" lon="13.116416">
        <ele>0.2</ele>
      </trkpt>
      <trkpt lat="67.941238" lon="13.117758">
        <ele>0.5</ele>
      </trkpt>
      <trkpt lat="67.941282" lon="13.118133">
        <ele>0.5</ele>
      </trkpt>
      <trkpt lat="67.941463" lon="13.118827">
        <ele>0.4</ele>
      </trkpt>
      <trkpt lat="67.941596" lon="13.119095">
        <ele>0.4</ele>
      </trkpt>
      <trkpt lat="67.941857" lon="13.119450">
        <ele>0.3</ele>
      </trkpt>
      <trkpt lat="67.942948" lon="13.120370">
        <ele>0.5</ele>
      </trkpt>
      <trkpt lat="67.944073" lon="13.121559">
        <ele>0.3</ele>
      </trkpt>
      <trkpt lat="67.944358" lon="13.122000">
        <ele>0.2</ele>
      </trkpt>
      <trkpt lat="67.944746" lon="13.122812">
        <ele>0.1</ele>
      </trkpt>
      <trkpt lat="67.944968" lon="13.123633">
        <ele>0.1</ele>
      </trkpt>
      <trkpt lat="67.945221" lon="13.125115">
        <ele>0.1</ele>
      </trkpt>
      <trkpt lat="67.945313" lon="13.127335">
        <ele>0.1</ele>
      </trkpt>
      <trkpt lat="67.945367" lon="13.129376">
      </trkpt>
      <trkpt lat="67.945281" lon="13.132789">
        <ele>0.5</ele>
      </trkpt>
      <trkpt lat="67.945285" lon="13.133694">
        <ele>0.5</ele>
      </trkpt>
      <trkpt lat="67.945358" lon="13.134650">
        <ele>0.5</ele>
      </trkpt>
      <trkpt lat="67.945468" lon="13.135414">
        <ele>0.4</ele>
      </trkpt>
      <trkpt lat="67.945769" lon="13.136479">
        <ele>6.1</ele>
      </trkpt>
      <trkpt lat="67.946246" lon="13.137270">
        <ele>-0.3</ele>
      </trkpt>
      <trkpt lat="67.946644" lon="13.137583">
        <ele>-0.3</ele>
      </trkpt>
      <trkpt lat="67.946949" lon="13.137617">
        <ele>-0.3</ele>
      </trkpt>
      <trkpt lat="67.948230" lon="13.137039">
        <ele>0.3</ele>
      </trkpt>
      <trkpt lat="67.948555" lon="13.137010">
        <ele>0.3</ele>
      </trkpt>
      <trkpt lat="67.949531" lon="13.137460">
        <ele>4.9</ele>
      </trkpt>
      <trkpt lat="67.949981" lon="13.137549">
        <ele>12.4</ele>
      </trkpt>
      <trkpt lat="67.950219" lon="13.137483">
        <ele>15.6</ele>
      </trkpt>
      <trkpt lat="67.950247" lon="13.137726">
        <ele>11</ele>
      </trkpt>
      <trkpt lat="67.950305" lon="13.137845">
        <ele>11</ele>
      </trkpt>
      <trkpt lat="67.950947" lon="13.137024">
        <ele>33.8</ele>
      </trkpt>
      <trkpt lat="67.951147" lon="13.137037">
        <ele>38.5</ele>
      </trkpt>
      <trkpt lat="67.952422" lon="13.138370">
        <ele>40.4</ele>
      </trkpt>
      <trkpt lat="67.953140" lon="13.139539">
        <ele>24.4</ele>
      </trkpt>
      <trkpt lat="67.953524" lon="13.140022">
        <ele>17</ele>
      </trkpt>
      <trkpt lat="67.954680" lon="13.140597">
        <ele>20.1</ele>
      </trkpt>
      <trkpt lat="67.955030" lon="13.140902">
        <ele>10.8</ele>
      </trkpt>
      <trkpt lat="67.957149" lon="13.143146">
        <ele>16.5</ele>
      </trkpt>
      <trkpt lat="67.958162" lon="13.143677">
        <ele>17.4</ele>
      </trkpt>
      <trkpt lat="67.959327" lon="13.145237">
        <ele>19.7</ele>
      </trkpt>
      <trkpt lat="67.959705" lon="13.146062">
        <ele>22.9</ele>
      </trkpt>
      <trkpt lat="67.960575" lon="13.148759">
        <ele>30.6</ele>
      </trkpt>
      <trkpt lat="67.960810" lon="13.149309">
        <ele>36.6</ele>
      </trkpt>
      <trkpt lat="67.961082" lon="13.149711">
        <ele>42.3</ele>
      </trkpt>
      <trkpt lat="67.961731" lon="13.150290">
        <ele>45.4</ele>
      </trkpt>
      <trkpt lat="67.961949" lon="13.150651">
        <ele>45.6</ele>
      </trkpt>
      <trkpt lat="67.962054" lon="13.151063">
        <ele>46.2</ele>
      </trkpt>
      <trkpt lat="67.962375" lon="13.153163">
        <ele>59.4</ele>
      </trkpt>
      <trkpt lat="67.962422" lon="13.154252">
        <ele>60.5</ele>
      </trkpt>
      <trkpt lat="67.962489" lon="13.154457">
        <ele>62.8</ele>
      </trkpt>
      <trkpt lat="67.962645" lon="13.154332">
        <ele>65.1</ele>
      </trkpt>
      <trkpt lat="67.962941" lon="13.156029">
        <ele>77.7</ele>
      </trkpt>
      <trkpt lat="67.963542" lon="13.159106">
        <ele>87</ele>
      </trkpt>
      <trkpt lat="67.964124" lon="13.161515">
        <ele>80.8</ele>
      </trkpt>
      <trkpt lat="67.964373" lon="13.162784">
        <ele>72.8</ele>
      </trkpt>
      <trkpt lat="67.964524" lon="13.163908">
        <ele>68.9</ele>
      </trkpt>
      <trkpt lat="67.964690" lon="13.166010">
        <ele>42.9</ele>
      </trkpt>
      <trkpt lat="67.964878" lon="13.167345">
        <ele>42.4</ele>
      </trkpt>
      <trkpt lat="67.965224" lon="13.168435">
        <ele>37</ele>
      </trkpt>
      <trkpt lat="67.965685" lon="13.169161">
        <ele>36.6</ele>
      </trkpt>
      <trkpt lat="67.967305" lon="13.170563">
        <ele>32.7</ele>
      </trkpt>
      <trkpt lat="67.967763" lon="13.171308">
        <ele>35.1</ele>
      </trkpt>
      <trkpt lat="67.968486" lon="13.173135">
        <ele>23</ele>
      </trkpt>
      <trkpt lat="67.969210" lon="13.174080">
        <ele>20.1</ele>
      </trkpt>
      <trkpt lat="67.969545" lon="13.174423">
        <ele>25.3</ele>
      </trkpt>
      <trkpt lat="67.970778" lon="13.175023">
        <ele>41.7</ele>
      </trkpt>
      <trkpt lat="67.971121" lon="13.175296">
        <ele>43.7</ele>
      </trkpt>
      <trkpt lat="67.971517" lon="13.175851">
        <ele>39.4</ele>
      </trkpt>
      <trkpt lat="67.972298" lon="13.177455">
        <ele>21.7</ele>
      </trkpt>
      <trkpt lat="67.973134" lon="13.179616">
        <ele>13.5</ele>
      </trkpt>
      <trkpt lat="67.974025" lon="13.181222">
        <ele>17</ele>
      </trkpt>
      <trkpt lat="67.974494" lon="13.182331">
        <ele>16.8</ele>
      </trkpt>
      <trkpt lat="67.975307" lon="13.184875">
        <ele>17.7</ele>
      </trkpt>
      <trkpt lat="67.975609" lon="13.185385">
        <ele>10.2</ele>
      </trkpt>
      <trkpt lat="67.975866" lon="13.185593">
        <ele>8.8</ele>
      </trkpt>
      <trkpt lat="67.976223" lon="13.185617">
        <ele>4.6</ele>
      </trkpt>
      <trkpt lat="67.976484" lon="13.185443">
        <ele>2.5</ele>
      </trkpt>
      <trkpt lat="67.977417" lon="13.183949">
        <ele>4.3</ele>
      </trkpt>
      <trkpt lat="67.977550" lon="13.184095">
        <ele>0.7</ele>
      </trkpt>
      <trkpt lat="67.977996" lon="13.183317">
        <ele>1.9</ele>
      </trkpt>
      <trkpt lat="67.978204" lon="13.183230">
        <ele>0.5</ele>
      </trkpt>
      <trkpt lat="67.978769" lon="13.183288">
        <ele>1</ele>
      </trkpt>
      <trkpt lat="67.978985" lon="13.183183">
        <ele>2.6</ele>
      </trkpt>
      <trkpt lat="67.979780" lon="13.182292">
        <ele>4.2</ele>
      </trkpt>
      <trkpt lat="67.980757" lon="13.181741">
        <ele>0.6</ele>
      </trkpt>
      <trkpt lat="67.981738" lon="13.180663">
        <ele>0.6</ele>
      </trkpt>
      <trkpt lat="67.981990" lon="13.180145">
        <ele>1.4</ele>
      </trkpt>
      <trkpt lat="67.982458" lon="13.178860">
        <ele>5.5</ele>
      </trkpt>
      <trkpt lat="67.982829" lon="13.178229">
        <ele>4</ele>
      </trkpt>
      <trkpt lat="67.983213" lon="13.177885">
        <ele>1.1</ele>
      </trkpt>
      <trkpt lat="67.983880" lon="13.177853">
        <ele>-0.3</ele>
      </trkpt>
      <trkpt lat="67.984310" lon="13.177547">
        <ele>-1.5</ele>
      </trkpt>
      <trkpt lat="67.984562" lon="13.177052">
        <ele>-2.2</ele>
      </trkpt>
      <trkpt lat="67.985031" lon="13.175719">
        <ele>-1.7</ele>
      </trkpt>
      <trkpt lat="67.985719" lon="13.174682">
        <ele>0.1</ele>
      </trkpt>
      <trkpt lat="67.986610" lon="13.172880">
        <ele>5.2</ele>
      </trkpt>
      <trkpt lat="67.987611" lon="13.170117">
        <ele>2.2</ele>
      </trkpt>
      <trkpt lat="67.987962" lon="13.169465">
        <ele>1</ele>
      </trkpt>
      <trkpt lat="67.989069" lon="13.168680">
        <ele>2.1</ele>
      </trkpt>
      <trkpt lat="67.989875" lon="13.167852">
        <ele>1.7</ele>
      </trkpt>
      <trkpt lat="67.990716" lon="13.167698">
        <ele>4.1</ele>
      </trkpt>
      <trkpt lat="67.991540" lon="13.166619">
        <ele>3.3</ele>
      </trkpt>
      <trkpt lat="67.991688" lon="13.166606">
        <ele>2.6</ele>
      </trkpt>
      <trkpt lat="67.991957" lon="13.167038">
        <ele>4.7</ele>
      </trkpt>
      <trkpt lat="67.992062" lon="13.166705">
        <ele>1.3</ele>
      </trkpt>
      <trkpt lat="67.995679" lon="13.169768">
        <ele>9.7</ele>
      </trkpt>
      <trkpt lat="67.997260" lon="13.171609">
        <ele>16.6</ele>
      </trkpt>
      <trkpt lat="67.997728" lon="13.172297">
        <ele>14.1</ele>
      </trkpt>
      <trkpt lat="67.998693" lon="13.174143">
        <ele>12.4</ele>
      </trkpt>
      <trkpt lat="67.999081" lon="13.174762">
        <ele>12.5</ele>
      </trkpt>
      <trkpt lat="67.999498" lon="13.175131">
        <ele>10.9</ele>
      </trkpt>
      <trkpt lat="68.000713" lon="13.175637">
        <ele>15.5</ele>
      </trkpt>
      <trkpt lat="68.004707" lon="13.176283">
        <ele>13.1</ele>
      </trkpt>
      <trkpt lat="68.005228" lon="13.176165">
        <ele>10.1</ele>
      </trkpt>
      <trkpt lat="68.005782" lon="13.175330">
        <ele>8.3</ele>
      </trkpt>
      <trkpt lat="68.006021" lon="13.174748">
        <ele>7</ele>
      </trkpt>
      <trkpt lat="68.006159" lon="13.174175">
        <ele>7.8</ele>
      </trkpt>
      <trkpt lat="68.006229" lon="13.173249">
        <ele>9.1</ele>
      </trkpt>
      <trkpt lat="68.006138" lon="13.171574">
        <ele>7.7</ele>
      </trkpt>
      <trkpt lat="68.006167" lon="13.170883">
        <ele>6</ele>
      </trkpt>
      <trkpt lat="68.006270" lon="13.170489">
        <ele>1.4</ele>
      </trkpt>
      <trkpt lat="68.006624" lon="13.169798">
        <ele>1.7</ele>
      </trkpt>
      <trkpt lat="68.007039" lon="13.169153">
        <ele>3.5</ele>
      </trkpt>
      <trkpt lat="68.007419" lon="13.168737">
        <ele>5.2</ele>
      </trkpt>
      <trkpt lat="68.007899" lon="13.168356">
        <ele>9.8</ele>
      </trkpt>
      <trkpt lat="68.008944" lon="13.167806">
        <ele>10.2</ele>
      </trkpt>
      <trkpt lat="68.009696" lon="13.166997">
        <ele>10.1</ele>
      </trkpt>
      <trkpt lat="68.009924" lon="13.166868">
        <ele>7.5</ele>
      </trkpt>
      <trkpt lat="68.010243" lon="13.166855">
        <ele>3</ele>
      </trkpt>
      <trkpt lat="68.010618" lon="13.167030">
        <ele>5.4</ele>
      </trkpt>
      <trkpt lat="68.011113" lon="13.167435">
        <ele>14.5</ele>
      </trkpt>
      <trkpt lat="68.011678" lon="13.168005">
        <ele>22.4</ele>
      </trkpt>
      <trkpt lat="68.012663" lon="13.169449">
        <ele>26.1</ele>
      </trkpt>
      <trkpt lat="68.013058" lon="13.169865">
        <ele>24.7</ele>
      </trkpt>
      <trkpt lat="68.013538" lon="13.170176">
        <ele>27.1</ele>
      </trkpt>
      <trkpt lat="68.013960" lon="13.170643">
        <ele>29.1</ele>
      </trkpt>
      <trkpt lat="68.014874" lon="13.172452">
        <ele>29.1</ele>
      </trkpt>
      <trkpt lat="68.016872" lon="13.175406">
        <ele>13.7</ele>
      </trkpt>
      <trkpt lat="68.017134" lon="13.175928">
        <ele>11.9</ele>
      </trkpt>
      <trkpt lat="68.017363" lon="13.176516">
        <ele>7.6</ele>
      </trkpt>
      <trkpt lat="68.019302" lon="13.182993">
        <ele>12.3</ele>
      </trkpt>
      <trkpt lat="68.019722" lon="13.183943">
        <ele>16.4</ele>
      </trkpt>
      <trkpt lat="68.019998" lon="13.184345">
        <ele>18.5</ele>
      </trkpt>
      <trkpt lat="68.020346" lon="13.184671">
        <ele>18.7</ele>
      </trkpt>
      <trkpt lat="68.021090" lon="13.184945">
        <ele>18.9</ele>
      </trkpt>
      <trkpt lat="68.022238" lon="13.184863">
        <ele>15.7</ele>
      </trkpt>
      <trkpt lat="68.022525" lon="13.184690">
        <ele>14.2</ele>
      </trkpt>
      <trkpt lat="68.022784" lon="13.184328">
        <ele>13</ele>
      </trkpt>
      <trkpt lat="68.023424" lon="13.182484">
        <ele>1.9</ele>
      </trkpt>
      <trkpt lat="68.023713" lon="13.182076">
        <ele>0.4</ele>
      </trkpt>
      <trkpt lat="68.024023" lon="13.182094">
        <ele>0.4</ele>
      </trkpt>
      <trkpt lat="68.024690" lon="13.182740">
        <ele>5.9</ele>
      </trkpt>
      <trkpt lat="68.024913" lon="13.182774">
        <ele>6.7</ele>
      </trkpt>
      <trkpt lat="68.025257" lon="13.182522">
        <ele>6.7</ele>
      </trkpt>
      <trkpt lat="68.025369" lon="13.182364">
        <ele>6.2</ele>
      </trkpt>
      <trkpt lat="68.025588" lon="13.181813">
        <ele>6.8</ele>
      </trkpt>
      <trkpt lat="68.026067" lon="13.179705">
        <ele>0.2</ele>
      </trkpt>
      <trkpt lat="68.026244" lon="13.179107">
        <ele>1.2</ele>
      </trkpt>
      <trkpt lat="68.026549" lon="13.178631">
        <ele>1.4</ele>
      </trkpt>
      <trkpt lat="68.026709" lon="13.178538">
        <ele>1.1</ele>
      </trkpt>
      <trkpt lat="68.027571" lon="13.178470">
        <ele>4.8</ele>
      </trkpt>
      <trkpt lat="68.027818" lon="13.178253">
        <ele>4.5</ele>
      </trkpt>
      <trkpt lat="68.028419" lon="13.177355">
        <ele>1.3</ele>
      </trkpt>
      <trkpt lat="68.028656" lon="13.177220">
        <ele>0.4</ele>
      </trkpt>
      <trkpt lat="68.029042" lon="13.177235">
        <ele>0.2</ele>
      </trkpt>
      <trkpt lat="68.029510" lon="13.177373">
        <ele>0.5</ele>
      </trkpt>
      <trkpt lat="68.029783" lon="13.177576">
        <ele>1.4</ele>
      </trkpt>
      <trkpt lat="68.031276" lon="13.179480">
        <ele>7.5</ele>
      </trkpt>
      <trkpt lat="68.031624" lon="13.179667">
        <ele>6.6</ele>
      </trkpt>
      <trkpt lat="68.031960" lon="13.179599">
        <ele>5.8</ele>
      </trkpt>
      <trkpt lat="68.032322" lon="13.179262">
        <ele>4.2</ele>
      </trkpt>
      <trkpt lat="68.033575" lon="13.177467">
        <ele>5</ele>
      </trkpt>
      <trkpt lat="68.035294" lon="13.175683">
        <ele>13.9</ele>
      </trkpt>
      <trkpt lat="68.035504" lon="13.175323">
        <ele>13.2</ele>
      </trkpt>
      <trkpt lat="68.036048" lon="13.173995">
        <ele>8.8</ele>
      </trkpt>
      <trkpt lat="68.036360" lon="13.173510">
        <ele>9.4</ele>
      </trkpt>
      <trkpt lat="68.038232" lon="13.171610">
        <ele>10.6</ele>
      </trkpt>
      <trkpt lat="68.040483" lon="13.170709">
        <ele>10.1</ele>
      </trkpt>
      <trkpt lat="68.042043" lon="13.170666">
        <ele>16.5</ele>
      </trkpt>
      <trkpt lat="68.043534" lon="13.170946">
        <ele>15.4</ele>
      </trkpt>
      <trkpt lat="68.044640" lon="13.171211">
        <ele>14.4</ele>
      </trkpt>
      <trkpt lat="68.045093" lon="13.171390">
        <ele>14</ele>
      </trkpt>
      <trkpt lat="68.045577" lon="13.171799">
        <ele>11.6</ele>
      </trkpt>
      <trkpt lat="68.046242" lon="13.172623">
        <ele>9.5</ele>
      </trkpt>
      <trkpt lat="68.047140" lon="13.174056">
        <ele>11.6</ele>
      </trkpt>
      <trkpt lat="68.047738" lon="13.174860">
        <ele>11.1</ele>
      </trkpt>
      <trkpt lat="68.052593" lon="13.180187">
        <ele>0.4</ele>
      </trkpt>
      <trkpt lat="68.053871" lon="13.182377">
        <ele>-1.8</ele>
      </trkpt>
      <trkpt lat="68.054134" lon="13.182715">
        <ele>-2.4</ele>
      </trkpt>
      <trkpt lat="68.055069" lon="13.183610">
        <ele>-1</ele>
      </trkpt>
      <trkpt lat="68.055964" lon="13.183747">
        <ele>3.2</ele>
      </trkpt>
      <trkpt lat="68.056222" lon="13.183889">
        <ele>2.5</ele>
      </trkpt>
      <trkpt lat="68.057319" lon="13.185367">
        <ele>1.7</ele>
      </trkpt>
      <trkpt lat="68.058419" lon="13.186146">
        <ele>2.9</ele>
      </trkpt>
      <trkpt lat="68.059448" lon="13.188165">
        <ele>4.4</ele>
      </trkpt>
      <trkpt lat="68.060017" lon="13.189135">
        <ele>9.8</ele>
      </trkpt>
      <trkpt lat="68.060462" lon="13.190335">
        <ele>11.2</ele>
      </trkpt>
      <trkpt lat="68.060744" lon="13.190911">
        <ele>9.4</ele>
      </trkpt>
      <trkpt lat="68.061134" lon="13.191217">
        <ele>2.5</ele>
      </trkpt>
      <trkpt lat="68.061831" lon="13.191213">
        <ele>0.5</ele>
      </trkpt>
      <trkpt lat="68.062195" lon="13.191375">
        <ele>0.7</ele>
      </trkpt>
      <trkpt lat="68.064609" lon="13.195073">
        <ele>8.8</ele>
      </trkpt>
      <trkpt lat="68.064956" lon="13.195409">
        <ele>6.1</ele>
      </trkpt>
      <trkpt lat="68.066955" lon="13.195964">
        <ele>0.2</ele>
      </trkpt>
      <trkpt lat="68.067530" lon="13.196367">
        <ele>5.4</ele>
      </trkpt>
      <trkpt lat="68.068614" lon="13.197303">
        <ele>2.7</ele>
      </trkpt>
      <trkpt lat="68.069828" lon="13.198139">
        <ele>1.2</ele>
      </trkpt>
      <trkpt lat="68.070930" lon="13.198689">
        <ele>6.5</ele>
      </trkpt>
      <trkpt lat="68.072240" lon="13.199080">
        <ele>7.5</ele>
      </trkpt>
      <trkpt lat="68.072960" lon="13.199191">
        <ele>6.8</ele>
      </trkpt>
      <trkpt lat="68.073255" lon="13.199321">
        <ele>6.3</ele>
      </trkpt>
      <trkpt lat="68.073574" lon="13.199861">
        <ele>9.2</ele>
      </trkpt>
      <trkpt lat="68.074012" lon="13.201740">
        <ele>12.3</ele>
      </trkpt>
      <trkpt lat="68.074228" lon="13.202965">
        <ele>8.9</ele>
      </trkpt>
      <trkpt lat="68.074682" lon="13.210892">
        <ele>15.2</ele>
      </trkpt>
      <trkpt lat="68.074694" lon="13.212058">
        <ele>12.3</ele>
      </trkpt>
      <trkpt lat="68.074623" lon="13.213242">
        <ele>10.2</ele>
      </trkpt>
      <trkpt lat="68.074210" lon="13.216950">
        <ele>14.5</ele>
      </trkpt>
      <trkpt lat="68.074035" lon="13.219310">
        <ele>15.8</ele>
      </trkpt>
      <trkpt lat="68.073149" lon="13.234850">
        <ele>-0.2</ele>
      </trkpt>
      <trkpt lat="68.073112" lon="13.236214">
        <ele>0.3</ele>
      </trkpt>
      <trkpt lat="68.073162" lon="13.236989">
        <ele>0.4</ele>
      </trkpt>
      <trkpt lat="68.073344" lon="13.238100">
        <ele>0.4</ele>
      </trkpt>
      <trkpt lat="68.073540" lon="13.238722">
        <ele>0.6</ele>
      </trkpt>
      <trkpt lat="68.073831" lon="13.239280">
        <ele>2.1</ele>
      </trkpt>
      <trkpt lat="68.074251" lon="13.239667">
        <ele>2.8</ele>
      </trkpt>
      <trkpt lat="68.076120" lon="13.239645">
        <ele>4.9</ele>
      </trkpt>
      <trkpt lat="68.077255" lon="13.239027">
        <ele>4.7</ele>
      </trkpt>
      <trkpt lat="68.078417" lon="13.238216">
        <ele>5.6</ele>
      </trkpt>
      <trkpt lat="68.079107" lon="13.237523">
        <ele>5.2</ele>
      </trkpt>
      <trkpt lat="68.080072" lon="13.236134">
        <ele>7.2</ele>
      </trkpt>
      <trkpt lat="68.081358" lon="13.233758">
        <ele>5.3</ele>
      </trkpt>
      <trkpt lat="68.081800" lon="13.233282">
        <ele>4.9</ele>
      </trkpt>
      <trkpt lat="68.083963" lon="13.232198">
        <ele>5.6</ele>
      </trkpt>
      <trkpt lat="68.084718" lon="13.231482">
        <ele>8.1</ele>
      </trkpt>
      <trkpt lat="68.085973" lon="13.229777">
        <ele>5.2</ele>
      </trkpt>
      <trkpt lat="68.086346" lon="13.229461">
        <ele>4.3</ele>
      </trkpt>
      <trkpt lat="68.086903" lon="13.229148">
        <ele>3.9</ele>
      </trkpt>
      <trkpt lat="68.087486" lon="13.228592">
        <ele>2.6</ele>
      </trkpt>
      <trkpt lat="68.087603" lon="13.228552">
        <ele>2.5</ele>
      </trkpt>
      <trkpt lat="68.088567" lon="13.229050">
        <ele>2.1</ele>
      </trkpt>
      <trkpt lat="68.088991" lon="13.229029">
        <ele>1.2</ele>
      </trkpt>
      <trkpt lat="68.089126" lon="13.229099">
        <ele>0.9</ele>
      </trkpt>
      <trkpt lat="68.090118" lon="13.230273">
        <ele>0.6</ele>
      </trkpt>
      <trkpt lat="68.090583" lon="13.230661">
        <ele>0.5</ele>
      </trkpt>
      <trkpt lat="68.090805" lon="13.231023">
        <ele>0.4</ele>
      </trkpt>
      <trkpt lat="68.090921" lon="13.231281">
        <ele>0.4</ele>
      </trkpt>
      <trkpt lat="68.092303" lon="13.236770">
        <ele>3.8</ele>
      </trkpt>
      <trkpt lat="68.092700" lon="13.238082">
        <ele>4.6</ele>
      </trkpt>
      <trkpt lat="68.093113" lon="13.239221">
        <ele>4.6</ele>
      </trkpt>
      <trkpt lat="68.094191" lon="13.241568">
        <ele>4.7</ele>
      </trkpt>
      <trkpt lat="68.094640" lon="13.242395">
        <ele>5.7</ele>
      </trkpt>
      <trkpt lat="68.095696" lon="13.244136">
        <ele>8.9</ele>
      </trkpt>
      <trkpt lat="68.096591" lon="13.245197">
        <ele>11.8</ele>
      </trkpt>
      <trkpt lat="68.097320" lon="13.245811">
        <ele>14</ele>
      </trkpt>
      <trkpt lat="68.098051" lon="13.246168">
        <ele>14.6</ele>
      </trkpt>
      <trkpt lat="68.099864" lon="13.246712">
        <ele>20.1</ele>
      </trkpt>
      <trkpt lat="68.100363" lon="13.247040">
        <ele>20.2</ele>
      </trkpt>
      <trkpt lat="68.100647" lon="13.247382">
        <ele>20.4</ele>
      </trkpt>
      <trkpt lat="68.100825" lon="13.247731">
        <ele>20.4</ele>
      </trkpt>
      <trkpt lat="68.102741" lon="13.253998">
        <ele>15.6</ele>
      </trkpt>
      <trkpt lat="68.102935" lon="13.254730">
        <ele>14.4</ele>
      </trkpt>
      <trkpt lat="68.103099" lon="13.255712">
        <ele>14.6</ele>
      </trkpt>
      <trkpt lat="68.103555" lon="13.260152">
        <ele>16.6</ele>
      </trkpt>
      <trkpt lat="68.103750" lon="13.262374">
        <ele>17</ele>
      </trkpt>
      <trkpt lat="68.103739" lon="13.263930">
        <ele>16.2</ele>
      </trkpt>
      <trkpt lat="68.103617" lon="13.265685">
        <ele>13.2</ele>
      </trkpt>
      <trkpt lat="68.103582" lon="13.266659">
        <ele>13</ele>
      </trkpt>
      <trkpt lat="68.103625" lon="13.268272">
        <ele>8</ele>
      </trkpt>
      <trkpt lat="68.103761" lon="13.270118">
        <ele>5.2</ele>
      </trkpt>
      <trkpt lat="68.104089" lon="13.272651">
        <ele>0.8</ele>
      </trkpt>
      <trkpt lat="68.104244" lon="13.276031">
        <ele>0.4</ele>
      </trkpt>
      <trkpt lat="68.104165" lon="13.277720">
        <ele>0.7</ele>
      </trkpt>
      <trkpt lat="68.103689" lon="13.281225">
        <ele>0.8</ele>
      </trkpt>
      <trkpt lat="68.103424" lon="13.284001">
        <ele>2.3</ele>
      </trkpt>
      <trkpt lat="68.103140" lon="13.285574">
        <ele>4.1</ele>
      </trkpt>
      <trkpt lat="68.102693" lon="13.289026">
        <ele>9.1</ele>
      </trkpt>
      <trkpt lat="68.102606" lon="13.290478">
        <ele>10.2</ele>
      </trkpt>
      <trkpt lat="68.102588" lon="13.292167">
        <ele>11.8</ele>
      </trkpt>
      <trkpt lat="68.102711" lon="13.299899">
        <ele>2.8</ele>
      </trkpt>
      <trkpt lat="68.102748" lon="13.304196">
        <ele>4.9</ele>
      </trkpt>
      <trkpt lat="68.102643" lon="13.305724">
        <ele>3.5</ele>
      </trkpt>
      <trkpt lat="68.101262" lon="13.320799">
        <ele>4.6</ele>
      </trkpt>
      <trkpt lat="68.101194" lon="13.321445">
        <ele>4.5</ele>
      </trkpt>
      <trkpt lat="68.101080" lon="13.321981">
        <ele>5.5</ele>
      </trkpt>
      <trkpt lat="68.100832" lon="13.322503">
        <ele>5.4</ele>
      </trkpt>
      <trkpt lat="68.100493" lon="13.322723">
        <ele>4.6</ele>
      </trkpt>
      <trkpt lat="68.100173" lon="13.322555">
        <ele>0.7</ele>
      </trkpt>
      <trkpt lat="68.098430" lon="13.321030">
        <ele>11.3</ele>
      </trkpt>
      <trkpt lat="68.097382" lon="13.319515">
        <ele>46.1</ele>
      </trkpt>
      <trkpt lat="68.096522" lon="13.318949">
        <ele>37.8</ele>
      </trkpt>
      <trkpt lat="68.094514" lon="13.316887">
        <ele>24.7</ele>
      </trkpt>
      <trkpt lat="68.091988" lon="13.313551">
        <ele>30.3</ele>
      </trkpt>
      <trkpt lat="68.089523" lon="13.311252">
        <ele>8.7</ele>
      </trkpt>
      <trkpt lat="68.088923" lon="13.310138">
        <ele>22.9</ele>
      </trkpt>
      <trkpt lat="68.088741" lon="13.309897">
        <ele>20.7</ele>
      </trkpt>
      <trkpt lat="68.087014" lon="13.307985">
        <ele>12.3</ele>
      </trkpt>
      <trkpt lat="68.086640" lon="13.307295">
        <ele>12.9</ele>
      </trkpt>
      <trkpt lat="68.086525" lon="13.306969">
        <ele>13.5</ele>
      </trkpt>
      <trkpt lat="68.086270" lon="13.305975">
        <ele>15.9</ele>
      </trkpt>
      <trkpt lat="68.085855" lon="13.304013">
        <ele>17.6</ele>
      </trkpt>
      <trkpt lat="68.085127" lon="13.299211">
        <ele>15.4</ele>
      </trkpt>
      <trkpt lat="68.085041" lon="13.298302">
        <ele>12.5</ele>
      </trkpt>
      <trkpt lat="68.084998" lon="13.296509">
        <ele>9.9</ele>
      </trkpt>
      <trkpt lat="68.084927" lon="13.295189">
        <ele>12.6</ele>
      </trkpt>
      <trkpt lat="68.084788" lon="13.294527">
        <ele>12.6</ele>
      </trkpt>
      <trkpt lat="68.084623" lon="13.294041">
        <ele>15.4</ele>
      </trkpt>
      <trkpt lat="68.083803" lon="13.292611">
        <ele>18.5</ele>
      </trkpt>
      <trkpt lat="68.083427" lon="13.292236">
        <ele>14.8</ele>
      </trkpt>
      <trkpt lat="68.083221" lon="13.292156">
        <ele>12.2</ele>
      </trkpt>
      <trkpt lat="68.082689" lon="13.292289">
        <ele>5.7</ele>
      </trkpt>
      <trkpt lat="68.079864" lon="13.293894">
        <ele>0.9</ele>
      </trkpt>
      <trkpt lat="68.079389" lon="13.294447">
        <ele>0.5</ele>
      </trkpt>
      <trkpt lat="68.078984" lon="13.295356">
        <ele>0.7</ele>
      </trkpt>
      <trkpt lat="68.078561" lon="13.296756">
        <ele>0.7</ele>
      </trkpt>
      <trkpt lat="68.078304" lon="13.297871">
        <ele>0.5</ele>
      </trkpt>
      <trkpt lat="68.078087" lon="13.299118">
        <ele>0.4</ele>
      </trkpt>
      <trkpt lat="68.077907" lon="13.300617">
        <ele>0.8</ele>
      </trkpt>
      <trkpt lat="68.077558" lon="13.304824">
        <ele>4.1</ele>
      </trkpt>
      <trkpt lat="68.077585" lon="13.305871">
        <ele>2.6</ele>
      </trkpt>
      <trkpt lat="68.077740" lon="13.308279">
        <ele>4.8</ele>
      </trkpt>
      <trkpt lat="68.077719" lon="13.309033">
        <ele>5.7</ele>
      </trkpt>
      <trkpt lat="68.077632" lon="13.309811">
        <ele>6.9</ele>
      </trkpt>
      <trkpt lat="68.073016" lon="13.330289">
        <ele>12.8</ele>
      </trkpt>
      <trkpt lat="68.072497" lon="13.333419">
        <ele>5.1</ele>
      </trkpt>
      <trkpt lat="68.072311" lon="13.335149">
        <ele>4.3</ele>
      </trkpt>
      <trkpt lat="68.072164" lon="13.337034">
        <ele>5.8</ele>
      </trkpt>
      <trkpt lat="68.072076" lon="13.339146">
        <ele>5.7</ele>
      </trkpt>
      <trkpt lat="68.072074" lon="13.339840">
        <ele>3.8</ele>
      </trkpt>
      <trkpt lat="68.072187" lon="13.341681">
        <ele>4.7</ele>
      </trkpt>
      <trkpt lat="68.072361" lon="13.342800">
        <ele>4</ele>
      </trkpt>
      <trkpt lat="68.072599" lon="13.343829">
        <ele>2.4</ele>
      </trkpt>
      <trkpt lat="68.072970" lon="13.344944">
        <ele>1.1</ele>
      </trkpt>
      <trkpt lat="68.073367" lon="13.345752">
        <ele>0.6</ele>
      </trkpt>
      <trkpt lat="68.073735" lon="13.346271">
        <ele>0.9</ele>
      </trkpt>
      <trkpt lat="68.073899" lon="13.346427">
        <ele>0.9</ele>
      </trkpt>
      <trkpt lat="68.074516" lon="13.346771">
        <ele>1.6</ele>
      </trkpt>
      <trkpt lat="68.076227" lon="13.346837">
        <ele>4.9</ele>
      </trkpt>
      <trkpt lat="68.089913" lon="13.337822">
        <ele>4.4</ele>
      </trkpt>
      <trkpt lat="68.092412" lon="13.336974">
        <ele>0.3</ele>
      </trkpt>
      <trkpt lat="68.093259" lon="13.336963">
        <ele>3.1</ele>
      </trkpt>
      <trkpt lat="68.095397" lon="13.337464">
        <ele>1.8</ele>
      </trkpt>
      <trkpt lat="68.097901" lon="13.338863">
        <ele>2.3</ele>
      </trkpt>
      <trkpt lat="68.099011" lon="13.340491">
        <ele>6.3</ele>
      </trkpt>
      <trkpt lat="68.099718" lon="13.341140">
        <ele>2.2</ele>
      </trkpt>
      <trkpt lat="68.101878" lon="13.343757">
        <ele>1.4</ele>
      </trkpt>
      <trkpt lat="68.102459" lon="13.344276">
        <ele>4</ele>
      </trkpt>
      <trkpt lat="68.102790" lon="13.344404">
        <ele>6.7</ele>
      </trkpt>
      <trkpt lat="68.103882" lon="13.344256">
        <ele>8.7</ele>
      </trkpt>
      <trkpt lat="68.104934" lon="13.343880">
        <ele>10.8</ele>
      </trkpt>
      <trkpt lat="68.108569" lon="13.342088">
        <ele>4.1</ele>
      </trkpt>
      <trkpt lat="68.109171" lon="13.341610">
        <ele>3.7</ele>
      </trkpt>
      <trkpt lat="68.109635" lon="13.341433">
        <ele>4.2</ele>
      </trkpt>
      <trkpt lat="68.109980" lon="13.341442">
        <ele>3.9</ele>
      </trkpt>
      <trkpt lat="68.110348" lon="13.341607">
        <ele>2.5</ele>
      </trkpt>
      <trkpt lat="68.111874" lon="13.342985">
        <ele>1.3</ele>
      </trkpt>
      <trkpt lat="68.113173" lon="13.344012">
        <ele>2.1</ele>
      </trkpt>
      <trkpt lat="68.118293" lon="13.346851">
        <ele>5.8</ele>
      </trkpt>
      <trkpt lat="68.118432" lon="13.347009">
        <ele>7.1</ele>
      </trkpt>
      <trkpt lat="68.119512" lon="13.352369">
        <ele>24.7</ele>
      </trkpt>
      <trkpt lat="68.119770" lon="13.353996">
        <ele>25.9</ele>
      </trkpt>
      <trkpt lat="68.119946" lon="13.355736">
        <ele>28.2</ele>
      </trkpt>
      <trkpt lat="68.120249" lon="13.360470">
        <ele>26.7</ele>
      </trkpt>
      <trkpt lat="68.120470" lon="13.362090">
        <ele>27.3</ele>
      </trkpt>
      <trkpt lat="68.120923" lon="13.363869">
        <ele>22.4</ele>
      </trkpt>
      <trkpt lat="68.122049" lon="13.366840">
        <ele>28.2</ele>
      </trkpt>
      <trkpt lat="68.122469" lon="13.368256">
        <ele>25.6</ele>
      </trkpt>
      <trkpt lat="68.124372" lon="13.377612">
        <ele>19.7</ele>
      </trkpt>
      <trkpt lat="68.124946" lon="13.379465">
        <ele>22.8</ele>
      </trkpt>
      <trkpt lat="68.125349" lon="13.380401">
        <ele>28.8</ele>
      </trkpt>
      <trkpt lat="68.126973" lon="13.383268">
        <ele>26.1</ele>
      </trkpt>
      <trkpt lat="68.128201" lon="13.384577">
        <ele>30.7</ele>
      </trkpt>
      <trkpt lat="68.128778" lon="13.385580">
        <ele>37.9</ele>
      </trkpt>
      <trkpt lat="68.129048" lon="13.386402">
        <ele>43.6</ele>
      </trkpt>
      <trkpt lat="68.129298" lon="13.387748">
        <ele>49.6</ele>
      </trkpt>
      <trkpt lat="68.129357" lon="13.388640">
        <ele>49.4</ele>
      </trkpt>
      <trkpt lat="68.129347" lon="13.389584">
        <ele>48.3</ele>
      </trkpt>
      <trkpt lat="68.129160" lon="13.394407">
        <ele>59.2</ele>
      </trkpt>
      <trkpt lat="68.129251" lon="13.396558">
        <ele>66.8</ele>
      </trkpt>
      <trkpt lat="68.129069" lon="13.399094">
        <ele>59.5</ele>
      </trkpt>
      <trkpt lat="68.129013" lon="13.400288">
        <ele>55.6</ele>
      </trkpt>
      <trkpt lat="68.129036" lon="13.401082">
        <ele>55.2</ele>
      </trkpt>
      <trkpt lat="68.129089" lon="13.401746">
        <ele>54.7</ele>
      </trkpt>
      <trkpt lat="68.129709" lon="13.406639">
        <ele>43.1</ele>
      </trkpt>
      <trkpt lat="68.129866" lon="13.407561">
        <ele>42.6</ele>
      </trkpt>
      <trkpt lat="68.130584" lon="13.410678">
        <ele>32.8</ele>
      </trkpt>
      <trkpt lat="68.130923" lon="13.413274">
        <ele>27.6</ele>
      </trkpt>
      <trkpt lat="68.131732" lon="13.424601">
        <ele>13.7</ele>
      </trkpt>
      <trkpt lat="68.131931" lon="13.426464">
        <ele>16</ele>
      </trkpt>
      <trkpt lat="68.132273" lon="13.428546">
        <ele>22</ele>
      </trkpt>
      <trkpt lat="68.132516" lon="13.429534">
        <ele>23.7</ele>
      </trkpt>
      <trkpt lat="68.132888" lon="13.430776">
        <ele>24</ele>
      </trkpt>
      <trkpt lat="68.133045" lon="13.431527">
        <ele>22.9</ele>
      </trkpt>
      <trkpt lat="68.133113" lon="13.432018">
        <ele>21.2</ele>
      </trkpt>
      <trkpt lat="68.133204" lon="13.433703">
        <ele>21.3</ele>
      </trkpt>
      <trkpt lat="68.133268" lon="13.437991">
        <ele>20.4</ele>
      </trkpt>
      <trkpt lat="68.133384" lon="13.439201">
        <ele>18.3</ele>
      </trkpt>
      <trkpt lat="68.133664" lon="13.440469">
        <ele>15.3</ele>
      </trkpt>
      <trkpt lat="68.134219" lon="13.442566">
        <ele>13.2</ele>
      </trkpt>
      <trkpt lat="68.135096" lon="13.447340">
        <ele>10.1</ele>
      </trkpt>
      <trkpt lat="68.135466" lon="13.448870">
        <ele>11.4</ele>
      </trkpt>
      <trkpt lat="68.135842" lon="13.450123">
        <ele>11.9</ele>
      </trkpt>
      <trkpt lat="68.136179" lon="13.451067">
        <ele>11.7</ele>
      </trkpt>
      <trkpt lat="68.136561" lon="13.451966">
        <ele>11.3</ele>
      </trkpt>
      <trkpt lat="68.136978" lon="13.452742">
        <ele>9.8</ele>
      </trkpt>
      <trkpt lat="68.138457" lon="13.454577">
        <ele>13.4</ele>
      </trkpt>
      <trkpt lat="68.139037" lon="13.455146">
        <ele>10.8</ele>
      </trkpt>
      <trkpt lat="68.139365" lon="13.455422">
        <ele>9.9</ele>
      </trkpt>
      <trkpt lat="68.139921" lon="13.455687">
        <ele>8.5</ele>
      </trkpt>
      <trkpt lat="68.140539" lon="13.455628">
        <ele>10.1</ele>
      </trkpt>
      <trkpt lat="68.141802" lon="13.455032">
        <ele>10.2</ele>
      </trkpt>
      <trkpt lat="68.142699" lon="13.454777">
        <ele>9.2</ele>
      </trkpt>
      <trkpt lat="68.143577" lon="13.455026">
        <ele>3.4</ele>
      </trkpt>
      <trkpt lat="68.144383" lon="13.456045">
        <ele>1.3</ele>
      </trkpt>
      <trkpt lat="68.145079" lon="13.457593">
      </trkpt>
      <trkpt lat="68.146730" lon="13.463263">
      </trkpt>
      <trkpt lat="68.149784" lon="13.473357">
        <ele>0.1</ele>
      </trkpt>
      <trkpt lat="68.149962" lon="13.474217">
        <ele>0.3</ele>
      </trkpt>
      <trkpt lat="68.150120" lon="13.476497">
        <ele>14</ele>
      </trkpt>
      <trkpt lat="68.150043" lon="13.478709">
        <ele>26.3</ele>
      </trkpt>
      <trkpt lat="68.149889" lon="13.479866">
        <ele>32.3</ele>
      </trkpt>
      <trkpt lat="68.149660" lon="13.480733">
        <ele>30.7</ele>
      </trkpt>
      <trkpt lat="68.149269" lon="13.481886">
        <ele>23.9</ele>
      </trkpt>
      <trkpt lat="68.148906" lon="13.482823">
        <ele>17.1</ele>
      </trkpt>
      <trkpt lat="68.148467" lon="13.483810">
        <ele>15.4</ele>
      </trkpt>
      <trkpt lat="68.147996" lon="13.485061">
        <ele>18</ele>
      </trkpt>
      <trkpt lat="68.147778" lon="13.485865">
        <ele>15.6</ele>
      </trkpt>
      <trkpt lat="68.147562" lon="13.487136">
        <ele>19.4</ele>
      </trkpt>
      <trkpt lat="68.147471" lon="13.488222">
        <ele>21.6</ele>
      </trkpt>
      <trkpt lat="68.147454" lon="13.488979">
        <ele>23.5</ele>
      </trkpt>
      <trkpt lat="68.147487" lon="13.490090">
        <ele>28.2</ele>
      </trkpt>
      <trkpt lat="68.147761" lon="13.494293">
        <ele>35.3</ele>
      </trkpt>
      <trkpt lat="68.147996" lon="13.499662">
        <ele>21.5</ele>
      </trkpt>
      <trkpt lat="68.148269" lon="13.501557">
        <ele>25.4</ele>
      </trkpt>
      <trkpt lat="68.148728" lon="13.503331">
        <ele>38.3</ele>
      </trkpt>
      <trkpt lat="68.149533" lon="13.506021">
        <ele>51.9</ele>
      </trkpt>
      <trkpt lat="68.149992" lon="13.507385">
        <ele>70.1</ele>
      </trkpt>
      <trkpt lat="68.150514" lon="13.508606">
        <ele>53.7</ele>
      </trkpt>
      <trkpt lat="68.151305" lon="13.509881">
        <ele>40.1</ele>
      </trkpt>
      <trkpt lat="68.151963" lon="13.510537">
        <ele>39.1</ele>
      </trkpt>
      <trkpt lat="68.153082" lon="13.511398">
        <ele>41.1</ele>
      </trkpt>
      <trkpt lat="68.153299" lon="13.511650">
        <ele>41.3</ele>
      </trkpt>
      <trkpt lat="68.153726" lon="13.512329">
        <ele>39.8</ele>
      </trkpt>
      <trkpt lat="68.154071" lon="13.513118">
        <ele>38.8</ele>
      </trkpt>
      <trkpt lat="68.154361" lon="13.513912">
        <ele>39.3</ele>
      </trkpt>
      <trkpt lat="68.155738" lon="13.518265">
        <ele>32.2</ele>
      </trkpt>
      <trkpt lat="68.156266" lon="13.520101">
        <ele>27.9</ele>
      </trkpt>
      <trkpt lat="68.156590" lon="13.521864">
        <ele>24.4</ele>
      </trkpt>
      <trkpt lat="68.156738" lon="13.523511">
        <ele>18.3</ele>
      </trkpt>
      <trkpt lat="68.156753" lon="13.525327">
        <ele>12.5</ele>
      </trkpt>
      <trkpt lat="68.156727" lon="13.525877">
        <ele>10.5</ele>
      </trkpt>
      <trkpt lat="68.156634" lon="13.526939">
        <ele>7.4</ele>
      </trkpt>
      <trkpt lat="68.156494" lon="13.527960">
        <ele>4.5</ele>
      </trkpt>
      <trkpt lat="68.156323" lon="13.528832">
        <ele>3.2</ele>
      </trkpt>
      <trkpt lat="68.156126" lon="13.529601">
        <ele>2.7</ele>
      </trkpt>
      <trkpt lat="68.155782" lon="13.530650">
        <ele>0.7</ele>
      </trkpt>
      <trkpt lat="68.155193" lon="13.532085">
        <ele>5.5</ele>
      </trkpt>
      <trkpt lat="68.150641" lon="13.542529">
        <ele>7.7</ele>
      </trkpt>
      <trkpt lat="68.149880" lon="13.543898">
        <ele>9.9</ele>
      </trkpt>
      <trkpt lat="68.149007" lon="13.544959">
        <ele>11.5</ele>
      </trkpt>
      <trkpt lat="68.148362" lon="13.545445">
        <ele>12.2</ele>
      </trkpt>
      <trkpt lat="68.147481" lon="13.545798">
        <ele>11</ele>
      </trkpt>
      <trkpt lat="68.145059" lon="13.546445">
        <ele>6.7</ele>
      </trkpt>
      <trkpt lat="68.144027" lon="13.546922">
        <ele>4.5</ele>
      </trkpt>
      <trkpt lat="68.143423" lon="13.547443">
        <ele>5.9</ele>
      </trkpt>
      <trkpt lat="68.142635" lon="13.548430">
        <ele>8.7</ele>
      </trkpt>
      <trkpt lat="68.138090" lon="13.555183">
        <ele>12</ele>
      </trkpt>
      <trkpt lat="68.137460" lon="13.556361">
        <ele>10.7</ele>
      </trkpt>
      <trkpt lat="68.137212" lon="13.557099">
        <ele>9.9</ele>
      </trkpt>
      <trkpt lat="68.136655" lon="13.559340">
        <ele>8.3</ele>
      </trkpt>
      <trkpt lat="68.136301" lon="13.560535">
        <ele>7.5</ele>
      </trkpt>
      <trkpt lat="68.136524" lon="13.561482">
        <ele>7.7</ele>
      </trkpt>
      <trkpt lat="68.136618" lon="13.562232">
        <ele>7.9</ele>
      </trkpt>
      <trkpt lat="68.137107" lon="13.567581">
        <ele>8.9</ele>
      </trkpt>
      <trkpt lat="68.137409" lon="13.571861">
        <ele>8.9</ele>
      </trkpt>
      <trkpt lat="68.137494" lon="13.572342">
        <ele>8.8</ele>
      </trkpt>
      <trkpt lat="68.137745" lon="13.573185">
        <ele>7.9</ele>
      </trkpt>
      <trkpt lat="68.141815" lon="13.584168">
        <ele>10.7</ele>
      </trkpt>
      <trkpt lat="68.142027" lon="13.585024">
        <ele>11</ele>
      </trkpt>
      <trkpt lat="68.143473" lon="13.595080">
        <ele>11.1</ele>
      </trkpt>
      <trkpt lat="68.143679" lon="13.596235">
        <ele>11.4</ele>
      </trkpt>
      <trkpt lat="68.146020" lon="13.606053">
        <ele>9.9</ele>
      </trkpt>
      <trkpt lat="68.146964" lon="13.609517">
        <ele>9.9</ele>
      </trkpt>
      <trkpt lat="68.146919" lon="13.609595">
        <ele>9.9</ele>
      </trkpt>
      <trkpt lat="68.147201" lon="13.610637">
        <ele>9.9</ele>
      </trkpt>
      <trkpt lat="68.147337" lon="13.611386">
        <ele>9.9</ele>
      </trkpt>
      <trkpt lat="68.147337" lon="13.611386">
        <ele>9.9</ele>
      </trkpt>
      <trkpt lat="68.146989" lon="13.612952">
        <ele>9.9</ele>
      </trkpt>
      <trkpt lat="68.147025" lon="13.613007">
        <ele>9.9</ele>
      </trkpt>
      <trkpt lat="68.146214" lon="13.616580">
        <ele>11.2</ele>
      </trkpt>
      <trkpt lat="68.146082" lon="13.617368">
        <ele>11.7</ele>
      </trkpt>
      <trkpt lat="68.146109" lon="13.617508">
        <ele>11.7</ele>
      </trkpt>
      <trkpt lat="68.146099" lon="13.617727">
        <ele>11.9</ele>
      </trkpt>
      <trkpt lat="68.146059" lon="13.617844">
        <ele>11.9</ele>
      </trkpt>
      <trkpt lat="68.145989" lon="13.617895">
        <ele>11.9</ele>
      </trkpt>
      <trkpt lat="68.145734" lon="13.618694">
        <ele>11.8</ele>
      </trkpt>
      <trkpt lat="68.144022" lon="13.626185">
        <ele>10.5</ele>
      </trkpt>
      <trkpt lat="68.143839" lon="13.627382">
        <ele>11.2</ele>
      </trkpt>
      <trkpt lat="68.143801" lon="13.628466">
        <ele>11.1</ele>
      </trkpt>
      <trkpt lat="68.144006" lon="13.632728">
        <ele>4.8</ele>
      </trkpt>
      <trkpt lat="68.144064" lon="13.643639">
        <ele>2</ele>
      </trkpt>
      <trkpt lat="68.144156" lon="13.645412">
        <ele>3.3</ele>
      </trkpt>
      <trkpt lat="68.144205" lon="13.645873">
        <ele>5.1</ele>
      </trkpt>
      <trkpt lat="68.144309" lon="13.646529">
        <ele>9.1</ele>
      </trkpt>
      <trkpt lat="68.144856" lon="13.648778">
        <ele>13.2</ele>
      </trkpt>
      <trkpt lat="68.145172" lon="13.650802">
        <ele>11.8</ele>
      </trkpt>
      <trkpt lat="68.145383" lon="13.651539">
        <ele>10.8</ele>
      </trkpt>
      <trkpt lat="68.145746" lon="13.652176">
        <ele>10.3</ele>
      </trkpt>
      <trkpt lat="68.147633" lon="13.654340">
        <ele>17.8</ele>
      </trkpt>
      <trkpt lat="68.148414" lon="13.655571">
        <ele>19.9</ele>
      </trkpt>
      <trkpt lat="68.148603" lon="13.656114">
        <ele>20.3</ele>
      </trkpt>
      <trkpt lat="68.148816" lon="13.657127">
        <ele>19.5</ele>
      </trkpt>
      <trkpt lat="68.148883" lon="13.658016">
        <ele>18.9</ele>
      </trkpt>
      <trkpt lat="68.148879" lon="13.658440">
        <ele>18.6</ele>
      </trkpt>
      <trkpt lat="68.148575" lon="13.666094">
        <ele>19.8</ele>
      </trkpt>
      <trkpt lat="68.148581" lon="13.667302">
        <ele>22.3</ele>
      </trkpt>
      <trkpt lat="68.148714" lon="13.668352">
        <ele>24.1</ele>
      </trkpt>
      <trkpt lat="68.148861" lon="13.668931">
        <ele>26.6</ele>
      </trkpt>
      <trkpt lat="68.149173" lon="13.669669">
        <ele>31.2</ele>
      </trkpt>
      <trkpt lat="68.149923" lon="13.670834">
        <ele>32.8</ele>
      </trkpt>
      <trkpt lat="68.150298" lon="13.671314">
        <ele>32.8</ele>
      </trkpt>
      <trkpt lat="68.151359" lon="13.672244">
        <ele>39.5</ele>
      </trkpt>
      <trkpt lat="68.151600" lon="13.672662">
        <ele>44.7</ele>
      </trkpt>
      <trkpt lat="68.151953" lon="13.673576">
        <ele>48.8</ele>
      </trkpt>
      <trkpt lat="68.152526" lon="13.675304">
        <ele>52.4</ele>
      </trkpt>
      <trkpt lat="68.153276" lon="13.678073">
        <ele>62.1</ele>
      </trkpt>
      <trkpt lat="68.153881" lon="13.679585">
        <ele>64.5</ele>
      </trkpt>
      <trkpt lat="68.154141" lon="13.680507">
        <ele>68.3</ele>
      </trkpt>
      <trkpt lat="68.155673" lon="13.687214">
        <ele>82.4</ele>
      </trkpt>
      <trkpt lat="68.155928" lon="13.688013">
        <ele>85</ele>
      </trkpt>
      <trkpt lat="68.157194" lon="13.690986">
        <ele>96.4</ele>
      </trkpt>
      <trkpt lat="68.157518" lon="13.692210">
        <ele>102.9</ele>
      </trkpt>
      <trkpt lat="68.157714" lon="13.693582">
        <ele>112.8</ele>
      </trkpt>
      <trkpt lat="68.157755" lon="13.694690">
        <ele>113.5</ele>
      </trkpt>
      <trkpt lat="68.157736" lon="13.695676">
        <ele>114.8</ele>
      </trkpt>
      <trkpt lat="68.157655" lon="13.696507">
        <ele>116.5</ele>
      </trkpt>
      <trkpt lat="68.157356" lon="13.698145">
        <ele>119.1</ele>
      </trkpt>
      <trkpt lat="68.156569" lon="13.701449">
        <ele>122.1</ele>
      </trkpt>
      <trkpt lat="68.156455" lon="13.702112">
        <ele>123.6</ele>
      </trkpt>
      <trkpt lat="68.156278" lon="13.704238">
        <ele>126</ele>
      </trkpt>
      <trkpt lat="68.156245" lon="13.706694">
        <ele>111.3</ele>
      </trkpt>
      <trkpt lat="68.155843" lon="13.708733">
        <ele>96.6</ele>
      </trkpt>
      <trkpt lat="68.155736" lon="13.709599">
        <ele>93.1</ele>
      </trkpt>
      <trkpt lat="68.155711" lon="13.710388">
        <ele>91.1</ele>
      </trkpt>
      <trkpt lat="68.155815" lon="13.711387">
        <ele>90</ele>
      </trkpt>
      <trkpt lat="68.156075" lon="13.712466">
        <ele>88.1</ele>
      </trkpt>
      <trkpt lat="68.156156" lon="13.713646">
        <ele>85.4</ele>
      </trkpt>
      <trkpt lat="68.156149" lon="13.713967">
        <ele>85.1</ele>
      </trkpt>
      <trkpt lat="68.156220" lon="13.715353">
        <ele>76.9</ele>
      </trkpt>
      <trkpt lat="68.156322" lon="13.716422">
        <ele>69.3</ele>
      </trkpt>
      <trkpt lat="68.156383" lon="13.718571">
        <ele>64</ele>
      </trkpt>
      <trkpt lat="68.156247" lon="13.721335">
        <ele>59.3</ele>
      </trkpt>
      <trkpt lat="68.156299" lon="13.724492">
        <ele>52.4</ele>
      </trkpt>
      <trkpt lat="68.156276" lon="13.725758">
        <ele>45.5</ele>
      </trkpt>
      <trkpt lat="68.156076" lon="13.727250">
        <ele>42.8</ele>
      </trkpt>
      <trkpt lat="68.155785" lon="13.728372">
        <ele>43.4</ele>
      </trkpt>
      <trkpt lat="68.155527" lon="13.729680">
        <ele>36.8</ele>
      </trkpt>
      <trkpt lat="68.155163" lon="13.731940">
        <ele>31.2</ele>
      </trkpt>
      <trkpt lat="68.155084" lon="13.733069">
        <ele>31</ele>
      </trkpt>
      <trkpt lat="68.155140" lon="13.733671">
        <ele>29.3</ele>
      </trkpt>
      <trkpt lat="68.155414" lon="13.734566">
        <ele>25.4</ele>
      </trkpt>
      <trkpt lat="68.155828" lon="13.735490">
        <ele>21.7</ele>
      </trkpt>
      <trkpt lat="68.156066" lon="13.736332">
        <ele>21.1</ele>
      </trkpt>
      <trkpt lat="68.156214" lon="13.737258">
        <ele>21.4</ele>
      </trkpt>
      <trkpt lat="68.156737" lon="13.741496">
        <ele>19.6</ele>
      </trkpt>
      <trkpt lat="68.157012" lon="13.744147">
        <ele>18.8</ele>
      </trkpt>
      <trkpt lat="68.157315" lon="13.747447">
        <ele>20.4</ele>
      </trkpt>
      <trkpt lat="68.157368" lon="13.748810">
        <ele>20.6</ele>
      </trkpt>
      <trkpt lat="68.157358" lon="13.750184">
        <ele>21.5</ele>
      </trkpt>
      <trkpt lat="68.157229" lon="13.751894">
        <ele>20.7</ele>
      </trkpt>
      <trkpt lat="68.157091" lon="13.752923">
        <ele>20</ele>
      </trkpt>
      <trkpt lat="68.156592" lon="13.756038">
        <ele>16.2</ele>
      </trkpt>
      <trkpt lat="68.156493" lon="13.757081">
        <ele>14</ele>
      </trkpt>
      <trkpt lat="68.156471" lon="13.758275">
        <ele>16</ele>
      </trkpt>
      <trkpt lat="68.156729" lon="13.764996">
        <ele>18</ele>
      </trkpt>
      <trkpt lat="68.156780" lon="13.767303">
        <ele>18.3</ele>
      </trkpt>
      <trkpt lat="68.156769" lon="13.768241">
        <ele>18.5</ele>
      </trkpt>
      <trkpt lat="68.156478" lon="13.775998">
        <ele>18.4</ele>
      </trkpt>
      <trkpt lat="68.156295" lon="13.777822">
        <ele>16.2</ele>
      </trkpt>
      <trkpt lat="68.156009" lon="13.779774">
        <ele>13.4</ele>
      </trkpt>
      <trkpt lat="68.157467" lon="13.781361">
        <ele>19.2</ele>
      </trkpt>
      <trkpt lat="68.157780" lon="13.782105">
        <ele>17.5</ele>
      </trkpt>
      <trkpt lat="68.158022" lon="13.783181">
        <ele>7.6</ele>
      </trkpt>
      <trkpt lat="68.158209" lon="13.783506">
        <ele>5.2</ele>
      </trkpt>
      <trkpt lat="68.158586" lon="13.783462">
        <ele>3.9</ele>
      </trkpt>
      <trkpt lat="68.158751" lon="13.783307">
        <ele>5</ele>
      </trkpt>
      <trkpt lat="68.159178" lon="13.782063">
        <ele>11.1</ele>
      </trkpt>
      <trkpt lat="68.159343" lon="13.781787">
        <ele>12</ele>
      </trkpt>
      <trkpt lat="68.159680" lon="13.781518">
        <ele>12.6</ele>
      </trkpt>
      <trkpt lat="68.160141" lon="13.781455">
        <ele>13.7</ele>
      </trkpt>
      <trkpt lat="68.161334" lon="13.782062">
        <ele>15.3</ele>
      </trkpt>
      <trkpt lat="68.161823" lon="13.782609">
        <ele>19.3</ele>
      </trkpt>
      <trkpt lat="68.162031" lon="13.783003">
        <ele>22</ele>
      </trkpt>
      <trkpt lat="68.162318" lon="13.783771">
        <ele>21.7</ele>
      </trkpt>
      <trkpt lat="68.162726" lon="13.785358">
        <ele>16.8</ele>
      </trkpt>
      <trkpt lat="68.163009" lon="13.786630">
        <ele>7.6</ele>
      </trkpt>
      <trkpt lat="68.163234" lon="13.787204">
        <ele>6.5</ele>
      </trkpt>
      <trkpt lat="68.163403" lon="13.787313">
        <ele>6.9</ele>
      </trkpt>
      <trkpt lat="68.163743" lon="13.787254">
        <ele>8.5</ele>
      </trkpt>
      <trkpt lat="68.163938" lon="13.787374">
        <ele>9.3</ele>
      </trkpt>
      <trkpt lat="68.164185" lon="13.787815">
        <ele>8.7</ele>
      </trkpt>
      <trkpt lat="68.164272" lon="13.788214">
        <ele>8.4</ele>
      </trkpt>
      <trkpt lat="68.164383" lon="13.789090">
        <ele>6.4</ele>
      </trkpt>
      <trkpt lat="68.164620" lon="13.791998">
        <ele>3.4</ele>
      </trkpt>
      <trkpt lat="68.164839" lon="13.796760">
        <ele>5.6</ele>
      </trkpt>
      <trkpt lat="68.164931" lon="13.797719">
        <ele>5.8</ele>
      </trkpt>
      <trkpt lat="68.165090" lon="13.798371">
        <ele>6.2</ele>
      </trkpt>
      <trkpt lat="68.165490" lon="13.799268">
        <ele>10.3</ele>
      </trkpt>
      <trkpt lat="68.165909" lon="13.800629">
        <ele>14.8</ele>
      </trkpt>
      <trkpt lat="68.166586" lon="13.803088">
        <ele>22</ele>
      </trkpt>
      <trkpt lat="68.166749" lon="13.804210">
        <ele>23.4</ele>
      </trkpt>
      <trkpt lat="68.166767" lon="13.807019">
        <ele>18</ele>
      </trkpt>
      <trkpt lat="68.167468" lon="13.815736">
        <ele>22.2</ele>
      </trkpt>
      <trkpt lat="68.167499" lon="13.816827">
        <ele>23.9</ele>
      </trkpt>
      <trkpt lat="68.167519" lon="13.821251">
        <ele>24.6</ele>
      </trkpt>
      <trkpt lat="68.167200" lon="13.824865">
        <ele>18.6</ele>
      </trkpt>
      <trkpt lat="68.167306" lon="13.831046">
        <ele>21.3</ele>
      </trkpt>
      <trkpt lat="68.167272" lon="13.833768">
        <ele>18.3</ele>
      </trkpt>
      <trkpt lat="68.167312" lon="13.834378">
        <ele>18.2</ele>
      </trkpt>
      <trkpt lat="68.167550" lon="13.836219">
        <ele>23.5</ele>
      </trkpt>
      <trkpt lat="68.167866" lon="13.839936">
        <ele>24.7</ele>
      </trkpt>
      <trkpt lat="68.168364" lon="13.842972">
        <ele>22.5</ele>
      </trkpt>
      <trkpt lat="68.168533" lon="13.843414">
        <ele>21.5</ele>
      </trkpt>
      <trkpt lat="68.169153" lon="13.844185">
        <ele>22.9</ele>
      </trkpt>
      <trkpt lat="68.169881" lon="13.844792">
        <ele>26.9</ele>
      </trkpt>
      <trkpt lat="68.170611" lon="13.845563">
        <ele>25</ele>
      </trkpt>
      <trkpt lat="68.171708" lon="13.846004">
        <ele>31.2</ele>
      </trkpt>
      <trkpt lat="68.171887" lon="13.846268">
        <ele>29.2</ele>
      </trkpt>
      <trkpt lat="68.172392" lon="13.847469">
        <ele>18.7</ele>
      </trkpt>
      <trkpt lat="68.173226" lon="13.848415">
        <ele>11.7</ele>
      </trkpt>
      <trkpt lat="68.173680" lon="13.848689">
        <ele>12.5</ele>
      </trkpt>
      <trkpt lat="68.174676" lon="13.848620">
        <ele>16.5</ele>
      </trkpt>
      <trkpt lat="68.175478" lon="13.849178">
        <ele>11.1</ele>
      </trkpt>
      <trkpt lat="68.176125" lon="13.848940">
        <ele>17.2</ele>
      </trkpt>
      <trkpt lat="68.176854" lon="13.849487">
        <ele>15.1</ele>
      </trkpt>
      <trkpt lat="68.178072" lon="13.849281">
        <ele>9.8</ele>
      </trkpt>
      <trkpt lat="68.178646" lon="13.849368">
        <ele>10</ele>
      </trkpt>
      <trkpt lat="68.178992" lon="13.849619">
        <ele>10.3</ele>
      </trkpt>
      <trkpt lat="68.179243" lon="13.849999">
        <ele>9.3</ele>
      </trkpt>
      <trkpt lat="68.180238" lon="13.852192">
        <ele>8.1</ele>
      </trkpt>
      <trkpt lat="68.180543" lon="13.852483">
        <ele>9.2</ele>
      </trkpt>
      <trkpt lat="68.181712" lon="13.852756">
        <ele>14.5</ele>
      </trkpt>
      <trkpt lat="68.182329" lon="13.853030">
        <ele>15.7</ele>
      </trkpt>
      <trkpt lat="68.182565" lon="13.853488">
        <ele>16.5</ele>
      </trkpt>
      <trkpt lat="68.182673" lon="13.853956">
        <ele>16.3</ele>
      </trkpt>
      <trkpt lat="68.182815" lon="13.855719">
        <ele>11.3</ele>
      </trkpt>
      <trkpt lat="68.182992" lon="13.856896">
        <ele>9.1</ele>
      </trkpt>
      <trkpt lat="68.183477" lon="13.858553">
        <ele>6.8</ele>
      </trkpt>
      <trkpt lat="68.183874" lon="13.859597">
        <ele>5.6</ele>
      </trkpt>
      <trkpt lat="68.184112" lon="13.860041">
        <ele>5.2</ele>
      </trkpt>
      <trkpt lat="68.184357" lon="13.860320">
        <ele>5</ele>
      </trkpt>
      <trkpt lat="68.184686" lon="13.860466">
        <ele>4.7</ele>
      </trkpt>
      <trkpt lat="68.184830" lon="13.860439">
        <ele>5.1</ele>
      </trkpt>
      <trkpt lat="68.185869" lon="13.858870">
        <ele>7.6</ele>
      </trkpt>
      <trkpt lat="68.186072" lon="13.858718">
        <ele>7.8</ele>
      </trkpt>
      <trkpt lat="68.186525" lon="13.858659">
        <ele>6.7</ele>
      </trkpt>
      <trkpt lat="68.189512" lon="13.860206">
        <ele>1.1</ele>
      </trkpt>
      <trkpt lat="68.189988" lon="13.860711">
        <ele>1.3</ele>
      </trkpt>
      <trkpt lat="68.190680" lon="13.861815">
        <ele>2.8</ele>
      </trkpt>
      <trkpt lat="68.191665" lon="13.863959">
        <ele>8.3</ele>
      </trkpt>
      <trkpt lat="68.192001" lon="13.864922">
        <ele>23.9</ele>
      </trkpt>
      <trkpt lat="68.192150" lon="13.865643">
        <ele>28.3</ele>
      </trkpt>
      <trkpt lat="68.192722" lon="13.869465">
        <ele>35.1</ele>
      </trkpt>
      <trkpt lat="68.192728" lon="13.869767">
        <ele>34.1</ele>
      </trkpt>
      <trkpt lat="68.192593" lon="13.871091">
        <ele>15.9</ele>
      </trkpt>
      <trkpt lat="68.192607" lon="13.871418">
        <ele>14</ele>
      </trkpt>
      <trkpt lat="68.193042" lon="13.873015">
        <ele>14.9</ele>
      </trkpt>
      <trkpt lat="68.193286" lon="13.873655">
        <ele>11.7</ele>
      </trkpt>
      <trkpt lat="68.193844" lon="13.874674">
        <ele>13.7</ele>
      </trkpt>
      <trkpt lat="68.194071" lon="13.874859">
        <ele>15.1</ele>
      </trkpt>
      <trkpt lat="68.194710" lon="13.875016">
        <ele>24.2</ele>
      </trkpt>
      <trkpt lat="68.194988" lon="13.875311">
        <ele>27.4</ele>
      </trkpt>
      <trkpt lat="68.195182" lon="13.875687">
        <ele>29.4</ele>
      </trkpt>
      <trkpt lat="68.195688" lon="13.877059">
        <ele>23.1</ele>
      </trkpt>
      <trkpt lat="68.195817" lon="13.877569">
        <ele>18.9</ele>
      </trkpt>
      <trkpt lat="68.196281" lon="13.880944">
        <ele>11.8</ele>
      </trkpt>
      <trkpt lat="68.196515" lon="13.881939">
        <ele>10.5</ele>
      </trkpt>
      <trkpt lat="68.196822" lon="13.882428">
        <ele>10.2</ele>
      </trkpt>
      <trkpt lat="68.197736" lon="13.883450">
        <ele>8.8</ele>
      </trkpt>
      <trkpt lat="68.198878" lon="13.884430">
        <ele>8.7</ele>
      </trkpt>
      <trkpt lat="68.199855" lon="13.885060">
        <ele>4.4</ele>
      </trkpt>
      <trkpt lat="68.200165" lon="13.884961">
        <ele>3.7</ele>
      </trkpt>
      <trkpt lat="68.200500" lon="13.884365">
        <ele>2.2</ele>
      </trkpt>
      <trkpt lat="68.200825" lon="13.883206">
        <ele>1.3</ele>
      </trkpt>
      <trkpt lat="68.201102" lon="13.882596">
        <ele>2.3</ele>
      </trkpt>
      <trkpt lat="68.201266" lon="13.882385">
        <ele>5.3</ele>
      </trkpt>
      <trkpt lat="68.202135" lon="13.882196">
        <ele>3.5</ele>
      </trkpt>
      <trkpt lat="68.202451" lon="13.881954">
        <ele>2.8</ele>
      </trkpt>
      <trkpt lat="68.202658" lon="13.881630">
        <ele>3.7</ele>
      </trkpt>
      <trkpt lat="68.202903" lon="13.880918">
        <ele>11.7</ele>
      </trkpt>
      <trkpt lat="68.203046" lon="13.880718">
        <ele>11.1</ele>
      </trkpt>
      <trkpt lat="68.203444" lon="13.880698">
        <ele>9.4</ele>
      </trkpt>
      <trkpt lat="68.203703" lon="13.880826">
        <ele>8.4</ele>
      </trkpt>
      <trkpt lat="68.203832" lon="13.880974">
        <ele>6.5</ele>
      </trkpt>
      <trkpt lat="68.204026" lon="13.881430">
        <ele>5.3</ele>
      </trkpt>
      <trkpt lat="68.205526" lon="13.886279">
        <ele>5.8</ele>
      </trkpt>
      <trkpt lat="68.205616" lon="13.886625">
        <ele>6</ele>
      </trkpt>
      <trkpt lat="68.205668" lon="13.887042">
        <ele>6</ele>
      </trkpt>
      <trkpt lat="68.205670" lon="13.887684">
        <ele>6.7</ele>
      </trkpt>
      <trkpt lat="68.205550" lon="13.889148">
        <ele>8.1</ele>
      </trkpt>
      <trkpt lat="68.205268" lon="13.890590">
        <ele>6.4</ele>
      </trkpt>
      <trkpt lat="68.205068" lon="13.892946">
        <ele>5.6</ele>
      </trkpt>
      <trkpt lat="68.204945" lon="13.893802">
        <ele>6.6</ele>
      </trkpt>
      <trkpt lat="68.204732" lon="13.894601">
        <ele>8.9</ele>
      </trkpt>
      <trkpt lat="68.204300" lon="13.895508">
        <ele>9.4</ele>
      </trkpt>
      <trkpt lat="68.204056" lon="13.895805">
        <ele>8</ele>
      </trkpt>
      <trkpt lat="68.203202" lon="13.896297">
        <ele>2.9</ele>
      </trkpt>
      <trkpt lat="68.202740" lon="13.896780">
        <ele>2</ele>
      </trkpt>
      <trkpt lat="68.202275" lon="13.896882">
        <ele>1.9</ele>
      </trkpt>
      <trkpt lat="68.202103" lon="13.897257">
        <ele>2.7</ele>
      </trkpt>
      <trkpt lat="68.201933" lon="13.897992">
        <ele>5</ele>
      </trkpt>
      <trkpt lat="68.201799" lon="13.898346">
        <ele>5.5</ele>
      </trkpt>
      <trkpt lat="68.201564" lon="13.898577">
        <ele>5.4</ele>
      </trkpt>
      <trkpt lat="68.201135" lon="13.898706">
        <ele>5</ele>
      </trkpt>
      <trkpt lat="68.200763" lon="13.898630">
        <ele>6.1</ele>
      </trkpt>
      <trkpt lat="68.199921" lon="13.897780">
        <ele>2.8</ele>
      </trkpt>
      <trkpt lat="68.199185" lon="13.896471">
        <ele>0.6</ele>
      </trkpt>
      <trkpt lat="68.198660" lon="13.895410">
        <ele>0.8</ele>
      </trkpt>
      <trkpt lat="68.198357" lon="13.895039">
        <ele>1</ele>
      </trkpt>
      <trkpt lat="68.198040" lon="13.895040">
        <ele>1</ele>
      </trkpt>
      <trkpt lat="68.196326" lon="13.896821">
        <ele>6.4</ele>
      </trkpt>
      <trkpt lat="68.196025" lon="13.896949">
        <ele>8.6</ele>
      </trkpt>
      <trkpt lat="68.195722" lon="13.896862">
        <ele>9</ele>
      </trkpt>
      <trkpt lat="68.194041" lon="13.895126">
        <ele>1.1</ele>
      </trkpt>
      <trkpt lat="68.192761" lon="13.893475">
        <ele>3.8</ele>
      </trkpt>
      <trkpt lat="68.192161" lon="13.892978">
        <ele>4.2</ele>
      </trkpt>
      <trkpt lat="68.188727" lon="13.892509">
        <ele>4</ele>
      </trkpt>
      <trkpt lat="68.187747" lon="13.892045">
        <ele>2.7</ele>
      </trkpt>
      <trkpt lat="68.187491" lon="13.892157">
        <ele>2.2</ele>
      </trkpt>
      <trkpt lat="68.186772" lon="13.892763">
        <ele>2</ele>
      </trkpt>
      <trkpt lat="68.185058" lon="13.893198">
        <ele>4.2</ele>
      </trkpt>
      <trkpt lat="68.184726" lon="13.893382">
        <ele>4.4</ele>
      </trkpt>
      <trkpt lat="68.184552" lon="13.893716">
        <ele>4.2</ele>
      </trkpt>
      <trkpt lat="68.184469" lon="13.894121">
        <ele>4.9</ele>
      </trkpt>
      <trkpt lat="68.184425" lon="13.896862">
        <ele>16.7</ele>
      </trkpt>
      <trkpt lat="68.184315" lon="13.897975">
        <ele>26</ele>
      </trkpt>
      <trkpt lat="68.184165" lon="13.898623">
        <ele>26.9</ele>
      </trkpt>
      <trkpt lat="68.183591" lon="13.900520">
        <ele>32.7</ele>
      </trkpt>
      <trkpt lat="68.183328" lon="13.901733">
        <ele>33.4</ele>
      </trkpt>
      <trkpt lat="68.183233" lon="13.902526">
        <ele>31</ele>
      </trkpt>
      <trkpt lat="68.182857" lon="13.906513">
        <ele>30.1</ele>
      </trkpt>
      <trkpt lat="68.182724" lon="13.908521">
        <ele>28.1</ele>
      </trkpt>
      <trkpt lat="68.182444" lon="13.910372">
        <ele>23.8</ele>
      </trkpt>
      <trkpt lat="68.182335" lon="13.913539">
        <ele>21.6</ele>
      </trkpt>
      <trkpt lat="68.182194" lon="13.915115">
        <ele>26.2</ele>
      </trkpt>
      <trkpt lat="68.182034" lon="13.915754">
        <ele>19.1</ele>
      </trkpt>
      <trkpt lat="68.181953" lon="13.916426">
        <ele>13.4</ele>
      </trkpt>
      <trkpt lat="68.182018" lon="13.917240">
        <ele>12.9</ele>
      </trkpt>
      <trkpt lat="68.182105" lon="13.917704">
        <ele>12.7</ele>
      </trkpt>
      <trkpt lat="68.182804" lon="13.919407">
        <ele>49.2</ele>
      </trkpt>
      <trkpt lat="68.183157" lon="13.920532">
        <ele>53.3</ele>
      </trkpt>
      <trkpt lat="68.183510" lon="13.922010">
        <ele>44.5</ele>
      </trkpt>
      <trkpt lat="68.183670" lon="13.922832">
        <ele>46.9</ele>
      </trkpt>
      <trkpt lat="68.183757" lon="13.923537">
        <ele>35.7</ele>
      </trkpt>
      <trkpt lat="68.183855" lon="13.924909">
        <ele>26.3</ele>
      </trkpt>
      <trkpt lat="68.184057" lon="13.926552">
        <ele>15.5</ele>
      </trkpt>
      <trkpt lat="68.184201" lon="13.927030">
        <ele>15.8</ele>
      </trkpt>
      <trkpt lat="68.185927" lon="13.929402">
        <ele>23.5</ele>
      </trkpt>
      <trkpt lat="68.186795" lon="13.930075">
        <ele>11.5</ele>
      </trkpt>
      <trkpt lat="68.187417" lon="13.930350">
        <ele>12</ele>
      </trkpt>
      <trkpt lat="68.187964" lon="13.930834">
        <ele>3</ele>
      </trkpt>
      <trkpt lat="68.188762" lon="13.931245">
        <ele>6.7</ele>
      </trkpt>
      <trkpt lat="68.190279" lon="13.932552">
        <ele>10.2</ele>
      </trkpt>
      <trkpt lat="68.190913" lon="13.933297">
        <ele>11.3</ele>
      </trkpt>
      <trkpt lat="68.192383" lon="13.935347">
        <ele>1.3</ele>
      </trkpt>
      <trkpt lat="68.193499" lon="13.936646">
        <ele>5.6</ele>
      </trkpt>
      <trkpt lat="68.194077" lon="13.937701">
        <ele>8.5</ele>
      </trkpt>
      <trkpt lat="68.194545" lon="13.938823">
        <ele>5.4</ele>
      </trkpt>
      <trkpt lat="68.194979" lon="13.940398">
        <ele>5</ele>
      </trkpt>
      <trkpt lat="68.195369" lon="13.942309">
        <ele>3.8</ele>
      </trkpt>
      <trkpt lat="68.196078" lon="13.946226">
        <ele>2.9</ele>
      </trkpt>
      <trkpt lat="68.196611" lon="13.949386">
        <ele>6.8</ele>
      </trkpt>
      <trkpt lat="68.196935" lon="13.952662">
        <ele>0.4</ele>
      </trkpt>
      <trkpt lat="68.197150" lon="13.954134">
        <ele>2.5</ele>
      </trkpt>
      <trkpt lat="68.197245" lon="13.956311">
        <ele>3.3</ele>
      </trkpt>
      <trkpt lat="68.197425" lon="13.962277">
        <ele>0.2</ele>
      </trkpt>
      <trkpt lat="68.197494" lon="13.963034">
        <ele>0.6</ele>
      </trkpt>
      <trkpt lat="68.197537" lon="13.963261">
        <ele>0.8</ele>
      </trkpt>
      <trkpt lat="68.197781" lon="13.963832">
        <ele>1</ele>
      </trkpt>
      <trkpt lat="68.198363" lon="13.964544">
        <ele>1.1</ele>
      </trkpt>
      <trkpt lat="68.198628" lon="13.965058">
        <ele>1.1</ele>
      </trkpt>
      <trkpt lat="68.199028" lon="13.966768">
        <ele>1.2</ele>
      </trkpt>
      <trkpt lat="68.199230" lon="13.967128">
        <ele>1.1</ele>
      </trkpt>
      <trkpt lat="68.199379" lon="13.967280">
        <ele>1.1</ele>
      </trkpt>
      <trkpt lat="68.200260" lon="13.967895">
        <ele>2.5</ele>
      </trkpt>
      <trkpt lat="68.200515" lon="13.968291">
        <ele>3.8</ele>
      </trkpt>
      <trkpt lat="68.200811" lon="13.969161">
        <ele>5.4</ele>
      </trkpt>
      <trkpt lat="68.201032" lon="13.970288">
        <ele>6.7</ele>
      </trkpt>
      <trkpt lat="68.201132" lon="13.971121">
        <ele>6.8</ele>
      </trkpt>
      <trkpt lat="68.201769" lon="13.979756">
        <ele>4.5</ele>
      </trkpt>
      <trkpt lat="68.201867" lon="13.982768">
        <ele>6.5</ele>
      </trkpt>
      <trkpt lat="68.201854" lon="13.985590">
        <ele>5.9</ele>
      </trkpt>
      <trkpt lat="68.201695" lon="13.992389">
        <ele>0.7</ele>
      </trkpt>
      <trkpt lat="68.201635" lon="13.993250">
        <ele>0.4</ele>
      </trkpt>
      <trkpt lat="68.201543" lon="13.993744">
        <ele>0.3</ele>
      </trkpt>
      <trkpt lat="68.201407" lon="13.994211">
        <ele>0.4</ele>
      </trkpt>
      <trkpt lat="68.200997" lon="13.994934">
        <ele>0.9</ele>
      </trkpt>
      <trkpt lat="68.200540" lon="13.995306">
        <ele>1.6</ele>
      </trkpt>
      <trkpt lat="68.200009" lon="13.995571">
        <ele>3</ele>
      </trkpt>
      <trkpt lat="68.199288" lon="13.995774">
        <ele>5.8</ele>
      </trkpt>
      <trkpt lat="68.197771" lon="13.995758">
        <ele>4</ele>
      </trkpt>
      <trkpt lat="68.197264" lon="13.996294">
        <ele>3.2</ele>
      </trkpt>
      <trkpt lat="68.196729" lon="13.997650">
        <ele>11.8</ele>
      </trkpt>
      <trkpt lat="68.196227" lon="13.999717">
        <ele>21.4</ele>
      </trkpt>
      <trkpt lat="68.196078" lon="14.000018">
        <ele>20</ele>
      </trkpt>
      <trkpt lat="68.195254" lon="14.000821">
        <ele>9.2</ele>
      </trkpt>
      <trkpt lat="68.194604" lon="14.002519">
        <ele>18.7</ele>
      </trkpt>
      <trkpt lat="68.193615" lon="14.004167">
        <ele>16.7</ele>
      </trkpt>
      <trkpt lat="68.192329" lon="14.007474">
        <ele>25.3</ele>
      </trkpt>
      <trkpt lat="68.191252" lon="14.011998">
        <ele>30.2</ele>
      </trkpt>
      <trkpt lat="68.191134" lon="14.012978">
        <ele>33.3</ele>
      </trkpt>
      <trkpt lat="68.191157" lon="14.014489">
        <ele>41.7</ele>
      </trkpt>
      <trkpt lat="68.190971" lon="14.016010">
        <ele>36.2</ele>
      </trkpt>
      <trkpt lat="68.191090" lon="14.017355">
        <ele>43.8</ele>
      </trkpt>
      <trkpt lat="68.191556" lon="14.019716">
        <ele>45.1</ele>
      </trkpt>
      <trkpt lat="68.191751" lon="14.020994">
        <ele>38</ele>
      </trkpt>
      <trkpt lat="68.192671" lon="14.024272">
        <ele>35.1</ele>
      </trkpt>
      <trkpt lat="68.192926" lon="14.024871">
        <ele>25</ele>
      </trkpt>
      <trkpt lat="68.193454" lon="14.025686">
        <ele>26.7</ele>
      </trkpt>
      <trkpt lat="68.193757" lon="14.026327">
        <ele>31</ele>
      </trkpt>
      <trkpt lat="68.194220" lon="14.027747">
        <ele>36.4</ele>
      </trkpt>
      <trkpt lat="68.194726" lon="14.028826">
        <ele>55.3</ele>
      </trkpt>
      <trkpt lat="68.194970" lon="14.029537">
        <ele>56.7</ele>
      </trkpt>
      <trkpt lat="68.195102" lon="14.030127">
        <ele>55.7</ele>
      </trkpt>
      <trkpt lat="68.195189" lon="14.030862">
        <ele>48.4</ele>
      </trkpt>
      <trkpt lat="68.195233" lon="14.033623">
        <ele>37.9</ele>
      </trkpt>
      <trkpt lat="68.195429" lon="14.035436">
        <ele>28.4</ele>
      </trkpt>
      <trkpt lat="68.195603" lon="14.035815">
        <ele>27.6</ele>
      </trkpt>
      <trkpt lat="68.196372" lon="14.036060">
        <ele>32.8</ele>
      </trkpt>
      <trkpt lat="68.198595" lon="14.036297">
        <ele>11.4</ele>
      </trkpt>
      <trkpt lat="68.202078" lon="14.035847">
        <ele>9</ele>
      </trkpt>
      <trkpt lat="68.202289" lon="14.035987">
        <ele>10</ele>
      </trkpt>
      <trkpt lat="68.202708" lon="14.036503">
        <ele>11.5</ele>
      </trkpt>
      <trkpt lat="68.205591" lon="14.040340">
        <ele>12.7</ele>
      </trkpt>
      <trkpt lat="68.206135" lon="14.041573">
        <ele>11.9</ele>
      </trkpt>
      <trkpt lat="68.208461" lon="14.051462">
        <ele>13.5</ele>
      </trkpt>
      <trkpt lat="68.208930" lon="14.053377">
        <ele>14.6</ele>
      </trkpt>
      <trkpt lat="68.209103" lon="14.053785">
        <ele>15</ele>
      </trkpt>
      <trkpt lat="68.209293" lon="14.054040">
        <ele>15.7</ele>
      </trkpt>
      <trkpt lat="68.210173" lon="14.054617">
        <ele>16.4</ele>
      </trkpt>
      <trkpt lat="68.214298" lon="14.055096">
        <ele>4.2</ele>
      </trkpt>
      <trkpt lat="68.214699" lon="14.055237">
        <ele>4.4</ele>
      </trkpt>
      <trkpt lat="68.215113" lon="14.055501">
        <ele>5.3</ele>
      </trkpt>
      <trkpt lat="68.215605" lon="14.055994">
        <ele>7.3</ele>
      </trkpt>
      <trkpt lat="68.216092" lon="14.056846">
        <ele>10.2</ele>
      </trkpt>
      <trkpt lat="68.216470" lon="14.057789">
        <ele>11.4</ele>
      </trkpt>
      <trkpt lat="68.217760" lon="14.062221">
        <ele>17.6</ele>
      </trkpt>
      <trkpt lat="68.218396" lon="14.064235">
        <ele>14.8</ele>
      </trkpt>
      <trkpt lat="68.218525" lon="14.064551">
        <ele>14.6</ele>
      </trkpt>
      <trkpt lat="68.221919" lon="14.071444">
        <ele>7.5</ele>
      </trkpt>
      <trkpt lat="68.222475" lon="14.072238">
        <ele>7.9</ele>
      </trkpt>
      <trkpt lat="68.223288" lon="14.072925">
        <ele>7.7</ele>
      </trkpt>
      <trkpt lat="68.223630" lon="14.073290">
        <ele>8.5</ele>
      </trkpt>
      <trkpt lat="68.224687" lon="14.075030">
        <ele>7.4</ele>
      </trkpt>
      <trkpt lat="68.226027" lon="14.076196">
        <ele>9.2</ele>
      </trkpt>
      <trkpt lat="68.226928" lon="14.076607">
        <ele>8.3</ele>
      </trkpt>
      <trkpt lat="68.227228" lon="14.076863">
        <ele>7.9</ele>
      </trkpt>
      <trkpt lat="68.227547" lon="14.077430">
        <ele>7.1</ele>
      </trkpt>
      <trkpt lat="68.229179" lon="14.082049">
        <ele>6</ele>
      </trkpt>
      <trkpt lat="68.229660" lon="14.082784">
        <ele>8</ele>
      </trkpt>
      <trkpt lat="68.230189" lon="14.083992">
        <ele>11.6</ele>
      </trkpt>
      <trkpt lat="68.230572" lon="14.085434">
        <ele>14.2</ele>
      </trkpt>
      <trkpt lat="68.230782" lon="14.086641">
        <ele>14.2</ele>
      </trkpt>
      <trkpt lat="68.233598" lon="14.111092">
        <ele>18.2</ele>
      </trkpt>
      <trkpt lat="68.233869" lon="14.112219">
        <ele>18.9</ele>
      </trkpt>
      <trkpt lat="68.234281" lon="14.113240">
        <ele>18.3</ele>
      </trkpt>
      <trkpt lat="68.234760" lon="14.114116">
        <ele>18</ele>
      </trkpt>
      <trkpt lat="68.235162" lon="14.114632">
        <ele>17</ele>
      </trkpt>
      <trkpt lat="68.235556" lon="14.114840">
        <ele>17.2</ele>
      </trkpt>
      <trkpt lat="68.236998" lon="14.115311">
        <ele>17.3</ele>
      </trkpt>
      <trkpt lat="68.241184" lon="14.118782">
        <ele>14.6</ele>
      </trkpt>
      <trkpt lat="68.241407" lon="14.119054">
        <ele>14.7</ele>
      </trkpt>
      <trkpt lat="68.241668" lon="14.119518">
        <ele>14</ele>
      </trkpt>
      <trkpt lat="68.242840" lon="14.122127">
        <ele>14</ele>
      </trkpt>
      <trkpt lat="68.243128" lon="14.122965">
        <ele>15.2</ele>
      </trkpt>
      <trkpt lat="68.243942" lon="14.126060">
        <ele>15.3</ele>
      </trkpt>
      <trkpt lat="68.246586" lon="14.133663">
        <ele>21.7</ele>
      </trkpt>
      <trkpt lat="68.246911" lon="14.135024">
        <ele>27.8</ele>
      </trkpt>
      <trkpt lat="68.247130" lon="14.138309">
        <ele>31.6</ele>
      </trkpt>
      <trkpt lat="68.247122" lon="14.140099">
        <ele>30.8</ele>
      </trkpt>
      <trkpt lat="68.246909" lon="14.142730">
        <ele>22.2</ele>
      </trkpt>
      <trkpt lat="68.247023" lon="14.143812">
        <ele>21.1</ele>
      </trkpt>
      <trkpt lat="68.247404" lon="14.146067">
        <ele>21.5</ele>
      </trkpt>
      <trkpt lat="68.247471" lon="14.146328">
        <ele>20.2</ele>
      </trkpt>
      <trkpt lat="68.247667" lon="14.146909">
        <ele>19.8</ele>
      </trkpt>
      <trkpt lat="68.248219" lon="14.147991">
        <ele>21.5</ele>
      </trkpt>
      <trkpt lat="68.248482" lon="14.148860">
        <ele>20.1</ele>
      </trkpt>
      <trkpt lat="68.248915" lon="14.150698">
        <ele>11.1</ele>
      </trkpt>
      <trkpt lat="68.249104" lon="14.151221">
        <ele>10.8</ele>
      </trkpt>
      <trkpt lat="68.250917" lon="14.153507">
        <ele>5</ele>
      </trkpt>
      <trkpt lat="68.251813" lon="14.155012">
        <ele>1.9</ele>
      </trkpt>
      <trkpt lat="68.252003" lon="14.155220">
        <ele>2.4</ele>
      </trkpt>
      <trkpt lat="68.252336" lon="14.155355">
        <ele>2.8</ele>
      </trkpt>
      <trkpt lat="68.252808" lon="14.155321">
        <ele>13.9</ele>
      </trkpt>
      <trkpt lat="68.253214" lon="14.155693">
        <ele>22.2</ele>
      </trkpt>
      <trkpt lat="68.253498" lon="14.156314">
        <ele>22.8</ele>
      </trkpt>
      <trkpt lat="68.253884" lon="14.158341">
        <ele>14.8</ele>
      </trkpt>
      <trkpt lat="68.254085" lon="14.158960">
        <ele>14.2</ele>
      </trkpt>
      <trkpt lat="68.254503" lon="14.159774">
        <ele>14.1</ele>
      </trkpt>
      <trkpt lat="68.255154" lon="14.160420">
        <ele>15.8</ele>
      </trkpt>
      <trkpt lat="68.256594" lon="14.162344">
        <ele>19.3</ele>
      </trkpt>
      <trkpt lat="68.258445" lon="14.163873">
        <ele>26</ele>
      </trkpt>
      <trkpt lat="68.259004" lon="14.164048">
        <ele>24.2</ele>
      </trkpt>
      <trkpt lat="68.259640" lon="14.164057">
        <ele>28</ele>
      </trkpt>
      <trkpt lat="68.260265" lon="14.163944">
        <ele>25.7</ele>
      </trkpt>
      <trkpt lat="68.261236" lon="14.163654">
        <ele>17.2</ele>
      </trkpt>
      <trkpt lat="68.261411" lon="14.163509">
        <ele>16.4</ele>
      </trkpt>
      <trkpt lat="68.263017" lon="14.161424">
        <ele>7.1</ele>
      </trkpt>
      <trkpt lat="68.263814" lon="14.160214">
        <ele>5.2</ele>
      </trkpt>
      <trkpt lat="68.265006" lon="14.158036">
        <ele>4.6</ele>
      </trkpt>
      <trkpt lat="68.265311" lon="14.157620">
        <ele>4.6</ele>
      </trkpt>
      <trkpt lat="68.265959" lon="14.157025">
        <ele>0.4</ele>
      </trkpt>
      <trkpt lat="68.266057" lon="14.156823">
        <ele>0.1</ele>
      </trkpt>
      <trkpt lat="68.266568" lon="14.154658">
        <ele>6</ele>
      </trkpt>
      <trkpt lat="68.266736" lon="14.154211">
        <ele>5.5</ele>
      </trkpt>
      <trkpt lat="68.267855" lon="14.152127">
        <ele>9.4</ele>
      </trkpt>
      <trkpt lat="68.268316" lon="14.151393">
        <ele>13.6</ele>
      </trkpt>
      <trkpt lat="68.268452" lon="14.151376">
        <ele>7.1</ele>
      </trkpt>
      <trkpt lat="68.268569" lon="14.151646">
        <ele>0.8</ele>
      </trkpt>
      <trkpt lat="68.268334" lon="14.152691">
        <ele>2.6</ele>
      </trkpt>
      <trkpt lat="68.268237" lon="14.153614">
      </trkpt>
      <trkpt lat="68.268212" lon="14.154435">
      </trkpt>
      <trkpt lat="68.268224" lon="14.158764">
        <ele>2.1</ele>
      </trkpt>
      <trkpt lat="68.268198" lon="14.159858">
        <ele>1</ele>
      </trkpt>
      <trkpt lat="68.268077" lon="14.161719">
        <ele>6.6</ele>
      </trkpt>
      <trkpt lat="68.267768" lon="14.165394">
        <ele>7.5</ele>
      </trkpt>
      <trkpt lat="68.267493" lon="14.167151">
        <ele>10.4</ele>
      </trkpt>
      <trkpt lat="68.267215" lon="14.168346">
        <ele>12.6</ele>
      </trkpt>
      <trkpt lat="68.266673" lon="14.170090">
        <ele>8.3</ele>
      </trkpt>
      <trkpt lat="68.266392" lon="14.171194">
        <ele>9.4</ele>
      </trkpt>
      <trkpt lat="68.265840" lon="14.174878">
        <ele>6.2</ele>
      </trkpt>
      <trkpt lat="68.265602" lon="14.176108">
        <ele>11.4</ele>
      </trkpt>
      <trkpt lat="68.262819" lon="14.185926">
        <ele>13.9</ele>
      </trkpt>
      <trkpt lat="68.262544" lon="14.187154">
        <ele>10.5</ele>
      </trkpt>
      <trkpt lat="68.262096" lon="14.189564">
        <ele>14.6</ele>
      </trkpt>
      <trkpt lat="68.261792" lon="14.190747">
        <ele>7</ele>
      </trkpt>
      <trkpt lat="68.261411" lon="14.191838">
        <ele>3.8</ele>
      </trkpt>
      <trkpt lat="68.261089" lon="14.192530">
        <ele>5.4</ele>
      </trkpt>
      <trkpt lat="68.258273" lon="14.197475">
        <ele>4.1</ele>
      </trkpt>
      <trkpt lat="68.257954" lon="14.198227">
        <ele>3.8</ele>
      </trkpt>
      <trkpt lat="68.257647" lon="14.199225">
        <ele>9.3</ele>
      </trkpt>
      <trkpt lat="68.257310" lon="14.201089">
        <ele>12.9</ele>
      </trkpt>
      <trkpt lat="68.257191" lon="14.202701">
        <ele>7.7</ele>
      </trkpt>
      <trkpt lat="68.257220" lon="14.204623">
        <ele>13.3</ele>
      </trkpt>
      <trkpt lat="68.257356" lon="14.206074">
        <ele>13.3</ele>
      </trkpt>
      <trkpt lat="68.257971" lon="14.211231">
        <ele>29.7</ele>
      </trkpt>
      <trkpt lat="68.258594" lon="14.217462">
        <ele>12.6</ele>
      </trkpt>
      <trkpt lat="68.259485" lon="14.228463">
        <ele>20.2</ele>
      </trkpt>
      <trkpt lat="68.259638" lon="14.229930">
        <ele>6.7</ele>
      </trkpt>
      <trkpt lat="68.259996" lon="14.231973">
        <ele>15.6</ele>
      </trkpt>
      <trkpt lat="68.260803" lon="14.234909">
        <ele>25.5</ele>
      </trkpt>
      <trkpt lat="68.261372" lon="14.237625">
        <ele>26.2</ele>
      </trkpt>
      <trkpt lat="68.261612" lon="14.238373">
        <ele>28.3</ele>
      </trkpt>
      <trkpt lat="68.261912" lon="14.239009">
        <ele>41</ele>
      </trkpt>
      <trkpt lat="68.262422" lon="14.239899">
        <ele>49.3</ele>
      </trkpt>
      <trkpt lat="68.262793" lon="14.240772">
        <ele>59.9</ele>
      </trkpt>
      <trkpt lat="68.263071" lon="14.241900">
        <ele>57.6</ele>
      </trkpt>
      <trkpt lat="68.263215" lon="14.243092">
        <ele>44.3</ele>
      </trkpt>
      <trkpt lat="68.263245" lon="14.244017">
        <ele>6.4</ele>
      </trkpt>
      <trkpt lat="68.263181" lon="14.245575">
      </trkpt>
      <trkpt lat="68.260611" lon="14.271806">
        <ele>1.6</ele>
      </trkpt>
      <trkpt lat="68.260454" lon="14.272900">
        <ele>3.7</ele>
      </trkpt>
      <trkpt lat="68.260221" lon="14.273785">
        <ele>9.5</ele>
      </trkpt>
      <trkpt lat="68.259936" lon="14.274492">
        <ele>16.2</ele>
      </trkpt>
      <trkpt lat="68.259597" lon="14.275024">
        <ele>19.9</ele>
      </trkpt>
      <trkpt lat="68.259057" lon="14.275412">
        <ele>22.9</ele>
      </trkpt>
      <trkpt lat="68.258596" lon="14.275382">
        <ele>24</ele>
      </trkpt>
      <trkpt lat="68.257207" lon="14.274835">
        <ele>19.3</ele>
      </trkpt>
      <trkpt lat="68.256545" lon="14.274751">
        <ele>13.1</ele>
      </trkpt>
      <trkpt lat="68.253225" lon="14.275290">
        <ele>4.2</ele>
      </trkpt>
      <trkpt lat="68.252565" lon="14.275619">
        <ele>3.6</ele>
      </trkpt>
      <trkpt lat="68.251938" lon="14.276550">
        <ele>3.6</ele>
      </trkpt>
      <trkpt lat="68.251195" lon="14.278029">
        <ele>4.9</ele>
      </trkpt>
      <trkpt lat="68.250516" lon="14.279208">
        <ele>5.1</ele>
      </trkpt>
      <trkpt lat="68.249820" lon="14.280044">
        <ele>4.8</ele>
      </trkpt>
      <trkpt lat="68.249164" lon="14.280504">
        <ele>11.3</ele>
      </trkpt>
      <trkpt lat="68.247840" lon="14.280808">
        <ele>12.5</ele>
      </trkpt>
      <trkpt lat="68.247134" lon="14.280890">
        <ele>2.3</ele>
      </trkpt>
      <trkpt lat="68.241626" lon="14.281470">
        <ele>5</ele>
      </trkpt>
      <trkpt lat="68.241205" lon="14.281482">
        <ele>4.9</ele>
      </trkpt>
      <trkpt lat="68.240988" lon="14.281382">
        <ele>3</ele>
      </trkpt>
      <trkpt lat="68.240624" lon="14.280923">
        <ele>2.9</ele>
      </trkpt>
      <trkpt lat="68.240358" lon="14.280218">
        <ele>3.1</ele>
      </trkpt>
      <trkpt lat="68.240264" lon="14.279799">
        <ele>3.3</ele>
      </trkpt>
      <trkpt lat="68.240172" lon="14.279111">
        <ele>2.9</ele>
      </trkpt>
      <trkpt lat="68.240152" lon="14.278138">
        <ele>2.8</ele>
      </trkpt>
      <trkpt lat="68.240176" lon="14.277527">
        <ele>2.8</ele>
      </trkpt>
      <trkpt lat="68.240563" lon="14.270209">
        <ele>2</ele>
      </trkpt>
      <trkpt lat="68.240569" lon="14.268693">
        <ele>1.5</ele>
      </trkpt>
      <trkpt lat="68.240486" lon="14.264330">
        <ele>2.2</ele>
      </trkpt>
      <trkpt lat="68.240369" lon="14.262951">
        <ele>2.9</ele>
      </trkpt>
      <trkpt lat="68.239668" lon="14.259034">
        <ele>3.8</ele>
      </trkpt>
      <trkpt lat="68.239376" lon="14.254453">
        <ele>3.6</ele>
      </trkpt>
      <trkpt lat="68.239131" lon="14.252842">
        <ele>2.3</ele>
      </trkpt>
      <trkpt lat="68.238906" lon="14.251896">
        <ele>4.3</ele>
      </trkpt>
      <trkpt lat="68.238708" lon="14.251295">
        <ele>6.4</ele>
      </trkpt>
      <trkpt lat="68.229666" lon="14.225584">
        <ele>21.1</ele>
      </trkpt>
      <trkpt lat="68.229097" lon="14.224352">
        <ele>22</ele>
      </trkpt>
      <trkpt lat="68.227067" lon="14.221573">
        <ele>24.4</ele>
      </trkpt>
      <trkpt lat="68.225333" lon="14.219862">
        <ele>18.4</ele>
      </trkpt>
      <trkpt lat="68.222269" lon="14.217029">
        <ele>18.2</ele>
      </trkpt>
      <trkpt lat="68.219881" lon="14.215235">
        <ele>15</ele>
      </trkpt>
      <trkpt lat="68.216120" lon="14.214441">
        <ele>8.6</ele>
      </trkpt>
      <trkpt lat="68.215713" lon="14.214511">
        <ele>9.5</ele>
      </trkpt>
      <trkpt lat="68.215342" lon="14.214787">
        <ele>14.2</ele>
      </trkpt>
      <trkpt lat="68.214136" lon="14.216190">
        <ele>23.2</ele>
      </trkpt>
      <trkpt lat="68.213686" lon="14.217021">
        <ele>23.8</ele>
      </trkpt>
      <trkpt lat="68.211629" lon="14.221662">
        <ele>22.5</ele>
      </trkpt>
      <trkpt lat="68.211362" lon="14.222046">
        <ele>19.4</ele>
      </trkpt>
      <trkpt lat="68.211007" lon="14.222296">
        <ele>17.6</ele>
      </trkpt>
      <trkpt lat="68.210447" lon="14.222271">
        <ele>10</ele>
      </trkpt>
      <trkpt lat="68.209186" lon="14.221359">
        <ele>0.8</ele>
      </trkpt>
      <trkpt lat="68.208727" lon="14.221201">
        <ele>1.4</ele>
      </trkpt>
      <trkpt lat="68.208269" lon="14.221321">
        <ele>5.7</ele>
      </trkpt>
      <trkpt lat="68.206831" lon="14.222019">
        <ele>14.3</ele>
      </trkpt>
      <trkpt lat="68.206567" lon="14.222260">
        <ele>17.9</ele>
      </trkpt>
      <trkpt lat="68.206297" lon="14.222721">
        <ele>25.3</ele>
      </trkpt>
      <trkpt lat="68.206082" lon="14.223625">
        <ele>31.5</ele>
      </trkpt>
      <trkpt lat="68.205993" lon="14.225232">
        <ele>54.2</ele>
      </trkpt>
      <trkpt lat="68.205976" lon="14.236698">
        <ele>50.6</ele>
      </trkpt>
      <trkpt lat="68.206168" lon="14.239786">
        <ele>49.2</ele>
      </trkpt>
      <trkpt lat="68.206518" lon="14.244231">
        <ele>43.9</ele>
      </trkpt>
      <trkpt lat="68.206671" lon="14.245802">
        <ele>43.4</ele>
      </trkpt>
      <trkpt lat="68.206969" lon="14.247974">
        <ele>48.1</ele>
      </trkpt>
      <trkpt lat="68.207627" lon="14.252267">
        <ele>47.4</ele>
      </trkpt>
      <trkpt lat="68.207898" lon="14.254333">
        <ele>51.8</ele>
      </trkpt>
      <trkpt lat="68.208093" lon="14.257188">
        <ele>43.9</ele>
      </trkpt>
      <trkpt lat="68.208427" lon="14.263503">
        <ele>35.6</ele>
      </trkpt>
      <trkpt lat="68.208454" lon="14.264967">
        <ele>35.7</ele>
      </trkpt>
      <trkpt lat="68.208421" lon="14.266450">
        <ele>48</ele>
      </trkpt>
      <trkpt lat="68.208184" lon="14.268943">
        <ele>34.9</ele>
      </trkpt>
      <trkpt lat="68.206709" lon="14.280110">
        <ele>40.4</ele>
      </trkpt>
      <trkpt lat="68.206683" lon="14.280419">
        <ele>38.6</ele>
      </trkpt>
      <trkpt lat="68.206673" lon="14.282080">
        <ele>49.4</ele>
      </trkpt>
      <trkpt lat="68.206835" lon="14.283460">
        <ele>60.5</ele>
      </trkpt>
      <trkpt lat="68.213999" lon="14.310016">
        <ele>16.7</ele>
      </trkpt>
      <trkpt lat="68.214501" lon="14.312195">
        <ele>13.4</ele>
      </trkpt>
      <trkpt lat="68.214946" lon="14.315169">
        <ele>13.3</ele>
      </trkpt>
      <trkpt lat="68.215119" lon="14.317684">
        <ele>10.1</ele>
      </trkpt>
      <trkpt lat="68.215099" lon="14.320636">
        <ele>7.5</ele>
      </trkpt>
      <trkpt lat="68.215063" lon="14.321284">
        <ele>5.7</ele>
      </trkpt>
      <trkpt lat="68.214759" lon="14.324338">
        <ele>4.9</ele>
      </trkpt>
      <trkpt lat="68.211441" lon="14.353043">
        <ele>36.3</ele>
      </trkpt>
      <trkpt lat="68.211362" lon="14.353866">
        <ele>36.9</ele>
      </trkpt>
      <trkpt lat="68.211311" lon="14.354823">
        <ele>38.4</ele>
      </trkpt>
      <trkpt lat="68.211318" lon="14.355927">
        <ele>39.5</ele>
      </trkpt>
      <trkpt lat="68.213174" lon="14.392709">
        <ele>18.7</ele>
      </trkpt>
      <trkpt lat="68.213412" lon="14.394885">
        <ele>24.5</ele>
      </trkpt>
      <trkpt lat="68.213658" lon="14.396278">
        <ele>20.4</ele>
      </trkpt>
      <trkpt lat="68.213624" lon="14.396437">
        <ele>20.4</ele>
      </trkpt>
      <trkpt lat="68.214513" lon="14.400169">
        <ele>17.9</ele>
      </trkpt>
      <trkpt lat="68.214700" lon="14.401296">
        <ele>17.4</ele>
      </trkpt>
      <trkpt lat="68.214793" lon="14.402402">
        <ele>13.5</ele>
      </trkpt>
      <trkpt lat="68.214775" lon="14.404035">
        <ele>6.3</ele>
      </trkpt>
      <trkpt lat="68.214614" lon="14.405514">
        <ele>2.9</ele>
      </trkpt>
      <trkpt lat="68.214356" lon="14.406720">
        <ele>4.6</ele>
      </trkpt>
      <trkpt lat="68.213966" lon="14.407901">
        <ele>5</ele>
      </trkpt>
      <trkpt lat="68.213673" lon="14.408970">
        <ele>7.3</ele>
      </trkpt>
      <trkpt lat="68.213435" lon="14.410459">
        <ele>10.5</ele>
      </trkpt>
      <trkpt lat="68.212999" lon="14.414081">
        <ele>14.4</ele>
      </trkpt>
      <trkpt lat="68.212885" lon="14.415251">
        <ele>15.1</ele>
      </trkpt>
      <trkpt lat="68.212845" lon="14.416169">
        <ele>18.3</ele>
      </trkpt>
      <trkpt lat="68.212854" lon="14.416975">
        <ele>21.1</ele>
      </trkpt>
      <trkpt lat="68.212978" lon="14.418365">
        <ele>26.8</ele>
      </trkpt>
      <trkpt lat="68.213213" lon="14.420260">
        <ele>33.6</ele>
      </trkpt>
      <trkpt lat="68.214612" lon="14.430974">
        <ele>18.9</ele>
      </trkpt>
      <trkpt lat="68.214708" lon="14.431947">
        <ele>19</ele>
      </trkpt>
      <trkpt lat="68.215111" lon="14.434778">
        <ele>18.8</ele>
      </trkpt>
      <trkpt lat="68.215181" lon="14.435610">
        <ele>18.8</ele>
      </trkpt>
      <trkpt lat="68.215192" lon="14.436407">
        <ele>19</ele>
      </trkpt>
      <trkpt lat="68.215089" lon="14.437739">
        <ele>17.4</ele>
      </trkpt>
      <trkpt lat="68.214793" lon="14.439736">
        <ele>14.7</ele>
      </trkpt>
      <trkpt lat="68.214557" lon="14.440774">
        <ele>13.9</ele>
      </trkpt>
      <trkpt lat="68.214157" lon="14.441776">
        <ele>3.6</ele>
      </trkpt>
      <trkpt lat="68.213703" lon="14.444207">
        <ele>9.3</ele>
      </trkpt>
      <trkpt lat="68.213642" lon="14.445063">
        <ele>13.5</ele>
      </trkpt>
      <trkpt lat="68.213734" lon="14.446248">
        <ele>16.6</ele>
      </trkpt>
      <trkpt lat="68.213788" lon="14.446507">
        <ele>17.2</ele>
      </trkpt>
      <trkpt lat="68.213987" lon="14.446986">
        <ele>17.9</ele>
      </trkpt>
      <trkpt lat="68.214116" lon="14.447441">
        <ele>18.7</ele>
      </trkpt>
      <trkpt lat="68.214164" lon="14.447792">
        <ele>19</ele>
      </trkpt>
      <trkpt lat="68.214121" lon="14.448258">
        <ele>19.3</ele>
      </trkpt>
      <trkpt lat="68.213807" lon="14.450334">
        <ele>24.3</ele>
      </trkpt>
      <trkpt lat="68.213541" lon="14.452750">
        <ele>30.2</ele>
      </trkpt>
      <trkpt lat="68.213433" lon="14.454082">
        <ele>33.5</ele>
      </trkpt>
      <trkpt lat="68.213371" lon="14.455602">
        <ele>38.5</ele>
      </trkpt>
      <trkpt lat="68.213350" lon="14.460093">
        <ele>27.2</ele>
      </trkpt>
      <trkpt lat="68.213313" lon="14.461677">
        <ele>23.6</ele>
      </trkpt>
      <trkpt lat="68.213507" lon="14.463157">
        <ele>20.7</ele>
      </trkpt>
      <trkpt lat="68.213493" lon="14.463547">
        <ele>20.4</ele>
      </trkpt>
      <trkpt lat="68.213329" lon="14.464554">
        <ele>20.9</ele>
      </trkpt>
      <trkpt lat="68.212363" lon="14.464785">
        <ele>21.1</ele>
      </trkpt>
      <trkpt lat="68.212322" lon="14.464831">
        <ele>21.1</ele>
      </trkpt>
      <trkpt lat="68.212301" lon="14.464977">
        <ele>21.1</ele>
      </trkpt>
      <trkpt lat="68.212363" lon="14.465897">
        <ele>21.1</ele>
      </trkpt>
      <trkpt lat="68.212213" lon="14.467200">
        <ele>20.7</ele>
      </trkpt>
      <trkpt lat="68.211810" lon="14.476045">
        <ele>19.1</ele>
      </trkpt>
      <trkpt lat="68.211889" lon="14.477240">
        <ele>18.1</ele>
      </trkpt>
      <trkpt lat="68.212052" lon="14.478031">
        <ele>17.3</ele>
      </trkpt>
      <trkpt lat="68.212526" lon="14.479295">
        <ele>19.1</ele>
      </trkpt>
      <trkpt lat="68.213068" lon="14.481326">
        <ele>18.8</ele>
      </trkpt>
      <trkpt lat="68.213315" lon="14.481933">
        <ele>13.4</ele>
      </trkpt>
      <trkpt lat="68.213499" lon="14.482243">
        <ele>11.5</ele>
      </trkpt>
      <trkpt lat="68.213823" lon="14.482565">
        <ele>10</ele>
      </trkpt>
      <trkpt lat="68.214238" lon="14.482634">
        <ele>7.7</ele>
      </trkpt>
      <trkpt lat="68.214463" lon="14.482502">
        <ele>6.4</ele>
      </trkpt>
      <trkpt lat="68.214879" lon="14.482051">
        <ele>8.2</ele>
      </trkpt>
      <trkpt lat="68.215363" lon="14.481846">
        <ele>11.1</ele>
      </trkpt>
      <trkpt lat="68.215884" lon="14.482283">
        <ele>13.7</ele>
      </trkpt>
      <trkpt lat="68.215965" lon="14.482456">
        <ele>14.3</ele>
      </trkpt>
      <trkpt lat="68.216265" lon="14.483457">
        <ele>15.7</ele>
      </trkpt>
      <trkpt lat="68.216375" lon="14.484045">
        <ele>16.1</ele>
      </trkpt>
      <trkpt lat="68.217184" lon="14.489563">
        <ele>17.2</ele>
      </trkpt>
      <trkpt lat="68.217495" lon="14.490741">
        <ele>18.8</ele>
      </trkpt>
      <trkpt lat="68.217899" lon="14.491957">
        <ele>20.5</ele>
      </trkpt>
      <trkpt lat="68.218249" lon="14.492403">
        <ele>23.6</ele>
      </trkpt>
      <trkpt lat="68.218550" lon="14.493054">
        <ele>23.2</ele>
      </trkpt>
      <trkpt lat="68.219348" lon="14.495829">
        <ele>20.7</ele>
      </trkpt>
      <trkpt lat="68.219888" lon="14.497563">
        <ele>19.2</ele>
      </trkpt>
      <trkpt lat="68.220454" lon="14.499729">
        <ele>19.8</ele>
      </trkpt>
      <trkpt lat="68.221191" lon="14.501400">
        <ele>19.7</ele>
      </trkpt>
      <trkpt lat="68.221436" lon="14.502306">
        <ele>20.1</ele>
      </trkpt>
      <trkpt lat="68.221601" lon="14.503223">
        <ele>22.4</ele>
      </trkpt>
      <trkpt lat="68.221738" lon="14.504710">
        <ele>28.4</ele>
      </trkpt>
      <trkpt lat="68.221793" lon="14.509073">
        <ele>40.7</ele>
      </trkpt>
      <trkpt lat="68.221907" lon="14.510195">
        <ele>43.1</ele>
      </trkpt>
      <trkpt lat="68.222109" lon="14.511236">
        <ele>42.8</ele>
      </trkpt>
      <trkpt lat="68.222508" lon="14.512446">
        <ele>40.8</ele>
      </trkpt>
      <trkpt lat="68.223876" lon="14.514683">
        <ele>36.5</ele>
      </trkpt>
      <trkpt lat="68.224197" lon="14.515492">
        <ele>34.9</ele>
      </trkpt>
      <trkpt lat="68.224473" lon="14.516633">
        <ele>34.7</ele>
      </trkpt>
      <trkpt lat="68.224569" lon="14.517258">
        <ele>38.5</ele>
      </trkpt>
      <trkpt lat="68.224643" lon="14.518556">
        <ele>44.8</ele>
      </trkpt>
      <trkpt lat="68.224650" lon="14.522375">
        <ele>51</ele>
      </trkpt>
      <trkpt lat="68.224722" lon="14.523409">
        <ele>54.2</ele>
      </trkpt>
      <trkpt lat="68.224852" lon="14.524336">
        <ele>54.6</ele>
      </trkpt>
      <trkpt lat="68.225047" lon="14.525215">
        <ele>55.8</ele>
      </trkpt>
      <trkpt lat="68.225374" lon="14.526291">
        <ele>56.1</ele>
      </trkpt>
      <trkpt lat="68.225890" lon="14.527515">
        <ele>58.1</ele>
      </trkpt>
      <trkpt lat="68.226880" lon="14.530134">
        <ele>44.5</ele>
      </trkpt>
      <trkpt lat="68.227469" lon="14.531317">
        <ele>37.1</ele>
      </trkpt>
      <trkpt lat="68.228004" lon="14.532014">
        <ele>30</ele>
      </trkpt>
      <trkpt lat="68.228587" lon="14.532446">
        <ele>21.5</ele>
      </trkpt>
      <trkpt lat="68.229254" lon="14.532582">
        <ele>20.4</ele>
      </trkpt>
      <trkpt lat="68.229395" lon="14.532461">
        <ele>20.9</ele>
      </trkpt>
      <trkpt lat="68.229457" lon="14.532095">
        <ele>21.3</ele>
      </trkpt>
      <trkpt lat="68.229502" lon="14.531391">
        <ele>23.6</ele>
      </trkpt>
      <trkpt lat="68.229608" lon="14.531302">
        <ele>23.9</ele>
      </trkpt>
      <trkpt lat="68.230788" lon="14.531221">
        <ele>22.4</ele>
      </trkpt>
      <trkpt lat="68.231290" lon="14.531394">
        <ele>20.7</ele>
      </trkpt>
      <trkpt lat="68.231893" lon="14.532020">
        <ele>17.7</ele>
      </trkpt>
      <trkpt lat="68.234058" lon="14.535457">
        <ele>19.9</ele>
      </trkpt>
      <trkpt lat="68.234630" lon="14.536766">
        <ele>16.7</ele>
      </trkpt>
      <trkpt lat="68.234945" lon="14.537876">
        <ele>14.7</ele>
      </trkpt>
      <trkpt lat="68.235875" lon="14.541984">
        <ele>12.7</ele>
      </trkpt>
      <trkpt lat="68.236127" lon="14.543320">
        <ele>13.1</ele>
      </trkpt>
      <trkpt lat="68.236226" lon="14.544068">
        <ele>8.7</ele>
      </trkpt>
      <trkpt lat="68.236301" lon="14.545471">
        <ele>3.2</ele>
      </trkpt>
      <trkpt lat="68.236388" lon="14.556785">
        <ele>8.7</ele>
      </trkpt>
      <trkpt lat="68.236366" lon="14.557222">
        <ele>8.8</ele>
      </trkpt>
      <trkpt lat="68.236064" lon="14.559989">
        <ele>11.8</ele>
      </trkpt>
      <trkpt lat="68.235864" lon="14.561291">
        <ele>10.1</ele>
      </trkpt>
      <trkpt lat="68.235864" lon="14.561291">
        <ele>10.1</ele>
      </trkpt>
      <trkpt lat="68.235952" lon="14.561799">
        <ele>10.3</ele>
      </trkpt>
      <trkpt lat="68.236043" lon="14.562011">
        <ele>10.9</ele>
      </trkpt>
      <trkpt lat="68.236465" lon="14.562660">
        <ele>12.9</ele>
      </trkpt>
      <trkpt lat="68.236605" lon="14.563022">
        <ele>14.4</ele>
      </trkpt>
      <trkpt lat="68.237047" lon="14.564922">
        <ele>15.9</ele>
      </trkpt>
      <trkpt lat="68.237445" lon="14.565752">
        <ele>15.9</ele>
      </trkpt>
      <trkpt lat="68.237753" lon="14.566063">
        <ele>15.3</ele>
      </trkpt>
      <trkpt lat="68.238405" lon="14.566551">
        <ele>12.5</ele>
      </trkpt>
      <trkpt lat="68.239574" lon="14.567161">
        <ele>10.5</ele>
      </trkpt>
      <trkpt lat="68.239733" lon="14.567325">
        <ele>11.1</ele>
      </trkpt>
      <trkpt lat="68.239687" lon="14.567700">
        <ele>6.1</ele>
      </trkpt>
      <trkpt lat="68.240099" lon="14.568253">
        <ele>8</ele>
      </trkpt>
      <trkpt lat="68.240429" lon="14.568998">
        <ele>6.9</ele>
      </trkpt>
      <trkpt lat="68.240634" lon="14.569747">
        <ele>7.1</ele>
      </trkpt>
      <trkpt lat="68.240972" lon="14.571406">
        <ele>0.3</ele>
      </trkpt>
      <trkpt lat="68.241189" lon="14.572107">
        <ele>0.7</ele>
      </trkpt>
      <trkpt lat="68.242085" lon="14.573760">
        <ele>0.1</ele>
      </trkpt>
      <trkpt lat="68.242604" lon="14.575908">
        <ele>0.4</ele>
      </trkpt>
      <trkpt lat="68.242858" lon="14.576624">
        <ele>0.7</ele>
      </trkpt>
      <trkpt lat="68.243071" lon="14.577388">
        <ele>1.3</ele>
      </trkpt>
      <trkpt lat="68.243151" lon="14.577905">
        <ele>2.3</ele>
      </trkpt>
      <trkpt lat="68.243172" lon="14.578673">
        <ele>4.1</ele>
      </trkpt>
      <trkpt lat="68.243115" lon="14.579552">
        <ele>8.4</ele>
      </trkpt>
      <trkpt lat="68.242618" lon="14.581897">
        <ele>10</ele>
      </trkpt>
      <trkpt lat="68.242544" lon="14.582516">
        <ele>11.2</ele>
      </trkpt>
      <trkpt lat="68.242326" lon="14.585526">
        <ele>18.1</ele>
      </trkpt>
      <trkpt lat="68.242056" lon="14.590547">
        <ele>26.1</ele>
      </trkpt>
      <trkpt lat="68.242005" lon="14.592173">
        <ele>30.4</ele>
      </trkpt>
      <trkpt lat="68.242055" lon="14.592207">
        <ele>30.4</ele>
      </trkpt>
      <trkpt lat="68.242062" lon="14.592819">
        <ele>35.1</ele>
      </trkpt>
      <trkpt lat="68.242159" lon="14.594566">
        <ele>34.1</ele>
      </trkpt>
      <trkpt lat="68.242360" lon="14.596957">
        <ele>22.3</ele>
      </trkpt>
      <trkpt lat="68.242707" lon="14.599250">
        <ele>21.8</ele>
      </trkpt>
      <trkpt lat="68.243928" lon="14.606564">
        <ele>29.1</ele>
      </trkpt>
      <trkpt lat="68.244216" lon="14.608813">
        <ele>20.2</ele>
      </trkpt>
      <trkpt lat="68.244318" lon="14.610385">
        <ele>20.2</ele>
      </trkpt>
      <trkpt lat="68.244434" lon="14.614057">
        <ele>17.8</ele>
      </trkpt>
      <trkpt lat="68.244573" lon="14.616729">
        <ele>30.8</ele>
      </trkpt>
      <trkpt lat="68.245669" lon="14.627999">
        <ele>30.2</ele>
      </trkpt>
      <trkpt lat="68.245871" lon="14.631330">
        <ele>39</ele>
      </trkpt>
      <trkpt lat="68.245881" lon="14.632131">
        <ele>43.6</ele>
      </trkpt>
      <trkpt lat="68.245756" lon="14.632791">
        <ele>36.1</ele>
      </trkpt>
      <trkpt lat="68.245561" lon="14.633100">
        <ele>38.4</ele>
      </trkpt>
      <trkpt lat="68.245265" lon="14.633080">
        <ele>31.5</ele>
      </trkpt>
      <trkpt lat="68.244619" lon="14.632669">
        <ele>26.1</ele>
      </trkpt>
      <trkpt lat="68.244305" lon="14.632751">
        <ele>23.6</ele>
      </trkpt>
      <trkpt lat="68.243947" lon="14.633221">
        <ele>25.8</ele>
      </trkpt>
      <trkpt lat="68.243732" lon="14.633829">
        <ele>30.9</ele>
      </trkpt>
      <trkpt lat="68.243591" lon="14.634807">
        <ele>47.1</ele>
      </trkpt>
      <trkpt lat="68.243589" lon="14.635748">
        <ele>61</ele>
      </trkpt>
      <trkpt lat="68.244470" lon="14.652320">
        <ele>8.2</ele>
      </trkpt>
      <trkpt lat="68.244601" lon="14.653613">
        <ele>11.9</ele>
      </trkpt>
      <trkpt lat="68.244876" lon="14.654751">
        <ele>11.8</ele>
      </trkpt>
      <trkpt lat="68.245050" lon="14.655251">
        <ele>10.9</ele>
      </trkpt>
      <trkpt lat="68.246686" lon="14.658972">
        <ele>2.4</ele>
      </trkpt>
      <trkpt lat="68.247156" lon="14.659714">
        <ele>1.7</ele>
      </trkpt>
      <trkpt lat="68.249464" lon="14.662482">
        <ele>1.9</ele>
      </trkpt>
      <trkpt lat="68.250184" lon="14.663007">
        <ele>0.3</ele>
      </trkpt>
      <trkpt lat="68.250732" lon="14.663131">
        <ele>1.4</ele>
      </trkpt>
      <trkpt lat="68.251260" lon="14.663042">
        <ele>2.7</ele>
      </trkpt>
      <trkpt lat="68.251739" lon="14.662862">
        <ele>3.7</ele>
      </trkpt>
      <trkpt lat="68.255222" lon="14.661250">
        <ele>13.3</ele>
      </trkpt>
      <trkpt lat="68.255979" lon="14.660604">
        <ele>15.3</ele>
      </trkpt>
      <trkpt lat="68.258281" lon="14.657685">
        <ele>6.5</ele>
      </trkpt>
      <trkpt lat="68.258874" lon="14.657258">
        <ele>3.2</ele>
      </trkpt>
      <trkpt lat="68.259224" lon="14.657228">
        <ele>2.9</ele>
      </trkpt>
      <trkpt lat="68.260591" lon="14.657579">
        <ele>3.6</ele>
      </trkpt>
      <trkpt lat="68.262265" lon="14.657330">
        <ele>1</ele>
      </trkpt>
      <trkpt lat="68.262597" lon="14.657379">
        <ele>1.8</ele>
      </trkpt>
      <trkpt lat="68.265265" lon="14.659476">
        <ele>11.4</ele>
      </trkpt>
      <trkpt lat="68.265929" lon="14.659719">
        <ele>13.5</ele>
      </trkpt>
      <trkpt lat="68.266201" lon="14.659668">
        <ele>13.4</ele>
      </trkpt>
      <trkpt lat="68.266620" lon="14.659397">
        <ele>12.3</ele>
      </trkpt>
      <trkpt lat="68.268149" lon="14.657722">
        <ele>12.3</ele>
      </trkpt>
      <trkpt lat="68.268734" lon="14.657263">
        <ele>14.7</ele>
      </trkpt>
      <trkpt lat="68.272561" lon="14.656973">
        <ele>21.2</ele>
      </trkpt>
      <trkpt lat="68.274463" lon="14.656913">
        <ele>5.3</ele>
      </trkpt>
      <trkpt lat="68.274771" lon="14.657208">
        <ele>3.9</ele>
      </trkpt>
      <trkpt lat="68.275120" lon="14.658003">
        <ele>5.9</ele>
      </trkpt>
      <trkpt lat="68.275477" lon="14.659757">
        <ele>6.3</ele>
      </trkpt>
      <trkpt lat="68.275704" lon="14.660508">
        <ele>8.7</ele>
      </trkpt>
      <trkpt lat="68.276952" lon="14.662484">
        <ele>8.5</ele>
      </trkpt>
      <trkpt lat="68.277315" lon="14.662850">
        <ele>7.5</ele>
      </trkpt>
      <trkpt lat="68.277522" lon="14.662918">
        <ele>6.6</ele>
      </trkpt>
      <trkpt lat="68.277822" lon="14.662836">
        <ele>5.5</ele>
      </trkpt>
      <trkpt lat="68.278055" lon="14.662624">
        <ele>4.4</ele>
      </trkpt>
      <trkpt lat="68.279517" lon="14.660758">
        <ele>6.4</ele>
      </trkpt>
      <trkpt lat="68.280161" lon="14.660060">
        <ele>9.1</ele>
      </trkpt>
      <trkpt lat="68.280891" lon="14.659773">
        <ele>8.5</ele>
      </trkpt>
      <trkpt lat="68.281943" lon="14.659643">
        <ele>0.5</ele>
      </trkpt>
      <trkpt lat="68.283022" lon="14.659663">
        <ele>0.1</ele>
      </trkpt>
      <trkpt lat="68.283358" lon="14.659860">
        <ele>14.4</ele>
      </trkpt>
      <trkpt lat="68.283514" lon="14.660039">
        <ele>29.9</ele>
      </trkpt>
      <trkpt lat="68.283796" lon="14.660635">
        <ele>34.9</ele>
      </trkpt>
      <trkpt lat="68.284017" lon="14.661621">
        <ele>42.9</ele>
      </trkpt>
      <trkpt lat="68.284076" lon="14.662646">
        <ele>37.2</ele>
      </trkpt>
      <trkpt lat="68.284013" lon="14.663892">
        <ele>41.6</ele>
      </trkpt>
      <trkpt lat="68.283730" lon="14.667019">
        <ele>30</ele>
      </trkpt>
      <trkpt lat="68.283731" lon="14.668392">
        <ele>32.8</ele>
      </trkpt>
      <trkpt lat="68.284028" lon="14.673804">
        <ele>21.5</ele>
      </trkpt>
      <trkpt lat="68.284228" lon="14.676212">
        <ele>19.9</ele>
      </trkpt>
      <trkpt lat="68.286989" lon="14.692012">
        <ele>14.2</ele>
      </trkpt>
      <trkpt lat="68.287185" lon="14.692866">
        <ele>12.3</ele>
      </trkpt>
      <trkpt lat="68.287520" lon="14.693821">
        <ele>12.3</ele>
      </trkpt>
      <trkpt lat="68.287901" lon="14.694533">
        <ele>13.3</ele>
      </trkpt>
      <trkpt lat="68.289978" lon="14.696594">
        <ele>7.6</ele>
      </trkpt>
      <trkpt lat="68.290486" lon="14.696870">
        <ele>7.3</ele>
      </trkpt>
      <trkpt lat="68.294997" lon="14.698405">
        <ele>7.4</ele>
      </trkpt>
      <trkpt lat="68.295346" lon="14.698798">
        <ele>9</ele>
      </trkpt>
      <trkpt lat="68.295550" lon="14.699283">
        <ele>9.6</ele>
      </trkpt>
      <trkpt lat="68.295925" lon="14.700818">
        <ele>9</ele>
      </trkpt>
      <trkpt lat="68.296153" lon="14.701577">
        <ele>8.1</ele>
      </trkpt>
      <trkpt lat="68.296287" lon="14.701876">
        <ele>8.5</ele>
      </trkpt>
      <trkpt lat="68.296511" lon="14.702199">
        <ele>8.9</ele>
      </trkpt>
      <trkpt lat="68.296738" lon="14.702368">
        <ele>8.8</ele>
      </trkpt>
      <trkpt lat="68.297989" lon="14.702256">
        <ele>13.1</ele>
      </trkpt>
      <trkpt lat="68.298458" lon="14.702523">
        <ele>15.1</ele>
      </trkpt>
      <trkpt lat="68.298782" lon="14.703113">
        <ele>17.3</ele>
      </trkpt>
      <trkpt lat="68.299402" lon="14.705063">
        <ele>16.6</ele>
      </trkpt>
      <trkpt lat="68.299882" lon="14.706029">
        <ele>18.4</ele>
      </trkpt>
      <trkpt lat="68.300277" lon="14.706460">
        <ele>19.1</ele>
      </trkpt>
      <trkpt lat="68.303178" lon="14.708240">
        <ele>25.9</ele>
      </trkpt>
      <trkpt lat="68.303661" lon="14.708339">
        <ele>24.1</ele>
      </trkpt>
      <trkpt lat="68.306239" lon="14.707920">
        <ele>29</ele>
      </trkpt>
      <trkpt lat="68.306913" lon="14.707995">
        <ele>30.9</ele>
      </trkpt>
      <trkpt lat="68.309862" lon="14.710024">
        <ele>26.7</ele>
      </trkpt>
      <trkpt lat="68.310366" lon="14.710115">
        <ele>25.5</ele>
      </trkpt>
      <trkpt lat="68.311288" lon="14.709920">
        <ele>26.9</ele>
      </trkpt>
      <trkpt lat="68.311652" lon="14.710045">
        <ele>29.3</ele>
      </trkpt>
      <trkpt lat="68.312899" lon="14.711547">
        <ele>28.6</ele>
      </trkpt>
      <trkpt lat="68.314842" lon="14.714062">
        <ele>32.9</ele>
      </trkpt>
      <trkpt lat="68.315121" lon="14.714312">
        <ele>34.5</ele>
      </trkpt>
      <trkpt lat="68.315378" lon="14.714444">
        <ele>35.9</ele>
      </trkpt>
      <trkpt lat="68.315700" lon="14.714456">
        <ele>36.4</ele>
      </trkpt>
      <trkpt lat="68.316193" lon="14.714145">
        <ele>30.3</ele>
      </trkpt>
      <trkpt lat="68.316562" lon="14.713625">
        <ele>26.8</ele>
      </trkpt>
      <trkpt lat="68.317103" lon="14.712225">
        <ele>20.7</ele>
      </trkpt>
      <trkpt lat="68.317814" lon="14.710087">
        <ele>6.1</ele>
      </trkpt>
      <trkpt lat="68.318267" lon="14.707999">
        <ele>11.5</ele>
      </trkpt>
      <trkpt lat="68.319154" lon="14.702280">
        <ele>6.7</ele>
      </trkpt>
      <trkpt lat="68.319224" lon="14.701928">
        <ele>5.7</ele>
      </trkpt>
      <trkpt lat="68.319629" lon="14.700573">
        <ele>7</ele>
      </trkpt>
      <trkpt lat="68.319942" lon="14.699976">
        <ele>8</ele>
      </trkpt>
      <trkpt lat="68.320234" lon="14.699611">
        <ele>12.1</ele>
      </trkpt>
      <trkpt lat="68.320843" lon="14.699247">
        <ele>12.6</ele>
      </trkpt>
      <trkpt lat="68.322556" lon="14.699233">
        <ele>10</ele>
      </trkpt>
      <trkpt lat="68.323211" lon="14.699145">
        <ele>7.4</ele>
      </trkpt>
      <trkpt lat="68.323394" lon="14.699017">
        <ele>7.5</ele>
      </trkpt>
      <trkpt lat="68.323747" lon="14.698544">
        <ele>8.8</ele>
      </trkpt>
      <trkpt lat="68.323937" lon="14.698106">
        <ele>8.7</ele>
      </trkpt>
      <trkpt lat="68.324097" lon="14.697604">
        <ele>6.4</ele>
      </trkpt>
      <trkpt lat="68.324270" lon="14.696771">
        <ele>1.9</ele>
      </trkpt>
      <trkpt lat="68.324342" lon="14.696215">
        <ele>2.2</ele>
      </trkpt>
      <trkpt lat="68.324383" lon="14.695037">
        <ele>0.7</ele>
      </trkpt>
      <trkpt lat="68.324228" lon="14.690941">
        <ele>2.9</ele>
      </trkpt>
      <trkpt lat="68.324270" lon="14.690018">
        <ele>1</ele>
      </trkpt>
      <trkpt lat="68.324363" lon="14.689296">
        <ele>0.2</ele>
      </trkpt>
      <trkpt lat="68.324600" lon="14.688366">
        <ele>1.1</ele>
      </trkpt>
      <trkpt lat="68.325266" lon="14.686974">
        <ele>7.3</ele>
      </trkpt>
      <trkpt lat="68.325181" lon="14.686614">
        <ele>8.3</ele>
      </trkpt>
      <trkpt lat="68.324734" lon="14.685668">
        <ele>9.1</ele>
      </trkpt>
      <trkpt lat="68.324506" lon="14.684639">
        <ele>6.2</ele>
      </trkpt>
      <trkpt lat="68.324455" lon="14.684078">
        <ele>7.2</ele>
      </trkpt>
      <trkpt lat="68.324447" lon="14.682297">
        <ele>11.1</ele>
      </trkpt>
      <trkpt lat="68.324253" lon="14.680859">
        <ele>8.8</ele>
      </trkpt>
      <trkpt lat="68.324065" lon="14.678277">
        <ele>11.9</ele>
      </trkpt>
      <trkpt lat="68.323825" lon="14.676812">
        <ele>11.6</ele>
      </trkpt>
      <trkpt lat="68.323731" lon="14.675943">
        <ele>9.6</ele>
      </trkpt>
      <trkpt lat="68.323730" lon="14.674720">
        <ele>9</ele>
      </trkpt>
      <trkpt lat="68.323770" lon="14.674237">
        <ele>11.2</ele>
      </trkpt>
      <trkpt lat="68.324191" lon="14.671697">
        <ele>13.1</ele>
      </trkpt>
      <trkpt lat="68.324919" lon="14.667697">
        <ele>17.1</ele>
      </trkpt>
      <trkpt lat="68.325186" lon="14.666035">
        <ele>23.6</ele>
      </trkpt>
      <trkpt lat="68.325199" lon="14.665591">
        <ele>24.2</ele>
      </trkpt>
      <trkpt lat="68.325146" lon="14.664580">
        <ele>25.9</ele>
      </trkpt>
      <trkpt lat="68.324958" lon="14.662787">
        <ele>23.4</ele>
      </trkpt>
      <trkpt lat="68.324982" lon="14.661652">
        <ele>22.8</ele>
      </trkpt>
      <trkpt lat="68.326411" lon="14.652275">
        <ele>14.6</ele>
      </trkpt>
      <trkpt lat="68.326435" lon="14.651624">
        <ele>12.7</ele>
      </trkpt>
      <trkpt lat="68.326390" lon="14.650722">
        <ele>11.1</ele>
      </trkpt>
      <trkpt lat="68.326309" lon="14.650275">
        <ele>9.6</ele>
      </trkpt>
      <trkpt lat="68.326116" lon="14.649632">
        <ele>7.7</ele>
      </trkpt>
      <trkpt lat="68.325886" lon="14.649257">
        <ele>6.4</ele>
      </trkpt>
      <trkpt lat="68.321229" lon="14.646260">
        <ele>7.5</ele>
      </trkpt>
      <trkpt lat="68.320651" lon="14.645579">
        <ele>9</ele>
      </trkpt>
      <trkpt lat="68.320374" lon="14.644641">
        <ele>12.9</ele>
      </trkpt>
      <trkpt lat="68.320069" lon="14.642834">
        <ele>17.6</ele>
      </trkpt>
      <trkpt lat="68.319144" lon="14.634383">
        <ele>21</ele>
      </trkpt>
      <trkpt lat="68.318536" lon="14.631288">
        <ele>24.7</ele>
      </trkpt>
      <trkpt lat="68.317772" lon="14.626120">
        <ele>31.7</ele>
      </trkpt>
      <trkpt lat="68.317605" lon="14.624621">
        <ele>35.7</ele>
      </trkpt>
      <trkpt lat="68.317545" lon="14.623153">
        <ele>37.7</ele>
      </trkpt>
      <trkpt lat="68.317594" lon="14.619181">
        <ele>48.9</ele>
      </trkpt>
      <trkpt lat="68.318008" lon="14.614035">
        <ele>49.6</ele>
      </trkpt>
      <trkpt lat="68.318041" lon="14.613011">
        <ele>48.8</ele>
      </trkpt>
      <trkpt lat="68.317727" lon="14.600114">
        <ele>55.2</ele>
      </trkpt>
      <trkpt lat="68.317637" lon="14.598665">
        <ele>58.1</ele>
      </trkpt>
      <trkpt lat="68.317371" lon="14.597121">
        <ele>58</ele>
      </trkpt>
      <trkpt lat="68.315757" lon="14.592002">
        <ele>61.6</ele>
      </trkpt>
      <trkpt lat="68.313948" lon="14.584638">
        <ele>54.6</ele>
      </trkpt>
      <trkpt lat="68.312975" lon="14.579209">
        <ele>55.7</ele>
      </trkpt>
      <trkpt lat="68.312924" lon="14.578444">
        <ele>54.7</ele>
      </trkpt>
      <trkpt lat="68.313020" lon="14.574836">
        <ele>47.9</ele>
      </trkpt>
      <trkpt lat="68.313083" lon="14.574209">
        <ele>45.5</ele>
      </trkpt>
      <trkpt lat="68.313163" lon="14.573922">
        <ele>45</ele>
      </trkpt>
      <trkpt lat="68.314301" lon="14.570833">
        <ele>43.9</ele>
      </trkpt>
      <trkpt lat="68.315839" lon="14.560775">
        <ele>23.2</ele>
      </trkpt>
      <trkpt lat="68.316097" lon="14.559747">
        <ele>23.8</ele>
      </trkpt>
      <trkpt lat="68.318301" lon="14.554584">
        <ele>38.4</ele>
      </trkpt>
      <trkpt lat="68.318724" lon="14.553188">
        <ele>40</ele>
      </trkpt>
      <trkpt lat="68.319166" lon="14.551358">
        <ele>40.8</ele>
      </trkpt>
      <trkpt lat="68.320319" lon="14.544515">
        <ele>29.3</ele>
      </trkpt>
      <trkpt lat="68.321201" lon="14.541115">
        <ele>28.9</ele>
      </trkpt>
      <trkpt lat="68.321836" lon="14.539334">
        <ele>37</ele>
      </trkpt>
      <trkpt lat="68.322032" lon="14.538636">
        <ele>32.8</ele>
      </trkpt>
      <trkpt lat="68.322189" lon="14.537731">
        <ele>26.1</ele>
      </trkpt>
      <trkpt lat="68.322865" lon="14.532443">
        <ele>22.6</ele>
      </trkpt>
      <trkpt lat="68.323444" lon="14.527455">
        <ele>20</ele>
      </trkpt>
      <trkpt lat="68.324097" lon="14.520006">
        <ele>23.5</ele>
      </trkpt>
      <trkpt lat="68.324482" lon="14.517540">
        <ele>18.6</ele>
      </trkpt>
      <trkpt lat="68.325529" lon="14.511578">
        <ele>11.5</ele>
      </trkpt>
      <trkpt lat="68.325714" lon="14.510555">
        <ele>11.1</ele>
      </trkpt>
      <trkpt lat="68.325856" lon="14.510057">
        <ele>11.3</ele>
      </trkpt>
      <trkpt lat="68.326125" lon="14.509491">
        <ele>12.2</ele>
      </trkpt>
      <trkpt lat="68.326454" lon="14.509251">
        <ele>12.6</ele>
      </trkpt>
      <trkpt lat="68.326573" lon="14.509273">
        <ele>12.4</ele>
      </trkpt>
      <trkpt lat="68.327012" lon="14.509596">
        <ele>10.5</ele>
      </trkpt>
      <trkpt lat="68.328135" lon="14.510773">
        <ele>2.9</ele>
      </trkpt>
      <trkpt lat="68.328745" lon="14.511075">
        <ele>1.7</ele>
      </trkpt>
      <trkpt lat="68.330119" lon="14.511293">
        <ele>1.3</ele>
      </trkpt>
      <trkpt lat="68.330739" lon="14.511298">
        <ele>2.1</ele>
      </trkpt>
      <trkpt lat="68.330915" lon="14.511220">
        <ele>2.3</ele>
      </trkpt>
      <trkpt lat="68.331126" lon="14.511017">
        <ele>3.2</ele>
      </trkpt>
      <trkpt lat="68.331447" lon="14.510544">
        <ele>3.8</ele>
      </trkpt>
      <trkpt lat="68.331619" lon="14.510130">
        <ele>4.3</ele>
      </trkpt>
      <trkpt lat="68.332260" lon="14.508143">
        <ele>5.5</ele>
      </trkpt>
      <trkpt lat="68.333992" lon="14.502419">
        <ele>8.3</ele>
      </trkpt>
      <trkpt lat="68.334232" lon="14.501731">
        <ele>8.1</ele>
      </trkpt>
      <trkpt lat="68.334494" lon="14.501214">
        <ele>7.3</ele>
      </trkpt>
      <trkpt lat="68.336769" lon="14.497375">
        <ele>19.5</ele>
      </trkpt>
      <trkpt lat="68.337102" lon="14.496447">
        <ele>23.2</ele>
      </trkpt>
      <trkpt lat="68.337226" lon="14.495707">
        <ele>23.9</ele>
      </trkpt>
      <trkpt lat="68.337895" lon="14.490403">
        <ele>16.3</ele>
      </trkpt>
      <trkpt lat="68.338187" lon="14.488905">
        <ele>13.4</ele>
      </trkpt>
      <trkpt lat="68.338497" lon="14.487876">
        <ele>12.7</ele>
      </trkpt>
      <trkpt lat="68.338779" lon="14.487258">
        <ele>12.9</ele>
      </trkpt>
      <trkpt lat="68.339640" lon="14.485766">
        <ele>13.6</ele>
      </trkpt>
      <trkpt lat="68.340041" lon="14.485348">
        <ele>14</ele>
      </trkpt>
      <trkpt lat="68.340412" lon="14.485310">
        <ele>15.9</ele>
      </trkpt>
      <trkpt lat="68.340784" lon="14.485547">
        <ele>18.8</ele>
      </trkpt>
      <trkpt lat="68.343048" lon="14.488470">
        <ele>20.3</ele>
      </trkpt>
      <trkpt lat="68.343632" lon="14.489562">
        <ele>16.8</ele>
      </trkpt>
      <trkpt lat="68.345972" lon="14.494592">
        <ele>12.4</ele>
      </trkpt>
      <trkpt lat="68.346399" lon="14.495217">
        <ele>14.6</ele>
      </trkpt>
      <trkpt lat="68.346972" lon="14.495610">
        <ele>16.8</ele>
      </trkpt>
      <trkpt lat="68.350551" lon="14.494812">
        <ele>13.1</ele>
      </trkpt>
      <trkpt lat="68.351087" lon="14.494418">
        <ele>19.2</ele>
      </trkpt>
      <trkpt lat="68.356895" lon="14.486524">
        <ele>26.9</ele>
      </trkpt>
      <trkpt lat="68.359105" lon="14.483207">
        <ele>25.9</ele>
      </trkpt>
      <trkpt lat="68.361326" lon="14.479561">
        <ele>27.2</ele>
      </trkpt>
      <trkpt lat="68.361857" lon="14.478497">
        <ele>26.1</ele>
      </trkpt>
      <trkpt lat="68.362740" lon="14.476167">
        <ele>19.8</ele>
      </trkpt>
      <trkpt lat="68.363448" lon="14.474064">
        <ele>15.7</ele>
      </trkpt>
      <trkpt lat="68.363780" lon="14.472968">
        <ele>14.1</ele>
      </trkpt>
      <trkpt lat="68.364056" lon="14.471744">
        <ele>14.3</ele>
      </trkpt>
      <trkpt lat="68.364259" lon="14.470575">
        <ele>13.6</ele>
      </trkpt>
      <trkpt lat="68.364749" lon="14.466974">
        <ele>12.9</ele>
      </trkpt>
      <trkpt lat="68.364949" lon="14.465994">
        <ele>13.4</ele>
      </trkpt>
      <trkpt lat="68.365144" lon="14.465377">
        <ele>14.8</ele>
      </trkpt>
      <trkpt lat="68.365634" lon="14.464316">
        <ele>18.8</ele>
      </trkpt>
      <trkpt lat="68.366335" lon="14.462938">
        <ele>19.4</ele>
      </trkpt>
      <trkpt lat="68.366645" lon="14.462532">
        <ele>19.1</ele>
      </trkpt>
      <trkpt lat="68.367122" lon="14.462287">
        <ele>19.1</ele>
      </trkpt>
      <trkpt lat="68.371951" lon="14.462207">
        <ele>20.2</ele>
      </trkpt>
      <trkpt lat="68.372456" lon="14.461729">
        <ele>20.1</ele>
      </trkpt>
      <trkpt lat="68.373221" lon="14.460383">
        <ele>19.6</ele>
      </trkpt>
      <trkpt lat="68.373412" lon="14.460184">
        <ele>18.5</ele>
      </trkpt>
      <trkpt lat="68.373786" lon="14.460024">
        <ele>15.1</ele>
      </trkpt>
      <trkpt lat="68.376495" lon="14.460035">
        <ele>9.2</ele>
      </trkpt>
      <trkpt lat="68.376862" lon="14.460163">
        <ele>8.8</ele>
      </trkpt>
      <trkpt lat="68.377353" lon="14.460601">
        <ele>8.3</ele>
      </trkpt>
      <trkpt lat="68.378654" lon="14.462224">
        <ele>7.2</ele>
      </trkpt>
      <trkpt lat="68.379097" lon="14.462495">
        <ele>7.2</ele>
      </trkpt>
      <trkpt lat="68.379495" lon="14.462503">
        <ele>7.1</ele>
      </trkpt>
      <trkpt lat="68.382144" lon="14.461944">
        <ele>8.3</ele>
      </trkpt>
      <trkpt lat="68.384185" lon="14.461058">
        <ele>11.1</ele>
      </trkpt>
      <trkpt lat="68.384361" lon="14.461070">
        <ele>10.9</ele>
      </trkpt>
      <trkpt lat="68.384556" lon="14.461126">
        <ele>10.7</ele>
      </trkpt>
      <trkpt lat="68.391224" lon="14.465836">
        <ele>6</ele>
      </trkpt>
      <trkpt lat="68.391963" lon="14.466106">
        <ele>4.8</ele>
      </trkpt>
      <trkpt lat="68.393247" lon="14.466273">
        <ele>2.2</ele>
      </trkpt>
      <trkpt lat="68.393708" lon="14.472236">
        <ele>1.7</ele>
      </trkpt>
      <trkpt lat="68.393815" lon="14.474357">
        <ele>0.6</ele>
      </trkpt>
      <trkpt lat="68.393753" lon="14.475747">
        <ele>0.5</ele>
      </trkpt>
      <trkpt lat="68.393624" lon="14.476445">
        <ele>0.4</ele>
      </trkpt>
      <trkpt lat="68.393339" lon="14.477633">
        <ele>0.2</ele>
      </trkpt>
      <trkpt lat="68.393293" lon="14.478246">
        <ele>0.2</ele>
      </trkpt>
      <trkpt lat="68.393374" lon="14.480049">
        <ele>1.1</ele>
      </trkpt>
      <trkpt lat="68.393537" lon="14.481418">
        <ele>1.1</ele>
      </trkpt>
      <trkpt lat="68.393794" lon="14.482399">
        <ele>2.1</ele>
      </trkpt>
      <trkpt lat="68.393957" lon="14.482888">
        <ele>2.3</ele>
      </trkpt>
      <trkpt lat="68.394801" lon="14.485093">
        <ele>3.1</ele>
      </trkpt>
      <trkpt lat="68.395629" lon="14.486452">
        <ele>1.5</ele>
      </trkpt>
      <trkpt lat="68.396821" lon="14.492358">
        <ele>2.7</ele>
      </trkpt>
      <trkpt lat="68.397451" lon="14.494751">
        <ele>3.4</ele>
      </trkpt>
      <trkpt lat="68.398290" lon="14.496729">
        <ele>5.7</ele>
      </trkpt>
      <trkpt lat="68.398563" lon="14.497136">
        <ele>5.9</ele>
      </trkpt>
      <trkpt lat="68.399482" lon="14.498080">
        <ele>8.4</ele>
      </trkpt>
      <trkpt lat="68.401762" lon="14.503687">
        <ele>6.8</ele>
      </trkpt>
      <trkpt lat="68.401916" lon="14.504400">
        <ele>7.7</ele>
      </trkpt>
      <trkpt lat="68.402947" lon="14.512997">
        <ele>7.9</ele>
      </trkpt>
      <trkpt lat="68.403053" lon="14.514374">
        <ele>8.9</ele>
      </trkpt>
      <trkpt lat="68.403051" lon="14.516111">
        <ele>8.2</ele>
      </trkpt>
      <trkpt lat="68.402878" lon="14.517932">
        <ele>7.9</ele>
      </trkpt>
      <trkpt lat="68.402749" lon="14.518582">
        <ele>8</ele>
      </trkpt>
      <trkpt lat="68.402524" lon="14.519271">
        <ele>10.3</ele>
      </trkpt>
      <trkpt lat="68.401980" lon="14.520563">
        <ele>12.6</ele>
      </trkpt>
      <trkpt lat="68.401542" lon="14.521952">
        <ele>15.1</ele>
      </trkpt>
      <trkpt lat="68.400733" lon="14.525560">
        <ele>9.4</ele>
      </trkpt>
      <trkpt lat="68.400512" lon="14.526324">
        <ele>8.2</ele>
      </trkpt>
      <trkpt lat="68.396383" lon="14.535332">
        <ele>0.6</ele>
      </trkpt>
      <trkpt lat="68.396192" lon="14.535843">
        <ele>0.4</ele>
      </trkpt>
      <trkpt lat="68.395836" lon="14.537227">
        <ele>0.1</ele>
      </trkpt>
      <trkpt lat="68.395712" lon="14.538410">
        <ele>0.2</ele>
      </trkpt>
      <trkpt lat="68.394456" lon="14.557759">
        <ele>1.1</ele>
      </trkpt>
      <trkpt lat="68.394479" lon="14.558552">
        <ele>1.1</ele>
      </trkpt>
      <trkpt lat="68.394551" lon="14.559477">
        <ele>1.1</ele>
      </trkpt>
      <trkpt lat="68.394798" lon="14.560711">
        <ele>0.9</ele>
      </trkpt>
      <trkpt lat="68.395027" lon="14.561386">
        <ele>1</ele>
      </trkpt>
      <trkpt lat="68.395295" lon="14.561965">
        <ele>0.5</ele>
      </trkpt>
      <trkpt lat="68.398041" lon="14.566549">
        <ele>0.8</ele>
      </trkpt>
      <trkpt lat="68.398217" lon="14.566959">
        <ele>1</ele>
      </trkpt>
      <trkpt lat="68.398487" lon="14.567842">
        <ele>1.1</ele>
      </trkpt>
      <trkpt lat="68.398686" lon="14.568759">
        <ele>1.1</ele>
      </trkpt>
      <trkpt lat="68.398959" lon="14.570951">
        <ele>0.9</ele>
      </trkpt>
      <trkpt lat="68.399083" lon="14.572400">
        <ele>1.1</ele>
      </trkpt>
      <trkpt lat="68.399102" lon="14.573531">
        <ele>1.2</ele>
      </trkpt>
      <trkpt lat="68.399065" lon="14.574508">
        <ele>0.3</ele>
      </trkpt>
      <trkpt lat="68.398659" lon="14.578459">
        <ele>5.8</ele>
      </trkpt>
      <trkpt lat="68.398651" lon="14.579678">
        <ele>9.7</ele>
      </trkpt>
      <trkpt lat="68.398696" lon="14.580342">
        <ele>10.2</ele>
      </trkpt>
      <trkpt lat="68.398853" lon="14.581315">
        <ele>10.9</ele>
      </trkpt>
      <trkpt lat="68.399135" lon="14.582335">
        <ele>13.9</ele>
      </trkpt>
      <trkpt lat="68.399464" lon="14.583027">
        <ele>18</ele>
      </trkpt>
      <trkpt lat="68.399848" lon="14.583475">
        <ele>20.5</ele>
      </trkpt>
      <trkpt lat="68.400202" lon="14.583647">
        <ele>23.9</ele>
      </trkpt>
      <trkpt lat="68.400627" lon="14.583593">
        <ele>24.3</ele>
      </trkpt>
      <trkpt lat="68.400979" lon="14.583313">
        <ele>22.1</ele>
      </trkpt>
      <trkpt lat="68.401588" lon="14.582665">
        <ele>16.6</ele>
      </trkpt>
      <trkpt lat="68.402132" lon="14.581895">
        <ele>15.8</ele>
      </trkpt>
      <trkpt lat="68.402849" lon="14.580397">
        <ele>12.7</ele>
      </trkpt>
      <trkpt lat="68.404348" lon="14.576045">
        <ele>10</ele>
      </trkpt>
      <trkpt lat="68.404761" lon="14.575034">
        <ele>9.5</ele>
      </trkpt>
      <trkpt lat="68.405257" lon="14.574100">
        <ele>9.7</ele>
      </trkpt>
      <trkpt lat="68.406153" lon="14.573014">
        <ele>10.7</ele>
      </trkpt>
      <trkpt lat="68.407292" lon="14.571964">
        <ele>11.4</ele>
      </trkpt>
      <trkpt lat="68.407621" lon="14.571479">
        <ele>11.9</ele>
      </trkpt>
      <trkpt lat="68.407900" lon="14.570863">
        <ele>12.3</ele>
      </trkpt>
      <trkpt lat="68.410069" lon="14.563781">
        <ele>10.3</ele>
      </trkpt>
      <trkpt lat="68.411101" lon="14.558270">
        <ele>11.7</ele>
      </trkpt>
      <trkpt lat="68.411442" lon="14.557002">
        <ele>12</ele>
      </trkpt>
      <trkpt lat="68.413417" lon="14.551371">
        <ele>11.7</ele>
      </trkpt>
      <trkpt lat="68.413601" lon="14.551099">
        <ele>11.7</ele>
      </trkpt>
      <trkpt lat="68.413890" lon="14.550950">
        <ele>12</ele>
      </trkpt>
      <trkpt lat="68.414677" lon="14.551324">
        <ele>12.2</ele>
      </trkpt>
      <trkpt lat="68.415115" lon="14.551415">
        <ele>11.9</ele>
      </trkpt>
      <trkpt lat="68.415543" lon="14.551326">
        <ele>11.4</ele>
      </trkpt>
      <trkpt lat="68.416316" lon="14.550897">
        <ele>11.2</ele>
      </trkpt>
      <trkpt lat="68.416544" lon="14.550863">
        <ele>11.2</ele>
      </trkpt>
      <trkpt lat="68.416906" lon="14.550953">
        <ele>11.2</ele>
      </trkpt>
      <trkpt lat="68.417162" lon="14.551160">
        <ele>11.1</ele>
      </trkpt>
      <trkpt lat="68.417317" lon="14.551445">
        <ele>11.1</ele>
      </trkpt>
      <trkpt lat="68.417594" lon="14.552209">
        <ele>11</ele>
      </trkpt>
      <trkpt lat="68.418576" lon="14.555500">
        <ele>11.3</ele>
      </trkpt>
      <trkpt lat="68.419531" lon="14.558885">
        <ele>11.2</ele>
      </trkpt>
      <trkpt lat="68.419616" lon="14.559773">
        <ele>11.9</ele>
      </trkpt>
      <trkpt lat="68.419631" lon="14.561195">
        <ele>13.5</ele>
      </trkpt>
      <trkpt lat="68.419726" lon="14.562087">
        <ele>13.8</ele>
      </trkpt>
      <trkpt lat="68.419875" lon="14.562915">
        <ele>14.4</ele>
      </trkpt>
      <trkpt lat="68.419956" lon="14.563267">
        <ele>14.5</ele>
      </trkpt>
      <trkpt lat="68.421112" lon="14.566685">
        <ele>13</ele>
      </trkpt>
      <trkpt lat="68.421230" lon="14.567204">
        <ele>13.1</ele>
      </trkpt>
      <trkpt lat="68.421316" lon="14.567602">
        <ele>12.9</ele>
      </trkpt>
      <trkpt lat="68.421765" lon="14.570885">
        <ele>13.6</ele>
      </trkpt>
      <trkpt lat="68.421920" lon="14.571743">
        <ele>13.7</ele>
      </trkpt>
      <trkpt lat="68.422631" lon="14.575314">
        <ele>13.6</ele>
      </trkpt>
      <trkpt lat="68.423823" lon="14.580732">
        <ele>11.5</ele>
      </trkpt>
      <trkpt lat="68.424036" lon="14.582091">
        <ele>11.4</ele>
      </trkpt>
      <trkpt lat="68.424133" lon="14.583500">
        <ele>11.9</ele>
      </trkpt>
      <trkpt lat="68.424417" lon="14.590264">
        <ele>11</ele>
      </trkpt>
      <trkpt lat="68.424441" lon="14.592530">
        <ele>11</ele>
      </trkpt>
      <trkpt lat="68.424500" lon="14.593421">
        <ele>10.3</ele>
      </trkpt>
      <trkpt lat="68.424673" lon="14.594819">
        <ele>9.5</ele>
      </trkpt>
      <trkpt lat="68.425614" lon="14.598995">
        <ele>10.7</ele>
      </trkpt>
      <trkpt lat="68.426081" lon="14.600521">
        <ele>10.1</ele>
      </trkpt>
      <trkpt lat="68.426462" lon="14.602085">
        <ele>10.2</ele>
      </trkpt>
      <trkpt lat="68.428171" lon="14.607381">
        <ele>8.3</ele>
      </trkpt>
      <trkpt lat="68.428873" lon="14.609099">
        <ele>8</ele>
      </trkpt>
      <trkpt lat="68.430535" lon="14.612702">
        <ele>7.4</ele>
      </trkpt>
      <trkpt lat="68.431026" lon="14.614013">
        <ele>7.2</ele>
      </trkpt>
      <trkpt lat="68.431725" lon="14.616853">
        <ele>6.7</ele>
      </trkpt>
      <trkpt lat="68.432861" lon="14.622292">
        <ele>6.1</ele>
      </trkpt>
      <trkpt lat="68.432973" lon="14.623053">
        <ele>6</ele>
      </trkpt>
      <trkpt lat="68.433016" lon="14.624091">
        <ele>5.9</ele>
      </trkpt>
      <trkpt lat="68.432881" lon="14.625945">
        <ele>7.4</ele>
      </trkpt>
      <trkpt lat="68.431495" lon="14.640438">
        <ele>8.6</ele>
      </trkpt>
      <trkpt lat="68.431046" lon="14.650137">
        <ele>12.7</ele>
      </trkpt>
      <trkpt lat="68.430828" lon="14.652073">
        <ele>12.7</ele>
      </trkpt>
      <trkpt lat="68.429223" lon="14.662483">
        <ele>10</ele>
      </trkpt>
      <trkpt lat="68.428942" lon="14.663913">
        <ele>10.2</ele>
      </trkpt>
      <trkpt lat="68.428480" lon="14.665589">
        <ele>10</ele>
      </trkpt>
      <trkpt lat="68.427764" lon="14.667045">
        <ele>9.9</ele>
      </trkpt>
      <trkpt lat="68.426126" lon="14.669301">
        <ele>10.1</ele>
      </trkpt>
      <trkpt lat="68.424371" lon="14.671581">
        <ele>10.1</ele>
      </trkpt>
      <trkpt lat="68.421156" lon="14.674957">
        <ele>4.3</ele>
      </trkpt>
      <trkpt lat="68.420570" lon="14.675395">
        <ele>4</ele>
      </trkpt>
      <trkpt lat="68.416533" lon="14.677934">
        <ele>3.6</ele>
      </trkpt>
      <trkpt lat="68.415801" lon="14.678311">
        <ele>3.2</ele>
      </trkpt>
      <trkpt lat="68.413824" lon="14.679084">
        <ele>4.7</ele>
      </trkpt>
      <trkpt lat="68.410542" lon="14.679119">
        <ele>2.1</ele>
      </trkpt>
      <trkpt lat="68.409921" lon="14.678521">
        <ele>1.4</ele>
      </trkpt>
      <trkpt lat="68.406134" lon="14.673924">
        <ele>4.4</ele>
      </trkpt>
      <trkpt lat="68.405244" lon="14.673087">
        <ele>7</ele>
      </trkpt>
      <trkpt lat="68.404809" lon="14.672877">
        <ele>8.4</ele>
      </trkpt>
      <trkpt lat="68.404348" lon="14.672852">
        <ele>8.6</ele>
      </trkpt>
      <trkpt lat="68.403942" lon="14.673020">
        <ele>7.6</ele>
      </trkpt>
      <trkpt lat="68.403606" lon="14.673309">
        <ele>7.8</ele>
      </trkpt>
      <trkpt lat="68.397837" lon="14.679858">
        <ele>4.9</ele>
      </trkpt>
      <trkpt lat="68.397618" lon="14.680282">
        <ele>3.9</ele>
      </trkpt>
      <trkpt lat="68.397444" lon="14.680826">
        <ele>3.5</ele>
      </trkpt>
      <trkpt lat="68.396835" lon="14.684290">
        <ele>5.4</ele>
      </trkpt>
      <trkpt lat="68.396576" lon="14.685108">
        <ele>5.7</ele>
      </trkpt>
      <trkpt lat="68.395385" lon="14.687202">
        <ele>6.6</ele>
      </trkpt>
      <trkpt lat="68.394454" lon="14.688394">
        <ele>5</ele>
      </trkpt>
      <trkpt lat="68.393606" lon="14.689294">
        <ele>7.2</ele>
      </trkpt>
      <trkpt lat="68.393259" lon="14.689989">
        <ele>4.8</ele>
      </trkpt>
      <trkpt lat="68.392253" lon="14.692648">
        <ele>2.1</ele>
      </trkpt>
      <trkpt lat="68.392036" lon="14.693096">
        <ele>3.9</ele>
      </trkpt>
      <trkpt lat="68.390701" lon="14.695228">
        <ele>3.9</ele>
      </trkpt>
      <trkpt lat="68.389974" lon="14.696621">
        <ele>1.5</ele>
      </trkpt>
      <trkpt lat="68.389067" lon="14.697300">
        <ele>2.5</ele>
      </trkpt>
      <trkpt lat="68.388509" lon="14.698063">
        <ele>2.5</ele>
      </trkpt>
      <trkpt lat="68.388106" lon="14.698780">
        <ele>3.5</ele>
      </trkpt>
      <trkpt lat="68.387760" lon="14.699748">
        <ele>3.9</ele>
      </trkpt>
      <trkpt lat="68.387364" lon="14.701686">
        <ele>2.4</ele>
      </trkpt>
      <trkpt lat="68.387188" lon="14.702786">
        <ele>4.3</ele>
      </trkpt>
      <trkpt lat="68.387110" lon="14.703784">
        <ele>6.4</ele>
      </trkpt>
      <trkpt lat="68.387018" lon="14.706217">
        <ele>3.5</ele>
      </trkpt>
      <trkpt lat="68.386914" lon="14.707481">
        <ele>5.3</ele>
      </trkpt>
      <trkpt lat="68.386360" lon="14.709939">
        <ele>6.8</ele>
      </trkpt>
      <trkpt lat="68.386258" lon="14.710572">
        <ele>9.7</ele>
      </trkpt>
      <trkpt lat="68.386227" lon="14.711163">
        <ele>10.1</ele>
      </trkpt>
      <trkpt lat="68.386294" lon="14.712140">
        <ele>6.7</ele>
      </trkpt>
      <trkpt lat="68.386412" lon="14.712713">
        <ele>7.7</ele>
      </trkpt>
      <trkpt lat="68.386713" lon="14.713654">
        <ele>8.1</ele>
      </trkpt>
      <trkpt lat="68.388953" lon="14.720288">
        <ele>3.5</ele>
      </trkpt>
      <trkpt lat="68.389498" lon="14.721341">
        <ele>9.4</ele>
      </trkpt>
      <trkpt lat="68.389757" lon="14.721601">
        <ele>13.7</ele>
      </trkpt>
      <trkpt lat="68.390185" lon="14.721590">
        <ele>17.1</ele>
      </trkpt>
      <trkpt lat="68.391144" lon="14.721194">
        <ele>21.2</ele>
      </trkpt>
      <trkpt lat="68.391689" lon="14.720747">
        <ele>24.8</ele>
      </trkpt>
      <trkpt lat="68.393066" lon="14.719047">
        <ele>33.1</ele>
      </trkpt>
      <trkpt lat="68.394080" lon="14.717672">
        <ele>36.1</ele>
      </trkpt>
      <trkpt lat="68.394419" lon="14.716963">
        <ele>36.9</ele>
      </trkpt>
      <trkpt lat="68.394852" lon="14.715276">
        <ele>17.9</ele>
      </trkpt>
      <trkpt lat="68.395118" lon="14.714782">
        <ele>20.3</ele>
      </trkpt>
      <trkpt lat="68.396035" lon="14.714168">
        <ele>21.6</ele>
      </trkpt>
      <trkpt lat="68.398183" lon="14.711108">
        <ele>18.6</ele>
      </trkpt>
      <trkpt lat="68.400639" lon="14.708744">
        <ele>18.4</ele>
      </trkpt>
      <trkpt lat="68.401093" lon="14.708476">
        <ele>18.9</ele>
      </trkpt>
      <trkpt lat="68.402240" lon="14.708059">
        <ele>19</ele>
      </trkpt>
      <trkpt lat="68.403035" lon="14.707624">
        <ele>17.8</ele>
      </trkpt>
      <trkpt lat="68.405053" lon="14.705946">
        <ele>8.8</ele>
      </trkpt>
      <trkpt lat="68.405479" lon="14.705752">
        <ele>7.1</ele>
      </trkpt>
      <trkpt lat="68.405752" lon="14.705750">
        <ele>6.9</ele>
      </trkpt>
      <trkpt lat="68.406121" lon="14.705956">
        <ele>8.1</ele>
      </trkpt>
      <trkpt lat="68.407217" lon="14.707551">
        <ele>21.2</ele>
      </trkpt>
      <trkpt lat="68.407631" lon="14.707826">
        <ele>24.8</ele>
      </trkpt>
      <trkpt lat="68.407926" lon="14.707737">
        <ele>22.8</ele>
      </trkpt>
      <trkpt lat="68.409272" lon="14.706895">
        <ele>17</ele>
      </trkpt>
      <trkpt lat="68.411892" lon="14.705609">
        <ele>5.1</ele>
      </trkpt>
      <trkpt lat="68.412242" lon="14.705656">
        <ele>4.8</ele>
      </trkpt>
      <trkpt lat="68.413573" lon="14.706435">
        <ele>11.5</ele>
      </trkpt>
      <trkpt lat="68.414317" lon="14.706748">
        <ele>15.3</ele>
      </trkpt>
      <trkpt lat="68.415008" lon="14.706903">
        <ele>17.3</ele>
      </trkpt>
      <trkpt lat="68.416338" lon="14.706517">
        <ele>15.1</ele>
      </trkpt>
      <trkpt lat="68.417628" lon="14.705940">
        <ele>12.5</ele>
      </trkpt>
      <trkpt lat="68.418812" lon="14.705210">
        <ele>11.2</ele>
      </trkpt>
      <trkpt lat="68.419448" lon="14.704988">
        <ele>11.2</ele>
      </trkpt>
      <trkpt lat="68.420631" lon="14.705108">
        <ele>13.4</ele>
      </trkpt>
      <trkpt lat="68.421660" lon="14.705107">
        <ele>15.4</ele>
      </trkpt>
      <trkpt lat="68.423055" lon="14.705392">
        <ele>19</ele>
      </trkpt>
      <trkpt lat="68.423498" lon="14.705593">
        <ele>19.9</ele>
      </trkpt>
      <trkpt lat="68.424049" lon="14.706046">
        <ele>20.9</ele>
      </trkpt>
      <trkpt lat="68.425079" lon="14.707194">
        <ele>26.3</ele>
      </trkpt>
      <trkpt lat="68.426433" lon="14.708413">
        <ele>27</ele>
      </trkpt>
      <trkpt lat="68.428624" lon="14.712560">
        <ele>20</ele>
      </trkpt>
      <trkpt lat="68.430121" lon="14.714949">
        <ele>17.9</ele>
      </trkpt>
      <trkpt lat="68.430802" lon="14.716396">
        <ele>18</ele>
      </trkpt>
      <trkpt lat="68.431239" lon="14.717517">
        <ele>16.4</ele>
      </trkpt>
      <trkpt lat="68.431594" lon="14.719048">
        <ele>15.9</ele>
      </trkpt>
      <trkpt lat="68.432675" lon="14.721599">
        <ele>10.4</ele>
      </trkpt>
      <trkpt lat="68.433227" lon="14.723065">
        <ele>7.6</ele>
      </trkpt>
      <trkpt lat="68.434314" lon="14.727732">
        <ele>2</ele>
      </trkpt>
      <trkpt lat="68.434941" lon="14.729580">
        <ele>2.5</ele>
      </trkpt>
      <trkpt lat="68.435070" lon="14.730283">
        <ele>2.6</ele>
      </trkpt>
      <trkpt lat="68.435100" lon="14.730984">
        <ele>3.3</ele>
      </trkpt>
      <trkpt lat="68.434992" lon="14.740652">
        <ele>3</ele>
      </trkpt>
      <trkpt lat="68.434883" lon="14.742094">
        <ele>2.2</ele>
      </trkpt>
      <trkpt lat="68.434579" lon="14.744649">
        <ele>2.6</ele>
      </trkpt>
      <trkpt lat="68.434542" lon="14.745245">
        <ele>3.1</ele>
      </trkpt>
      <trkpt lat="68.434523" lon="14.747748">
        <ele>3.2</ele>
      </trkpt>
      <trkpt lat="68.434418" lon="14.748796">
        <ele>3</ele>
      </trkpt>
      <trkpt lat="68.434223" lon="14.750166">
        <ele>3</ele>
      </trkpt>
      <trkpt lat="68.434215" lon="14.753131">
        <ele>3.5</ele>
      </trkpt>
      <trkpt lat="68.433747" lon="14.758495">
        <ele>2.7</ele>
      </trkpt>
      <trkpt lat="68.433700" lon="14.760073">
        <ele>2.9</ele>
      </trkpt>
      <trkpt lat="68.433642" lon="14.767296">
        <ele>2.9</ele>
      </trkpt>
      <trkpt lat="68.433592" lon="14.768598">
        <ele>2.7</ele>
      </trkpt>
      <trkpt lat="68.433093" lon="14.773335">
        <ele>1.2</ele>
      </trkpt>
      <trkpt lat="68.433065" lon="14.775126">
        <ele>2.5</ele>
      </trkpt>
      <trkpt lat="68.433226" lon="14.781195">
        <ele>4.1</ele>
      </trkpt>
      <trkpt lat="68.433211" lon="14.781890">
        <ele>4.1</ele>
      </trkpt>
      <trkpt lat="68.433087" lon="14.783334">
        <ele>4.2</ele>
      </trkpt>
      <trkpt lat="68.432713" lon="14.786102">
        <ele>8</ele>
      </trkpt>
      <trkpt lat="68.432119" lon="14.797158">
        <ele>4.2</ele>
      </trkpt>
      <trkpt lat="68.432112" lon="14.797720">
        <ele>3.2</ele>
      </trkpt>
      <trkpt lat="68.432230" lon="14.800703">
        <ele>4</ele>
      </trkpt>
      <trkpt lat="68.432229" lon="14.802156">
        <ele>2.7</ele>
      </trkpt>
      <trkpt lat="68.431245" lon="14.815527">
        <ele>6.9</ele>
      </trkpt>
      <trkpt lat="68.431117" lon="14.817099">
        <ele>7.5</ele>
      </trkpt>
      <trkpt lat="68.430878" lon="14.818789">
        <ele>10.5</ele>
      </trkpt>
      <trkpt lat="68.430663" lon="14.819492">
        <ele>12.7</ele>
      </trkpt>
      <trkpt lat="68.430335" lon="14.819932">
        <ele>13.3</ele>
      </trkpt>
      <trkpt lat="68.429677" lon="14.819870">
        <ele>10</ele>
      </trkpt>
      <trkpt lat="68.429207" lon="14.819582">
        <ele>10.1</ele>
      </trkpt>
      <trkpt lat="68.429098" lon="14.819869">
        <ele>8.3</ele>
      </trkpt>
      <trkpt lat="68.429291" lon="14.819981">
        <ele>9</ele>
      </trkpt>
      <trkpt lat="68.429535" lon="14.820318">
        <ele>8.5</ele>
      </trkpt>
      <trkpt lat="68.430013" lon="14.821333">
        <ele>6.3</ele>
      </trkpt>
      <trkpt lat="68.430665" lon="14.822892">
        <ele>1.3</ele>
      </trkpt>
      <trkpt lat="68.430821" lon="14.823338">
        <ele>0.5</ele>
      </trkpt>
      <trkpt lat="68.430873" lon="14.824179">
        <ele>2.2</ele>
      </trkpt>
      <trkpt lat="68.430910" lon="14.824385">
        <ele>1.5</ele>
        <extensions>
          <visugpx:TrkExtension xmlns:visugpx="https://www.visugpx.com/editgpx/">
            <visugpx:node>1</visugpx:node>
          </visugpx:TrkExtension>
        </extensions>
      </trkpt>
    </trkseg>
  </trk>
  <trk>
    <name><![CDATA[022: Kjopstad – Ornes (DEVELOPED)]]></name>
    <desc><![CDATA[DEVELOPED

DEVELOPED]]></desc>
    <extensions>
      <line xmlns="http://www.topografix.com/GPX/gpx_style/0/2">
        <color>0432ff</color>
        <opacity>1</opacity>
        <width>4</width>
      </line>
    </extensions>
    <trkseg>
      <trkpt lat="66.867471" lon="13.703971">
        <extensions>
          <visugpx:TrkExtension xmlns:visugpx="https://www.visugpx.com/editgpx/">
            <visugpx:node>1</visugpx:node>
          </visugpx:TrkExtension>
        </extensions>
      </trkpt>
      <trkpt lat="66.867678" lon="13.704147">
        <ele>3</ele>
      </trkpt>
      <trkpt lat="66.868210" lon="13.704111">
        <ele>3.6</ele>
      </trkpt>
      <trkpt lat="66.868242" lon="13.703623">
        <ele>4</ele>
      </trkpt>
      <trkpt lat="66.868289" lon="13.703466">
        <ele>4</ele>
      </trkpt>
      <trkpt lat="66.868386" lon="13.703415">
        <ele>4</ele>
      </trkpt>
      <trkpt lat="66.868789" lon="13.703922">
        <ele>0.1</ele>
      </trkpt>
      <trkpt lat="66.869566" lon="13.705568">
        <ele>0.9</ele>
      </trkpt>
      <trkpt lat="66.869723" lon="13.705830">
        <ele>1.1</ele>
      </trkpt>
      <trkpt lat="66.870069" lon="13.706218">
        <ele>1</ele>
      </trkpt>
      <trkpt lat="66.870407" lon="13.706416">
        <ele>0.5</ele>
      </trkpt>
      <trkpt lat="66.871493" lon="13.706724">
        <ele>3.4</ele>
      </trkpt>
      <trkpt lat="66.871515" lon="13.706760">
        <ele>3.4</ele>
      </trkpt>
      <trkpt lat="66.871497" lon="13.707117">
        <ele>4</ele>
      </trkpt>
      <trkpt lat="66.871791" lon="13.707239">
        <ele>4</ele>
      </trkpt>
      <trkpt lat="66.871965" lon="13.707234">
        <ele>4</ele>
      </trkpt>
      <trkpt lat="66.872398" lon="13.706989">
        <ele>4</ele>
      </trkpt>
      <trkpt lat="66.872885" lon="13.706599">
        <ele>0.1</ele>
      </trkpt>
      <trkpt lat="66.873057" lon="13.706701">
        <ele>0.2</ele>
      </trkpt>
      <trkpt lat="66.873200" lon="13.706540">
        <ele>0.2</ele>
      </trkpt>
      <trkpt lat="66.873268" lon="13.706441">
        <ele>0.3</ele>
      </trkpt>
      <trkpt lat="66.873354" lon="13.706082">
        <ele>0.2</ele>
      </trkpt>
      <trkpt lat="66.873501" lon="13.705889">
        <ele>0.1</ele>
      </trkpt>
      <trkpt lat="66.874214" lon="13.704464">
        <ele>0.5</ele>
      </trkpt>
      <trkpt lat="66.874674" lon="13.703776">
        <ele>0.5</ele>
      </trkpt>
      <trkpt lat="66.875381" lon="13.702931">
        <ele>0.2</ele>
      </trkpt>
      <trkpt lat="66.875918" lon="13.701954">
        <ele>-5.2</ele>
      </trkpt>
      <trkpt lat="66.876154" lon="13.700711">
        <ele>-6.8</ele>
      </trkpt>
      <trkpt lat="66.876265" lon="13.699699">
        <ele>-5.8</ele>
      </trkpt>
      <trkpt lat="66.876292" lon="13.698923">
        <ele>-0.8</ele>
      </trkpt>
      <trkpt lat="66.876214" lon="13.695770">
        <ele>0.2</ele>
      </trkpt>
      <trkpt lat="66.876231" lon="13.693309">
        <ele>-0.2</ele>
      </trkpt>
      <trkpt lat="66.876460" lon="13.689035">
        <ele>2.3</ele>
      </trkpt>
      <trkpt lat="66.876531" lon="13.687133">
        <ele>0.4</ele>
      </trkpt>
      <trkpt lat="66.876635" lon="13.686171">
        <ele>0.4</ele>
      </trkpt>
      <trkpt lat="66.876899" lon="13.685128">
        <ele>0.2</ele>
      </trkpt>
      <trkpt lat="66.877296" lon="13.684373">
        <ele>0.5</ele>
      </trkpt>
      <trkpt lat="66.877558" lon="13.684212">
        <ele>1</ele>
      </trkpt>
      <trkpt lat="66.877924" lon="13.683860">
        <ele>1.3</ele>
      </trkpt>
      <trkpt lat="66.878108" lon="13.683509">
        <ele>1</ele>
      </trkpt>
      <trkpt lat="66.878417" lon="13.683118">
        <ele>1.2</ele>
      </trkpt>
      <trkpt lat="66.878885" lon="13.682707">
        <ele>1.7</ele>
      </trkpt>
      <trkpt lat="66.879374" lon="13.682139">
        <ele>1.4</ele>
      </trkpt>
      <trkpt lat="66.879713" lon="13.681453">
        <ele>-0.4</ele>
      </trkpt>
      <trkpt lat="66.879794" lon="13.681097">
        <ele>-1.2</ele>
      </trkpt>
      <trkpt lat="66.879798" lon="13.680710">
        <ele>-1.9</ele>
      </trkpt>
      <trkpt lat="66.880048" lon="13.679925">
        <ele>-3.8</ele>
      </trkpt>
      <trkpt lat="66.880241" lon="13.679101">
        <ele>-3.8</ele>
      </trkpt>
      <trkpt lat="66.880660" lon="13.676872">
        <ele>-1.3</ele>
      </trkpt>
      <trkpt lat="66.881318" lon="13.674515">
        <ele>-2.7</ele>
      </trkpt>
      <trkpt lat="66.881481" lon="13.673350">
        <ele>-3.5</ele>
      </trkpt>
      <trkpt lat="66.881580" lon="13.671578">
        <ele>-0.1</ele>
      </trkpt>
      <trkpt lat="66.881631" lon="13.669881">
        <ele>2.5</ele>
      </trkpt>
      <trkpt lat="66.881525" lon="13.667663">
        <ele>1.5</ele>
      </trkpt>
      <trkpt lat="66.881532" lon="13.666634">
        <ele>1.1</ele>
      </trkpt>
      <trkpt lat="66.881667" lon="13.665177">
        <ele>0.9</ele>
      </trkpt>
      <trkpt lat="66.881921" lon="13.664048">
        <ele>11.1</ele>
      </trkpt>
      <trkpt lat="66.882340" lon="13.662635">
        <ele>-4</ele>
      </trkpt>
      <trkpt lat="66.882497" lon="13.661667">
        <ele>-7.4</ele>
      </trkpt>
      <trkpt lat="66.882656" lon="13.660410">
        <ele>-7.8</ele>
      </trkpt>
      <trkpt lat="66.883007" lon="13.659057">
        <ele>-0.1</ele>
      </trkpt>
      <trkpt lat="66.883280" lon="13.657186">
        <ele>0.3</ele>
      </trkpt>
      <trkpt lat="66.883451" lon="13.656603">
        <ele>13.2</ele>
      </trkpt>
      <trkpt lat="66.883655" lon="13.656258">
        <ele>0.1</ele>
      </trkpt>
      <trkpt lat="66.883781" lon="13.656128">
        <ele>0.1</ele>
      </trkpt>
      <trkpt lat="66.884409" lon="13.655922">
        <ele>0.4</ele>
      </trkpt>
      <trkpt lat="66.884713" lon="13.655906">
        <ele>0.6</ele>
      </trkpt>
      <trkpt lat="66.885760" lon="13.656126">
        <ele>-3.9</ele>
      </trkpt>
      <trkpt lat="66.886132" lon="13.656088">
        <ele>-5.6</ele>
      </trkpt>
      <trkpt lat="66.886489" lon="13.655857">
        <ele>-6.5</ele>
      </trkpt>
      <trkpt lat="66.886933" lon="13.655427">
        <ele>-6.1</ele>
      </trkpt>
      <trkpt lat="66.888586" lon="13.653230">
        <ele>-3.9</ele>
      </trkpt>
      <trkpt lat="66.890921" lon="13.650994">
        <ele>0.5</ele>
      </trkpt>
      <trkpt lat="66.891153" lon="13.650887">
        <ele>0.6</ele>
      </trkpt>
      <trkpt lat="66.891919" lon="13.650829">
        <ele>0.8</ele>
      </trkpt>
      <trkpt lat="66.893485" lon="13.650859">
        <ele>0.8</ele>
      </trkpt>
      <trkpt lat="66.893946" lon="13.650735">
        <ele>0.2</ele>
      </trkpt>
      <trkpt lat="66.894913" lon="13.650288">
        <ele>0.2</ele>
      </trkpt>
      <trkpt lat="66.900021" lon="13.647570">
        <ele>0.1</ele>
      </trkpt>
      <trkpt lat="66.900537" lon="13.647407">
        <ele>7.3</ele>
      </trkpt>
      <trkpt lat="66.902738" lon="13.647458">
        <ele>1.1</ele>
      </trkpt>
      <trkpt lat="66.903093" lon="13.647330">
        <ele>1.2</ele>
      </trkpt>
      <trkpt lat="66.903448" lon="13.647024">
        <ele>1</ele>
      </trkpt>
      <trkpt lat="66.904495" lon="13.645526">
        <ele>0.4</ele>
      </trkpt>
      <trkpt lat="66.907873" lon="13.640405">
        <ele>0.7</ele>
      </trkpt>
      <trkpt lat="66.908059" lon="13.640090">
        <ele>0.7</ele>
      </trkpt>
      <trkpt lat="66.908033" lon="13.639966">
        <ele>0.9</ele>
      </trkpt>
      <trkpt lat="66.908254" lon="13.639594">
        <ele>1.1</ele>
      </trkpt>
      <trkpt lat="66.909406" lon="13.637882">
        <ele>1.4</ele>
      </trkpt>
      <trkpt lat="66.909839" lon="13.636742">
        <ele>1.4</ele>
      </trkpt>
      <trkpt lat="66.909888" lon="13.636862">
        <ele>1.5</ele>
      </trkpt>
      <trkpt lat="66.910235" lon="13.635594">
        <ele>1.6</ele>
      </trkpt>
      <trkpt lat="66.910743" lon="13.634202">
        <ele>1.5</ele>
      </trkpt>
      <trkpt lat="66.911711" lon="13.632063">
        <ele>1.6</ele>
      </trkpt>
      <trkpt lat="66.912177" lon="13.631175">
        <ele>1.6</ele>
      </trkpt>
      <trkpt lat="66.913905" lon="13.628563">
        <ele>1.5</ele>
      </trkpt>
      <trkpt lat="66.918579" lon="13.621726">
        <ele>21.7</ele>
      </trkpt>
      <trkpt lat="66.918983" lon="13.621288">
        <ele>0.3</ele>
      </trkpt>
      <trkpt lat="66.919157" lon="13.621218">
        <ele>0.5</ele>
      </trkpt>
      <trkpt lat="66.919423" lon="13.621202">
        <ele>0.7</ele>
      </trkpt>
      <trkpt lat="66.919899" lon="13.621396">
        <ele>1.2</ele>
      </trkpt>
      <trkpt lat="66.920497" lon="13.621928">
        <ele>1.4</ele>
      </trkpt>
      <trkpt lat="66.921426" lon="13.622982">
        <ele>2.8</ele>
      </trkpt>
      <trkpt lat="66.921574" lon="13.623068">
        <ele>2.6</ele>
      </trkpt>
      <trkpt lat="66.921771" lon="13.623072">
        <ele>3.4</ele>
      </trkpt>
      <trkpt lat="66.922244" lon="13.622928">
        <ele>5.3</ele>
      </trkpt>
      <trkpt lat="66.922873" lon="13.622512">
        <ele>5.5</ele>
      </trkpt>
      <trkpt lat="66.923358" lon="13.622100">
        <ele>5.7</ele>
      </trkpt>
      <trkpt lat="66.924357" lon="13.620981">
        <ele>5.6</ele>
      </trkpt>
      <trkpt lat="66.925247" lon="13.619662">
        <ele>7.6</ele>
      </trkpt>
      <trkpt lat="66.926905" lon="13.617028">
        <ele>8.2</ele>
      </trkpt>
      <trkpt lat="66.928841" lon="13.613846">
        <ele>0.6</ele>
      </trkpt>
      <trkpt lat="66.937347" lon="13.600230">
        <ele>0.6</ele>
      </trkpt>
      <trkpt lat="66.941553" lon="13.593366">
        <ele>0.4</ele>
      </trkpt>
      <trkpt lat="66.942121" lon="13.592590">
        <ele>0.4</ele>
      </trkpt>
      <trkpt lat="66.942604" lon="13.592089">
        <ele>0.7</ele>
      </trkpt>
      <trkpt lat="66.943114" lon="13.591692">
        <ele>1</ele>
      </trkpt>
      <trkpt lat="66.943589" lon="13.591567">
        <ele>1.8</ele>
      </trkpt>
      <trkpt lat="66.943946" lon="13.591618">
        <ele>2.5</ele>
      </trkpt>
      <trkpt lat="66.944261" lon="13.591756">
        <ele>3.1</ele>
      </trkpt>
      <trkpt lat="66.944904" lon="13.592371">
        <ele>7.7</ele>
      </trkpt>
      <trkpt lat="66.945192" lon="13.592768">
        <ele>10</ele>
      </trkpt>
      <trkpt lat="66.945595" lon="13.593478">
        <ele>15.3</ele>
      </trkpt>
      <trkpt lat="66.949148" lon="13.599851">
        <ele>33.5</ele>
      </trkpt>
      <trkpt lat="66.949511" lon="13.600600">
        <ele>31.9</ele>
      </trkpt>
      <trkpt lat="66.949863" lon="13.601488">
        <ele>31.9</ele>
      </trkpt>
      <trkpt lat="66.950153" lon="13.602370">
        <ele>30.1</ele>
      </trkpt>
      <trkpt lat="66.950363" lon="13.603184">
        <ele>29.9</ele>
      </trkpt>
      <trkpt lat="66.951277" lon="13.607973">
        <ele>22.8</ele>
      </trkpt>
      <trkpt lat="66.951441" lon="13.609070">
        <ele>26.5</ele>
      </trkpt>
      <trkpt lat="66.951534" lon="13.609953">
        <ele>23</ele>
      </trkpt>
      <trkpt lat="66.951577" lon="13.610888">
        <ele>17.1</ele>
      </trkpt>
      <trkpt lat="66.951581" lon="13.612105">
        <ele>16.6</ele>
      </trkpt>
      <trkpt lat="66.950968" lon="13.624202">
        <ele>22.6</ele>
      </trkpt>
      <trkpt lat="66.950772" lon="13.627056">
        <ele>25.5</ele>
      </trkpt>
      <trkpt lat="66.950395" lon="13.631133">
        <ele>49</ele>
      </trkpt>
      <trkpt lat="66.949485" lon="13.640266">
        <ele>19.8</ele>
      </trkpt>
      <trkpt lat="66.949399" lon="13.641438">
        <ele>18.6</ele>
      </trkpt>
      <trkpt lat="66.949075" lon="13.651304">
        <ele>26.6</ele>
      </trkpt>
      <trkpt lat="66.949067" lon="13.653334">
        <ele>46</ele>
      </trkpt>
      <trkpt lat="66.949349" lon="13.658816">
        <ele>31.1</ele>
      </trkpt>
      <trkpt lat="66.949405" lon="13.660398">
        <ele>36.6</ele>
      </trkpt>
      <trkpt lat="66.949266" lon="13.666252">
        <ele>77.3</ele>
      </trkpt>
      <trkpt lat="66.949246" lon="13.672902">
        <ele>13.7</ele>
      </trkpt>
      <trkpt lat="66.949179" lon="13.674673">
        <ele>7.9</ele>
      </trkpt>
      <trkpt lat="66.949110" lon="13.675396">
        <ele>10.2</ele>
      </trkpt>
      <trkpt lat="66.948836" lon="13.677022">
        <ele>8.6</ele>
      </trkpt>
      <trkpt lat="66.947190" lon="13.684793">
        <ele>9.7</ele>
      </trkpt>
      <trkpt lat="66.946902" lon="13.686579">
        <ele>8.7</ele>
      </trkpt>
      <trkpt lat="66.946634" lon="13.688689">
        <ele>8.5</ele>
      </trkpt>
      <trkpt lat="66.946685" lon="13.688838">
        <ele>8.3</ele>
      </trkpt>
      <trkpt lat="66.946490" lon="13.690600">
        <ele>7.8</ele>
      </trkpt>
      <trkpt lat="66.946497" lon="13.691025">
        <ele>7.3</ele>
      </trkpt>
      <trkpt lat="66.946370" lon="13.691627">
        <ele>7.4</ele>
      </trkpt>
      <trkpt lat="66.944852" lon="13.704804">
        <ele>0.8</ele>
      </trkpt>
      <trkpt lat="66.944784" lon="13.705603">
        <ele>0.4</ele>
      </trkpt>
      <trkpt lat="66.944754" lon="13.707028">
        <ele>6.9</ele>
      </trkpt>
      <trkpt lat="66.944873" lon="13.713477">
        <ele>8</ele>
      </trkpt>
      <trkpt lat="66.944919" lon="13.714894">
        <ele>8</ele>
      </trkpt>
      <trkpt lat="66.944956" lon="13.715149">
        <ele>8.5</ele>
      </trkpt>
      <trkpt lat="66.944918" lon="13.715622">
        <ele>8.5</ele>
      </trkpt>
      <trkpt lat="66.945134" lon="13.728261">
        <ele>12.5</ele>
      </trkpt>
      <trkpt lat="66.945279" lon="13.733884">
        <ele>10</ele>
      </trkpt>
      <trkpt lat="66.945359" lon="13.734630">
        <ele>10.5</ele>
      </trkpt>
      <trkpt lat="66.945535" lon="13.735526">
        <ele>10.1</ele>
      </trkpt>
      <trkpt lat="66.945781" lon="13.736473">
        <ele>9</ele>
      </trkpt>
      <trkpt lat="66.945616" lon="13.736784">
        <ele>9.3</ele>
      </trkpt>
      <trkpt lat="66.945729" lon="13.737063">
        <ele>9.4</ele>
      </trkpt>
      <trkpt lat="66.947526" lon="13.744379">
        <ele>0.5</ele>
      </trkpt>
      <trkpt lat="66.947716" lon="13.745397">
        <ele>1</ele>
      </trkpt>
      <trkpt lat="66.948025" lon="13.746446">
        <ele>1.3</ele>
      </trkpt>
      <trkpt lat="66.948458" lon="13.748225">
        <ele>1.4</ele>
      </trkpt>
      <trkpt lat="66.948514" lon="13.748128">
        <ele>1.3</ele>
      </trkpt>
      <trkpt lat="66.949109" lon="13.750400">
        <ele>1.4</ele>
      </trkpt>
      <trkpt lat="66.950882" lon="13.757726">
        <ele>3.1</ele>
      </trkpt>
      <trkpt lat="66.951265" lon="13.759525">
        <ele>3.9</ele>
      </trkpt>
      <trkpt lat="66.951697" lon="13.762455">
        <ele>9.1</ele>
      </trkpt>
      <trkpt lat="66.951933" lon="13.763547">
        <ele>12.7</ele>
      </trkpt>
      <trkpt lat="66.952162" lon="13.764461">
        <ele>13.3</ele>
      </trkpt>
      <trkpt lat="66.952646" lon="13.766010">
        <ele>14.3</ele>
      </trkpt>
      <trkpt lat="66.954268" lon="13.770781">
        <ele>16.9</ele>
      </trkpt>
      <trkpt lat="66.954860" lon="13.772672">
        <ele>14.6</ele>
      </trkpt>
      <trkpt lat="66.957197" lon="13.782378">
        <ele>34.2</ele>
      </trkpt>
      <trkpt lat="66.959473" lon="13.801901">
        <ele>27.5</ele>
      </trkpt>
      <trkpt lat="66.959632" lon="13.804104">
        <ele>29.6</ele>
      </trkpt>
      <trkpt lat="66.959633" lon="13.806259">
        <ele>35.1</ele>
      </trkpt>
      <trkpt lat="66.958894" lon="13.824829">
        <ele>41</ele>
      </trkpt>
      <trkpt lat="66.958795" lon="13.828871">
        <ele>46.1</ele>
      </trkpt>
      <trkpt lat="66.958827" lon="13.830920">
        <ele>63.5</ele>
      </trkpt>
      <trkpt lat="66.958815" lon="13.832864">
        <ele>95.5</ele>
      </trkpt>
      <trkpt lat="66.958724" lon="13.834626">
        <ele>140.4</ele>
      </trkpt>
      <trkpt lat="66.958604" lon="13.836403">
        <ele>166</ele>
      </trkpt>
      <trkpt lat="66.953910" lon="13.892624">
        <ele>180.6</ele>
      </trkpt>
      <trkpt lat="66.953758" lon="13.894008">
        <ele>145</ele>
      </trkpt>
      <trkpt lat="66.953526" lon="13.895365">
        <ele>111.3</ele>
      </trkpt>
      <trkpt lat="66.953181" lon="13.896826">
        <ele>77.1</ele>
      </trkpt>
      <trkpt lat="66.952776" lon="13.898095">
        <ele>45.1</ele>
      </trkpt>
      <trkpt lat="66.952234" lon="13.899350">
        <ele>19.6</ele>
      </trkpt>
      <trkpt lat="66.951859" lon="13.899959">
        <ele>12.2</ele>
      </trkpt>
      <trkpt lat="66.951372" lon="13.900620">
        <ele>6.2</ele>
      </trkpt>
      <trkpt lat="66.950969" lon="13.901069">
        <ele>2.9</ele>
      </trkpt>
      <trkpt lat="66.948306" lon="13.903553">
        <ele>7.3</ele>
      </trkpt>
      <trkpt lat="66.948017" lon="13.903911">
        <ele>7.1</ele>
      </trkpt>
      <trkpt lat="66.947667" lon="13.904576">
        <ele>6.9</ele>
      </trkpt>
      <trkpt lat="66.947347" lon="13.905460">
        <ele>0.7</ele>
      </trkpt>
      <trkpt lat="66.947204" lon="13.906063">
        <ele>1.5</ele>
      </trkpt>
      <trkpt lat="66.946994" lon="13.907582">
        <ele>3</ele>
      </trkpt>
      <trkpt lat="66.946393" lon="13.913728">
        <ele>6.1</ele>
      </trkpt>
      <trkpt lat="66.946327" lon="13.914838">
        <ele>6.1</ele>
      </trkpt>
      <trkpt lat="66.946312" lon="13.915612">
        <ele>5.9</ele>
      </trkpt>
      <trkpt lat="66.946350" lon="13.916443">
        <ele>5.9</ele>
      </trkpt>
      <trkpt lat="66.946432" lon="13.917247">
        <ele>5.6</ele>
      </trkpt>
      <trkpt lat="66.946577" lon="13.918055">
        <ele>5.2</ele>
      </trkpt>
      <trkpt lat="66.947228" lon="13.920451">
        <ele>3.9</ele>
      </trkpt>
      <trkpt lat="66.947865" lon="13.922984">
        <ele>3.9</ele>
      </trkpt>
      <trkpt lat="66.951409" lon="13.938861">
        <ele>0.1</ele>
      </trkpt>
      <trkpt lat="66.951580" lon="13.940025">
        <ele>0.1</ele>
      </trkpt>
      <trkpt lat="66.952016" lon="13.944400">
        <ele>0.1</ele>
      </trkpt>
      <trkpt lat="66.952240" lon="13.945411">
        <ele>4.5</ele>
      </trkpt>
      <trkpt lat="66.952412" lon="13.945904">
        <ele>5.9</ele>
      </trkpt>
      <trkpt lat="66.952710" lon="13.946501">
        <ele>8.2</ele>
      </trkpt>
      <trkpt lat="66.953469" lon="13.947868">
        <ele>1.2</ele>
      </trkpt>
      <trkpt lat="66.953902" lon="13.949127">
        <ele>2</ele>
      </trkpt>
      <trkpt lat="66.954155" lon="13.950070">
        <ele>2.7</ele>
      </trkpt>
      <trkpt lat="66.954638" lon="13.951490">
        <ele>1</ele>
      </trkpt>
      <trkpt lat="66.955252" lon="13.952570">
        <ele>0.3</ele>
      </trkpt>
      <trkpt lat="66.955969" lon="13.953589">
        <ele>0.7</ele>
      </trkpt>
      <trkpt lat="66.956654" lon="13.954922">
        <ele>11.5</ele>
      </trkpt>
      <trkpt lat="66.958562" lon="13.959062">
        <ele>26.5</ele>
      </trkpt>
      <trkpt lat="66.959163" lon="13.960759">
        <ele>26.7</ele>
      </trkpt>
      <trkpt lat="66.959358" lon="13.961573">
        <ele>27.1</ele>
      </trkpt>
      <trkpt lat="66.959507" lon="13.962395">
        <ele>26.9</ele>
      </trkpt>
      <trkpt lat="66.959635" lon="13.963354">
        <ele>27.2</ele>
      </trkpt>
      <trkpt lat="66.959747" lon="13.964565">
        <ele>27.5</ele>
      </trkpt>
      <trkpt lat="66.960344" lon="13.973511">
        <ele>31.3</ele>
      </trkpt>
      <trkpt lat="66.962268" lon="13.990340">
        <ele>20.4</ele>
      </trkpt>
      <trkpt lat="66.962531" lon="13.992460">
        <ele>20.1</ele>
      </trkpt>
      <trkpt lat="66.962833" lon="13.994208">
        <ele>16.5</ele>
      </trkpt>
      <trkpt lat="66.962987" lon="13.994937">
        <ele>15.9</ele>
      </trkpt>
      <trkpt lat="66.963656" lon="13.997404">
        <ele>15.3</ele>
      </trkpt>
      <trkpt lat="66.963895" lon="13.998697">
        <ele>15.4</ele>
      </trkpt>
      <trkpt lat="66.963996" lon="13.999712">
        <ele>15.9</ele>
      </trkpt>
      <trkpt lat="66.964039" lon="14.001260">
        <ele>15.3</ele>
      </trkpt>
      <trkpt lat="66.963625" lon="14.007756">
        <ele>2.8</ele>
      </trkpt>
      <trkpt lat="66.963479" lon="14.008669">
        <ele>2</ele>
      </trkpt>
      <trkpt lat="66.963314" lon="14.009333">
        <ele>1.3</ele>
      </trkpt>
      <trkpt lat="66.962996" lon="14.010110">
        <ele>1.2</ele>
      </trkpt>
      <trkpt lat="66.962000" lon="14.011480">
        <ele>8.7</ele>
      </trkpt>
      <trkpt lat="66.961802" lon="14.011982">
        <ele>10.2</ele>
      </trkpt>
      <trkpt lat="66.961703" lon="14.012910">
        <ele>11.8</ele>
      </trkpt>
      <trkpt lat="66.961775" lon="14.013611">
        <ele>12</ele>
      </trkpt>
      <trkpt lat="66.961858" lon="14.013960">
        <ele>10.7</ele>
      </trkpt>
      <trkpt lat="66.962092" lon="14.014446">
        <ele>8.9</ele>
      </trkpt>
      <trkpt lat="66.962504" lon="14.014824">
        <ele>4.7</ele>
      </trkpt>
      <trkpt lat="66.963904" lon="14.015839">
        <ele>1.5</ele>
      </trkpt>
      <trkpt lat="66.964339" lon="14.015936">
        <ele>1.7</ele>
      </trkpt>
      <trkpt lat="66.964613" lon="14.015903">
        <ele>1.9</ele>
      </trkpt>
      <trkpt lat="66.965198" lon="14.015674">
        <ele>1</ele>
      </trkpt>
      <trkpt lat="66.966926" lon="14.014704">
        <ele>0.1</ele>
      </trkpt>
      <trkpt lat="66.967173" lon="14.014671">
        <ele>0.1</ele>
      </trkpt>
      <trkpt lat="66.967606" lon="14.014823">
        <ele>0.1</ele>
      </trkpt>
      <trkpt lat="66.968787" lon="14.015809">
        <ele>2.6</ele>
      </trkpt>
      <trkpt lat="66.969143" lon="14.015966">
        <ele>3.5</ele>
      </trkpt>
      <trkpt lat="66.969448" lon="14.015916">
        <ele>3.1</ele>
      </trkpt>
      <trkpt lat="66.970213" lon="14.015467">
        <ele>2.6</ele>
      </trkpt>
      <trkpt lat="66.970440" lon="14.015417">
        <ele>2.4</ele>
      </trkpt>
      <trkpt lat="66.970911" lon="14.015634">
        <ele>2.2</ele>
      </trkpt>
      <trkpt lat="66.972215" lon="14.016765">
        <ele>9.1</ele>
      </trkpt>
      <trkpt lat="66.972429" lon="14.016869">
        <ele>8.8</ele>
      </trkpt>
      <trkpt lat="66.972585" lon="14.016870">
        <ele>9.1</ele>
      </trkpt>
      <trkpt lat="66.973234" lon="14.016572">
        <ele>8.3</ele>
      </trkpt>
      <trkpt lat="66.973643" lon="14.016616">
        <ele>8.8</ele>
      </trkpt>
      <trkpt lat="66.975954" lon="14.018724">
        <ele>7.8</ele>
      </trkpt>
      <trkpt lat="66.976201" lon="14.019051">
        <ele>8.1</ele>
      </trkpt>
      <trkpt lat="66.976539" lon="14.019704">
        <ele>8.6</ele>
      </trkpt>
      <trkpt lat="66.976675" lon="14.020086">
        <ele>8.8</ele>
      </trkpt>
      <trkpt lat="66.976868" lon="14.020945">
        <ele>9.2</ele>
      </trkpt>
      <trkpt lat="66.977261" lon="14.024738">
        <ele>19.7</ele>
      </trkpt>
      <trkpt lat="66.977418" lon="14.025680">
        <ele>21.7</ele>
      </trkpt>
      <trkpt lat="66.977684" lon="14.026713">
        <ele>22.6</ele>
      </trkpt>
      <trkpt lat="66.979140" lon="14.031589">
        <ele>23.3</ele>
      </trkpt>
      <trkpt lat="66.979542" lon="14.032756">
        <ele>23.4</ele>
      </trkpt>
      <trkpt lat="66.981029" lon="14.035568">
        <ele>28.1</ele>
      </trkpt>
      <trkpt lat="66.981544" lon="14.036410">
        <ele>28.1</ele>
      </trkpt>
      <trkpt lat="66.984721" lon="14.039723">
        <ele>26.8</ele>
      </trkpt>
      <trkpt lat="66.985011" lon="14.040137">
        <ele>26.8</ele>
      </trkpt>
      <trkpt lat="66.985235" lon="14.040557">
        <ele>28.8</ele>
      </trkpt>
      <trkpt lat="66.985555" lon="14.041399">
        <ele>28.8</ele>
      </trkpt>
      <trkpt lat="66.985885" lon="14.042770">
        <ele>25.9</ele>
      </trkpt>
      <trkpt lat="66.985991" lon="14.043493">
        <ele>23.4</ele>
      </trkpt>
      <trkpt lat="66.986054" lon="14.044180">
        <ele>21.3</ele>
      </trkpt>
      <trkpt lat="66.986363" lon="14.050873">
        <ele>22.1</ele>
      </trkpt>
      <trkpt lat="66.986453" lon="14.051729">
        <ele>23.1</ele>
      </trkpt>
      <trkpt lat="66.986742" lon="14.053603">
        <ele>18.2</ele>
      </trkpt>
      <trkpt lat="66.987387" lon="14.056918">
        <ele>19.9</ele>
      </trkpt>
      <trkpt lat="66.987526" lon="14.057793">
        <ele>20.7</ele>
      </trkpt>
      <trkpt lat="66.987556" lon="14.058577">
        <ele>25</ele>
      </trkpt>
      <trkpt lat="66.987504" lon="14.059402">
        <ele>30.9</ele>
      </trkpt>
      <trkpt lat="66.987358" lon="14.060241">
        <ele>35.8</ele>
      </trkpt>
      <trkpt lat="66.987175" lon="14.060806">
        <ele>41.7</ele>
      </trkpt>
      <trkpt lat="66.986933" lon="14.061340">
        <ele>46.3</ele>
      </trkpt>
      <trkpt lat="66.986657" lon="14.061723">
        <ele>47.6</ele>
      </trkpt>
      <trkpt lat="66.985652" lon="14.062593">
        <ele>47.4</ele>
      </trkpt>
      <trkpt lat="66.985232" lon="14.063361">
        <ele>48.2</ele>
      </trkpt>
      <trkpt lat="66.984899" lon="14.064352">
        <ele>41.5</ele>
      </trkpt>
      <trkpt lat="66.984681" lon="14.065602">
        <ele>37.1</ele>
      </trkpt>
      <trkpt lat="66.984519" lon="14.067292">
        <ele>58.8</ele>
      </trkpt>
      <trkpt lat="66.984492" lon="14.068736">
        <ele>82.7</ele>
      </trkpt>
      <trkpt lat="66.984605" lon="14.070093">
        <ele>94.3</ele>
      </trkpt>
      <trkpt lat="66.984733" lon="14.070742">
        <ele>99.8</ele>
      </trkpt>
      <trkpt lat="66.985044" lon="14.071572">
        <ele>107.2</ele>
      </trkpt>
      <trkpt lat="66.985480" lon="14.072160">
        <ele>111.2</ele>
      </trkpt>
      <trkpt lat="66.986530" lon="14.073115">
        <ele>113.1</ele>
      </trkpt>
      <trkpt lat="66.986833" lon="14.073497">
        <ele>106.9</ele>
      </trkpt>
      <trkpt lat="66.987183" lon="14.074112">
        <ele>105.9</ele>
      </trkpt>
      <trkpt lat="66.988793" lon="14.077991">
        <ele>108.4</ele>
      </trkpt>
      <trkpt lat="66.989501" lon="14.079918">
        <ele>116.6</ele>
      </trkpt>
      <trkpt lat="66.991302" lon="14.087218">
        <ele>161</ele>
      </trkpt>
      <trkpt lat="66.991379" lon="14.087687">
        <ele>159.8</ele>
      </trkpt>
      <trkpt lat="66.991491" lon="14.088857">
        <ele>163.4</ele>
      </trkpt>
      <trkpt lat="66.991503" lon="14.090636">
        <ele>174.3</ele>
      </trkpt>
      <trkpt lat="66.991574" lon="14.091733">
        <ele>176.2</ele>
      </trkpt>
      <trkpt lat="66.991728" lon="14.092821">
        <ele>180</ele>
      </trkpt>
      <trkpt lat="66.992365" lon="14.096008">
        <ele>186.3</ele>
      </trkpt>
      <trkpt lat="66.992801" lon="14.098792">
        <ele>191</ele>
      </trkpt>
      <trkpt lat="66.992920" lon="14.100134">
        <ele>193.9</ele>
      </trkpt>
      <trkpt lat="66.993028" lon="14.101907">
        <ele>198.4</ele>
      </trkpt>
      <trkpt lat="66.993064" lon="14.102996">
        <ele>218.2</ele>
      </trkpt>
      <trkpt lat="66.993066" lon="14.104874">
        <ele>245.9</ele>
      </trkpt>
      <trkpt lat="66.992561" lon="14.124519">
        <ele>144.4</ele>
      </trkpt>
      <trkpt lat="66.992515" lon="14.125514">
        <ele>127.6</ele>
      </trkpt>
      <trkpt lat="66.992410" lon="14.126382">
        <ele>117.9</ele>
      </trkpt>
      <trkpt lat="66.992209" lon="14.127218">
        <ele>107.9</ele>
      </trkpt>
      <trkpt lat="66.991990" lon="14.127750">
        <ele>102.3</ele>
      </trkpt>
      <trkpt lat="66.991645" lon="14.128242">
        <ele>100.3</ele>
      </trkpt>
      <trkpt lat="66.990910" lon="14.128773">
        <ele>95.6</ele>
      </trkpt>
      <trkpt lat="66.990560" lon="14.129112">
        <ele>92.8</ele>
      </trkpt>
      <trkpt lat="66.990198" lon="14.129625">
        <ele>90.6</ele>
      </trkpt>
      <trkpt lat="66.990033" lon="14.129950">
        <ele>90.3</ele>
      </trkpt>
      <trkpt lat="66.989741" lon="14.130804">
        <ele>91.6</ele>
      </trkpt>
      <trkpt lat="66.989517" lon="14.131667">
        <ele>98.1</ele>
      </trkpt>
      <trkpt lat="66.988829" lon="14.134851">
        <ele>210.4</ele>
      </trkpt>
      <trkpt lat="66.988443" lon="14.136384">
        <ele>254.8</ele>
      </trkpt>
      <trkpt lat="66.987977" lon="14.137773">
        <ele>285.8</ele>
      </trkpt>
      <trkpt lat="66.987721" lon="14.138409">
        <ele>290.6</ele>
      </trkpt>
      <trkpt lat="66.987159" lon="14.139536">
        <ele>269.7</ele>
      </trkpt>
      <trkpt lat="66.983380" lon="14.146035">
        <ele>96.6</ele>
      </trkpt>
      <trkpt lat="66.983096" lon="14.146423">
        <ele>89.4</ele>
      </trkpt>
      <trkpt lat="66.982714" lon="14.146745">
        <ele>82.8</ele>
      </trkpt>
      <trkpt lat="66.982258" lon="14.146909">
        <ele>77.9</ele>
      </trkpt>
      <trkpt lat="66.981923" lon="14.146897">
        <ele>72.2</ele>
      </trkpt>
      <trkpt lat="66.981536" lon="14.146721">
        <ele>67.5</ele>
      </trkpt>
      <trkpt lat="66.981126" lon="14.146362">
        <ele>67.8</ele>
      </trkpt>
      <trkpt lat="66.980509" lon="14.145662">
        <ele>60.6</ele>
      </trkpt>
      <trkpt lat="66.980250" lon="14.145467">
        <ele>59.4</ele>
      </trkpt>
      <trkpt lat="66.979779" lon="14.145350">
        <ele>44.4</ele>
      </trkpt>
      <trkpt lat="66.979177" lon="14.145523">
        <ele>33.1</ele>
      </trkpt>
      <trkpt lat="66.978773" lon="14.145880">
        <ele>23.4</ele>
      </trkpt>
      <trkpt lat="66.978200" lon="14.146650">
        <ele>3.7</ele>
      </trkpt>
      <trkpt lat="66.976535" lon="14.149175">
        <ele>10</ele>
      </trkpt>
      <trkpt lat="66.976310" lon="14.149650">
        <ele>6.3</ele>
      </trkpt>
      <trkpt lat="66.976130" lon="14.150203">
        <ele>1</ele>
      </trkpt>
      <trkpt lat="66.975936" lon="14.151068">
      </trkpt>
      <trkpt lat="66.975884" lon="14.151501">
        <ele>2.4</ele>
      </trkpt>
      <trkpt lat="66.975826" lon="14.152776">
        <ele>13.3</ele>
      </trkpt>
      <trkpt lat="66.975854" lon="14.153555">
        <ele>19.8</ele>
      </trkpt>
      <trkpt lat="66.975983" lon="14.154542">
        <ele>29.9</ele>
      </trkpt>
      <trkpt lat="66.976213" lon="14.155476">
        <ele>37.2</ele>
      </trkpt>
      <trkpt lat="66.976364" lon="14.155887">
        <ele>40.5</ele>
      </trkpt>
      <trkpt lat="66.976679" lon="14.156443">
        <ele>42.5</ele>
      </trkpt>
      <trkpt lat="66.976971" lon="14.156751">
        <ele>43.3</ele>
      </trkpt>
      <trkpt lat="66.977422" lon="14.156968">
        <ele>39.6</ele>
      </trkpt>
      <trkpt lat="66.979062" lon="14.157441">
        <ele>22.1</ele>
      </trkpt>
      <trkpt lat="66.979383" lon="14.157595">
        <ele>17.9</ele>
      </trkpt>
      <trkpt lat="66.979819" lon="14.157960">
        <ele>13.3</ele>
      </trkpt>
      <trkpt lat="66.980712" lon="14.158775">
        <ele>15.5</ele>
      </trkpt>
      <trkpt lat="66.981423" lon="14.159579">
        <ele>27.2</ele>
      </trkpt>
      <trkpt lat="66.982747" lon="14.161789">
        <ele>35</ele>
      </trkpt>
      <trkpt lat="66.983134" lon="14.162248">
        <ele>28.7</ele>
      </trkpt>
      <trkpt lat="66.986449" lon="14.165312">
        <ele>45.6</ele>
      </trkpt>
      <trkpt lat="66.988686" lon="14.168459">
        <ele>37.9</ele>
      </trkpt>
      <trkpt lat="66.990386" lon="14.171704">
        <ele>55.1</ele>
      </trkpt>
      <trkpt lat="66.990588" lon="14.172149">
        <ele>60.3</ele>
      </trkpt>
      <trkpt lat="66.990967" lon="14.173195">
        <ele>67.8</ele>
      </trkpt>
      <trkpt lat="66.991183" lon="14.174028">
        <ele>71.2</ele>
      </trkpt>
      <trkpt lat="66.991403" lon="14.175111">
        <ele>72</ele>
      </trkpt>
      <trkpt lat="66.991824" lon="14.177772">
        <ele>59.5</ele>
      </trkpt>
      <trkpt lat="66.991951" lon="14.178375">
        <ele>52.4</ele>
      </trkpt>
      <trkpt lat="66.992781" lon="14.181264">
        <ele>37.5</ele>
      </trkpt>
      <trkpt lat="66.993024" lon="14.182579">
        <ele>30.1</ele>
      </trkpt>
      <trkpt lat="66.993116" lon="14.183661">
        <ele>25.2</ele>
      </trkpt>
      <trkpt lat="66.993092" lon="14.185084">
        <ele>30.2</ele>
      </trkpt>
      <trkpt lat="66.992091" lon="14.199550">
        <ele>18.4</ele>
      </trkpt>
      <trkpt lat="66.991942" lon="14.202021">
        <ele>10.2</ele>
      </trkpt>
      <trkpt lat="66.991916" lon="14.202885">
        <ele>11.8</ele>
      </trkpt>
      <trkpt lat="66.991931" lon="14.203874">
        <ele>16.5</ele>
      </trkpt>
      <trkpt lat="66.991995" lon="14.205014">
        <ele>14.1</ele>
      </trkpt>
      <trkpt lat="66.992272" lon="14.207854">
        <ele>9</ele>
      </trkpt>
      <trkpt lat="66.992330" lon="14.209114">
        <ele>10</ele>
      </trkpt>
      <trkpt lat="66.992349" lon="14.210307">
        <ele>8.3</ele>
      </trkpt>
      <trkpt lat="66.992311" lon="14.211533">
        <ele>9.8</ele>
      </trkpt>
      <trkpt lat="66.992223" lon="14.212954">
        <ele>10.1</ele>
      </trkpt>
      <trkpt lat="66.991946" lon="14.216384">
        <ele>5.1</ele>
      </trkpt>
      <trkpt lat="66.991959" lon="14.217322">
        <ele>3.8</ele>
      </trkpt>
      <trkpt lat="66.992001" lon="14.217913">
        <ele>4.5</ele>
      </trkpt>
      <trkpt lat="66.992084" lon="14.218568">
        <ele>3.5</ele>
      </trkpt>
      <trkpt lat="66.992250" lon="14.219484">
        <ele>1</ele>
      </trkpt>
      <trkpt lat="66.992393" lon="14.220019">
        <ele>0.7</ele>
      </trkpt>
      <trkpt lat="66.995004" lon="14.227923">
        <ele>14.4</ele>
      </trkpt>
      <trkpt lat="66.998212" lon="14.239194">
        <ele>0.7</ele>
      </trkpt>
      <trkpt lat="66.998593" lon="14.240218">
        <ele>0.7</ele>
      </trkpt>
      <trkpt lat="66.998940" lon="14.240862">
        <ele>0.9</ele>
      </trkpt>
      <trkpt lat="66.999201" lon="14.241194">
        <ele>0.8</ele>
      </trkpt>
      <trkpt lat="66.999786" lon="14.241644">
        <ele>0.3</ele>
      </trkpt>
      <trkpt lat="67.000290" lon="14.241780">
        <ele>0.4</ele>
      </trkpt>
      <trkpt lat="67.000577" lon="14.241745">
        <ele>0.6</ele>
      </trkpt>
      <trkpt lat="67.000857" lon="14.241602">
        <ele>0.6</ele>
      </trkpt>
      <trkpt lat="67.001186" lon="14.241350">
        <ele>0.2</ele>
      </trkpt>
      <trkpt lat="67.001554" lon="14.240947">
        <ele>3.1</ele>
      </trkpt>
      <trkpt lat="67.001734" lon="14.240642">
        <ele>4.3</ele>
      </trkpt>
      <trkpt lat="67.002531" lon="14.238906">
        <ele>0.1</ele>
      </trkpt>
      <trkpt lat="67.005523" lon="14.231968">
        <ele>12</ele>
      </trkpt>
      <trkpt lat="67.005691" lon="14.231658">
        <ele>14.6</ele>
      </trkpt>
      <trkpt lat="67.006100" lon="14.231180">
        <ele>18.3</ele>
      </trkpt>
      <trkpt lat="67.006471" lon="14.231039">
        <ele>20.2</ele>
      </trkpt>
      <trkpt lat="67.006726" lon="14.231070">
        <ele>20.4</ele>
      </trkpt>
      <trkpt lat="67.006986" lon="14.231227">
        <ele>18.8</ele>
      </trkpt>
      <trkpt lat="67.007321" lon="14.231607">
        <ele>14.7</ele>
      </trkpt>
      <trkpt lat="67.007772" lon="14.232706">
        <ele>13.3</ele>
      </trkpt>
      <trkpt lat="67.009617" lon="14.239106">
        <ele>6.7</ele>
      </trkpt>
      <trkpt lat="67.009851" lon="14.239799">
        <ele>1.5</ele>
      </trkpt>
      <trkpt lat="67.010316" lon="14.240797">
        <ele>3</ele>
      </trkpt>
      <trkpt lat="67.010850" lon="14.241496">
        <ele>0.2</ele>
      </trkpt>
      <trkpt lat="67.011189" lon="14.241736">
        <ele>1</ele>
      </trkpt>
      <trkpt lat="67.013698" lon="14.243007">
        <ele>4.1</ele>
      </trkpt>
      <trkpt lat="67.014674" lon="14.243728">
        <ele>6.6</ele>
      </trkpt>
      <trkpt lat="67.015421" lon="14.244371">
        <ele>8.1</ele>
      </trkpt>
      <trkpt lat="67.016235" lon="14.245215">
        <ele>7.8</ele>
      </trkpt>
      <trkpt lat="67.016769" lon="14.245859">
        <ele>8</ele>
      </trkpt>
      <trkpt lat="67.021507" lon="14.251784">
        <ele>6.8</ele>
      </trkpt>
      <trkpt lat="67.023579" lon="14.254271">
        <ele>0.2</ele>
      </trkpt>
      <trkpt lat="67.024792" lon="14.255318">
        <ele>0.4</ele>
      </trkpt>
      <trkpt lat="67.026148" lon="14.256111">
        <ele>0.2</ele>
      </trkpt>
      <trkpt lat="67.027314" lon="14.257017">
        <ele>0.6</ele>
      </trkpt>
      <trkpt lat="67.029377" lon="14.259319">
        <ele>1.1</ele>
      </trkpt>
      <trkpt lat="67.029989" lon="14.259817">
        <ele>0.5</ele>
      </trkpt>
      <trkpt lat="67.032066" lon="14.261254">
        <ele>1.4</ele>
      </trkpt>
      <trkpt lat="67.032556" lon="14.261782">
        <ele>1.1</ele>
      </trkpt>
      <trkpt lat="67.032981" lon="14.262401">
        <ele>0.3</ele>
      </trkpt>
      <trkpt lat="67.033331" lon="14.263046">
        <ele>5.9</ele>
      </trkpt>
      <trkpt lat="67.035615" lon="14.268197">
        <ele>8.3</ele>
      </trkpt>
      <trkpt lat="67.035909" lon="14.268721">
        <ele>3.2</ele>
      </trkpt>
      <trkpt lat="67.036158" lon="14.269051">
        <ele>4.4</ele>
      </trkpt>
      <trkpt lat="67.036462" lon="14.269319">
        <ele>4</ele>
      </trkpt>
      <trkpt lat="67.037039" lon="14.269500">
        <ele>2.2</ele>
      </trkpt>
      <trkpt lat="67.039166" lon="14.269344">
        <ele>1.6</ele>
      </trkpt>
      <trkpt lat="67.039772" lon="14.269521">
        <ele>1.5</ele>
      </trkpt>
      <trkpt lat="67.049372" lon="14.272870">
        <ele>4.3</ele>
      </trkpt>
      <trkpt lat="67.050897" lon="14.273504">
        <ele>4.2</ele>
      </trkpt>
      <trkpt lat="67.051581" lon="14.273915">
        <ele>5.3</ele>
      </trkpt>
      <trkpt lat="67.054866" lon="14.276691">
        <ele>28.8</ele>
      </trkpt>
      <trkpt lat="67.055500" lon="14.277096">
        <ele>41.7</ele>
      </trkpt>
      <trkpt lat="67.055836" lon="14.277133">
        <ele>44.7</ele>
      </trkpt>
      <trkpt lat="67.056173" lon="14.277007">
        <ele>43.3</ele>
      </trkpt>
      <trkpt lat="67.056499" lon="14.276697">
        <ele>43.9</ele>
      </trkpt>
      <trkpt lat="67.056828" lon="14.276141">
        <ele>44.6</ele>
      </trkpt>
      <trkpt lat="67.057077" lon="14.275392">
        <ele>48.9</ele>
      </trkpt>
      <trkpt lat="67.057297" lon="14.274471">
        <ele>53.7</ele>
      </trkpt>
      <trkpt lat="67.058967" lon="14.265807">
        <ele>45.1</ele>
      </trkpt>
      <trkpt lat="67.059264" lon="14.264689">
        <ele>39.8</ele>
      </trkpt>
      <trkpt lat="67.059620" lon="14.263771">
        <ele>32.7</ele>
      </trkpt>
      <trkpt lat="67.060263" lon="14.262781">
        <ele>28.2</ele>
      </trkpt>
      <trkpt lat="67.060525" lon="14.262515">
        <ele>27.6</ele>
      </trkpt>
      <trkpt lat="67.060960" lon="14.262240">
        <ele>26.3</ele>
      </trkpt>
      <trkpt lat="67.061442" lon="14.262167">
        <ele>25.7</ele>
      </trkpt>
      <trkpt lat="67.062082" lon="14.262370">
        <ele>22.7</ele>
      </trkpt>
      <trkpt lat="67.064071" lon="14.263371">
        <ele>5.2</ele>
      </trkpt>
      <trkpt lat="67.064663" lon="14.263414">
        <ele>11.5</ele>
      </trkpt>
      <trkpt lat="67.065175" lon="14.263182">
        <ele>15.8</ele>
      </trkpt>
      <trkpt lat="67.065775" lon="14.262580">
        <ele>21.3</ele>
      </trkpt>
      <trkpt lat="67.069846" lon="14.257678">
        <ele>39.3</ele>
      </trkpt>
      <trkpt lat="67.070125" lon="14.257397">
        <ele>44.7</ele>
      </trkpt>
      <trkpt lat="67.070125" lon="14.257397">
        <ele>44.7</ele>
      </trkpt>
      <trkpt lat="67.070452" lon="14.257198">
        <ele>54.2</ele>
      </trkpt>
      <trkpt lat="67.070676" lon="14.257177">
        <ele>57</ele>
      </trkpt>
      <trkpt lat="67.070919" lon="14.257267">
        <ele>56.7</ele>
      </trkpt>
      <trkpt lat="67.071307" lon="14.257724">
        <ele>51.8</ele>
      </trkpt>
      <trkpt lat="67.071528" lon="14.258160">
        <ele>49.3</ele>
      </trkpt>
      <trkpt lat="67.071696" lon="14.258662">
        <ele>44.1</ele>
      </trkpt>
      <trkpt lat="67.071835" lon="14.259337">
        <ele>38.1</ele>
      </trkpt>
      <trkpt lat="67.071926" lon="14.260156">
        <ele>31</ele>
      </trkpt>
      <trkpt lat="67.072011" lon="14.262128">
        <ele>24.2</ele>
      </trkpt>
      <trkpt lat="67.072170" lon="14.263230">
        <ele>26.1</ele>
      </trkpt>
      <trkpt lat="67.072405" lon="14.264117">
        <ele>38.5</ele>
      </trkpt>
      <trkpt lat="67.072783" lon="14.264895">
        <ele>53.8</ele>
      </trkpt>
      <trkpt lat="67.073708" lon="14.265837">
        <ele>39</ele>
      </trkpt>
      <trkpt lat="67.073949" lon="14.266175">
        <ele>38.5</ele>
      </trkpt>
      <trkpt lat="67.074203" lon="14.266759">
        <ele>39.7</ele>
      </trkpt>
      <trkpt lat="67.074331" lon="14.267285">
        <ele>40.7</ele>
      </trkpt>
      <trkpt lat="67.074724" lon="14.269781">
        <ele>45.1</ele>
      </trkpt>
      <trkpt lat="67.074983" lon="14.270655">
        <ele>52.3</ele>
      </trkpt>
      <trkpt lat="67.075428" lon="14.271534">
        <ele>54.1</ele>
      </trkpt>
      <trkpt lat="67.076213" lon="14.272760">
        <ele>61.8</ele>
      </trkpt>
      <trkpt lat="67.076433" lon="14.273267">
        <ele>71.5</ele>
      </trkpt>
      <trkpt lat="67.076735" lon="14.274159">
        <ele>93.7</ele>
      </trkpt>
      <trkpt lat="67.076973" lon="14.275247">
        <ele>82.2</ele>
      </trkpt>
      <trkpt lat="67.077067" lon="14.275823">
        <ele>67.7</ele>
      </trkpt>
      <trkpt lat="67.077151" lon="14.276535">
        <ele>54.5</ele>
      </trkpt>
      <trkpt lat="67.077220" lon="14.277935">
        <ele>37</ele>
      </trkpt>
      <trkpt lat="67.077076" lon="14.284440">
        <ele>34</ele>
      </trkpt>
      <trkpt lat="67.077057" lon="14.286578">
        <ele>27.5</ele>
      </trkpt>
      <trkpt lat="67.077128" lon="14.288754">
        <ele>25.3</ele>
      </trkpt>
      <trkpt lat="67.077237" lon="14.290219">
        <ele>28.4</ele>
      </trkpt>
      <trkpt lat="67.078897" lon="14.307630">
        <ele>0.8</ele>
      </trkpt>
      <trkpt lat="67.078982" lon="14.309059">
        <ele>0.6</ele>
      </trkpt>
      <trkpt lat="67.079029" lon="14.311506">
        <ele>0.8</ele>
      </trkpt>
      <trkpt lat="67.079126" lon="14.313171">
        <ele>0.4</ele>
      </trkpt>
      <trkpt lat="67.080101" lon="14.322622">
        <ele>10.2</ele>
      </trkpt>
      <trkpt lat="67.080237" lon="14.323379">
        <ele>8.4</ele>
      </trkpt>
      <trkpt lat="67.080822" lon="14.326054">
        <ele>2.2</ele>
      </trkpt>
      <trkpt lat="67.081103" lon="14.327052">
        <ele>6</ele>
      </trkpt>
      <trkpt lat="67.081237" lon="14.327375">
        <ele>5.1</ele>
      </trkpt>
      <trkpt lat="67.081635" lon="14.327953">
        <ele>9.1</ele>
      </trkpt>
      <trkpt lat="67.081844" lon="14.328102">
        <ele>18</ele>
      </trkpt>
      <trkpt lat="67.082215" lon="14.328150">
        <ele>20.5</ele>
      </trkpt>
      <trkpt lat="67.082465" lon="14.327996">
        <ele>17.3</ele>
      </trkpt>
      <trkpt lat="67.082800" lon="14.327623">
        <ele>20.3</ele>
      </trkpt>
      <trkpt lat="67.083033" lon="14.327156">
        <ele>10.9</ele>
      </trkpt>
      <trkpt lat="67.083258" lon="14.326444">
        <ele>17.9</ele>
      </trkpt>
      <trkpt lat="67.083464" lon="14.325273">
        <ele>17.2</ele>
      </trkpt>
      <trkpt lat="67.084638" lon="14.316719">
        <ele>17.6</ele>
      </trkpt>
      <trkpt lat="67.084854" lon="14.315608">
        <ele>13.9</ele>
      </trkpt>
      <trkpt lat="67.085095" lon="14.314860">
        <ele>16.8</ele>
      </trkpt>
      <trkpt lat="67.085498" lon="14.314127">
        <ele>14</ele>
      </trkpt>
      <trkpt lat="67.085870" lon="14.313766">
        <ele>14.9</ele>
      </trkpt>
      <trkpt lat="67.086113" lon="14.313660">
        <ele>14.1</ele>
      </trkpt>
      <trkpt lat="67.090248" lon="14.313188">
        <ele>33</ele>
      </trkpt>
      <trkpt lat="67.091036" lon="14.313036">
        <ele>38</ele>
      </trkpt>
      <trkpt lat="67.091502" lon="14.312818">
        <ele>39</ele>
      </trkpt>
      <trkpt lat="67.092429" lon="14.312145">
        <ele>36.4</ele>
      </trkpt>
      <trkpt lat="67.092919" lon="14.311639">
        <ele>32.8</ele>
      </trkpt>
      <trkpt lat="67.094218" lon="14.310048">
        <ele>24.8</ele>
      </trkpt>
      <trkpt lat="67.094527" lon="14.309744">
        <ele>23.2</ele>
      </trkpt>
      <trkpt lat="67.094849" lon="14.309490">
        <ele>20.1</ele>
      </trkpt>
      <trkpt lat="67.095102" lon="14.309413">
        <ele>18.4</ele>
      </trkpt>
      <trkpt lat="67.096643" lon="14.309145">
        <ele>19</ele>
      </trkpt>
      <trkpt lat="67.098707" lon="14.309000">
        <ele>21.7</ele>
      </trkpt>
      <trkpt lat="67.101877" lon="14.309116">
        <ele>27</ele>
      </trkpt>
      <trkpt lat="67.102258" lon="14.309163">
        <ele>29.3</ele>
      </trkpt>
      <trkpt lat="67.102645" lon="14.309313">
        <ele>30.7</ele>
      </trkpt>
      <trkpt lat="67.102895" lon="14.309603">
        <ele>33.1</ele>
      </trkpt>
      <trkpt lat="67.103198" lon="14.310175">
        <ele>36.4</ele>
      </trkpt>
      <trkpt lat="67.103460" lon="14.310996">
        <ele>36.6</ele>
      </trkpt>
      <trkpt lat="67.104867" lon="14.316605">
        <ele>51</ele>
      </trkpt>
      <trkpt lat="67.105159" lon="14.317671">
        <ele>52.4</ele>
      </trkpt>
      <trkpt lat="67.105303" lon="14.318072">
        <ele>53.5</ele>
      </trkpt>
      <trkpt lat="67.105713" lon="14.318805">
        <ele>54.7</ele>
      </trkpt>
      <trkpt lat="67.105965" lon="14.319085">
        <ele>55.6</ele>
      </trkpt>
      <trkpt lat="67.106323" lon="14.319290">
        <ele>57.4</ele>
      </trkpt>
      <trkpt lat="67.106718" lon="14.319332">
        <ele>60.6</ele>
      </trkpt>
      <trkpt lat="67.113449" lon="14.316601">
        <ele>49.2</ele>
      </trkpt>
      <trkpt lat="67.114022" lon="14.316626">
        <ele>49.6</ele>
      </trkpt>
      <trkpt lat="67.114486" lon="14.316775">
        <ele>52.2</ele>
      </trkpt>
      <trkpt lat="67.119095" lon="14.319614">
        <ele>21.6</ele>
      </trkpt>
      <trkpt lat="67.119440" lon="14.319902">
        <ele>19.9</ele>
      </trkpt>
      <trkpt lat="67.119762" lon="14.320318">
        <ele>19.5</ele>
      </trkpt>
      <trkpt lat="67.120279" lon="14.321237">
        <ele>20.6</ele>
      </trkpt>
      <trkpt lat="67.121064" lon="14.322840">
        <ele>25.4</ele>
      </trkpt>
      <trkpt lat="67.121589" lon="14.324259">
        <ele>28.5</ele>
      </trkpt>
      <trkpt lat="67.122012" lon="14.325663">
        <ele>27.8</ele>
      </trkpt>
      <trkpt lat="67.122428" lon="14.327295">
        <ele>28.2</ele>
      </trkpt>
      <trkpt lat="67.123622" lon="14.331471">
        <ele>23.8</ele>
      </trkpt>
      <trkpt lat="67.123850" lon="14.332511">
        <ele>23.5</ele>
      </trkpt>
      <trkpt lat="67.123923" lon="14.333213">
        <ele>24.5</ele>
      </trkpt>
      <trkpt lat="67.123972" lon="14.334190">
        <ele>26.7</ele>
      </trkpt>
      <trkpt lat="67.123964" lon="14.334681">
        <ele>28.1</ele>
      </trkpt>
      <trkpt lat="67.123791" lon="14.336909">
        <ele>37.4</ele>
      </trkpt>
      <trkpt lat="67.123788" lon="14.337584">
        <ele>39.5</ele>
      </trkpt>
      <trkpt lat="67.123839" lon="14.338414">
        <ele>40.5</ele>
      </trkpt>
      <trkpt lat="67.123929" lon="14.339249">
        <ele>39.6</ele>
      </trkpt>
      <trkpt lat="67.124041" lon="14.339987">
        <ele>41.4</ele>
      </trkpt>
      <trkpt lat="67.124245" lon="14.340841">
        <ele>41.4</ele>
      </trkpt>
      <trkpt lat="67.125118" lon="14.343644">
        <ele>55.1</ele>
      </trkpt>
      <trkpt lat="67.125265" lon="14.344344">
        <ele>62.5</ele>
      </trkpt>
      <trkpt lat="67.125388" lon="14.345237">
        <ele>69.4</ele>
      </trkpt>
      <trkpt lat="67.125677" lon="14.348922">
        <ele>91.4</ele>
      </trkpt>
      <trkpt lat="67.125899" lon="14.350278">
        <ele>101.1</ele>
      </trkpt>
      <trkpt lat="67.126244" lon="14.351511">
        <ele>114.2</ele>
      </trkpt>
      <trkpt lat="67.126506" lon="14.352177">
        <ele>116.9</ele>
      </trkpt>
      <trkpt lat="67.126834" lon="14.352856">
        <ele>124.2</ele>
      </trkpt>
      <trkpt lat="67.129248" lon="14.356953">
        <ele>106.1</ele>
      </trkpt>
      <trkpt lat="67.129702" lon="14.357820">
        <ele>102.4</ele>
      </trkpt>
      <trkpt lat="67.130009" lon="14.358533">
        <ele>103.1</ele>
      </trkpt>
      <trkpt lat="67.130327" lon="14.359442">
        <ele>103.1</ele>
      </trkpt>
      <trkpt lat="67.132083" lon="14.364992">
        <ele>123.1</ele>
      </trkpt>
      <trkpt lat="67.132924" lon="14.366902">
        <ele>135.1</ele>
      </trkpt>
      <trkpt lat="67.137242" lon="14.375438">
        <ele>163.8</ele>
      </trkpt>
      <trkpt lat="67.137698" lon="14.376109">
        <ele>165.1</ele>
      </trkpt>
      <trkpt lat="67.138877" lon="14.377151">
        <ele>172.5</ele>
      </trkpt>
      <trkpt lat="67.139144" lon="14.377461">
        <ele>174.8</ele>
      </trkpt>
      <trkpt lat="67.139410" lon="14.377952">
        <ele>179</ele>
      </trkpt>
      <trkpt lat="67.139632" lon="14.378432">
        <ele>179.4</ele>
      </trkpt>
      <trkpt lat="67.141442" lon="14.383086">
        <ele>184.4</ele>
      </trkpt>
      <trkpt lat="67.142099" lon="14.384623">
        <ele>188.4</ele>
      </trkpt>
      <trkpt lat="67.142742" lon="14.385804">
        <ele>199.9</ele>
      </trkpt>
      <trkpt lat="67.143454" lon="14.386901">
        <ele>204.5</ele>
      </trkpt>
      <trkpt lat="67.143780" lon="14.387556">
        <ele>211.2</ele>
      </trkpt>
      <trkpt lat="67.144280" lon="14.388987">
        <ele>213.4</ele>
      </trkpt>
      <trkpt lat="67.145279" lon="14.392857">
        <ele>239.3</ele>
      </trkpt>
      <trkpt lat="67.145767" lon="14.395268">
        <ele>213.9</ele>
      </trkpt>
      <trkpt lat="67.146151" lon="14.397411">
        <ele>203.3</ele>
      </trkpt>
      <trkpt lat="67.146585" lon="14.399292">
        <ele>194.7</ele>
      </trkpt>
      <trkpt lat="67.146964" lon="14.400616">
        <ele>189.9</ele>
      </trkpt>
      <trkpt lat="67.147447" lon="14.401874">
        <ele>186.3</ele>
      </trkpt>
      <trkpt lat="67.147903" lon="14.402845">
        <ele>183.3</ele>
      </trkpt>
      <trkpt lat="67.148588" lon="14.404038">
        <ele>180.8</ele>
      </trkpt>
      <trkpt lat="67.149329" lon="14.405002">
        <ele>177.8</ele>
      </trkpt>
      <trkpt lat="67.149955" lon="14.405550">
        <ele>178.5</ele>
      </trkpt>
      <trkpt lat="67.150412" lon="14.405867">
        <ele>177.3</ele>
      </trkpt>
      <trkpt lat="67.151242" lon="14.406176">
        <ele>177.5</ele>
      </trkpt>
      <trkpt lat="67.153623" lon="14.406307">
        <ele>158.2</ele>
      </trkpt>
      <trkpt lat="67.154060" lon="14.406407">
        <ele>155.9</ele>
      </trkpt>
      <trkpt lat="67.154580" lon="14.406731">
        <ele>153.6</ele>
      </trkpt>
      <trkpt lat="67.155058" lon="14.407336">
        <ele>152.8</ele>
      </trkpt>
      <trkpt lat="67.155567" lon="14.408385">
        <ele>152.4</ele>
      </trkpt>
      <trkpt lat="67.156319" lon="14.410370">
        <ele>159.4</ele>
      </trkpt>
      <trkpt lat="67.156719" lon="14.411293">
        <ele>164.4</ele>
      </trkpt>
      <trkpt lat="67.158020" lon="14.413819">
        <ele>155.7</ele>
      </trkpt>
      <trkpt lat="67.158493" lon="14.414849">
        <ele>153.8</ele>
      </trkpt>
      <trkpt lat="67.161980" lon="14.423213">
        <ele>119</ele>
      </trkpt>
      <trkpt lat="67.162360" lon="14.424222">
        <ele>122.8</ele>
      </trkpt>
      <trkpt lat="67.162550" lon="14.424924">
        <ele>125.4</ele>
      </trkpt>
      <trkpt lat="67.162663" lon="14.425542">
        <ele>127.2</ele>
      </trkpt>
      <trkpt lat="67.162734" lon="14.426150">
        <ele>131.7</ele>
      </trkpt>
      <trkpt lat="67.162762" lon="14.427578">
        <ele>138.7</ele>
      </trkpt>
      <trkpt lat="67.162588" lon="14.429758">
        <ele>144.6</ele>
      </trkpt>
      <trkpt lat="67.162532" lon="14.430909">
        <ele>147.8</ele>
      </trkpt>
      <trkpt lat="67.162611" lon="14.432223">
        <ele>148.2</ele>
      </trkpt>
      <trkpt lat="67.162721" lon="14.432948">
        <ele>154.7</ele>
      </trkpt>
      <trkpt lat="67.162978" lon="14.433941">
        <ele>155.9</ele>
      </trkpt>
      <trkpt lat="67.163141" lon="14.434360">
        <ele>158</ele>
      </trkpt>
      <trkpt lat="67.163390" lon="14.434842">
        <ele>154.1</ele>
      </trkpt>
      <trkpt lat="67.163746" lon="14.435314">
        <ele>147.7</ele>
      </trkpt>
      <trkpt lat="67.164272" lon="14.435831">
        <ele>141.6</ele>
      </trkpt>
      <trkpt lat="67.164605" lon="14.436261">
        <ele>140.2</ele>
      </trkpt>
      <trkpt lat="67.164777" lon="14.436560">
        <ele>139.4</ele>
      </trkpt>
      <trkpt lat="67.165026" lon="14.437238">
        <ele>139.7</ele>
      </trkpt>
      <trkpt lat="67.165205" lon="14.438072">
        <ele>139.5</ele>
      </trkpt>
      <trkpt lat="67.165269" lon="14.438585">
        <ele>139.5</ele>
      </trkpt>
      <trkpt lat="67.165311" lon="14.439316">
        <ele>139.8</ele>
      </trkpt>
      <trkpt lat="67.165270" lon="14.442873">
        <ele>144.2</ele>
      </trkpt>
      <trkpt lat="67.165351" lon="14.444326">
        <ele>138.1</ele>
      </trkpt>
      <trkpt lat="67.165456" lon="14.445144">
        <ele>134.7</ele>
      </trkpt>
      <trkpt lat="67.165722" lon="14.446336">
        <ele>131.1</ele>
      </trkpt>
      <trkpt lat="67.165984" lon="14.447136">
        <ele>133.4</ele>
      </trkpt>
      <trkpt lat="67.166220" lon="14.447669">
        <ele>132</ele>
      </trkpt>
      <trkpt lat="67.166548" lon="14.448217">
        <ele>129.6</ele>
      </trkpt>
      <trkpt lat="67.166907" lon="14.448625">
        <ele>133.7</ele>
      </trkpt>
      <trkpt lat="67.167238" lon="14.448860">
        <ele>135.3</ele>
      </trkpt>
      <trkpt lat="67.167609" lon="14.448988">
        <ele>134.7</ele>
      </trkpt>
      <trkpt lat="67.168163" lon="14.448913">
        <ele>127</ele>
      </trkpt>
      <trkpt lat="67.169789" lon="14.448273">
        <ele>119.6</ele>
      </trkpt>
      <trkpt lat="67.170458" lon="14.448172">
        <ele>120.5</ele>
      </trkpt>
      <trkpt lat="67.171028" lon="14.448261">
        <ele>124.6</ele>
      </trkpt>
      <trkpt lat="67.171450" lon="14.448540">
        <ele>125.2</ele>
      </trkpt>
      <trkpt lat="67.171846" lon="14.448970">
        <ele>121.3</ele>
      </trkpt>
      <trkpt lat="67.172396" lon="14.449867">
        <ele>121.9</ele>
      </trkpt>
      <trkpt lat="67.172874" lon="14.450834">
        <ele>121.9</ele>
      </trkpt>
      <trkpt lat="67.174349" lon="14.454083">
        <ele>129.7</ele>
      </trkpt>
      <trkpt lat="67.174973" lon="14.455348">
        <ele>130.4</ele>
      </trkpt>
      <trkpt lat="67.175443" lon="14.456176">
        <ele>129</ele>
      </trkpt>
      <trkpt lat="67.177806" lon="14.459783">
        <ele>95</ele>
      </trkpt>
      <trkpt lat="67.178385" lon="14.460929">
        <ele>83.1</ele>
      </trkpt>
      <trkpt lat="67.179520" lon="14.463705">
        <ele>52.8</ele>
      </trkpt>
      <trkpt lat="67.179851" lon="14.464712">
        <ele>52.6</ele>
      </trkpt>
      <trkpt lat="67.180120" lon="14.465837">
        <ele>51.1</ele>
      </trkpt>
      <trkpt lat="67.180294" lon="14.466915">
        <ele>51.4</ele>
      </trkpt>
      <trkpt lat="67.180403" lon="14.468179">
        <ele>54.1</ele>
      </trkpt>
      <trkpt lat="67.180408" lon="14.469438">
        <ele>53.6</ele>
      </trkpt>
      <trkpt lat="67.180291" lon="14.472039">
        <ele>52.3</ele>
      </trkpt>
      <trkpt lat="67.180314" lon="14.473163">
        <ele>53.8</ele>
      </trkpt>
      <trkpt lat="67.180400" lon="14.474240">
        <ele>54.6</ele>
      </trkpt>
      <trkpt lat="67.181857" lon="14.485243">
        <ele>29.6</ele>
      </trkpt>
      <trkpt lat="67.182168" lon="14.489130">
        <ele>12</ele>
      </trkpt>
      <trkpt lat="67.182253" lon="14.489897">
        <ele>11.3</ele>
      </trkpt>
      <trkpt lat="67.182409" lon="14.490761">
        <ele>7</ele>
      </trkpt>
      <trkpt lat="67.182941" lon="14.493007">
        <ele>1.1</ele>
      </trkpt>
      <trkpt lat="67.183082" lon="14.494134">
        <ele>3.2</ele>
      </trkpt>
      <trkpt lat="67.183141" lon="14.495129">
        <ele>4.9</ele>
      </trkpt>
      <trkpt lat="67.183104" lon="14.496546">
        <ele>11</ele>
      </trkpt>
      <trkpt lat="67.182729" lon="14.500332">
        <ele>14.9</ele>
      </trkpt>
      <trkpt lat="67.182525" lon="14.505568">
        <ele>7.3</ele>
      </trkpt>
      <trkpt lat="67.182427" lon="14.506571">
        <ele>5.7</ele>
      </trkpt>
      <trkpt lat="67.182133" lon="14.508122">
        <ele>11.5</ele>
      </trkpt>
      <trkpt lat="67.180983" lon="14.512178">
        <ele>33.6</ele>
      </trkpt>
      <trkpt lat="67.180685" lon="14.513871">
        <ele>32.6</ele>
      </trkpt>
      <trkpt lat="67.180624" lon="14.514785">
        <ele>31.9</ele>
      </trkpt>
      <trkpt lat="67.180612" lon="14.515809">
        <ele>31</ele>
      </trkpt>
      <trkpt lat="67.180803" lon="14.518784">
        <ele>28.2</ele>
      </trkpt>
      <trkpt lat="67.180819" lon="14.519354">
        <ele>25.5</ele>
      </trkpt>
      <trkpt lat="67.180790" lon="14.520270">
        <ele>27.9</ele>
      </trkpt>
      <trkpt lat="67.180694" lon="14.521247">
        <ele>28.7</ele>
      </trkpt>
      <trkpt lat="67.180028" lon="14.525566">
        <ele>27.8</ele>
      </trkpt>
      <trkpt lat="67.179872" lon="14.526924">
        <ele>26.1</ele>
      </trkpt>
      <trkpt lat="67.179696" lon="14.529390">
        <ele>26.5</ele>
      </trkpt>
      <trkpt lat="67.179322" lon="14.539261">
        <ele>21.5</ele>
      </trkpt>
      <trkpt lat="67.179227" lon="14.540834">
        <ele>20.8</ele>
      </trkpt>
      <trkpt lat="67.178916" lon="14.544521">
        <ele>19.6</ele>
      </trkpt>
      <trkpt lat="67.178832" lon="14.545900">
        <ele>15.4</ele>
      </trkpt>
      <trkpt lat="67.178789" lon="14.547703">
        <ele>9.1</ele>
      </trkpt>
      <trkpt lat="67.178822" lon="14.552062">
        <ele>0.4</ele>
      </trkpt>
      <trkpt lat="67.178815" lon="14.553860">
        <ele>3</ele>
      </trkpt>
      <trkpt lat="67.178780" lon="14.554923">
        <ele>3.7</ele>
      </trkpt>
      <trkpt lat="67.178306" lon="14.560860">
        <ele>24.7</ele>
      </trkpt>
      <trkpt lat="67.178199" lon="14.564651">
        <ele>30.5</ele>
      </trkpt>
      <trkpt lat="67.178085" lon="14.566114">
        <ele>32.1</ele>
      </trkpt>
      <trkpt lat="67.177821" lon="14.568778">
        <ele>37.3</ele>
      </trkpt>
      <trkpt lat="67.177750" lon="14.570362">
        <ele>40.5</ele>
      </trkpt>
      <trkpt lat="67.177789" lon="14.571678">
        <ele>33.7</ele>
      </trkpt>
      <trkpt lat="67.177857" lon="14.572494">
        <ele>34.3</ele>
      </trkpt>
      <trkpt lat="67.178059" lon="14.573801">
        <ele>21</ele>
      </trkpt>
      <trkpt lat="67.178171" lon="14.574274">
        <ele>17.3</ele>
      </trkpt>
      <trkpt lat="67.178590" lon="14.575607">
        <ele>6.2</ele>
      </trkpt>
      <trkpt lat="67.180486" lon="14.580833">
        <ele>27</ele>
      </trkpt>
      <trkpt lat="67.180761" lon="14.581843">
        <ele>27.8</ele>
      </trkpt>
      <trkpt lat="67.180934" lon="14.582759">
        <ele>30.5</ele>
      </trkpt>
      <trkpt lat="67.181042" lon="14.584100">
        <ele>31.2</ele>
      </trkpt>
      <trkpt lat="67.181011" lon="14.585462">
        <ele>32.2</ele>
      </trkpt>
      <trkpt lat="67.180244" lon="14.591900">
        <ele>39.2</ele>
      </trkpt>
      <trkpt lat="67.180140" lon="14.593069">
        <ele>41</ele>
      </trkpt>
      <trkpt lat="67.180122" lon="14.593677">
        <ele>42.7</ele>
      </trkpt>
      <trkpt lat="67.180203" lon="14.595561">
        <ele>48.3</ele>
      </trkpt>
      <trkpt lat="67.180385" lon="14.597427">
        <ele>52.2</ele>
      </trkpt>
      <trkpt lat="67.180640" lon="14.598631">
        <ele>57.8</ele>
      </trkpt>
      <trkpt lat="67.180853" lon="14.599351">
        <ele>63.4</ele>
      </trkpt>
      <trkpt lat="67.181235" lon="14.600267">
        <ele>65</ele>
      </trkpt>
      <trkpt lat="67.181560" lon="14.600795">
        <ele>64</ele>
      </trkpt>
      <trkpt lat="67.181966" lon="14.601242">
        <ele>61.6</ele>
      </trkpt>
      <trkpt lat="67.182236" lon="14.601422">
        <ele>58.2</ele>
      </trkpt>
      <trkpt lat="67.182519" lon="14.601522">
        <ele>55.4</ele>
      </trkpt>
      <trkpt lat="67.183026" lon="14.601490">
        <ele>51.8</ele>
      </trkpt>
      <trkpt lat="67.184060" lon="14.600897">
        <ele>49.1</ele>
      </trkpt>
      <trkpt lat="67.184291" lon="14.600815">
        <ele>48</ele>
      </trkpt>
      <trkpt lat="67.184796" lon="14.600853">
        <ele>46.7</ele>
      </trkpt>
      <trkpt lat="67.185198" lon="14.601068">
        <ele>43.9</ele>
      </trkpt>
      <trkpt lat="67.188755" lon="14.603755">
        <ele>36.4</ele>
      </trkpt>
      <trkpt lat="67.189531" lon="14.603983">
        <ele>35.7</ele>
      </trkpt>
      <trkpt lat="67.193377" lon="14.604195">
        <ele>9.8</ele>
      </trkpt>
      <trkpt lat="67.193965" lon="14.604358">
        <ele>8.8</ele>
      </trkpt>
      <trkpt lat="67.194390" lon="14.604640">
        <ele>7.6</ele>
      </trkpt>
      <trkpt lat="67.194753" lon="14.605005">
        <ele>7</ele>
      </trkpt>
      <trkpt lat="67.195249" lon="14.605808">
        <ele>4</ele>
      </trkpt>
      <trkpt lat="67.195721" lon="14.606990">
        <ele>7.6</ele>
      </trkpt>
      <trkpt lat="67.195907" lon="14.607652">
        <ele>3.8</ele>
      </trkpt>
      <trkpt lat="67.196060" lon="14.608349">
        <ele>7.5</ele>
      </trkpt>
      <trkpt lat="67.196247" lon="14.609518">
        <ele>6.5</ele>
      </trkpt>
      <trkpt lat="67.196351" lon="14.610791">
        <ele>9.4</ele>
      </trkpt>
      <trkpt lat="67.196380" lon="14.614601">
        <ele>9</ele>
      </trkpt>
      <trkpt lat="67.196425" lon="14.615643">
        <ele>16</ele>
      </trkpt>
      <trkpt lat="67.196517" lon="14.616492">
        <ele>13.7</ele>
      </trkpt>
      <trkpt lat="67.196906" lon="14.618887">
        <ele>5.1</ele>
      </trkpt>
      <trkpt lat="67.196991" lon="14.619868">
        <ele>11.5</ele>
      </trkpt>
      <trkpt lat="67.197008" lon="14.620893">
        <ele>12</ele>
      </trkpt>
      <trkpt lat="67.196950" lon="14.621850">
        <ele>17.5</ele>
      </trkpt>
      <trkpt lat="67.196884" lon="14.622443">
        <ele>20.2</ele>
      </trkpt>
      <trkpt lat="67.196510" lon="14.624627">
        <ele>17.9</ele>
      </trkpt>
      <trkpt lat="67.196361" lon="14.626138">
        <ele>16.8</ele>
      </trkpt>
      <trkpt lat="67.196356" lon="14.626683">
        <ele>14.2</ele>
      </trkpt>
      <trkpt lat="67.196410" lon="14.627664">
        <ele>8.4</ele>
      </trkpt>
      <trkpt lat="67.196517" lon="14.628400">
        <ele>4.4</ele>
      </trkpt>
      <trkpt lat="67.196604" lon="14.628787">
        <ele>2.2</ele>
      </trkpt>
      <trkpt lat="67.196849" lon="14.629522">
        <ele>0.3</ele>
      </trkpt>
      <trkpt lat="67.197142" lon="14.630103">
        <ele>2.3</ele>
      </trkpt>
      <trkpt lat="67.198634" lon="14.632697">
        <ele>4.2</ele>
      </trkpt>
      <trkpt lat="67.199086" lon="14.633462">
        <ele>0.1</ele>
      </trkpt>
      <trkpt lat="67.199441" lon="14.633940">
        <ele>4.2</ele>
      </trkpt>
      <trkpt lat="67.199709" lon="14.634143">
        <ele>4.8</ele>
      </trkpt>
      <trkpt lat="67.199926" lon="14.634204">
        <ele>0.8</ele>
      </trkpt>
      <trkpt lat="67.200264" lon="14.634200">
        <ele>3</ele>
      </trkpt>
      <trkpt lat="67.200475" lon="14.634104">
        <ele>3.4</ele>
      </trkpt>
      <trkpt lat="67.200941" lon="14.633498">
        <ele>7.5</ele>
      </trkpt>
      <trkpt lat="67.201113" lon="14.633116">
        <ele>9.5</ele>
      </trkpt>
      <trkpt lat="67.201430" lon="14.632147">
        <ele>10</ele>
      </trkpt>
      <trkpt lat="67.202056" lon="14.629897">
        <ele>6.8</ele>
      </trkpt>
      <trkpt lat="67.203068" lon="14.626213">
        <ele>7.7</ele>
      </trkpt>
      <trkpt lat="67.203669" lon="14.623884">
        <ele>8.4</ele>
      </trkpt>
      <trkpt lat="67.204293" lon="14.621110">
        <ele>11.8</ele>
      </trkpt>
      <trkpt lat="67.204892" lon="14.618011">
        <ele>21</ele>
      </trkpt>
      <trkpt lat="67.205131" lon="14.617042">
        <ele>21.2</ele>
      </trkpt>
      <trkpt lat="67.205771" lon="14.614782">
        <ele>28</ele>
      </trkpt>
      <trkpt lat="67.205974" lon="14.613629">
        <ele>30.5</ele>
      </trkpt>
      <trkpt lat="67.206048" lon="14.612987">
        <ele>32.5</ele>
      </trkpt>
      <trkpt lat="67.206102" lon="14.611977">
        <ele>34.1</ele>
      </trkpt>
      <trkpt lat="67.206132" lon="14.609925">
        <ele>30.2</ele>
      </trkpt>
      <trkpt lat="67.206209" lon="14.609024">
        <ele>29.5</ele>
      </trkpt>
      <trkpt lat="67.206351" lon="14.608342">
        <ele>29.5</ele>
      </trkpt>
      <trkpt lat="67.206577" lon="14.607628">
        <ele>29.9</ele>
      </trkpt>
      <trkpt lat="67.206898" lon="14.607102">
        <ele>31.3</ele>
      </trkpt>
      <trkpt lat="67.207192" lon="14.606855">
        <ele>33.5</ele>
      </trkpt>
      <trkpt lat="67.207494" lon="14.606755">
        <ele>37.1</ele>
      </trkpt>
      <trkpt lat="67.207913" lon="14.606928">
        <ele>41.4</ele>
      </trkpt>
      <trkpt lat="67.208123" lon="14.607152">
        <ele>44.2</ele>
      </trkpt>
      <trkpt lat="67.208816" lon="14.608376">
        <ele>50.9</ele>
      </trkpt>
      <trkpt lat="67.209052" lon="14.608714">
        <ele>52.7</ele>
      </trkpt>
      <trkpt lat="67.209866" lon="14.609624">
        <ele>59.2</ele>
      </trkpt>
      <trkpt lat="67.210189" lon="14.610042">
        <ele>61</ele>
      </trkpt>
      <trkpt lat="67.210413" lon="14.610434">
        <ele>60.8</ele>
      </trkpt>
      <trkpt lat="67.210642" lon="14.610965">
        <ele>61</ele>
      </trkpt>
      <trkpt lat="67.210908" lon="14.612062">
        <ele>65.4</ele>
      </trkpt>
      <trkpt lat="67.211467" lon="14.616014">
        <ele>79.8</ele>
      </trkpt>
      <trkpt lat="67.211758" lon="14.617792">
        <ele>83.2</ele>
      </trkpt>
      <trkpt lat="67.212192" lon="14.619654">
        <ele>83.6</ele>
      </trkpt>
      <trkpt lat="67.212910" lon="14.621902">
        <ele>84.5</ele>
      </trkpt>
      <trkpt lat="67.213382" lon="14.623004">
        <ele>84.7</ele>
      </trkpt>
      <trkpt lat="67.213883" lon="14.623970">
        <ele>80.5</ele>
      </trkpt>
      <trkpt lat="67.214467" lon="14.624829">
        <ele>76.4</ele>
      </trkpt>
      <trkpt lat="67.215374" lon="14.625836">
        <ele>65.2</ele>
      </trkpt>
      <trkpt lat="67.215865" lon="14.626092">
        <ele>57.7</ele>
      </trkpt>
      <trkpt lat="67.216099" lon="14.626092">
        <ele>55</ele>
      </trkpt>
      <trkpt lat="67.216352" lon="14.626037">
        <ele>51.6</ele>
      </trkpt>
      <trkpt lat="67.216562" lon="14.625901">
        <ele>48.1</ele>
      </trkpt>
      <trkpt lat="67.216943" lon="14.625493">
        <ele>41.8</ele>
      </trkpt>
      <trkpt lat="67.217362" lon="14.624747">
        <ele>35.5</ele>
      </trkpt>
      <trkpt lat="67.219228" lon="14.620538">
        <ele>21.4</ele>
      </trkpt>
      <trkpt lat="67.219666" lon="14.619508">
        <ele>15.9</ele>
      </trkpt>
      <trkpt lat="67.219997" lon="14.618435">
        <ele>11.8</ele>
      </trkpt>
      <trkpt lat="67.220811" lon="14.615126">
        <ele>7.4</ele>
      </trkpt>
      <trkpt lat="67.221033" lon="14.614500">
        <ele>5.8</ele>
      </trkpt>
      <trkpt lat="67.221439" lon="14.613755">
        <ele>2.5</ele>
      </trkpt>
      <trkpt lat="67.221840" lon="14.613275">
        <ele>1</ele>
      </trkpt>
      <trkpt lat="67.225843" lon="14.609232">
        <ele>27.7</ele>
      </trkpt>
      <trkpt lat="67.226117" lon="14.608814">
        <ele>26.6</ele>
      </trkpt>
      <trkpt lat="67.226303" lon="14.608429">
        <ele>25</ele>
      </trkpt>
      <trkpt lat="67.226594" lon="14.607546">
        <ele>22</ele>
      </trkpt>
      <trkpt lat="67.226948" lon="14.606060">
        <ele>20.6</ele>
      </trkpt>
      <trkpt lat="67.227261" lon="14.605048">
        <ele>20.7</ele>
      </trkpt>
      <trkpt lat="67.227544" lon="14.604495">
        <ele>20.3</ele>
      </trkpt>
      <trkpt lat="67.227773" lon="14.604206">
        <ele>20.2</ele>
      </trkpt>
      <trkpt lat="67.228083" lon="14.604007">
        <ele>19.5</ele>
      </trkpt>
      <trkpt lat="67.228514" lon="14.603977">
        <ele>18.9</ele>
      </trkpt>
      <trkpt lat="67.228717" lon="14.604071">
        <ele>17.5</ele>
      </trkpt>
      <trkpt lat="67.228980" lon="14.604310">
        <ele>15.3</ele>
      </trkpt>
      <trkpt lat="67.229217" lon="14.604653">
        <ele>13.3</ele>
      </trkpt>
      <trkpt lat="67.229549" lon="14.605403">
        <ele>8.7</ele>
      </trkpt>
      <trkpt lat="67.230166" lon="14.607807">
      </trkpt>
      <trkpt lat="67.233143" lon="14.620831">
        <ele>16.6</ele>
      </trkpt>
      <trkpt lat="67.233743" lon="14.623588">
        <ele>14.7</ele>
      </trkpt>
      <trkpt lat="67.234041" lon="14.625430">
        <ele>16.4</ele>
      </trkpt>
      <trkpt lat="67.234230" lon="14.627118">
        <ele>18.6</ele>
      </trkpt>
      <trkpt lat="67.234330" lon="14.628632">
        <ele>20.6</ele>
      </trkpt>
      <trkpt lat="67.234527" lon="14.635155">
        <ele>46</ele>
      </trkpt>
      <trkpt lat="67.234622" lon="14.636861">
        <ele>46.7</ele>
      </trkpt>
      <trkpt lat="67.234887" lon="14.638700">
        <ele>45</ele>
      </trkpt>
      <trkpt lat="67.236621" lon="14.648707">
        <ele>18.8</ele>
      </trkpt>
      <trkpt lat="67.236735" lon="14.649742">
        <ele>15.3</ele>
      </trkpt>
      <trkpt lat="67.236760" lon="14.650936">
        <ele>12.2</ele>
      </trkpt>
      <trkpt lat="67.236720" lon="14.651910">
        <ele>10.6</ele>
      </trkpt>
      <trkpt lat="67.236274" lon="14.659287">
        <ele>13.7</ele>
      </trkpt>
      <trkpt lat="67.236254" lon="14.660251">
        <ele>13.3</ele>
      </trkpt>
      <trkpt lat="67.236293" lon="14.661085">
        <ele>12.7</ele>
      </trkpt>
      <trkpt lat="67.236457" lon="14.662754">
        <ele>11.2</ele>
      </trkpt>
      <trkpt lat="67.236509" lon="14.663693">
        <ele>11.7</ele>
      </trkpt>
      <trkpt lat="67.236500" lon="14.664633">
        <ele>13.3</ele>
      </trkpt>
      <trkpt lat="67.235915" lon="14.671322">
        <ele>15.2</ele>
      </trkpt>
      <trkpt lat="67.235799" lon="14.672940">
        <ele>13.6</ele>
      </trkpt>
      <trkpt lat="67.235735" lon="14.675361">
        <ele>10.3</ele>
      </trkpt>
      <trkpt lat="67.235773" lon="14.677560">
        <ele>10.8</ele>
      </trkpt>
      <trkpt lat="67.235877" lon="14.679466">
        <ele>11.3</ele>
      </trkpt>
      <trkpt lat="67.237402" lon="14.702513">
        <ele>5.3</ele>
      </trkpt>
      <trkpt lat="67.237540" lon="14.704297">
        <ele>6.9</ele>
      </trkpt>
      <trkpt lat="67.237690" lon="14.705387">
        <ele>7.5</ele>
      </trkpt>
      <trkpt lat="67.238124" lon="14.707755">
        <ele>5.5</ele>
      </trkpt>
      <trkpt lat="67.238405" lon="14.708991">
        <ele>4.8</ele>
      </trkpt>
      <trkpt lat="67.238577" lon="14.709444">
        <ele>3.8</ele>
      </trkpt>
      <trkpt lat="67.238840" lon="14.709972">
        <ele>2.5</ele>
      </trkpt>
      <trkpt lat="67.241107" lon="14.713947">
        <ele>2.4</ele>
      </trkpt>
      <trkpt lat="67.241784" lon="14.714760">
        <ele>0.8</ele>
      </trkpt>
      <trkpt lat="67.242381" lon="14.715253">
        <ele>0.9</ele>
      </trkpt>
      <trkpt lat="67.242395" lon="14.715438">
        <ele>1</ele>
      </trkpt>
      <trkpt lat="67.242281" lon="14.716094">
        <ele>0.8</ele>
      </trkpt>
      <trkpt lat="67.242278" lon="14.716596">
        <ele>0.5</ele>
      </trkpt>
      <trkpt lat="67.242360" lon="14.717059">
        <ele>0.1</ele>
      </trkpt>
      <trkpt lat="67.243279" lon="14.719904">
        <ele>0.4</ele>
      </trkpt>
      <trkpt lat="67.243525" lon="14.720872">
        <ele>1</ele>
      </trkpt>
      <trkpt lat="67.243663" lon="14.721253">
        <ele>1.1</ele>
      </trkpt>
      <trkpt lat="67.243872" lon="14.721581">
        <ele>1.2</ele>
      </trkpt>
      <trkpt lat="67.244044" lon="14.721709">
        <ele>1.2</ele>
      </trkpt>
      <trkpt lat="67.244433" lon="14.721710">
        <ele>1.5</ele>
      </trkpt>
      <trkpt lat="67.245296" lon="14.721559">
        <ele>4</ele>
      </trkpt>
      <trkpt lat="67.245535" lon="14.721304">
        <ele>5.5</ele>
      </trkpt>
      <trkpt lat="67.245759" lon="14.720878">
        <ele>6.6</ele>
      </trkpt>
      <trkpt lat="67.245934" lon="14.720354">
        <ele>7</ele>
      </trkpt>
      <trkpt lat="67.246014" lon="14.719940">
        <ele>7.9</ele>
      </trkpt>
      <trkpt lat="67.246060" lon="14.719493">
        <ele>8.4</ele>
      </trkpt>
      <trkpt lat="67.246084" lon="14.718338">
        <ele>6.7</ele>
      </trkpt>
      <trkpt lat="67.246184" lon="14.716778">
        <ele>7.4</ele>
      </trkpt>
      <trkpt lat="67.246372" lon="14.715274">
        <ele>8.7</ele>
      </trkpt>
      <trkpt lat="67.246759" lon="14.713408">
        <ele>11.7</ele>
      </trkpt>
      <trkpt lat="67.247510" lon="14.708016">
        <ele>7.5</ele>
      </trkpt>
      <trkpt lat="67.247660" lon="14.707188">
        <ele>6.6</ele>
      </trkpt>
      <trkpt lat="67.247775" lon="14.706919">
        <ele>6.6</ele>
      </trkpt>
      <trkpt lat="67.247880" lon="14.706776">
        <ele>7</ele>
      </trkpt>
      <trkpt lat="67.248732" lon="14.706145">
        <ele>9.7</ele>
      </trkpt>
      <trkpt lat="67.249252" lon="14.706086">
        <ele>12.6</ele>
      </trkpt>
      <trkpt lat="67.249731" lon="14.706120">
        <ele>16.7</ele>
      </trkpt>
      <trkpt lat="67.250065" lon="14.706330">
        <ele>19.9</ele>
      </trkpt>
      <trkpt lat="67.251847" lon="14.708083">
        <ele>38.6</ele>
      </trkpt>
      <trkpt lat="67.251992" lon="14.708114">
        <ele>40.4</ele>
      </trkpt>
      <trkpt lat="67.252338" lon="14.707588">
        <ele>41.7</ele>
      </trkpt>
      <trkpt lat="67.252492" lon="14.707606">
        <ele>42.6</ele>
      </trkpt>
      <trkpt lat="67.252696" lon="14.708071">
        <ele>46</ele>
      </trkpt>
      <trkpt lat="67.252844" lon="14.708645">
        <ele>49.4</ele>
      </trkpt>
      <trkpt lat="67.252979" lon="14.709307">
        <ele>51.6</ele>
      </trkpt>
      <trkpt lat="67.253154" lon="14.710656">
        <ele>54</ele>
      </trkpt>
      <trkpt lat="67.253288" lon="14.711205">
        <ele>54.8</ele>
      </trkpt>
      <trkpt lat="67.253553" lon="14.711948">
        <ele>55.2</ele>
      </trkpt>
      <trkpt lat="67.253754" lon="14.712161">
        <ele>54.7</ele>
      </trkpt>
      <trkpt lat="67.254198" lon="14.712272">
        <ele>52.2</ele>
      </trkpt>
      <trkpt lat="67.254740" lon="14.712781">
        <ele>50.2</ele>
      </trkpt>
      <trkpt lat="67.255149" lon="14.713034">
        <ele>48.5</ele>
      </trkpt>
      <trkpt lat="67.255302" lon="14.713201">
        <ele>48.6</ele>
      </trkpt>
      <trkpt lat="67.255490" lon="14.713561">
        <ele>48.4</ele>
      </trkpt>
      <trkpt lat="67.255934" lon="14.715023">
        <ele>50.5</ele>
      </trkpt>
      <trkpt lat="67.256097" lon="14.715769">
        <ele>51.8</ele>
      </trkpt>
      <trkpt lat="67.256564" lon="14.719374">
        <ele>51.7</ele>
      </trkpt>
      <trkpt lat="67.256787" lon="14.720532">
        <ele>53.2</ele>
      </trkpt>
      <trkpt lat="67.256934" lon="14.721120">
        <ele>53.3</ele>
      </trkpt>
      <trkpt lat="67.257465" lon="14.722514">
        <ele>41.4</ele>
      </trkpt>
      <trkpt lat="67.259039" lon="14.726138">
        <ele>33.1</ele>
      </trkpt>
      <trkpt lat="67.259677" lon="14.728175">
        <ele>37</ele>
      </trkpt>
      <trkpt lat="67.259923" lon="14.728708">
        <ele>38.9</ele>
      </trkpt>
      <trkpt lat="67.260712" lon="14.729898">
        <ele>41.4</ele>
      </trkpt>
      <trkpt lat="67.260907" lon="14.730301">
        <ele>40.4</ele>
      </trkpt>
      <trkpt lat="67.261181" lon="14.731063">
        <ele>35.8</ele>
      </trkpt>
      <trkpt lat="67.261579" lon="14.732860">
        <ele>23.9</ele>
      </trkpt>
      <trkpt lat="67.261830" lon="14.733685">
        <ele>20.7</ele>
      </trkpt>
      <trkpt lat="67.262092" lon="14.734279">
        <ele>19.4</ele>
      </trkpt>
      <trkpt lat="67.263246" lon="14.736390">
        <ele>16.5</ele>
      </trkpt>
      <trkpt lat="67.264114" lon="14.737557">
        <ele>14.9</ele>
      </trkpt>
      <trkpt lat="67.264608" lon="14.738005">
        <ele>14.8</ele>
      </trkpt>
      <trkpt lat="67.265934" lon="14.738058">
        <ele>13.6</ele>
      </trkpt>
      <trkpt lat="67.266600" lon="14.737935">
        <ele>13.8</ele>
      </trkpt>
      <trkpt lat="67.267053" lon="14.737728">
        <ele>14.4</ele>
      </trkpt>
      <trkpt lat="67.268590" lon="14.736754">
        <ele>15.5</ele>
      </trkpt>
      <trkpt lat="67.269622" lon="14.736076">
        <ele>17.5</ele>
      </trkpt>
      <trkpt lat="67.269863" lon="14.735825">
        <ele>17.9</ele>
      </trkpt>
      <trkpt lat="67.270070" lon="14.735498">
        <ele>18.3</ele>
      </trkpt>
      <trkpt lat="67.270287" lon="14.734962">
        <ele>18.7</ele>
      </trkpt>
      <trkpt lat="67.272226" lon="14.728027">
        <ele>19.1</ele>
      </trkpt>
      <trkpt lat="67.272972" lon="14.726205">
        <ele>16.4</ele>
      </trkpt>
      <trkpt lat="67.273228" lon="14.725706">
        <ele>14.9</ele>
      </trkpt>
      <trkpt lat="67.273364" lon="14.725538">
        <ele>14.9</ele>
      </trkpt>
      <trkpt lat="67.273698" lon="14.725401">
        <ele>13.5</ele>
      </trkpt>
      <trkpt lat="67.273937" lon="14.725482">
        <ele>13.2</ele>
      </trkpt>
      <trkpt lat="67.274261" lon="14.725810">
        <ele>14.8</ele>
      </trkpt>
      <trkpt lat="67.274442" lon="14.726113">
        <ele>14.9</ele>
      </trkpt>
      <trkpt lat="67.274654" lon="14.726637">
        <ele>15.3</ele>
      </trkpt>
      <trkpt lat="67.275545" lon="14.729981">
        <ele>15.6</ele>
      </trkpt>
      <trkpt lat="67.275603" lon="14.730126">
        <ele>16.4</ele>
      </trkpt>
      <trkpt lat="67.275692" lon="14.730199">
        <ele>15.9</ele>
      </trkpt>
      <trkpt lat="67.275880" lon="14.730063">
        <ele>14.3</ele>
      </trkpt>
      <trkpt lat="67.279011" lon="14.725107">
        <ele>2.6</ele>
      </trkpt>
      <trkpt lat="67.279299" lon="14.724693">
        <ele>1.7</ele>
      </trkpt>
      <trkpt lat="67.279511" lon="14.724553">
        <ele>1.7</ele>
      </trkpt>
      <trkpt lat="67.279687" lon="14.724626">
        <ele>1.7</ele>
      </trkpt>
      <trkpt lat="67.280153" lon="14.725117">
        <ele>2.2</ele>
      </trkpt>
      <trkpt lat="67.280386" lon="14.725447">
        <ele>2.2</ele>
      </trkpt>
      <trkpt lat="67.280716" lon="14.726195">
        <ele>3.2</ele>
      </trkpt>
      <trkpt lat="67.280858" lon="14.726709">
        <ele>4</ele>
      </trkpt>
      <trkpt lat="67.281241" lon="14.728664">
        <ele>11.9</ele>
      </trkpt>
      <trkpt lat="67.281401" lon="14.729208">
        <ele>10.9</ele>
      </trkpt>
      <trkpt lat="67.281530" lon="14.729389">
        <ele>10.1</ele>
      </trkpt>
      <trkpt lat="67.281815" lon="14.729494">
        <ele>6.5</ele>
      </trkpt>
      <trkpt lat="67.281893" lon="14.729648">
        <ele>5.8</ele>
      </trkpt>
      <trkpt lat="67.282086" lon="14.730360">
        <ele>0.9</ele>
      </trkpt>
      <trkpt lat="67.282267" lon="14.731241">
        <ele>1.3</ele>
      </trkpt>
      <trkpt lat="67.282467" lon="14.733133">
        <ele>7.8</ele>
      </trkpt>
      <trkpt lat="67.282566" lon="14.733617">
        <ele>13.4</ele>
      </trkpt>
      <trkpt lat="67.282746" lon="14.733888">
        <ele>15.4</ele>
      </trkpt>
      <trkpt lat="67.283077" lon="14.734073">
        <ele>15.1</ele>
      </trkpt>
      <trkpt lat="67.283357" lon="14.734116">
        <ele>15.8</ele>
      </trkpt>
      <trkpt lat="67.283545" lon="14.733972">
        <ele>16.4</ele>
      </trkpt>
      <trkpt lat="67.283690" lon="14.733676">
        <ele>15.4</ele>
      </trkpt>
      <trkpt lat="67.283761" lon="14.733407">
        <ele>14.4</ele>
      </trkpt>
      <trkpt lat="67.284136" lon="14.731429">
        <ele>4.1</ele>
      </trkpt>
      <trkpt lat="67.284350" lon="14.730812">
        <ele>4.8</ele>
      </trkpt>
      <trkpt lat="67.284529" lon="14.730627">
        <ele>5.6</ele>
      </trkpt>
      <trkpt lat="67.284957" lon="14.730707">
        <ele>10.4</ele>
      </trkpt>
      <trkpt lat="67.285094" lon="14.730671">
        <ele>11.1</ele>
      </trkpt>
      <trkpt lat="67.286127" lon="14.729744">
        <ele>12</ele>
      </trkpt>
      <trkpt lat="67.287765" lon="14.728110">
        <ele>12.2</ele>
      </trkpt>
      <trkpt lat="67.287997" lon="14.727802">
        <ele>11.1</ele>
      </trkpt>
      <trkpt lat="67.288498" lon="14.726833">
        <ele>7.3</ele>
      </trkpt>
      <trkpt lat="67.288808" lon="14.726436">
        <ele>6.2</ele>
      </trkpt>
      <trkpt lat="67.289410" lon="14.726055">
        <ele>4.3</ele>
      </trkpt>
      <trkpt lat="67.290049" lon="14.726008">
        <ele>3.8</ele>
      </trkpt>
      <trkpt lat="67.290444" lon="14.726066">
        <ele>4.4</ele>
      </trkpt>
      <trkpt lat="67.290721" lon="14.726171">
        <ele>4.6</ele>
      </trkpt>
      <trkpt lat="67.292367" lon="14.727410">
        <ele>8.9</ele>
      </trkpt>
      <trkpt lat="67.292933" lon="14.727770">
        <ele>9.7</ele>
      </trkpt>
      <trkpt lat="67.294548" lon="14.728306">
        <ele>8</ele>
      </trkpt>
      <trkpt lat="67.294560" lon="14.728109">
        <ele>7.6</ele>
      </trkpt>
      <trkpt lat="67.296303" lon="14.728683">
        <ele>5.3</ele>
      </trkpt>
      <trkpt lat="67.296490" lon="14.728722">
        <ele>5</ele>
      </trkpt>
      <trkpt lat="67.296715" lon="14.728638">
        <ele>4.6</ele>
      </trkpt>
      <trkpt lat="67.297199" lon="14.728967">
        <ele>3.8</ele>
      </trkpt>
      <trkpt lat="67.297734" lon="14.729715">
        <ele>3.2</ele>
      </trkpt>
      <trkpt lat="67.298332" lon="14.730878">
        <ele>2.5</ele>
      </trkpt>
      <trkpt lat="67.299980" lon="14.736190">
        <ele>2.8</ele>
      </trkpt>
      <trkpt lat="67.299935" lon="14.736275">
        <ele>3</ele>
      </trkpt>
      <trkpt lat="67.300348" lon="14.737634">
        <ele>2.8</ele>
      </trkpt>
      <trkpt lat="67.300499" lon="14.738321">
        <ele>2.5</ele>
      </trkpt>
      <trkpt lat="67.301338" lon="14.737772">
        <ele>1</ele>
      </trkpt>
      <trkpt lat="67.301538" lon="14.737580">
        <ele>0.9</ele>
      </trkpt>
      <trkpt lat="67.301683" lon="14.737371">
        <ele>0.8</ele>
      </trkpt>
      <trkpt lat="67.301831" lon="14.736866">
        <ele>0.7</ele>
      </trkpt>
      <trkpt lat="67.303048" lon="14.735453">
        <ele>0.3</ele>
      </trkpt>
      <trkpt lat="67.303304" lon="14.734978">
        <ele>0.3</ele>
      </trkpt>
      <trkpt lat="67.303463" lon="14.734533">
        <ele>0.3</ele>
      </trkpt>
      <trkpt lat="67.303580" lon="14.733983">
        <ele>0.4</ele>
      </trkpt>
      <trkpt lat="67.303647" lon="14.733473">
        <ele>0.6</ele>
      </trkpt>
      <trkpt lat="67.303716" lon="14.732596">
        <ele>0.9</ele>
      </trkpt>
      <trkpt lat="67.303963" lon="14.731263">
        <ele>0.1</ele>
      </trkpt>
      <trkpt lat="67.304020" lon="14.730792">
        <ele>0.1</ele>
      </trkpt>
      <trkpt lat="67.304474" lon="14.723949">
      </trkpt>
      <trkpt lat="67.305001" lon="14.717267">
        <ele>0.1</ele>
      </trkpt>
      <trkpt lat="67.305058" lon="14.715731">
        <ele>14.4</ele>
      </trkpt>
      <trkpt lat="67.305053" lon="14.714590">
        <ele>15.8</ele>
      </trkpt>
      <trkpt lat="67.304889" lon="14.712706">
        <ele>15</ele>
      </trkpt>
      <trkpt lat="67.304618" lon="14.710774">
        <ele>15</ele>
      </trkpt>
      <trkpt lat="67.304096" lon="14.708145">
        <ele>16.1</ele>
      </trkpt>
      <trkpt lat="67.303293" lon="14.704744">
        <ele>14.9</ele>
      </trkpt>
      <trkpt lat="67.303080" lon="14.703998">
        <ele>13.5</ele>
      </trkpt>
      <trkpt lat="67.302811" lon="14.703220">
        <ele>14</ele>
      </trkpt>
      <trkpt lat="67.302126" lon="14.701578">
        <ele>11.8</ele>
      </trkpt>
      <trkpt lat="67.301873" lon="14.701114">
        <ele>11.5</ele>
      </trkpt>
      <trkpt lat="67.301305" lon="14.699371">
        <ele>10.5</ele>
      </trkpt>
      <trkpt lat="67.300869" lon="14.698249">
        <ele>9.8</ele>
      </trkpt>
      <trkpt lat="67.300570" lon="14.697280">
        <ele>10</ele>
      </trkpt>
      <trkpt lat="67.300369" lon="14.696476">
        <ele>11</ele>
      </trkpt>
      <trkpt lat="67.300261" lon="14.695883">
        <ele>11.8</ele>
      </trkpt>
      <trkpt lat="67.300198" lon="14.695224">
        <ele>14.6</ele>
      </trkpt>
      <trkpt lat="67.300180" lon="14.692864">
        <ele>22</ele>
      </trkpt>
      <trkpt lat="67.300109" lon="14.691619">
        <ele>25.3</ele>
      </trkpt>
      <trkpt lat="67.299881" lon="14.689657">
        <ele>26</ele>
      </trkpt>
      <trkpt lat="67.299641" lon="14.688293">
        <ele>25.3</ele>
      </trkpt>
      <trkpt lat="67.298940" lon="14.685112">
        <ele>29.7</ele>
      </trkpt>
      <trkpt lat="67.298657" lon="14.684182">
        <ele>30.2</ele>
      </trkpt>
      <trkpt lat="67.298470" lon="14.683736">
        <ele>32.6</ele>
      </trkpt>
      <trkpt lat="67.297781" lon="14.682410">
        <ele>20.5</ele>
      </trkpt>
      <trkpt lat="67.297340" lon="14.681423">
        <ele>24.5</ele>
      </trkpt>
      <trkpt lat="67.296543" lon="14.679321">
        <ele>31.8</ele>
      </trkpt>
      <trkpt lat="67.295316" lon="14.674985">
        <ele>22.6</ele>
      </trkpt>
      <trkpt lat="67.295092" lon="14.674014">
        <ele>19.3</ele>
      </trkpt>
      <trkpt lat="67.294961" lon="14.673281">
        <ele>15</ele>
      </trkpt>
      <trkpt lat="67.294858" lon="14.672478">
        <ele>14</ele>
      </trkpt>
      <trkpt lat="67.294747" lon="14.670967">
        <ele>11</ele>
      </trkpt>
      <trkpt lat="67.294368" lon="14.664200">
        <ele>7</ele>
      </trkpt>
      <trkpt lat="67.294314" lon="14.662914">
        <ele>6.3</ele>
      </trkpt>
      <trkpt lat="67.294273" lon="14.660501">
        <ele>9.1</ele>
      </trkpt>
      <trkpt lat="67.294201" lon="14.658862">
        <ele>10.1</ele>
      </trkpt>
      <trkpt lat="67.294077" lon="14.657367">
        <ele>9.9</ele>
      </trkpt>
      <trkpt lat="67.293514" lon="14.652294">
        <ele>9.8</ele>
      </trkpt>
      <trkpt lat="67.293255" lon="14.649576">
        <ele>11.8</ele>
      </trkpt>
      <trkpt lat="67.293079" lon="14.647182">
        <ele>16.1</ele>
      </trkpt>
      <trkpt lat="67.293004" lon="14.646609">
        <ele>15.6</ele>
      </trkpt>
      <trkpt lat="67.292828" lon="14.645960">
        <ele>14.8</ele>
      </trkpt>
      <trkpt lat="67.292816" lon="14.645693">
        <ele>15</ele>
      </trkpt>
      <trkpt lat="67.292850" lon="14.645304">
        <ele>15.2</ele>
      </trkpt>
      <trkpt lat="67.292494" lon="14.640370">
        <ele>14.6</ele>
      </trkpt>
      <trkpt lat="67.292166" lon="14.637458">
        <ele>11.9</ele>
      </trkpt>
      <trkpt lat="67.291964" lon="14.636096">
        <ele>10.1</ele>
      </trkpt>
      <trkpt lat="67.291777" lon="14.635370">
        <ele>9.7</ele>
      </trkpt>
      <trkpt lat="67.291292" lon="14.632222">
        <ele>9.5</ele>
      </trkpt>
      <trkpt lat="67.290790" lon="14.629650">
        <ele>12.2</ele>
      </trkpt>
      <trkpt lat="67.290733" lon="14.628732">
        <ele>17.1</ele>
      </trkpt>
      <trkpt lat="67.290358" lon="14.626826">
        <ele>15.5</ele>
      </trkpt>
      <trkpt lat="67.290204" lon="14.625502">
        <ele>13.8</ele>
      </trkpt>
      <trkpt lat="67.290092" lon="14.623318">
        <ele>12.1</ele>
      </trkpt>
      <trkpt lat="67.290042" lon="14.620705">
        <ele>10.9</ele>
      </trkpt>
      <trkpt lat="67.289990" lon="14.619798">
        <ele>10.9</ele>
      </trkpt>
      <trkpt lat="67.289605" lon="14.615741">
        <ele>6.3</ele>
      </trkpt>
      <trkpt lat="67.289570" lon="14.614747">
        <ele>4.8</ele>
      </trkpt>
      <trkpt lat="67.289614" lon="14.613852">
        <ele>5.9</ele>
      </trkpt>
      <trkpt lat="67.289607" lon="14.613084">
        <ele>6.7</ele>
      </trkpt>
      <trkpt lat="67.289733" lon="14.612696">
        <ele>7.8</ele>
      </trkpt>
      <trkpt lat="67.289860" lon="14.611526">
        <ele>9.7</ele>
      </trkpt>
      <trkpt lat="67.289929" lon="14.609807">
        <ele>12.6</ele>
      </trkpt>
      <trkpt lat="67.289903" lon="14.609530">
        <ele>13</ele>
      </trkpt>
      <trkpt lat="67.289710" lon="14.609031">
        <ele>12.8</ele>
      </trkpt>
      <trkpt lat="67.289551" lon="14.608182">
        <ele>13.6</ele>
      </trkpt>
      <trkpt lat="67.288976" lon="14.604233">
        <ele>22</ele>
      </trkpt>
      <trkpt lat="67.289030" lon="14.604040">
        <ele>22</ele>
      </trkpt>
      <trkpt lat="67.289064" lon="14.603564">
        <ele>25.3</ele>
      </trkpt>
      <trkpt lat="67.288891" lon="14.602293">
        <ele>26.9</ele>
      </trkpt>
      <trkpt lat="67.288830" lon="14.600685">
        <ele>28.5</ele>
      </trkpt>
      <trkpt lat="67.288344" lon="14.596813">
        <ele>27.3</ele>
      </trkpt>
      <trkpt lat="67.287755" lon="14.593065">
        <ele>26.9</ele>
      </trkpt>
      <trkpt lat="67.287536" lon="14.591331">
        <ele>27.9</ele>
      </trkpt>
      <trkpt lat="67.287350" lon="14.590883">
        <ele>28.8</ele>
      </trkpt>
      <trkpt lat="67.287331" lon="14.590535">
        <ele>29.6</ele>
      </trkpt>
      <trkpt lat="67.287398" lon="14.590225">
        <ele>31.3</ele>
      </trkpt>
      <trkpt lat="67.287390" lon="14.589985">
        <ele>31.3</ele>
      </trkpt>
      <trkpt lat="67.286980" lon="14.586495">
        <ele>40.7</ele>
      </trkpt>
      <trkpt lat="67.286871" lon="14.586077">
        <ele>40.7</ele>
      </trkpt>
      <trkpt lat="67.286834" lon="14.585334">
        <ele>41.3</ele>
      </trkpt>
      <trkpt lat="67.286763" lon="14.584676">
        <ele>42</ele>
      </trkpt>
      <trkpt lat="67.285796" lon="14.576469">
        <ele>41.3</ele>
      </trkpt>
      <trkpt lat="67.285611" lon="14.575492">
        <ele>39</ele>
      </trkpt>
      <trkpt lat="67.285631" lon="14.574972">
        <ele>37.8</ele>
      </trkpt>
      <trkpt lat="67.285284" lon="14.571900">
        <ele>30.1</ele>
      </trkpt>
      <trkpt lat="67.285234" lon="14.571645">
        <ele>30.1</ele>
      </trkpt>
      <trkpt lat="67.285087" lon="14.571251">
        <ele>28.4</ele>
      </trkpt>
      <trkpt lat="67.285056" lon="14.570859">
        <ele>28.7</ele>
      </trkpt>
      <trkpt lat="67.285074" lon="14.570146">
        <ele>30.9</ele>
      </trkpt>
      <trkpt lat="67.284756" lon="14.567429">
        <ele>39.1</ele>
      </trkpt>
      <trkpt lat="67.284587" lon="14.566793">
        <ele>39.8</ele>
      </trkpt>
      <trkpt lat="67.284565" lon="14.565784">
        <ele>39</ele>
      </trkpt>
      <trkpt lat="67.283229" lon="14.554434">
        <ele>42</ele>
      </trkpt>
      <trkpt lat="67.282993" lon="14.553050">
        <ele>42.7</ele>
      </trkpt>
      <trkpt lat="67.282801" lon="14.551662">
        <ele>45.2</ele>
      </trkpt>
      <trkpt lat="67.282436" lon="14.549576">
        <ele>44.6</ele>
      </trkpt>
      <trkpt lat="67.281871" lon="14.546940">
        <ele>44.8</ele>
      </trkpt>
      <trkpt lat="67.281590" lon="14.545172">
        <ele>44.2</ele>
      </trkpt>
      <trkpt lat="67.280552" lon="14.539796">
        <ele>38.8</ele>
      </trkpt>
      <trkpt lat="67.280290" lon="14.538035">
        <ele>32.5</ele>
      </trkpt>
      <trkpt lat="67.279552" lon="14.531886">
        <ele>24.9</ele>
      </trkpt>
      <trkpt lat="67.278639" lon="14.522410">
        <ele>22.1</ele>
      </trkpt>
      <trkpt lat="67.278165" lon="14.517320">
        <ele>23.4</ele>
      </trkpt>
      <trkpt lat="67.277977" lon="14.514590">
        <ele>23.5</ele>
      </trkpt>
      <trkpt lat="67.276889" lon="14.502338">
        <ele>20.4</ele>
      </trkpt>
      <trkpt lat="67.277028" lon="14.501372">
        <ele>21.8</ele>
      </trkpt>
      <trkpt lat="67.277046" lon="14.501025">
        <ele>22.2</ele>
      </trkpt>
      <trkpt lat="67.276971" lon="14.499523">
        <ele>22.4</ele>
      </trkpt>
      <trkpt lat="67.276970" lon="14.498216">
        <ele>22.1</ele>
      </trkpt>
      <trkpt lat="67.277027" lon="14.497254">
        <ele>24</ele>
      </trkpt>
      <trkpt lat="67.277157" lon="14.495863">
        <ele>26.8</ele>
      </trkpt>
      <trkpt lat="67.278055" lon="14.491096">
        <ele>44.9</ele>
      </trkpt>
      <trkpt lat="67.278268" lon="14.489215">
        <ele>46</ele>
      </trkpt>
      <trkpt lat="67.278295" lon="14.486800">
        <ele>43.2</ele>
      </trkpt>
      <trkpt lat="67.278254" lon="14.485523">
        <ele>39.9</ele>
      </trkpt>
      <trkpt lat="67.278178" lon="14.484454">
        <ele>37.9</ele>
      </trkpt>
      <trkpt lat="67.277848" lon="14.480673">
        <ele>37</ele>
      </trkpt>
      <trkpt lat="67.277703" lon="14.476785">
        <ele>34.8</ele>
      </trkpt>
      <trkpt lat="67.277679" lon="14.476516">
        <ele>34.9</ele>
      </trkpt>
      <trkpt lat="67.277489" lon="14.475804">
        <ele>32.2</ele>
      </trkpt>
      <trkpt lat="67.277415" lon="14.475152">
        <ele>30.6</ele>
      </trkpt>
      <trkpt lat="67.277431" lon="14.473930">
        <ele>28.3</ele>
      </trkpt>
      <trkpt lat="67.277295" lon="14.471762">
        <ele>25.8</ele>
      </trkpt>
      <trkpt lat="67.277368" lon="14.470698">
        <ele>25.3</ele>
      </trkpt>
      <trkpt lat="67.277360" lon="14.469116">
        <ele>24.9</ele>
      </trkpt>
      <trkpt lat="67.277138" lon="14.465145">
        <ele>24.1</ele>
      </trkpt>
      <trkpt lat="67.277026" lon="14.464220">
        <ele>23.1</ele>
      </trkpt>
      <trkpt lat="67.276794" lon="14.463185">
        <ele>20.8</ele>
      </trkpt>
      <trkpt lat="67.276526" lon="14.461557">
        <ele>18.1</ele>
      </trkpt>
      <trkpt lat="67.276568" lon="14.461435">
        <ele>18.4</ele>
      </trkpt>
      <trkpt lat="67.276621" lon="14.460915">
        <ele>18.3</ele>
      </trkpt>
      <trkpt lat="67.276794" lon="14.459857">
        <ele>19.1</ele>
      </trkpt>
      <trkpt lat="67.276663" lon="14.458202">
        <ele>16.6</ele>
      </trkpt>
      <trkpt lat="67.276369" lon="14.453589">
        <ele>16.6</ele>
      </trkpt>
      <trkpt lat="67.275995" lon="14.449039">
        <ele>19.1</ele>
      </trkpt>
      <trkpt lat="67.275806" lon="14.447143">
        <ele>20</ele>
      </trkpt>
      <trkpt lat="67.275603" lon="14.446759">
        <ele>20.1</ele>
      </trkpt>
      <trkpt lat="67.275466" lon="14.445941">
        <ele>20.1</ele>
      </trkpt>
      <trkpt lat="67.275333" lon="14.444918">
        <ele>20.1</ele>
      </trkpt>
      <trkpt lat="67.275101" lon="14.442526">
        <ele>20</ele>
      </trkpt>
      <trkpt lat="67.275156" lon="14.442488">
        <ele>20</ele>
      </trkpt>
      <trkpt lat="67.275588" lon="14.441535">
        <ele>19.3</ele>
      </trkpt>
      <trkpt lat="67.276847" lon="14.437052">
        <ele>17.3</ele>
      </trkpt>
      <trkpt lat="67.277238" lon="14.435579">
        <ele>16.7</ele>
      </trkpt>
      <trkpt lat="67.277313" lon="14.435204">
        <ele>16.3</ele>
      </trkpt>
      <trkpt lat="67.277436" lon="14.434146">
        <ele>16.1</ele>
      </trkpt>
      <trkpt lat="67.277516" lon="14.433785">
        <ele>16.1</ele>
      </trkpt>
      <trkpt lat="67.277735" lon="14.433324">
        <ele>15.8</ele>
      </trkpt>
      <trkpt lat="67.277832" lon="14.433009">
        <ele>15.5</ele>
      </trkpt>
      <trkpt lat="67.277910" lon="14.432568">
        <ele>15.1</ele>
      </trkpt>
      <trkpt lat="67.278157" lon="14.431744">
        <ele>15.2</ele>
      </trkpt>
      <trkpt lat="67.278274" lon="14.431423">
        <ele>15.2</ele>
      </trkpt>
      <trkpt lat="67.278593" lon="14.430797">
        <ele>15.6</ele>
      </trkpt>
      <trkpt lat="67.278832" lon="14.430112">
        <ele>15.8</ele>
      </trkpt>
      <trkpt lat="67.279427" lon="14.427557">
        <ele>17.5</ele>
      </trkpt>
      <trkpt lat="67.280323" lon="14.424224">
        <ele>17.5</ele>
      </trkpt>
      <trkpt lat="67.280643" lon="14.422559">
        <ele>17.1</ele>
      </trkpt>
      <trkpt lat="67.280903" lon="14.421998">
        <ele>17.3</ele>
      </trkpt>
      <trkpt lat="67.281462" lon="14.419657">
        <ele>17</ele>
      </trkpt>
      <trkpt lat="67.282196" lon="14.416997">
        <ele>16.2</ele>
      </trkpt>
      <trkpt lat="67.282550" lon="14.415502">
        <ele>15.1</ele>
      </trkpt>
      <trkpt lat="67.282659" lon="14.414802">
        <ele>14.9</ele>
      </trkpt>
      <trkpt lat="67.282827" lon="14.414256">
        <ele>14.4</ele>
      </trkpt>
      <trkpt lat="67.282955" lon="14.414065">
        <ele>14.5</ele>
      </trkpt>
      <trkpt lat="67.283233" lon="14.413020">
        <ele>13.5</ele>
      </trkpt>
      <trkpt lat="67.283401" lon="14.412568">
        <ele>12.9</ele>
      </trkpt>
      <trkpt lat="67.284158" lon="14.409708">
        <ele>10.5</ele>
      </trkpt>
      <trkpt lat="67.284338" lon="14.408757">
        <ele>9.4</ele>
      </trkpt>
      <trkpt lat="67.284545" lon="14.408167">
        <ele>8.8</ele>
      </trkpt>
      <trkpt lat="67.285039" lon="14.405739">
        <ele>6.6</ele>
      </trkpt>
      <trkpt lat="67.285409" lon="14.403587">
        <ele>4.6</ele>
      </trkpt>
      <trkpt lat="67.285643" lon="14.402117">
        <ele>3.4</ele>
      </trkpt>
      <trkpt lat="67.285585" lon="14.401408">
        <ele>3.2</ele>
      </trkpt>
      <trkpt lat="67.285734" lon="14.400826">
        <ele>3</ele>
      </trkpt>
      <trkpt lat="67.285851" lon="14.400655">
        <ele>2.9</ele>
      </trkpt>
      <trkpt lat="67.285960" lon="14.399359">
        <ele>1.8</ele>
      </trkpt>
      <trkpt lat="67.286018" lon="14.399064">
        <ele>1.8</ele>
      </trkpt>
      <trkpt lat="67.285962" lon="14.398786">
        <ele>1.7</ele>
      </trkpt>
      <trkpt lat="67.285981" lon="14.397729">
        <ele>1.7</ele>
      </trkpt>
      <trkpt lat="67.285953" lon="14.397215">
        <ele>1.7</ele>
      </trkpt>
      <trkpt lat="67.285495" lon="14.392025">
        <ele>1.4</ele>
      </trkpt>
      <trkpt lat="67.286091" lon="14.391668">
        <ele>1.1</ele>
      </trkpt>
      <trkpt lat="67.285885" lon="14.389563">
        <ele>1.1</ele>
      </trkpt>
      <trkpt lat="67.286005" lon="14.389545">
        <ele>1.1</ele>
      </trkpt>
      <trkpt lat="67.286117" lon="14.389265">
        <ele>1.1</ele>
      </trkpt>
      <trkpt lat="67.286518" lon="14.389551">
        <ele>0.9</ele>
      </trkpt>
      <trkpt lat="67.286679" lon="14.389753">
        <ele>0.7</ele>
      </trkpt>
      <trkpt lat="67.286885" lon="14.390353">
        <ele>0.6</ele>
      </trkpt>
      <trkpt lat="67.287077" lon="14.390469">
        <ele>0.3</ele>
      </trkpt>
      <trkpt lat="67.287281" lon="14.390852">
        <ele>0.2</ele>
      </trkpt>
      <trkpt lat="67.287410" lon="14.391415">
        <ele>0.1</ele>
      </trkpt>
      <trkpt lat="67.287659" lon="14.393211">
        <ele>0.4</ele>
      </trkpt>
      <trkpt lat="67.287811" lon="14.394883">
        <ele>0.5</ele>
      </trkpt>
      <trkpt lat="67.287910" lon="14.394838">
        <ele>0.4</ele>
      </trkpt>
      <trkpt lat="67.288299" lon="14.395259">
        <ele>0.1</ele>
      </trkpt>
      <trkpt lat="67.288357" lon="14.393689">
      </trkpt>
    </trkseg>
  </trk>
</gpx>