<?xml version="1.0" encoding="UTF-8" standalone="no" ?>
<gpx xmlns="http://www.topografix.com/GPX/1/1" xmlns:xsi="http://www.w3.org/2001/XMLSchema-instance" xsi:schemaLocation="http://www.topografix.com/GPX/1/1 http://www.topografix.com/GPX/1/1/gpx.xsd" version="1.1" creator="EditGPX">
  <metadata>
    <name>TK4</name>
  </metadata>
  <trk>
    <name><![CDATA[KAPP complet v2 38]]></name>
    <desc><![CDATA[DEVELOPED_WITH_SIGNS

DEVELOPED

PLANNING

PLANNING

PLANNING

DEVELOPED

UNDER_DEVELOPMENT

DEVELOPED

DEVELOPED

UNDER_DEVELOPMENT

















DEVELOPED_WITH_SIGNS

DEVELOPED

DEVELOPED

DEVELOPED_WITH_SIGNS

DEVELOPED_WITH_SIGNS

DEVELOPED_WITH_SIGNS







DEVELOPED_WITH_SIGNS

DEVELOPED

PLANNING

PLANNING

PLANNING

DEVELOPED

UNDER_DEVELOPMENT

DEVELOPED

DEVELOPED

UNDER_DEVELOPMENT

















DEVELOPED_WITH_SIGNS

DEVELOPED

DEVELOPED

DEVELOPED_WITH_SIGNS

DEVELOPED_WITH_SIGNS

DEVELOPED_WITH_SIGNS



DEVELOPED_WITH_SIGNS

DEVELOPED

PLANNING

PLANNING

PLANNING

DEVELOPED

UNDER_DEVELOPMENT

DEVELOPED

DEVELOPED

UNDER_DEVELOPMENT

















DEVELOPED_WITH_SIGNS

DEVELOPED

DEVELOPED

DEVELOPED_WITH_SIGNS

DEVELOPED_WITH_SIGNS

DEVELOPED_WITH_SIGNS]]></desc>
    <extensions>
      <line xmlns="http://www.topografix.com/GPX/gpx_style/0/2">
        <color>0000ff</color>
        <opacity>1</opacity>
        <width>4</width>
      </line>
    </extensions>
    <trkseg>
      <trkpt lat="38.444580" lon="-2.491440">
        <ele>919.4</ele>
      </trkpt>
      <trkpt lat="38.444608" lon="-2.491355">
        <ele>919.6</ele>
      </trkpt>
      <trkpt lat="38.444635" lon="-2.491270">
        <ele>919.9</ele>
      </trkpt>
      <trkpt lat="38.444663" lon="-2.491185">
        <ele>920.7</ele>
      </trkpt>
      <trkpt lat="38.444690" lon="-2.491100">
        <ele>921.9</ele>
      </trkpt>
      <trkpt lat="38.444717" lon="-2.491012">
        <ele>922.3</ele>
      </trkpt>
      <trkpt lat="38.444744" lon="-2.490924">
        <ele>922.4</ele>
      </trkpt>
      <trkpt lat="38.444771" lon="-2.490836">
        <ele>922.3</ele>
      </trkpt>
      <trkpt lat="38.444798" lon="-2.490747">
        <ele>922</ele>
      </trkpt>
      <trkpt lat="38.444824" lon="-2.490659">
        <ele>922.1</ele>
      </trkpt>
      <trkpt lat="38.444851" lon="-2.490571">
        <ele>922.4</ele>
      </trkpt>
      <trkpt lat="38.444878" lon="-2.490483">
        <ele>923.2</ele>
      </trkpt>
      <trkpt lat="38.444905" lon="-2.490395">
        <ele>924.2</ele>
      </trkpt>
      <trkpt lat="38.444932" lon="-2.490307">
        <ele>925.2</ele>
      </trkpt>
      <trkpt lat="38.444959" lon="-2.490219">
        <ele>925.9</ele>
      </trkpt>
      <trkpt lat="38.444986" lon="-2.490131">
        <ele>926.5</ele>
      </trkpt>
      <trkpt lat="38.445013" lon="-2.490042">
        <ele>926.8</ele>
      </trkpt>
      <trkpt lat="38.445039" lon="-2.489954">
        <ele>927</ele>
      </trkpt>
      <trkpt lat="38.445066" lon="-2.489866">
        <ele>927.4</ele>
      </trkpt>
      <trkpt lat="38.445093" lon="-2.489778">
        <ele>927.7</ele>
      </trkpt>
      <trkpt lat="38.445120" lon="-2.489690">
        <ele>928.2</ele>
      </trkpt>
      <trkpt lat="38.445151" lon="-2.489594">
        <ele>928.9</ele>
      </trkpt>
      <trkpt lat="38.445183" lon="-2.489497">
        <ele>929.6</ele>
      </trkpt>
      <trkpt lat="38.445214" lon="-2.489401">
        <ele>930.2</ele>
      </trkpt>
      <trkpt lat="38.445245" lon="-2.489305">
        <ele>930.5</ele>
      </trkpt>
      <trkpt lat="38.445276" lon="-2.489209">
        <ele>930.8</ele>
      </trkpt>
      <trkpt lat="38.445307" lon="-2.489113">
        <ele>931.2</ele>
      </trkpt>
      <trkpt lat="38.445339" lon="-2.489016">
        <ele>931.5</ele>
      </trkpt>
      <trkpt lat="38.445370" lon="-2.488920">
        <ele>931.9</ele>
      </trkpt>
      <trkpt lat="38.445386" lon="-2.488865">
        <ele>932.1</ele>
      </trkpt>
      <trkpt lat="38.445403" lon="-2.488810">
        <ele>932.4</ele>
      </trkpt>
      <trkpt lat="38.445419" lon="-2.488755">
        <ele>932.7</ele>
      </trkpt>
      <trkpt lat="38.445435" lon="-2.488700">
        <ele>933</ele>
      </trkpt>
      <trkpt lat="38.445451" lon="-2.488645">
        <ele>933.2</ele>
      </trkpt>
      <trkpt lat="38.445468" lon="-2.488590">
        <ele>933.4</ele>
      </trkpt>
      <trkpt lat="38.445484" lon="-2.488535">
        <ele>933.6</ele>
      </trkpt>
      <trkpt lat="38.445500" lon="-2.488480">
        <ele>933.8</ele>
      </trkpt>
      <trkpt lat="38.445523" lon="-2.488410">
        <ele>933.9</ele>
      </trkpt>
      <trkpt lat="38.445545" lon="-2.488340">
        <ele>934.1</ele>
      </trkpt>
      <trkpt lat="38.445568" lon="-2.488270">
        <ele>933.9</ele>
      </trkpt>
      <trkpt lat="38.445590" lon="-2.488200">
        <ele>933.6</ele>
      </trkpt>
      <trkpt lat="38.445617" lon="-2.488138">
        <ele>933.3</ele>
      </trkpt>
      <trkpt lat="38.445645" lon="-2.488075">
        <ele>933</ele>
      </trkpt>
      <trkpt lat="38.445673" lon="-2.488012">
        <ele>932.9</ele>
      </trkpt>
      <trkpt lat="38.445700" lon="-2.487950">
        <ele>933.1</ele>
      </trkpt>
      <trkpt lat="38.445745" lon="-2.487868">
        <ele>933.3</ele>
      </trkpt>
      <trkpt lat="38.445790" lon="-2.487785">
        <ele>933.9</ele>
      </trkpt>
      <trkpt lat="38.445835" lon="-2.487703">
        <ele>934.5</ele>
      </trkpt>
      <trkpt lat="38.445880" lon="-2.487620">
        <ele>934.6</ele>
      </trkpt>
      <trkpt lat="38.445913" lon="-2.487575">
        <ele>934.7</ele>
      </trkpt>
      <trkpt lat="38.445945" lon="-2.487530">
        <ele>934.8</ele>
      </trkpt>
      <trkpt lat="38.445977" lon="-2.487485">
        <ele>935.2</ele>
      </trkpt>
      <trkpt lat="38.446010" lon="-2.487440">
        <ele>935.6</ele>
      </trkpt>
      <trkpt lat="38.446045" lon="-2.487395">
        <ele>936</ele>
      </trkpt>
      <trkpt lat="38.446080" lon="-2.487350">
        <ele>936.4</ele>
      </trkpt>
      <trkpt lat="38.446115" lon="-2.487305">
        <ele>936.8</ele>
      </trkpt>
      <trkpt lat="38.446150" lon="-2.487260">
        <ele>937</ele>
      </trkpt>
      <trkpt lat="38.446190" lon="-2.487210">
        <ele>937.4</ele>
      </trkpt>
      <trkpt lat="38.446230" lon="-2.487160">
        <ele>937.9</ele>
      </trkpt>
      <trkpt lat="38.446270" lon="-2.487110">
        <ele>938.2</ele>
      </trkpt>
      <trkpt lat="38.446310" lon="-2.487060">
        <ele>938.6</ele>
      </trkpt>
      <trkpt lat="38.446346" lon="-2.487019">
        <ele>938.6</ele>
      </trkpt>
      <trkpt lat="38.446381" lon="-2.486979">
        <ele>938.6</ele>
      </trkpt>
      <trkpt lat="38.446417" lon="-2.486938">
        <ele>938.8</ele>
      </trkpt>
      <trkpt lat="38.446452" lon="-2.486897">
        <ele>939.1</ele>
      </trkpt>
      <trkpt lat="38.446488" lon="-2.486857">
        <ele>939.4</ele>
      </trkpt>
      <trkpt lat="38.446524" lon="-2.486816">
        <ele>939.6</ele>
      </trkpt>
      <trkpt lat="38.446559" lon="-2.486776">
        <ele>939.8</ele>
      </trkpt>
      <trkpt lat="38.446595" lon="-2.486735">
        <ele>940</ele>
      </trkpt>
      <trkpt lat="38.446631" lon="-2.486694">
        <ele>940.1</ele>
      </trkpt>
      <trkpt lat="38.446666" lon="-2.486654">
        <ele>940.1</ele>
      </trkpt>
      <trkpt lat="38.446702" lon="-2.486613">
        <ele>940</ele>
      </trkpt>
      <trkpt lat="38.446737" lon="-2.486572">
        <ele>940.1</ele>
      </trkpt>
      <trkpt lat="38.446773" lon="-2.486532">
        <ele>940.3</ele>
      </trkpt>
      <trkpt lat="38.446809" lon="-2.486491">
        <ele>940.6</ele>
      </trkpt>
      <trkpt lat="38.446844" lon="-2.486451">
        <ele>941.1</ele>
      </trkpt>
      <trkpt lat="38.446880" lon="-2.486410">
        <ele>941.7</ele>
      </trkpt>
      <trkpt lat="38.446933" lon="-2.486352">
        <ele>942.4</ele>
      </trkpt>
      <trkpt lat="38.446985" lon="-2.486295">
        <ele>942</ele>
      </trkpt>
      <trkpt lat="38.447038" lon="-2.486238">
        <ele>941.9</ele>
      </trkpt>
      <trkpt lat="38.447090" lon="-2.486180">
        <ele>942.5</ele>
      </trkpt>
      <trkpt lat="38.447140" lon="-2.486105">
        <ele>944.4</ele>
      </trkpt>
      <trkpt lat="38.447190" lon="-2.486030">
        <ele>944.8</ele>
      </trkpt>
      <trkpt lat="38.447220" lon="-2.485965">
        <ele>945.1</ele>
      </trkpt>
      <trkpt lat="38.447250" lon="-2.485900">
        <ele>944.7</ele>
      </trkpt>
      <trkpt lat="38.447270" lon="-2.485825">
        <ele>944.6</ele>
      </trkpt>
      <trkpt lat="38.447290" lon="-2.485750">
        <ele>945.2</ele>
      </trkpt>
      <trkpt lat="38.447299" lon="-2.485690">
        <ele>945.6</ele>
      </trkpt>
      <trkpt lat="38.447308" lon="-2.485630">
        <ele>946.1</ele>
      </trkpt>
      <trkpt lat="38.447316" lon="-2.485570">
        <ele>946.8</ele>
      </trkpt>
      <trkpt lat="38.447325" lon="-2.485510">
        <ele>946.9</ele>
      </trkpt>
      <trkpt lat="38.447334" lon="-2.485450">
        <ele>947</ele>
      </trkpt>
      <trkpt lat="38.447343" lon="-2.485390">
        <ele>947.1</ele>
      </trkpt>
      <trkpt lat="38.447351" lon="-2.485330">
        <ele>947.3</ele>
      </trkpt>
      <trkpt lat="38.447360" lon="-2.485270">
        <ele>947.6</ele>
      </trkpt>
      <trkpt lat="38.447370" lon="-2.485190">
        <ele>948.1</ele>
      </trkpt>
      <trkpt lat="38.447410" lon="-2.485100">
        <ele>948.6</ele>
      </trkpt>
      <trkpt lat="38.447445" lon="-2.485040">
        <ele>948.9</ele>
      </trkpt>
      <trkpt lat="38.447480" lon="-2.484980">
        <ele>949.6</ele>
      </trkpt>
      <trkpt lat="38.447535" lon="-2.484920">
        <ele>950.3</ele>
      </trkpt>
      <trkpt lat="38.447590" lon="-2.484860">
        <ele>950.7</ele>
      </trkpt>
      <trkpt lat="38.447637" lon="-2.484818">
        <ele>951</ele>
      </trkpt>
      <trkpt lat="38.447685" lon="-2.484775">
        <ele>951.2</ele>
      </trkpt>
      <trkpt lat="38.447733" lon="-2.484732">
        <ele>951.5</ele>
      </trkpt>
      <trkpt lat="38.447780" lon="-2.484690">
        <ele>951.9</ele>
      </trkpt>
      <trkpt lat="38.447815" lon="-2.484653">
        <ele>952.3</ele>
      </trkpt>
      <trkpt lat="38.447850" lon="-2.484615">
        <ele>952.6</ele>
      </trkpt>
      <trkpt lat="38.447885" lon="-2.484577">
        <ele>952.8</ele>
      </trkpt>
      <trkpt lat="38.447920" lon="-2.484540">
        <ele>953.1</ele>
      </trkpt>
      <trkpt lat="38.447960" lon="-2.484450">
        <ele>954.6</ele>
      </trkpt>
      <trkpt lat="38.447985" lon="-2.484385">
        <ele>954.7</ele>
      </trkpt>
      <trkpt lat="38.448010" lon="-2.484320">
        <ele>954.6</ele>
      </trkpt>
      <trkpt lat="38.448017" lon="-2.484255">
        <ele>954.6</ele>
      </trkpt>
      <trkpt lat="38.448025" lon="-2.484190">
        <ele>954.7</ele>
      </trkpt>
      <trkpt lat="38.448032" lon="-2.484125">
        <ele>954.7</ele>
      </trkpt>
      <trkpt lat="38.448040" lon="-2.484060">
        <ele>954.8</ele>
      </trkpt>
      <trkpt lat="38.448042" lon="-2.484000">
        <ele>955</ele>
      </trkpt>
      <trkpt lat="38.448045" lon="-2.483940">
        <ele>955.2</ele>
      </trkpt>
      <trkpt lat="38.448048" lon="-2.483880">
        <ele>955.5</ele>
      </trkpt>
      <trkpt lat="38.448050" lon="-2.483820">
        <ele>955.6</ele>
      </trkpt>
      <trkpt lat="38.448065" lon="-2.483725">
        <ele>955.9</ele>
      </trkpt>
      <trkpt lat="38.448080" lon="-2.483630">
        <ele>956</ele>
      </trkpt>
      <trkpt lat="38.448100" lon="-2.483565">
        <ele>956</ele>
      </trkpt>
      <trkpt lat="38.448120" lon="-2.483500">
        <ele>956.2</ele>
      </trkpt>
      <trkpt lat="38.448148" lon="-2.483435">
        <ele>956.1</ele>
      </trkpt>
      <trkpt lat="38.448175" lon="-2.483370">
        <ele>956.4</ele>
      </trkpt>
      <trkpt lat="38.448203" lon="-2.483305">
        <ele>956.9</ele>
      </trkpt>
      <trkpt lat="38.448230" lon="-2.483240">
        <ele>957.7</ele>
      </trkpt>
      <trkpt lat="38.448261" lon="-2.483191">
        <ele>958.1</ele>
      </trkpt>
      <trkpt lat="38.448293" lon="-2.483141">
        <ele>958.7</ele>
      </trkpt>
      <trkpt lat="38.448324" lon="-2.483092">
        <ele>959.3</ele>
      </trkpt>
      <trkpt lat="38.448355" lon="-2.483042">
        <ele>959.5</ele>
      </trkpt>
      <trkpt lat="38.448386" lon="-2.482993">
        <ele>959.4</ele>
      </trkpt>
      <trkpt lat="38.448418" lon="-2.482944">
        <ele>959.4</ele>
      </trkpt>
      <trkpt lat="38.448449" lon="-2.482894">
        <ele>959.5</ele>
      </trkpt>
      <trkpt lat="38.448480" lon="-2.482845">
        <ele>959.9</ele>
      </trkpt>
      <trkpt lat="38.448511" lon="-2.482796">
        <ele>960.4</ele>
      </trkpt>
      <trkpt lat="38.448543" lon="-2.482746">
        <ele>961</ele>
      </trkpt>
      <trkpt lat="38.448574" lon="-2.482697">
        <ele>961.6</ele>
      </trkpt>
      <trkpt lat="38.448605" lon="-2.482648">
        <ele>962</ele>
      </trkpt>
      <trkpt lat="38.448636" lon="-2.482598">
        <ele>962.3</ele>
      </trkpt>
      <trkpt lat="38.448667" lon="-2.482549">
        <ele>962.6</ele>
      </trkpt>
      <trkpt lat="38.448699" lon="-2.482499">
        <ele>963.1</ele>
      </trkpt>
      <trkpt lat="38.448730" lon="-2.482450">
        <ele>963.9</ele>
      </trkpt>
      <trkpt lat="38.448757" lon="-2.482400">
        <ele>964.5</ele>
      </trkpt>
      <trkpt lat="38.448785" lon="-2.482350">
        <ele>965.1</ele>
      </trkpt>
      <trkpt lat="38.448813" lon="-2.482300">
        <ele>965.5</ele>
      </trkpt>
      <trkpt lat="38.448840" lon="-2.482250">
        <ele>966.1</ele>
      </trkpt>
      <trkpt lat="38.448870" lon="-2.482200">
        <ele>965.8</ele>
      </trkpt>
      <trkpt lat="38.448900" lon="-2.482150">
        <ele>965.4</ele>
      </trkpt>
      <trkpt lat="38.448920" lon="-2.482070">
        <ele>965.4</ele>
      </trkpt>
      <trkpt lat="38.448940" lon="-2.482005">
        <ele>965.5</ele>
      </trkpt>
      <trkpt lat="38.448960" lon="-2.481940">
        <ele>965.5</ele>
      </trkpt>
      <trkpt lat="38.448972" lon="-2.481867">
        <ele>966</ele>
      </trkpt>
      <trkpt lat="38.448985" lon="-2.481795">
        <ele>966.3</ele>
      </trkpt>
      <trkpt lat="38.448998" lon="-2.481723">
        <ele>966.6</ele>
      </trkpt>
      <trkpt lat="38.449010" lon="-2.481650">
        <ele>967</ele>
      </trkpt>
      <trkpt lat="38.449035" lon="-2.481555">
        <ele>968.5</ele>
      </trkpt>
      <trkpt lat="38.449060" lon="-2.481460">
        <ele>969.7</ele>
      </trkpt>
      <trkpt lat="38.449090" lon="-2.481385">
        <ele>970.4</ele>
      </trkpt>
      <trkpt lat="38.449120" lon="-2.481310">
        <ele>970.2</ele>
      </trkpt>
      <trkpt lat="38.449150" lon="-2.481250">
        <ele>969.3</ele>
      </trkpt>
      <trkpt lat="38.449180" lon="-2.481190">
        <ele>968.7</ele>
      </trkpt>
      <trkpt lat="38.449210" lon="-2.481130">
        <ele>968.6</ele>
      </trkpt>
      <trkpt lat="38.449240" lon="-2.481070">
        <ele>969.6</ele>
      </trkpt>
      <trkpt lat="38.449270" lon="-2.481025">
        <ele>970.5</ele>
      </trkpt>
      <trkpt lat="38.449300" lon="-2.480980">
        <ele>971.2</ele>
      </trkpt>
      <trkpt lat="38.449330" lon="-2.480935">
        <ele>971.7</ele>
      </trkpt>
      <trkpt lat="38.449360" lon="-2.480890">
        <ele>972.5</ele>
      </trkpt>
      <trkpt lat="38.449385" lon="-2.480832">
        <ele>973.1</ele>
      </trkpt>
      <trkpt lat="38.449410" lon="-2.480775">
        <ele>972.6</ele>
      </trkpt>
      <trkpt lat="38.449435" lon="-2.480717">
        <ele>971.8</ele>
      </trkpt>
      <trkpt lat="38.449460" lon="-2.480660">
        <ele>971.3</ele>
      </trkpt>
      <trkpt lat="38.449478" lon="-2.480602">
        <ele>970.9</ele>
      </trkpt>
      <trkpt lat="38.449495" lon="-2.480545">
        <ele>970.9</ele>
      </trkpt>
      <trkpt lat="38.449512" lon="-2.480488">
        <ele>971.3</ele>
      </trkpt>
      <trkpt lat="38.449530" lon="-2.480430">
        <ele>971.8</ele>
      </trkpt>
      <trkpt lat="38.449540" lon="-2.480363">
        <ele>972.6</ele>
      </trkpt>
      <trkpt lat="38.449550" lon="-2.480295">
        <ele>973.4</ele>
      </trkpt>
      <trkpt lat="38.449560" lon="-2.480227">
        <ele>973.8</ele>
      </trkpt>
      <trkpt lat="38.449570" lon="-2.480160">
        <ele>974</ele>
      </trkpt>
      <trkpt lat="38.449580" lon="-2.480065">
        <ele>974.2</ele>
      </trkpt>
      <trkpt lat="38.449590" lon="-2.479970">
        <ele>974.5</ele>
      </trkpt>
      <trkpt lat="38.449590" lon="-2.479872">
        <ele>974.7</ele>
      </trkpt>
      <trkpt lat="38.449590" lon="-2.479775">
        <ele>975</ele>
      </trkpt>
      <trkpt lat="38.449590" lon="-2.479678">
        <ele>975.4</ele>
      </trkpt>
      <trkpt lat="38.449590" lon="-2.479580">
        <ele>976</ele>
      </trkpt>
      <trkpt lat="38.449595" lon="-2.479485">
        <ele>976.3</ele>
      </trkpt>
      <trkpt lat="38.449600" lon="-2.479390">
        <ele>976.8</ele>
      </trkpt>
      <trkpt lat="38.449615" lon="-2.479303">
        <ele>977.7</ele>
      </trkpt>
      <trkpt lat="38.449630" lon="-2.479215">
        <ele>978.3</ele>
      </trkpt>
      <trkpt lat="38.449645" lon="-2.479128">
        <ele>978.7</ele>
      </trkpt>
      <trkpt lat="38.449660" lon="-2.479040">
        <ele>978.7</ele>
      </trkpt>
      <trkpt lat="38.449675" lon="-2.478953">
        <ele>978.7</ele>
      </trkpt>
      <trkpt lat="38.449690" lon="-2.478865">
        <ele>978.7</ele>
      </trkpt>
      <trkpt lat="38.449705" lon="-2.478778">
        <ele>978.6</ele>
      </trkpt>
      <trkpt lat="38.449720" lon="-2.478690">
        <ele>978.5</ele>
      </trkpt>
      <trkpt lat="38.449735" lon="-2.478603">
        <ele>978.8</ele>
      </trkpt>
      <trkpt lat="38.449750" lon="-2.478515">
        <ele>979.6</ele>
      </trkpt>
      <trkpt lat="38.449765" lon="-2.478428">
        <ele>980.5</ele>
      </trkpt>
      <trkpt lat="38.449780" lon="-2.478340">
        <ele>981.5</ele>
      </trkpt>
      <trkpt lat="38.449795" lon="-2.478252">
        <ele>982.6</ele>
      </trkpt>
      <trkpt lat="38.449810" lon="-2.478165">
        <ele>983.6</ele>
      </trkpt>
      <trkpt lat="38.449825" lon="-2.478078">
        <ele>984.5</ele>
      </trkpt>
      <trkpt lat="38.449840" lon="-2.477990">
        <ele>985.2</ele>
      </trkpt>
      <trkpt lat="38.449853" lon="-2.477919">
        <ele>985.4</ele>
      </trkpt>
      <trkpt lat="38.449865" lon="-2.477848">
        <ele>985.8</ele>
      </trkpt>
      <trkpt lat="38.449877" lon="-2.477776">
        <ele>986</ele>
      </trkpt>
      <trkpt lat="38.449890" lon="-2.477705">
        <ele>986.5</ele>
      </trkpt>
      <trkpt lat="38.449902" lon="-2.477634">
        <ele>986.9</ele>
      </trkpt>
      <trkpt lat="38.449915" lon="-2.477563">
        <ele>987.2</ele>
      </trkpt>
      <trkpt lat="38.449928" lon="-2.477491">
        <ele>987.4</ele>
      </trkpt>
      <trkpt lat="38.449940" lon="-2.477420">
        <ele>987.2</ele>
      </trkpt>
      <trkpt lat="38.449955" lon="-2.477353">
        <ele>986.9</ele>
      </trkpt>
      <trkpt lat="38.449970" lon="-2.477285">
        <ele>986.4</ele>
      </trkpt>
      <trkpt lat="38.449985" lon="-2.477218">
        <ele>985.9</ele>
      </trkpt>
      <trkpt lat="38.450000" lon="-2.477150">
        <ele>985.8</ele>
      </trkpt>
      <trkpt lat="38.450015" lon="-2.477090">
        <ele>985.8</ele>
      </trkpt>
      <trkpt lat="38.450030" lon="-2.477030">
        <ele>986.1</ele>
      </trkpt>
      <trkpt lat="38.450045" lon="-2.476970">
        <ele>986.2</ele>
      </trkpt>
      <trkpt lat="38.450060" lon="-2.476910">
        <ele>986.4</ele>
      </trkpt>
      <trkpt lat="38.450087" lon="-2.476845">
        <ele>986.6</ele>
      </trkpt>
      <trkpt lat="38.450115" lon="-2.476780">
        <ele>986.8</ele>
      </trkpt>
      <trkpt lat="38.450142" lon="-2.476715">
        <ele>987</ele>
      </trkpt>
      <trkpt lat="38.450170" lon="-2.476650">
        <ele>987.4</ele>
      </trkpt>
      <trkpt lat="38.450220" lon="-2.476560">
        <ele>988.1</ele>
      </trkpt>
      <trkpt lat="38.450240" lon="-2.476500">
        <ele>988.1</ele>
      </trkpt>
      <trkpt lat="38.450280" lon="-2.476415">
        <ele>987.8</ele>
      </trkpt>
      <trkpt lat="38.450320" lon="-2.476330">
        <ele>988.5</ele>
      </trkpt>
      <trkpt lat="38.450335" lon="-2.476275">
        <ele>989</ele>
      </trkpt>
      <trkpt lat="38.450350" lon="-2.476220">
        <ele>989.4</ele>
      </trkpt>
      <trkpt lat="38.450370" lon="-2.476140">
        <ele>990</ele>
      </trkpt>
      <trkpt lat="38.450390" lon="-2.476060">
        <ele>990.1</ele>
      </trkpt>
      <trkpt lat="38.450400" lon="-2.475990">
        <ele>990.2</ele>
      </trkpt>
      <trkpt lat="38.450410" lon="-2.475920">
        <ele>990.3</ele>
      </trkpt>
      <trkpt lat="38.450415" lon="-2.475835">
        <ele>990.6</ele>
      </trkpt>
      <trkpt lat="38.450420" lon="-2.475750">
        <ele>991.1</ele>
      </trkpt>
      <trkpt lat="38.450425" lon="-2.475665">
        <ele>991.7</ele>
      </trkpt>
      <trkpt lat="38.450430" lon="-2.475580">
        <ele>992.1</ele>
      </trkpt>
      <trkpt lat="38.450436" lon="-2.475491">
        <ele>993.2</ele>
      </trkpt>
      <trkpt lat="38.450442" lon="-2.475402">
        <ele>994.2</ele>
      </trkpt>
      <trkpt lat="38.450449" lon="-2.475314">
        <ele>995.2</ele>
      </trkpt>
      <trkpt lat="38.450455" lon="-2.475225">
        <ele>995.9</ele>
      </trkpt>
      <trkpt lat="38.450461" lon="-2.475136">
        <ele>996.3</ele>
      </trkpt>
      <trkpt lat="38.450468" lon="-2.475048">
        <ele>996.6</ele>
      </trkpt>
      <trkpt lat="38.450474" lon="-2.474959">
        <ele>996.8</ele>
      </trkpt>
      <trkpt lat="38.450480" lon="-2.474870">
        <ele>996.6</ele>
      </trkpt>
      <trkpt lat="38.450485" lon="-2.474804">
        <ele>996.8</ele>
      </trkpt>
      <trkpt lat="38.450490" lon="-2.474738">
        <ele>996.8</ele>
      </trkpt>
      <trkpt lat="38.450495" lon="-2.474671">
        <ele>996.9</ele>
      </trkpt>
      <trkpt lat="38.450500" lon="-2.474605">
        <ele>997.1</ele>
      </trkpt>
      <trkpt lat="38.450505" lon="-2.474539">
        <ele>997.3</ele>
      </trkpt>
      <trkpt lat="38.450510" lon="-2.474473">
        <ele>997.5</ele>
      </trkpt>
      <trkpt lat="38.450515" lon="-2.474406">
        <ele>997.6</ele>
      </trkpt>
      <trkpt lat="38.450520" lon="-2.474340">
        <ele>997.5</ele>
      </trkpt>
      <trkpt lat="38.450530" lon="-2.474230">
        <ele>997.5</ele>
      </trkpt>
      <trkpt lat="38.450540" lon="-2.474120">
        <ele>997.8</ele>
      </trkpt>
      <trkpt lat="38.450550" lon="-2.474010">
        <ele>998.3</ele>
      </trkpt>
      <trkpt lat="38.450560" lon="-2.473900">
        <ele>998.7</ele>
      </trkpt>
      <trkpt lat="38.450583" lon="-2.473805">
        <ele>999</ele>
      </trkpt>
      <trkpt lat="38.450605" lon="-2.473710">
        <ele>999.3</ele>
      </trkpt>
      <trkpt lat="38.450628" lon="-2.473615">
        <ele>999.7</ele>
      </trkpt>
      <trkpt lat="38.450650" lon="-2.473520">
        <ele>1000</ele>
      </trkpt>
      <trkpt lat="38.450668" lon="-2.473447">
        <ele>1000.2</ele>
      </trkpt>
      <trkpt lat="38.450685" lon="-2.473375">
        <ele>1000.4</ele>
      </trkpt>
      <trkpt lat="38.450702" lon="-2.473302">
        <ele>1000.9</ele>
      </trkpt>
      <trkpt lat="38.450720" lon="-2.473230">
        <ele>1001.9</ele>
      </trkpt>
      <trkpt lat="38.450745" lon="-2.473155">
        <ele>1002.6</ele>
      </trkpt>
      <trkpt lat="38.450770" lon="-2.473080">
        <ele>1003.3</ele>
      </trkpt>
      <trkpt lat="38.450790" lon="-2.473010">
        <ele>1003.5</ele>
      </trkpt>
      <trkpt lat="38.450810" lon="-2.472940">
        <ele>1003.4</ele>
      </trkpt>
      <trkpt lat="38.450837" lon="-2.472845">
        <ele>1002.7</ele>
      </trkpt>
      <trkpt lat="38.450865" lon="-2.472750">
        <ele>1002.8</ele>
      </trkpt>
      <trkpt lat="38.450893" lon="-2.472655">
        <ele>1003.6</ele>
      </trkpt>
      <trkpt lat="38.450920" lon="-2.472560">
        <ele>1004.2</ele>
      </trkpt>
      <trkpt lat="38.450947" lon="-2.472485">
        <ele>1004.7</ele>
      </trkpt>
      <trkpt lat="38.450975" lon="-2.472410">
        <ele>1005.5</ele>
      </trkpt>
      <trkpt lat="38.451003" lon="-2.472335">
        <ele>1006.2</ele>
      </trkpt>
      <trkpt lat="38.451030" lon="-2.472260">
        <ele>1006.7</ele>
      </trkpt>
      <trkpt lat="38.451070" lon="-2.472175">
        <ele>1006.9</ele>
      </trkpt>
      <trkpt lat="38.451110" lon="-2.472090">
        <ele>1006.9</ele>
      </trkpt>
      <trkpt lat="38.451165" lon="-2.472025">
        <ele>1007</ele>
      </trkpt>
      <trkpt lat="38.451220" lon="-2.471960">
        <ele>1007.5</ele>
      </trkpt>
      <trkpt lat="38.451275" lon="-2.471925">
        <ele>1007.9</ele>
      </trkpt>
      <trkpt lat="38.451330" lon="-2.471890">
        <ele>1008.7</ele>
      </trkpt>
      <trkpt lat="38.451377" lon="-2.471872">
        <ele>1008.4</ele>
      </trkpt>
      <trkpt lat="38.451425" lon="-2.471855">
        <ele>1008.6</ele>
      </trkpt>
      <trkpt lat="38.451473" lon="-2.471838">
        <ele>1008.8</ele>
      </trkpt>
      <trkpt lat="38.451520" lon="-2.471820">
        <ele>1009.1</ele>
      </trkpt>
      <trkpt lat="38.451580" lon="-2.471805">
        <ele>1009</ele>
      </trkpt>
      <trkpt lat="38.451640" lon="-2.471790">
        <ele>1008.8</ele>
      </trkpt>
      <trkpt lat="38.451700" lon="-2.471775">
        <ele>1008.6</ele>
      </trkpt>
      <trkpt lat="38.451760" lon="-2.471760">
        <ele>1008.5</ele>
      </trkpt>
      <trkpt lat="38.451820" lon="-2.471725">
        <ele>1009.1</ele>
      </trkpt>
      <trkpt lat="38.451880" lon="-2.471690">
        <ele>1009.6</ele>
      </trkpt>
      <trkpt lat="38.451930" lon="-2.471640">
        <ele>1010.8</ele>
      </trkpt>
      <trkpt lat="38.451980" lon="-2.471590">
        <ele>1011.7</ele>
      </trkpt>
      <trkpt lat="38.452020" lon="-2.471525">
        <ele>1012.7</ele>
      </trkpt>
      <trkpt lat="38.452060" lon="-2.471460">
        <ele>1013.4</ele>
      </trkpt>
      <trkpt lat="38.452080" lon="-2.471370">
        <ele>1014.2</ele>
      </trkpt>
      <trkpt lat="38.452100" lon="-2.471280">
        <ele>1014.2</ele>
      </trkpt>
      <trkpt lat="38.452111" lon="-2.471213">
        <ele>1014.4</ele>
      </trkpt>
      <trkpt lat="38.452123" lon="-2.471145">
        <ele>1014.4</ele>
      </trkpt>
      <trkpt lat="38.452134" lon="-2.471077">
        <ele>1014.5</ele>
      </trkpt>
      <trkpt lat="38.452145" lon="-2.471010">
        <ele>1014.9</ele>
      </trkpt>
      <trkpt lat="38.452156" lon="-2.470943">
        <ele>1015.2</ele>
      </trkpt>
      <trkpt lat="38.452168" lon="-2.470875">
        <ele>1015.5</ele>
      </trkpt>
      <trkpt lat="38.452179" lon="-2.470808">
        <ele>1015.7</ele>
      </trkpt>
      <trkpt lat="38.452190" lon="-2.470740">
        <ele>1015.5</ele>
      </trkpt>
      <trkpt lat="38.452202" lon="-2.470655">
        <ele>1015.5</ele>
      </trkpt>
      <trkpt lat="38.452215" lon="-2.470570">
        <ele>1015.3</ele>
      </trkpt>
      <trkpt lat="38.452228" lon="-2.470485">
        <ele>1015.3</ele>
      </trkpt>
      <trkpt lat="38.452240" lon="-2.470400">
        <ele>1015.6</ele>
      </trkpt>
      <trkpt lat="38.452253" lon="-2.470315">
        <ele>1015.7</ele>
      </trkpt>
      <trkpt lat="38.452265" lon="-2.470230">
        <ele>1015.8</ele>
      </trkpt>
      <trkpt lat="38.452277" lon="-2.470145">
        <ele>1015.9</ele>
      </trkpt>
      <trkpt lat="38.452290" lon="-2.470060">
        <ele>1016</ele>
      </trkpt>
      <trkpt lat="38.452300" lon="-2.469990">
        <ele>1016</ele>
      </trkpt>
      <trkpt lat="38.452310" lon="-2.469920">
        <ele>1016.4</ele>
      </trkpt>
      <trkpt lat="38.452320" lon="-2.469850">
        <ele>1016.7</ele>
      </trkpt>
      <trkpt lat="38.452330" lon="-2.469780">
        <ele>1016.7</ele>
      </trkpt>
      <trkpt lat="38.452335" lon="-2.469695">
        <ele>1017.5</ele>
      </trkpt>
      <trkpt lat="38.452340" lon="-2.469610">
        <ele>1018.1</ele>
      </trkpt>
      <trkpt lat="38.452335" lon="-2.469530">
        <ele>1018.8</ele>
      </trkpt>
      <trkpt lat="38.452330" lon="-2.469450">
        <ele>1020</ele>
      </trkpt>
      <trkpt lat="38.452310" lon="-2.469375">
        <ele>1019.4</ele>
      </trkpt>
      <trkpt lat="38.452290" lon="-2.469300">
        <ele>1018.8</ele>
      </trkpt>
      <trkpt lat="38.452260" lon="-2.469215">
        <ele>1018.8</ele>
      </trkpt>
      <trkpt lat="38.452230" lon="-2.469130">
        <ele>1019.4</ele>
      </trkpt>
      <trkpt lat="38.452180" lon="-2.469040">
        <ele>1021.1</ele>
      </trkpt>
      <trkpt lat="38.452130" lon="-2.468950">
        <ele>1021.7</ele>
      </trkpt>
      <trkpt lat="38.452090" lon="-2.468902">
        <ele>1021.7</ele>
      </trkpt>
      <trkpt lat="38.452050" lon="-2.468855">
        <ele>1022</ele>
      </trkpt>
      <trkpt lat="38.452010" lon="-2.468808">
        <ele>1022.4</ele>
      </trkpt>
      <trkpt lat="38.451970" lon="-2.468760">
        <ele>1022.6</ele>
      </trkpt>
      <trkpt lat="38.451934" lon="-2.468721">
        <ele>1022.9</ele>
      </trkpt>
      <trkpt lat="38.451898" lon="-2.468682">
        <ele>1023.3</ele>
      </trkpt>
      <trkpt lat="38.451861" lon="-2.468644">
        <ele>1023.4</ele>
      </trkpt>
      <trkpt lat="38.451825" lon="-2.468605">
        <ele>1023</ele>
      </trkpt>
      <trkpt lat="38.451789" lon="-2.468566">
        <ele>1022.6</ele>
      </trkpt>
      <trkpt lat="38.451752" lon="-2.468527">
        <ele>1022.5</ele>
      </trkpt>
      <trkpt lat="38.451716" lon="-2.468489">
        <ele>1022.5</ele>
      </trkpt>
      <trkpt lat="38.451680" lon="-2.468450">
        <ele>1022.8</ele>
      </trkpt>
      <trkpt lat="38.451645" lon="-2.468405">
        <ele>1023</ele>
      </trkpt>
      <trkpt lat="38.451610" lon="-2.468360">
        <ele>1023</ele>
      </trkpt>
      <trkpt lat="38.451575" lon="-2.468315">
        <ele>1023</ele>
      </trkpt>
      <trkpt lat="38.451540" lon="-2.468270">
        <ele>1023</ele>
      </trkpt>
      <trkpt lat="38.451510" lon="-2.468220">
        <ele>1022.6</ele>
      </trkpt>
      <trkpt lat="38.451480" lon="-2.468170">
        <ele>1022.2</ele>
      </trkpt>
      <trkpt lat="38.451455" lon="-2.468095">
        <ele>1020.9</ele>
      </trkpt>
      <trkpt lat="38.451430" lon="-2.468020">
        <ele>1020.4</ele>
      </trkpt>
      <trkpt lat="38.451420" lon="-2.467930">
        <ele>1020.7</ele>
      </trkpt>
      <trkpt lat="38.451420" lon="-2.467870">
        <ele>1020.7</ele>
      </trkpt>
      <trkpt lat="38.451420" lon="-2.467790">
        <ele>1020.5</ele>
      </trkpt>
      <trkpt lat="38.451440" lon="-2.467715">
        <ele>1019.3</ele>
      </trkpt>
      <trkpt lat="38.451460" lon="-2.467640">
        <ele>1018.7</ele>
      </trkpt>
      <trkpt lat="38.451485" lon="-2.467585">
        <ele>1018.3</ele>
      </trkpt>
      <trkpt lat="38.451510" lon="-2.467530">
        <ele>1018.7</ele>
      </trkpt>
      <trkpt lat="38.451565" lon="-2.467470">
        <ele>1019.2</ele>
      </trkpt>
      <trkpt lat="38.451620" lon="-2.467410">
        <ele>1020.1</ele>
      </trkpt>
      <trkpt lat="38.451675" lon="-2.467375">
        <ele>1021.4</ele>
      </trkpt>
      <trkpt lat="38.451730" lon="-2.467340">
        <ele>1022.3</ele>
      </trkpt>
      <trkpt lat="38.451790" lon="-2.467320">
        <ele>1023.2</ele>
      </trkpt>
      <trkpt lat="38.451855" lon="-2.467315">
        <ele>1023.8</ele>
      </trkpt>
      <trkpt lat="38.451920" lon="-2.467310">
        <ele>1024.4</ele>
      </trkpt>
      <trkpt lat="38.451970" lon="-2.467330">
        <ele>1025.3</ele>
      </trkpt>
      <trkpt lat="38.452020" lon="-2.467350">
        <ele>1026.3</ele>
      </trkpt>
      <trkpt lat="38.452083" lon="-2.467388">
        <ele>1027.5</ele>
      </trkpt>
      <trkpt lat="38.452146" lon="-2.467425">
        <ele>1028.1</ele>
      </trkpt>
      <trkpt lat="38.452209" lon="-2.467463">
        <ele>1028.2</ele>
      </trkpt>
      <trkpt lat="38.452272" lon="-2.467500">
        <ele>1028.1</ele>
      </trkpt>
      <trkpt lat="38.452336" lon="-2.467538">
        <ele>1028.4</ele>
      </trkpt>
      <trkpt lat="38.452399" lon="-2.467575">
        <ele>1028.9</ele>
      </trkpt>
      <trkpt lat="38.452462" lon="-2.467612">
        <ele>1029.6</ele>
      </trkpt>
      <trkpt lat="38.452525" lon="-2.467650">
        <ele>1030.5</ele>
      </trkpt>
      <trkpt lat="38.452588" lon="-2.467687">
        <ele>1031.3</ele>
      </trkpt>
      <trkpt lat="38.452651" lon="-2.467725">
        <ele>1031.3</ele>
      </trkpt>
      <trkpt lat="38.452714" lon="-2.467763">
        <ele>1030.8</ele>
      </trkpt>
      <trkpt lat="38.452777" lon="-2.467800">
        <ele>1030.3</ele>
      </trkpt>
      <trkpt lat="38.452841" lon="-2.467837">
        <ele>1031.6</ele>
      </trkpt>
      <trkpt lat="38.452904" lon="-2.467875">
        <ele>1032.8</ele>
      </trkpt>
      <trkpt lat="38.452967" lon="-2.467913">
        <ele>1034.1</ele>
      </trkpt>
      <trkpt lat="38.453030" lon="-2.467950">
        <ele>1035.6</ele>
      </trkpt>
      <trkpt lat="38.453077" lon="-2.467977">
        <ele>1035.9</ele>
      </trkpt>
      <trkpt lat="38.453125" lon="-2.468005">
        <ele>1035.7</ele>
      </trkpt>
      <trkpt lat="38.453173" lon="-2.468032">
        <ele>1035.2</ele>
      </trkpt>
      <trkpt lat="38.453220" lon="-2.468060">
        <ele>1034.8</ele>
      </trkpt>
      <trkpt lat="38.453275" lon="-2.468085">
        <ele>1035.3</ele>
      </trkpt>
      <trkpt lat="38.453330" lon="-2.468110">
        <ele>1036</ele>
      </trkpt>
      <trkpt lat="38.453380" lon="-2.468125">
        <ele>1036.3</ele>
      </trkpt>
      <trkpt lat="38.453430" lon="-2.468140">
        <ele>1036.7</ele>
      </trkpt>
      <trkpt lat="38.453500" lon="-2.468120">
        <ele>1037.2</ele>
      </trkpt>
      <trkpt lat="38.453570" lon="-2.468100">
        <ele>1037.7</ele>
      </trkpt>
      <trkpt lat="38.453615" lon="-2.468080">
        <ele>1037.9</ele>
      </trkpt>
      <trkpt lat="38.453660" lon="-2.468060">
        <ele>1037.5</ele>
      </trkpt>
      <trkpt lat="38.453705" lon="-2.468015">
        <ele>1038.3</ele>
      </trkpt>
      <trkpt lat="38.453750" lon="-2.467970">
        <ele>1039</ele>
      </trkpt>
      <trkpt lat="38.453805" lon="-2.467885">
        <ele>1039.8</ele>
      </trkpt>
      <trkpt lat="38.453860" lon="-2.467800">
        <ele>1039.7</ele>
      </trkpt>
      <trkpt lat="38.453890" lon="-2.467741">
        <ele>1039.1</ele>
      </trkpt>
      <trkpt lat="38.453920" lon="-2.467681">
        <ele>1038.3</ele>
      </trkpt>
      <trkpt lat="38.453950" lon="-2.467622">
        <ele>1037.8</ele>
      </trkpt>
      <trkpt lat="38.453980" lon="-2.467562">
        <ele>1037.6</ele>
      </trkpt>
      <trkpt lat="38.454010" lon="-2.467503">
        <ele>1037.8</ele>
      </trkpt>
      <trkpt lat="38.454040" lon="-2.467444">
        <ele>1039.2</ele>
      </trkpt>
      <trkpt lat="38.454070" lon="-2.467384">
        <ele>1040.4</ele>
      </trkpt>
      <trkpt lat="38.454100" lon="-2.467325">
        <ele>1041.2</ele>
      </trkpt>
      <trkpt lat="38.454130" lon="-2.467266">
        <ele>1041.6</ele>
      </trkpt>
      <trkpt lat="38.454160" lon="-2.467206">
        <ele>1041.6</ele>
      </trkpt>
      <trkpt lat="38.454190" lon="-2.467147">
        <ele>1041.5</ele>
      </trkpt>
      <trkpt lat="38.454220" lon="-2.467087">
        <ele>1041.7</ele>
      </trkpt>
      <trkpt lat="38.454250" lon="-2.467028">
        <ele>1042.2</ele>
      </trkpt>
      <trkpt lat="38.454280" lon="-2.466969">
        <ele>1042.9</ele>
      </trkpt>
      <trkpt lat="38.454310" lon="-2.466909">
        <ele>1043.7</ele>
      </trkpt>
      <trkpt lat="38.454340" lon="-2.466850">
        <ele>1044.2</ele>
      </trkpt>
      <trkpt lat="38.454373" lon="-2.466788">
        <ele>1043.8</ele>
      </trkpt>
      <trkpt lat="38.454405" lon="-2.466725">
        <ele>1043.3</ele>
      </trkpt>
      <trkpt lat="38.454437" lon="-2.466662">
        <ele>1042.4</ele>
      </trkpt>
      <trkpt lat="38.454470" lon="-2.466600">
        <ele>1041.4</ele>
      </trkpt>
      <trkpt lat="38.454525" lon="-2.466530">
        <ele>1040.9</ele>
      </trkpt>
      <trkpt lat="38.454580" lon="-2.466460">
        <ele>1041.2</ele>
      </trkpt>
      <trkpt lat="38.454645" lon="-2.466420">
        <ele>1041.4</ele>
      </trkpt>
      <trkpt lat="38.454710" lon="-2.466380">
        <ele>1042.7</ele>
      </trkpt>
      <trkpt lat="38.454765" lon="-2.466365">
        <ele>1043</ele>
      </trkpt>
      <trkpt lat="38.454820" lon="-2.466350">
        <ele>1043.6</ele>
      </trkpt>
      <trkpt lat="38.454867" lon="-2.466350">
        <ele>1043.3</ele>
      </trkpt>
      <trkpt lat="38.454915" lon="-2.466350">
        <ele>1043.1</ele>
      </trkpt>
      <trkpt lat="38.454963" lon="-2.466350">
        <ele>1042.9</ele>
      </trkpt>
      <trkpt lat="38.455010" lon="-2.466350">
        <ele>1042.8</ele>
      </trkpt>
      <trkpt lat="38.455083" lon="-2.466353">
        <ele>1042.6</ele>
      </trkpt>
      <trkpt lat="38.455155" lon="-2.466355">
        <ele>1042.6</ele>
      </trkpt>
      <trkpt lat="38.455228" lon="-2.466357">
        <ele>1042.6</ele>
      </trkpt>
      <trkpt lat="38.455300" lon="-2.466360">
        <ele>1042.7</ele>
      </trkpt>
      <trkpt lat="38.455358" lon="-2.466368">
        <ele>1042.1</ele>
      </trkpt>
      <trkpt lat="38.455415" lon="-2.466375">
        <ele>1041.7</ele>
      </trkpt>
      <trkpt lat="38.455472" lon="-2.466382">
        <ele>1041.4</ele>
      </trkpt>
      <trkpt lat="38.455530" lon="-2.466390">
        <ele>1040.9</ele>
      </trkpt>
      <trkpt lat="38.455575" lon="-2.466410">
        <ele>1040.7</ele>
      </trkpt>
      <trkpt lat="38.455620" lon="-2.466430">
        <ele>1041.1</ele>
      </trkpt>
      <trkpt lat="38.455685" lon="-2.466480">
        <ele>1040.9</ele>
      </trkpt>
      <trkpt lat="38.455750" lon="-2.466530">
        <ele>1041.2</ele>
      </trkpt>
      <trkpt lat="38.455790" lon="-2.466590">
        <ele>1041.2</ele>
      </trkpt>
      <trkpt lat="38.455850" lon="-2.466675">
        <ele>1041.3</ele>
      </trkpt>
      <trkpt lat="38.455910" lon="-2.466760">
        <ele>1040.6</ele>
      </trkpt>
      <trkpt lat="38.455980" lon="-2.466825">
        <ele>1040.6</ele>
      </trkpt>
      <trkpt lat="38.456050" lon="-2.466890">
        <ele>1040.3</ele>
      </trkpt>
      <trkpt lat="38.456070" lon="-2.466900">
        <ele>1040.6</ele>
      </trkpt>
      <trkpt lat="38.456140" lon="-2.466940">
        <ele>1040.6</ele>
      </trkpt>
      <trkpt lat="38.456195" lon="-2.466958">
        <ele>1040.5</ele>
      </trkpt>
      <trkpt lat="38.456250" lon="-2.466975">
        <ele>1040.5</ele>
      </trkpt>
      <trkpt lat="38.456305" lon="-2.466992">
        <ele>1040.6</ele>
      </trkpt>
      <trkpt lat="38.456360" lon="-2.467010">
        <ele>1040.6</ele>
      </trkpt>
      <trkpt lat="38.456425" lon="-2.467020">
        <ele>1040.5</ele>
      </trkpt>
      <trkpt lat="38.456490" lon="-2.467030">
        <ele>1040.2</ele>
      </trkpt>
      <trkpt lat="38.456565" lon="-2.467030">
        <ele>1040</ele>
      </trkpt>
      <trkpt lat="38.456640" lon="-2.467030">
        <ele>1040</ele>
      </trkpt>
      <trkpt lat="38.456695" lon="-2.467010">
        <ele>1040.2</ele>
      </trkpt>
      <trkpt lat="38.456750" lon="-2.466990">
        <ele>1040.4</ele>
      </trkpt>
      <trkpt lat="38.456830" lon="-2.466955">
        <ele>1040.6</ele>
      </trkpt>
      <trkpt lat="38.456910" lon="-2.466920">
        <ele>1040.5</ele>
      </trkpt>
      <trkpt lat="38.456968" lon="-2.466893">
        <ele>1040.5</ele>
      </trkpt>
      <trkpt lat="38.457025" lon="-2.466865">
        <ele>1040.6</ele>
      </trkpt>
      <trkpt lat="38.457082" lon="-2.466838">
        <ele>1040.7</ele>
      </trkpt>
      <trkpt lat="38.457140" lon="-2.466810">
        <ele>1040.8</ele>
      </trkpt>
      <trkpt lat="38.457215" lon="-2.466790">
        <ele>1040.7</ele>
      </trkpt>
      <trkpt lat="38.457290" lon="-2.466770">
        <ele>1041.1</ele>
      </trkpt>
      <trkpt lat="38.457355" lon="-2.466760">
        <ele>1041.5</ele>
      </trkpt>
      <trkpt lat="38.457420" lon="-2.466750">
        <ele>1041.8</ele>
      </trkpt>
      <trkpt lat="38.457460" lon="-2.466760">
        <ele>1041.8</ele>
      </trkpt>
      <trkpt lat="38.457545" lon="-2.466790">
        <ele>1042.9</ele>
      </trkpt>
      <trkpt lat="38.457630" lon="-2.466820">
        <ele>1044.4</ele>
      </trkpt>
      <trkpt lat="38.457678" lon="-2.466837">
        <ele>1045.2</ele>
      </trkpt>
      <trkpt lat="38.457725" lon="-2.466855">
        <ele>1045.8</ele>
      </trkpt>
      <trkpt lat="38.457772" lon="-2.466873">
        <ele>1046.2</ele>
      </trkpt>
      <trkpt lat="38.457820" lon="-2.466890">
        <ele>1046</ele>
      </trkpt>
      <trkpt lat="38.457890" lon="-2.466905">
        <ele>1046.2</ele>
      </trkpt>
      <trkpt lat="38.457960" lon="-2.466920">
        <ele>1046.2</ele>
      </trkpt>
      <trkpt lat="38.458010" lon="-2.466925">
        <ele>1046.4</ele>
      </trkpt>
      <trkpt lat="38.458060" lon="-2.466930">
        <ele>1046.6</ele>
      </trkpt>
      <trkpt lat="38.458140" lon="-2.466910">
        <ele>1046.8</ele>
      </trkpt>
      <trkpt lat="38.458220" lon="-2.466890">
        <ele>1046.9</ele>
      </trkpt>
      <trkpt lat="38.458275" lon="-2.466850">
        <ele>1047.3</ele>
      </trkpt>
      <trkpt lat="38.458330" lon="-2.466810">
        <ele>1047.4</ele>
      </trkpt>
      <trkpt lat="38.458400" lon="-2.466750">
        <ele>1047.9</ele>
      </trkpt>
      <trkpt lat="38.458470" lon="-2.466690">
        <ele>1048.7</ele>
      </trkpt>
      <trkpt lat="38.458530" lon="-2.466615">
        <ele>1049.6</ele>
      </trkpt>
      <trkpt lat="38.458590" lon="-2.466540">
        <ele>1049.4</ele>
      </trkpt>
      <trkpt lat="38.458650" lon="-2.466465">
        <ele>1049.3</ele>
      </trkpt>
      <trkpt lat="38.458710" lon="-2.466390">
        <ele>1050</ele>
      </trkpt>
      <trkpt lat="38.458765" lon="-2.466333">
        <ele>1051</ele>
      </trkpt>
      <trkpt lat="38.458820" lon="-2.466275">
        <ele>1051.6</ele>
      </trkpt>
      <trkpt lat="38.458875" lon="-2.466217">
        <ele>1052</ele>
      </trkpt>
      <trkpt lat="38.458930" lon="-2.466160">
        <ele>1052.3</ele>
      </trkpt>
      <trkpt lat="38.458985" lon="-2.466120">
        <ele>1052.5</ele>
      </trkpt>
      <trkpt lat="38.459040" lon="-2.466080">
        <ele>1053.5</ele>
      </trkpt>
      <trkpt lat="38.459095" lon="-2.466055">
        <ele>1053.7</ele>
      </trkpt>
      <trkpt lat="38.459150" lon="-2.466030">
        <ele>1053.9</ele>
      </trkpt>
      <trkpt lat="38.459205" lon="-2.466005">
        <ele>1054.2</ele>
      </trkpt>
      <trkpt lat="38.459260" lon="-2.465980">
        <ele>1054.5</ele>
      </trkpt>
      <trkpt lat="38.459315" lon="-2.465955">
        <ele>1054.7</ele>
      </trkpt>
      <trkpt lat="38.459370" lon="-2.465930">
        <ele>1054.7</ele>
      </trkpt>
      <trkpt lat="38.459425" lon="-2.465905">
        <ele>1054.6</ele>
      </trkpt>
      <trkpt lat="38.459480" lon="-2.465880">
        <ele>1054.8</ele>
      </trkpt>
      <trkpt lat="38.459561" lon="-2.465842">
        <ele>1055.4</ele>
      </trkpt>
      <trkpt lat="38.459643" lon="-2.465805">
        <ele>1056.3</ele>
      </trkpt>
      <trkpt lat="38.459724" lon="-2.465767">
        <ele>1057.2</ele>
      </trkpt>
      <trkpt lat="38.459805" lon="-2.465730">
        <ele>1057.8</ele>
      </trkpt>
      <trkpt lat="38.459886" lon="-2.465692">
        <ele>1058.2</ele>
      </trkpt>
      <trkpt lat="38.459968" lon="-2.465655">
        <ele>1058.4</ele>
      </trkpt>
      <trkpt lat="38.460049" lon="-2.465618">
        <ele>1058.6</ele>
      </trkpt>
      <trkpt lat="38.460130" lon="-2.465580">
        <ele>1058.9</ele>
      </trkpt>
      <trkpt lat="38.460181" lon="-2.465558">
        <ele>1059</ele>
      </trkpt>
      <trkpt lat="38.460231" lon="-2.465535">
        <ele>1059.8</ele>
      </trkpt>
      <trkpt lat="38.460282" lon="-2.465512">
        <ele>1060.7</ele>
      </trkpt>
      <trkpt lat="38.460332" lon="-2.465490">
        <ele>1061.5</ele>
      </trkpt>
      <trkpt lat="38.460383" lon="-2.465467">
        <ele>1062</ele>
      </trkpt>
      <trkpt lat="38.460434" lon="-2.465445">
        <ele>1062.4</ele>
      </trkpt>
      <trkpt lat="38.460484" lon="-2.465422">
        <ele>1062.5</ele>
      </trkpt>
      <trkpt lat="38.460535" lon="-2.465400">
        <ele>1062.5</ele>
      </trkpt>
      <trkpt lat="38.460586" lon="-2.465377">
        <ele>1062.5</ele>
      </trkpt>
      <trkpt lat="38.460636" lon="-2.465355">
        <ele>1062.6</ele>
      </trkpt>
      <trkpt lat="38.460687" lon="-2.465332">
        <ele>1062.5</ele>
      </trkpt>
      <trkpt lat="38.460738" lon="-2.465310">
        <ele>1062.5</ele>
      </trkpt>
      <trkpt lat="38.460788" lon="-2.465287">
        <ele>1062.3</ele>
      </trkpt>
      <trkpt lat="38.460839" lon="-2.465265">
        <ele>1062.3</ele>
      </trkpt>
      <trkpt lat="38.460889" lon="-2.465242">
        <ele>1062.9</ele>
      </trkpt>
      <trkpt lat="38.460940" lon="-2.465220">
        <ele>1063.4</ele>
      </trkpt>
      <trkpt lat="38.460985" lon="-2.465197">
        <ele>1063.8</ele>
      </trkpt>
      <trkpt lat="38.461030" lon="-2.465175">
        <ele>1064.1</ele>
      </trkpt>
      <trkpt lat="38.461075" lon="-2.465152">
        <ele>1064.4</ele>
      </trkpt>
      <trkpt lat="38.461120" lon="-2.465130">
        <ele>1064.6</ele>
      </trkpt>
      <trkpt lat="38.461167" lon="-2.465108">
        <ele>1064.8</ele>
      </trkpt>
      <trkpt lat="38.461214" lon="-2.465086">
        <ele>1064.9</ele>
      </trkpt>
      <trkpt lat="38.461261" lon="-2.465064">
        <ele>1065</ele>
      </trkpt>
      <trkpt lat="38.461308" lon="-2.465043">
        <ele>1065</ele>
      </trkpt>
      <trkpt lat="38.461354" lon="-2.465021">
        <ele>1065</ele>
      </trkpt>
      <trkpt lat="38.461401" lon="-2.464999">
        <ele>1065.1</ele>
      </trkpt>
      <trkpt lat="38.461448" lon="-2.464977">
        <ele>1066.2</ele>
      </trkpt>
      <trkpt lat="38.461495" lon="-2.464955">
        <ele>1067.2</ele>
      </trkpt>
      <trkpt lat="38.461542" lon="-2.464933">
        <ele>1068</ele>
      </trkpt>
      <trkpt lat="38.461589" lon="-2.464911">
        <ele>1068.6</ele>
      </trkpt>
      <trkpt lat="38.461636" lon="-2.464889">
        <ele>1069</ele>
      </trkpt>
      <trkpt lat="38.461682" lon="-2.464867">
        <ele>1069.1</ele>
      </trkpt>
      <trkpt lat="38.461729" lon="-2.464846">
        <ele>1069</ele>
      </trkpt>
      <trkpt lat="38.461776" lon="-2.464824">
        <ele>1068.9</ele>
      </trkpt>
      <trkpt lat="38.461823" lon="-2.464802">
        <ele>1068.7</ele>
      </trkpt>
      <trkpt lat="38.461870" lon="-2.464780">
        <ele>1068.6</ele>
      </trkpt>
      <trkpt lat="38.461916" lon="-2.464760">
        <ele>1068.5</ele>
      </trkpt>
      <trkpt lat="38.461962" lon="-2.464740">
        <ele>1068.5</ele>
      </trkpt>
      <trkpt lat="38.462009" lon="-2.464720">
        <ele>1068.9</ele>
      </trkpt>
      <trkpt lat="38.462055" lon="-2.464700">
        <ele>1069.4</ele>
      </trkpt>
      <trkpt lat="38.462101" lon="-2.464680">
        <ele>1069.9</ele>
      </trkpt>
      <trkpt lat="38.462148" lon="-2.464660">
        <ele>1070.2</ele>
      </trkpt>
      <trkpt lat="38.462194" lon="-2.464640">
        <ele>1070.6</ele>
      </trkpt>
      <trkpt lat="38.462240" lon="-2.464620">
        <ele>1070.9</ele>
      </trkpt>
      <trkpt lat="38.462315" lon="-2.464575">
        <ele>1071.2</ele>
      </trkpt>
      <trkpt lat="38.462390" lon="-2.464530">
        <ele>1071.5</ele>
      </trkpt>
      <trkpt lat="38.462450" lon="-2.464480">
        <ele>1071.9</ele>
      </trkpt>
      <trkpt lat="38.462510" lon="-2.464430">
        <ele>1072.2</ele>
      </trkpt>
      <trkpt lat="38.462580" lon="-2.464360">
        <ele>1073.1</ele>
      </trkpt>
      <trkpt lat="38.462635" lon="-2.464295">
        <ele>1073.9</ele>
      </trkpt>
      <trkpt lat="38.462690" lon="-2.464230">
        <ele>1074.6</ele>
      </trkpt>
      <trkpt lat="38.462727" lon="-2.464171">
        <ele>1075.3</ele>
      </trkpt>
      <trkpt lat="38.462765" lon="-2.464113">
        <ele>1075.2</ele>
      </trkpt>
      <trkpt lat="38.462803" lon="-2.464054">
        <ele>1075.2</ele>
      </trkpt>
      <trkpt lat="38.462840" lon="-2.463995">
        <ele>1075.6</ele>
      </trkpt>
      <trkpt lat="38.462877" lon="-2.463936">
        <ele>1076.1</ele>
      </trkpt>
      <trkpt lat="38.462915" lon="-2.463878">
        <ele>1076.7</ele>
      </trkpt>
      <trkpt lat="38.462953" lon="-2.463819">
        <ele>1077.2</ele>
      </trkpt>
      <trkpt lat="38.462990" lon="-2.463760">
        <ele>1077.6</ele>
      </trkpt>
      <trkpt lat="38.463035" lon="-2.463693">
        <ele>1077.5</ele>
      </trkpt>
      <trkpt lat="38.463080" lon="-2.463625">
        <ele>1077.8</ele>
      </trkpt>
      <trkpt lat="38.463125" lon="-2.463558">
        <ele>1079.2</ele>
      </trkpt>
      <trkpt lat="38.463170" lon="-2.463490">
        <ele>1080.5</ele>
      </trkpt>
      <trkpt lat="38.463210" lon="-2.463440">
        <ele>1080.9</ele>
      </trkpt>
      <trkpt lat="38.463250" lon="-2.463390">
        <ele>1081</ele>
      </trkpt>
      <trkpt lat="38.463305" lon="-2.463350">
        <ele>1080.5</ele>
      </trkpt>
      <trkpt lat="38.463360" lon="-2.463310">
        <ele>1080.7</ele>
      </trkpt>
      <trkpt lat="38.463410" lon="-2.463285">
        <ele>1081.5</ele>
      </trkpt>
      <trkpt lat="38.463460" lon="-2.463260">
        <ele>1082</ele>
      </trkpt>
      <trkpt lat="38.463535" lon="-2.463245">
        <ele>1082</ele>
      </trkpt>
      <trkpt lat="38.463610" lon="-2.463230">
        <ele>1082</ele>
      </trkpt>
      <trkpt lat="38.463695" lon="-2.463200">
        <ele>1083.3</ele>
      </trkpt>
      <trkpt lat="38.463780" lon="-2.463170">
        <ele>1084.5</ele>
      </trkpt>
      <trkpt lat="38.463840" lon="-2.463145">
        <ele>1085.3</ele>
      </trkpt>
      <trkpt lat="38.463900" lon="-2.463120">
        <ele>1085.8</ele>
      </trkpt>
      <trkpt lat="38.463940" lon="-2.463085">
        <ele>1086.1</ele>
      </trkpt>
      <trkpt lat="38.463980" lon="-2.463050">
        <ele>1086.4</ele>
      </trkpt>
      <trkpt lat="38.464030" lon="-2.463000">
        <ele>1087.4</ele>
      </trkpt>
      <trkpt lat="38.464080" lon="-2.462950">
        <ele>1088</ele>
      </trkpt>
      <trkpt lat="38.464125" lon="-2.462891">
        <ele>1088.5</ele>
      </trkpt>
      <trkpt lat="38.464170" lon="-2.462833">
        <ele>1088.6</ele>
      </trkpt>
      <trkpt lat="38.464215" lon="-2.462774">
        <ele>1089</ele>
      </trkpt>
      <trkpt lat="38.464260" lon="-2.462715">
        <ele>1090.6</ele>
      </trkpt>
      <trkpt lat="38.464305" lon="-2.462656">
        <ele>1091.8</ele>
      </trkpt>
      <trkpt lat="38.464350" lon="-2.462598">
        <ele>1092.5</ele>
      </trkpt>
      <trkpt lat="38.464395" lon="-2.462539">
        <ele>1092.7</ele>
      </trkpt>
      <trkpt lat="38.464440" lon="-2.462480">
        <ele>1092.7</ele>
      </trkpt>
      <trkpt lat="38.464472" lon="-2.462438">
        <ele>1093.3</ele>
      </trkpt>
      <trkpt lat="38.464505" lon="-2.462395">
        <ele>1094</ele>
      </trkpt>
      <trkpt lat="38.464538" lon="-2.462352">
        <ele>1094.5</ele>
      </trkpt>
      <trkpt lat="38.464570" lon="-2.462310">
        <ele>1095</ele>
      </trkpt>
      <trkpt lat="38.464602" lon="-2.462268">
        <ele>1095.3</ele>
      </trkpt>
      <trkpt lat="38.464635" lon="-2.462225">
        <ele>1095.5</ele>
      </trkpt>
      <trkpt lat="38.464668" lon="-2.462182">
        <ele>1095.8</ele>
      </trkpt>
      <trkpt lat="38.464700" lon="-2.462140">
        <ele>1095.9</ele>
      </trkpt>
      <trkpt lat="38.464731" lon="-2.462096">
        <ele>1096.2</ele>
      </trkpt>
      <trkpt lat="38.464763" lon="-2.462053">
        <ele>1096.8</ele>
      </trkpt>
      <trkpt lat="38.464794" lon="-2.462009">
        <ele>1097.3</ele>
      </trkpt>
      <trkpt lat="38.464825" lon="-2.461965">
        <ele>1097.9</ele>
      </trkpt>
      <trkpt lat="38.464856" lon="-2.461921">
        <ele>1098.4</ele>
      </trkpt>
      <trkpt lat="38.464888" lon="-2.461877">
        <ele>1098.7</ele>
      </trkpt>
      <trkpt lat="38.464919" lon="-2.461834">
        <ele>1098.8</ele>
      </trkpt>
      <trkpt lat="38.464950" lon="-2.461790">
        <ele>1098.9</ele>
      </trkpt>
      <trkpt lat="38.464987" lon="-2.461725">
        <ele>1098.8</ele>
      </trkpt>
      <trkpt lat="38.465025" lon="-2.461660">
        <ele>1098.7</ele>
      </trkpt>
      <trkpt lat="38.465063" lon="-2.461595">
        <ele>1098.8</ele>
      </trkpt>
      <trkpt lat="38.465100" lon="-2.461530">
        <ele>1099.2</ele>
      </trkpt>
      <trkpt lat="38.465140" lon="-2.461470">
        <ele>1099.5</ele>
      </trkpt>
      <trkpt lat="38.465180" lon="-2.461410">
        <ele>1100.1</ele>
      </trkpt>
      <trkpt lat="38.465220" lon="-2.461350">
        <ele>1100.7</ele>
      </trkpt>
      <trkpt lat="38.465260" lon="-2.461290">
        <ele>1101.2</ele>
      </trkpt>
      <trkpt lat="38.465302" lon="-2.461242">
        <ele>1101.5</ele>
      </trkpt>
      <trkpt lat="38.465345" lon="-2.461195">
        <ele>1101.9</ele>
      </trkpt>
      <trkpt lat="38.465387" lon="-2.461148">
        <ele>1102.3</ele>
      </trkpt>
      <trkpt lat="38.465430" lon="-2.461100">
        <ele>1102.6</ele>
      </trkpt>
      <trkpt lat="38.465485" lon="-2.461040">
        <ele>1103</ele>
      </trkpt>
      <trkpt lat="38.465540" lon="-2.460980">
        <ele>1103.1</ele>
      </trkpt>
      <trkpt lat="38.465595" lon="-2.460920">
        <ele>1103.7</ele>
      </trkpt>
      <trkpt lat="38.465650" lon="-2.460860">
        <ele>1105.1</ele>
      </trkpt>
      <trkpt lat="38.465690" lon="-2.460815">
        <ele>1106.1</ele>
      </trkpt>
      <trkpt lat="38.465730" lon="-2.460770">
        <ele>1107.1</ele>
      </trkpt>
      <trkpt lat="38.465770" lon="-2.460725">
        <ele>1107.8</ele>
      </trkpt>
      <trkpt lat="38.465810" lon="-2.460680">
        <ele>1108.4</ele>
      </trkpt>
      <trkpt lat="38.465865" lon="-2.460600">
        <ele>1109</ele>
      </trkpt>
      <trkpt lat="38.465920" lon="-2.460520">
        <ele>1110</ele>
      </trkpt>
      <trkpt lat="38.465950" lon="-2.460465">
        <ele>1110.9</ele>
      </trkpt>
      <trkpt lat="38.465980" lon="-2.460410">
        <ele>1111.6</ele>
      </trkpt>
      <trkpt lat="38.466010" lon="-2.460355">
        <ele>1112.2</ele>
      </trkpt>
      <trkpt lat="38.466040" lon="-2.460300">
        <ele>1112.8</ele>
      </trkpt>
      <trkpt lat="38.466065" lon="-2.460243">
        <ele>1113.1</ele>
      </trkpt>
      <trkpt lat="38.466090" lon="-2.460185">
        <ele>1113.2</ele>
      </trkpt>
      <trkpt lat="38.466115" lon="-2.460128">
        <ele>1113</ele>
      </trkpt>
      <trkpt lat="38.466140" lon="-2.460070">
        <ele>1112.9</ele>
      </trkpt>
      <trkpt lat="38.466158" lon="-2.460002">
        <ele>1113</ele>
      </trkpt>
      <trkpt lat="38.466175" lon="-2.459935">
        <ele>1114.7</ele>
      </trkpt>
      <trkpt lat="38.466192" lon="-2.459867">
        <ele>1116.3</ele>
      </trkpt>
      <trkpt lat="38.466210" lon="-2.459800">
        <ele>1117.6</ele>
      </trkpt>
      <trkpt lat="38.466230" lon="-2.459705">
        <ele>1119.5</ele>
      </trkpt>
      <trkpt lat="38.466250" lon="-2.459610">
        <ele>1120</ele>
      </trkpt>
      <trkpt lat="38.466270" lon="-2.459515">
        <ele>1120.4</ele>
      </trkpt>
      <trkpt lat="38.466290" lon="-2.459420">
        <ele>1120.4</ele>
      </trkpt>
      <trkpt lat="38.466310" lon="-2.459333">
        <ele>1120.2</ele>
      </trkpt>
      <trkpt lat="38.466330" lon="-2.459245">
        <ele>1119.9</ele>
      </trkpt>
      <trkpt lat="38.466350" lon="-2.459157">
        <ele>1119.8</ele>
      </trkpt>
      <trkpt lat="38.466370" lon="-2.459070">
        <ele>1120.1</ele>
      </trkpt>
      <trkpt lat="38.466400" lon="-2.458980">
        <ele>1120.3</ele>
      </trkpt>
      <trkpt lat="38.466430" lon="-2.458890">
        <ele>1120.7</ele>
      </trkpt>
      <trkpt lat="38.466460" lon="-2.458815">
        <ele>1121.3</ele>
      </trkpt>
      <trkpt lat="38.466490" lon="-2.458740">
        <ele>1121.9</ele>
      </trkpt>
      <trkpt lat="38.466540" lon="-2.458665">
        <ele>1122.3</ele>
      </trkpt>
      <trkpt lat="38.466590" lon="-2.458590">
        <ele>1122.9</ele>
      </trkpt>
      <trkpt lat="38.466655" lon="-2.458520">
        <ele>1123.1</ele>
      </trkpt>
      <trkpt lat="38.466720" lon="-2.458450">
        <ele>1124.2</ele>
      </trkpt>
      <trkpt lat="38.466757" lon="-2.458413">
        <ele>1124.7</ele>
      </trkpt>
      <trkpt lat="38.466795" lon="-2.458375">
        <ele>1125</ele>
      </trkpt>
      <trkpt lat="38.466833" lon="-2.458337">
        <ele>1125</ele>
      </trkpt>
      <trkpt lat="38.466870" lon="-2.458300">
        <ele>1125.5</ele>
      </trkpt>
      <trkpt lat="38.466938" lon="-2.458242">
        <ele>1126.3</ele>
      </trkpt>
      <trkpt lat="38.467005" lon="-2.458185">
        <ele>1127.5</ele>
      </trkpt>
      <trkpt lat="38.467073" lon="-2.458128">
        <ele>1128.2</ele>
      </trkpt>
      <trkpt lat="38.467140" lon="-2.458070">
        <ele>1128.3</ele>
      </trkpt>
      <trkpt lat="38.467193" lon="-2.458020">
        <ele>1128.5</ele>
      </trkpt>
      <trkpt lat="38.467245" lon="-2.457970">
        <ele>1129.3</ele>
      </trkpt>
      <trkpt lat="38.467298" lon="-2.457920">
        <ele>1130.3</ele>
      </trkpt>
      <trkpt lat="38.467350" lon="-2.457870">
        <ele>1131</ele>
      </trkpt>
      <trkpt lat="38.467390" lon="-2.457820">
        <ele>1131.1</ele>
      </trkpt>
      <trkpt lat="38.467430" lon="-2.457770">
        <ele>1131</ele>
      </trkpt>
      <trkpt lat="38.467465" lon="-2.457710">
        <ele>1131.1</ele>
      </trkpt>
      <trkpt lat="38.467500" lon="-2.457650">
        <ele>1131</ele>
      </trkpt>
      <trkpt lat="38.467520" lon="-2.457590">
        <ele>1131.3</ele>
      </trkpt>
      <trkpt lat="38.467540" lon="-2.457530">
        <ele>1131.5</ele>
      </trkpt>
      <trkpt lat="38.467555" lon="-2.457460">
        <ele>1132.1</ele>
      </trkpt>
      <trkpt lat="38.467570" lon="-2.457390">
        <ele>1133</ele>
      </trkpt>
      <trkpt lat="38.467585" lon="-2.457325">
        <ele>1133.5</ele>
      </trkpt>
      <trkpt lat="38.467600" lon="-2.457260">
        <ele>1134.1</ele>
      </trkpt>
      <trkpt lat="38.467615" lon="-2.457195">
        <ele>1134.6</ele>
      </trkpt>
      <trkpt lat="38.467630" lon="-2.457130">
        <ele>1135.1</ele>
      </trkpt>
      <trkpt lat="38.467642" lon="-2.457070">
        <ele>1135.6</ele>
      </trkpt>
      <trkpt lat="38.467655" lon="-2.457010">
        <ele>1136</ele>
      </trkpt>
      <trkpt lat="38.467668" lon="-2.456950">
        <ele>1136.4</ele>
      </trkpt>
      <trkpt lat="38.467680" lon="-2.456890">
        <ele>1136.4</ele>
      </trkpt>
      <trkpt lat="38.467710" lon="-2.456800">
        <ele>1136.2</ele>
      </trkpt>
      <trkpt lat="38.467740" lon="-2.456710">
        <ele>1136.1</ele>
      </trkpt>
      <trkpt lat="38.467780" lon="-2.456620">
        <ele>1136</ele>
      </trkpt>
      <trkpt lat="38.467820" lon="-2.456530">
        <ele>1136</ele>
      </trkpt>
      <trkpt lat="38.467855" lon="-2.456455">
        <ele>1136</ele>
      </trkpt>
      <trkpt lat="38.467890" lon="-2.456380">
        <ele>1136</ele>
      </trkpt>
      <trkpt lat="38.467928" lon="-2.456302">
        <ele>1136</ele>
      </trkpt>
      <trkpt lat="38.467965" lon="-2.456225">
        <ele>1135.8</ele>
      </trkpt>
      <trkpt lat="38.468002" lon="-2.456148">
        <ele>1135.5</ele>
      </trkpt>
      <trkpt lat="38.468040" lon="-2.456070">
        <ele>1135.3</ele>
      </trkpt>
      <trkpt lat="38.468070" lon="-2.456020">
        <ele>1135.3</ele>
      </trkpt>
      <trkpt lat="38.468106" lon="-2.455942">
        <ele>1135.4</ele>
      </trkpt>
      <trkpt lat="38.468142" lon="-2.455865">
        <ele>1135.3</ele>
      </trkpt>
      <trkpt lat="38.468179" lon="-2.455788">
        <ele>1135.2</ele>
      </trkpt>
      <trkpt lat="38.468215" lon="-2.455710">
        <ele>1135</ele>
      </trkpt>
      <trkpt lat="38.468251" lon="-2.455633">
        <ele>1134.8</ele>
      </trkpt>
      <trkpt lat="38.468288" lon="-2.455555">
        <ele>1134.5</ele>
      </trkpt>
      <trkpt lat="38.468324" lon="-2.455477">
        <ele>1133.9</ele>
      </trkpt>
      <trkpt lat="38.468360" lon="-2.455400">
        <ele>1133.4</ele>
      </trkpt>
      <trkpt lat="38.468390" lon="-2.455328">
        <ele>1133</ele>
      </trkpt>
      <trkpt lat="38.468420" lon="-2.455255">
        <ele>1132.7</ele>
      </trkpt>
      <trkpt lat="38.468450" lon="-2.455183">
        <ele>1132.4</ele>
      </trkpt>
      <trkpt lat="38.468480" lon="-2.455110">
        <ele>1132.2</ele>
      </trkpt>
      <trkpt lat="38.468510" lon="-2.455037">
        <ele>1131.8</ele>
      </trkpt>
      <trkpt lat="38.468540" lon="-2.454965">
        <ele>1131.6</ele>
      </trkpt>
      <trkpt lat="38.468570" lon="-2.454892">
        <ele>1131.4</ele>
      </trkpt>
      <trkpt lat="38.468600" lon="-2.454820">
        <ele>1131.1</ele>
      </trkpt>
      <trkpt lat="38.468627" lon="-2.454755">
        <ele>1131.1</ele>
      </trkpt>
      <trkpt lat="38.468655" lon="-2.454690">
        <ele>1131.1</ele>
      </trkpt>
      <trkpt lat="38.468682" lon="-2.454625">
        <ele>1131.1</ele>
      </trkpt>
      <trkpt lat="38.468710" lon="-2.454560">
        <ele>1130.9</ele>
      </trkpt>
      <trkpt lat="38.468738" lon="-2.454495">
        <ele>1130.7</ele>
      </trkpt>
      <trkpt lat="38.468765" lon="-2.454430">
        <ele>1130.4</ele>
      </trkpt>
      <trkpt lat="38.468793" lon="-2.454365">
        <ele>1130.2</ele>
      </trkpt>
      <trkpt lat="38.468820" lon="-2.454300">
        <ele>1129.9</ele>
      </trkpt>
      <trkpt lat="38.468845" lon="-2.454235">
        <ele>1129.5</ele>
      </trkpt>
      <trkpt lat="38.468870" lon="-2.454170">
        <ele>1129.1</ele>
      </trkpt>
      <trkpt lat="38.468930" lon="-2.454095">
        <ele>1129.1</ele>
      </trkpt>
      <trkpt lat="38.468990" lon="-2.454020">
        <ele>1129</ele>
      </trkpt>
      <trkpt lat="38.469045" lon="-2.453950">
        <ele>1128.7</ele>
      </trkpt>
      <trkpt lat="38.469100" lon="-2.453880">
        <ele>1128.2</ele>
      </trkpt>
      <trkpt lat="38.469135" lon="-2.453832">
        <ele>1127.9</ele>
      </trkpt>
      <trkpt lat="38.469170" lon="-2.453785">
        <ele>1127.7</ele>
      </trkpt>
      <trkpt lat="38.469205" lon="-2.453737">
        <ele>1127.7</ele>
      </trkpt>
      <trkpt lat="38.469240" lon="-2.453690">
        <ele>1127.7</ele>
      </trkpt>
      <trkpt lat="38.469285" lon="-2.453635">
        <ele>1127.6</ele>
      </trkpt>
      <trkpt lat="38.469330" lon="-2.453580">
        <ele>1127.4</ele>
      </trkpt>
      <trkpt lat="38.469375" lon="-2.453525">
        <ele>1127.2</ele>
      </trkpt>
      <trkpt lat="38.469420" lon="-2.453470">
        <ele>1126.9</ele>
      </trkpt>
      <trkpt lat="38.469455" lon="-2.453410">
        <ele>1126.7</ele>
      </trkpt>
      <trkpt lat="38.469490" lon="-2.453350">
        <ele>1126.7</ele>
      </trkpt>
      <trkpt lat="38.469520" lon="-2.453280">
        <ele>1126.5</ele>
      </trkpt>
      <trkpt lat="38.469550" lon="-2.453210">
        <ele>1126.2</ele>
      </trkpt>
      <trkpt lat="38.469580" lon="-2.453130">
        <ele>1125.8</ele>
      </trkpt>
      <trkpt lat="38.469610" lon="-2.453050">
        <ele>1125.3</ele>
      </trkpt>
      <trkpt lat="38.469640" lon="-2.452970">
        <ele>1124.9</ele>
      </trkpt>
      <trkpt lat="38.469670" lon="-2.452890">
        <ele>1124.8</ele>
      </trkpt>
      <trkpt lat="38.469688" lon="-2.452834">
        <ele>1124.6</ele>
      </trkpt>
      <trkpt lat="38.469705" lon="-2.452777">
        <ele>1124.6</ele>
      </trkpt>
      <trkpt lat="38.469723" lon="-2.452721">
        <ele>1124.4</ele>
      </trkpt>
      <trkpt lat="38.469740" lon="-2.452665">
        <ele>1124.1</ele>
      </trkpt>
      <trkpt lat="38.469758" lon="-2.452609">
        <ele>1123.9</ele>
      </trkpt>
      <trkpt lat="38.469775" lon="-2.452553">
        <ele>1123.7</ele>
      </trkpt>
      <trkpt lat="38.469792" lon="-2.452496">
        <ele>1123.4</ele>
      </trkpt>
      <trkpt lat="38.469810" lon="-2.452440">
        <ele>1122.9</ele>
      </trkpt>
      <trkpt lat="38.469828" lon="-2.452373">
        <ele>1122.3</ele>
      </trkpt>
      <trkpt lat="38.469845" lon="-2.452305">
        <ele>1121.8</ele>
      </trkpt>
      <trkpt lat="38.469863" lon="-2.452237">
        <ele>1121.3</ele>
      </trkpt>
      <trkpt lat="38.469880" lon="-2.452170">
        <ele>1121</ele>
      </trkpt>
      <trkpt lat="38.469898" lon="-2.452103">
        <ele>1120.8</ele>
      </trkpt>
      <trkpt lat="38.469915" lon="-2.452035">
        <ele>1120.5</ele>
      </trkpt>
      <trkpt lat="38.469932" lon="-2.451968">
        <ele>1120.3</ele>
      </trkpt>
      <trkpt lat="38.469950" lon="-2.451900">
        <ele>1120.2</ele>
      </trkpt>
      <trkpt lat="38.469967" lon="-2.451826">
        <ele>1120.2</ele>
      </trkpt>
      <trkpt lat="38.469985" lon="-2.451753">
        <ele>1120.2</ele>
      </trkpt>
      <trkpt lat="38.470002" lon="-2.451679">
        <ele>1120.2</ele>
      </trkpt>
      <trkpt lat="38.470020" lon="-2.451605">
        <ele>1120</ele>
      </trkpt>
      <trkpt lat="38.470038" lon="-2.451531">
        <ele>1119.8</ele>
      </trkpt>
      <trkpt lat="38.470055" lon="-2.451458">
        <ele>1119.5</ele>
      </trkpt>
      <trkpt lat="38.470073" lon="-2.451384">
        <ele>1119.3</ele>
      </trkpt>
      <trkpt lat="38.470090" lon="-2.451310">
        <ele>1119.3</ele>
      </trkpt>
      <trkpt lat="38.470106" lon="-2.451243">
        <ele>1119.1</ele>
      </trkpt>
      <trkpt lat="38.470123" lon="-2.451175">
        <ele>1118.9</ele>
      </trkpt>
      <trkpt lat="38.470139" lon="-2.451107">
        <ele>1118.4</ele>
      </trkpt>
      <trkpt lat="38.470155" lon="-2.451040">
        <ele>1117.8</ele>
      </trkpt>
      <trkpt lat="38.470171" lon="-2.450972">
        <ele>1117.2</ele>
      </trkpt>
      <trkpt lat="38.470187" lon="-2.450905">
        <ele>1116.7</ele>
      </trkpt>
      <trkpt lat="38.470204" lon="-2.450837">
        <ele>1116.2</ele>
      </trkpt>
      <trkpt lat="38.470220" lon="-2.450770">
        <ele>1115.8</ele>
      </trkpt>
      <trkpt lat="38.470245" lon="-2.450660">
        <ele>1115.3</ele>
      </trkpt>
      <trkpt lat="38.470270" lon="-2.450550">
        <ele>1114.8</ele>
      </trkpt>
      <trkpt lat="38.470295" lon="-2.450440">
        <ele>1114.7</ele>
      </trkpt>
      <trkpt lat="38.470320" lon="-2.450330">
        <ele>1114.4</ele>
      </trkpt>
      <trkpt lat="38.470340" lon="-2.450273">
        <ele>1114.5</ele>
      </trkpt>
      <trkpt lat="38.470360" lon="-2.450215">
        <ele>1114.2</ele>
      </trkpt>
      <trkpt lat="38.470380" lon="-2.450157">
        <ele>1113.8</ele>
      </trkpt>
      <trkpt lat="38.470400" lon="-2.450100">
        <ele>1113.2</ele>
      </trkpt>
      <trkpt lat="38.470438" lon="-2.450007">
        <ele>1112.4</ele>
      </trkpt>
      <trkpt lat="38.470475" lon="-2.449915">
        <ele>1111.8</ele>
      </trkpt>
      <trkpt lat="38.470512" lon="-2.449822">
        <ele>1111.3</ele>
      </trkpt>
      <trkpt lat="38.470550" lon="-2.449730">
        <ele>1111</ele>
      </trkpt>
      <trkpt lat="38.470585" lon="-2.449650">
        <ele>1111</ele>
      </trkpt>
      <trkpt lat="38.470620" lon="-2.449570">
        <ele>1110.9</ele>
      </trkpt>
      <trkpt lat="38.470655" lon="-2.449490">
        <ele>1110.6</ele>
      </trkpt>
      <trkpt lat="38.470690" lon="-2.449410">
        <ele>1110</ele>
      </trkpt>
      <trkpt lat="38.470725" lon="-2.449330">
        <ele>1109.3</ele>
      </trkpt>
      <trkpt lat="38.470760" lon="-2.449250">
        <ele>1108.7</ele>
      </trkpt>
      <trkpt lat="38.470795" lon="-2.449170">
        <ele>1108.3</ele>
      </trkpt>
      <trkpt lat="38.470830" lon="-2.449090">
        <ele>1108.6</ele>
      </trkpt>
      <trkpt lat="38.470865" lon="-2.448987">
        <ele>1109.1</ele>
      </trkpt>
      <trkpt lat="38.470900" lon="-2.448885">
        <ele>1109.4</ele>
      </trkpt>
      <trkpt lat="38.470935" lon="-2.448783">
        <ele>1107.9</ele>
      </trkpt>
      <trkpt lat="38.470970" lon="-2.448680">
        <ele>1106.4</ele>
      </trkpt>
      <trkpt lat="38.470999" lon="-2.448622">
        <ele>1105.8</ele>
      </trkpt>
      <trkpt lat="38.471028" lon="-2.448565">
        <ele>1105.8</ele>
      </trkpt>
      <trkpt lat="38.471056" lon="-2.448508">
        <ele>1105.9</ele>
      </trkpt>
      <trkpt lat="38.471085" lon="-2.448450">
        <ele>1106.2</ele>
      </trkpt>
      <trkpt lat="38.471114" lon="-2.448393">
        <ele>1106.5</ele>
      </trkpt>
      <trkpt lat="38.471142" lon="-2.448335">
        <ele>1106.6</ele>
      </trkpt>
      <trkpt lat="38.471171" lon="-2.448278">
        <ele>1106.1</ele>
      </trkpt>
      <trkpt lat="38.471200" lon="-2.448220">
        <ele>1105.5</ele>
      </trkpt>
      <trkpt lat="38.471235" lon="-2.448155">
        <ele>1105</ele>
      </trkpt>
      <trkpt lat="38.471270" lon="-2.448090">
        <ele>1104.5</ele>
      </trkpt>
      <trkpt lat="38.471305" lon="-2.448025">
        <ele>1104.2</ele>
      </trkpt>
      <trkpt lat="38.471340" lon="-2.447960">
        <ele>1104.1</ele>
      </trkpt>
      <trkpt lat="38.471375" lon="-2.447895">
        <ele>1104</ele>
      </trkpt>
      <trkpt lat="38.471410" lon="-2.447830">
        <ele>1103.9</ele>
      </trkpt>
      <trkpt lat="38.471445" lon="-2.447765">
        <ele>1103.6</ele>
      </trkpt>
      <trkpt lat="38.471480" lon="-2.447700">
        <ele>1103.2</ele>
      </trkpt>
      <trkpt lat="38.471511" lon="-2.447646">
        <ele>1102.9</ele>
      </trkpt>
      <trkpt lat="38.471542" lon="-2.447593">
        <ele>1102.5</ele>
      </trkpt>
      <trkpt lat="38.471574" lon="-2.447539">
        <ele>1102.2</ele>
      </trkpt>
      <trkpt lat="38.471605" lon="-2.447485">
        <ele>1102</ele>
      </trkpt>
      <trkpt lat="38.471636" lon="-2.447431">
        <ele>1102</ele>
      </trkpt>
      <trkpt lat="38.471667" lon="-2.447377">
        <ele>1102.1</ele>
      </trkpt>
      <trkpt lat="38.471699" lon="-2.447324">
        <ele>1102</ele>
      </trkpt>
      <trkpt lat="38.471730" lon="-2.447270">
        <ele>1101.6</ele>
      </trkpt>
      <trkpt lat="38.471750" lon="-2.447220">
        <ele>1101.3</ele>
      </trkpt>
      <trkpt lat="38.471740" lon="-2.447180">
        <ele>1100.6</ele>
      </trkpt>
      <trkpt lat="38.471720" lon="-2.447150">
        <ele>1100</ele>
      </trkpt>
      <trkpt lat="38.471700" lon="-2.447140">
        <ele>1099.8</ele>
      </trkpt>
      <trkpt lat="38.471670" lon="-2.447130">
        <ele>1099.4</ele>
      </trkpt>
      <trkpt lat="38.471630" lon="-2.447150">
        <ele>1098.9</ele>
      </trkpt>
      <trkpt lat="38.471670" lon="-2.447110">
        <ele>1098.9</ele>
      </trkpt>
      <trkpt lat="38.471700" lon="-2.447090">
        <ele>1098.8</ele>
      </trkpt>
      <trkpt lat="38.471770" lon="-2.447050">
        <ele>1098.8</ele>
      </trkpt>
      <trkpt lat="38.471825" lon="-2.447020">
        <ele>1098.8</ele>
      </trkpt>
      <trkpt lat="38.471880" lon="-2.446990">
        <ele>1098.9</ele>
      </trkpt>
      <trkpt lat="38.471927" lon="-2.446965">
        <ele>1099</ele>
      </trkpt>
      <trkpt lat="38.471975" lon="-2.446940">
        <ele>1098.9</ele>
      </trkpt>
      <trkpt lat="38.472023" lon="-2.446915">
        <ele>1098.2</ele>
      </trkpt>
      <trkpt lat="38.472070" lon="-2.446890">
        <ele>1097.7</ele>
      </trkpt>
      <trkpt lat="38.472127" lon="-2.446825">
        <ele>1096.8</ele>
      </trkpt>
      <trkpt lat="38.472185" lon="-2.446760">
        <ele>1096.5</ele>
      </trkpt>
      <trkpt lat="38.472242" lon="-2.446695">
        <ele>1096.3</ele>
      </trkpt>
      <trkpt lat="38.472300" lon="-2.446630">
        <ele>1095.3</ele>
      </trkpt>
      <trkpt lat="38.472355" lon="-2.446582">
        <ele>1094.8</ele>
      </trkpt>
      <trkpt lat="38.472410" lon="-2.446535">
        <ele>1094.4</ele>
      </trkpt>
      <trkpt lat="38.472465" lon="-2.446487">
        <ele>1094.4</ele>
      </trkpt>
      <trkpt lat="38.472520" lon="-2.446440">
        <ele>1094.2</ele>
      </trkpt>
      <trkpt lat="38.472580" lon="-2.446405">
        <ele>1093.3</ele>
      </trkpt>
      <trkpt lat="38.472640" lon="-2.446370">
        <ele>1092.4</ele>
      </trkpt>
      <trkpt lat="38.472690" lon="-2.446360">
        <ele>1091.8</ele>
      </trkpt>
      <trkpt lat="38.472740" lon="-2.446345">
        <ele>1091.2</ele>
      </trkpt>
      <trkpt lat="38.472790" lon="-2.446330">
        <ele>1090.7</ele>
      </trkpt>
      <trkpt lat="38.472840" lon="-2.446315">
        <ele>1090.4</ele>
      </trkpt>
      <trkpt lat="38.472890" lon="-2.446300">
        <ele>1090</ele>
      </trkpt>
      <trkpt lat="38.472945" lon="-2.446295">
        <ele>1089.7</ele>
      </trkpt>
      <trkpt lat="38.473000" lon="-2.446290">
        <ele>1089.3</ele>
      </trkpt>
      <trkpt lat="38.473055" lon="-2.446285">
        <ele>1088.9</ele>
      </trkpt>
      <trkpt lat="38.473110" lon="-2.446280">
        <ele>1088.9</ele>
      </trkpt>
      <trkpt lat="38.473157" lon="-2.446275">
        <ele>1089.1</ele>
      </trkpt>
      <trkpt lat="38.473205" lon="-2.446270">
        <ele>1089.1</ele>
      </trkpt>
      <trkpt lat="38.473253" lon="-2.446265">
        <ele>1089.1</ele>
      </trkpt>
      <trkpt lat="38.473300" lon="-2.446260">
        <ele>1089.2</ele>
      </trkpt>
      <trkpt lat="38.473368" lon="-2.446263">
        <ele>1089.2</ele>
      </trkpt>
      <trkpt lat="38.473435" lon="-2.446265">
        <ele>1089</ele>
      </trkpt>
      <trkpt lat="38.473503" lon="-2.446268">
        <ele>1088.9</ele>
      </trkpt>
      <trkpt lat="38.473570" lon="-2.446270">
        <ele>1088.7</ele>
      </trkpt>
      <trkpt lat="38.473618" lon="-2.446280">
        <ele>1088.8</ele>
      </trkpt>
      <trkpt lat="38.473665" lon="-2.446290">
        <ele>1088.4</ele>
      </trkpt>
      <trkpt lat="38.473712" lon="-2.446300">
        <ele>1088.1</ele>
      </trkpt>
      <trkpt lat="38.473760" lon="-2.446310">
        <ele>1087.6</ele>
      </trkpt>
      <trkpt lat="38.473825" lon="-2.446325">
        <ele>1087.3</ele>
      </trkpt>
      <trkpt lat="38.473890" lon="-2.446340">
        <ele>1086.8</ele>
      </trkpt>
      <trkpt lat="38.473955" lon="-2.446355">
        <ele>1086.7</ele>
      </trkpt>
      <trkpt lat="38.474020" lon="-2.446370">
        <ele>1086.5</ele>
      </trkpt>
      <trkpt lat="38.474100" lon="-2.446385">
        <ele>1086.4</ele>
      </trkpt>
      <trkpt lat="38.474180" lon="-2.446400">
        <ele>1086.2</ele>
      </trkpt>
      <trkpt lat="38.474265" lon="-2.446395">
        <ele>1086.1</ele>
      </trkpt>
      <trkpt lat="38.474350" lon="-2.446390">
        <ele>1086.1</ele>
      </trkpt>
      <trkpt lat="38.474410" lon="-2.446368">
        <ele>1085.5</ele>
      </trkpt>
      <trkpt lat="38.474470" lon="-2.446345">
        <ele>1085.1</ele>
      </trkpt>
      <trkpt lat="38.474530" lon="-2.446322">
        <ele>1084.9</ele>
      </trkpt>
      <trkpt lat="38.474590" lon="-2.446300">
        <ele>1084.6</ele>
      </trkpt>
      <trkpt lat="38.474657" lon="-2.446270">
        <ele>1084.2</ele>
      </trkpt>
      <trkpt lat="38.474725" lon="-2.446240">
        <ele>1083.8</ele>
      </trkpt>
      <trkpt lat="38.474792" lon="-2.446210">
        <ele>1083.3</ele>
      </trkpt>
      <trkpt lat="38.474860" lon="-2.446180">
        <ele>1082.5</ele>
      </trkpt>
      <trkpt lat="38.474904" lon="-2.446156">
        <ele>1081.8</ele>
      </trkpt>
      <trkpt lat="38.474947" lon="-2.446133">
        <ele>1081</ele>
      </trkpt>
      <trkpt lat="38.474991" lon="-2.446109">
        <ele>1080</ele>
      </trkpt>
      <trkpt lat="38.475035" lon="-2.446085">
        <ele>1080.2</ele>
      </trkpt>
      <trkpt lat="38.475079" lon="-2.446061">
        <ele>1080.6</ele>
      </trkpt>
      <trkpt lat="38.475122" lon="-2.446038">
        <ele>1080.9</ele>
      </trkpt>
      <trkpt lat="38.475166" lon="-2.446014">
        <ele>1081</ele>
      </trkpt>
      <trkpt lat="38.475210" lon="-2.445990">
        <ele>1081.2</ele>
      </trkpt>
      <trkpt lat="38.475277" lon="-2.445963">
        <ele>1081.2</ele>
      </trkpt>
      <trkpt lat="38.475345" lon="-2.445935">
        <ele>1080.1</ele>
      </trkpt>
      <trkpt lat="38.475412" lon="-2.445907">
        <ele>1078.9</ele>
      </trkpt>
      <trkpt lat="38.475480" lon="-2.445880">
        <ele>1077.8</ele>
      </trkpt>
      <trkpt lat="38.475543" lon="-2.445850">
        <ele>1076.6</ele>
      </trkpt>
      <trkpt lat="38.475605" lon="-2.445820">
        <ele>1075.8</ele>
      </trkpt>
      <trkpt lat="38.475668" lon="-2.445790">
        <ele>1075.2</ele>
      </trkpt>
      <trkpt lat="38.475730" lon="-2.445760">
        <ele>1074.7</ele>
      </trkpt>
      <trkpt lat="38.475800" lon="-2.445720">
        <ele>1074</ele>
      </trkpt>
      <trkpt lat="38.475870" lon="-2.445680">
        <ele>1073.3</ele>
      </trkpt>
      <trkpt lat="38.475940" lon="-2.445630">
        <ele>1072.2</ele>
      </trkpt>
      <trkpt lat="38.476010" lon="-2.445580">
        <ele>1071</ele>
      </trkpt>
      <trkpt lat="38.476060" lon="-2.445535">
        <ele>1069.8</ele>
      </trkpt>
      <trkpt lat="38.476110" lon="-2.445490">
        <ele>1069</ele>
      </trkpt>
      <trkpt lat="38.476145" lon="-2.445440">
        <ele>1067.8</ele>
      </trkpt>
      <trkpt lat="38.476180" lon="-2.445390">
        <ele>1066.5</ele>
      </trkpt>
      <trkpt lat="38.476215" lon="-2.445320">
        <ele>1065.3</ele>
      </trkpt>
      <trkpt lat="38.476250" lon="-2.445250">
        <ele>1064.4</ele>
      </trkpt>
      <trkpt lat="38.476275" lon="-2.445165">
        <ele>1064.2</ele>
      </trkpt>
      <trkpt lat="38.476300" lon="-2.445080">
        <ele>1064.2</ele>
      </trkpt>
      <trkpt lat="38.476305" lon="-2.445022">
        <ele>1064.4</ele>
      </trkpt>
      <trkpt lat="38.476310" lon="-2.444965">
        <ele>1064.5</ele>
      </trkpt>
      <trkpt lat="38.476315" lon="-2.444908">
        <ele>1064.8</ele>
      </trkpt>
      <trkpt lat="38.476320" lon="-2.444850">
        <ele>1065.1</ele>
      </trkpt>
      <trkpt lat="38.476320" lon="-2.444775">
        <ele>1065.3</ele>
      </trkpt>
      <trkpt lat="38.476320" lon="-2.444700">
        <ele>1065.6</ele>
      </trkpt>
      <trkpt lat="38.476315" lon="-2.444635">
        <ele>1065.9</ele>
      </trkpt>
      <trkpt lat="38.476310" lon="-2.444570">
        <ele>1066.1</ele>
      </trkpt>
      <trkpt lat="38.476305" lon="-2.444505">
        <ele>1066.3</ele>
      </trkpt>
      <trkpt lat="38.476300" lon="-2.444440">
        <ele>1066.5</ele>
      </trkpt>
      <trkpt lat="38.476298" lon="-2.444377">
        <ele>1066.1</ele>
      </trkpt>
      <trkpt lat="38.476295" lon="-2.444315">
        <ele>1065.7</ele>
      </trkpt>
      <trkpt lat="38.476292" lon="-2.444253">
        <ele>1065.3</ele>
      </trkpt>
      <trkpt lat="38.476290" lon="-2.444190">
        <ele>1065.1</ele>
      </trkpt>
      <trkpt lat="38.476295" lon="-2.444095">
        <ele>1064.3</ele>
      </trkpt>
      <trkpt lat="38.476300" lon="-2.444000">
        <ele>1063.4</ele>
      </trkpt>
      <trkpt lat="38.476310" lon="-2.443940">
        <ele>1063.1</ele>
      </trkpt>
      <trkpt lat="38.476310" lon="-2.443900">
        <ele>1062.9</ele>
      </trkpt>
      <trkpt lat="38.476330" lon="-2.443830">
        <ele>1062.7</ele>
      </trkpt>
      <trkpt lat="38.476350" lon="-2.443760">
        <ele>1062.5</ele>
      </trkpt>
      <trkpt lat="38.476375" lon="-2.443693">
        <ele>1062.5</ele>
      </trkpt>
      <trkpt lat="38.476400" lon="-2.443625">
        <ele>1062.5</ele>
      </trkpt>
      <trkpt lat="38.476425" lon="-2.443557">
        <ele>1062.7</ele>
      </trkpt>
      <trkpt lat="38.476450" lon="-2.443490">
        <ele>1062.9</ele>
      </trkpt>
      <trkpt lat="38.476475" lon="-2.443423">
        <ele>1063.1</ele>
      </trkpt>
      <trkpt lat="38.476500" lon="-2.443355">
        <ele>1063.2</ele>
      </trkpt>
      <trkpt lat="38.476525" lon="-2.443288">
        <ele>1062.8</ele>
      </trkpt>
      <trkpt lat="38.476550" lon="-2.443220">
        <ele>1061.9</ele>
      </trkpt>
      <trkpt lat="38.476583" lon="-2.443136">
        <ele>1060.9</ele>
      </trkpt>
      <trkpt lat="38.476615" lon="-2.443053">
        <ele>1059.7</ele>
      </trkpt>
      <trkpt lat="38.476647" lon="-2.442969">
        <ele>1059.9</ele>
      </trkpt>
      <trkpt lat="38.476680" lon="-2.442885">
        <ele>1060.4</ele>
      </trkpt>
      <trkpt lat="38.476713" lon="-2.442801">
        <ele>1061.2</ele>
      </trkpt>
      <trkpt lat="38.476745" lon="-2.442718">
        <ele>1061</ele>
      </trkpt>
      <trkpt lat="38.476777" lon="-2.442634">
        <ele>1060.5</ele>
      </trkpt>
      <trkpt lat="38.476810" lon="-2.442550">
        <ele>1059.5</ele>
      </trkpt>
      <trkpt lat="38.476834" lon="-2.442481">
        <ele>1059.3</ele>
      </trkpt>
      <trkpt lat="38.476858" lon="-2.442413">
        <ele>1059.1</ele>
      </trkpt>
      <trkpt lat="38.476881" lon="-2.442344">
        <ele>1058.6</ele>
      </trkpt>
      <trkpt lat="38.476905" lon="-2.442275">
        <ele>1058</ele>
      </trkpt>
      <trkpt lat="38.476929" lon="-2.442206">
        <ele>1057.5</ele>
      </trkpt>
      <trkpt lat="38.476952" lon="-2.442138">
        <ele>1057.7</ele>
      </trkpt>
      <trkpt lat="38.476976" lon="-2.442069">
        <ele>1057.8</ele>
      </trkpt>
      <trkpt lat="38.477000" lon="-2.442000">
        <ele>1057.6</ele>
      </trkpt>
      <trkpt lat="38.477022" lon="-2.441931">
        <ele>1057</ele>
      </trkpt>
      <trkpt lat="38.477045" lon="-2.441863">
        <ele>1056.5</ele>
      </trkpt>
      <trkpt lat="38.477067" lon="-2.441794">
        <ele>1055.9</ele>
      </trkpt>
      <trkpt lat="38.477090" lon="-2.441725">
        <ele>1055.3</ele>
      </trkpt>
      <trkpt lat="38.477112" lon="-2.441656">
        <ele>1054.7</ele>
      </trkpt>
      <trkpt lat="38.477135" lon="-2.441587">
        <ele>1054.5</ele>
      </trkpt>
      <trkpt lat="38.477157" lon="-2.441519">
        <ele>1054.2</ele>
      </trkpt>
      <trkpt lat="38.477180" lon="-2.441450">
        <ele>1054</ele>
      </trkpt>
      <trkpt lat="38.477200" lon="-2.441388">
        <ele>1053.8</ele>
      </trkpt>
      <trkpt lat="38.477220" lon="-2.441325">
        <ele>1053.5</ele>
      </trkpt>
      <trkpt lat="38.477240" lon="-2.441263">
        <ele>1053.6</ele>
      </trkpt>
      <trkpt lat="38.477260" lon="-2.441200">
        <ele>1053.9</ele>
      </trkpt>
      <trkpt lat="38.477280" lon="-2.441137">
        <ele>1054.2</ele>
      </trkpt>
      <trkpt lat="38.477300" lon="-2.441075">
        <ele>1054.3</ele>
      </trkpt>
      <trkpt lat="38.477320" lon="-2.441013">
        <ele>1054.2</ele>
      </trkpt>
      <trkpt lat="38.477340" lon="-2.440950">
        <ele>1054</ele>
      </trkpt>
      <trkpt lat="38.477360" lon="-2.440878">
        <ele>1053.6</ele>
      </trkpt>
      <trkpt lat="38.477380" lon="-2.440805">
        <ele>1053.2</ele>
      </trkpt>
      <trkpt lat="38.477400" lon="-2.440733">
        <ele>1052.7</ele>
      </trkpt>
      <trkpt lat="38.477420" lon="-2.440660">
        <ele>1052.2</ele>
      </trkpt>
      <trkpt lat="38.477445" lon="-2.440555">
        <ele>1051</ele>
      </trkpt>
      <trkpt lat="38.477470" lon="-2.440450">
        <ele>1050.8</ele>
      </trkpt>
      <trkpt lat="38.477495" lon="-2.440340">
        <ele>1050.4</ele>
      </trkpt>
      <trkpt lat="38.477520" lon="-2.440230">
        <ele>1050.8</ele>
      </trkpt>
      <trkpt lat="38.477529" lon="-2.440163">
        <ele>1051.2</ele>
      </trkpt>
      <trkpt lat="38.477537" lon="-2.440095">
        <ele>1051.4</ele>
      </trkpt>
      <trkpt lat="38.477546" lon="-2.440028">
        <ele>1051.7</ele>
      </trkpt>
      <trkpt lat="38.477555" lon="-2.439960">
        <ele>1051.4</ele>
      </trkpt>
      <trkpt lat="38.477564" lon="-2.439893">
        <ele>1050.8</ele>
      </trkpt>
      <trkpt lat="38.477572" lon="-2.439825">
        <ele>1050.1</ele>
      </trkpt>
      <trkpt lat="38.477581" lon="-2.439757">
        <ele>1049.4</ele>
      </trkpt>
      <trkpt lat="38.477590" lon="-2.439690">
        <ele>1049.2</ele>
      </trkpt>
      <trkpt lat="38.477604" lon="-2.439592">
        <ele>1049.1</ele>
      </trkpt>
      <trkpt lat="38.477617" lon="-2.439495">
        <ele>1049</ele>
      </trkpt>
      <trkpt lat="38.477631" lon="-2.439398">
        <ele>1049</ele>
      </trkpt>
      <trkpt lat="38.477645" lon="-2.439300">
        <ele>1048.9</ele>
      </trkpt>
      <trkpt lat="38.477659" lon="-2.439203">
        <ele>1048.8</ele>
      </trkpt>
      <trkpt lat="38.477672" lon="-2.439105">
        <ele>1048.5</ele>
      </trkpt>
      <trkpt lat="38.477686" lon="-2.439007">
        <ele>1048.2</ele>
      </trkpt>
      <trkpt lat="38.477700" lon="-2.438910">
        <ele>1047.9</ele>
      </trkpt>
      <trkpt lat="38.477717" lon="-2.438813">
        <ele>1047.8</ele>
      </trkpt>
      <trkpt lat="38.477735" lon="-2.438715">
        <ele>1047.6</ele>
      </trkpt>
      <trkpt lat="38.477752" lon="-2.438618">
        <ele>1047.4</ele>
      </trkpt>
      <trkpt lat="38.477770" lon="-2.438520">
        <ele>1047.1</ele>
      </trkpt>
      <trkpt lat="38.477790" lon="-2.438447">
        <ele>1047.4</ele>
      </trkpt>
      <trkpt lat="38.477810" lon="-2.438375">
        <ele>1047.7</ele>
      </trkpt>
      <trkpt lat="38.477830" lon="-2.438302">
        <ele>1047.9</ele>
      </trkpt>
      <trkpt lat="38.477850" lon="-2.438230">
        <ele>1047.6</ele>
      </trkpt>
      <trkpt lat="38.477877" lon="-2.438170">
        <ele>1047.9</ele>
      </trkpt>
      <trkpt lat="38.477905" lon="-2.438110">
        <ele>1048</ele>
      </trkpt>
      <trkpt lat="38.477933" lon="-2.438050">
        <ele>1047.9</ele>
      </trkpt>
      <trkpt lat="38.477960" lon="-2.437990">
        <ele>1047.4</ele>
      </trkpt>
      <trkpt lat="38.477990" lon="-2.437935">
        <ele>1047.1</ele>
      </trkpt>
      <trkpt lat="38.478020" lon="-2.437880">
        <ele>1046.7</ele>
      </trkpt>
      <trkpt lat="38.478050" lon="-2.437825">
        <ele>1046.1</ele>
      </trkpt>
      <trkpt lat="38.478080" lon="-2.437770">
        <ele>1045.4</ele>
      </trkpt>
      <trkpt lat="38.478125" lon="-2.437712">
        <ele>1045.1</ele>
      </trkpt>
      <trkpt lat="38.478170" lon="-2.437655">
        <ele>1044.7</ele>
      </trkpt>
      <trkpt lat="38.478215" lon="-2.437597">
        <ele>1044.1</ele>
      </trkpt>
      <trkpt lat="38.478260" lon="-2.437540">
        <ele>1043.2</ele>
      </trkpt>
      <trkpt lat="38.478300" lon="-2.437482">
        <ele>1042.4</ele>
      </trkpt>
      <trkpt lat="38.478340" lon="-2.437425">
        <ele>1042.1</ele>
      </trkpt>
      <trkpt lat="38.478380" lon="-2.437368">
        <ele>1041.4</ele>
      </trkpt>
      <trkpt lat="38.478420" lon="-2.437310">
        <ele>1040.9</ele>
      </trkpt>
      <trkpt lat="38.478457" lon="-2.437258">
        <ele>1040.6</ele>
      </trkpt>
      <trkpt lat="38.478495" lon="-2.437205">
        <ele>1040.6</ele>
      </trkpt>
      <trkpt lat="38.478533" lon="-2.437152">
        <ele>1040.8</ele>
      </trkpt>
      <trkpt lat="38.478570" lon="-2.437100">
        <ele>1041.1</ele>
      </trkpt>
      <trkpt lat="38.478600" lon="-2.437045">
        <ele>1041.5</ele>
      </trkpt>
      <trkpt lat="38.478630" lon="-2.436990">
        <ele>1042.2</ele>
      </trkpt>
      <trkpt lat="38.478660" lon="-2.436935">
        <ele>1042.8</ele>
      </trkpt>
      <trkpt lat="38.478690" lon="-2.436880">
        <ele>1043</ele>
      </trkpt>
      <trkpt lat="38.478715" lon="-2.436822">
        <ele>1043</ele>
      </trkpt>
      <trkpt lat="38.478740" lon="-2.436765">
        <ele>1043</ele>
      </trkpt>
      <trkpt lat="38.478765" lon="-2.436708">
        <ele>1043.1</ele>
      </trkpt>
      <trkpt lat="38.478790" lon="-2.436650">
        <ele>1043.2</ele>
      </trkpt>
      <trkpt lat="38.478812" lon="-2.436600">
        <ele>1043.2</ele>
      </trkpt>
      <trkpt lat="38.478835" lon="-2.436550">
        <ele>1043.3</ele>
      </trkpt>
      <trkpt lat="38.478857" lon="-2.436500">
        <ele>1043.3</ele>
      </trkpt>
      <trkpt lat="38.478880" lon="-2.436450">
        <ele>1043.3</ele>
      </trkpt>
      <trkpt lat="38.478905" lon="-2.436380">
        <ele>1043.3</ele>
      </trkpt>
      <trkpt lat="38.478930" lon="-2.436310">
        <ele>1043.3</ele>
      </trkpt>
      <trkpt lat="38.478955" lon="-2.436240">
        <ele>1043.4</ele>
      </trkpt>
      <trkpt lat="38.478980" lon="-2.436170">
        <ele>1043.3</ele>
      </trkpt>
      <trkpt lat="38.479005" lon="-2.436096">
        <ele>1043.4</ele>
      </trkpt>
      <trkpt lat="38.479030" lon="-2.436022">
        <ele>1043.4</ele>
      </trkpt>
      <trkpt lat="38.479055" lon="-2.435949">
        <ele>1043.5</ele>
      </trkpt>
      <trkpt lat="38.479080" lon="-2.435875">
        <ele>1043.7</ele>
      </trkpt>
      <trkpt lat="38.479105" lon="-2.435801">
        <ele>1043.9</ele>
      </trkpt>
      <trkpt lat="38.479130" lon="-2.435728">
        <ele>1043.8</ele>
      </trkpt>
      <trkpt lat="38.479155" lon="-2.435654">
        <ele>1043.7</ele>
      </trkpt>
      <trkpt lat="38.479180" lon="-2.435580">
        <ele>1043.7</ele>
      </trkpt>
      <trkpt lat="38.479215" lon="-2.435487">
        <ele>1043.6</ele>
      </trkpt>
      <trkpt lat="38.479250" lon="-2.435395">
        <ele>1043.4</ele>
      </trkpt>
      <trkpt lat="38.479285" lon="-2.435302">
        <ele>1043.2</ele>
      </trkpt>
      <trkpt lat="38.479320" lon="-2.435210">
        <ele>1042.4</ele>
      </trkpt>
      <trkpt lat="38.479340" lon="-2.435157">
        <ele>1041.9</ele>
      </trkpt>
      <trkpt lat="38.479360" lon="-2.435105">
        <ele>1041.3</ele>
      </trkpt>
      <trkpt lat="38.479380" lon="-2.435053">
        <ele>1040.6</ele>
      </trkpt>
      <trkpt lat="38.479400" lon="-2.435000">
        <ele>1039.9</ele>
      </trkpt>
      <trkpt lat="38.479435" lon="-2.434920">
        <ele>1040.2</ele>
      </trkpt>
      <trkpt lat="38.479470" lon="-2.434840">
        <ele>1040.4</ele>
      </trkpt>
      <trkpt lat="38.479515" lon="-2.434755">
        <ele>1040.4</ele>
      </trkpt>
      <trkpt lat="38.479560" lon="-2.434670">
        <ele>1039.7</ele>
      </trkpt>
      <trkpt lat="38.479590" lon="-2.434623">
        <ele>1039.3</ele>
      </trkpt>
      <trkpt lat="38.479620" lon="-2.434575">
        <ele>1038.9</ele>
      </trkpt>
      <trkpt lat="38.479650" lon="-2.434528">
        <ele>1038.5</ele>
      </trkpt>
      <trkpt lat="38.479680" lon="-2.434480">
        <ele>1038</ele>
      </trkpt>
      <trkpt lat="38.479717" lon="-2.434427">
        <ele>1037.7</ele>
      </trkpt>
      <trkpt lat="38.479755" lon="-2.434375">
        <ele>1037.9</ele>
      </trkpt>
      <trkpt lat="38.479793" lon="-2.434323">
        <ele>1037.9</ele>
      </trkpt>
      <trkpt lat="38.479830" lon="-2.434270">
        <ele>1037.6</ele>
      </trkpt>
      <trkpt lat="38.479872" lon="-2.434203">
        <ele>1037.2</ele>
      </trkpt>
      <trkpt lat="38.479915" lon="-2.434135">
        <ele>1036.8</ele>
      </trkpt>
      <trkpt lat="38.479957" lon="-2.434068">
        <ele>1036.8</ele>
      </trkpt>
      <trkpt lat="38.480000" lon="-2.434000">
        <ele>1036.8</ele>
      </trkpt>
      <trkpt lat="38.480037" lon="-2.433948">
        <ele>1036.9</ele>
      </trkpt>
      <trkpt lat="38.480075" lon="-2.433895">
        <ele>1036.9</ele>
      </trkpt>
      <trkpt lat="38.480113" lon="-2.433842">
        <ele>1036.9</ele>
      </trkpt>
      <trkpt lat="38.480150" lon="-2.433790">
        <ele>1036.8</ele>
      </trkpt>
      <trkpt lat="38.480195" lon="-2.433700">
        <ele>1036.5</ele>
      </trkpt>
      <trkpt lat="38.480240" lon="-2.433610">
        <ele>1035.8</ele>
      </trkpt>
      <trkpt lat="38.480270" lon="-2.433530">
        <ele>1035.7</ele>
      </trkpt>
      <trkpt lat="38.480300" lon="-2.433450">
        <ele>1035.5</ele>
      </trkpt>
      <trkpt lat="38.480330" lon="-2.433365">
        <ele>1035.2</ele>
      </trkpt>
      <trkpt lat="38.480360" lon="-2.433280">
        <ele>1034.5</ele>
      </trkpt>
      <trkpt lat="38.480420" lon="-2.433260">
        <ele>1034.5</ele>
      </trkpt>
      <trkpt lat="38.480480" lon="-2.433240">
        <ele>1034.5</ele>
      </trkpt>
      <trkpt lat="38.480513" lon="-2.433190">
        <ele>1034.3</ele>
      </trkpt>
      <trkpt lat="38.480545" lon="-2.433140">
        <ele>1034.3</ele>
      </trkpt>
      <trkpt lat="38.480577" lon="-2.433090">
        <ele>1034.2</ele>
      </trkpt>
      <trkpt lat="38.480610" lon="-2.433040">
        <ele>1034.1</ele>
      </trkpt>
      <trkpt lat="38.480632" lon="-2.432983">
        <ele>1034</ele>
      </trkpt>
      <trkpt lat="38.480655" lon="-2.432925">
        <ele>1033.9</ele>
      </trkpt>
      <trkpt lat="38.480677" lon="-2.432867">
        <ele>1033.8</ele>
      </trkpt>
      <trkpt lat="38.480700" lon="-2.432810">
        <ele>1033.6</ele>
      </trkpt>
      <trkpt lat="38.480700" lon="-2.432715">
        <ele>1033.3</ele>
      </trkpt>
      <trkpt lat="38.480700" lon="-2.432620">
        <ele>1032.9</ele>
      </trkpt>
      <trkpt lat="38.480675" lon="-2.432535">
        <ele>1032.6</ele>
      </trkpt>
      <trkpt lat="38.480650" lon="-2.432450">
        <ele>1032.8</ele>
      </trkpt>
      <trkpt lat="38.480695" lon="-2.432425">
        <ele>1033.2</ele>
      </trkpt>
      <trkpt lat="38.480740" lon="-2.432400">
        <ele>1033.5</ele>
      </trkpt>
      <trkpt lat="38.480802" lon="-2.432385">
        <ele>1033.8</ele>
      </trkpt>
      <trkpt lat="38.480865" lon="-2.432370">
        <ele>1034</ele>
      </trkpt>
      <trkpt lat="38.480927" lon="-2.432355">
        <ele>1034.2</ele>
      </trkpt>
      <trkpt lat="38.480990" lon="-2.432340">
        <ele>1034.3</ele>
      </trkpt>
      <trkpt lat="38.481060" lon="-2.432317">
        <ele>1034.3</ele>
      </trkpt>
      <trkpt lat="38.481130" lon="-2.432295">
        <ele>1034.5</ele>
      </trkpt>
      <trkpt lat="38.481200" lon="-2.432272">
        <ele>1035.3</ele>
      </trkpt>
      <trkpt lat="38.481270" lon="-2.432250">
        <ele>1035.9</ele>
      </trkpt>
      <trkpt lat="38.481320" lon="-2.432225">
        <ele>1036.3</ele>
      </trkpt>
      <trkpt lat="38.481370" lon="-2.432200">
        <ele>1036.9</ele>
      </trkpt>
      <trkpt lat="38.481420" lon="-2.432175">
        <ele>1037.5</ele>
      </trkpt>
      <trkpt lat="38.481470" lon="-2.432150">
        <ele>1038</ele>
      </trkpt>
      <trkpt lat="38.481515" lon="-2.432127">
        <ele>1038.4</ele>
      </trkpt>
      <trkpt lat="38.481560" lon="-2.432105">
        <ele>1038.8</ele>
      </trkpt>
      <trkpt lat="38.481605" lon="-2.432082">
        <ele>1039.1</ele>
      </trkpt>
      <trkpt lat="38.481650" lon="-2.432060">
        <ele>1039.3</ele>
      </trkpt>
      <trkpt lat="38.481720" lon="-2.432055">
        <ele>1039.8</ele>
      </trkpt>
      <trkpt lat="38.481790" lon="-2.432050">
        <ele>1040.3</ele>
      </trkpt>
      <trkpt lat="38.481870" lon="-2.432045">
        <ele>1040.8</ele>
      </trkpt>
      <trkpt lat="38.481950" lon="-2.432040">
        <ele>1041.3</ele>
      </trkpt>
      <trkpt lat="38.482005" lon="-2.432015">
        <ele>1040.7</ele>
      </trkpt>
      <trkpt lat="38.482060" lon="-2.431990">
        <ele>1039.9</ele>
      </trkpt>
      <trkpt lat="38.482110" lon="-2.431955">
        <ele>1038.8</ele>
      </trkpt>
      <trkpt lat="38.482160" lon="-2.431920">
        <ele>1038</ele>
      </trkpt>
      <trkpt lat="38.482210" lon="-2.431885">
        <ele>1037.4</ele>
      </trkpt>
      <trkpt lat="38.482260" lon="-2.431850">
        <ele>1037</ele>
      </trkpt>
      <trkpt lat="38.482302" lon="-2.431815">
        <ele>1036.6</ele>
      </trkpt>
      <trkpt lat="38.482345" lon="-2.431780">
        <ele>1036.1</ele>
      </trkpt>
      <trkpt lat="38.482388" lon="-2.431745">
        <ele>1035.4</ele>
      </trkpt>
      <trkpt lat="38.482430" lon="-2.431710">
        <ele>1034.6</ele>
      </trkpt>
      <trkpt lat="38.482483" lon="-2.431655">
        <ele>1033.4</ele>
      </trkpt>
      <trkpt lat="38.482535" lon="-2.431600">
        <ele>1033.1</ele>
      </trkpt>
      <trkpt lat="38.482588" lon="-2.431545">
        <ele>1033</ele>
      </trkpt>
      <trkpt lat="38.482640" lon="-2.431490">
        <ele>1032.7</ele>
      </trkpt>
      <trkpt lat="38.482690" lon="-2.431435">
        <ele>1032.1</ele>
      </trkpt>
      <trkpt lat="38.482740" lon="-2.431380">
        <ele>1031.4</ele>
      </trkpt>
      <trkpt lat="38.482788" lon="-2.431365">
        <ele>1030.9</ele>
      </trkpt>
      <trkpt lat="38.482835" lon="-2.431350">
        <ele>1030.8</ele>
      </trkpt>
      <trkpt lat="38.482883" lon="-2.431335">
        <ele>1030.7</ele>
      </trkpt>
      <trkpt lat="38.482930" lon="-2.431320">
        <ele>1030.6</ele>
      </trkpt>
      <trkpt lat="38.482993" lon="-2.431303">
        <ele>1030.5</ele>
      </trkpt>
      <trkpt lat="38.483055" lon="-2.431285">
        <ele>1030.3</ele>
      </trkpt>
      <trkpt lat="38.483117" lon="-2.431267">
        <ele>1030.2</ele>
      </trkpt>
      <trkpt lat="38.483180" lon="-2.431250">
        <ele>1030.2</ele>
      </trkpt>
      <trkpt lat="38.483227" lon="-2.431237">
        <ele>1030.2</ele>
      </trkpt>
      <trkpt lat="38.483275" lon="-2.431225">
        <ele>1030.1</ele>
      </trkpt>
      <trkpt lat="38.483322" lon="-2.431212">
        <ele>1030.1</ele>
      </trkpt>
      <trkpt lat="38.483370" lon="-2.431200">
        <ele>1030.4</ele>
      </trkpt>
      <trkpt lat="38.483450" lon="-2.431175">
        <ele>1031</ele>
      </trkpt>
      <trkpt lat="38.483530" lon="-2.431150">
        <ele>1031.5</ele>
      </trkpt>
      <trkpt lat="38.483600" lon="-2.431100">
        <ele>1031.7</ele>
      </trkpt>
      <trkpt lat="38.483670" lon="-2.431050">
        <ele>1032</ele>
      </trkpt>
      <trkpt lat="38.483707" lon="-2.431017">
        <ele>1032.1</ele>
      </trkpt>
      <trkpt lat="38.483745" lon="-2.430985">
        <ele>1032.2</ele>
      </trkpt>
      <trkpt lat="38.483783" lon="-2.430953">
        <ele>1032.2</ele>
      </trkpt>
      <trkpt lat="38.483820" lon="-2.430920">
        <ele>1032.2</ele>
      </trkpt>
      <trkpt lat="38.483868" lon="-2.430912">
        <ele>1032.6</ele>
      </trkpt>
      <trkpt lat="38.483915" lon="-2.430905">
        <ele>1032.7</ele>
      </trkpt>
      <trkpt lat="38.483962" lon="-2.430898">
        <ele>1032.4</ele>
      </trkpt>
      <trkpt lat="38.484010" lon="-2.430890">
        <ele>1032.2</ele>
      </trkpt>
      <trkpt lat="38.484090" lon="-2.430905">
        <ele>1032.3</ele>
      </trkpt>
      <trkpt lat="38.484170" lon="-2.430920">
        <ele>1032.4</ele>
      </trkpt>
      <trkpt lat="38.484240" lon="-2.430890">
        <ele>1032.3</ele>
      </trkpt>
      <trkpt lat="38.484310" lon="-2.430860">
        <ele>1032.2</ele>
      </trkpt>
      <trkpt lat="38.484365" lon="-2.430815">
        <ele>1031.8</ele>
      </trkpt>
      <trkpt lat="38.484420" lon="-2.430770">
        <ele>1031.7</ele>
      </trkpt>
      <trkpt lat="38.484500" lon="-2.430740">
        <ele>1031.1</ele>
      </trkpt>
      <trkpt lat="38.484580" lon="-2.430735">
        <ele>1030.8</ele>
      </trkpt>
      <trkpt lat="38.484660" lon="-2.430730">
        <ele>1030.4</ele>
      </trkpt>
      <trkpt lat="38.484740" lon="-2.430715">
        <ele>1030.3</ele>
      </trkpt>
      <trkpt lat="38.484820" lon="-2.430700">
        <ele>1030.8</ele>
      </trkpt>
      <trkpt lat="38.484875" lon="-2.430665">
        <ele>1030.7</ele>
      </trkpt>
      <trkpt lat="38.484930" lon="-2.430630">
        <ele>1030.3</ele>
      </trkpt>
      <trkpt lat="38.485000" lon="-2.430610">
        <ele>1030.2</ele>
      </trkpt>
      <trkpt lat="38.485070" lon="-2.430590">
        <ele>1030</ele>
      </trkpt>
      <trkpt lat="38.485145" lon="-2.430585">
        <ele>1030.3</ele>
      </trkpt>
      <trkpt lat="38.485220" lon="-2.430580">
        <ele>1030.3</ele>
      </trkpt>
      <trkpt lat="38.485305" lon="-2.430600">
        <ele>1031.2</ele>
      </trkpt>
      <trkpt lat="38.485390" lon="-2.430620">
        <ele>1031.7</ele>
      </trkpt>
      <trkpt lat="38.485450" lon="-2.430637">
        <ele>1031.8</ele>
      </trkpt>
      <trkpt lat="38.485510" lon="-2.430655">
        <ele>1032</ele>
      </trkpt>
      <trkpt lat="38.485570" lon="-2.430673">
        <ele>1032</ele>
      </trkpt>
      <trkpt lat="38.485630" lon="-2.430690">
        <ele>1032</ele>
      </trkpt>
      <trkpt lat="38.485685" lon="-2.430712">
        <ele>1032</ele>
      </trkpt>
      <trkpt lat="38.485740" lon="-2.430735">
        <ele>1031.9</ele>
      </trkpt>
      <trkpt lat="38.485795" lon="-2.430757">
        <ele>1031.8</ele>
      </trkpt>
      <trkpt lat="38.485850" lon="-2.430780">
        <ele>1031.6</ele>
      </trkpt>
      <trkpt lat="38.485895" lon="-2.430817">
        <ele>1031.5</ele>
      </trkpt>
      <trkpt lat="38.485940" lon="-2.430855">
        <ele>1031.9</ele>
      </trkpt>
      <trkpt lat="38.485985" lon="-2.430893">
        <ele>1032.4</ele>
      </trkpt>
      <trkpt lat="38.486030" lon="-2.430930">
        <ele>1032.7</ele>
      </trkpt>
      <trkpt lat="38.486067" lon="-2.430970">
        <ele>1032.8</ele>
      </trkpt>
      <trkpt lat="38.486105" lon="-2.431010">
        <ele>1032.7</ele>
      </trkpt>
      <trkpt lat="38.486142" lon="-2.431050">
        <ele>1033</ele>
      </trkpt>
      <trkpt lat="38.486180" lon="-2.431090">
        <ele>1033.3</ele>
      </trkpt>
      <trkpt lat="38.486217" lon="-2.431140">
        <ele>1033.9</ele>
      </trkpt>
      <trkpt lat="38.486255" lon="-2.431190">
        <ele>1034.3</ele>
      </trkpt>
      <trkpt lat="38.486293" lon="-2.431240">
        <ele>1034.4</ele>
      </trkpt>
      <trkpt lat="38.486330" lon="-2.431290">
        <ele>1034.1</ele>
      </trkpt>
      <trkpt lat="38.486405" lon="-2.431345">
        <ele>1032.8</ele>
      </trkpt>
      <trkpt lat="38.486480" lon="-2.431400">
        <ele>1033.1</ele>
      </trkpt>
      <trkpt lat="38.486540" lon="-2.431433">
        <ele>1033.8</ele>
      </trkpt>
      <trkpt lat="38.486600" lon="-2.431465">
        <ele>1034.2</ele>
      </trkpt>
      <trkpt lat="38.486660" lon="-2.431497">
        <ele>1034.4</ele>
      </trkpt>
      <trkpt lat="38.486720" lon="-2.431530">
        <ele>1034.8</ele>
      </trkpt>
      <trkpt lat="38.486805" lon="-2.431545">
        <ele>1034.8</ele>
      </trkpt>
      <trkpt lat="38.486890" lon="-2.431560">
        <ele>1034.5</ele>
      </trkpt>
      <trkpt lat="38.486950" lon="-2.431585">
        <ele>1034.4</ele>
      </trkpt>
      <trkpt lat="38.487010" lon="-2.431610">
        <ele>1034.7</ele>
      </trkpt>
      <trkpt lat="38.487050" lon="-2.431630">
        <ele>1034.8</ele>
      </trkpt>
      <trkpt lat="38.487093" lon="-2.431663">
        <ele>1035</ele>
      </trkpt>
      <trkpt lat="38.487135" lon="-2.431695">
        <ele>1035.2</ele>
      </trkpt>
      <trkpt lat="38.487178" lon="-2.431728">
        <ele>1035.3</ele>
      </trkpt>
      <trkpt lat="38.487220" lon="-2.431760">
        <ele>1035.4</ele>
      </trkpt>
      <trkpt lat="38.487261" lon="-2.431813">
        <ele>1035.8</ele>
      </trkpt>
      <trkpt lat="38.487302" lon="-2.431865">
        <ele>1036.3</ele>
      </trkpt>
      <trkpt lat="38.487344" lon="-2.431917">
        <ele>1036.8</ele>
      </trkpt>
      <trkpt lat="38.487385" lon="-2.431970">
        <ele>1037.3</ele>
      </trkpt>
      <trkpt lat="38.487426" lon="-2.432022">
        <ele>1037.8</ele>
      </trkpt>
      <trkpt lat="38.487468" lon="-2.432075">
        <ele>1038.3</ele>
      </trkpt>
      <trkpt lat="38.487509" lon="-2.432127">
        <ele>1038.7</ele>
      </trkpt>
      <trkpt lat="38.487550" lon="-2.432180">
        <ele>1039.2</ele>
      </trkpt>
      <trkpt lat="38.487570" lon="-2.432200">
        <ele>1039.5</ele>
      </trkpt>
      <trkpt lat="38.487610" lon="-2.432235">
        <ele>1039.7</ele>
      </trkpt>
      <trkpt lat="38.487650" lon="-2.432270">
        <ele>1039.8</ele>
      </trkpt>
      <trkpt lat="38.487690" lon="-2.432305">
        <ele>1039.9</ele>
      </trkpt>
      <trkpt lat="38.487730" lon="-2.432340">
        <ele>1039.8</ele>
      </trkpt>
      <trkpt lat="38.487767" lon="-2.432390">
        <ele>1039.7</ele>
      </trkpt>
      <trkpt lat="38.487805" lon="-2.432440">
        <ele>1039.9</ele>
      </trkpt>
      <trkpt lat="38.487842" lon="-2.432490">
        <ele>1040.2</ele>
      </trkpt>
      <trkpt lat="38.487880" lon="-2.432540">
        <ele>1040.4</ele>
      </trkpt>
      <trkpt lat="38.487922" lon="-2.432597">
        <ele>1040.3</ele>
      </trkpt>
      <trkpt lat="38.487965" lon="-2.432655">
        <ele>1039.9</ele>
      </trkpt>
      <trkpt lat="38.488008" lon="-2.432713">
        <ele>1039.2</ele>
      </trkpt>
      <trkpt lat="38.488050" lon="-2.432770">
        <ele>1038.1</ele>
      </trkpt>
      <trkpt lat="38.488102" lon="-2.432832">
        <ele>1038.7</ele>
      </trkpt>
      <trkpt lat="38.488155" lon="-2.432895">
        <ele>1039.2</ele>
      </trkpt>
      <trkpt lat="38.488208" lon="-2.432958">
        <ele>1039.3</ele>
      </trkpt>
      <trkpt lat="38.488260" lon="-2.433020">
        <ele>1039.2</ele>
      </trkpt>
      <trkpt lat="38.488320" lon="-2.433100">
        <ele>1038.8</ele>
      </trkpt>
      <trkpt lat="38.488380" lon="-2.433180">
        <ele>1039.6</ele>
      </trkpt>
      <trkpt lat="38.488415" lon="-2.433242">
        <ele>1039.8</ele>
      </trkpt>
      <trkpt lat="38.488450" lon="-2.433305">
        <ele>1039.9</ele>
      </trkpt>
      <trkpt lat="38.488485" lon="-2.433368">
        <ele>1040</ele>
      </trkpt>
      <trkpt lat="38.488520" lon="-2.433430">
        <ele>1039.9</ele>
      </trkpt>
      <trkpt lat="38.488555" lon="-2.433492">
        <ele>1039.8</ele>
      </trkpt>
      <trkpt lat="38.488590" lon="-2.433555">
        <ele>1039.5</ele>
      </trkpt>
      <trkpt lat="38.488625" lon="-2.433617">
        <ele>1039.5</ele>
      </trkpt>
      <trkpt lat="38.488660" lon="-2.433680">
        <ele>1040.6</ele>
      </trkpt>
      <trkpt lat="38.488700" lon="-2.433730">
        <ele>1041.2</ele>
      </trkpt>
      <trkpt lat="38.488740" lon="-2.433780">
        <ele>1041.3</ele>
      </trkpt>
      <trkpt lat="38.488780" lon="-2.433830">
        <ele>1040.9</ele>
      </trkpt>
      <trkpt lat="38.488820" lon="-2.433880">
        <ele>1039.9</ele>
      </trkpt>
      <trkpt lat="38.488895" lon="-2.433930">
        <ele>1039.9</ele>
      </trkpt>
      <trkpt lat="38.488970" lon="-2.433980">
        <ele>1039.7</ele>
      </trkpt>
      <trkpt lat="38.489045" lon="-2.434000">
        <ele>1039.4</ele>
      </trkpt>
      <trkpt lat="38.489120" lon="-2.434020">
        <ele>1038.8</ele>
      </trkpt>
      <trkpt lat="38.489180" lon="-2.434030">
        <ele>1038.2</ele>
      </trkpt>
      <trkpt lat="38.489240" lon="-2.434040">
        <ele>1036.8</ele>
      </trkpt>
      <trkpt lat="38.489295" lon="-2.434010">
        <ele>1036.4</ele>
      </trkpt>
      <trkpt lat="38.489350" lon="-2.433980">
        <ele>1036</ele>
      </trkpt>
      <trkpt lat="38.489385" lon="-2.433933">
        <ele>1036.3</ele>
      </trkpt>
      <trkpt lat="38.489420" lon="-2.433885">
        <ele>1036.6</ele>
      </trkpt>
      <trkpt lat="38.489455" lon="-2.433838">
        <ele>1037</ele>
      </trkpt>
      <trkpt lat="38.489490" lon="-2.433790">
        <ele>1036.7</ele>
      </trkpt>
      <trkpt lat="38.489528" lon="-2.433718">
        <ele>1037.1</ele>
      </trkpt>
      <trkpt lat="38.489565" lon="-2.433645">
        <ele>1037.1</ele>
      </trkpt>
      <trkpt lat="38.489603" lon="-2.433573">
        <ele>1036.5</ele>
      </trkpt>
      <trkpt lat="38.489640" lon="-2.433500">
        <ele>1035.8</ele>
      </trkpt>
      <trkpt lat="38.489670" lon="-2.433439">
        <ele>1035.3</ele>
      </trkpt>
      <trkpt lat="38.489700" lon="-2.433377">
        <ele>1035.1</ele>
      </trkpt>
      <trkpt lat="38.489730" lon="-2.433316">
        <ele>1035</ele>
      </trkpt>
      <trkpt lat="38.489760" lon="-2.433255">
        <ele>1034.9</ele>
      </trkpt>
      <trkpt lat="38.489790" lon="-2.433194">
        <ele>1034.8</ele>
      </trkpt>
      <trkpt lat="38.489820" lon="-2.433133">
        <ele>1034.9</ele>
      </trkpt>
      <trkpt lat="38.489850" lon="-2.433071">
        <ele>1035.1</ele>
      </trkpt>
      <trkpt lat="38.489880" lon="-2.433010">
        <ele>1035</ele>
      </trkpt>
      <trkpt lat="38.489908" lon="-2.432952">
        <ele>1035.1</ele>
      </trkpt>
      <trkpt lat="38.489935" lon="-2.432895">
        <ele>1035.1</ele>
      </trkpt>
      <trkpt lat="38.489963" lon="-2.432838">
        <ele>1035.1</ele>
      </trkpt>
      <trkpt lat="38.489990" lon="-2.432780">
        <ele>1035.5</ele>
      </trkpt>
      <trkpt lat="38.490010" lon="-2.432717">
        <ele>1034.8</ele>
      </trkpt>
      <trkpt lat="38.490030" lon="-2.432655">
        <ele>1034.1</ele>
      </trkpt>
      <trkpt lat="38.490050" lon="-2.432593">
        <ele>1033.4</ele>
      </trkpt>
      <trkpt lat="38.490070" lon="-2.432530">
        <ele>1032.7</ele>
      </trkpt>
      <trkpt lat="38.490080" lon="-2.432435">
        <ele>1031.8</ele>
      </trkpt>
      <trkpt lat="38.490090" lon="-2.432340">
        <ele>1030.5</ele>
      </trkpt>
      <trkpt lat="38.490085" lon="-2.432240">
        <ele>1029.2</ele>
      </trkpt>
      <trkpt lat="38.490080" lon="-2.432140">
        <ele>1029.7</ele>
      </trkpt>
      <trkpt lat="38.490100" lon="-2.432050">
        <ele>1029.4</ele>
      </trkpt>
      <trkpt lat="38.490110" lon="-2.431960">
        <ele>1029.4</ele>
      </trkpt>
      <trkpt lat="38.490120" lon="-2.431870">
        <ele>1028.5</ele>
      </trkpt>
      <trkpt lat="38.490105" lon="-2.431760">
        <ele>1027.9</ele>
      </trkpt>
      <trkpt lat="38.490090" lon="-2.431650">
        <ele>1027.7</ele>
      </trkpt>
      <trkpt lat="38.490090" lon="-2.431585">
        <ele>1027.2</ele>
      </trkpt>
      <trkpt lat="38.490090" lon="-2.431520">
        <ele>1026.8</ele>
      </trkpt>
      <trkpt lat="38.490090" lon="-2.431455">
        <ele>1026.3</ele>
      </trkpt>
      <trkpt lat="38.490090" lon="-2.431390">
        <ele>1025.8</ele>
      </trkpt>
      <trkpt lat="38.490100" lon="-2.431330">
        <ele>1025.1</ele>
      </trkpt>
      <trkpt lat="38.490110" lon="-2.431270">
        <ele>1024.5</ele>
      </trkpt>
      <trkpt lat="38.490120" lon="-2.431210">
        <ele>1023.9</ele>
      </trkpt>
      <trkpt lat="38.490130" lon="-2.431150">
        <ele>1023.3</ele>
      </trkpt>
      <trkpt lat="38.490138" lon="-2.431068">
        <ele>1023.3</ele>
      </trkpt>
      <trkpt lat="38.490145" lon="-2.430985">
        <ele>1023.4</ele>
      </trkpt>
      <trkpt lat="38.490153" lon="-2.430903">
        <ele>1023.5</ele>
      </trkpt>
      <trkpt lat="38.490160" lon="-2.430820">
        <ele>1023.4</ele>
      </trkpt>
      <trkpt lat="38.490205" lon="-2.430730">
        <ele>1022.1</ele>
      </trkpt>
      <trkpt lat="38.490250" lon="-2.430640">
        <ele>1020.5</ele>
      </trkpt>
      <trkpt lat="38.490255" lon="-2.430545">
        <ele>1021</ele>
      </trkpt>
      <trkpt lat="38.490260" lon="-2.430450">
        <ele>1019.9</ele>
      </trkpt>
      <trkpt lat="38.490265" lon="-2.430345">
        <ele>1019</ele>
      </trkpt>
      <trkpt lat="38.490270" lon="-2.430240">
        <ele>1017.7</ele>
      </trkpt>
      <trkpt lat="38.490320" lon="-2.430150">
        <ele>1017.5</ele>
      </trkpt>
      <trkpt lat="38.490350" lon="-2.430090">
        <ele>1017</ele>
      </trkpt>
      <trkpt lat="38.490387" lon="-2.430032">
        <ele>1016.1</ele>
      </trkpt>
      <trkpt lat="38.490425" lon="-2.429975">
        <ele>1015.2</ele>
      </trkpt>
      <trkpt lat="38.490462" lon="-2.429918">
        <ele>1014.4</ele>
      </trkpt>
      <trkpt lat="38.490500" lon="-2.429860">
        <ele>1013.3</ele>
      </trkpt>
      <trkpt lat="38.490540" lon="-2.429760">
        <ele>1011</ele>
      </trkpt>
      <trkpt lat="38.490580" lon="-2.429660">
        <ele>1010</ele>
      </trkpt>
      <trkpt lat="38.490625" lon="-2.429570">
        <ele>1009.9</ele>
      </trkpt>
      <trkpt lat="38.490670" lon="-2.429480">
        <ele>1009.3</ele>
      </trkpt>
      <trkpt lat="38.490697" lon="-2.429432">
        <ele>1008.8</ele>
      </trkpt>
      <trkpt lat="38.490725" lon="-2.429385">
        <ele>1008.3</ele>
      </trkpt>
      <trkpt lat="38.490752" lon="-2.429337">
        <ele>1007.7</ele>
      </trkpt>
      <trkpt lat="38.490780" lon="-2.429290">
        <ele>1007</ele>
      </trkpt>
      <trkpt lat="38.490805" lon="-2.429220">
        <ele>1005.9</ele>
      </trkpt>
      <trkpt lat="38.490830" lon="-2.429150">
        <ele>1004.8</ele>
      </trkpt>
      <trkpt lat="38.490855" lon="-2.429080">
        <ele>1004.3</ele>
      </trkpt>
      <trkpt lat="38.490880" lon="-2.429010">
        <ele>1003.9</ele>
      </trkpt>
      <trkpt lat="38.490902" lon="-2.428949">
        <ele>1003.5</ele>
      </trkpt>
      <trkpt lat="38.490925" lon="-2.428888">
        <ele>1003</ele>
      </trkpt>
      <trkpt lat="38.490947" lon="-2.428826">
        <ele>1002.6</ele>
      </trkpt>
      <trkpt lat="38.490970" lon="-2.428765">
        <ele>1002.2</ele>
      </trkpt>
      <trkpt lat="38.490992" lon="-2.428704">
        <ele>1001.6</ele>
      </trkpt>
      <trkpt lat="38.491015" lon="-2.428642">
        <ele>1000.8</ele>
      </trkpt>
      <trkpt lat="38.491037" lon="-2.428581">
        <ele>999.9</ele>
      </trkpt>
      <trkpt lat="38.491060" lon="-2.428520">
        <ele>998.8</ele>
      </trkpt>
      <trkpt lat="38.491087" lon="-2.428457">
        <ele>997.6</ele>
      </trkpt>
      <trkpt lat="38.491115" lon="-2.428395">
        <ele>996.4</ele>
      </trkpt>
      <trkpt lat="38.491142" lon="-2.428332">
        <ele>995.7</ele>
      </trkpt>
      <trkpt lat="38.491170" lon="-2.428270">
        <ele>995.3</ele>
      </trkpt>
      <trkpt lat="38.491220" lon="-2.428180">
        <ele>994.8</ele>
      </trkpt>
      <trkpt lat="38.491270" lon="-2.428090">
        <ele>993.8</ele>
      </trkpt>
      <trkpt lat="38.491310" lon="-2.428022">
        <ele>992.9</ele>
      </trkpt>
      <trkpt lat="38.491350" lon="-2.427955">
        <ele>992.1</ele>
      </trkpt>
      <trkpt lat="38.491390" lon="-2.427887">
        <ele>991</ele>
      </trkpt>
      <trkpt lat="38.491430" lon="-2.427820">
        <ele>991</ele>
      </trkpt>
      <trkpt lat="38.491460" lon="-2.427767">
        <ele>990.7</ele>
      </trkpt>
      <trkpt lat="38.491490" lon="-2.427715">
        <ele>990.6</ele>
      </trkpt>
      <trkpt lat="38.491520" lon="-2.427663">
        <ele>990.3</ele>
      </trkpt>
      <trkpt lat="38.491550" lon="-2.427610">
        <ele>989.8</ele>
      </trkpt>
      <trkpt lat="38.491585" lon="-2.427520">
        <ele>988.2</ele>
      </trkpt>
      <trkpt lat="38.491620" lon="-2.427430">
        <ele>986.5</ele>
      </trkpt>
      <trkpt lat="38.491650" lon="-2.427375">
        <ele>985.7</ele>
      </trkpt>
      <trkpt lat="38.491680" lon="-2.427320">
        <ele>985</ele>
      </trkpt>
      <trkpt lat="38.491710" lon="-2.427265">
        <ele>984.6</ele>
      </trkpt>
      <trkpt lat="38.491740" lon="-2.427210">
        <ele>984.3</ele>
      </trkpt>
      <trkpt lat="38.491785" lon="-2.427130">
        <ele>983.6</ele>
      </trkpt>
      <trkpt lat="38.491830" lon="-2.427050">
        <ele>982.7</ele>
      </trkpt>
      <trkpt lat="38.491860" lon="-2.427000">
        <ele>982.1</ele>
      </trkpt>
      <trkpt lat="38.491890" lon="-2.426950">
        <ele>981.3</ele>
      </trkpt>
      <trkpt lat="38.491920" lon="-2.426900">
        <ele>980.9</ele>
      </trkpt>
      <trkpt lat="38.491950" lon="-2.426850">
        <ele>980.3</ele>
      </trkpt>
      <trkpt lat="38.492010" lon="-2.426780">
        <ele>978.5</ele>
      </trkpt>
      <trkpt lat="38.492065" lon="-2.426745">
        <ele>977.7</ele>
      </trkpt>
      <trkpt lat="38.492120" lon="-2.426710">
        <ele>977.2</ele>
      </trkpt>
      <trkpt lat="38.492200" lon="-2.426730">
        <ele>976.9</ele>
      </trkpt>
      <trkpt lat="38.492235" lon="-2.426790">
        <ele>976.2</ele>
      </trkpt>
      <trkpt lat="38.492270" lon="-2.426850">
        <ele>975.2</ele>
      </trkpt>
      <trkpt lat="38.492280" lon="-2.426880">
        <ele>974.8</ele>
      </trkpt>
      <trkpt lat="38.492300" lon="-2.426935">
        <ele>974.1</ele>
      </trkpt>
      <trkpt lat="38.492320" lon="-2.426990">
        <ele>973.8</ele>
      </trkpt>
      <trkpt lat="38.492345" lon="-2.427052">
        <ele>973.5</ele>
      </trkpt>
      <trkpt lat="38.492370" lon="-2.427115">
        <ele>973.2</ele>
      </trkpt>
      <trkpt lat="38.492395" lon="-2.427177">
        <ele>973</ele>
      </trkpt>
      <trkpt lat="38.492420" lon="-2.427240">
        <ele>972.8</ele>
      </trkpt>
      <trkpt lat="38.492452" lon="-2.427290">
        <ele>971.9</ele>
      </trkpt>
      <trkpt lat="38.492485" lon="-2.427340">
        <ele>970.9</ele>
      </trkpt>
      <trkpt lat="38.492518" lon="-2.427390">
        <ele>970.2</ele>
      </trkpt>
      <trkpt lat="38.492550" lon="-2.427440">
        <ele>969.6</ele>
      </trkpt>
      <trkpt lat="38.492598" lon="-2.427490">
        <ele>969</ele>
      </trkpt>
      <trkpt lat="38.492645" lon="-2.427540">
        <ele>968.4</ele>
      </trkpt>
      <trkpt lat="38.492692" lon="-2.427590">
        <ele>967.8</ele>
      </trkpt>
      <trkpt lat="38.492740" lon="-2.427640">
        <ele>967</ele>
      </trkpt>
      <trkpt lat="38.492782" lon="-2.427665">
        <ele>966.3</ele>
      </trkpt>
      <trkpt lat="38.492825" lon="-2.427690">
        <ele>965.5</ele>
      </trkpt>
      <trkpt lat="38.492868" lon="-2.427715">
        <ele>964.6</ele>
      </trkpt>
      <trkpt lat="38.492910" lon="-2.427740">
        <ele>963.8</ele>
      </trkpt>
      <trkpt lat="38.492968" lon="-2.427763">
        <ele>962.6</ele>
      </trkpt>
      <trkpt lat="38.493025" lon="-2.427785">
        <ele>961.5</ele>
      </trkpt>
      <trkpt lat="38.493082" lon="-2.427808">
        <ele>960.6</ele>
      </trkpt>
      <trkpt lat="38.493140" lon="-2.427830">
        <ele>959.8</ele>
      </trkpt>
      <trkpt lat="38.493197" lon="-2.427853">
        <ele>959</ele>
      </trkpt>
      <trkpt lat="38.493255" lon="-2.427875">
        <ele>958.1</ele>
      </trkpt>
      <trkpt lat="38.493313" lon="-2.427898">
        <ele>957.3</ele>
      </trkpt>
      <trkpt lat="38.493370" lon="-2.427920">
        <ele>956.7</ele>
      </trkpt>
      <trkpt lat="38.493427" lon="-2.427955">
        <ele>956.3</ele>
      </trkpt>
      <trkpt lat="38.493485" lon="-2.427990">
        <ele>955.9</ele>
      </trkpt>
      <trkpt lat="38.493543" lon="-2.428025">
        <ele>955.5</ele>
      </trkpt>
      <trkpt lat="38.493600" lon="-2.428060">
        <ele>955.1</ele>
      </trkpt>
      <trkpt lat="38.493657" lon="-2.428088">
        <ele>954.8</ele>
      </trkpt>
      <trkpt lat="38.493715" lon="-2.428115">
        <ele>954.6</ele>
      </trkpt>
      <trkpt lat="38.493773" lon="-2.428142">
        <ele>954.4</ele>
      </trkpt>
      <trkpt lat="38.493830" lon="-2.428170">
        <ele>954.2</ele>
      </trkpt>
      <trkpt lat="38.493880" lon="-2.428180">
        <ele>954</ele>
      </trkpt>
      <trkpt lat="38.493930" lon="-2.428190">
        <ele>953.8</ele>
      </trkpt>
      <trkpt lat="38.494000" lon="-2.428170">
        <ele>953.6</ele>
      </trkpt>
      <trkpt lat="38.494070" lon="-2.428150">
        <ele>953.4</ele>
      </trkpt>
      <trkpt lat="38.494120" lon="-2.428133">
        <ele>953.2</ele>
      </trkpt>
      <trkpt lat="38.494170" lon="-2.428115">
        <ele>953</ele>
      </trkpt>
      <trkpt lat="38.494220" lon="-2.428097">
        <ele>952.8</ele>
      </trkpt>
      <trkpt lat="38.494270" lon="-2.428080">
        <ele>952.6</ele>
      </trkpt>
      <trkpt lat="38.494340" lon="-2.428070">
        <ele>952.4</ele>
      </trkpt>
      <trkpt lat="38.494410" lon="-2.428060">
        <ele>952.1</ele>
      </trkpt>
      <trkpt lat="38.494465" lon="-2.428075">
        <ele>951.9</ele>
      </trkpt>
      <trkpt lat="38.494520" lon="-2.428090">
        <ele>951.8</ele>
      </trkpt>
      <trkpt lat="38.494590" lon="-2.428100">
        <ele>951.6</ele>
      </trkpt>
      <trkpt lat="38.494660" lon="-2.428110">
        <ele>951.4</ele>
      </trkpt>
      <trkpt lat="38.494730" lon="-2.428080">
        <ele>951.1</ele>
      </trkpt>
      <trkpt lat="38.494800" lon="-2.428050">
        <ele>950.7</ele>
      </trkpt>
      <trkpt lat="38.494880" lon="-2.428000">
        <ele>950.6</ele>
      </trkpt>
      <trkpt lat="38.494960" lon="-2.427950">
        <ele>950.5</ele>
      </trkpt>
      <trkpt lat="38.495005" lon="-2.427925">
        <ele>950.5</ele>
      </trkpt>
      <trkpt lat="38.495050" lon="-2.427900">
        <ele>950.5</ele>
      </trkpt>
      <trkpt lat="38.495095" lon="-2.427875">
        <ele>950.4</ele>
      </trkpt>
      <trkpt lat="38.495140" lon="-2.427850">
        <ele>950.4</ele>
      </trkpt>
      <trkpt lat="38.495220" lon="-2.427825">
        <ele>950.2</ele>
      </trkpt>
      <trkpt lat="38.495300" lon="-2.427800">
        <ele>949.9</ele>
      </trkpt>
      <trkpt lat="38.495350" lon="-2.427792">
        <ele>949.8</ele>
      </trkpt>
      <trkpt lat="38.495400" lon="-2.427785">
        <ele>949.6</ele>
      </trkpt>
      <trkpt lat="38.495450" lon="-2.427778">
        <ele>949.4</ele>
      </trkpt>
      <trkpt lat="38.495500" lon="-2.427770">
        <ele>949.2</ele>
      </trkpt>
      <trkpt lat="38.495585" lon="-2.427755">
        <ele>949</ele>
      </trkpt>
      <trkpt lat="38.495670" lon="-2.427740">
        <ele>949</ele>
      </trkpt>
      <trkpt lat="38.495720" lon="-2.427720">
        <ele>949</ele>
      </trkpt>
      <trkpt lat="38.495770" lon="-2.427700">
        <ele>949</ele>
      </trkpt>
      <trkpt lat="38.495820" lon="-2.427680">
        <ele>949</ele>
      </trkpt>
      <trkpt lat="38.495870" lon="-2.427660">
        <ele>948.9</ele>
      </trkpt>
      <trkpt lat="38.495920" lon="-2.427632">
        <ele>948.7</ele>
      </trkpt>
      <trkpt lat="38.495970" lon="-2.427605">
        <ele>948.5</ele>
      </trkpt>
      <trkpt lat="38.496020" lon="-2.427577">
        <ele>948.3</ele>
      </trkpt>
      <trkpt lat="38.496070" lon="-2.427550">
        <ele>948.2</ele>
      </trkpt>
      <trkpt lat="38.496135" lon="-2.427490">
        <ele>948</ele>
      </trkpt>
      <trkpt lat="38.496200" lon="-2.427430">
        <ele>948</ele>
      </trkpt>
      <trkpt lat="38.496265" lon="-2.427370">
        <ele>948</ele>
      </trkpt>
      <trkpt lat="38.496330" lon="-2.427310">
        <ele>948</ele>
      </trkpt>
      <trkpt lat="38.496390" lon="-2.427305">
        <ele>948</ele>
      </trkpt>
      <trkpt lat="38.496450" lon="-2.427300">
        <ele>948</ele>
      </trkpt>
      <trkpt lat="38.496520" lon="-2.427330">
        <ele>948</ele>
      </trkpt>
      <trkpt lat="38.496590" lon="-2.427360">
        <ele>948</ele>
      </trkpt>
      <trkpt lat="38.496650" lon="-2.427350">
        <ele>948</ele>
      </trkpt>
      <trkpt lat="38.496690" lon="-2.427320">
        <ele>948</ele>
      </trkpt>
      <trkpt lat="38.496720" lon="-2.427270">
        <ele>948</ele>
      </trkpt>
      <trkpt lat="38.496750" lon="-2.427220">
        <ele>948</ele>
      </trkpt>
      <trkpt lat="38.496772" lon="-2.427153">
        <ele>947.8</ele>
      </trkpt>
      <trkpt lat="38.496795" lon="-2.427085">
        <ele>947.7</ele>
      </trkpt>
      <trkpt lat="38.496817" lon="-2.427017">
        <ele>947.7</ele>
      </trkpt>
      <trkpt lat="38.496840" lon="-2.426950">
        <ele>947.6</ele>
      </trkpt>
      <trkpt lat="38.496867" lon="-2.426874">
        <ele>947.7</ele>
      </trkpt>
      <trkpt lat="38.496895" lon="-2.426798">
        <ele>947.8</ele>
      </trkpt>
      <trkpt lat="38.496922" lon="-2.426721">
        <ele>947.9</ele>
      </trkpt>
      <trkpt lat="38.496950" lon="-2.426645">
        <ele>948.1</ele>
      </trkpt>
      <trkpt lat="38.496977" lon="-2.426569">
        <ele>948.5</ele>
      </trkpt>
      <trkpt lat="38.497005" lon="-2.426493">
        <ele>948.9</ele>
      </trkpt>
      <trkpt lat="38.497033" lon="-2.426416">
        <ele>949.3</ele>
      </trkpt>
      <trkpt lat="38.497060" lon="-2.426340">
        <ele>949.4</ele>
      </trkpt>
      <trkpt lat="38.497087" lon="-2.426267">
        <ele>949.2</ele>
      </trkpt>
      <trkpt lat="38.497115" lon="-2.426195">
        <ele>948.7</ele>
      </trkpt>
      <trkpt lat="38.497142" lon="-2.426122">
        <ele>948.1</ele>
      </trkpt>
      <trkpt lat="38.497170" lon="-2.426050">
        <ele>948</ele>
      </trkpt>
      <trkpt lat="38.497203" lon="-2.425970">
        <ele>948</ele>
      </trkpt>
      <trkpt lat="38.497235" lon="-2.425890">
        <ele>948</ele>
      </trkpt>
      <trkpt lat="38.497268" lon="-2.425810">
        <ele>947.9</ele>
      </trkpt>
      <trkpt lat="38.497300" lon="-2.425730">
        <ele>947.8</ele>
      </trkpt>
      <trkpt lat="38.497335" lon="-2.425675">
        <ele>947.9</ele>
      </trkpt>
      <trkpt lat="38.497370" lon="-2.425620">
        <ele>948</ele>
      </trkpt>
      <trkpt lat="38.497405" lon="-2.425565">
        <ele>948.3</ele>
      </trkpt>
      <trkpt lat="38.497440" lon="-2.425510">
        <ele>948.3</ele>
      </trkpt>
      <trkpt lat="38.497475" lon="-2.425445">
        <ele>948.1</ele>
      </trkpt>
      <trkpt lat="38.497510" lon="-2.425380">
        <ele>947.9</ele>
      </trkpt>
      <trkpt lat="38.497540" lon="-2.425300">
        <ele>947.8</ele>
      </trkpt>
      <trkpt lat="38.497590" lon="-2.425230">
        <ele>948.1</ele>
      </trkpt>
      <trkpt lat="38.497640" lon="-2.425160">
        <ele>948.6</ele>
      </trkpt>
      <trkpt lat="38.497700" lon="-2.425110">
        <ele>949.3</ele>
      </trkpt>
      <trkpt lat="38.497760" lon="-2.425060">
        <ele>950</ele>
      </trkpt>
      <trkpt lat="38.497820" lon="-2.424980">
        <ele>950.4</ele>
      </trkpt>
      <trkpt lat="38.497715" lon="-2.425430">
        <ele>950.938</ele>
        <time>2025-12-26T10:52:59.501Z</time>
        <extensions>
          <visugpx:TrkExtension xmlns:visugpx="https://www.visugpx.com/editgpx/">
            <visugpx:node>1</visugpx:node>
          </visugpx:TrkExtension>
        </extensions>
      </trkpt>
      <trkpt lat="38.497693" lon="-2.425646">
        <ele>951</ele>
        <time>2025-12-26T10:52:59.501Z</time>
      </trkpt>
      <trkpt lat="38.497713" lon="-2.426699">
        <ele>952</ele>
        <time>2025-12-26T10:52:59.501Z</time>
      </trkpt>
      <trkpt lat="38.497729" lon="-2.427528">
        <ele>953</ele>
        <time>2025-12-26T10:52:59.501Z</time>
      </trkpt>
      <trkpt lat="38.497766" lon="-2.428502">
        <ele>953.635</ele>
        <time>2025-12-26T10:52:59.501Z</time>
      </trkpt>
      <trkpt lat="38.497841" lon="-2.429322">
        <ele>955</ele>
        <time>2025-12-26T10:52:59.501Z</time>
      </trkpt>
      <trkpt lat="38.497952" lon="-2.429934">
        <ele>954.789</ele>
        <time>2025-12-26T10:52:59.501Z</time>
      </trkpt>
      <trkpt lat="38.498637" lon="-2.433244">
        <ele>959</ele>
        <time>2025-12-26T10:52:59.501Z</time>
      </trkpt>
      <trkpt lat="38.498739" lon="-2.433848">
        <ele>960</ele>
        <time>2025-12-26T10:52:59.501Z</time>
      </trkpt>
      <trkpt lat="38.498781" lon="-2.434462">
        <ele>960</ele>
        <time>2025-12-26T10:52:59.501Z</time>
      </trkpt>
      <trkpt lat="38.498762" lon="-2.434874">
        <ele>960.173</ele>
        <time>2025-12-26T10:52:59.501Z</time>
      </trkpt>
      <trkpt lat="38.498656" lon="-2.436302">
        <ele>961.792</ele>
        <time>2025-12-26T10:52:59.501Z</time>
      </trkpt>
      <trkpt lat="38.498677" lon="-2.436784">
        <ele>961.479</ele>
        <time>2025-12-26T10:52:59.501Z</time>
      </trkpt>
      <trkpt lat="38.498769" lon="-2.437768">
        <ele>962</ele>
        <time>2025-12-26T10:52:59.501Z</time>
      </trkpt>
      <trkpt lat="38.498765" lon="-2.438070">
        <ele>962.604</ele>
        <time>2025-12-26T10:52:59.501Z</time>
      </trkpt>
      <trkpt lat="38.498741" lon="-2.438422">
        <ele>963</ele>
        <time>2025-12-26T10:52:59.501Z</time>
      </trkpt>
      <trkpt lat="38.498682" lon="-2.438894">
        <ele>963.567</ele>
        <time>2025-12-26T10:52:59.501Z</time>
      </trkpt>
      <trkpt lat="38.498487" lon="-2.439924">
        <ele>966</ele>
        <time>2025-12-26T10:52:59.501Z</time>
      </trkpt>
      <trkpt lat="38.497982" lon="-2.442284">
        <ele>971.794</ele>
        <time>2025-12-26T10:52:59.501Z</time>
      </trkpt>
      <trkpt lat="38.497873" lon="-2.443026">
        <ele>973</ele>
        <time>2025-12-26T10:52:59.501Z</time>
      </trkpt>
      <trkpt lat="38.497845" lon="-2.443610">
        <ele>974.994</ele>
        <time>2025-12-26T10:52:59.501Z</time>
      </trkpt>
      <trkpt lat="38.497838" lon="-2.444246">
        <ele>977</ele>
        <time>2025-12-26T10:52:59.501Z</time>
      </trkpt>
      <trkpt lat="38.497837" lon="-2.445334">
        <ele>980</ele>
        <time>2025-12-26T10:52:59.501Z</time>
      </trkpt>
      <trkpt lat="38.497864" lon="-2.445828">
        <ele>981.999</ele>
        <time>2025-12-26T10:52:59.501Z</time>
      </trkpt>
      <trkpt lat="38.497918" lon="-2.446186">
        <ele>983</ele>
        <time>2025-12-26T10:52:59.501Z</time>
      </trkpt>
      <trkpt lat="38.497998" lon="-2.446486">
        <ele>984</ele>
        <time>2025-12-26T10:52:59.501Z</time>
      </trkpt>
      <trkpt lat="38.498169" lon="-2.446938">
        <ele>984</ele>
        <time>2025-12-26T10:52:59.501Z</time>
      </trkpt>
      <trkpt lat="38.498292" lon="-2.447184">
        <ele>984.135</ele>
        <time>2025-12-26T10:52:59.501Z</time>
      </trkpt>
      <trkpt lat="38.498564" lon="-2.447568">
        <ele>984</ele>
        <time>2025-12-26T10:52:59.501Z</time>
      </trkpt>
      <trkpt lat="38.498765" lon="-2.447770">
        <ele>984</ele>
        <time>2025-12-26T10:52:59.501Z</time>
      </trkpt>
      <trkpt lat="38.499387" lon="-2.448354">
        <ele>984.904</ele>
        <time>2025-12-26T10:52:59.501Z</time>
      </trkpt>
      <trkpt lat="38.499738" lon="-2.448796">
        <ele>985</ele>
        <time>2025-12-26T10:52:59.501Z</time>
      </trkpt>
      <trkpt lat="38.499901" lon="-2.449122">
        <ele>985.077</ele>
        <time>2025-12-26T10:52:59.501Z</time>
      </trkpt>
      <trkpt lat="38.500151" lon="-2.449682">
        <ele>987</ele>
        <time>2025-12-26T10:52:59.501Z</time>
      </trkpt>
      <trkpt lat="38.500322" lon="-2.449964">
        <ele>988</ele>
        <time>2025-12-26T10:52:59.501Z</time>
      </trkpt>
      <trkpt lat="38.500562" lon="-2.450324">
        <ele>989.276</ele>
        <time>2025-12-26T10:52:59.501Z</time>
      </trkpt>
      <trkpt lat="38.501326" lon="-2.451172">
        <ele>993</ele>
        <time>2025-12-26T10:52:59.501Z</time>
      </trkpt>
      <trkpt lat="38.501398" lon="-2.451246">
        <ele>993</ele>
        <time>2025-12-26T10:52:59.501Z</time>
      </trkpt>
      <trkpt lat="38.501545" lon="-2.451400">
        <ele>994</ele>
        <time>2025-12-26T10:52:59.501Z</time>
      </trkpt>
      <trkpt lat="38.501766" lon="-2.451722">
        <ele>995</ele>
        <time>2025-12-26T10:52:59.501Z</time>
      </trkpt>
      <trkpt lat="38.502051" lon="-2.452272">
        <ele>996</ele>
        <time>2025-12-26T10:52:59.501Z</time>
      </trkpt>
      <trkpt lat="38.502138" lon="-2.452386">
        <ele>996.042</ele>
        <time>2025-12-26T10:52:59.501Z</time>
      </trkpt>
      <trkpt lat="38.502305" lon="-2.452530">
        <ele>997.009</ele>
        <time>2025-12-26T10:52:59.501Z</time>
      </trkpt>
      <trkpt lat="38.502442" lon="-2.452614">
        <ele>998</ele>
        <time>2025-12-26T10:52:59.501Z</time>
      </trkpt>
      <trkpt lat="38.502643" lon="-2.452676">
        <ele>998.046</ele>
        <time>2025-12-26T10:52:59.501Z</time>
      </trkpt>
      <trkpt lat="38.502755" lon="-2.452770">
        <ele>999.023</ele>
        <time>2025-12-26T10:52:59.501Z</time>
      </trkpt>
      <trkpt lat="38.502807" lon="-2.452854">
        <ele>1000</ele>
        <time>2025-12-26T10:52:59.501Z</time>
      </trkpt>
      <trkpt lat="38.502889" lon="-2.453135">
        <ele>1000.938</ele>
        <time>2025-12-26T10:52:59.501Z</time>
      </trkpt>
      <trkpt lat="38.502913" lon="-2.453216">
        <ele>1000.972</ele>
        <time>2025-12-26T10:52:59.501Z</time>
      </trkpt>
      <trkpt lat="38.502981" lon="-2.453412">
        <ele>1000.98</ele>
        <time>2025-12-26T10:52:59.501Z</time>
      </trkpt>
      <trkpt lat="38.503084" lon="-2.453518">
        <ele>1001.28</ele>
        <time>2025-12-26T10:52:59.501Z</time>
      </trkpt>
      <trkpt lat="38.503134" lon="-2.453548">
        <ele>1002</ele>
        <time>2025-12-26T10:52:59.501Z</time>
      </trkpt>
      <trkpt lat="38.503228" lon="-2.453556">
        <ele>1002</ele>
        <time>2025-12-26T10:52:59.501Z</time>
      </trkpt>
      <trkpt lat="38.504082" lon="-2.453514">
        <ele>1005</ele>
        <time>2025-12-26T10:52:59.501Z</time>
      </trkpt>
      <trkpt lat="38.504433" lon="-2.453516">
        <ele>1006</ele>
        <time>2025-12-26T10:52:59.501Z</time>
      </trkpt>
      <trkpt lat="38.504555" lon="-2.453550">
        <ele>1006.769</ele>
        <time>2025-12-26T10:52:59.501Z</time>
      </trkpt>
      <trkpt lat="38.504701" lon="-2.453662">
        <ele>1006.959</ele>
        <time>2025-12-26T10:52:59.501Z</time>
      </trkpt>
      <trkpt lat="38.506458" lon="-2.455626">
        <ele>1023.448</ele>
        <time>2025-12-26T10:52:59.501Z</time>
      </trkpt>
      <trkpt lat="38.506607" lon="-2.455744">
        <ele>1024.005</ele>
        <time>2025-12-26T10:52:59.501Z</time>
      </trkpt>
      <trkpt lat="38.506682" lon="-2.455774">
        <ele>1025</ele>
        <time>2025-12-26T10:52:59.501Z</time>
      </trkpt>
      <trkpt lat="38.506798" lon="-2.455806">
        <ele>1025</ele>
        <time>2025-12-26T10:52:59.501Z</time>
      </trkpt>
      <trkpt lat="38.506875" lon="-2.455800">
        <ele>1026</ele>
        <time>2025-12-26T10:52:59.501Z</time>
      </trkpt>
      <trkpt lat="38.508129" lon="-2.455478">
        <ele>1028.73</ele>
        <time>2025-12-26T10:52:59.501Z</time>
      </trkpt>
      <trkpt lat="38.508428" lon="-2.455406">
        <ele>1031</ele>
        <time>2025-12-26T10:52:59.501Z</time>
      </trkpt>
      <trkpt lat="38.508676" lon="-2.455372">
        <ele>1032.015</ele>
        <time>2025-12-26T10:52:59.501Z</time>
      </trkpt>
      <trkpt lat="38.508897" lon="-2.455394">
        <ele>1033</ele>
        <time>2025-12-26T10:52:59.501Z</time>
      </trkpt>
      <trkpt lat="38.509588" lon="-2.455536">
        <ele>1034</ele>
        <time>2025-12-26T10:52:59.501Z</time>
      </trkpt>
      <trkpt lat="38.510498" lon="-2.455766">
        <ele>1038.34</ele>
        <time>2025-12-26T10:52:59.501Z</time>
      </trkpt>
      <trkpt lat="38.512956" lon="-2.456052">
        <ele>1049</ele>
        <time>2025-12-26T10:52:59.501Z</time>
      </trkpt>
      <trkpt lat="38.513081" lon="-2.456152">
        <ele>1049</ele>
        <time>2025-12-26T10:52:59.501Z</time>
      </trkpt>
      <trkpt lat="38.513113" lon="-2.456296">
        <ele>1047.347</ele>
        <time>2025-12-26T10:52:59.501Z</time>
      </trkpt>
      <trkpt lat="38.513165" lon="-2.457570">
        <ele>1053.632</ele>
        <time>2025-12-26T10:52:59.501Z</time>
      </trkpt>
      <trkpt lat="38.513173" lon="-2.457686">
        <ele>1054.808</ele>
        <time>2025-12-26T10:52:59.501Z</time>
      </trkpt>
      <trkpt lat="38.513226" lon="-2.457762">
        <ele>1055.322</ele>
        <time>2025-12-26T10:52:59.501Z</time>
      </trkpt>
      <trkpt lat="38.513271" lon="-2.457812">
        <ele>1056.002</ele>
        <time>2025-12-26T10:52:59.501Z</time>
      </trkpt>
      <trkpt lat="38.513359" lon="-2.457848">
        <ele>1056.458</ele>
        <time>2025-12-26T10:52:59.501Z</time>
      </trkpt>
      <trkpt lat="38.513715" lon="-2.457760">
        <ele>1059.612</ele>
        <time>2025-12-26T10:52:59.501Z</time>
      </trkpt>
      <trkpt lat="38.513771" lon="-2.457722">
        <ele>1060</ele>
        <time>2025-12-26T10:52:59.501Z</time>
      </trkpt>
      <trkpt lat="38.513825" lon="-2.457660">
        <ele>1060.442</ele>
        <time>2025-12-26T10:52:59.501Z</time>
      </trkpt>
      <trkpt lat="38.513875" lon="-2.457520">
        <ele>1061.994</ele>
        <time>2025-12-26T10:52:59.501Z</time>
      </trkpt>
      <trkpt lat="38.513986" lon="-2.457362">
        <ele>1063.009</ele>
        <time>2025-12-26T10:52:59.501Z</time>
      </trkpt>
      <trkpt lat="38.514035" lon="-2.457320">
        <ele>1063.472</ele>
        <time>2025-12-26T10:52:59.501Z</time>
      </trkpt>
      <trkpt lat="38.514138" lon="-2.457276">
        <ele>1064.514</ele>
        <time>2025-12-26T10:52:59.501Z</time>
      </trkpt>
      <trkpt lat="38.514266" lon="-2.457232">
        <ele>1066</ele>
        <time>2025-12-26T10:52:59.501Z</time>
      </trkpt>
      <trkpt lat="38.514643" lon="-2.457216">
        <ele>1068</ele>
        <time>2025-12-26T10:52:59.501Z</time>
      </trkpt>
      <trkpt lat="38.515225" lon="-2.456730">
        <ele>1072.74</ele>
        <time>2025-12-26T10:52:59.501Z</time>
      </trkpt>
      <trkpt lat="38.515567" lon="-2.456514">
        <ele>1075.802</ele>
        <time>2025-12-26T10:52:59.501Z</time>
      </trkpt>
      <trkpt lat="38.515673" lon="-2.456396">
        <ele>1076.671</ele>
        <time>2025-12-26T10:52:59.501Z</time>
      </trkpt>
      <trkpt lat="38.515923" lon="-2.455886">
        <ele>1080.799</ele>
        <time>2025-12-26T10:52:59.501Z</time>
      </trkpt>
      <trkpt lat="38.516143" lon="-2.455516">
        <ele>1083.467</ele>
        <time>2025-12-26T10:52:59.501Z</time>
      </trkpt>
      <trkpt lat="38.516283" lon="-2.455416">
        <ele>1084.766</ele>
        <time>2025-12-26T10:52:59.501Z</time>
      </trkpt>
      <trkpt lat="38.516354" lon="-2.455418">
        <ele>1085.693</ele>
        <time>2025-12-26T10:52:59.501Z</time>
      </trkpt>
      <trkpt lat="38.516403" lon="-2.455446">
        <ele>1086.15</ele>
        <time>2025-12-26T10:52:59.501Z</time>
      </trkpt>
      <trkpt lat="38.516462" lon="-2.455544">
        <ele>1086.684</ele>
        <time>2025-12-26T10:52:59.501Z</time>
      </trkpt>
      <trkpt lat="38.516502" lon="-2.455664">
        <ele>1087.669</ele>
        <time>2025-12-26T10:52:59.501Z</time>
      </trkpt>
      <trkpt lat="38.516526" lon="-2.455802">
        <ele>1087.707</ele>
        <time>2025-12-26T10:52:59.501Z</time>
      </trkpt>
      <trkpt lat="38.516529" lon="-2.455938">
        <ele>1088.921</ele>
        <time>2025-12-26T10:52:59.501Z</time>
      </trkpt>
      <trkpt lat="38.516493" lon="-2.456186">
        <ele>1091</ele>
        <time>2025-12-26T10:52:59.501Z</time>
      </trkpt>
      <trkpt lat="38.516265" lon="-2.456890">
        <ele>1095.446</ele>
        <time>2025-12-26T10:52:59.501Z</time>
      </trkpt>
      <trkpt lat="38.516201" lon="-2.457032">
        <ele>1095.777</ele>
        <time>2025-12-26T10:52:59.501Z</time>
      </trkpt>
      <trkpt lat="38.516166" lon="-2.457122">
        <ele>1097.108</ele>
        <time>2025-12-26T10:52:59.501Z</time>
      </trkpt>
      <trkpt lat="38.515742" lon="-2.457704">
        <ele>1101.953</ele>
        <time>2025-12-26T10:52:59.501Z</time>
      </trkpt>
      <trkpt lat="38.515699" lon="-2.457818">
        <ele>1102.32</ele>
        <time>2025-12-26T10:52:59.501Z</time>
      </trkpt>
      <trkpt lat="38.515673" lon="-2.457956">
        <ele>1102.437</ele>
        <time>2025-12-26T10:52:59.501Z</time>
      </trkpt>
      <trkpt lat="38.515603" lon="-2.458566">
        <ele>1106</ele>
        <time>2025-12-26T10:52:59.501Z</time>
      </trkpt>
      <trkpt lat="38.515653" lon="-2.458716">
        <ele>1108.024</ele>
        <time>2025-12-26T10:52:59.501Z</time>
      </trkpt>
      <trkpt lat="38.515704" lon="-2.458758">
        <ele>1108.815</ele>
        <time>2025-12-26T10:52:59.501Z</time>
      </trkpt>
      <trkpt lat="38.515803" lon="-2.458796">
        <ele>1109</ele>
        <time>2025-12-26T10:52:59.501Z</time>
      </trkpt>
      <trkpt lat="38.516058" lon="-2.458796">
        <ele>1110.77</ele>
        <time>2025-12-26T10:52:59.501Z</time>
      </trkpt>
      <trkpt lat="38.516114" lon="-2.458778">
        <ele>1110.914</ele>
        <time>2025-12-26T10:52:59.501Z</time>
      </trkpt>
      <trkpt lat="38.516177" lon="-2.458714">
        <ele>1112</ele>
        <time>2025-12-26T10:52:59.501Z</time>
      </trkpt>
      <trkpt lat="38.516218" lon="-2.458546">
        <ele>1113</ele>
        <time>2025-12-26T10:52:59.501Z</time>
      </trkpt>
      <trkpt lat="38.516241" lon="-2.458142">
        <ele>1115.046</ele>
        <time>2025-12-26T10:52:59.501Z</time>
      </trkpt>
      <trkpt lat="38.516271" lon="-2.458022">
        <ele>1116.198</ele>
        <time>2025-12-26T10:52:59.501Z</time>
      </trkpt>
      <trkpt lat="38.516314" lon="-2.457968">
        <ele>1117</ele>
        <time>2025-12-26T10:52:59.501Z</time>
      </trkpt>
      <trkpt lat="38.516388" lon="-2.457906">
        <ele>1117</ele>
        <time>2025-12-26T10:52:59.501Z</time>
      </trkpt>
      <trkpt lat="38.516796" lon="-2.457682">
        <ele>1120</ele>
        <time>2025-12-26T10:52:59.501Z</time>
      </trkpt>
      <trkpt lat="38.516861" lon="-2.457612">
        <ele>1121.014</ele>
        <time>2025-12-26T10:52:59.501Z</time>
      </trkpt>
      <trkpt lat="38.516897" lon="-2.457524">
        <ele>1121.477</ele>
        <time>2025-12-26T10:52:59.501Z</time>
      </trkpt>
      <trkpt lat="38.516913" lon="-2.457436">
        <ele>1121.47</ele>
        <time>2025-12-26T10:52:59.501Z</time>
      </trkpt>
      <trkpt lat="38.516906" lon="-2.457262">
        <ele>1121.501</ele>
        <time>2025-12-26T10:52:59.501Z</time>
      </trkpt>
      <trkpt lat="38.516919" lon="-2.457068">
        <ele>1122.63</ele>
        <time>2025-12-26T10:52:59.501Z</time>
      </trkpt>
      <trkpt lat="38.517002" lon="-2.456844">
        <ele>1122.586</ele>
        <time>2025-12-26T10:52:59.501Z</time>
      </trkpt>
      <trkpt lat="38.517177" lon="-2.456674">
        <ele>1126.208</ele>
        <time>2025-12-26T10:52:59.501Z</time>
      </trkpt>
      <trkpt lat="38.517281" lon="-2.456612">
        <ele>1127.024</ele>
        <time>2025-12-26T10:52:59.501Z</time>
      </trkpt>
      <trkpt lat="38.517594" lon="-2.456558">
        <ele>1129.817</ele>
        <time>2025-12-26T10:52:59.501Z</time>
      </trkpt>
      <trkpt lat="38.517735" lon="-2.456450">
        <ele>1130.047</ele>
        <time>2025-12-26T10:52:59.501Z</time>
      </trkpt>
      <trkpt lat="38.518042" lon="-2.455984">
        <ele>1133.623</ele>
        <time>2025-12-26T10:52:59.501Z</time>
      </trkpt>
      <trkpt lat="38.518308" lon="-2.455676">
        <ele>1136.62</ele>
        <time>2025-12-26T10:52:59.501Z</time>
      </trkpt>
      <trkpt lat="38.518609" lon="-2.455438">
        <ele>1140.05</ele>
        <time>2025-12-26T10:52:59.501Z</time>
      </trkpt>
      <trkpt lat="38.518821" lon="-2.455172">
        <ele>1141.642</ele>
        <time>2025-12-26T10:52:59.501Z</time>
      </trkpt>
      <trkpt lat="38.518922" lon="-2.454914">
        <ele>1144.147</ele>
        <time>2025-12-26T10:52:59.501Z</time>
      </trkpt>
      <trkpt lat="38.519032" lon="-2.454494">
        <ele>1146.556</ele>
        <time>2025-12-26T10:52:59.501Z</time>
      </trkpt>
      <trkpt lat="38.519082" lon="-2.454394">
        <ele>1147.536</ele>
        <time>2025-12-26T10:52:59.501Z</time>
      </trkpt>
      <trkpt lat="38.519133" lon="-2.454346">
        <ele>1148</ele>
        <time>2025-12-26T10:52:59.501Z</time>
      </trkpt>
      <trkpt lat="38.519192" lon="-2.454324">
        <ele>1148.514</ele>
        <time>2025-12-26T10:52:59.501Z</time>
      </trkpt>
      <trkpt lat="38.519302" lon="-2.454344">
        <ele>1149.544</ele>
        <time>2025-12-26T10:52:59.501Z</time>
      </trkpt>
      <trkpt lat="38.519355" lon="-2.454390">
        <ele>1149.786</ele>
        <time>2025-12-26T10:52:59.501Z</time>
      </trkpt>
      <trkpt lat="38.519553" lon="-2.454776">
        <ele>1152</ele>
        <time>2025-12-26T10:52:59.501Z</time>
      </trkpt>
      <trkpt lat="38.519615" lon="-2.454830">
        <ele>1152.993</ele>
        <time>2025-12-26T10:52:59.501Z</time>
      </trkpt>
      <trkpt lat="38.520149" lon="-2.455058">
        <ele>1157</ele>
        <time>2025-12-26T10:52:59.501Z</time>
      </trkpt>
      <trkpt lat="38.520236" lon="-2.455062">
        <ele>1158</ele>
        <time>2025-12-26T10:52:59.501Z</time>
      </trkpt>
      <trkpt lat="38.520397" lon="-2.455014">
        <ele>1159</ele>
        <time>2025-12-26T10:52:59.501Z</time>
      </trkpt>
      <trkpt lat="38.520465" lon="-2.455010">
        <ele>1159.785</ele>
        <time>2025-12-26T10:52:59.501Z</time>
      </trkpt>
      <trkpt lat="38.520511" lon="-2.455032">
        <ele>1160</ele>
        <time>2025-12-26T10:52:59.501Z</time>
      </trkpt>
      <trkpt lat="38.520583" lon="-2.455076">
        <ele>1160.057</ele>
        <time>2025-12-26T10:52:59.501Z</time>
      </trkpt>
      <trkpt lat="38.520835" lon="-2.455370">
        <ele>1162.578</ele>
        <time>2025-12-26T10:52:59.501Z</time>
      </trkpt>
      <trkpt lat="38.520888" lon="-2.455416">
        <ele>1163.369</ele>
        <time>2025-12-26T10:52:59.501Z</time>
      </trkpt>
      <trkpt lat="38.521041" lon="-2.455532">
        <ele>1163.976</ele>
        <time>2025-12-26T10:52:59.501Z</time>
      </trkpt>
      <trkpt lat="38.521309" lon="-2.455658">
        <ele>1166.356</ele>
        <time>2025-12-26T10:52:59.501Z</time>
      </trkpt>
      <trkpt lat="38.521718" lon="-2.455696">
        <ele>1169.639</ele>
        <time>2025-12-26T10:52:59.501Z</time>
      </trkpt>
      <trkpt lat="38.522101" lon="-2.455702">
        <ele>1172.154</ele>
        <time>2025-12-26T10:52:59.501Z</time>
      </trkpt>
      <trkpt lat="38.522298" lon="-2.455786">
        <ele>1173.836</ele>
        <time>2025-12-26T10:52:59.501Z</time>
      </trkpt>
      <trkpt lat="38.522384" lon="-2.455798">
        <ele>1174.544</ele>
        <time>2025-12-26T10:52:59.501Z</time>
      </trkpt>
      <trkpt lat="38.522756" lon="-2.455802">
        <ele>1177.765</ele>
        <time>2025-12-26T10:52:59.501Z</time>
      </trkpt>
      <trkpt lat="38.522965" lon="-2.455710">
        <ele>1178.763</ele>
        <time>2025-12-26T10:52:59.501Z</time>
      </trkpt>
      <trkpt lat="38.523246" lon="-2.455752">
        <ele>1180.086</ele>
        <time>2025-12-26T10:52:59.501Z</time>
      </trkpt>
      <trkpt lat="38.523361" lon="-2.455802">
        <ele>1181.964</ele>
        <time>2025-12-26T10:52:59.501Z</time>
      </trkpt>
      <trkpt lat="38.523616" lon="-2.455952">
        <ele>1184.224</ele>
        <time>2025-12-26T10:52:59.501Z</time>
      </trkpt>
      <trkpt lat="38.523919" lon="-2.456288">
        <ele>1187.688</ele>
        <time>2025-12-26T10:52:59.501Z</time>
      </trkpt>
      <trkpt lat="38.523984" lon="-2.456298">
        <ele>1187.19</ele>
        <time>2025-12-26T10:52:59.501Z</time>
      </trkpt>
      <trkpt lat="38.524046" lon="-2.456292">
        <ele>1187.392</ele>
        <time>2025-12-26T10:52:59.501Z</time>
      </trkpt>
      <trkpt lat="38.524098" lon="-2.456266">
        <ele>1187.245</ele>
        <time>2025-12-26T10:52:59.501Z</time>
      </trkpt>
      <trkpt lat="38.524148" lon="-2.456196">
        <ele>1190.088</ele>
        <time>2025-12-26T10:52:59.501Z</time>
      </trkpt>
      <trkpt lat="38.524166" lon="-2.456102">
        <ele>1190.244</ele>
        <time>2025-12-26T10:52:59.501Z</time>
      </trkpt>
      <trkpt lat="38.524164" lon="-2.455998">
        <ele>1191.464</ele>
        <time>2025-12-26T10:52:59.501Z</time>
      </trkpt>
      <trkpt lat="38.523976" lon="-2.454852">
        <ele>1200</ele>
        <time>2025-12-26T10:52:59.501Z</time>
      </trkpt>
      <trkpt lat="38.523788" lon="-2.454176">
        <ele>1203.237</ele>
        <time>2025-12-26T10:52:59.501Z</time>
      </trkpt>
      <trkpt lat="38.523693" lon="-2.453946">
        <ele>1204.691</ele>
        <time>2025-12-26T10:52:59.501Z</time>
      </trkpt>
      <trkpt lat="38.523435" lon="-2.453400">
        <ele>1208.505</ele>
        <time>2025-12-26T10:52:59.501Z</time>
      </trkpt>
      <trkpt lat="38.523287" lon="-2.452704">
        <ele>1213.956</ele>
        <time>2025-12-26T10:52:59.501Z</time>
      </trkpt>
      <trkpt lat="38.523268" lon="-2.452586">
        <ele>1214</ele>
        <time>2025-12-26T10:52:59.501Z</time>
      </trkpt>
      <trkpt lat="38.523279" lon="-2.452468">
        <ele>1214.934</ele>
        <time>2025-12-26T10:52:59.501Z</time>
      </trkpt>
      <trkpt lat="38.523337" lon="-2.452294">
        <ele>1215.28</ele>
        <time>2025-12-26T10:52:59.501Z</time>
      </trkpt>
      <trkpt lat="38.523475" lon="-2.452080">
        <ele>1215.426</ele>
        <time>2025-12-26T10:52:59.501Z</time>
      </trkpt>
      <trkpt lat="38.523576" lon="-2.451992">
        <ele>1216.012</ele>
        <time>2025-12-26T10:52:59.501Z</time>
      </trkpt>
      <trkpt lat="38.523681" lon="-2.451872">
        <ele>1217</ele>
        <time>2025-12-26T10:52:59.501Z</time>
      </trkpt>
      <trkpt lat="38.523749" lon="-2.451788">
        <ele>1218</ele>
        <time>2025-12-26T10:52:59.501Z</time>
      </trkpt>
      <trkpt lat="38.524276" lon="-2.450392">
        <ele>1227.875</ele>
        <time>2025-12-26T10:52:59.501Z</time>
      </trkpt>
      <trkpt lat="38.524528" lon="-2.449856">
        <ele>1232</ele>
        <time>2025-12-26T10:52:59.501Z</time>
      </trkpt>
      <trkpt lat="38.525037" lon="-2.448814">
        <ele>1238.826</ele>
        <time>2025-12-26T10:52:59.501Z</time>
      </trkpt>
      <trkpt lat="38.525313" lon="-2.448096">
        <ele>1242.647</ele>
        <time>2025-12-26T10:52:59.501Z</time>
      </trkpt>
      <trkpt lat="38.525429" lon="-2.447888">
        <ele>1243.883</ele>
        <time>2025-12-26T10:52:59.501Z</time>
      </trkpt>
      <trkpt lat="38.525494" lon="-2.447818">
        <ele>1244.576</ele>
        <time>2025-12-26T10:52:59.501Z</time>
      </trkpt>
      <trkpt lat="38.525762" lon="-2.447614">
        <ele>1245.655</ele>
        <time>2025-12-26T10:52:59.501Z</time>
      </trkpt>
      <trkpt lat="38.525866" lon="-2.447512">
        <ele>1247.788</ele>
        <time>2025-12-26T10:52:59.501Z</time>
      </trkpt>
      <trkpt lat="38.526116" lon="-2.447172">
        <ele>1250.17</ele>
        <time>2025-12-26T10:52:59.501Z</time>
      </trkpt>
      <trkpt lat="38.526284" lon="-2.447108">
        <ele>1251.866</ele>
        <time>2025-12-26T10:52:59.501Z</time>
      </trkpt>
      <trkpt lat="38.526387" lon="-2.447094">
        <ele>1252.698</ele>
        <time>2025-12-26T10:52:59.501Z</time>
      </trkpt>
      <trkpt lat="38.526616" lon="-2.447122">
        <ele>1254.654</ele>
        <time>2025-12-26T10:52:59.501Z</time>
      </trkpt>
      <trkpt lat="38.526908" lon="-2.447096">
        <ele>1257.871</ele>
        <time>2025-12-26T10:52:59.501Z</time>
      </trkpt>
      <trkpt lat="38.527243" lon="-2.447136">
        <ele>1260</ele>
        <time>2025-12-26T10:52:59.501Z</time>
      </trkpt>
      <trkpt lat="38.527477" lon="-2.447114">
        <ele>1261.883</ele>
        <time>2025-12-26T10:52:59.501Z</time>
      </trkpt>
      <trkpt lat="38.527698" lon="-2.447016">
        <ele>1263.417</ele>
        <time>2025-12-26T10:52:59.501Z</time>
      </trkpt>
      <trkpt lat="38.527753" lon="-2.446946">
        <ele>1264</ele>
        <time>2025-12-26T10:52:59.501Z</time>
      </trkpt>
      <trkpt lat="38.527802" lon="-2.446864">
        <ele>1265.055</ele>
        <time>2025-12-26T10:52:59.501Z</time>
      </trkpt>
      <trkpt lat="38.527831" lon="-2.446762">
        <ele>1265.706</ele>
        <time>2025-12-26T10:52:59.501Z</time>
      </trkpt>
      <trkpt lat="38.527835" lon="-2.446460">
        <ele>1266.001</ele>
        <time>2025-12-26T10:52:59.501Z</time>
      </trkpt>
      <trkpt lat="38.527797" lon="-2.445384">
        <ele>1271.954</ele>
        <time>2025-12-26T10:52:59.501Z</time>
      </trkpt>
      <trkpt lat="38.527759" lon="-2.444858">
        <ele>1275.285</ele>
        <time>2025-12-26T10:52:59.501Z</time>
      </trkpt>
      <trkpt lat="38.527676" lon="-2.444522">
        <ele>1277.568</ele>
        <time>2025-12-26T10:52:59.501Z</time>
      </trkpt>
      <trkpt lat="38.527672" lon="-2.444414">
        <ele>1278.119</ele>
        <time>2025-12-26T10:52:59.501Z</time>
      </trkpt>
      <trkpt lat="38.527748" lon="-2.443966">
        <ele>1281</ele>
        <time>2025-12-26T10:52:59.501Z</time>
      </trkpt>
      <trkpt lat="38.527751" lon="-2.443822">
        <ele>1282</ele>
        <time>2025-12-26T10:52:59.501Z</time>
      </trkpt>
      <trkpt lat="38.527721" lon="-2.443572">
        <ele>1283.281</ele>
        <time>2025-12-26T10:52:59.501Z</time>
      </trkpt>
      <trkpt lat="38.527649" lon="-2.443448">
        <ele>1283.57</ele>
        <time>2025-12-26T10:52:59.501Z</time>
      </trkpt>
      <trkpt lat="38.527533" lon="-2.443396">
        <ele>1285</ele>
        <time>2025-12-26T10:52:59.501Z</time>
      </trkpt>
      <trkpt lat="38.527269" lon="-2.443468">
        <ele>1286.379</ele>
        <time>2025-12-26T10:52:59.501Z</time>
      </trkpt>
      <trkpt lat="38.527189" lon="-2.443448">
        <ele>1287.078</ele>
        <time>2025-12-26T10:52:59.501Z</time>
      </trkpt>
      <trkpt lat="38.527126" lon="-2.443412">
        <ele>1288</ele>
        <time>2025-12-26T10:52:59.501Z</time>
      </trkpt>
      <trkpt lat="38.526888" lon="-2.443176">
        <ele>1289.957</ele>
        <time>2025-12-26T10:52:59.501Z</time>
      </trkpt>
      <trkpt lat="38.526785" lon="-2.443000">
        <ele>1290.94</ele>
        <time>2025-12-26T10:52:59.501Z</time>
      </trkpt>
      <trkpt lat="38.526683" lon="-2.442436">
        <ele>1294.839</ele>
        <time>2025-12-26T10:52:59.501Z</time>
      </trkpt>
      <trkpt lat="38.526643" lon="-2.442316">
        <ele>1295</ele>
        <time>2025-12-26T10:52:59.501Z</time>
      </trkpt>
      <trkpt lat="38.526595" lon="-2.442230">
        <ele>1295.993</ele>
        <time>2025-12-26T10:52:59.501Z</time>
      </trkpt>
      <trkpt lat="38.526543" lon="-2.442186">
        <ele>1296.021</ele>
        <time>2025-12-26T10:52:59.501Z</time>
      </trkpt>
      <trkpt lat="38.526219" lon="-2.442028">
        <ele>1298.923</ele>
        <time>2025-12-26T10:52:59.501Z</time>
      </trkpt>
      <trkpt lat="38.526089" lon="-2.441898">
        <ele>1299.98</ele>
        <time>2025-12-26T10:52:59.501Z</time>
      </trkpt>
      <trkpt lat="38.526029" lon="-2.441768">
        <ele>1300.926</ele>
        <time>2025-12-26T10:52:59.501Z</time>
      </trkpt>
      <trkpt lat="38.525958" lon="-2.441496">
        <ele>1302.644</ele>
        <time>2025-12-26T10:52:59.501Z</time>
      </trkpt>
      <trkpt lat="38.525887" lon="-2.441314">
        <ele>1303.798</ele>
        <time>2025-12-26T10:52:59.501Z</time>
      </trkpt>
      <trkpt lat="38.525774" lon="-2.441238">
        <ele>1304.919</ele>
        <time>2025-12-26T10:52:59.501Z</time>
      </trkpt>
      <trkpt lat="38.525311" lon="-2.441142">
        <ele>1308.003</ele>
        <time>2025-12-26T10:52:59.501Z</time>
      </trkpt>
      <trkpt lat="38.525158" lon="-2.441066">
        <ele>1309.093</ele>
        <time>2025-12-26T10:52:59.501Z</time>
      </trkpt>
      <trkpt lat="38.525089" lon="-2.440928">
        <ele>1309.959</ele>
        <time>2025-12-26T10:52:59.501Z</time>
      </trkpt>
      <trkpt lat="38.525024" lon="-2.440748">
        <ele>1311.023</ele>
        <time>2025-12-26T10:52:59.501Z</time>
      </trkpt>
      <trkpt lat="38.524936" lon="-2.440562">
        <ele>1312.334</ele>
        <time>2025-12-26T10:52:59.501Z</time>
      </trkpt>
      <trkpt lat="38.524775" lon="-2.440400">
        <ele>1314.1</ele>
        <time>2025-12-26T10:52:59.501Z</time>
      </trkpt>
      <trkpt lat="38.524331" lon="-2.440242">
        <ele>1316.708</ele>
        <time>2025-12-26T10:52:59.501Z</time>
      </trkpt>
      <trkpt lat="38.523887" lon="-2.440144">
        <ele>1318.869</ele>
        <time>2025-12-26T10:52:59.501Z</time>
      </trkpt>
      <trkpt lat="38.523783" lon="-2.440066">
        <ele>1319.319</ele>
        <time>2025-12-26T10:52:59.501Z</time>
      </trkpt>
      <trkpt lat="38.523186" lon="-2.439302">
        <ele>1326.322</ele>
        <time>2025-12-26T10:52:59.501Z</time>
      </trkpt>
      <trkpt lat="38.522516" lon="-2.438382">
        <ele>1333.503</ele>
        <time>2025-12-26T10:52:59.501Z</time>
      </trkpt>
      <trkpt lat="38.522422" lon="-2.438194">
        <ele>1334.602</ele>
        <time>2025-12-26T10:52:59.501Z</time>
      </trkpt>
      <trkpt lat="38.522376" lon="-2.438012">
        <ele>1335.691</ele>
        <time>2025-12-26T10:52:59.501Z</time>
      </trkpt>
      <trkpt lat="38.522255" lon="-2.437260">
        <ele>1340</ele>
        <time>2025-12-26T10:52:59.501Z</time>
      </trkpt>
      <trkpt lat="38.522193" lon="-2.434706">
        <ele>1352.558</ele>
        <time>2025-12-26T10:52:59.501Z</time>
      </trkpt>
      <trkpt lat="38.522247" lon="-2.434644">
        <ele>1353.634</ele>
        <time>2025-12-26T10:52:59.501Z</time>
      </trkpt>
      <trkpt lat="38.522365" lon="-2.434560">
        <ele>1354.954</ele>
        <time>2025-12-26T10:52:59.501Z</time>
      </trkpt>
      <trkpt lat="38.522421" lon="-2.434572">
        <ele>1355.078</ele>
        <time>2025-12-26T10:52:59.501Z</time>
      </trkpt>
      <trkpt lat="38.522485" lon="-2.434600">
        <ele>1355.066</ele>
        <time>2025-12-26T10:52:59.501Z</time>
      </trkpt>
      <trkpt lat="38.522535" lon="-2.434660">
        <ele>1355.769</ele>
        <time>2025-12-26T10:52:59.501Z</time>
      </trkpt>
      <trkpt lat="38.522577" lon="-2.434794">
        <ele>1356</ele>
        <time>2025-12-26T10:52:59.501Z</time>
      </trkpt>
      <trkpt lat="38.522564" lon="-2.434878">
        <ele>1355.445</ele>
        <time>2025-12-26T10:52:59.501Z</time>
      </trkpt>
      <trkpt lat="38.522514" lon="-2.435028">
        <ele>1355.853</ele>
        <time>2025-12-26T10:52:59.501Z</time>
      </trkpt>
      <trkpt lat="38.522465" lon="-2.435290">
        <ele>1358.34</ele>
        <time>2025-12-26T10:52:59.501Z</time>
      </trkpt>
      <trkpt lat="38.522455" lon="-2.435480">
        <ele>1360.006</ele>
        <time>2025-12-26T10:52:59.501Z</time>
      </trkpt>
      <trkpt lat="38.522457" lon="-2.435644">
        <ele>1361.06</ele>
        <time>2025-12-26T10:52:59.501Z</time>
      </trkpt>
      <trkpt lat="38.522507" lon="-2.435834">
        <ele>1361.465</ele>
        <time>2025-12-26T10:52:59.501Z</time>
      </trkpt>
      <trkpt lat="38.522573" lon="-2.435996">
        <ele>1363.621</ele>
        <time>2025-12-26T10:52:59.501Z</time>
      </trkpt>
      <trkpt lat="38.522641" lon="-2.436102">
        <ele>1363.728</ele>
        <time>2025-12-26T10:52:59.501Z</time>
      </trkpt>
      <trkpt lat="38.522746" lon="-2.436212">
        <ele>1365.366</ele>
        <time>2025-12-26T10:52:59.501Z</time>
      </trkpt>
      <trkpt lat="38.522853" lon="-2.436266">
        <ele>1366.03</ele>
        <time>2025-12-26T10:52:59.501Z</time>
      </trkpt>
      <trkpt lat="38.522981" lon="-2.436272">
        <ele>1366.407</ele>
        <time>2025-12-26T10:52:59.501Z</time>
      </trkpt>
      <trkpt lat="38.523298" lon="-2.436226">
        <ele>1369.966</ele>
        <time>2025-12-26T10:52:59.501Z</time>
      </trkpt>
      <trkpt lat="38.523461" lon="-2.436282">
        <ele>1371</ele>
        <time>2025-12-26T10:52:59.501Z</time>
      </trkpt>
      <trkpt lat="38.523608" lon="-2.436416">
        <ele>1373.465</ele>
        <time>2025-12-26T10:52:59.501Z</time>
      </trkpt>
      <trkpt lat="38.523652" lon="-2.436534">
        <ele>1373.172</ele>
        <time>2025-12-26T10:52:59.501Z</time>
      </trkpt>
      <trkpt lat="38.523682" lon="-2.436654">
        <ele>1373.547</ele>
        <time>2025-12-26T10:52:59.501Z</time>
      </trkpt>
      <trkpt lat="38.523685" lon="-2.436780">
        <ele>1373.23</ele>
        <time>2025-12-26T10:52:59.501Z</time>
      </trkpt>
      <trkpt lat="38.523661" lon="-2.436912">
        <ele>1373.974</ele>
        <time>2025-12-26T10:52:59.501Z</time>
      </trkpt>
      <trkpt lat="38.523565" lon="-2.437230">
        <ele>1375.421</ele>
        <time>2025-12-26T10:52:59.501Z</time>
      </trkpt>
      <trkpt lat="38.523578" lon="-2.437336">
        <ele>1376</ele>
        <time>2025-12-26T10:52:59.501Z</time>
      </trkpt>
      <trkpt lat="38.523581" lon="-2.437392">
        <ele>1376.777</ele>
        <time>2025-12-26T10:52:59.501Z</time>
      </trkpt>
      <trkpt lat="38.523643" lon="-2.437476">
        <ele>1377.515</ele>
        <time>2025-12-26T10:52:59.501Z</time>
      </trkpt>
      <trkpt lat="38.523732" lon="-2.437504">
        <ele>1378.221</ele>
        <time>2025-12-26T10:52:59.501Z</time>
      </trkpt>
      <trkpt lat="38.523853" lon="-2.437486">
        <ele>1379.537</ele>
        <time>2025-12-26T10:52:59.501Z</time>
      </trkpt>
      <trkpt lat="38.523905" lon="-2.437420">
        <ele>1379.547</ele>
        <time>2025-12-26T10:52:59.501Z</time>
      </trkpt>
      <trkpt lat="38.523926" lon="-2.437322">
        <ele>1380.534</ele>
        <time>2025-12-26T10:52:59.501Z</time>
      </trkpt>
      <trkpt lat="38.523884" lon="-2.436608">
        <ele>1384.828</ele>
        <time>2025-12-26T10:52:59.501Z</time>
      </trkpt>
      <trkpt lat="38.523874" lon="-2.435978">
        <ele>1388.235</ele>
        <time>2025-12-26T10:52:59.501Z</time>
      </trkpt>
      <trkpt lat="38.523869" lon="-2.435878">
        <ele>1389.105</ele>
        <time>2025-12-26T10:52:59.501Z</time>
      </trkpt>
      <trkpt lat="38.523769" lon="-2.435518">
        <ele>1391.4</ele>
        <time>2025-12-26T10:52:59.501Z</time>
      </trkpt>
      <trkpt lat="38.523708" lon="-2.435386">
        <ele>1392.18</ele>
        <time>2025-12-26T10:52:59.501Z</time>
      </trkpt>
      <trkpt lat="38.523604" lon="-2.435338">
        <ele>1393.13</ele>
        <time>2025-12-26T10:52:59.501Z</time>
      </trkpt>
      <trkpt lat="38.523426" lon="-2.435362">
        <ele>1394.68</ele>
        <time>2025-12-26T10:52:59.501Z</time>
      </trkpt>
      <trkpt lat="38.523328" lon="-2.435346">
        <ele>1395.229</ele>
        <time>2025-12-26T10:52:59.501Z</time>
      </trkpt>
      <trkpt lat="38.523252" lon="-2.435294">
        <ele>1396</ele>
        <time>2025-12-26T10:52:59.501Z</time>
      </trkpt>
      <trkpt lat="38.523233" lon="-2.435216">
        <ele>1396.978</ele>
        <time>2025-12-26T10:52:59.501Z</time>
      </trkpt>
      <trkpt lat="38.523225" lon="-2.435140">
        <ele>1396.778</ele>
        <time>2025-12-26T10:52:59.501Z</time>
      </trkpt>
      <trkpt lat="38.523296" lon="-2.434992">
        <ele>1397.831</ele>
        <time>2025-12-26T10:52:59.501Z</time>
      </trkpt>
      <trkpt lat="38.523528" lon="-2.434736">
        <ele>1400.745</ele>
        <time>2025-12-26T10:52:59.501Z</time>
      </trkpt>
      <trkpt lat="38.523599" lon="-2.434538">
        <ele>1400.612</ele>
        <time>2025-12-26T10:52:59.501Z</time>
      </trkpt>
      <trkpt lat="38.523579" lon="-2.434358">
        <ele>1402.702</ele>
        <time>2025-12-26T10:52:59.501Z</time>
      </trkpt>
      <trkpt lat="38.523393" lon="-2.434076">
        <ele>1404.827</ele>
        <time>2025-12-26T10:52:59.501Z</time>
      </trkpt>
      <trkpt lat="38.523386" lon="-2.433962">
        <ele>1405.864</ele>
        <time>2025-12-26T10:52:59.501Z</time>
      </trkpt>
      <trkpt lat="38.523416" lon="-2.433852">
        <ele>1405.93</ele>
        <time>2025-12-26T10:52:59.501Z</time>
      </trkpt>
      <trkpt lat="38.523462" lon="-2.433774">
        <ele>1406.787</ele>
        <time>2025-12-26T10:52:59.501Z</time>
      </trkpt>
      <trkpt lat="38.523669" lon="-2.433628">
        <ele>1408.934</ele>
        <time>2025-12-26T10:52:59.501Z</time>
      </trkpt>
      <trkpt lat="38.523708" lon="-2.433546">
        <ele>1409</ele>
        <time>2025-12-26T10:52:59.501Z</time>
      </trkpt>
      <trkpt lat="38.523716" lon="-2.433432">
        <ele>1409.972</ele>
        <time>2025-12-26T10:52:59.501Z</time>
      </trkpt>
      <trkpt lat="38.523708" lon="-2.433206">
        <ele>1410.996</ele>
        <time>2025-12-26T10:52:59.501Z</time>
      </trkpt>
      <trkpt lat="38.523721" lon="-2.433072">
        <ele>1411.189</ele>
        <time>2025-12-26T10:52:59.501Z</time>
      </trkpt>
      <trkpt lat="38.523795" lon="-2.432830">
        <ele>1413.02</ele>
        <time>2025-12-26T10:52:59.501Z</time>
      </trkpt>
      <trkpt lat="38.523816" lon="-2.432672">
        <ele>1414</ele>
        <time>2025-12-26T10:52:59.501Z</time>
      </trkpt>
      <trkpt lat="38.523833" lon="-2.432306">
        <ele>1416.151</ele>
        <time>2025-12-26T10:52:59.501Z</time>
      </trkpt>
      <trkpt lat="38.523852" lon="-2.432174">
        <ele>1417</ele>
        <time>2025-12-26T10:52:59.501Z</time>
      </trkpt>
      <trkpt lat="38.524068" lon="-2.431756">
        <ele>1420</ele>
        <time>2025-12-26T10:52:59.501Z</time>
      </trkpt>
      <trkpt lat="38.524161" lon="-2.431592">
        <ele>1421</ele>
        <time>2025-12-26T10:52:59.501Z</time>
      </trkpt>
      <trkpt lat="38.524247" lon="-2.431494">
        <ele>1422.041</ele>
        <time>2025-12-26T10:52:59.501Z</time>
      </trkpt>
      <trkpt lat="38.524313" lon="-2.431446">
        <ele>1422.352</ele>
        <time>2025-12-26T10:52:59.501Z</time>
      </trkpt>
      <trkpt lat="38.524384" lon="-2.431428">
        <ele>1423.785</ele>
        <time>2025-12-26T10:52:59.501Z</time>
      </trkpt>
      <trkpt lat="38.524783" lon="-2.431546">
        <ele>1426</ele>
        <time>2025-12-26T10:52:59.501Z</time>
      </trkpt>
      <trkpt lat="38.524948" lon="-2.431526">
        <ele>1426.034</ele>
        <time>2025-12-26T10:52:59.501Z</time>
      </trkpt>
      <trkpt lat="38.525015" lon="-2.431460">
        <ele>1428</ele>
        <time>2025-12-26T10:52:59.501Z</time>
      </trkpt>
      <trkpt lat="38.525246" lon="-2.431052">
        <ele>1430.21</ele>
        <time>2025-12-26T10:52:59.501Z</time>
      </trkpt>
      <trkpt lat="38.525378" lon="-2.430886">
        <ele>1431.962</ele>
        <time>2025-12-26T10:52:59.501Z</time>
      </trkpt>
      <trkpt lat="38.525581" lon="-2.430692">
        <ele>1433.859</ele>
        <time>2025-12-26T10:52:59.501Z</time>
      </trkpt>
      <trkpt lat="38.525656" lon="-2.430602">
        <ele>1435</ele>
        <time>2025-12-26T10:52:59.501Z</time>
      </trkpt>
      <trkpt lat="38.525677" lon="-2.430504">
        <ele>1435.278</ele>
        <time>2025-12-26T10:52:59.501Z</time>
      </trkpt>
      <trkpt lat="38.525678" lon="-2.430416">
        <ele>1436.287</ele>
        <time>2025-12-26T10:52:59.501Z</time>
      </trkpt>
      <trkpt lat="38.525573" lon="-2.429846">
        <ele>1438.425</ele>
        <time>2025-12-26T10:52:59.501Z</time>
      </trkpt>
      <trkpt lat="38.525579" lon="-2.429738">
        <ele>1439.247</ele>
        <time>2025-12-26T10:52:59.501Z</time>
      </trkpt>
      <trkpt lat="38.525596" lon="-2.429632">
        <ele>1440.013</ele>
        <time>2025-12-26T10:52:59.501Z</time>
      </trkpt>
      <trkpt lat="38.525639" lon="-2.429548">
        <ele>1441</ele>
        <time>2025-12-26T10:52:59.501Z</time>
      </trkpt>
      <trkpt lat="38.525929" lon="-2.429078">
        <ele>1443.944</ele>
        <time>2025-12-26T10:52:59.501Z</time>
      </trkpt>
      <trkpt lat="38.526019" lon="-2.428978">
        <ele>1445.012</ele>
        <time>2025-12-26T10:52:59.501Z</time>
      </trkpt>
      <trkpt lat="38.526369" lon="-2.428848">
        <ele>1448</ele>
        <time>2025-12-26T10:52:59.501Z</time>
      </trkpt>
      <trkpt lat="38.526531" lon="-2.428562">
        <ele>1448.71</ele>
        <time>2025-12-26T10:52:59.501Z</time>
      </trkpt>
      <trkpt lat="38.526596" lon="-2.428512">
        <ele>1450.198</ele>
        <time>2025-12-26T10:52:59.501Z</time>
      </trkpt>
      <trkpt lat="38.526706" lon="-2.428492">
        <ele>1451</ele>
        <time>2025-12-26T10:52:59.501Z</time>
      </trkpt>
      <trkpt lat="38.526824" lon="-2.428548">
        <ele>1452</ele>
        <time>2025-12-26T10:52:59.501Z</time>
      </trkpt>
      <trkpt lat="38.526907" lon="-2.428544">
        <ele>1452.297</ele>
        <time>2025-12-26T10:52:59.501Z</time>
      </trkpt>
      <trkpt lat="38.526978" lon="-2.428516">
        <ele>1452.008</ele>
        <time>2025-12-26T10:52:59.501Z</time>
      </trkpt>
      <trkpt lat="38.527022" lon="-2.428474">
        <ele>1452.102</ele>
        <time>2025-12-26T10:52:59.501Z</time>
      </trkpt>
      <trkpt lat="38.527078" lon="-2.428306">
        <ele>1454</ele>
        <time>2025-12-26T10:52:59.501Z</time>
      </trkpt>
      <trkpt lat="38.527061" lon="-2.428202">
        <ele>1454.491</ele>
        <time>2025-12-26T10:52:59.501Z</time>
      </trkpt>
      <trkpt lat="38.526858" lon="-2.427346">
        <ele>1459.499</ele>
        <time>2025-12-26T10:52:59.501Z</time>
      </trkpt>
      <trkpt lat="38.526835" lon="-2.427110">
        <ele>1459.928</ele>
        <time>2025-12-26T10:52:59.501Z</time>
      </trkpt>
      <trkpt lat="38.526854" lon="-2.427048">
        <ele>1461.184</ele>
        <time>2025-12-26T10:52:59.501Z</time>
      </trkpt>
      <trkpt lat="38.526928" lon="-2.426936">
        <ele>1461.001</ele>
        <time>2025-12-26T10:52:59.501Z</time>
      </trkpt>
      <trkpt lat="38.527107" lon="-2.426734">
        <ele>1463.209</ele>
        <time>2025-12-26T10:52:59.501Z</time>
      </trkpt>
      <trkpt lat="38.527164" lon="-2.426638">
        <ele>1464.596</ele>
        <time>2025-12-26T10:52:59.501Z</time>
      </trkpt>
      <trkpt lat="38.527193" lon="-2.426536">
        <ele>1465.115</ele>
        <time>2025-12-26T10:52:59.501Z</time>
      </trkpt>
      <trkpt lat="38.527192" lon="-2.426434">
        <ele>1465.841</ele>
        <time>2025-12-26T10:52:59.501Z</time>
      </trkpt>
      <trkpt lat="38.527131" lon="-2.426012">
        <ele>1467.276</ele>
        <time>2025-12-26T10:52:59.501Z</time>
      </trkpt>
      <trkpt lat="38.527133" lon="-2.425816">
        <ele>1468.349</ele>
        <time>2025-12-26T10:52:59.501Z</time>
      </trkpt>
      <trkpt lat="38.527174" lon="-2.425578">
        <ele>1470</ele>
        <time>2025-12-26T10:52:59.501Z</time>
      </trkpt>
      <trkpt lat="38.527248" lon="-2.425306">
        <ele>1471.378</ele>
        <time>2025-12-26T10:52:59.501Z</time>
      </trkpt>
      <trkpt lat="38.527377" lon="-2.425034">
        <ele>1475.068</ele>
        <time>2025-12-26T10:52:59.501Z</time>
      </trkpt>
      <trkpt lat="38.527493" lon="-2.424836">
        <ele>1476.454</ele>
        <time>2025-12-26T10:52:59.501Z</time>
      </trkpt>
      <trkpt lat="38.527872" lon="-2.424554">
        <ele>1474.149</ele>
        <time>2025-12-26T10:52:59.501Z</time>
      </trkpt>
      <trkpt lat="38.528019" lon="-2.424398">
        <ele>1472.876</ele>
        <time>2025-12-26T10:52:59.501Z</time>
      </trkpt>
      <trkpt lat="38.528073" lon="-2.424206">
        <ele>1470.099</ele>
        <time>2025-12-26T10:52:59.501Z</time>
      </trkpt>
      <trkpt lat="38.528143" lon="-2.423816">
        <ele>1467.002</ele>
        <time>2025-12-26T10:52:59.501Z</time>
      </trkpt>
      <trkpt lat="38.528206" lon="-2.423712">
        <ele>1466.996</ele>
        <time>2025-12-26T10:52:59.501Z</time>
      </trkpt>
      <trkpt lat="38.528435" lon="-2.423530">
        <ele>1464.963</ele>
        <time>2025-12-26T10:52:59.501Z</time>
      </trkpt>
      <trkpt lat="38.528516" lon="-2.423392">
        <ele>1462.936</ele>
        <time>2025-12-26T10:52:59.501Z</time>
      </trkpt>
      <trkpt lat="38.528636" lon="-2.423072">
        <ele>1463.894</ele>
        <time>2025-12-26T10:52:59.501Z</time>
      </trkpt>
      <trkpt lat="38.528674" lon="-2.422988">
        <ele>1463.91</ele>
        <time>2025-12-26T10:52:59.501Z</time>
      </trkpt>
      <trkpt lat="38.528737" lon="-2.422914">
        <ele>1461.533</ele>
        <time>2025-12-26T10:52:59.501Z</time>
      </trkpt>
      <trkpt lat="38.529066" lon="-2.422622">
        <ele>1457.916</ele>
        <time>2025-12-26T10:52:59.501Z</time>
      </trkpt>
      <trkpt lat="38.529399" lon="-2.422268">
        <ele>1454.926</ele>
        <time>2025-12-26T10:52:59.501Z</time>
      </trkpt>
      <trkpt lat="38.529655" lon="-2.421910">
        <ele>1452.761</ele>
        <time>2025-12-26T10:52:59.501Z</time>
      </trkpt>
      <trkpt lat="38.530175" lon="-2.421050">
        <ele>1446.823</ele>
        <time>2025-12-26T10:52:59.501Z</time>
      </trkpt>
      <trkpt lat="38.530593" lon="-2.420206">
        <ele>1442.804</ele>
        <time>2025-12-26T10:52:59.501Z</time>
      </trkpt>
      <trkpt lat="38.530738" lon="-2.419846">
        <ele>1440.893</ele>
        <time>2025-12-26T10:52:59.501Z</time>
      </trkpt>
      <trkpt lat="38.530796" lon="-2.419582">
        <ele>1440.249</ele>
        <time>2025-12-26T10:52:59.501Z</time>
      </trkpt>
      <trkpt lat="38.530852" lon="-2.419064">
        <ele>1437.5</ele>
        <time>2025-12-26T10:52:59.501Z</time>
      </trkpt>
      <trkpt lat="38.530831" lon="-2.418612">
        <ele>1435</ele>
        <time>2025-12-26T10:52:59.501Z</time>
      </trkpt>
      <trkpt lat="38.530769" lon="-2.418208">
        <ele>1432.402</ele>
        <time>2025-12-26T10:52:59.501Z</time>
      </trkpt>
      <trkpt lat="38.530773" lon="-2.417666">
        <ele>1430.196</ele>
        <time>2025-12-26T10:52:59.501Z</time>
      </trkpt>
      <trkpt lat="38.530768" lon="-2.417286">
        <ele>1427.15</ele>
        <time>2025-12-26T10:52:59.501Z</time>
      </trkpt>
      <trkpt lat="38.530644" lon="-2.416698">
        <ele>1425</ele>
        <time>2025-12-26T10:52:59.501Z</time>
      </trkpt>
      <trkpt lat="38.530668" lon="-2.416596">
        <ele>1425.135</ele>
        <time>2025-12-26T10:52:59.501Z</time>
      </trkpt>
      <trkpt lat="38.530704" lon="-2.416498">
        <ele>1425.267</ele>
        <time>2025-12-26T10:52:59.501Z</time>
      </trkpt>
      <trkpt lat="38.531143" lon="-2.415936">
        <ele>1420.158</ele>
        <time>2025-12-26T10:52:59.501Z</time>
      </trkpt>
      <trkpt lat="38.531196" lon="-2.415832">
        <ele>1419.591</ele>
        <time>2025-12-26T10:52:59.501Z</time>
      </trkpt>
      <trkpt lat="38.531239" lon="-2.415698">
        <ele>1418.196</ele>
        <time>2025-12-26T10:52:59.501Z</time>
      </trkpt>
      <trkpt lat="38.531258" lon="-2.415126">
        <ele>1415.325</ele>
        <time>2025-12-26T10:52:59.501Z</time>
      </trkpt>
      <trkpt lat="38.531275" lon="-2.415040">
        <ele>1415.092</ele>
        <time>2025-12-26T10:52:59.501Z</time>
      </trkpt>
      <trkpt lat="38.531358" lon="-2.414936">
        <ele>1413.756</ele>
        <time>2025-12-26T10:52:59.501Z</time>
      </trkpt>
      <trkpt lat="38.531505" lon="-2.414750">
        <ele>1412.035</ele>
        <time>2025-12-26T10:52:59.501Z</time>
      </trkpt>
      <trkpt lat="38.531571" lon="-2.414652">
        <ele>1411.088</ele>
        <time>2025-12-26T10:52:59.501Z</time>
      </trkpt>
      <trkpt lat="38.531617" lon="-2.414504">
        <ele>1411</ele>
        <time>2025-12-26T10:52:59.501Z</time>
      </trkpt>
      <trkpt lat="38.531625" lon="-2.414310">
        <ele>1408.717</ele>
        <time>2025-12-26T10:52:59.501Z</time>
      </trkpt>
      <trkpt lat="38.531665" lon="-2.414100">
        <ele>1407.958</ele>
        <time>2025-12-26T10:52:59.501Z</time>
      </trkpt>
      <trkpt lat="38.531722" lon="-2.414004">
        <ele>1407</ele>
        <time>2025-12-26T10:52:59.501Z</time>
      </trkpt>
      <trkpt lat="38.531948" lon="-2.413866">
        <ele>1405.018</ele>
        <time>2025-12-26T10:52:59.501Z</time>
      </trkpt>
      <trkpt lat="38.532054" lon="-2.413738">
        <ele>1404.631</ele>
        <time>2025-12-26T10:52:59.501Z</time>
      </trkpt>
      <trkpt lat="38.532172" lon="-2.413574">
        <ele>1402.209</ele>
        <time>2025-12-26T10:52:59.501Z</time>
      </trkpt>
      <trkpt lat="38.532337" lon="-2.413264">
        <ele>1400.154</ele>
        <time>2025-12-26T10:52:59.501Z</time>
      </trkpt>
      <trkpt lat="38.532413" lon="-2.412986">
        <ele>1397.647</ele>
        <time>2025-12-26T10:52:59.501Z</time>
      </trkpt>
      <trkpt lat="38.532407" lon="-2.412644">
        <ele>1396.495</ele>
        <time>2025-12-26T10:52:59.501Z</time>
      </trkpt>
      <trkpt lat="38.532438" lon="-2.412486">
        <ele>1395.451</ele>
        <time>2025-12-26T10:52:59.501Z</time>
      </trkpt>
      <trkpt lat="38.532477" lon="-2.412364">
        <ele>1395.765</ele>
        <time>2025-12-26T10:52:59.501Z</time>
      </trkpt>
      <trkpt lat="38.532523" lon="-2.412306">
        <ele>1395</ele>
        <time>2025-12-26T10:52:59.501Z</time>
      </trkpt>
      <trkpt lat="38.532584" lon="-2.412278">
        <ele>1394.543</ele>
        <time>2025-12-26T10:52:59.501Z</time>
      </trkpt>
      <trkpt lat="38.532679" lon="-2.412308">
        <ele>1394</ele>
        <time>2025-12-26T10:52:59.501Z</time>
      </trkpt>
      <trkpt lat="38.532748" lon="-2.412346">
        <ele>1394.293</ele>
        <time>2025-12-26T10:52:59.501Z</time>
      </trkpt>
      <trkpt lat="38.532829" lon="-2.412508">
        <ele>1393.3</ele>
        <time>2025-12-26T10:52:59.501Z</time>
      </trkpt>
      <trkpt lat="38.532806" lon="-2.412692">
        <ele>1391.53</ele>
        <time>2025-12-26T10:52:59.501Z</time>
      </trkpt>
      <trkpt lat="38.532275" lon="-2.413980">
        <ele>1384.667</ele>
        <time>2025-12-26T10:52:59.501Z</time>
      </trkpt>
      <trkpt lat="38.532208" lon="-2.414096">
        <ele>1385.188</ele>
        <time>2025-12-26T10:52:59.501Z</time>
      </trkpt>
      <trkpt lat="38.532145" lon="-2.414270">
        <ele>1382.9</ele>
        <time>2025-12-26T10:52:59.501Z</time>
      </trkpt>
      <trkpt lat="38.532129" lon="-2.414388">
        <ele>1381.977</ele>
        <time>2025-12-26T10:52:59.501Z</time>
      </trkpt>
      <trkpt lat="38.532136" lon="-2.414552">
        <ele>1382.007</ele>
        <time>2025-12-26T10:52:59.501Z</time>
      </trkpt>
      <trkpt lat="38.532127" lon="-2.414664">
        <ele>1380.861</ele>
        <time>2025-12-26T10:52:59.501Z</time>
      </trkpt>
      <trkpt lat="38.531955" lon="-2.415220">
        <ele>1378.072</ele>
        <time>2025-12-26T10:52:59.501Z</time>
      </trkpt>
      <trkpt lat="38.531905" lon="-2.415740">
        <ele>1375.006</ele>
        <time>2025-12-26T10:52:59.501Z</time>
      </trkpt>
      <trkpt lat="38.531901" lon="-2.415892">
        <ele>1374</ele>
        <time>2025-12-26T10:52:59.501Z</time>
      </trkpt>
      <trkpt lat="38.531944" lon="-2.415968">
        <ele>1373.908</ele>
        <time>2025-12-26T10:52:59.501Z</time>
      </trkpt>
      <trkpt lat="38.532006" lon="-2.415982">
        <ele>1373.059</ele>
        <time>2025-12-26T10:52:59.501Z</time>
      </trkpt>
      <trkpt lat="38.532091" lon="-2.415992">
        <ele>1371.612</ele>
        <time>2025-12-26T10:52:59.501Z</time>
      </trkpt>
      <trkpt lat="38.532168" lon="-2.415966">
        <ele>1372.987</ele>
        <time>2025-12-26T10:52:59.501Z</time>
      </trkpt>
      <trkpt lat="38.532216" lon="-2.415922">
        <ele>1373</ele>
        <time>2025-12-26T10:52:59.501Z</time>
      </trkpt>
      <trkpt lat="38.532259" lon="-2.415828">
        <ele>1372.492</ele>
        <time>2025-12-26T10:52:59.501Z</time>
      </trkpt>
      <trkpt lat="38.532388" lon="-2.415396">
        <ele>1370.665</ele>
        <time>2025-12-26T10:52:59.501Z</time>
      </trkpt>
      <trkpt lat="38.532623" lon="-2.414736">
        <ele>1370</ele>
        <time>2025-12-26T10:52:59.501Z</time>
      </trkpt>
      <trkpt lat="38.532793" lon="-2.414036">
        <ele>1368.011</ele>
        <time>2025-12-26T10:52:59.501Z</time>
      </trkpt>
      <trkpt lat="38.532851" lon="-2.413892">
        <ele>1367.9</ele>
        <time>2025-12-26T10:52:59.501Z</time>
      </trkpt>
      <trkpt lat="38.533024" lon="-2.413698">
        <ele>1366.999</ele>
        <time>2025-12-26T10:52:59.501Z</time>
      </trkpt>
      <trkpt lat="38.533221" lon="-2.413542">
        <ele>1366.661</ele>
        <time>2025-12-26T10:52:59.501Z</time>
      </trkpt>
      <trkpt lat="38.533387" lon="-2.413474">
        <ele>1366</ele>
        <time>2025-12-26T10:52:59.501Z</time>
      </trkpt>
      <trkpt lat="38.533845" lon="-2.413410">
        <ele>1363.932</ele>
        <time>2025-12-26T10:52:59.501Z</time>
      </trkpt>
      <trkpt lat="38.533997" lon="-2.413354">
        <ele>1362.629</ele>
        <time>2025-12-26T10:52:59.501Z</time>
      </trkpt>
      <trkpt lat="38.535065" lon="-2.412800">
        <ele>1355</ele>
        <time>2025-12-26T10:52:59.501Z</time>
      </trkpt>
      <trkpt lat="38.535289" lon="-2.412718">
        <ele>1353.671</ele>
        <time>2025-12-26T10:52:59.501Z</time>
      </trkpt>
      <trkpt lat="38.535477" lon="-2.412704">
        <ele>1352</ele>
        <time>2025-12-26T10:52:59.501Z</time>
      </trkpt>
      <trkpt lat="38.535586" lon="-2.412662">
        <ele>1351.287</ele>
        <time>2025-12-26T10:52:59.501Z</time>
      </trkpt>
      <trkpt lat="38.535678" lon="-2.412616">
        <ele>1350.804</ele>
        <time>2025-12-26T10:52:59.501Z</time>
      </trkpt>
      <trkpt lat="38.535732" lon="-2.412514">
        <ele>1352</ele>
        <time>2025-12-26T10:52:59.501Z</time>
      </trkpt>
      <trkpt lat="38.535909" lon="-2.412068">
        <ele>1351.033</ele>
        <time>2025-12-26T10:52:59.501Z</time>
      </trkpt>
      <trkpt lat="38.535948" lon="-2.411926">
        <ele>1350.835</ele>
        <time>2025-12-26T10:52:59.501Z</time>
      </trkpt>
      <trkpt lat="38.535963" lon="-2.411716">
        <ele>1350.294</ele>
        <time>2025-12-26T10:52:59.501Z</time>
      </trkpt>
      <trkpt lat="38.536056" lon="-2.410302">
        <ele>1348.551</ele>
        <time>2025-12-26T10:52:59.501Z</time>
      </trkpt>
      <trkpt lat="38.536085" lon="-2.410100">
        <ele>1348</ele>
        <time>2025-12-26T10:52:59.501Z</time>
      </trkpt>
      <trkpt lat="38.536594" lon="-2.408018">
        <ele>1344</ele>
        <time>2025-12-26T10:52:59.501Z</time>
      </trkpt>
      <trkpt lat="38.536754" lon="-2.407198">
        <ele>1343.116</ele>
        <time>2025-12-26T10:52:59.501Z</time>
      </trkpt>
      <trkpt lat="38.536782" lon="-2.406824">
        <ele>1342.834</ele>
        <time>2025-12-26T10:52:59.501Z</time>
      </trkpt>
      <trkpt lat="38.536692" lon="-2.405544">
        <ele>1342</ele>
        <time>2025-12-26T10:52:59.501Z</time>
      </trkpt>
      <trkpt lat="38.536685" lon="-2.405370">
        <ele>1341.997</ele>
        <time>2025-12-26T10:52:59.501Z</time>
      </trkpt>
      <trkpt lat="38.536709" lon="-2.405278">
        <ele>1342</ele>
        <time>2025-12-26T10:52:59.501Z</time>
      </trkpt>
      <trkpt lat="38.536739" lon="-2.405208">
        <ele>1341.985</ele>
        <time>2025-12-26T10:52:59.501Z</time>
      </trkpt>
      <trkpt lat="38.536808" lon="-2.405146">
        <ele>1341.983</ele>
        <time>2025-12-26T10:52:59.501Z</time>
      </trkpt>
      <trkpt lat="38.537144" lon="-2.405048">
        <ele>1340.802</ele>
        <time>2025-12-26T10:52:59.501Z</time>
      </trkpt>
      <trkpt lat="38.537285" lon="-2.404950">
        <ele>1340.011</ele>
        <time>2025-12-26T10:52:59.501Z</time>
      </trkpt>
      <trkpt lat="38.537362" lon="-2.404874">
        <ele>1340.479</ele>
        <time>2025-12-26T10:52:59.501Z</time>
      </trkpt>
      <trkpt lat="38.537519" lon="-2.404678">
        <ele>1340</ele>
        <time>2025-12-26T10:52:59.501Z</time>
      </trkpt>
      <trkpt lat="38.537765" lon="-2.404240">
        <ele>1339.935</ele>
        <time>2025-12-26T10:52:59.501Z</time>
      </trkpt>
      <trkpt lat="38.537898" lon="-2.403956">
        <ele>1339</ele>
        <time>2025-12-26T10:52:59.501Z</time>
      </trkpt>
      <trkpt lat="38.538226" lon="-2.403112">
        <ele>1337.983</ele>
        <time>2025-12-26T10:52:59.501Z</time>
      </trkpt>
      <trkpt lat="38.538784" lon="-2.401848">
        <ele>1334.562</ele>
        <time>2025-12-26T10:52:59.501Z</time>
      </trkpt>
      <trkpt lat="38.539029" lon="-2.401248">
        <ele>1333</ele>
        <time>2025-12-26T10:52:59.501Z</time>
      </trkpt>
      <trkpt lat="38.539782" lon="-2.399094">
        <ele>1328.303</ele>
        <time>2025-12-26T10:52:59.501Z</time>
      </trkpt>
      <trkpt lat="38.540356" lon="-2.397612">
        <ele>1324.864</ele>
        <time>2025-12-26T10:52:59.501Z</time>
      </trkpt>
      <trkpt lat="38.540688" lon="-2.396526">
        <ele>1321.999</ele>
        <time>2025-12-26T10:52:59.501Z</time>
      </trkpt>
      <trkpt lat="38.540939" lon="-2.396008">
        <ele>1320</ele>
        <time>2025-12-26T10:52:59.501Z</time>
      </trkpt>
      <trkpt lat="38.541307" lon="-2.395344">
        <ele>1317.883</ele>
        <time>2025-12-26T10:52:59.501Z</time>
      </trkpt>
      <trkpt lat="38.541378" lon="-2.395156">
        <ele>1317</ele>
        <time>2025-12-26T10:52:59.501Z</time>
      </trkpt>
      <trkpt lat="38.541528" lon="-2.393766">
        <ele>1313.089</ele>
        <time>2025-12-26T10:52:59.501Z</time>
      </trkpt>
      <trkpt lat="38.541525" lon="-2.393620">
        <ele>1313</ele>
        <time>2025-12-26T10:52:59.501Z</time>
      </trkpt>
      <trkpt lat="38.541518" lon="-2.393506">
        <ele>1313</ele>
        <time>2025-12-26T10:52:59.501Z</time>
      </trkpt>
      <trkpt lat="38.541459" lon="-2.393278">
        <ele>1312.354</ele>
        <time>2025-12-26T10:52:59.501Z</time>
      </trkpt>
      <trkpt lat="38.541276" lon="-2.392782">
        <ele>1312</ele>
        <time>2025-12-26T10:52:59.501Z</time>
      </trkpt>
      <trkpt lat="38.541115" lon="-2.392440">
        <ele>1311</ele>
        <time>2025-12-26T10:52:59.501Z</time>
      </trkpt>
      <trkpt lat="38.541082" lon="-2.392324">
        <ele>1310.5</ele>
        <time>2025-12-26T10:52:59.501Z</time>
      </trkpt>
      <trkpt lat="38.541079" lon="-2.392228">
        <ele>1311</ele>
        <time>2025-12-26T10:52:59.501Z</time>
      </trkpt>
      <trkpt lat="38.541118" lon="-2.391866">
        <ele>1309.602</ele>
        <time>2025-12-26T10:52:59.501Z</time>
      </trkpt>
      <trkpt lat="38.541154" lon="-2.391678">
        <ele>1309.979</ele>
        <time>2025-12-26T10:52:59.501Z</time>
      </trkpt>
      <trkpt lat="38.541218" lon="-2.391506">
        <ele>1308.92</ele>
        <time>2025-12-26T10:52:59.501Z</time>
      </trkpt>
      <trkpt lat="38.541351" lon="-2.391212">
        <ele>1307.937</ele>
        <time>2025-12-26T10:52:59.501Z</time>
      </trkpt>
      <trkpt lat="38.541513" lon="-2.390996">
        <ele>1308</ele>
        <time>2025-12-26T10:52:59.501Z</time>
      </trkpt>
      <trkpt lat="38.543161" lon="-2.389192">
        <ele>1304.054</ele>
        <time>2025-12-26T10:52:59.501Z</time>
      </trkpt>
      <trkpt lat="38.543736" lon="-2.388482">
        <ele>1302.539</ele>
        <time>2025-12-26T10:52:59.501Z</time>
      </trkpt>
      <trkpt lat="38.544437" lon="-2.387714">
        <ele>1301</ele>
        <time>2025-12-26T10:52:59.501Z</time>
      </trkpt>
      <trkpt lat="38.544536" lon="-2.387602">
        <ele>1300.994</ele>
        <time>2025-12-26T10:52:59.501Z</time>
      </trkpt>
      <trkpt lat="38.544599" lon="-2.387468">
        <ele>1301.014</ele>
        <time>2025-12-26T10:52:59.501Z</time>
      </trkpt>
      <trkpt lat="38.544635" lon="-2.387300">
        <ele>1300.008</ele>
        <time>2025-12-26T10:52:59.501Z</time>
      </trkpt>
      <trkpt lat="38.544646" lon="-2.387182">
        <ele>1300.042</ele>
        <time>2025-12-26T10:52:59.501Z</time>
      </trkpt>
      <trkpt lat="38.544629" lon="-2.386828">
        <ele>1299</ele>
        <time>2025-12-26T10:52:59.501Z</time>
      </trkpt>
      <trkpt lat="38.544551" lon="-2.385852">
        <ele>1297.698</ele>
        <time>2025-12-26T10:52:59.501Z</time>
      </trkpt>
      <trkpt lat="38.544514" lon="-2.385558">
        <ele>1297.077</ele>
        <time>2025-12-26T10:52:59.501Z</time>
      </trkpt>
      <trkpt lat="38.544439" lon="-2.385138">
        <ele>1297</ele>
        <time>2025-12-26T10:52:59.501Z</time>
      </trkpt>
      <trkpt lat="38.544405" lon="-2.385050">
        <ele>1296.289</ele>
        <time>2025-12-26T10:52:59.501Z</time>
      </trkpt>
      <trkpt lat="38.544035" lon="-2.384360">
        <ele>1296</ele>
        <time>2025-12-26T10:52:59.501Z</time>
      </trkpt>
      <trkpt lat="38.544001" lon="-2.384172">
        <ele>1296</ele>
        <time>2025-12-26T10:52:59.501Z</time>
      </trkpt>
      <trkpt lat="38.544039" lon="-2.383958">
        <ele>1296</ele>
        <time>2025-12-26T10:52:59.501Z</time>
      </trkpt>
      <trkpt lat="38.544104" lon="-2.383778">
        <ele>1296</ele>
        <time>2025-12-26T10:52:59.501Z</time>
      </trkpt>
      <trkpt lat="38.544419" lon="-2.383098">
        <ele>1293</ele>
        <time>2025-12-26T10:52:59.501Z</time>
      </trkpt>
      <trkpt lat="38.544528" lon="-2.382916">
        <ele>1292.156</ele>
        <time>2025-12-26T10:52:59.501Z</time>
      </trkpt>
      <trkpt lat="38.544646" lon="-2.382822">
        <ele>1291.355</ele>
        <time>2025-12-26T10:52:59.501Z</time>
      </trkpt>
      <trkpt lat="38.546108" lon="-2.382406">
        <ele>1285.938</ele>
        <time>2025-12-26T10:52:59.501Z</time>
      </trkpt>
      <trkpt lat="38.546363" lon="-2.382316">
        <ele>1285</ele>
        <time>2025-12-26T10:52:59.501Z</time>
      </trkpt>
      <trkpt lat="38.546529" lon="-2.382238">
        <ele>1284.945</ele>
        <time>2025-12-26T10:52:59.501Z</time>
      </trkpt>
      <trkpt lat="38.546744" lon="-2.382058">
        <ele>1284</ele>
        <time>2025-12-26T10:52:59.501Z</time>
      </trkpt>
      <trkpt lat="38.546954" lon="-2.381708">
        <ele>1282.666</ele>
        <time>2025-12-26T10:52:59.501Z</time>
      </trkpt>
      <trkpt lat="38.547058" lon="-2.381326">
        <ele>1281</ele>
        <time>2025-12-26T10:52:59.501Z</time>
      </trkpt>
      <trkpt lat="38.547062" lon="-2.381124">
        <ele>1280.919</ele>
        <time>2025-12-26T10:52:59.501Z</time>
      </trkpt>
      <trkpt lat="38.547051" lon="-2.380812">
        <ele>1280</ele>
        <time>2025-12-26T10:52:59.501Z</time>
      </trkpt>
      <trkpt lat="38.547017" lon="-2.380634">
        <ele>1280.113</ele>
        <time>2025-12-26T10:52:59.501Z</time>
      </trkpt>
      <trkpt lat="38.546954" lon="-2.380448">
        <ele>1280</ele>
        <time>2025-12-26T10:52:59.501Z</time>
      </trkpt>
      <trkpt lat="38.546891" lon="-2.380332">
        <ele>1280</ele>
        <time>2025-12-26T10:52:59.501Z</time>
      </trkpt>
      <trkpt lat="38.546719" lon="-2.380098">
        <ele>1279.991</ele>
        <time>2025-12-26T10:52:59.501Z</time>
      </trkpt>
      <trkpt lat="38.546371" lon="-2.379742">
        <ele>1278.936</ele>
        <time>2025-12-26T10:52:59.501Z</time>
      </trkpt>
      <trkpt lat="38.546294" lon="-2.379648">
        <ele>1278.843</ele>
        <time>2025-12-26T10:52:59.501Z</time>
      </trkpt>
      <trkpt lat="38.546246" lon="-2.379542">
        <ele>1278.929</ele>
        <time>2025-12-26T10:52:59.501Z</time>
      </trkpt>
      <trkpt lat="38.546211" lon="-2.379452">
        <ele>1278.757</ele>
        <time>2025-12-26T10:52:59.501Z</time>
      </trkpt>
      <trkpt lat="38.546084" lon="-2.378308">
        <ele>1275.073</ele>
        <time>2025-12-26T10:52:59.501Z</time>
      </trkpt>
      <trkpt lat="38.546014" lon="-2.377528">
        <ele>1275</ele>
        <time>2025-12-26T10:52:59.501Z</time>
      </trkpt>
      <trkpt lat="38.546025" lon="-2.377230">
        <ele>1275</ele>
        <time>2025-12-26T10:52:59.501Z</time>
      </trkpt>
      <trkpt lat="38.546044" lon="-2.377048">
        <ele>1274</ele>
        <time>2025-12-26T10:52:59.501Z</time>
      </trkpt>
      <trkpt lat="38.546115" lon="-2.376780">
        <ele>1273.254</ele>
        <time>2025-12-26T10:52:59.501Z</time>
      </trkpt>
      <trkpt lat="38.546329" lon="-2.376258">
        <ele>1273</ele>
        <time>2025-12-26T10:52:59.501Z</time>
      </trkpt>
      <trkpt lat="38.546654" lon="-2.375778">
        <ele>1272.748</ele>
        <time>2025-12-26T10:52:59.501Z</time>
      </trkpt>
      <trkpt lat="38.547092" lon="-2.374804">
        <ele>1271.396</ele>
        <time>2025-12-26T10:52:59.501Z</time>
      </trkpt>
      <trkpt lat="38.547474" lon="-2.374258">
        <ele>1269.559</ele>
        <time>2025-12-26T10:52:59.501Z</time>
      </trkpt>
      <trkpt lat="38.547669" lon="-2.374028">
        <ele>1269</ele>
        <time>2025-12-26T10:52:59.501Z</time>
      </trkpt>
      <trkpt lat="38.547857" lon="-2.373874">
        <ele>1268</ele>
        <time>2025-12-26T10:52:59.501Z</time>
      </trkpt>
      <trkpt lat="38.547984" lon="-2.373818">
        <ele>1267.403</ele>
        <time>2025-12-26T10:52:59.501Z</time>
      </trkpt>
      <trkpt lat="38.548565" lon="-2.373620">
        <ele>1265</ele>
        <time>2025-12-26T10:52:59.501Z</time>
      </trkpt>
      <trkpt lat="38.548723" lon="-2.373516">
        <ele>1264</ele>
        <time>2025-12-26T10:52:59.501Z</time>
      </trkpt>
      <trkpt lat="38.548783" lon="-2.373446">
        <ele>1263.093</ele>
        <time>2025-12-26T10:52:59.501Z</time>
      </trkpt>
      <trkpt lat="38.548817" lon="-2.373374">
        <ele>1263</ele>
        <time>2025-12-26T10:52:59.501Z</time>
      </trkpt>
      <trkpt lat="38.548904" lon="-2.373098">
        <ele>1260.624</ele>
        <time>2025-12-26T10:52:59.501Z</time>
      </trkpt>
      <trkpt lat="38.549258" lon="-2.371796">
        <ele>1254.098</ele>
        <time>2025-12-26T10:52:59.501Z</time>
      </trkpt>
      <trkpt lat="38.549236" lon="-2.371582">
        <ele>1252.565</ele>
        <time>2025-12-26T10:52:59.501Z</time>
      </trkpt>
      <trkpt lat="38.549109" lon="-2.371168">
        <ele>1250.99</ele>
        <time>2025-12-26T10:52:59.501Z</time>
      </trkpt>
      <trkpt lat="38.549072" lon="-2.370984">
        <ele>1250</ele>
        <time>2025-12-26T10:52:59.501Z</time>
      </trkpt>
      <trkpt lat="38.549071" lon="-2.370882">
        <ele>1249.388</ele>
        <time>2025-12-26T10:52:59.501Z</time>
      </trkpt>
      <trkpt lat="38.549173" lon="-2.370646">
        <ele>1247.965</ele>
        <time>2025-12-26T10:52:59.501Z</time>
      </trkpt>
      <trkpt lat="38.549526" lon="-2.370072">
        <ele>1245</ele>
        <time>2025-12-26T10:52:59.501Z</time>
      </trkpt>
      <trkpt lat="38.549601" lon="-2.369852">
        <ele>1243.025</ele>
        <time>2025-12-26T10:52:59.501Z</time>
      </trkpt>
      <trkpt lat="38.549635" lon="-2.369720">
        <ele>1242.13</ele>
        <time>2025-12-26T10:52:59.501Z</time>
      </trkpt>
      <trkpt lat="38.549656" lon="-2.369182">
        <ele>1239.642</ele>
        <time>2025-12-26T10:52:59.501Z</time>
      </trkpt>
      <trkpt lat="38.549688" lon="-2.368976">
        <ele>1238.082</ele>
        <time>2025-12-26T10:52:59.501Z</time>
      </trkpt>
      <trkpt lat="38.549768" lon="-2.368686">
        <ele>1237</ele>
        <time>2025-12-26T10:52:59.501Z</time>
      </trkpt>
      <trkpt lat="38.549887" lon="-2.368464">
        <ele>1235.089</ele>
        <time>2025-12-26T10:52:59.501Z</time>
      </trkpt>
      <trkpt lat="38.550255" lon="-2.368020">
        <ele>1234</ele>
        <time>2025-12-26T10:52:59.501Z</time>
      </trkpt>
      <trkpt lat="38.550412" lon="-2.367804">
        <ele>1233.144</ele>
        <time>2025-12-26T10:52:59.501Z</time>
      </trkpt>
      <trkpt lat="38.550496" lon="-2.367592">
        <ele>1231.847</ele>
        <time>2025-12-26T10:52:59.501Z</time>
      </trkpt>
      <trkpt lat="38.550522" lon="-2.367494">
        <ele>1232.337</ele>
        <time>2025-12-26T10:52:59.501Z</time>
      </trkpt>
      <trkpt lat="38.550679" lon="-2.366358">
        <ele>1229.944</ele>
        <time>2025-12-26T10:52:59.501Z</time>
      </trkpt>
      <trkpt lat="38.550677" lon="-2.366014">
        <ele>1229.515</ele>
        <time>2025-12-26T10:52:59.501Z</time>
      </trkpt>
      <trkpt lat="38.550507" lon="-2.364994">
        <ele>1228</ele>
        <time>2025-12-26T10:52:59.501Z</time>
      </trkpt>
      <trkpt lat="38.550522" lon="-2.364774">
        <ele>1227.871</ele>
        <time>2025-12-26T10:52:59.501Z</time>
      </trkpt>
      <trkpt lat="38.550552" lon="-2.364674">
        <ele>1227.268</ele>
        <time>2025-12-26T10:52:59.501Z</time>
      </trkpt>
      <trkpt lat="38.550623" lon="-2.364506">
        <ele>1227</ele>
        <time>2025-12-26T10:52:59.501Z</time>
      </trkpt>
      <trkpt lat="38.550763" lon="-2.364266">
        <ele>1227</ele>
        <time>2025-12-26T10:52:59.501Z</time>
      </trkpt>
      <trkpt lat="38.550885" lon="-2.364080">
        <ele>1226.775</ele>
        <time>2025-12-26T10:52:59.501Z</time>
      </trkpt>
      <trkpt lat="38.551004" lon="-2.363998">
        <ele>1226.136</ele>
        <time>2025-12-26T10:52:59.501Z</time>
      </trkpt>
      <trkpt lat="38.551134" lon="-2.363898">
        <ele>1226</ele>
        <time>2025-12-26T10:52:59.501Z</time>
      </trkpt>
      <trkpt lat="38.552982" lon="-2.362784">
        <ele>1223</ele>
        <time>2025-12-26T10:52:59.501Z</time>
      </trkpt>
      <trkpt lat="38.553164" lon="-2.362628">
        <ele>1222.941</ele>
        <time>2025-12-26T10:52:59.501Z</time>
      </trkpt>
      <trkpt lat="38.553223" lon="-2.362546">
        <ele>1222.716</ele>
        <time>2025-12-26T10:52:59.501Z</time>
      </trkpt>
      <trkpt lat="38.553256" lon="-2.362452">
        <ele>1222.932</ele>
        <time>2025-12-26T10:52:59.501Z</time>
      </trkpt>
      <trkpt lat="38.553333" lon="-2.362156">
        <ele>1222.703</ele>
        <time>2025-12-26T10:52:59.501Z</time>
      </trkpt>
      <trkpt lat="38.553404" lon="-2.361578">
        <ele>1222.035</ele>
        <time>2025-12-26T10:52:59.501Z</time>
      </trkpt>
      <trkpt lat="38.553398" lon="-2.361376">
        <ele>1222</ele>
        <time>2025-12-26T10:52:59.501Z</time>
      </trkpt>
      <trkpt lat="38.553318" lon="-2.360976">
        <ele>1220</ele>
        <time>2025-12-26T10:52:59.501Z</time>
      </trkpt>
      <trkpt lat="38.553316" lon="-2.360762">
        <ele>1218.915</ele>
        <time>2025-12-26T10:52:59.501Z</time>
      </trkpt>
      <trkpt lat="38.553427" lon="-2.360374">
        <ele>1216.121</ele>
        <time>2025-12-26T10:52:59.501Z</time>
      </trkpt>
      <trkpt lat="38.553479" lon="-2.359708">
        <ele>1212</ele>
        <time>2025-12-26T10:52:59.501Z</time>
      </trkpt>
      <trkpt lat="38.553506" lon="-2.359452">
        <ele>1210.752</ele>
        <time>2025-12-26T10:52:59.501Z</time>
      </trkpt>
      <trkpt lat="38.553648" lon="-2.358796">
        <ele>1207.252</ele>
        <time>2025-12-26T10:52:59.501Z</time>
      </trkpt>
      <trkpt lat="38.553649" lon="-2.358678">
        <ele>1207</ele>
        <time>2025-12-26T10:52:59.501Z</time>
      </trkpt>
      <trkpt lat="38.553622" lon="-2.358554">
        <ele>1207</ele>
        <time>2025-12-26T10:52:59.501Z</time>
      </trkpt>
      <trkpt lat="38.553565" lon="-2.358350">
        <ele>1206.077</ele>
        <time>2025-12-26T10:52:59.501Z</time>
      </trkpt>
      <trkpt lat="38.553373" lon="-2.357886">
        <ele>1205.517</ele>
        <time>2025-12-26T10:52:59.501Z</time>
      </trkpt>
      <trkpt lat="38.553328" lon="-2.357706">
        <ele>1205.611</ele>
        <time>2025-12-26T10:52:59.501Z</time>
      </trkpt>
      <trkpt lat="38.553329" lon="-2.357598">
        <ele>1205.225</ele>
        <time>2025-12-26T10:52:59.501Z</time>
      </trkpt>
      <trkpt lat="38.553968" lon="-2.354326">
        <ele>1202</ele>
        <time>2025-12-26T10:52:59.501Z</time>
      </trkpt>
      <trkpt lat="38.554002" lon="-2.354144">
        <ele>1202</ele>
        <time>2025-12-26T10:52:59.501Z</time>
      </trkpt>
      <trkpt lat="38.554513" lon="-2.352846">
        <ele>1198.188</ele>
        <time>2025-12-26T10:52:59.501Z</time>
      </trkpt>
      <trkpt lat="38.554717" lon="-2.352264">
        <ele>1196.002</ele>
        <time>2025-12-26T10:52:59.501Z</time>
      </trkpt>
      <trkpt lat="38.554764" lon="-2.352048">
        <ele>1195.092</ele>
        <time>2025-12-26T10:52:59.501Z</time>
      </trkpt>
      <trkpt lat="38.554822" lon="-2.351884">
        <ele>1194.173</ele>
        <time>2025-12-26T10:52:59.501Z</time>
      </trkpt>
      <trkpt lat="38.555379" lon="-2.350498">
        <ele>1189.31</ele>
        <time>2025-12-26T10:52:59.501Z</time>
      </trkpt>
      <trkpt lat="38.555447" lon="-2.350184">
        <ele>1188.004</ele>
        <time>2025-12-26T10:52:59.501Z</time>
      </trkpt>
      <trkpt lat="38.555426" lon="-2.349422">
        <ele>1186.836</ele>
        <time>2025-12-26T10:52:59.501Z</time>
      </trkpt>
      <trkpt lat="38.555475" lon="-2.349230">
        <ele>1186.883</ele>
        <time>2025-12-26T10:52:59.501Z</time>
      </trkpt>
      <trkpt lat="38.555524" lon="-2.349158">
        <ele>1187</ele>
        <time>2025-12-26T10:52:59.501Z</time>
      </trkpt>
      <trkpt lat="38.555664" lon="-2.348978">
        <ele>1188.632</ele>
        <time>2025-12-26T10:52:59.501Z</time>
      </trkpt>
      <trkpt lat="38.556779" lon="-2.347868">
        <ele>1182.399</ele>
        <time>2025-12-26T10:52:59.501Z</time>
      </trkpt>
      <trkpt lat="38.557002" lon="-2.347554">
        <ele>1182</ele>
        <time>2025-12-26T10:52:59.501Z</time>
      </trkpt>
      <trkpt lat="38.557402" lon="-2.346904">
        <ele>1181.806</ele>
        <time>2025-12-26T10:52:59.501Z</time>
      </trkpt>
      <trkpt lat="38.557512" lon="-2.346714">
        <ele>1181</ele>
        <time>2025-12-26T10:52:59.501Z</time>
      </trkpt>
      <trkpt lat="38.557623" lon="-2.346416">
        <ele>1181</ele>
        <time>2025-12-26T10:52:59.501Z</time>
      </trkpt>
      <trkpt lat="38.557911" lon="-2.345272">
        <ele>1180</ele>
        <time>2025-12-26T10:52:59.501Z</time>
      </trkpt>
      <trkpt lat="38.557976" lon="-2.345082">
        <ele>1179.04</ele>
        <time>2025-12-26T10:52:59.501Z</time>
      </trkpt>
      <trkpt lat="38.558061" lon="-2.344882">
        <ele>1179</ele>
        <time>2025-12-26T10:52:59.501Z</time>
      </trkpt>
      <trkpt lat="38.558238" lon="-2.344586">
        <ele>1179</ele>
        <time>2025-12-26T10:52:59.501Z</time>
      </trkpt>
      <trkpt lat="38.558827" lon="-2.343584">
        <ele>1178</ele>
        <time>2025-12-26T10:52:59.501Z</time>
      </trkpt>
      <trkpt lat="38.559114" lon="-2.343258">
        <ele>1177</ele>
        <time>2025-12-26T10:52:59.501Z</time>
      </trkpt>
      <trkpt lat="38.560106" lon="-2.342242">
        <ele>1175</ele>
        <time>2025-12-26T10:52:59.501Z</time>
      </trkpt>
      <trkpt lat="38.560525" lon="-2.341780">
        <ele>1175</ele>
        <time>2025-12-26T10:52:59.501Z</time>
      </trkpt>
      <trkpt lat="38.560668" lon="-2.341616">
        <ele>1174</ele>
        <time>2025-12-26T10:52:59.501Z</time>
      </trkpt>
      <trkpt lat="38.560782" lon="-2.341414">
        <ele>1174</ele>
        <time>2025-12-26T10:52:59.501Z</time>
      </trkpt>
      <trkpt lat="38.560916" lon="-2.341192">
        <ele>1174</ele>
        <time>2025-12-26T10:52:59.501Z</time>
      </trkpt>
      <trkpt lat="38.561033" lon="-2.340956">
        <ele>1173.445</ele>
        <time>2025-12-26T10:52:59.501Z</time>
      </trkpt>
      <trkpt lat="38.562184" lon="-2.337888">
        <ele>1172.915</ele>
        <time>2025-12-26T10:52:59.501Z</time>
      </trkpt>
      <trkpt lat="38.562275" lon="-2.337690">
        <ele>1171.992</ele>
        <time>2025-12-26T10:52:59.501Z</time>
      </trkpt>
      <trkpt lat="38.562578" lon="-2.337356">
        <ele>1172</ele>
        <time>2025-12-26T10:52:59.501Z</time>
      </trkpt>
      <trkpt lat="38.562766" lon="-2.337192">
        <ele>1171.999</ele>
        <time>2025-12-26T10:52:59.501Z</time>
      </trkpt>
      <trkpt lat="38.563449" lon="-2.336968">
        <ele>1170</ele>
        <time>2025-12-26T10:52:59.501Z</time>
      </trkpt>
      <trkpt lat="38.563538" lon="-2.336916">
        <ele>1170</ele>
        <time>2025-12-26T10:52:59.501Z</time>
      </trkpt>
      <trkpt lat="38.563826" lon="-2.336692">
        <ele>1170</ele>
        <time>2025-12-26T10:52:59.501Z</time>
      </trkpt>
      <trkpt lat="38.564061" lon="-2.336422">
        <ele>1169.015</ele>
        <time>2025-12-26T10:52:59.501Z</time>
      </trkpt>
      <trkpt lat="38.564152" lon="-2.336294">
        <ele>1169</ele>
        <time>2025-12-26T10:52:59.501Z</time>
      </trkpt>
      <trkpt lat="38.564226" lon="-2.336152">
        <ele>1167.604</ele>
        <time>2025-12-26T10:52:59.501Z</time>
      </trkpt>
      <trkpt lat="38.564566" lon="-2.335302">
        <ele>1167</ele>
        <time>2025-12-26T10:52:59.501Z</time>
      </trkpt>
      <trkpt lat="38.564678" lon="-2.335076">
        <ele>1166.787</ele>
        <time>2025-12-26T10:52:59.501Z</time>
      </trkpt>
      <trkpt lat="38.565306" lon="-2.333962">
        <ele>1166.016</ele>
        <time>2025-12-26T10:52:59.501Z</time>
      </trkpt>
      <trkpt lat="38.565429" lon="-2.333848">
        <ele>1166.212</ele>
        <time>2025-12-26T10:52:59.501Z</time>
      </trkpt>
      <trkpt lat="38.565648" lon="-2.333766">
        <ele>1166</ele>
        <time>2025-12-26T10:52:59.501Z</time>
      </trkpt>
      <trkpt lat="38.566198" lon="-2.333756">
        <ele>1165</ele>
        <time>2025-12-26T10:52:59.501Z</time>
      </trkpt>
      <trkpt lat="38.566463" lon="-2.333786">
        <ele>1164.013</ele>
        <time>2025-12-26T10:52:59.501Z</time>
      </trkpt>
      <trkpt lat="38.566919" lon="-2.333958">
        <ele>1162</ele>
        <time>2025-12-26T10:52:59.501Z</time>
      </trkpt>
      <trkpt lat="38.566998" lon="-2.333946">
        <ele>1162</ele>
        <time>2025-12-26T10:52:59.501Z</time>
      </trkpt>
      <trkpt lat="38.568662" lon="-2.333204">
        <ele>1159</ele>
        <time>2025-12-26T10:52:59.501Z</time>
      </trkpt>
      <trkpt lat="38.569046" lon="-2.333052">
        <ele>1156.047</ele>
        <time>2025-12-26T10:52:59.501Z</time>
      </trkpt>
      <trkpt lat="38.569563" lon="-2.332856">
        <ele>1152.019</ele>
        <time>2025-12-26T10:52:59.501Z</time>
      </trkpt>
      <trkpt lat="38.569937" lon="-2.332654">
        <ele>1148.958</ele>
        <time>2025-12-26T10:52:59.501Z</time>
      </trkpt>
      <trkpt lat="38.570054" lon="-2.332628">
        <ele>1148</ele>
        <time>2025-12-26T10:52:59.501Z</time>
      </trkpt>
      <trkpt lat="38.570322" lon="-2.332614">
        <ele>1145.65</ele>
        <time>2025-12-26T10:52:59.501Z</time>
      </trkpt>
      <trkpt lat="38.570402" lon="-2.332594">
        <ele>1144.677</ele>
        <time>2025-12-26T10:52:59.501Z</time>
      </trkpt>
      <trkpt lat="38.570625" lon="-2.332460">
        <ele>1143.142</ele>
        <time>2025-12-26T10:52:59.501Z</time>
      </trkpt>
      <trkpt lat="38.570909" lon="-2.332398">
        <ele>1141</ele>
        <time>2025-12-26T10:52:59.501Z</time>
      </trkpt>
      <trkpt lat="38.571217" lon="-2.332284">
        <ele>1138.623</ele>
        <time>2025-12-26T10:52:59.501Z</time>
      </trkpt>
      <trkpt lat="38.572241" lon="-2.331682">
        <ele>1129.346</ele>
        <time>2025-12-26T10:52:59.501Z</time>
      </trkpt>
      <trkpt lat="38.572349" lon="-2.331648">
        <ele>1129</ele>
        <time>2025-12-26T10:52:59.501Z</time>
      </trkpt>
      <trkpt lat="38.572527" lon="-2.331654">
        <ele>1128</ele>
        <time>2025-12-26T10:52:59.501Z</time>
      </trkpt>
      <trkpt lat="38.572785" lon="-2.331730">
        <ele>1125.933</ele>
        <time>2025-12-26T10:52:59.501Z</time>
      </trkpt>
      <trkpt lat="38.572936" lon="-2.331862">
        <ele>1124.493</ele>
        <time>2025-12-26T10:52:59.501Z</time>
      </trkpt>
      <trkpt lat="38.573042" lon="-2.331984">
        <ele>1123.269</ele>
        <time>2025-12-26T10:52:59.501Z</time>
      </trkpt>
      <trkpt lat="38.573074" lon="-2.332048">
        <ele>1122.686</ele>
        <time>2025-12-26T10:52:59.501Z</time>
      </trkpt>
      <trkpt lat="38.573162" lon="-2.332274">
        <ele>1121.69</ele>
        <time>2025-12-26T10:52:59.501Z</time>
      </trkpt>
      <trkpt lat="38.573245" lon="-2.332660">
        <ele>1120.956</ele>
        <time>2025-12-26T10:52:59.501Z</time>
      </trkpt>
      <trkpt lat="38.573316" lon="-2.333372">
        <ele>1115.76</ele>
        <time>2025-12-26T10:52:59.501Z</time>
      </trkpt>
      <trkpt lat="38.573391" lon="-2.333662">
        <ele>1113.208</ele>
        <time>2025-12-26T10:52:59.501Z</time>
      </trkpt>
      <trkpt lat="38.573681" lon="-2.334242">
        <ele>1109.401</ele>
        <time>2025-12-26T10:52:59.501Z</time>
      </trkpt>
      <trkpt lat="38.573754" lon="-2.334438">
        <ele>1106.758</ele>
        <time>2025-12-26T10:52:59.501Z</time>
      </trkpt>
      <trkpt lat="38.573832" lon="-2.334744">
        <ele>1106.995</ele>
        <time>2025-12-26T10:52:59.501Z</time>
      </trkpt>
      <trkpt lat="38.573966" lon="-2.335412">
        <ele>1103.087</ele>
        <time>2025-12-26T10:52:59.501Z</time>
      </trkpt>
      <trkpt lat="38.574127" lon="-2.335954">
        <ele>1097.05</ele>
        <time>2025-12-26T10:52:59.501Z</time>
      </trkpt>
      <trkpt lat="38.574208" lon="-2.336376">
        <ele>1097.898</ele>
        <time>2025-12-26T10:52:59.501Z</time>
      </trkpt>
      <trkpt lat="38.574241" lon="-2.336492">
        <ele>1098</ele>
        <time>2025-12-26T10:52:59.501Z</time>
      </trkpt>
      <trkpt lat="38.574484" lon="-2.336738">
        <ele>1098</ele>
        <time>2025-12-26T10:52:59.501Z</time>
      </trkpt>
      <trkpt lat="38.574747" lon="-2.336944">
        <ele>1098.015</ele>
        <time>2025-12-26T10:52:59.501Z</time>
      </trkpt>
      <trkpt lat="38.574864" lon="-2.337018">
        <ele>1098.191</ele>
        <time>2025-12-26T10:52:59.501Z</time>
      </trkpt>
      <trkpt lat="38.575066" lon="-2.337092">
        <ele>1100</ele>
        <time>2025-12-26T10:52:59.501Z</time>
      </trkpt>
      <trkpt lat="38.575364" lon="-2.337148">
        <ele>1101.502</ele>
        <time>2025-12-26T10:52:59.501Z</time>
      </trkpt>
      <trkpt lat="38.575601" lon="-2.337162">
        <ele>1103.357</ele>
        <time>2025-12-26T10:52:59.501Z</time>
      </trkpt>
      <trkpt lat="38.575687" lon="-2.337194">
        <ele>1103.35</ele>
        <time>2025-12-26T10:52:59.501Z</time>
      </trkpt>
      <trkpt lat="38.575768" lon="-2.337246">
        <ele>1104.01</ele>
        <time>2025-12-26T10:52:59.501Z</time>
      </trkpt>
      <trkpt lat="38.575829" lon="-2.337318">
        <ele>1105</ele>
        <time>2025-12-26T10:52:59.501Z</time>
      </trkpt>
      <trkpt lat="38.576287" lon="-2.337984">
        <ele>1108.934</ele>
        <time>2025-12-26T10:52:59.501Z</time>
      </trkpt>
      <trkpt lat="38.576456" lon="-2.338142">
        <ele>1109.976</ele>
        <time>2025-12-26T10:52:59.501Z</time>
      </trkpt>
      <trkpt lat="38.576695" lon="-2.338270">
        <ele>1111.366</ele>
        <time>2025-12-26T10:52:59.501Z</time>
      </trkpt>
      <trkpt lat="38.577323" lon="-2.338536">
        <ele>1115.848</ele>
        <time>2025-12-26T10:52:59.501Z</time>
      </trkpt>
      <trkpt lat="38.577462" lon="-2.338644">
        <ele>1116.753</ele>
        <time>2025-12-26T10:52:59.501Z</time>
      </trkpt>
      <trkpt lat="38.577706" lon="-2.338992">
        <ele>1119.447</ele>
        <time>2025-12-26T10:52:59.501Z</time>
      </trkpt>
      <trkpt lat="38.577762" lon="-2.339134">
        <ele>1120.14</ele>
        <time>2025-12-26T10:52:59.501Z</time>
      </trkpt>
      <trkpt lat="38.577776" lon="-2.339332">
        <ele>1121.339</ele>
        <time>2025-12-26T10:52:59.501Z</time>
      </trkpt>
      <trkpt lat="38.577739" lon="-2.339718">
        <ele>1122.767</ele>
        <time>2025-12-26T10:52:59.501Z</time>
      </trkpt>
      <trkpt lat="38.577748" lon="-2.339976">
        <ele>1123.252</ele>
        <time>2025-12-26T10:52:59.501Z</time>
      </trkpt>
      <trkpt lat="38.577782" lon="-2.340324">
        <ele>1122.463</ele>
        <time>2025-12-26T10:52:59.501Z</time>
      </trkpt>
      <trkpt lat="38.578165" lon="-2.341110">
        <ele>1123.026</ele>
        <time>2025-12-26T10:52:59.501Z</time>
      </trkpt>
      <trkpt lat="38.578357" lon="-2.341814">
        <ele>1124.412</ele>
        <time>2025-12-26T10:52:59.501Z</time>
      </trkpt>
      <trkpt lat="38.578418" lon="-2.341996">
        <ele>1124</ele>
        <time>2025-12-26T10:52:59.501Z</time>
      </trkpt>
      <trkpt lat="38.578513" lon="-2.342156">
        <ele>1124</ele>
        <time>2025-12-26T10:52:59.501Z</time>
      </trkpt>
      <trkpt lat="38.578612" lon="-2.342224">
        <ele>1123.922</ele>
        <time>2025-12-26T10:52:59.501Z</time>
      </trkpt>
      <trkpt lat="38.579024" lon="-2.342218">
        <ele>1125</ele>
        <time>2025-12-26T10:52:59.501Z</time>
      </trkpt>
      <trkpt lat="38.579127" lon="-2.342234">
        <ele>1125.295</ele>
        <time>2025-12-26T10:52:59.501Z</time>
      </trkpt>
      <trkpt lat="38.579282" lon="-2.342334">
        <ele>1126.283</ele>
        <time>2025-12-26T10:52:59.501Z</time>
      </trkpt>
      <trkpt lat="38.579344" lon="-2.342548">
        <ele>1127.513</ele>
        <time>2025-12-26T10:52:59.501Z</time>
      </trkpt>
      <trkpt lat="38.579368" lon="-2.343106">
        <ele>1129.281</ele>
        <time>2025-12-26T10:52:59.501Z</time>
      </trkpt>
      <trkpt lat="38.579382" lon="-2.343204">
        <ele>1131</ele>
        <time>2025-12-26T10:52:59.501Z</time>
      </trkpt>
      <trkpt lat="38.579419" lon="-2.343278">
        <ele>1131</ele>
        <time>2025-12-26T10:52:59.501Z</time>
      </trkpt>
      <trkpt lat="38.579539" lon="-2.343458">
        <ele>1131.948</ele>
        <time>2025-12-26T10:52:59.501Z</time>
      </trkpt>
      <trkpt lat="38.579771" lon="-2.343712">
        <ele>1134.087</ele>
        <time>2025-12-26T10:52:59.501Z</time>
      </trkpt>
      <trkpt lat="38.579839" lon="-2.343808">
        <ele>1135.038</ele>
        <time>2025-12-26T10:52:59.501Z</time>
      </trkpt>
      <trkpt lat="38.579874" lon="-2.343938">
        <ele>1136</ele>
        <time>2025-12-26T10:52:59.501Z</time>
      </trkpt>
      <trkpt lat="38.579874" lon="-2.344118">
        <ele>1136.907</ele>
        <time>2025-12-26T10:52:59.501Z</time>
      </trkpt>
      <trkpt lat="38.579674" lon="-2.344698">
        <ele>1139.052</ele>
        <time>2025-12-26T10:52:59.501Z</time>
      </trkpt>
      <trkpt lat="38.579647" lon="-2.344934">
        <ele>1140.956</ele>
        <time>2025-12-26T10:52:59.501Z</time>
      </trkpt>
      <trkpt lat="38.579651" lon="-2.345062">
        <ele>1141.365</ele>
        <time>2025-12-26T10:52:59.501Z</time>
      </trkpt>
      <trkpt lat="38.579672" lon="-2.345204">
        <ele>1142</ele>
        <time>2025-12-26T10:52:59.501Z</time>
      </trkpt>
      <trkpt lat="38.579868" lon="-2.345786">
        <ele>1144.526</ele>
        <time>2025-12-26T10:52:59.501Z</time>
      </trkpt>
      <trkpt lat="38.580011" lon="-2.346182">
        <ele>1147.798</ele>
        <time>2025-12-26T10:52:59.501Z</time>
      </trkpt>
      <trkpt lat="38.580052" lon="-2.346444">
        <ele>1149.26</ele>
        <time>2025-12-26T10:52:59.501Z</time>
      </trkpt>
      <trkpt lat="38.579919" lon="-2.347538">
        <ele>1155.835</ele>
        <time>2025-12-26T10:52:59.501Z</time>
      </trkpt>
      <trkpt lat="38.579939" lon="-2.347758">
        <ele>1157.603</ele>
        <time>2025-12-26T10:52:59.501Z</time>
      </trkpt>
      <trkpt lat="38.580014" lon="-2.348078">
        <ele>1159.993</ele>
        <time>2025-12-26T10:52:59.501Z</time>
      </trkpt>
      <trkpt lat="38.579972" lon="-2.348264">
        <ele>1162.711</ele>
        <time>2025-12-26T10:52:59.501Z</time>
      </trkpt>
      <trkpt lat="38.579907" lon="-2.348394">
        <ele>1164.982</ele>
        <time>2025-12-26T10:52:59.501Z</time>
      </trkpt>
      <trkpt lat="38.579793" lon="-2.348466">
        <ele>1166.018</ele>
        <time>2025-12-26T10:52:59.501Z</time>
      </trkpt>
      <trkpt lat="38.579509" lon="-2.348518">
        <ele>1167.366</ele>
        <time>2025-12-26T10:52:59.501Z</time>
      </trkpt>
      <trkpt lat="38.579425" lon="-2.348570">
        <ele>1168</ele>
        <time>2025-12-26T10:52:59.501Z</time>
      </trkpt>
      <trkpt lat="38.579362" lon="-2.348644">
        <ele>1168</ele>
        <time>2025-12-26T10:52:59.501Z</time>
      </trkpt>
      <trkpt lat="38.578233" lon="-2.350786">
        <ele>1173.238</ele>
        <time>2025-12-26T10:52:59.501Z</time>
      </trkpt>
      <trkpt lat="38.578138" lon="-2.351026">
        <ele>1174.974</ele>
        <time>2025-12-26T10:52:59.501Z</time>
      </trkpt>
      <trkpt lat="38.578059" lon="-2.351338">
        <ele>1176</ele>
        <time>2025-12-26T10:52:59.501Z</time>
      </trkpt>
      <trkpt lat="38.577989" lon="-2.351498">
        <ele>1177.047</ele>
        <time>2025-12-26T10:52:59.501Z</time>
      </trkpt>
      <trkpt lat="38.577696" lon="-2.351772">
        <ele>1177.974</ele>
        <time>2025-12-26T10:52:59.501Z</time>
      </trkpt>
      <trkpt lat="38.577439" lon="-2.352178">
        <ele>1178.055</ele>
        <time>2025-12-26T10:52:59.501Z</time>
      </trkpt>
      <trkpt lat="38.577279" lon="-2.352388">
        <ele>1179.895</ele>
        <time>2025-12-26T10:52:59.501Z</time>
      </trkpt>
      <trkpt lat="38.577178" lon="-2.352446">
        <ele>1179.678</ele>
        <time>2025-12-26T10:52:59.501Z</time>
      </trkpt>
      <trkpt lat="38.577057" lon="-2.352504">
        <ele>1179.462</ele>
        <time>2025-12-26T10:52:59.501Z</time>
      </trkpt>
      <trkpt lat="38.576479" lon="-2.352728">
        <ele>1180.264</ele>
        <time>2025-12-26T10:52:59.501Z</time>
      </trkpt>
      <trkpt lat="38.576265" lon="-2.352840">
        <ele>1180.578</ele>
        <time>2025-12-26T10:52:59.501Z</time>
      </trkpt>
      <trkpt lat="38.575912" lon="-2.353204">
        <ele>1180.99</ele>
        <time>2025-12-26T10:52:59.501Z</time>
      </trkpt>
      <trkpt lat="38.575155" lon="-2.353710">
        <ele>1181</ele>
        <time>2025-12-26T10:52:59.501Z</time>
      </trkpt>
      <trkpt lat="38.575047" lon="-2.353804">
        <ele>1180.985</ele>
        <time>2025-12-26T10:52:59.501Z</time>
      </trkpt>
      <trkpt lat="38.574928" lon="-2.353916">
        <ele>1180.927</ele>
        <time>2025-12-26T10:52:59.501Z</time>
      </trkpt>
      <trkpt lat="38.572098" lon="-2.357046">
        <ele>1198.927</ele>
        <time>2025-12-26T10:52:59.501Z</time>
      </trkpt>
      <trkpt lat="38.571753" lon="-2.357336">
        <ele>1200.049</ele>
        <time>2025-12-26T10:52:59.501Z</time>
      </trkpt>
      <trkpt lat="38.571471" lon="-2.357522">
        <ele>1203</ele>
        <time>2025-12-26T10:52:59.501Z</time>
      </trkpt>
      <trkpt lat="38.571262" lon="-2.357704">
        <ele>1204.328</ele>
        <time>2025-12-26T10:52:59.501Z</time>
      </trkpt>
      <trkpt lat="38.570824" lon="-2.358278">
        <ele>1208</ele>
        <time>2025-12-26T10:52:59.501Z</time>
      </trkpt>
      <trkpt lat="38.570331" lon="-2.359152">
        <ele>1214</ele>
        <time>2025-12-26T10:52:59.501Z</time>
      </trkpt>
      <trkpt lat="38.570235" lon="-2.359300">
        <ele>1215</ele>
        <time>2025-12-26T10:52:59.501Z</time>
      </trkpt>
      <trkpt lat="38.569887" lon="-2.359694">
        <ele>1218.894</ele>
        <time>2025-12-26T10:52:59.501Z</time>
      </trkpt>
      <trkpt lat="38.569599" lon="-2.360118">
        <ele>1220.018</ele>
        <time>2025-12-26T10:52:59.501Z</time>
      </trkpt>
      <trkpt lat="38.569305" lon="-2.360500">
        <ele>1224.938</ele>
        <time>2025-12-26T10:52:59.501Z</time>
      </trkpt>
      <trkpt lat="38.569113" lon="-2.360956">
        <ele>1228.028</ele>
        <time>2025-12-26T10:52:59.501Z</time>
      </trkpt>
      <trkpt lat="38.569068" lon="-2.361216">
        <ele>1230.002</ele>
        <time>2025-12-26T10:52:59.501Z</time>
      </trkpt>
      <trkpt lat="38.568916" lon="-2.361522">
        <ele>1231.083</ele>
        <time>2025-12-26T10:52:59.501Z</time>
      </trkpt>
      <trkpt lat="38.568774" lon="-2.362228">
        <ele>1236.524</ele>
        <time>2025-12-26T10:52:59.501Z</time>
      </trkpt>
      <trkpt lat="38.568262" lon="-2.363304">
        <ele>1240</ele>
        <time>2025-12-26T10:52:59.501Z</time>
      </trkpt>
      <trkpt lat="38.568175" lon="-2.363570">
        <ele>1241</ele>
        <time>2025-12-26T10:52:59.501Z</time>
      </trkpt>
      <trkpt lat="38.567531" lon="-2.366122">
        <ele>1255.991</ele>
        <time>2025-12-26T10:52:59.501Z</time>
      </trkpt>
      <trkpt lat="38.567514" lon="-2.366218">
        <ele>1257</ele>
        <time>2025-12-26T10:52:59.501Z</time>
      </trkpt>
      <trkpt lat="38.567535" lon="-2.366490">
        <ele>1258.056</ele>
        <time>2025-12-26T10:52:59.501Z</time>
      </trkpt>
      <trkpt lat="38.567787" lon="-2.367324">
        <ele>1261</ele>
        <time>2025-12-26T10:52:59.501Z</time>
      </trkpt>
      <trkpt lat="38.567816" lon="-2.367462">
        <ele>1261</ele>
        <time>2025-12-26T10:52:59.501Z</time>
      </trkpt>
      <trkpt lat="38.567837" lon="-2.367724">
        <ele>1261.229</ele>
        <time>2025-12-26T10:52:59.501Z</time>
      </trkpt>
      <trkpt lat="38.567814" lon="-2.367978">
        <ele>1262</ele>
        <time>2025-12-26T10:52:59.501Z</time>
      </trkpt>
      <trkpt lat="38.567422" lon="-2.369824">
        <ele>1265.938</ele>
        <time>2025-12-26T10:52:59.501Z</time>
      </trkpt>
      <trkpt lat="38.567316" lon="-2.370212">
        <ele>1266.985</ele>
        <time>2025-12-26T10:52:59.501Z</time>
      </trkpt>
      <trkpt lat="38.567221" lon="-2.370442">
        <ele>1268.297</ele>
        <time>2025-12-26T10:52:59.501Z</time>
      </trkpt>
      <trkpt lat="38.567096" lon="-2.370642">
        <ele>1270</ele>
        <time>2025-12-26T10:52:59.501Z</time>
      </trkpt>
      <trkpt lat="38.566664" lon="-2.371068">
        <ele>1272.262</ele>
        <time>2025-12-26T10:52:59.501Z</time>
      </trkpt>
      <trkpt lat="38.566549" lon="-2.371218">
        <ele>1275</ele>
        <time>2025-12-26T10:52:59.501Z</time>
      </trkpt>
      <trkpt lat="38.566483" lon="-2.371406">
        <ele>1276.206</ele>
        <time>2025-12-26T10:52:59.501Z</time>
      </trkpt>
      <trkpt lat="38.566383" lon="-2.372126">
        <ele>1280.29</ele>
        <time>2025-12-26T10:52:59.501Z</time>
      </trkpt>
      <trkpt lat="38.566394" lon="-2.372328">
        <ele>1280.645</ele>
        <time>2025-12-26T10:52:59.501Z</time>
      </trkpt>
      <trkpt lat="38.566689" lon="-2.373278">
        <ele>1282</ele>
        <time>2025-12-26T10:52:59.501Z</time>
      </trkpt>
      <trkpt lat="38.566749" lon="-2.373438">
        <ele>1281.635</ele>
        <time>2025-12-26T10:52:59.501Z</time>
      </trkpt>
      <trkpt lat="38.566799" lon="-2.373518">
        <ele>1281.151</ele>
        <time>2025-12-26T10:52:59.501Z</time>
      </trkpt>
      <trkpt lat="38.566868" lon="-2.373606">
        <ele>1282</ele>
        <time>2025-12-26T10:52:59.501Z</time>
      </trkpt>
      <trkpt lat="38.566946" lon="-2.373672">
        <ele>1282</ele>
        <time>2025-12-26T10:52:59.501Z</time>
      </trkpt>
      <trkpt lat="38.567912" lon="-2.374234">
        <ele>1283</ele>
        <time>2025-12-26T10:52:59.501Z</time>
      </trkpt>
      <trkpt lat="38.568078" lon="-2.374446">
        <ele>1284.427</ele>
        <time>2025-12-26T10:52:59.501Z</time>
      </trkpt>
      <trkpt lat="38.568149" lon="-2.374628">
        <ele>1284.743</ele>
        <time>2025-12-26T10:52:59.501Z</time>
      </trkpt>
      <trkpt lat="38.568184" lon="-2.374788">
        <ele>1285.384</ele>
        <time>2025-12-26T10:52:59.501Z</time>
      </trkpt>
      <trkpt lat="38.568394" lon="-2.375828">
        <ele>1289</ele>
        <time>2025-12-26T10:52:59.501Z</time>
      </trkpt>
      <trkpt lat="38.568404" lon="-2.375968">
        <ele>1290</ele>
        <time>2025-12-26T10:52:59.501Z</time>
      </trkpt>
      <trkpt lat="38.568362" lon="-2.376694">
        <ele>1293</ele>
        <time>2025-12-26T10:52:59.501Z</time>
      </trkpt>
      <trkpt lat="38.568265" lon="-2.377330">
        <ele>1296.547</ele>
        <time>2025-12-26T10:52:59.501Z</time>
      </trkpt>
      <trkpt lat="38.568268" lon="-2.377556">
        <ele>1298</ele>
        <time>2025-12-26T10:52:59.501Z</time>
      </trkpt>
      <trkpt lat="38.568285" lon="-2.377780">
        <ele>1299</ele>
        <time>2025-12-26T10:52:59.501Z</time>
      </trkpt>
      <trkpt lat="38.568346" lon="-2.378032">
        <ele>1300.119</ele>
        <time>2025-12-26T10:52:59.501Z</time>
      </trkpt>
      <trkpt lat="38.568482" lon="-2.378344">
        <ele>1301.976</ele>
        <time>2025-12-26T10:52:59.501Z</time>
      </trkpt>
      <trkpt lat="38.568679" lon="-2.378688">
        <ele>1304.144</ele>
        <time>2025-12-26T10:52:59.501Z</time>
      </trkpt>
      <trkpt lat="38.569359" lon="-2.379428">
        <ele>1310.932</ele>
        <time>2025-12-26T10:52:59.501Z</time>
      </trkpt>
      <trkpt lat="38.569713" lon="-2.379856">
        <ele>1314</ele>
        <time>2025-12-26T10:52:59.501Z</time>
      </trkpt>
      <trkpt lat="38.569869" lon="-2.380118">
        <ele>1314.364</ele>
        <time>2025-12-26T10:52:59.501Z</time>
      </trkpt>
      <trkpt lat="38.570039" lon="-2.380458">
        <ele>1314.222</ele>
        <time>2025-12-26T10:52:59.501Z</time>
      </trkpt>
      <trkpt lat="38.570082" lon="-2.380644">
        <ele>1313.285</ele>
        <time>2025-12-26T10:52:59.501Z</time>
      </trkpt>
      <trkpt lat="38.570049" lon="-2.380908">
        <ele>1313</ele>
        <time>2025-12-26T10:52:59.501Z</time>
      </trkpt>
      <trkpt lat="38.569892" lon="-2.381434">
        <ele>1312.317</ele>
        <time>2025-12-26T10:52:59.501Z</time>
      </trkpt>
      <trkpt lat="38.569873" lon="-2.381656">
        <ele>1311.431</ele>
        <time>2025-12-26T10:52:59.501Z</time>
      </trkpt>
      <trkpt lat="38.569902" lon="-2.382044">
        <ele>1311</ele>
        <time>2025-12-26T10:52:59.501Z</time>
      </trkpt>
      <trkpt lat="38.569884" lon="-2.382228">
        <ele>1310.5</ele>
        <time>2025-12-26T10:52:59.501Z</time>
      </trkpt>
      <trkpt lat="38.569586" lon="-2.382952">
        <ele>1310.249</ele>
        <time>2025-12-26T10:52:59.501Z</time>
      </trkpt>
      <trkpt lat="38.569502" lon="-2.383204">
        <ele>1309.614</ele>
        <time>2025-12-26T10:52:59.501Z</time>
      </trkpt>
      <trkpt lat="38.569483" lon="-2.383296">
        <ele>1309</ele>
        <time>2025-12-26T10:52:59.501Z</time>
      </trkpt>
      <trkpt lat="38.569509" lon="-2.383468">
        <ele>1309</ele>
        <time>2025-12-26T10:52:59.501Z</time>
      </trkpt>
      <trkpt lat="38.569633" lon="-2.383766">
        <ele>1309</ele>
        <time>2025-12-26T10:52:59.501Z</time>
      </trkpt>
      <trkpt lat="38.569667" lon="-2.383884">
        <ele>1309</ele>
        <time>2025-12-26T10:52:59.501Z</time>
      </trkpt>
      <trkpt lat="38.569681" lon="-2.383992">
        <ele>1309</ele>
        <time>2025-12-26T10:52:59.501Z</time>
      </trkpt>
      <trkpt lat="38.569653" lon="-2.384246">
        <ele>1309</ele>
        <time>2025-12-26T10:52:59.501Z</time>
      </trkpt>
      <trkpt lat="38.569588" lon="-2.384356">
        <ele>1309</ele>
        <time>2025-12-26T10:52:59.501Z</time>
      </trkpt>
      <trkpt lat="38.569118" lon="-2.384886">
        <ele>1309</ele>
        <time>2025-12-26T10:52:59.501Z</time>
      </trkpt>
      <trkpt lat="38.569014" lon="-2.385038">
        <ele>1309.204</ele>
        <time>2025-12-26T10:52:59.501Z</time>
      </trkpt>
      <trkpt lat="38.568967" lon="-2.385114">
        <ele>1309.467</ele>
        <time>2025-12-26T10:52:59.501Z</time>
      </trkpt>
      <trkpt lat="38.568916" lon="-2.385312">
        <ele>1309.853</ele>
        <time>2025-12-26T10:52:59.501Z</time>
      </trkpt>
      <trkpt lat="38.568731" lon="-2.386302">
        <ele>1309</ele>
        <time>2025-12-26T10:52:59.501Z</time>
      </trkpt>
      <trkpt lat="38.568753" lon="-2.386546">
        <ele>1309</ele>
        <time>2025-12-26T10:52:59.501Z</time>
      </trkpt>
      <trkpt lat="38.568812" lon="-2.386724">
        <ele>1309</ele>
        <time>2025-12-26T10:52:59.501Z</time>
      </trkpt>
      <trkpt lat="38.568918" lon="-2.386866">
        <ele>1309.042</ele>
        <time>2025-12-26T10:52:59.501Z</time>
      </trkpt>
      <trkpt lat="38.569237" lon="-2.387274">
        <ele>1310.987</ele>
        <time>2025-12-26T10:52:59.501Z</time>
      </trkpt>
      <trkpt lat="38.569291" lon="-2.387432">
        <ele>1311.899</ele>
        <time>2025-12-26T10:52:59.501Z</time>
      </trkpt>
      <trkpt lat="38.569304" lon="-2.387608">
        <ele>1311.878</ele>
        <time>2025-12-26T10:52:59.501Z</time>
      </trkpt>
      <trkpt lat="38.569251" lon="-2.388402">
        <ele>1314.953</ele>
        <time>2025-12-26T10:52:59.501Z</time>
      </trkpt>
      <trkpt lat="38.569294" lon="-2.388678">
        <ele>1316</ele>
        <time>2025-12-26T10:52:59.501Z</time>
      </trkpt>
      <trkpt lat="38.569615" lon="-2.389980">
        <ele>1317</ele>
        <time>2025-12-26T10:52:59.501Z</time>
      </trkpt>
      <trkpt lat="38.569663" lon="-2.390316">
        <ele>1317</ele>
        <time>2025-12-26T10:52:59.501Z</time>
      </trkpt>
      <trkpt lat="38.569673" lon="-2.390636">
        <ele>1316.521</ele>
        <time>2025-12-26T10:52:59.501Z</time>
      </trkpt>
      <trkpt lat="38.569616" lon="-2.392432">
        <ele>1318</ele>
        <time>2025-12-26T10:52:59.501Z</time>
      </trkpt>
      <trkpt lat="38.569624" lon="-2.392568">
        <ele>1318</ele>
        <time>2025-12-26T10:52:59.501Z</time>
      </trkpt>
      <trkpt lat="38.569683" lon="-2.392706">
        <ele>1317.86</ele>
        <time>2025-12-26T10:52:59.501Z</time>
      </trkpt>
      <trkpt lat="38.569769" lon="-2.392788">
        <ele>1318.722</ele>
        <time>2025-12-26T10:52:59.501Z</time>
      </trkpt>
      <trkpt lat="38.570302" lon="-2.392954">
        <ele>1319</ele>
        <time>2025-12-26T10:52:59.501Z</time>
      </trkpt>
      <trkpt lat="38.570778" lon="-2.393326">
        <ele>1320.091</ele>
        <time>2025-12-26T10:52:59.501Z</time>
      </trkpt>
      <trkpt lat="38.570886" lon="-2.393502">
        <ele>1320.053</ele>
        <time>2025-12-26T10:52:59.501Z</time>
      </trkpt>
      <trkpt lat="38.570949" lon="-2.393818">
        <ele>1320.152</ele>
        <time>2025-12-26T10:52:59.501Z</time>
      </trkpt>
      <trkpt lat="38.570942" lon="-2.394564">
        <ele>1322.036</ele>
        <time>2025-12-26T10:52:59.501Z</time>
      </trkpt>
      <trkpt lat="38.570972" lon="-2.394704">
        <ele>1323</ele>
        <time>2025-12-26T10:52:59.501Z</time>
      </trkpt>
      <trkpt lat="38.571029" lon="-2.394828">
        <ele>1322.735</ele>
        <time>2025-12-26T10:52:59.501Z</time>
      </trkpt>
      <trkpt lat="38.571088" lon="-2.394906">
        <ele>1323.155</ele>
        <time>2025-12-26T10:52:59.501Z</time>
      </trkpt>
      <trkpt lat="38.571605" lon="-2.395210">
        <ele>1324</ele>
        <time>2025-12-26T10:52:59.501Z</time>
      </trkpt>
      <trkpt lat="38.572443" lon="-2.395536">
        <ele>1324</ele>
        <time>2025-12-26T10:52:59.501Z</time>
      </trkpt>
      <trkpt lat="38.572755" lon="-2.395680">
        <ele>1324.507</ele>
        <time>2025-12-26T10:52:59.501Z</time>
      </trkpt>
      <trkpt lat="38.572965" lon="-2.395880">
        <ele>1325</ele>
        <time>2025-12-26T10:52:59.501Z</time>
      </trkpt>
      <trkpt lat="38.573656" lon="-2.396882">
        <ele>1329</ele>
        <time>2025-12-26T10:52:59.501Z</time>
      </trkpt>
      <trkpt lat="38.573725" lon="-2.397010">
        <ele>1329</ele>
        <time>2025-12-26T10:52:59.501Z</time>
      </trkpt>
      <trkpt lat="38.573758" lon="-2.397186">
        <ele>1329.751</ele>
        <time>2025-12-26T10:52:59.501Z</time>
      </trkpt>
      <trkpt lat="38.573741" lon="-2.397472">
        <ele>1329.776</ele>
        <time>2025-12-26T10:52:59.501Z</time>
      </trkpt>
      <trkpt lat="38.573533" lon="-2.399626">
        <ele>1332.92</ele>
        <time>2025-12-26T10:52:59.501Z</time>
      </trkpt>
      <trkpt lat="38.573501" lon="-2.399762">
        <ele>1332.565</ele>
        <time>2025-12-26T10:52:59.501Z</time>
      </trkpt>
      <trkpt lat="38.573387" lon="-2.400044">
        <ele>1333</ele>
        <time>2025-12-26T10:52:59.501Z</time>
      </trkpt>
      <trkpt lat="38.572648" lon="-2.401406">
        <ele>1335.081</ele>
        <time>2025-12-26T10:52:59.501Z</time>
      </trkpt>
      <trkpt lat="38.572571" lon="-2.401602">
        <ele>1334.686</ele>
        <time>2025-12-26T10:52:59.501Z</time>
      </trkpt>
      <trkpt lat="38.572475" lon="-2.402050">
        <ele>1337</ele>
        <time>2025-12-26T10:52:59.501Z</time>
      </trkpt>
      <trkpt lat="38.572419" lon="-2.402248">
        <ele>1337.038</ele>
        <time>2025-12-26T10:52:59.501Z</time>
      </trkpt>
      <trkpt lat="38.572315" lon="-2.402420">
        <ele>1337</ele>
        <time>2025-12-26T10:52:59.501Z</time>
      </trkpt>
      <trkpt lat="38.572018" lon="-2.402846">
        <ele>1338</ele>
        <time>2025-12-26T10:52:59.501Z</time>
      </trkpt>
      <trkpt lat="38.571801" lon="-2.403452">
        <ele>1338.649</ele>
        <time>2025-12-26T10:52:59.501Z</time>
      </trkpt>
      <trkpt lat="38.571725" lon="-2.403610">
        <ele>1340.025</ele>
        <time>2025-12-26T10:52:59.501Z</time>
      </trkpt>
      <trkpt lat="38.571424" lon="-2.404098">
        <ele>1342.223</ele>
        <time>2025-12-26T10:52:59.501Z</time>
      </trkpt>
      <trkpt lat="38.571414" lon="-2.404208">
        <ele>1342.985</ele>
        <time>2025-12-26T10:52:59.501Z</time>
      </trkpt>
      <trkpt lat="38.571448" lon="-2.404326">
        <ele>1343</ele>
        <time>2025-12-26T10:52:59.501Z</time>
      </trkpt>
      <trkpt lat="38.571687" lon="-2.404964">
        <ele>1345</ele>
        <time>2025-12-26T10:52:59.501Z</time>
      </trkpt>
      <trkpt lat="38.571786" lon="-2.405102">
        <ele>1345.951</ele>
        <time>2025-12-26T10:52:59.501Z</time>
      </trkpt>
      <trkpt lat="38.572455" lon="-2.405570">
        <ele>1350.237</ele>
        <time>2025-12-26T10:52:59.501Z</time>
      </trkpt>
      <trkpt lat="38.572626" lon="-2.405742">
        <ele>1351.785</ele>
        <time>2025-12-26T10:52:59.501Z</time>
      </trkpt>
      <trkpt lat="38.572694" lon="-2.405888">
        <ele>1351.811</ele>
        <time>2025-12-26T10:52:59.501Z</time>
      </trkpt>
      <trkpt lat="38.573034" lon="-2.406968">
        <ele>1358</ele>
        <time>2025-12-26T10:52:59.501Z</time>
      </trkpt>
      <trkpt lat="38.573118" lon="-2.407186">
        <ele>1359.219</ele>
        <time>2025-12-26T10:52:59.501Z</time>
      </trkpt>
      <trkpt lat="38.573237" lon="-2.407374">
        <ele>1360</ele>
        <time>2025-12-26T10:52:59.501Z</time>
      </trkpt>
      <trkpt lat="38.573397" lon="-2.407544">
        <ele>1361.021</ele>
        <time>2025-12-26T10:52:59.501Z</time>
      </trkpt>
      <trkpt lat="38.574133" lon="-2.408576">
        <ele>1366.936</ele>
        <time>2025-12-26T10:52:59.501Z</time>
      </trkpt>
      <trkpt lat="38.574243" lon="-2.408726">
        <ele>1368</ele>
        <time>2025-12-26T10:52:59.501Z</time>
      </trkpt>
      <trkpt lat="38.574779" lon="-2.409638">
        <ele>1371.828</ele>
        <time>2025-12-26T10:52:59.501Z</time>
      </trkpt>
      <trkpt lat="38.574927" lon="-2.409784">
        <ele>1373</ele>
        <time>2025-12-26T10:52:59.501Z</time>
      </trkpt>
      <trkpt lat="38.575508" lon="-2.410136">
        <ele>1376</ele>
        <time>2025-12-26T10:52:59.501Z</time>
      </trkpt>
      <trkpt lat="38.575588" lon="-2.410226">
        <ele>1376.157</ele>
        <time>2025-12-26T10:52:59.501Z</time>
      </trkpt>
      <trkpt lat="38.575683" lon="-2.410406">
        <ele>1377</ele>
        <time>2025-12-26T10:52:59.501Z</time>
      </trkpt>
      <trkpt lat="38.575816" lon="-2.410792">
        <ele>1379</ele>
        <time>2025-12-26T10:52:59.501Z</time>
      </trkpt>
      <trkpt lat="38.575986" lon="-2.411562">
        <ele>1382.278</ele>
        <time>2025-12-26T10:52:59.501Z</time>
      </trkpt>
      <trkpt lat="38.576059" lon="-2.412078">
        <ele>1385.613</ele>
        <time>2025-12-26T10:52:59.501Z</time>
      </trkpt>
      <trkpt lat="38.576109" lon="-2.412608">
        <ele>1388</ele>
        <time>2025-12-26T10:52:59.501Z</time>
      </trkpt>
      <trkpt lat="38.576167" lon="-2.412894">
        <ele>1390</ele>
        <time>2025-12-26T10:52:59.501Z</time>
      </trkpt>
      <trkpt lat="38.576346" lon="-2.413222">
        <ele>1393.057</ele>
        <time>2025-12-26T10:52:59.501Z</time>
      </trkpt>
      <trkpt lat="38.576616" lon="-2.413652">
        <ele>1395.087</ele>
        <time>2025-12-26T10:52:59.501Z</time>
      </trkpt>
      <trkpt lat="38.576863" lon="-2.413966">
        <ele>1397.92</ele>
        <time>2025-12-26T10:52:59.501Z</time>
      </trkpt>
      <trkpt lat="38.577002" lon="-2.414154">
        <ele>1399.849</ele>
        <time>2025-12-26T10:52:59.501Z</time>
      </trkpt>
      <trkpt lat="38.577098" lon="-2.414346">
        <ele>1401</ele>
        <time>2025-12-26T10:52:59.501Z</time>
      </trkpt>
      <trkpt lat="38.577143" lon="-2.414586">
        <ele>1401.985</ele>
        <time>2025-12-26T10:52:59.501Z</time>
      </trkpt>
      <trkpt lat="38.577121" lon="-2.414722">
        <ele>1402.69</ele>
        <time>2025-12-26T10:52:59.501Z</time>
      </trkpt>
      <trkpt lat="38.577062" lon="-2.414924">
        <ele>1404</ele>
        <time>2025-12-26T10:52:59.501Z</time>
      </trkpt>
      <trkpt lat="38.576731" lon="-2.415702">
        <ele>1409</ele>
        <time>2025-12-26T10:52:59.501Z</time>
      </trkpt>
      <trkpt lat="38.576484" lon="-2.416018">
        <ele>1412.007</ele>
        <time>2025-12-26T10:52:59.501Z</time>
      </trkpt>
      <trkpt lat="38.576138" lon="-2.416306">
        <ele>1415.087</ele>
        <time>2025-12-26T10:52:59.501Z</time>
      </trkpt>
      <trkpt lat="38.575807" lon="-2.416624">
        <ele>1418.416</ele>
        <time>2025-12-26T10:52:59.501Z</time>
      </trkpt>
      <trkpt lat="38.575606" lon="-2.416862">
        <ele>1420.349</ele>
        <time>2025-12-26T10:52:59.501Z</time>
      </trkpt>
      <trkpt lat="38.575592" lon="-2.416964">
        <ele>1421</ele>
        <time>2025-12-26T10:52:59.501Z</time>
      </trkpt>
      <trkpt lat="38.575617" lon="-2.417054">
        <ele>1421</ele>
        <time>2025-12-26T10:52:59.501Z</time>
      </trkpt>
      <trkpt lat="38.575674" lon="-2.417138">
        <ele>1421.457</ele>
        <time>2025-12-26T10:52:59.501Z</time>
      </trkpt>
      <trkpt lat="38.575938" lon="-2.417316">
        <ele>1423</ele>
        <time>2025-12-26T10:52:59.501Z</time>
      </trkpt>
      <trkpt lat="38.576112" lon="-2.417484">
        <ele>1425</ele>
        <time>2025-12-26T10:52:59.501Z</time>
      </trkpt>
      <trkpt lat="38.576235" lon="-2.417630">
        <ele>1426</ele>
        <time>2025-12-26T10:52:59.501Z</time>
      </trkpt>
      <trkpt lat="38.576378" lon="-2.417856">
        <ele>1427</ele>
        <time>2025-12-26T10:52:59.501Z</time>
      </trkpt>
      <trkpt lat="38.576477" lon="-2.418144">
        <ele>1428</ele>
        <time>2025-12-26T10:52:59.501Z</time>
      </trkpt>
      <trkpt lat="38.576581" lon="-2.418582">
        <ele>1429.928</ele>
        <time>2025-12-26T10:52:59.501Z</time>
      </trkpt>
      <trkpt lat="38.576643" lon="-2.418676">
        <ele>1428.19</ele>
        <time>2025-12-26T10:52:59.501Z</time>
      </trkpt>
      <trkpt lat="38.576734" lon="-2.418758">
        <ele>1428.591</ele>
        <time>2025-12-26T10:52:59.501Z</time>
      </trkpt>
      <trkpt lat="38.576921" lon="-2.418682">
        <ele>1428</ele>
        <time>2025-12-26T10:52:59.501Z</time>
      </trkpt>
      <trkpt lat="38.577091" lon="-2.418572">
        <ele>1427.15</ele>
        <time>2025-12-26T10:52:59.501Z</time>
      </trkpt>
      <trkpt lat="38.577367" lon="-2.418484">
        <ele>1425.498</ele>
        <time>2025-12-26T10:52:59.501Z</time>
      </trkpt>
      <trkpt lat="38.577532" lon="-2.418464">
        <ele>1425.171</ele>
        <time>2025-12-26T10:52:59.501Z</time>
      </trkpt>
      <trkpt lat="38.577813" lon="-2.418556">
        <ele>1422.091</ele>
        <time>2025-12-26T10:52:59.501Z</time>
      </trkpt>
      <trkpt lat="38.577916" lon="-2.418542">
        <ele>1421.7</ele>
        <time>2025-12-26T10:52:59.501Z</time>
      </trkpt>
      <trkpt lat="38.578042" lon="-2.418444">
        <ele>1420.846</ele>
        <time>2025-12-26T10:52:59.501Z</time>
      </trkpt>
      <trkpt lat="38.578225" lon="-2.418100">
        <ele>1420.297</ele>
        <time>2025-12-26T10:52:59.501Z</time>
      </trkpt>
      <trkpt lat="38.578783" lon="-2.417526">
        <ele>1415.301</ele>
        <time>2025-12-26T10:52:59.501Z</time>
      </trkpt>
      <trkpt lat="38.578921" lon="-2.417352">
        <ele>1412.804</ele>
        <time>2025-12-26T10:52:59.501Z</time>
      </trkpt>
      <trkpt lat="38.579136" lon="-2.416942">
        <ele>1410.091</ele>
        <time>2025-12-26T10:52:59.501Z</time>
      </trkpt>
      <trkpt lat="38.579199" lon="-2.416668">
        <ele>1407.463</ele>
        <time>2025-12-26T10:52:59.501Z</time>
      </trkpt>
      <trkpt lat="38.579387" lon="-2.416364">
        <ele>1405.466</ele>
        <time>2025-12-26T10:52:59.501Z</time>
      </trkpt>
      <trkpt lat="38.579515" lon="-2.416220">
        <ele>1403.613</ele>
        <time>2025-12-26T10:52:59.501Z</time>
      </trkpt>
      <trkpt lat="38.579661" lon="-2.416132">
        <ele>1402.856</ele>
        <time>2025-12-26T10:52:59.501Z</time>
      </trkpt>
      <trkpt lat="38.579829" lon="-2.416138">
        <ele>1401.45</ele>
        <time>2025-12-26T10:52:59.501Z</time>
      </trkpt>
      <trkpt lat="38.580095" lon="-2.416270">
        <ele>1399.761</ele>
        <time>2025-12-26T10:52:59.501Z</time>
      </trkpt>
      <trkpt lat="38.580617" lon="-2.416314">
        <ele>1396.435</ele>
        <time>2025-12-26T10:52:59.501Z</time>
      </trkpt>
      <trkpt lat="38.580753" lon="-2.416306">
        <ele>1396.317</ele>
        <time>2025-12-26T10:52:59.501Z</time>
      </trkpt>
      <trkpt lat="38.580878" lon="-2.416216">
        <ele>1394.363</ele>
        <time>2025-12-26T10:52:59.501Z</time>
      </trkpt>
      <trkpt lat="38.581026" lon="-2.415902">
        <ele>1393.362</ele>
        <time>2025-12-26T10:52:59.501Z</time>
      </trkpt>
      <trkpt lat="38.581163" lon="-2.415616">
        <ele>1393.042</ele>
        <time>2025-12-26T10:52:59.501Z</time>
      </trkpt>
      <trkpt lat="38.581258" lon="-2.415516">
        <ele>1391.006</ele>
        <time>2025-12-26T10:52:59.501Z</time>
      </trkpt>
      <trkpt lat="38.581359" lon="-2.415478">
        <ele>1390.188</ele>
        <time>2025-12-26T10:52:59.501Z</time>
      </trkpt>
      <trkpt lat="38.581584" lon="-2.415508">
        <ele>1389.36</ele>
        <time>2025-12-26T10:52:59.501Z</time>
      </trkpt>
      <trkpt lat="38.581649" lon="-2.415458">
        <ele>1389</ele>
        <time>2025-12-26T10:52:59.501Z</time>
      </trkpt>
      <trkpt lat="38.581822" lon="-2.415034">
        <ele>1386</ele>
        <time>2025-12-26T10:52:59.501Z</time>
      </trkpt>
      <trkpt lat="38.582041" lon="-2.414562">
        <ele>1383.092</ele>
        <time>2025-12-26T10:52:59.501Z</time>
      </trkpt>
      <trkpt lat="38.582184" lon="-2.414318">
        <ele>1381.448</ele>
        <time>2025-12-26T10:52:59.501Z</time>
      </trkpt>
      <trkpt lat="38.582211" lon="-2.414122">
        <ele>1381.946</ele>
        <time>2025-12-26T10:52:59.501Z</time>
      </trkpt>
      <trkpt lat="38.582213" lon="-2.414006">
        <ele>1380.354</ele>
        <time>2025-12-26T10:52:59.501Z</time>
      </trkpt>
      <trkpt lat="38.582241" lon="-2.413872">
        <ele>1378.335</ele>
        <time>2025-12-26T10:52:59.501Z</time>
      </trkpt>
      <trkpt lat="38.582297" lon="-2.413794">
        <ele>1377.317</ele>
        <time>2025-12-26T10:52:59.501Z</time>
      </trkpt>
      <trkpt lat="38.582572" lon="-2.413634">
        <ele>1375.144</ele>
        <time>2025-12-26T10:52:59.501Z</time>
      </trkpt>
      <trkpt lat="38.582731" lon="-2.413612">
        <ele>1373.793</ele>
        <time>2025-12-26T10:52:59.501Z</time>
      </trkpt>
      <trkpt lat="38.582846" lon="-2.413682">
        <ele>1372.13</ele>
        <time>2025-12-26T10:52:59.501Z</time>
      </trkpt>
      <trkpt lat="38.582918" lon="-2.413816">
        <ele>1371.294</ele>
        <time>2025-12-26T10:52:59.501Z</time>
      </trkpt>
      <trkpt lat="38.582937" lon="-2.414004">
        <ele>1370.448</ele>
        <time>2025-12-26T10:52:59.501Z</time>
      </trkpt>
      <trkpt lat="38.582818" lon="-2.415136">
        <ele>1364.69</ele>
        <time>2025-12-26T10:52:59.501Z</time>
      </trkpt>
      <trkpt lat="38.582885" lon="-2.415950">
        <ele>1362</ele>
        <time>2025-12-26T10:52:59.501Z</time>
      </trkpt>
      <trkpt lat="38.582773" lon="-2.416516">
        <ele>1358.063</ele>
        <time>2025-12-26T10:52:59.501Z</time>
      </trkpt>
      <trkpt lat="38.582789" lon="-2.416678">
        <ele>1353.734</ele>
        <time>2025-12-26T10:52:59.501Z</time>
      </trkpt>
      <trkpt lat="38.582896" lon="-2.416872">
        <ele>1355.725</ele>
        <time>2025-12-26T10:52:59.501Z</time>
      </trkpt>
      <trkpt lat="38.583015" lon="-2.417010">
        <ele>1354.858</ele>
        <time>2025-12-26T10:52:59.501Z</time>
      </trkpt>
      <trkpt lat="38.583193" lon="-2.417116">
        <ele>1354.051</ele>
        <time>2025-12-26T10:52:59.501Z</time>
      </trkpt>
      <trkpt lat="38.583349" lon="-2.417138">
        <ele>1352.246</ele>
        <time>2025-12-26T10:52:59.501Z</time>
      </trkpt>
      <trkpt lat="38.583791" lon="-2.417072">
        <ele>1349.957</ele>
        <time>2025-12-26T10:52:59.501Z</time>
      </trkpt>
      <trkpt lat="38.583992" lon="-2.417014">
        <ele>1348.249</ele>
        <time>2025-12-26T10:52:59.501Z</time>
      </trkpt>
      <trkpt lat="38.584091" lon="-2.417032">
        <ele>1346.417</ele>
        <time>2025-12-26T10:52:59.501Z</time>
      </trkpt>
      <trkpt lat="38.584179" lon="-2.417078">
        <ele>1345.533</ele>
        <time>2025-12-26T10:52:59.501Z</time>
      </trkpt>
      <trkpt lat="38.584231" lon="-2.417152">
        <ele>1345.183</ele>
        <time>2025-12-26T10:52:59.501Z</time>
      </trkpt>
      <trkpt lat="38.584277" lon="-2.417244">
        <ele>1344.211</ele>
        <time>2025-12-26T10:52:59.501Z</time>
      </trkpt>
      <trkpt lat="38.584299" lon="-2.417378">
        <ele>1344</ele>
        <time>2025-12-26T10:52:59.501Z</time>
      </trkpt>
      <trkpt lat="38.584232" lon="-2.417564">
        <ele>1342.253</ele>
        <time>2025-12-26T10:52:59.501Z</time>
      </trkpt>
      <trkpt lat="38.583853" lon="-2.418156">
        <ele>1337.147</ele>
        <time>2025-12-26T10:52:59.501Z</time>
      </trkpt>
      <trkpt lat="38.583564" lon="-2.418518">
        <ele>1333.089</ele>
        <time>2025-12-26T10:52:59.501Z</time>
      </trkpt>
      <trkpt lat="38.583549" lon="-2.418638">
        <ele>1334.16</ele>
        <time>2025-12-26T10:52:59.501Z</time>
      </trkpt>
      <trkpt lat="38.583578" lon="-2.418796">
        <ele>1331.68</ele>
        <time>2025-12-26T10:52:59.501Z</time>
      </trkpt>
      <trkpt lat="38.583753" lon="-2.419036">
        <ele>1330.664</ele>
        <time>2025-12-26T10:52:59.501Z</time>
      </trkpt>
      <trkpt lat="38.584005" lon="-2.419290">
        <ele>1326.392</ele>
        <time>2025-12-26T10:52:59.501Z</time>
      </trkpt>
      <trkpt lat="38.584675" lon="-2.419880">
        <ele>1322</ele>
        <time>2025-12-26T10:52:59.501Z</time>
      </trkpt>
      <trkpt lat="38.584808" lon="-2.419926">
        <ele>1321</ele>
        <time>2025-12-26T10:52:59.501Z</time>
      </trkpt>
      <trkpt lat="38.584988" lon="-2.420036">
        <ele>1319.865</ele>
        <time>2025-12-26T10:52:59.501Z</time>
      </trkpt>
      <trkpt lat="38.585309" lon="-2.420328">
        <ele>1316.422</ele>
        <time>2025-12-26T10:52:59.501Z</time>
      </trkpt>
      <trkpt lat="38.585456" lon="-2.420412">
        <ele>1314.664</ele>
        <time>2025-12-26T10:52:59.501Z</time>
      </trkpt>
      <trkpt lat="38.585696" lon="-2.420512">
        <ele>1313.022</ele>
        <time>2025-12-26T10:52:59.501Z</time>
      </trkpt>
      <trkpt lat="38.585943" lon="-2.420566">
        <ele>1311.424</ele>
        <time>2025-12-26T10:52:59.501Z</time>
      </trkpt>
      <trkpt lat="38.586114" lon="-2.420618">
        <ele>1310</ele>
        <time>2025-12-26T10:52:59.501Z</time>
      </trkpt>
      <trkpt lat="38.586168" lon="-2.420666">
        <ele>1309.803</ele>
        <time>2025-12-26T10:52:59.501Z</time>
      </trkpt>
      <trkpt lat="38.586192" lon="-2.420774">
        <ele>1308.472</ele>
        <time>2025-12-26T10:52:59.501Z</time>
      </trkpt>
      <trkpt lat="38.586191" lon="-2.420882">
        <ele>1308</ele>
        <time>2025-12-26T10:52:59.501Z</time>
      </trkpt>
      <trkpt lat="38.586167" lon="-2.420994">
        <ele>1307.028</ele>
        <time>2025-12-26T10:52:59.501Z</time>
      </trkpt>
      <trkpt lat="38.585994" lon="-2.421258">
        <ele>1304.638</ele>
        <time>2025-12-26T10:52:59.501Z</time>
      </trkpt>
      <trkpt lat="38.585948" lon="-2.421376">
        <ele>1304.974</ele>
        <time>2025-12-26T10:52:59.501Z</time>
      </trkpt>
      <trkpt lat="38.585945" lon="-2.421460">
        <ele>1304.687</ele>
        <time>2025-12-26T10:52:59.501Z</time>
      </trkpt>
      <trkpt lat="38.585979" lon="-2.421568">
        <ele>1303.971</ele>
        <time>2025-12-26T10:52:59.501Z</time>
      </trkpt>
      <trkpt lat="38.586378" lon="-2.422046">
        <ele>1300</ele>
        <time>2025-12-26T10:52:59.501Z</time>
      </trkpt>
      <trkpt lat="38.586431" lon="-2.422152">
        <ele>1299</ele>
        <time>2025-12-26T10:52:59.501Z</time>
      </trkpt>
      <trkpt lat="38.586478" lon="-2.422316">
        <ele>1297.656</ele>
        <time>2025-12-26T10:52:59.501Z</time>
      </trkpt>
      <trkpt lat="38.586403" lon="-2.422866">
        <ele>1293.639</ele>
        <time>2025-12-26T10:52:59.501Z</time>
      </trkpt>
      <trkpt lat="38.586429" lon="-2.423038">
        <ele>1292.827</ele>
        <time>2025-12-26T10:52:59.501Z</time>
      </trkpt>
      <trkpt lat="38.586514" lon="-2.423328">
        <ele>1291.277</ele>
        <time>2025-12-26T10:52:59.501Z</time>
      </trkpt>
      <trkpt lat="38.586545" lon="-2.423480">
        <ele>1290.112</ele>
        <time>2025-12-26T10:52:59.501Z</time>
      </trkpt>
      <trkpt lat="38.586507" lon="-2.423794">
        <ele>1287.146</ele>
        <time>2025-12-26T10:52:59.501Z</time>
      </trkpt>
      <trkpt lat="38.586532" lon="-2.423964">
        <ele>1285.623</ele>
        <time>2025-12-26T10:52:59.501Z</time>
      </trkpt>
      <trkpt lat="38.586676" lon="-2.424262">
        <ele>1284.67</ele>
        <time>2025-12-26T10:52:59.501Z</time>
      </trkpt>
      <trkpt lat="38.586835" lon="-2.424460">
        <ele>1283.89</ele>
        <time>2025-12-26T10:52:59.501Z</time>
      </trkpt>
      <trkpt lat="38.587148" lon="-2.424756">
        <ele>1280.46</ele>
        <time>2025-12-26T10:52:59.501Z</time>
      </trkpt>
      <trkpt lat="38.587376" lon="-2.424892">
        <ele>1278.861</ele>
        <time>2025-12-26T10:52:59.501Z</time>
      </trkpt>
      <trkpt lat="38.587995" lon="-2.425180">
        <ele>1274.638</ele>
        <time>2025-12-26T10:52:59.501Z</time>
      </trkpt>
      <trkpt lat="38.588425" lon="-2.425410">
        <ele>1272.079</ele>
        <time>2025-12-26T10:52:59.501Z</time>
      </trkpt>
      <trkpt lat="38.588507" lon="-2.425494">
        <ele>1271</ele>
        <time>2025-12-26T10:52:59.501Z</time>
      </trkpt>
      <trkpt lat="38.588538" lon="-2.425596">
        <ele>1270.104</ele>
        <time>2025-12-26T10:52:59.501Z</time>
      </trkpt>
      <trkpt lat="38.588529" lon="-2.425798">
        <ele>1269</ele>
        <time>2025-12-26T10:52:59.501Z</time>
      </trkpt>
      <trkpt lat="38.588541" lon="-2.425962">
        <ele>1267.432</ele>
        <time>2025-12-26T10:52:59.501Z</time>
      </trkpt>
      <trkpt lat="38.588605" lon="-2.426090">
        <ele>1265.59</ele>
        <time>2025-12-26T10:52:59.501Z</time>
      </trkpt>
      <trkpt lat="38.588712" lon="-2.426224">
        <ele>1265.658</ele>
        <time>2025-12-26T10:52:59.501Z</time>
      </trkpt>
      <trkpt lat="38.588861" lon="-2.426322">
        <ele>1265.346</ele>
        <time>2025-12-26T10:52:59.501Z</time>
      </trkpt>
      <trkpt lat="38.589032" lon="-2.426384">
        <ele>1264.797</ele>
        <time>2025-12-26T10:52:59.501Z</time>
      </trkpt>
      <trkpt lat="38.589192" lon="-2.426504">
        <ele>1264</ele>
        <time>2025-12-26T10:52:59.501Z</time>
      </trkpt>
      <trkpt lat="38.589339" lon="-2.426648">
        <ele>1262.115</ele>
        <time>2025-12-26T10:52:59.501Z</time>
      </trkpt>
      <trkpt lat="38.589472" lon="-2.426724">
        <ele>1261</ele>
        <time>2025-12-26T10:52:59.501Z</time>
      </trkpt>
      <trkpt lat="38.589771" lon="-2.426812">
        <ele>1258.85</ele>
        <time>2025-12-26T10:52:59.501Z</time>
      </trkpt>
      <trkpt lat="38.590061" lon="-2.427002">
        <ele>1256.667</ele>
        <time>2025-12-26T10:52:59.501Z</time>
      </trkpt>
      <trkpt lat="38.590246" lon="-2.427222">
        <ele>1254.719</ele>
        <time>2025-12-26T10:52:59.501Z</time>
      </trkpt>
      <trkpt lat="38.590407" lon="-2.427494">
        <ele>1253</ele>
        <time>2025-12-26T10:52:59.501Z</time>
      </trkpt>
      <trkpt lat="38.590413" lon="-2.427432">
        <ele>1254</ele>
        <time>2025-12-26T10:52:59.501Z</time>
      </trkpt>
      <trkpt lat="38.590432" lon="-2.427214">
        <ele>1255.225</ele>
        <time>2025-12-26T10:52:59.501Z</time>
      </trkpt>
      <trkpt lat="38.590475" lon="-2.427100">
        <ele>1257.717</ele>
        <time>2025-12-26T10:52:59.501Z</time>
      </trkpt>
      <trkpt lat="38.590552" lon="-2.427014">
        <ele>1258.989</ele>
        <time>2025-12-26T10:52:59.501Z</time>
      </trkpt>
      <trkpt lat="38.590641" lon="-2.426942">
        <ele>1259.898</ele>
        <time>2025-12-26T10:52:59.501Z</time>
      </trkpt>
      <trkpt lat="38.590742" lon="-2.426894">
        <ele>1259.954</ele>
        <time>2025-12-26T10:52:59.501Z</time>
      </trkpt>
      <trkpt lat="38.590839" lon="-2.426908">
        <ele>1260.357</ele>
        <time>2025-12-26T10:52:59.501Z</time>
      </trkpt>
      <trkpt lat="38.590902" lon="-2.426954">
        <ele>1260.572</ele>
        <time>2025-12-26T10:52:59.501Z</time>
      </trkpt>
      <trkpt lat="38.590927" lon="-2.427014">
        <ele>1261.156</ele>
        <time>2025-12-26T10:52:59.501Z</time>
      </trkpt>
      <trkpt lat="38.591009" lon="-2.428168">
        <ele>1267.865</ele>
        <time>2025-12-26T10:52:59.501Z</time>
      </trkpt>
      <trkpt lat="38.591026" lon="-2.428902">
        <ele>1274</ele>
        <time>2025-12-26T10:52:59.501Z</time>
      </trkpt>
      <trkpt lat="38.591043" lon="-2.429066">
        <ele>1274.121</ele>
        <time>2025-12-26T10:52:59.501Z</time>
      </trkpt>
      <trkpt lat="38.591132" lon="-2.429414">
        <ele>1275.173</ele>
        <time>2025-12-26T10:52:59.501Z</time>
      </trkpt>
      <trkpt lat="38.591162" lon="-2.429754">
        <ele>1279.016</ele>
        <time>2025-12-26T10:52:59.501Z</time>
      </trkpt>
      <trkpt lat="38.591201" lon="-2.429872">
        <ele>1280.023</ele>
        <time>2025-12-26T10:52:59.501Z</time>
      </trkpt>
      <trkpt lat="38.591258" lon="-2.429966">
        <ele>1281</ele>
        <time>2025-12-26T10:52:59.501Z</time>
      </trkpt>
      <trkpt lat="38.591598" lon="-2.430306">
        <ele>1284</ele>
        <time>2025-12-26T10:52:59.501Z</time>
      </trkpt>
      <trkpt lat="38.591674" lon="-2.430418">
        <ele>1284.977</ele>
        <time>2025-12-26T10:52:59.501Z</time>
      </trkpt>
      <trkpt lat="38.591695" lon="-2.430490">
        <ele>1285.967</ele>
        <time>2025-12-26T10:52:59.501Z</time>
      </trkpt>
      <trkpt lat="38.591672" lon="-2.430624">
        <ele>1286.309</ele>
        <time>2025-12-26T10:52:59.501Z</time>
      </trkpt>
      <trkpt lat="38.591618" lon="-2.430746">
        <ele>1287.61</ele>
        <time>2025-12-26T10:52:59.501Z</time>
      </trkpt>
      <trkpt lat="38.591455" lon="-2.430980">
        <ele>1288.491</ele>
        <time>2025-12-26T10:52:59.501Z</time>
      </trkpt>
      <trkpt lat="38.591434" lon="-2.431078">
        <ele>1288.81</ele>
        <time>2025-12-26T10:52:59.501Z</time>
      </trkpt>
      <trkpt lat="38.591451" lon="-2.431212">
        <ele>1289.39</ele>
        <time>2025-12-26T10:52:59.501Z</time>
      </trkpt>
      <trkpt lat="38.591498" lon="-2.431316">
        <ele>1289.768</ele>
        <time>2025-12-26T10:52:59.501Z</time>
      </trkpt>
      <trkpt lat="38.591725" lon="-2.431650">
        <ele>1290.939</ele>
        <time>2025-12-26T10:52:59.501Z</time>
      </trkpt>
      <trkpt lat="38.591792" lon="-2.431774">
        <ele>1290.566</ele>
        <time>2025-12-26T10:52:59.501Z</time>
      </trkpt>
      <trkpt lat="38.591861" lon="-2.431982">
        <ele>1291.721</ele>
        <time>2025-12-26T10:52:59.501Z</time>
      </trkpt>
      <trkpt lat="38.591958" lon="-2.432396">
        <ele>1293.571</ele>
        <time>2025-12-26T10:52:59.501Z</time>
      </trkpt>
      <trkpt lat="38.592037" lon="-2.432664">
        <ele>1294.227</ele>
        <time>2025-12-26T10:52:59.501Z</time>
      </trkpt>
      <trkpt lat="38.592092" lon="-2.432784">
        <ele>1293.986</ele>
        <time>2025-12-26T10:52:59.501Z</time>
      </trkpt>
      <trkpt lat="38.592243" lon="-2.433066">
        <ele>1293.758</ele>
        <time>2025-12-26T10:52:59.501Z</time>
      </trkpt>
      <trkpt lat="38.592427" lon="-2.433244">
        <ele>1294.708</ele>
        <time>2025-12-26T10:52:59.501Z</time>
      </trkpt>
      <trkpt lat="38.592544" lon="-2.433418">
        <ele>1294.932</ele>
        <time>2025-12-26T10:52:59.501Z</time>
      </trkpt>
      <trkpt lat="38.592562" lon="-2.433494">
        <ele>1294.035</ele>
        <time>2025-12-26T10:52:59.501Z</time>
      </trkpt>
      <trkpt lat="38.592587" lon="-2.433664">
        <ele>1295.117</ele>
        <time>2025-12-26T10:52:59.501Z</time>
      </trkpt>
      <trkpt lat="38.592697" lon="-2.434014">
        <ele>1294.869</ele>
        <time>2025-12-26T10:52:59.501Z</time>
      </trkpt>
      <trkpt lat="38.592736" lon="-2.434052">
        <ele>1294.955</ele>
        <time>2025-12-26T10:52:59.501Z</time>
      </trkpt>
      <trkpt lat="38.592786" lon="-2.434092">
        <ele>1295.059</ele>
        <time>2025-12-26T10:52:59.501Z</time>
      </trkpt>
      <trkpt lat="38.593068" lon="-2.434106">
        <ele>1294.592</ele>
        <time>2025-12-26T10:52:59.501Z</time>
      </trkpt>
      <trkpt lat="38.593141" lon="-2.434082">
        <ele>1295.13</ele>
        <time>2025-12-26T10:52:59.501Z</time>
      </trkpt>
      <trkpt lat="38.593238" lon="-2.434036">
        <ele>1295</ele>
        <time>2025-12-26T10:52:59.501Z</time>
      </trkpt>
      <trkpt lat="38.593475" lon="-2.433810">
        <ele>1296.293</ele>
        <time>2025-12-26T10:52:59.501Z</time>
      </trkpt>
      <trkpt lat="38.593832" lon="-2.433694">
        <ele>1295.487</ele>
        <time>2025-12-26T10:52:59.501Z</time>
      </trkpt>
      <trkpt lat="38.594554" lon="-2.433268">
        <ele>1296.991</ele>
        <time>2025-12-26T10:52:59.501Z</time>
      </trkpt>
      <trkpt lat="38.594683" lon="-2.433166">
        <ele>1297.363</ele>
        <time>2025-12-26T10:52:59.501Z</time>
      </trkpt>
      <trkpt lat="38.594844" lon="-2.432938">
        <ele>1297.75</ele>
        <time>2025-12-26T10:52:59.501Z</time>
      </trkpt>
      <trkpt lat="38.594904" lon="-2.432898">
        <ele>1298.28</ele>
        <time>2025-12-26T10:52:59.501Z</time>
      </trkpt>
      <trkpt lat="38.595131" lon="-2.432852">
        <ele>1299.025</ele>
        <time>2025-12-26T10:52:59.501Z</time>
      </trkpt>
      <trkpt lat="38.595507" lon="-2.432754">
        <ele>1301.472</ele>
        <time>2025-12-26T10:52:59.501Z</time>
      </trkpt>
      <trkpt lat="38.595732" lon="-2.432604">
        <ele>1302.33</ele>
        <time>2025-12-26T10:52:59.501Z</time>
      </trkpt>
      <trkpt lat="38.595922" lon="-2.432454">
        <ele>1302.244</ele>
        <time>2025-12-26T10:52:59.501Z</time>
      </trkpt>
      <trkpt lat="38.595995" lon="-2.432350">
        <ele>1303.37</ele>
        <time>2025-12-26T10:52:59.501Z</time>
      </trkpt>
      <trkpt lat="38.596011" lon="-2.432242">
        <ele>1303.443</ele>
        <time>2025-12-26T10:52:59.501Z</time>
      </trkpt>
      <trkpt lat="38.596029" lon="-2.431648">
        <ele>1306.543</ele>
        <time>2025-12-26T10:52:59.501Z</time>
      </trkpt>
      <trkpt lat="38.596053" lon="-2.431526">
        <ele>1306.541</ele>
        <time>2025-12-26T10:52:59.501Z</time>
      </trkpt>
      <trkpt lat="38.596126" lon="-2.431382">
        <ele>1307.724</ele>
        <time>2025-12-26T10:52:59.501Z</time>
      </trkpt>
      <trkpt lat="38.596207" lon="-2.431364">
        <ele>1307</ele>
        <time>2025-12-26T10:52:59.501Z</time>
      </trkpt>
      <trkpt lat="38.596349" lon="-2.431408">
        <ele>1307.817</ele>
        <time>2025-12-26T10:52:59.501Z</time>
      </trkpt>
      <trkpt lat="38.596549" lon="-2.431558">
        <ele>1309.918</ele>
        <time>2025-12-26T10:52:59.501Z</time>
      </trkpt>
      <trkpt lat="38.596744" lon="-2.431788">
        <ele>1311.833</ele>
        <time>2025-12-26T10:52:59.501Z</time>
      </trkpt>
      <trkpt lat="38.596806" lon="-2.431802">
        <ele>1312.802</ele>
        <time>2025-12-26T10:52:59.501Z</time>
      </trkpt>
      <trkpt lat="38.596885" lon="-2.431790">
        <ele>1313.557</ele>
        <time>2025-12-26T10:52:59.501Z</time>
      </trkpt>
      <trkpt lat="38.597009" lon="-2.431748">
        <ele>1314.063</ele>
        <time>2025-12-26T10:52:59.501Z</time>
      </trkpt>
      <trkpt lat="38.597334" lon="-2.431498">
        <ele>1315.339</ele>
        <time>2025-12-26T10:52:59.501Z</time>
      </trkpt>
      <trkpt lat="38.597441" lon="-2.431342">
        <ele>1316.962</ele>
        <time>2025-12-26T10:52:59.501Z</time>
      </trkpt>
      <trkpt lat="38.597534" lon="-2.431148">
        <ele>1317.508</ele>
        <time>2025-12-26T10:52:59.501Z</time>
      </trkpt>
      <trkpt lat="38.597607" lon="-2.430804">
        <ele>1319.162</ele>
        <time>2025-12-26T10:52:59.501Z</time>
      </trkpt>
      <trkpt lat="38.597651" lon="-2.430682">
        <ele>1320.289</ele>
        <time>2025-12-26T10:52:59.501Z</time>
      </trkpt>
      <trkpt lat="38.597705" lon="-2.430610">
        <ele>1320.127</ele>
        <time>2025-12-26T10:52:59.501Z</time>
      </trkpt>
      <trkpt lat="38.597819" lon="-2.430508">
        <ele>1321.026</ele>
        <time>2025-12-26T10:52:59.501Z</time>
      </trkpt>
      <trkpt lat="38.598005" lon="-2.430330">
        <ele>1322.485</ele>
        <time>2025-12-26T10:52:59.501Z</time>
      </trkpt>
      <trkpt lat="38.598183" lon="-2.430276">
        <ele>1323.108</ele>
        <time>2025-12-26T10:52:59.501Z</time>
      </trkpt>
      <trkpt lat="38.598509" lon="-2.430308">
        <ele>1325.226</ele>
        <time>2025-12-26T10:52:59.501Z</time>
      </trkpt>
      <trkpt lat="38.598587" lon="-2.430284">
        <ele>1325.964</ele>
        <time>2025-12-26T10:52:59.501Z</time>
      </trkpt>
      <trkpt lat="38.598647" lon="-2.430234">
        <ele>1326</ele>
        <time>2025-12-26T10:52:59.501Z</time>
      </trkpt>
      <trkpt lat="38.598685" lon="-2.430180">
        <ele>1326.017</ele>
        <time>2025-12-26T10:52:59.501Z</time>
      </trkpt>
      <trkpt lat="38.598742" lon="-2.430004">
        <ele>1326.012</ele>
        <time>2025-12-26T10:52:59.501Z</time>
      </trkpt>
      <trkpt lat="38.599016" lon="-2.429042">
        <ele>1325.104</ele>
        <time>2025-12-26T10:52:59.501Z</time>
      </trkpt>
      <trkpt lat="38.599056" lon="-2.428802">
        <ele>1324.887</ele>
        <time>2025-12-26T10:52:59.501Z</time>
      </trkpt>
      <trkpt lat="38.599144" lon="-2.427928">
        <ele>1321.418</ele>
        <time>2025-12-26T10:52:59.501Z</time>
      </trkpt>
      <trkpt lat="38.599191" lon="-2.427722">
        <ele>1320.77</ele>
        <time>2025-12-26T10:52:59.501Z</time>
      </trkpt>
      <trkpt lat="38.599523" lon="-2.426826">
        <ele>1317</ele>
        <time>2025-12-26T10:52:59.501Z</time>
      </trkpt>
      <trkpt lat="38.599667" lon="-2.425674">
        <ele>1314</ele>
        <time>2025-12-26T10:52:59.501Z</time>
      </trkpt>
      <trkpt lat="38.599669" lon="-2.425518">
        <ele>1313.36</ele>
        <time>2025-12-26T10:52:59.501Z</time>
      </trkpt>
      <trkpt lat="38.599607" lon="-2.425294">
        <ele>1312.336</ele>
        <time>2025-12-26T10:52:59.501Z</time>
      </trkpt>
      <trkpt lat="38.599243" lon="-2.424496">
        <ele>1309</ele>
        <time>2025-12-26T10:52:59.501Z</time>
      </trkpt>
      <trkpt lat="38.599279" lon="-2.424428">
        <ele>1308.413</ele>
        <time>2025-12-26T10:52:59.501Z</time>
      </trkpt>
      <trkpt lat="38.599386" lon="-2.424342">
        <ele>1307.801</ele>
        <time>2025-12-26T10:52:59.501Z</time>
      </trkpt>
      <trkpt lat="38.599452" lon="-2.424334">
        <ele>1307.266</ele>
        <time>2025-12-26T10:52:59.501Z</time>
      </trkpt>
      <trkpt lat="38.600024" lon="-2.424508">
        <ele>1304.13</ele>
        <time>2025-12-26T10:52:59.501Z</time>
      </trkpt>
      <trkpt lat="38.600278" lon="-2.424556">
        <ele>1302.838</ele>
        <time>2025-12-26T10:52:59.501Z</time>
      </trkpt>
      <trkpt lat="38.600605" lon="-2.424910">
        <ele>1301.088</ele>
        <time>2025-12-26T10:52:59.501Z</time>
      </trkpt>
      <trkpt lat="38.600669" lon="-2.424928">
        <ele>1301</ele>
        <time>2025-12-26T10:52:59.501Z</time>
      </trkpt>
      <trkpt lat="38.600733" lon="-2.424926">
        <ele>1300.474</ele>
        <time>2025-12-26T10:52:59.501Z</time>
      </trkpt>
      <trkpt lat="38.601024" lon="-2.424778">
        <ele>1300.346</ele>
        <time>2025-12-26T10:52:59.501Z</time>
      </trkpt>
      <trkpt lat="38.601119" lon="-2.424648">
        <ele>1299.965</ele>
        <time>2025-12-26T10:52:59.501Z</time>
      </trkpt>
      <trkpt lat="38.601163" lon="-2.424296">
        <ele>1299.897</ele>
        <time>2025-12-26T10:52:59.501Z</time>
      </trkpt>
      <trkpt lat="38.601209" lon="-2.424208">
        <ele>1298.702</ele>
        <time>2025-12-26T10:52:59.501Z</time>
      </trkpt>
      <trkpt lat="38.601252" lon="-2.424134">
        <ele>1298.129</ele>
        <time>2025-12-26T10:52:59.501Z</time>
      </trkpt>
      <trkpt lat="38.601304" lon="-2.424098">
        <ele>1298</ele>
        <time>2025-12-26T10:52:59.501Z</time>
      </trkpt>
      <trkpt lat="38.601372" lon="-2.424114">
        <ele>1297.122</ele>
        <time>2025-12-26T10:52:59.501Z</time>
      </trkpt>
      <trkpt lat="38.601419" lon="-2.424178">
        <ele>1296.812</ele>
        <time>2025-12-26T10:52:59.501Z</time>
      </trkpt>
      <trkpt lat="38.601491" lon="-2.424402">
        <ele>1294.412</ele>
        <time>2025-12-26T10:52:59.501Z</time>
      </trkpt>
      <trkpt lat="38.601569" lon="-2.424528">
        <ele>1293.764</ele>
        <time>2025-12-26T10:52:59.501Z</time>
      </trkpt>
      <trkpt lat="38.601634" lon="-2.424618">
        <ele>1293.686</ele>
        <time>2025-12-26T10:52:59.501Z</time>
      </trkpt>
      <trkpt lat="38.601738" lon="-2.424686">
        <ele>1293</ele>
        <time>2025-12-26T10:52:59.501Z</time>
      </trkpt>
      <trkpt lat="38.601949" lon="-2.424748">
        <ele>1292</ele>
        <time>2025-12-26T10:52:59.501Z</time>
      </trkpt>
      <trkpt lat="38.602016" lon="-2.424742">
        <ele>1291.46</ele>
        <time>2025-12-26T10:52:59.501Z</time>
      </trkpt>
      <trkpt lat="38.602073" lon="-2.424686">
        <ele>1291.724</ele>
        <time>2025-12-26T10:52:59.501Z</time>
      </trkpt>
      <trkpt lat="38.602209" lon="-2.424558">
        <ele>1289.313</ele>
        <time>2025-12-26T10:52:59.501Z</time>
      </trkpt>
      <trkpt lat="38.602335" lon="-2.424380">
        <ele>1287.4</ele>
        <time>2025-12-26T10:52:59.501Z</time>
      </trkpt>
      <trkpt lat="38.602452" lon="-2.424384">
        <ele>1286</ele>
        <time>2025-12-26T10:52:59.501Z</time>
      </trkpt>
      <trkpt lat="38.602515" lon="-2.424500">
        <ele>1285.568</ele>
        <time>2025-12-26T10:52:59.501Z</time>
      </trkpt>
      <trkpt lat="38.602588" lon="-2.424896">
        <ele>1287</ele>
        <time>2025-12-26T10:52:59.501Z</time>
      </trkpt>
      <trkpt lat="38.602641" lon="-2.425022">
        <ele>1286.728</ele>
        <time>2025-12-26T10:52:59.501Z</time>
      </trkpt>
      <trkpt lat="38.602806" lon="-2.425272">
        <ele>1287.241</ele>
        <time>2025-12-26T10:52:59.501Z</time>
      </trkpt>
      <trkpt lat="38.602862" lon="-2.425324">
        <ele>1286.772</ele>
        <time>2025-12-26T10:52:59.501Z</time>
      </trkpt>
      <trkpt lat="38.602983" lon="-2.425286">
        <ele>1285</ele>
        <time>2025-12-26T10:52:59.501Z</time>
      </trkpt>
      <trkpt lat="38.603157" lon="-2.425284">
        <ele>1283.843</ele>
        <time>2025-12-26T10:52:59.501Z</time>
      </trkpt>
      <trkpt lat="38.603471" lon="-2.425342">
        <ele>1280.447</ele>
        <time>2025-12-26T10:52:59.501Z</time>
      </trkpt>
      <trkpt lat="38.603544" lon="-2.425428">
        <ele>1279</ele>
        <time>2025-12-26T10:52:59.501Z</time>
      </trkpt>
      <trkpt lat="38.603681" lon="-2.425652">
        <ele>1277</ele>
        <time>2025-12-26T10:52:59.501Z</time>
      </trkpt>
      <trkpt lat="38.603797" lon="-2.425734">
        <ele>1274.422</ele>
        <time>2025-12-26T10:52:59.501Z</time>
      </trkpt>
      <trkpt lat="38.604059" lon="-2.425878">
        <ele>1271.614</ele>
        <time>2025-12-26T10:52:59.501Z</time>
      </trkpt>
      <trkpt lat="38.604529" lon="-2.426018">
        <ele>1266.563</ele>
        <time>2025-12-26T10:52:59.501Z</time>
      </trkpt>
      <trkpt lat="38.604678" lon="-2.426106">
        <ele>1265</ele>
        <time>2025-12-26T10:52:59.501Z</time>
      </trkpt>
      <trkpt lat="38.604883" lon="-2.426186">
        <ele>1263.106</ele>
        <time>2025-12-26T10:52:59.501Z</time>
      </trkpt>
      <trkpt lat="38.605151" lon="-2.426342">
        <ele>1261.468</ele>
        <time>2025-12-26T10:52:59.501Z</time>
      </trkpt>
      <trkpt lat="38.605206" lon="-2.426412">
        <ele>1261</ele>
        <time>2025-12-26T10:52:59.501Z</time>
      </trkpt>
      <trkpt lat="38.605259" lon="-2.426588">
        <ele>1259.071</ele>
        <time>2025-12-26T10:52:59.501Z</time>
      </trkpt>
      <trkpt lat="38.605298" lon="-2.426676">
        <ele>1259.349</ele>
        <time>2025-12-26T10:52:59.501Z</time>
      </trkpt>
      <trkpt lat="38.605393" lon="-2.426776">
        <ele>1259.327</ele>
        <time>2025-12-26T10:52:59.501Z</time>
      </trkpt>
      <trkpt lat="38.605456" lon="-2.426792">
        <ele>1259</ele>
        <time>2025-12-26T10:52:59.501Z</time>
      </trkpt>
      <trkpt lat="38.605697" lon="-2.426684">
        <ele>1257.994</ele>
        <time>2025-12-26T10:52:59.501Z</time>
      </trkpt>
      <trkpt lat="38.605756" lon="-2.426702">
        <ele>1257.988</ele>
        <time>2025-12-26T10:52:59.501Z</time>
      </trkpt>
      <trkpt lat="38.605802" lon="-2.426764">
        <ele>1256.715</ele>
        <time>2025-12-26T10:52:59.501Z</time>
      </trkpt>
      <trkpt lat="38.605953" lon="-2.427066">
        <ele>1256.317</ele>
        <time>2025-12-26T10:52:59.501Z</time>
      </trkpt>
      <trkpt lat="38.606031" lon="-2.427152">
        <ele>1257.028</ele>
        <time>2025-12-26T10:52:59.501Z</time>
      </trkpt>
      <trkpt lat="38.606119" lon="-2.427218">
        <ele>1256.036</ele>
        <time>2025-12-26T10:52:59.501Z</time>
      </trkpt>
      <trkpt lat="38.606523" lon="-2.427336">
        <ele>1253.683</ele>
        <time>2025-12-26T10:52:59.501Z</time>
      </trkpt>
      <trkpt lat="38.606804" lon="-2.427368">
        <ele>1251</ele>
        <time>2025-12-26T10:52:59.501Z</time>
      </trkpt>
      <trkpt lat="38.606925" lon="-2.427420">
        <ele>1250</ele>
        <time>2025-12-26T10:52:59.501Z</time>
      </trkpt>
      <trkpt lat="38.606987" lon="-2.427484">
        <ele>1249.463</ele>
        <time>2025-12-26T10:52:59.501Z</time>
      </trkpt>
      <trkpt lat="38.607113" lon="-2.427686">
        <ele>1248.266</ele>
        <time>2025-12-26T10:52:59.501Z</time>
      </trkpt>
      <trkpt lat="38.607187" lon="-2.427764">
        <ele>1247.968</ele>
        <time>2025-12-26T10:52:59.501Z</time>
      </trkpt>
      <trkpt lat="38.607261" lon="-2.427822">
        <ele>1248</ele>
        <time>2025-12-26T10:52:59.501Z</time>
      </trkpt>
      <trkpt lat="38.607362" lon="-2.427854">
        <ele>1247</ele>
        <time>2025-12-26T10:52:59.501Z</time>
      </trkpt>
      <trkpt lat="38.607585" lon="-2.427860">
        <ele>1245</ele>
        <time>2025-12-26T10:52:59.501Z</time>
      </trkpt>
      <trkpt lat="38.607665" lon="-2.427910">
        <ele>1244.074</ele>
        <time>2025-12-26T10:52:59.501Z</time>
      </trkpt>
      <trkpt lat="38.607839" lon="-2.428138">
        <ele>1242.597</ele>
        <time>2025-12-26T10:52:59.501Z</time>
      </trkpt>
      <trkpt lat="38.608011" lon="-2.428292">
        <ele>1241.146</ele>
        <time>2025-12-26T10:52:59.501Z</time>
      </trkpt>
      <trkpt lat="38.608139" lon="-2.428338">
        <ele>1240.343</ele>
        <time>2025-12-26T10:52:59.501Z</time>
      </trkpt>
      <trkpt lat="38.608524" lon="-2.428338">
        <ele>1235.922</ele>
        <time>2025-12-26T10:52:59.501Z</time>
      </trkpt>
      <trkpt lat="38.608663" lon="-2.428386">
        <ele>1233.798</ele>
        <time>2025-12-26T10:52:59.501Z</time>
      </trkpt>
      <trkpt lat="38.608772" lon="-2.428394">
        <ele>1233.888</ele>
        <time>2025-12-26T10:52:59.501Z</time>
      </trkpt>
      <trkpt lat="38.609035" lon="-2.428360">
        <ele>1231.448</ele>
        <time>2025-12-26T10:52:59.501Z</time>
      </trkpt>
      <trkpt lat="38.609259" lon="-2.428368">
        <ele>1230</ele>
        <time>2025-12-26T10:52:59.501Z</time>
      </trkpt>
      <trkpt lat="38.609556" lon="-2.428412">
        <ele>1229</ele>
        <time>2025-12-26T10:52:59.501Z</time>
      </trkpt>
      <trkpt lat="38.610516" lon="-2.428482">
        <ele>1226.948</ele>
        <time>2025-12-26T10:52:59.501Z</time>
      </trkpt>
      <trkpt lat="38.612072" lon="-2.428134">
        <ele>1224.01</ele>
        <time>2025-12-26T10:52:59.501Z</time>
      </trkpt>
      <trkpt lat="38.612139" lon="-2.428088">
        <ele>1224.291</ele>
        <time>2025-12-26T10:52:59.501Z</time>
      </trkpt>
      <trkpt lat="38.612173" lon="-2.428006">
        <ele>1224</ele>
        <time>2025-12-26T10:52:59.501Z</time>
      </trkpt>
      <trkpt lat="38.612174" lon="-2.427928">
        <ele>1223.862</ele>
        <time>2025-12-26T10:52:59.501Z</time>
      </trkpt>
      <trkpt lat="38.612144" lon="-2.427848">
        <ele>1223.294</ele>
        <time>2025-12-26T10:52:59.501Z</time>
      </trkpt>
      <trkpt lat="38.611556" lon="-2.426832">
        <ele>1213.9</ele>
        <time>2025-12-26T10:52:59.501Z</time>
      </trkpt>
      <trkpt lat="38.611521" lon="-2.426742">
        <ele>1213.428</ele>
        <time>2025-12-26T10:52:59.501Z</time>
      </trkpt>
      <trkpt lat="38.611473" lon="-2.426316">
        <ele>1210.357</ele>
        <time>2025-12-26T10:52:59.501Z</time>
      </trkpt>
      <trkpt lat="38.611301" lon="-2.425652">
        <ele>1206.781</ele>
        <time>2025-12-26T10:52:59.501Z</time>
      </trkpt>
      <trkpt lat="38.611123" lon="-2.425026">
        <ele>1200.342</ele>
        <time>2025-12-26T10:52:59.501Z</time>
      </trkpt>
      <trkpt lat="38.611117" lon="-2.424904">
        <ele>1199.377</ele>
        <time>2025-12-26T10:52:59.501Z</time>
      </trkpt>
      <trkpt lat="38.611138" lon="-2.424836">
        <ele>1199</ele>
        <time>2025-12-26T10:52:59.501Z</time>
      </trkpt>
      <trkpt lat="38.611239" lon="-2.424708">
        <ele>1198</ele>
        <time>2025-12-26T10:52:59.501Z</time>
      </trkpt>
      <trkpt lat="38.611288" lon="-2.424666">
        <ele>1197.492</ele>
        <time>2025-12-26T10:52:59.501Z</time>
      </trkpt>
      <trkpt lat="38.611395" lon="-2.424620">
        <ele>1197</ele>
        <time>2025-12-26T10:52:59.501Z</time>
      </trkpt>
      <trkpt lat="38.611533" lon="-2.424626">
        <ele>1196.866</ele>
        <time>2025-12-26T10:52:59.501Z</time>
      </trkpt>
      <trkpt lat="38.611673" lon="-2.424776">
        <ele>1196.95</ele>
        <time>2025-12-26T10:52:59.501Z</time>
      </trkpt>
      <trkpt lat="38.611723" lon="-2.424906">
        <ele>1197.223</ele>
        <time>2025-12-26T10:52:59.501Z</time>
      </trkpt>
      <trkpt lat="38.611833" lon="-2.425346">
        <ele>1197</ele>
        <time>2025-12-26T10:52:59.501Z</time>
      </trkpt>
      <trkpt lat="38.612087" lon="-2.425884">
        <ele>1193.312</ele>
        <time>2025-12-26T10:52:59.501Z</time>
      </trkpt>
      <trkpt lat="38.612126" lon="-2.426012">
        <ele>1192.312</ele>
        <time>2025-12-26T10:52:59.501Z</time>
      </trkpt>
      <trkpt lat="38.612137" lon="-2.426164">
        <ele>1192</ele>
        <time>2025-12-26T10:52:59.501Z</time>
      </trkpt>
      <trkpt lat="38.612156" lon="-2.426292">
        <ele>1191.053</ele>
        <time>2025-12-26T10:52:59.501Z</time>
      </trkpt>
      <trkpt lat="38.612227" lon="-2.426434">
        <ele>1191</ele>
        <time>2025-12-26T10:52:59.501Z</time>
      </trkpt>
      <trkpt lat="38.612736" lon="-2.427052">
        <ele>1191</ele>
        <time>2025-12-26T10:52:59.501Z</time>
      </trkpt>
      <trkpt lat="38.613138" lon="-2.427396">
        <ele>1190.083</ele>
        <time>2025-12-26T10:52:59.501Z</time>
      </trkpt>
      <trkpt lat="38.613433" lon="-2.427806">
        <ele>1188.422</ele>
        <time>2025-12-26T10:52:59.501Z</time>
      </trkpt>
      <trkpt lat="38.613806" lon="-2.428412">
        <ele>1187.106</ele>
        <time>2025-12-26T10:52:59.501Z</time>
      </trkpt>
      <trkpt lat="38.614063" lon="-2.429036">
        <ele>1183.068</ele>
        <time>2025-12-26T10:52:59.501Z</time>
      </trkpt>
      <trkpt lat="38.614132" lon="-2.429124">
        <ele>1184.005</ele>
        <time>2025-12-26T10:52:59.501Z</time>
      </trkpt>
      <trkpt lat="38.614227" lon="-2.429184">
        <ele>1184.003</ele>
        <time>2025-12-26T10:52:59.501Z</time>
      </trkpt>
      <trkpt lat="38.614546" lon="-2.429292">
        <ele>1183</ele>
        <time>2025-12-26T10:52:59.501Z</time>
      </trkpt>
      <trkpt lat="38.614737" lon="-2.429444">
        <ele>1182.896</ele>
        <time>2025-12-26T10:52:59.501Z</time>
      </trkpt>
      <trkpt lat="38.614791" lon="-2.429512">
        <ele>1182</ele>
        <time>2025-12-26T10:52:59.501Z</time>
      </trkpt>
      <trkpt lat="38.614852" lon="-2.429624">
        <ele>1181.705</ele>
        <time>2025-12-26T10:52:59.501Z</time>
      </trkpt>
      <trkpt lat="38.614883" lon="-2.429746">
        <ele>1181</ele>
        <time>2025-12-26T10:52:59.501Z</time>
      </trkpt>
      <trkpt lat="38.614901" lon="-2.430272">
        <ele>1178.55</ele>
        <time>2025-12-26T10:52:59.501Z</time>
      </trkpt>
      <trkpt lat="38.614936" lon="-2.430372">
        <ele>1178.87</ele>
        <time>2025-12-26T10:52:59.501Z</time>
      </trkpt>
      <trkpt lat="38.615019" lon="-2.430598">
        <ele>1178.916</ele>
        <time>2025-12-26T10:52:59.501Z</time>
      </trkpt>
      <trkpt lat="38.615098" lon="-2.430686">
        <ele>1178.816</ele>
        <time>2025-12-26T10:52:59.501Z</time>
      </trkpt>
      <trkpt lat="38.615372" lon="-2.430864">
        <ele>1178.702</ele>
        <time>2025-12-26T10:52:59.501Z</time>
      </trkpt>
      <trkpt lat="38.615429" lon="-2.430938">
        <ele>1177.983</ele>
        <time>2025-12-26T10:52:59.501Z</time>
      </trkpt>
      <trkpt lat="38.615471" lon="-2.431032">
        <ele>1178</ele>
        <time>2025-12-26T10:52:59.501Z</time>
      </trkpt>
      <trkpt lat="38.615485" lon="-2.431120">
        <ele>1177.74</ele>
        <time>2025-12-26T10:52:59.501Z</time>
      </trkpt>
      <trkpt lat="38.615506" lon="-2.431412">
        <ele>1177.234</ele>
        <time>2025-12-26T10:52:59.501Z</time>
      </trkpt>
      <trkpt lat="38.615731" lon="-2.431782">
        <ele>1176.381</ele>
        <time>2025-12-26T10:52:59.501Z</time>
      </trkpt>
      <trkpt lat="38.615821" lon="-2.431982">
        <ele>1175.212</ele>
        <time>2025-12-26T10:52:59.501Z</time>
      </trkpt>
      <trkpt lat="38.615862" lon="-2.432104">
        <ele>1174.823</ele>
        <time>2025-12-26T10:52:59.501Z</time>
      </trkpt>
      <trkpt lat="38.615886" lon="-2.432242">
        <ele>1175.366</ele>
        <time>2025-12-26T10:52:59.501Z</time>
      </trkpt>
      <trkpt lat="38.615903" lon="-2.432686">
        <ele>1174.235</ele>
        <time>2025-12-26T10:52:59.501Z</time>
      </trkpt>
      <trkpt lat="38.615936" lon="-2.432842">
        <ele>1174.563</ele>
        <time>2025-12-26T10:52:59.501Z</time>
      </trkpt>
      <trkpt lat="38.616071" lon="-2.433292">
        <ele>1173.57</ele>
        <time>2025-12-26T10:52:59.501Z</time>
      </trkpt>
      <trkpt lat="38.616155" lon="-2.433420">
        <ele>1173.361</ele>
        <time>2025-12-26T10:52:59.501Z</time>
      </trkpt>
      <trkpt lat="38.616718" lon="-2.434126">
        <ele>1172.021</ele>
        <time>2025-12-26T10:52:59.501Z</time>
      </trkpt>
      <trkpt lat="38.616798" lon="-2.434186">
        <ele>1172.34</ele>
        <time>2025-12-26T10:52:59.501Z</time>
      </trkpt>
      <trkpt lat="38.617169" lon="-2.434258">
        <ele>1172.795</ele>
        <time>2025-12-26T10:52:59.501Z</time>
      </trkpt>
      <trkpt lat="38.617303" lon="-2.434306">
        <ele>1172.904</ele>
        <time>2025-12-26T10:52:59.501Z</time>
      </trkpt>
      <trkpt lat="38.618012" lon="-2.434344">
        <ele>1172.946</ele>
        <time>2025-12-26T10:52:59.501Z</time>
      </trkpt>
      <trkpt lat="38.619206" lon="-2.434212">
        <ele>1169.753</ele>
        <time>2025-12-26T10:52:59.501Z</time>
      </trkpt>
      <trkpt lat="38.619407" lon="-2.434224">
        <ele>1169.323</ele>
        <time>2025-12-26T10:52:59.501Z</time>
      </trkpt>
      <trkpt lat="38.619865" lon="-2.434330">
        <ele>1168.955</ele>
        <time>2025-12-26T10:52:59.501Z</time>
      </trkpt>
      <trkpt lat="38.619989" lon="-2.434338">
        <ele>1167.675</ele>
        <time>2025-12-26T10:52:59.501Z</time>
      </trkpt>
      <trkpt lat="38.620318" lon="-2.434266">
        <ele>1167.315</ele>
        <time>2025-12-26T10:52:59.501Z</time>
      </trkpt>
      <trkpt lat="38.620653" lon="-2.434236">
        <ele>1166.467</ele>
        <time>2025-12-26T10:52:59.501Z</time>
      </trkpt>
      <trkpt lat="38.620699" lon="-2.434224">
        <ele>1165.498</ele>
        <time>2025-12-26T10:52:59.501Z</time>
      </trkpt>
      <trkpt lat="38.620737" lon="-2.434214">
        <ele>1164.923</ele>
        <time>2025-12-26T10:52:59.501Z</time>
      </trkpt>
      <trkpt lat="38.621172" lon="-2.433864">
        <ele>1167.349</ele>
        <time>2025-12-26T10:52:59.501Z</time>
      </trkpt>
      <trkpt lat="38.621523" lon="-2.433496">
        <ele>1164.364</ele>
        <time>2025-12-26T10:52:59.501Z</time>
      </trkpt>
      <trkpt lat="38.621627" lon="-2.433404">
        <ele>1163.449</ele>
        <time>2025-12-26T10:52:59.501Z</time>
      </trkpt>
      <trkpt lat="38.621891" lon="-2.433392">
        <ele>1161.432</ele>
        <time>2025-12-26T10:52:59.501Z</time>
      </trkpt>
      <trkpt lat="38.621981" lon="-2.433332">
        <ele>1162.345</ele>
        <time>2025-12-26T10:52:59.501Z</time>
      </trkpt>
      <trkpt lat="38.622124" lon="-2.433098">
        <ele>1161.601</ele>
        <time>2025-12-26T10:52:59.501Z</time>
      </trkpt>
      <trkpt lat="38.622223" lon="-2.432996">
        <ele>1159.342</ele>
        <time>2025-12-26T10:52:59.501Z</time>
      </trkpt>
      <trkpt lat="38.622384" lon="-2.432928">
        <ele>1159.524</ele>
        <time>2025-12-26T10:52:59.501Z</time>
      </trkpt>
      <trkpt lat="38.622722" lon="-2.432824">
        <ele>1156.394</ele>
        <time>2025-12-26T10:52:59.501Z</time>
      </trkpt>
      <trkpt lat="38.622873" lon="-2.432806">
        <ele>1155.384</ele>
        <time>2025-12-26T10:52:59.501Z</time>
      </trkpt>
      <trkpt lat="38.623025" lon="-2.432800">
        <ele>1154.929</ele>
        <time>2025-12-26T10:52:59.501Z</time>
      </trkpt>
      <trkpt lat="38.623084" lon="-2.432798">
        <ele>1155.296</ele>
        <time>2025-12-26T10:52:59.501Z</time>
      </trkpt>
      <trkpt lat="38.623176" lon="-2.432732">
        <ele>1154.124</ele>
        <time>2025-12-26T10:52:59.501Z</time>
      </trkpt>
      <trkpt lat="38.623231" lon="-2.432662">
        <ele>1154.303</ele>
        <time>2025-12-26T10:52:59.501Z</time>
      </trkpt>
      <trkpt lat="38.623431" lon="-2.432352">
        <ele>1152.548</ele>
        <time>2025-12-26T10:52:59.501Z</time>
      </trkpt>
      <trkpt lat="38.623505" lon="-2.432210">
        <ele>1151.976</ele>
        <time>2025-12-26T10:52:59.501Z</time>
      </trkpt>
      <trkpt lat="38.623559" lon="-2.432068">
        <ele>1151.642</ele>
        <time>2025-12-26T10:52:59.501Z</time>
      </trkpt>
      <trkpt lat="38.623626" lon="-2.431652">
        <ele>1149.072</ele>
        <time>2025-12-26T10:52:59.501Z</time>
      </trkpt>
      <trkpt lat="38.623644" lon="-2.431588">
        <ele>1149.301</ele>
        <time>2025-12-26T10:52:59.501Z</time>
      </trkpt>
      <trkpt lat="38.623717" lon="-2.431474">
        <ele>1148.287</ele>
        <time>2025-12-26T10:52:59.501Z</time>
      </trkpt>
      <trkpt lat="38.624135" lon="-2.431120">
        <ele>1145.566</ele>
        <time>2025-12-26T10:52:59.501Z</time>
      </trkpt>
      <trkpt lat="38.624557" lon="-2.430834">
        <ele>1143</ele>
        <time>2025-12-26T10:52:59.501Z</time>
      </trkpt>
      <trkpt lat="38.624678" lon="-2.430806">
        <ele>1142</ele>
        <time>2025-12-26T10:52:59.501Z</time>
      </trkpt>
      <trkpt lat="38.624815" lon="-2.430830">
        <ele>1142</ele>
        <time>2025-12-26T10:52:59.501Z</time>
      </trkpt>
      <trkpt lat="38.625936" lon="-2.431242">
        <ele>1138</ele>
        <time>2025-12-26T10:52:59.501Z</time>
      </trkpt>
      <trkpt lat="38.626078" lon="-2.431256">
        <ele>1138</ele>
        <time>2025-12-26T10:52:59.501Z</time>
      </trkpt>
      <trkpt lat="38.626214" lon="-2.431198">
        <ele>1137</ele>
        <time>2025-12-26T10:52:59.501Z</time>
      </trkpt>
      <trkpt lat="38.626715" lon="-2.430810">
        <ele>1132.837</ele>
        <time>2025-12-26T10:52:59.501Z</time>
      </trkpt>
      <trkpt lat="38.626818" lon="-2.430786">
        <ele>1134</ele>
        <time>2025-12-26T10:52:59.501Z</time>
      </trkpt>
      <trkpt lat="38.626905" lon="-2.430780">
        <ele>1134</ele>
        <time>2025-12-26T10:52:59.501Z</time>
      </trkpt>
      <trkpt lat="38.627016" lon="-2.430872">
        <ele>1134.761</ele>
        <time>2025-12-26T10:52:59.501Z</time>
      </trkpt>
      <trkpt lat="38.627207" lon="-2.431424">
        <ele>1135.305</ele>
        <time>2025-12-26T10:52:59.501Z</time>
      </trkpt>
      <trkpt lat="38.627332" lon="-2.431634">
        <ele>1135.824</ele>
        <time>2025-12-26T10:52:59.501Z</time>
      </trkpt>
      <trkpt lat="38.627655" lon="-2.431990">
        <ele>1135.571</ele>
        <time>2025-12-26T10:52:59.501Z</time>
      </trkpt>
      <trkpt lat="38.628093" lon="-2.432576">
        <ele>1134.637</ele>
        <time>2025-12-26T10:52:59.501Z</time>
      </trkpt>
      <trkpt lat="38.628183" lon="-2.432726">
        <ele>1134.906</ele>
        <time>2025-12-26T10:52:59.501Z</time>
      </trkpt>
      <trkpt lat="38.628217" lon="-2.432834">
        <ele>1135</ele>
        <time>2025-12-26T10:52:59.501Z</time>
      </trkpt>
      <trkpt lat="38.628317" lon="-2.433254">
        <ele>1133.498</ele>
        <time>2025-12-26T10:52:59.501Z</time>
      </trkpt>
      <trkpt lat="38.628392" lon="-2.433524">
        <ele>1132.808</ele>
        <time>2025-12-26T10:52:59.501Z</time>
      </trkpt>
      <trkpt lat="38.628517" lon="-2.433804">
        <ele>1131.316</ele>
        <time>2025-12-26T10:52:59.501Z</time>
      </trkpt>
      <trkpt lat="38.629082" lon="-2.434764">
        <ele>1126</ele>
        <time>2025-12-26T10:52:59.501Z</time>
      </trkpt>
      <trkpt lat="38.629307" lon="-2.435044">
        <ele>1125</ele>
        <time>2025-12-26T10:52:59.501Z</time>
      </trkpt>
      <trkpt lat="38.629463" lon="-2.435166">
        <ele>1124.264</ele>
        <time>2025-12-26T10:52:59.501Z</time>
      </trkpt>
      <trkpt lat="38.631084" lon="-2.436118">
        <ele>1123</ele>
        <time>2025-12-26T10:52:59.501Z</time>
      </trkpt>
      <trkpt lat="38.631769" lon="-2.436538">
        <ele>1124</ele>
        <time>2025-12-26T10:52:59.501Z</time>
      </trkpt>
      <trkpt lat="38.632508" lon="-2.437226">
        <ele>1121.784</ele>
        <time>2025-12-26T10:52:59.501Z</time>
      </trkpt>
      <trkpt lat="38.632712" lon="-2.437484">
        <ele>1121.801</ele>
        <time>2025-12-26T10:52:59.501Z</time>
      </trkpt>
      <trkpt lat="38.632856" lon="-2.437672">
        <ele>1120.88</ele>
        <time>2025-12-26T10:52:59.501Z</time>
      </trkpt>
      <trkpt lat="38.632966" lon="-2.437852">
        <ele>1119.981</ele>
        <time>2025-12-26T10:52:59.501Z</time>
      </trkpt>
      <trkpt lat="38.633132" lon="-2.438264">
        <ele>1118.941</ele>
        <time>2025-12-26T10:52:59.501Z</time>
      </trkpt>
      <trkpt lat="38.633221" lon="-2.438382">
        <ele>1119.063</ele>
        <time>2025-12-26T10:52:59.501Z</time>
      </trkpt>
      <trkpt lat="38.633306" lon="-2.438422">
        <ele>1119.252</ele>
        <time>2025-12-26T10:52:59.501Z</time>
      </trkpt>
      <trkpt lat="38.633978" lon="-2.438556">
        <ele>1122.752</ele>
        <time>2025-12-26T10:52:59.501Z</time>
      </trkpt>
      <trkpt lat="38.634147" lon="-2.438654">
        <ele>1122.216</ele>
        <time>2025-12-26T10:52:59.501Z</time>
      </trkpt>
      <trkpt lat="38.634282" lon="-2.438774">
        <ele>1122.607</ele>
        <time>2025-12-26T10:52:59.501Z</time>
      </trkpt>
      <trkpt lat="38.634778" lon="-2.438966">
        <ele>1123</ele>
        <time>2025-12-26T10:52:59.501Z</time>
      </trkpt>
      <trkpt lat="38.635086" lon="-2.439112">
        <ele>1123.918</ele>
        <time>2025-12-26T10:52:59.501Z</time>
      </trkpt>
      <trkpt lat="38.635187" lon="-2.439114">
        <ele>1124</ele>
        <time>2025-12-26T10:52:59.501Z</time>
      </trkpt>
      <trkpt lat="38.635346" lon="-2.439032">
        <ele>1125.02</ele>
        <time>2025-12-26T10:52:59.501Z</time>
      </trkpt>
      <trkpt lat="38.636151" lon="-2.438112">
        <ele>1128.804</ele>
        <time>2025-12-26T10:52:59.501Z</time>
      </trkpt>
      <trkpt lat="38.636358" lon="-2.437936">
        <ele>1128.731</ele>
        <time>2025-12-26T10:52:59.501Z</time>
      </trkpt>
      <trkpt lat="38.636792" lon="-2.437654">
        <ele>1129.001</ele>
        <time>2025-12-26T10:52:59.501Z</time>
      </trkpt>
      <trkpt lat="38.636843" lon="-2.437656">
        <ele>1129</ele>
        <time>2025-12-26T10:52:59.501Z</time>
      </trkpt>
      <trkpt lat="38.636973" lon="-2.437736">
        <ele>1128.01</ele>
        <time>2025-12-26T10:52:59.501Z</time>
      </trkpt>
      <trkpt lat="38.637062" lon="-2.437944">
        <ele>1128.914</ele>
        <time>2025-12-26T10:52:59.501Z</time>
      </trkpt>
      <trkpt lat="38.637064" lon="-2.438048">
        <ele>1128.895</ele>
        <time>2025-12-26T10:52:59.501Z</time>
      </trkpt>
      <trkpt lat="38.637043" lon="-2.438136">
        <ele>1129.531</ele>
        <time>2025-12-26T10:52:59.501Z</time>
      </trkpt>
      <trkpt lat="38.636917" lon="-2.438314">
        <ele>1130.621</ele>
        <time>2025-12-26T10:52:59.501Z</time>
      </trkpt>
      <trkpt lat="38.636598" lon="-2.438626">
        <ele>1133.011</ele>
        <time>2025-12-26T10:52:59.501Z</time>
      </trkpt>
      <trkpt lat="38.636471" lon="-2.438772">
        <ele>1134.231</ele>
        <time>2025-12-26T10:52:59.501Z</time>
      </trkpt>
      <trkpt lat="38.636438" lon="-2.438876">
        <ele>1134.584</ele>
        <time>2025-12-26T10:52:59.501Z</time>
      </trkpt>
      <trkpt lat="38.636189" lon="-2.439718">
        <ele>1139.969</ele>
        <time>2025-12-26T10:52:59.501Z</time>
      </trkpt>
      <trkpt lat="38.636199" lon="-2.439898">
        <ele>1140.755</ele>
        <time>2025-12-26T10:52:59.501Z</time>
      </trkpt>
      <trkpt lat="38.636342" lon="-2.440374">
        <ele>1143.403</ele>
        <time>2025-12-26T10:52:59.501Z</time>
      </trkpt>
      <trkpt lat="38.636459" lon="-2.440498">
        <ele>1144.929</ele>
        <time>2025-12-26T10:52:59.501Z</time>
      </trkpt>
      <trkpt lat="38.636757" lon="-2.440724">
        <ele>1146.938</ele>
        <time>2025-12-26T10:52:59.501Z</time>
      </trkpt>
      <trkpt lat="38.636792" lon="-2.440794">
        <ele>1146.739</ele>
        <time>2025-12-26T10:52:59.501Z</time>
      </trkpt>
      <trkpt lat="38.636917" lon="-2.441294">
        <ele>1149.603</ele>
        <time>2025-12-26T10:52:59.501Z</time>
      </trkpt>
      <trkpt lat="38.636984" lon="-2.441498">
        <ele>1149.827</ele>
        <time>2025-12-26T10:52:59.501Z</time>
      </trkpt>
      <trkpt lat="38.637179" lon="-2.441718">
        <ele>1152.28</ele>
        <time>2025-12-26T10:52:59.501Z</time>
      </trkpt>
      <trkpt lat="38.637241" lon="-2.441882">
        <ele>1152.705</ele>
        <time>2025-12-26T10:52:59.501Z</time>
      </trkpt>
      <trkpt lat="38.637294" lon="-2.442128">
        <ele>1154.511</ele>
        <time>2025-12-26T10:52:59.501Z</time>
      </trkpt>
      <trkpt lat="38.637319" lon="-2.442408">
        <ele>1156.031</ele>
        <time>2025-12-26T10:52:59.501Z</time>
      </trkpt>
      <trkpt lat="38.637335" lon="-2.442510">
        <ele>1156.14</ele>
        <time>2025-12-26T10:52:59.501Z</time>
      </trkpt>
      <trkpt lat="38.637417" lon="-2.442674">
        <ele>1157.453</ele>
        <time>2025-12-26T10:52:59.501Z</time>
      </trkpt>
      <trkpt lat="38.637643" lon="-2.442836">
        <ele>1159.438</ele>
        <time>2025-12-26T10:52:59.501Z</time>
      </trkpt>
      <trkpt lat="38.637975" lon="-2.442960">
        <ele>1161.864</ele>
        <time>2025-12-26T10:52:59.501Z</time>
      </trkpt>
      <trkpt lat="38.638163" lon="-2.443056">
        <ele>1162.911</ele>
        <time>2025-12-26T10:52:59.501Z</time>
      </trkpt>
      <trkpt lat="38.638399" lon="-2.443228">
        <ele>1165.392</ele>
        <time>2025-12-26T10:52:59.501Z</time>
      </trkpt>
      <trkpt lat="38.638562" lon="-2.443314">
        <ele>1166.416</ele>
        <time>2025-12-26T10:52:59.501Z</time>
      </trkpt>
      <trkpt lat="38.638717" lon="-2.443374">
        <ele>1168.211</ele>
        <time>2025-12-26T10:52:59.501Z</time>
      </trkpt>
      <trkpt lat="38.638835" lon="-2.443380">
        <ele>1169.537</ele>
        <time>2025-12-26T10:52:59.501Z</time>
      </trkpt>
      <trkpt lat="38.639165" lon="-2.443370">
        <ele>1171.512</ele>
        <time>2025-12-26T10:52:59.501Z</time>
      </trkpt>
      <trkpt lat="38.639267" lon="-2.443414">
        <ele>1172</ele>
        <time>2025-12-26T10:52:59.501Z</time>
      </trkpt>
      <trkpt lat="38.639348" lon="-2.443576">
        <ele>1173</ele>
        <time>2025-12-26T10:52:59.501Z</time>
      </trkpt>
      <trkpt lat="38.639467" lon="-2.443964">
        <ele>1174.304</ele>
        <time>2025-12-26T10:52:59.501Z</time>
      </trkpt>
      <trkpt lat="38.639585" lon="-2.444270">
        <ele>1176</ele>
        <time>2025-12-26T10:52:59.501Z</time>
      </trkpt>
      <trkpt lat="38.639638" lon="-2.444346">
        <ele>1175.933</ele>
        <time>2025-12-26T10:52:59.501Z</time>
      </trkpt>
      <trkpt lat="38.639885" lon="-2.444550">
        <ele>1177.182</ele>
        <time>2025-12-26T10:52:59.501Z</time>
      </trkpt>
      <trkpt lat="38.639923" lon="-2.444626">
        <ele>1176.365</ele>
        <time>2025-12-26T10:52:59.501Z</time>
      </trkpt>
      <trkpt lat="38.639923" lon="-2.444786">
        <ele>1176.407</ele>
        <time>2025-12-26T10:52:59.501Z</time>
      </trkpt>
      <trkpt lat="38.639803" lon="-2.445066">
        <ele>1179</ele>
        <time>2025-12-26T10:52:59.501Z</time>
      </trkpt>
      <trkpt lat="38.639689" lon="-2.445618">
        <ele>1180.007</ele>
        <time>2025-12-26T10:52:59.501Z</time>
      </trkpt>
      <trkpt lat="38.639647" lon="-2.445734">
        <ele>1180.472</ele>
        <time>2025-12-26T10:52:59.501Z</time>
      </trkpt>
      <trkpt lat="38.639466" lon="-2.446132">
        <ele>1181.733</ele>
        <time>2025-12-26T10:52:59.501Z</time>
      </trkpt>
      <trkpt lat="38.639431" lon="-2.446302">
        <ele>1183</ele>
        <time>2025-12-26T10:52:59.501Z</time>
      </trkpt>
      <trkpt lat="38.639501" lon="-2.446862">
        <ele>1184</ele>
        <time>2025-12-26T10:52:59.501Z</time>
      </trkpt>
      <trkpt lat="38.639561" lon="-2.447152">
        <ele>1184.252</ele>
        <time>2025-12-26T10:52:59.501Z</time>
      </trkpt>
      <trkpt lat="38.639587" lon="-2.447214">
        <ele>1184.969</ele>
        <time>2025-12-26T10:52:59.501Z</time>
      </trkpt>
      <trkpt lat="38.639692" lon="-2.447334">
        <ele>1185</ele>
        <time>2025-12-26T10:52:59.501Z</time>
      </trkpt>
      <trkpt lat="38.639933" lon="-2.447466">
        <ele>1183.971</ele>
        <time>2025-12-26T10:52:59.501Z</time>
      </trkpt>
      <trkpt lat="38.640001" lon="-2.447542">
        <ele>1183.129</ele>
        <time>2025-12-26T10:52:59.501Z</time>
      </trkpt>
      <trkpt lat="38.640109" lon="-2.447728">
        <ele>1183.031</ele>
        <time>2025-12-26T10:52:59.501Z</time>
      </trkpt>
      <trkpt lat="38.640142" lon="-2.447854">
        <ele>1182.471</ele>
        <time>2025-12-26T10:52:59.501Z</time>
      </trkpt>
      <trkpt lat="38.640225" lon="-2.448250">
        <ele>1181.858</ele>
        <time>2025-12-26T10:52:59.501Z</time>
      </trkpt>
      <trkpt lat="38.640273" lon="-2.449366">
        <ele>1177.48</ele>
        <time>2025-12-26T10:52:59.501Z</time>
      </trkpt>
      <trkpt lat="38.640263" lon="-2.449516">
        <ele>1177.721</ele>
        <time>2025-12-26T10:52:59.501Z</time>
      </trkpt>
      <trkpt lat="38.640095" lon="-2.450330">
        <ele>1175.435</ele>
        <time>2025-12-26T10:52:59.501Z</time>
      </trkpt>
      <trkpt lat="38.640054" lon="-2.450698">
        <ele>1174.484</ele>
        <time>2025-12-26T10:52:59.501Z</time>
      </trkpt>
      <trkpt lat="38.640093" lon="-2.451226">
        <ele>1174.543</ele>
        <time>2025-12-26T10:52:59.501Z</time>
      </trkpt>
      <trkpt lat="38.640132" lon="-2.451574">
        <ele>1174.51</ele>
        <time>2025-12-26T10:52:59.501Z</time>
      </trkpt>
      <trkpt lat="38.640181" lon="-2.451842">
        <ele>1173.828</ele>
        <time>2025-12-26T10:52:59.501Z</time>
      </trkpt>
      <trkpt lat="38.640241" lon="-2.452062">
        <ele>1174</ele>
        <time>2025-12-26T10:52:59.501Z</time>
      </trkpt>
      <trkpt lat="38.640546" lon="-2.453032">
        <ele>1173</ele>
        <time>2025-12-26T10:52:59.501Z</time>
      </trkpt>
      <trkpt lat="38.640653" lon="-2.453316">
        <ele>1172.49</ele>
        <time>2025-12-26T10:52:59.501Z</time>
      </trkpt>
      <trkpt lat="38.640769" lon="-2.453538">
        <ele>1172</ele>
        <time>2025-12-26T10:52:59.501Z</time>
      </trkpt>
      <trkpt lat="38.640966" lon="-2.453822">
        <ele>1170.744</ele>
        <time>2025-12-26T10:52:59.501Z</time>
      </trkpt>
      <trkpt lat="38.641073" lon="-2.453936">
        <ele>1169.516</ele>
        <time>2025-12-26T10:52:59.501Z</time>
      </trkpt>
      <trkpt lat="38.641449" lon="-2.454208">
        <ele>1167.728</ele>
        <time>2025-12-26T10:52:59.501Z</time>
      </trkpt>
      <trkpt lat="38.641548" lon="-2.454276">
        <ele>1167</ele>
        <time>2025-12-26T10:52:59.501Z</time>
      </trkpt>
      <trkpt lat="38.641642" lon="-2.454404">
        <ele>1166</ele>
        <time>2025-12-26T10:52:59.501Z</time>
      </trkpt>
      <trkpt lat="38.641697" lon="-2.454474">
        <ele>1165.162</ele>
        <time>2025-12-26T10:52:59.501Z</time>
      </trkpt>
      <trkpt lat="38.641752" lon="-2.454714">
        <ele>1164.276</ele>
        <time>2025-12-26T10:52:59.501Z</time>
      </trkpt>
      <trkpt lat="38.641761" lon="-2.454862">
        <ele>1163.936</ele>
        <time>2025-12-26T10:52:59.501Z</time>
      </trkpt>
      <trkpt lat="38.641734" lon="-2.456388">
        <ele>1158.263</ele>
        <time>2025-12-26T10:52:59.501Z</time>
      </trkpt>
      <trkpt lat="38.641656" lon="-2.457422">
        <ele>1156</ele>
        <time>2025-12-26T10:52:59.501Z</time>
      </trkpt>
      <trkpt lat="38.641667" lon="-2.457544">
        <ele>1155</ele>
        <time>2025-12-26T10:52:59.501Z</time>
      </trkpt>
      <trkpt lat="38.641755" lon="-2.457810">
        <ele>1153.855</ele>
        <time>2025-12-26T10:52:59.501Z</time>
      </trkpt>
      <trkpt lat="38.642045" lon="-2.458410">
        <ele>1151</ele>
        <time>2025-12-26T10:52:59.501Z</time>
      </trkpt>
      <trkpt lat="38.642061" lon="-2.458522">
        <ele>1151</ele>
        <time>2025-12-26T10:52:59.501Z</time>
      </trkpt>
      <trkpt lat="38.642053" lon="-2.458646">
        <ele>1149.787</ele>
        <time>2025-12-26T10:52:59.501Z</time>
      </trkpt>
      <trkpt lat="38.642041" lon="-2.458722">
        <ele>1148.523</ele>
        <time>2025-12-26T10:52:59.501Z</time>
      </trkpt>
      <trkpt lat="38.641989" lon="-2.458928">
        <ele>1148.419</ele>
        <time>2025-12-26T10:52:59.501Z</time>
      </trkpt>
      <trkpt lat="38.641952" lon="-2.459154">
        <ele>1148.176</ele>
        <time>2025-12-26T10:52:59.501Z</time>
      </trkpt>
      <trkpt lat="38.641978" lon="-2.459306">
        <ele>1147.267</ele>
        <time>2025-12-26T10:52:59.501Z</time>
      </trkpt>
      <trkpt lat="38.642084" lon="-2.459578">
        <ele>1145.077</ele>
        <time>2025-12-26T10:52:59.501Z</time>
      </trkpt>
      <trkpt lat="38.642177" lon="-2.459694">
        <ele>1144.976</ele>
        <time>2025-12-26T10:52:59.501Z</time>
      </trkpt>
      <trkpt lat="38.642293" lon="-2.459806">
        <ele>1143.6</ele>
        <time>2025-12-26T10:52:59.501Z</time>
      </trkpt>
      <trkpt lat="38.642477" lon="-2.459924">
        <ele>1142</ele>
        <time>2025-12-26T10:52:59.501Z</time>
      </trkpt>
      <trkpt lat="38.642693" lon="-2.460046">
        <ele>1140.627</ele>
        <time>2025-12-26T10:52:59.501Z</time>
      </trkpt>
      <trkpt lat="38.643038" lon="-2.460316">
        <ele>1137.354</ele>
        <time>2025-12-26T10:52:59.501Z</time>
      </trkpt>
      <trkpt lat="38.643331" lon="-2.460652">
        <ele>1134.375</ele>
        <time>2025-12-26T10:52:59.501Z</time>
      </trkpt>
      <trkpt lat="38.643599" lon="-2.460908">
        <ele>1132.818</ele>
        <time>2025-12-26T10:52:59.501Z</time>
      </trkpt>
      <trkpt lat="38.644197" lon="-2.461384">
        <ele>1127.772</ele>
        <time>2025-12-26T10:52:59.501Z</time>
      </trkpt>
      <trkpt lat="38.644385" lon="-2.461490">
        <ele>1127.907</ele>
        <time>2025-12-26T10:52:59.501Z</time>
      </trkpt>
      <trkpt lat="38.644643" lon="-2.461586">
        <ele>1125.715</ele>
        <time>2025-12-26T10:52:59.501Z</time>
      </trkpt>
      <trkpt lat="38.644774" lon="-2.461588">
        <ele>1124.786</ele>
        <time>2025-12-26T10:52:59.501Z</time>
      </trkpt>
      <trkpt lat="38.645016" lon="-2.461532">
        <ele>1125.446</ele>
        <time>2025-12-26T10:52:59.501Z</time>
      </trkpt>
      <trkpt lat="38.645332" lon="-2.461434">
        <ele>1123.96</ele>
        <time>2025-12-26T10:52:59.501Z</time>
      </trkpt>
      <trkpt lat="38.645913" lon="-2.461076">
        <ele>1121.758</ele>
        <time>2025-12-26T10:52:59.501Z</time>
      </trkpt>
      <trkpt lat="38.646057" lon="-2.461054">
        <ele>1119.497</ele>
        <time>2025-12-26T10:52:59.501Z</time>
      </trkpt>
      <trkpt lat="38.646146" lon="-2.461082">
        <ele>1119</ele>
        <time>2025-12-26T10:52:59.501Z</time>
      </trkpt>
      <trkpt lat="38.646231" lon="-2.461162">
        <ele>1118.56</ele>
        <time>2025-12-26T10:52:59.501Z</time>
      </trkpt>
      <trkpt lat="38.646425" lon="-2.461430">
        <ele>1116.832</ele>
        <time>2025-12-26T10:52:59.501Z</time>
      </trkpt>
      <trkpt lat="38.646543" lon="-2.461576">
        <ele>1115.708</ele>
        <time>2025-12-26T10:52:59.501Z</time>
      </trkpt>
      <trkpt lat="38.647068" lon="-2.462046">
        <ele>1111.329</ele>
        <time>2025-12-26T10:52:59.501Z</time>
      </trkpt>
      <trkpt lat="38.647184" lon="-2.462138">
        <ele>1110.685</ele>
        <time>2025-12-26T10:52:59.501Z</time>
      </trkpt>
      <trkpt lat="38.647335" lon="-2.462210">
        <ele>1109.765</ele>
        <time>2025-12-26T10:52:59.501Z</time>
      </trkpt>
      <trkpt lat="38.647516" lon="-2.462212">
        <ele>1108.586</ele>
        <time>2025-12-26T10:52:59.501Z</time>
      </trkpt>
      <trkpt lat="38.647617" lon="-2.462184">
        <ele>1107.619</ele>
        <time>2025-12-26T10:52:59.501Z</time>
      </trkpt>
      <trkpt lat="38.648524" lon="-2.461768">
        <ele>1099.581</ele>
        <time>2025-12-26T10:52:59.501Z</time>
      </trkpt>
      <trkpt lat="38.648642" lon="-2.461714">
        <ele>1099.413</ele>
        <time>2025-12-26T10:52:59.501Z</time>
      </trkpt>
      <trkpt lat="38.648775" lon="-2.461690">
        <ele>1097.573</ele>
        <time>2025-12-26T10:52:59.501Z</time>
      </trkpt>
      <trkpt lat="38.649225" lon="-2.461670">
        <ele>1095.354</ele>
        <time>2025-12-26T10:52:59.501Z</time>
      </trkpt>
      <trkpt lat="38.649407" lon="-2.461694">
        <ele>1093.427</ele>
        <time>2025-12-26T10:52:59.501Z</time>
      </trkpt>
      <trkpt lat="38.650279" lon="-2.461858">
        <ele>1087.788</ele>
        <time>2025-12-26T10:52:59.501Z</time>
      </trkpt>
      <trkpt lat="38.650461" lon="-2.461852">
        <ele>1088.204</ele>
        <time>2025-12-26T10:52:59.501Z</time>
      </trkpt>
      <trkpt lat="38.650677" lon="-2.461824">
        <ele>1087.044</ele>
        <time>2025-12-26T10:52:59.501Z</time>
      </trkpt>
      <trkpt lat="38.650883" lon="-2.461766">
        <ele>1085.902</ele>
        <time>2025-12-26T10:52:59.501Z</time>
      </trkpt>
      <trkpt lat="38.651049" lon="-2.461738">
        <ele>1085</ele>
        <time>2025-12-26T10:52:59.501Z</time>
      </trkpt>
      <trkpt lat="38.651288" lon="-2.461736">
        <ele>1084</ele>
        <time>2025-12-26T10:52:59.501Z</time>
      </trkpt>
      <trkpt lat="38.652146" lon="-2.461622">
        <ele>1081</ele>
        <time>2025-12-26T10:52:59.501Z</time>
      </trkpt>
      <trkpt lat="38.652552" lon="-2.461604">
        <ele>1079.957</ele>
        <time>2025-12-26T10:52:59.501Z</time>
      </trkpt>
      <trkpt lat="38.652903" lon="-2.461646">
        <ele>1078.067</ele>
        <time>2025-12-26T10:52:59.501Z</time>
      </trkpt>
      <trkpt lat="38.653007" lon="-2.461674">
        <ele>1078.078</ele>
        <time>2025-12-26T10:52:59.501Z</time>
      </trkpt>
      <trkpt lat="38.653211" lon="-2.461802">
        <ele>1076.807</ele>
        <time>2025-12-26T10:52:59.501Z</time>
      </trkpt>
      <trkpt lat="38.653508" lon="-2.462106">
        <ele>1075.055</ele>
        <time>2025-12-26T10:52:59.501Z</time>
      </trkpt>
      <trkpt lat="38.653637" lon="-2.462304">
        <ele>1074.344</ele>
        <time>2025-12-26T10:52:59.501Z</time>
      </trkpt>
      <trkpt lat="38.653789" lon="-2.462698">
        <ele>1072.947</ele>
        <time>2025-12-26T10:52:59.501Z</time>
      </trkpt>
      <trkpt lat="38.653923" lon="-2.462876">
        <ele>1071.671</ele>
        <time>2025-12-26T10:52:59.501Z</time>
      </trkpt>
      <trkpt lat="38.654032" lon="-2.462984">
        <ele>1071.108</ele>
        <time>2025-12-26T10:52:59.501Z</time>
      </trkpt>
      <trkpt lat="38.654363" lon="-2.463166">
        <ele>1069.418</ele>
        <time>2025-12-26T10:52:59.501Z</time>
      </trkpt>
      <trkpt lat="38.654707" lon="-2.463274">
        <ele>1067.609</ele>
        <time>2025-12-26T10:52:59.501Z</time>
      </trkpt>
      <trkpt lat="38.654807" lon="-2.463324">
        <ele>1067</ele>
        <time>2025-12-26T10:52:59.501Z</time>
      </trkpt>
      <trkpt lat="38.654956" lon="-2.463412">
        <ele>1066.051</ele>
        <time>2025-12-26T10:52:59.501Z</time>
      </trkpt>
      <trkpt lat="38.655181" lon="-2.463612">
        <ele>1064.026</ele>
        <time>2025-12-26T10:52:59.501Z</time>
      </trkpt>
      <trkpt lat="38.655256" lon="-2.463722">
        <ele>1063.134</ele>
        <time>2025-12-26T10:52:59.501Z</time>
      </trkpt>
      <trkpt lat="38.655437" lon="-2.464164">
        <ele>1061.102</ele>
        <time>2025-12-26T10:52:59.501Z</time>
      </trkpt>
      <trkpt lat="38.655688" lon="-2.464926">
        <ele>1056.027</ele>
        <time>2025-12-26T10:52:59.501Z</time>
      </trkpt>
      <trkpt lat="38.655848" lon="-2.465206">
        <ele>1055.028</ele>
        <time>2025-12-26T10:52:59.501Z</time>
      </trkpt>
      <trkpt lat="38.655988" lon="-2.465396">
        <ele>1054.011</ele>
        <time>2025-12-26T10:52:59.501Z</time>
      </trkpt>
      <trkpt lat="38.656159" lon="-2.465648">
        <ele>1052.861</ele>
        <time>2025-12-26T10:52:59.501Z</time>
      </trkpt>
      <trkpt lat="38.656381" lon="-2.466032">
        <ele>1050.98</ele>
        <time>2025-12-26T10:52:59.501Z</time>
      </trkpt>
      <trkpt lat="38.656518" lon="-2.466166">
        <ele>1050</ele>
        <time>2025-12-26T10:52:59.501Z</time>
      </trkpt>
      <trkpt lat="38.656849" lon="-2.466418">
        <ele>1049</ele>
        <time>2025-12-26T10:52:59.501Z</time>
      </trkpt>
      <trkpt lat="38.656905" lon="-2.466490">
        <ele>1048.667</ele>
        <time>2025-12-26T10:52:59.501Z</time>
      </trkpt>
      <trkpt lat="38.656975" lon="-2.466650">
        <ele>1047.52</ele>
        <time>2025-12-26T10:52:59.501Z</time>
      </trkpt>
      <trkpt lat="38.656962" lon="-2.466834">
        <ele>1046.334</ele>
        <time>2025-12-26T10:52:59.501Z</time>
      </trkpt>
      <trkpt lat="38.656921" lon="-2.466912">
        <ele>1045.859</ele>
        <time>2025-12-26T10:52:59.501Z</time>
      </trkpt>
      <trkpt lat="38.656869" lon="-2.466988">
        <ele>1044.994</ele>
        <time>2025-12-26T10:52:59.501Z</time>
      </trkpt>
      <trkpt lat="38.656767" lon="-2.467024">
        <ele>1044</ele>
        <time>2025-12-26T10:52:59.501Z</time>
      </trkpt>
      <trkpt lat="38.656705" lon="-2.467010">
        <ele>1044</ele>
        <time>2025-12-26T10:52:59.501Z</time>
      </trkpt>
      <trkpt lat="38.656623" lon="-2.466986">
        <ele>1043.921</ele>
        <time>2025-12-26T10:52:59.501Z</time>
      </trkpt>
      <trkpt lat="38.656505" lon="-2.466850">
        <ele>1042.615</ele>
        <time>2025-12-26T10:52:59.501Z</time>
      </trkpt>
      <trkpt lat="38.656454" lon="-2.466778">
        <ele>1042.685</ele>
        <time>2025-12-26T10:52:59.501Z</time>
      </trkpt>
      <trkpt lat="38.656293" lon="-2.466476">
        <ele>1041.976</ele>
        <time>2025-12-26T10:52:59.501Z</time>
      </trkpt>
      <trkpt lat="38.655782" lon="-2.465664">
        <ele>1039</ele>
        <time>2025-12-26T10:52:59.501Z</time>
      </trkpt>
      <trkpt lat="38.655414" lon="-2.465288">
        <ele>1036.023</ele>
        <time>2025-12-26T10:52:59.501Z</time>
      </trkpt>
      <trkpt lat="38.655364" lon="-2.465218">
        <ele>1036</ele>
        <time>2025-12-26T10:52:59.501Z</time>
      </trkpt>
      <trkpt lat="38.655096" lon="-2.464632">
        <ele>1033</ele>
        <time>2025-12-26T10:52:59.501Z</time>
      </trkpt>
      <trkpt lat="38.655038" lon="-2.464556">
        <ele>1033</ele>
        <time>2025-12-26T10:52:59.501Z</time>
      </trkpt>
      <trkpt lat="38.654977" lon="-2.464504">
        <ele>1032.521</ele>
        <time>2025-12-26T10:52:59.501Z</time>
      </trkpt>
      <trkpt lat="38.654903" lon="-2.464486">
        <ele>1032</ele>
        <time>2025-12-26T10:52:59.501Z</time>
      </trkpt>
      <trkpt lat="38.654824" lon="-2.464498">
        <ele>1031.43</ele>
        <time>2025-12-26T10:52:59.501Z</time>
      </trkpt>
      <trkpt lat="38.654744" lon="-2.464548">
        <ele>1030.658</ele>
        <time>2025-12-26T10:52:59.501Z</time>
      </trkpt>
      <trkpt lat="38.654624" lon="-2.464668">
        <ele>1030</ele>
        <time>2025-12-26T10:52:59.501Z</time>
      </trkpt>
      <trkpt lat="38.654569" lon="-2.464768">
        <ele>1029.666</ele>
        <time>2025-12-26T10:52:59.501Z</time>
      </trkpt>
      <trkpt lat="38.654534" lon="-2.464918">
        <ele>1029</ele>
        <time>2025-12-26T10:52:59.501Z</time>
      </trkpt>
      <trkpt lat="38.654488" lon="-2.465226">
        <ele>1026.997</ele>
        <time>2025-12-26T10:52:59.501Z</time>
      </trkpt>
      <trkpt lat="38.654443" lon="-2.465346">
        <ele>1026.581</ele>
        <time>2025-12-26T10:52:59.501Z</time>
      </trkpt>
      <trkpt lat="38.654395" lon="-2.465450">
        <ele>1026</ele>
        <time>2025-12-26T10:52:59.501Z</time>
      </trkpt>
      <trkpt lat="38.654328" lon="-2.465526">
        <ele>1025.012</ele>
        <time>2025-12-26T10:52:59.501Z</time>
      </trkpt>
      <trkpt lat="38.654144" lon="-2.465588">
        <ele>1024</ele>
        <time>2025-12-26T10:52:59.501Z</time>
      </trkpt>
      <trkpt lat="38.654054" lon="-2.465598">
        <ele>1022.934</ele>
        <time>2025-12-26T10:52:59.501Z</time>
      </trkpt>
      <trkpt lat="38.653884" lon="-2.465568">
        <ele>1022</ele>
        <time>2025-12-26T10:52:59.501Z</time>
      </trkpt>
      <trkpt lat="38.653821" lon="-2.465522">
        <ele>1022</ele>
        <time>2025-12-26T10:52:59.501Z</time>
      </trkpt>
      <trkpt lat="38.653749" lon="-2.465428">
        <ele>1021</ele>
        <time>2025-12-26T10:52:59.501Z</time>
      </trkpt>
      <trkpt lat="38.653655" lon="-2.464870">
        <ele>1018</ele>
        <time>2025-12-26T10:52:59.501Z</time>
      </trkpt>
      <trkpt lat="38.653608" lon="-2.464706">
        <ele>1016.7</ele>
        <time>2025-12-26T10:52:59.501Z</time>
      </trkpt>
      <trkpt lat="38.653507" lon="-2.464574">
        <ele>1015.969</ele>
        <time>2025-12-26T10:52:59.501Z</time>
      </trkpt>
      <trkpt lat="38.653288" lon="-2.464426">
        <ele>1014</ele>
        <time>2025-12-26T10:52:59.501Z</time>
      </trkpt>
      <trkpt lat="38.653091" lon="-2.464342">
        <ele>1013.001</ele>
        <time>2025-12-26T10:52:59.501Z</time>
      </trkpt>
      <trkpt lat="38.652718" lon="-2.464326">
        <ele>1010.12</ele>
        <time>2025-12-26T10:52:59.501Z</time>
      </trkpt>
      <trkpt lat="38.652627" lon="-2.464294">
        <ele>1008.995</ele>
        <time>2025-12-26T10:52:59.501Z</time>
      </trkpt>
      <trkpt lat="38.652477" lon="-2.464204">
        <ele>1008.153</ele>
        <time>2025-12-26T10:52:59.501Z</time>
      </trkpt>
      <trkpt lat="38.652304" lon="-2.463978">
        <ele>1006.49</ele>
        <time>2025-12-26T10:52:59.501Z</time>
      </trkpt>
      <trkpt lat="38.652106" lon="-2.463812">
        <ele>1005.302</ele>
        <time>2025-12-26T10:52:59.501Z</time>
      </trkpt>
      <trkpt lat="38.651772" lon="-2.463674">
        <ele>1003.878</ele>
        <time>2025-12-26T10:52:59.501Z</time>
      </trkpt>
      <trkpt lat="38.651599" lon="-2.463638">
        <ele>1003.16</ele>
        <time>2025-12-26T10:52:59.501Z</time>
      </trkpt>
      <trkpt lat="38.651361" lon="-2.463622">
        <ele>1001.776</ele>
        <time>2025-12-26T10:52:59.501Z</time>
      </trkpt>
      <trkpt lat="38.651074" lon="-2.463678">
        <ele>1000.283</ele>
        <time>2025-12-26T10:52:59.501Z</time>
      </trkpt>
      <trkpt lat="38.650916" lon="-2.463632">
        <ele>999.22</ele>
        <time>2025-12-26T10:52:59.501Z</time>
      </trkpt>
      <trkpt lat="38.650759" lon="-2.463548">
        <ele>998.746</ele>
        <time>2025-12-26T10:52:59.501Z</time>
      </trkpt>
      <trkpt lat="38.650498" lon="-2.463486">
        <ele>997</ele>
        <time>2025-12-26T10:52:59.501Z</time>
      </trkpt>
      <trkpt lat="38.650153" lon="-2.463436">
        <ele>996.015</ele>
        <time>2025-12-26T10:52:59.501Z</time>
      </trkpt>
      <trkpt lat="38.649939" lon="-2.463448">
        <ele>995.07</ele>
        <time>2025-12-26T10:52:59.501Z</time>
      </trkpt>
      <trkpt lat="38.649743" lon="-2.463536">
        <ele>995.273</ele>
        <time>2025-12-26T10:52:59.501Z</time>
      </trkpt>
      <trkpt lat="38.649428" lon="-2.463796">
        <ele>991.891</ele>
        <time>2025-12-26T10:52:59.501Z</time>
      </trkpt>
      <trkpt lat="38.649336" lon="-2.463892">
        <ele>992.536</ele>
        <time>2025-12-26T10:52:59.501Z</time>
      </trkpt>
      <trkpt lat="38.649035" lon="-2.464380">
        <ele>988</ele>
        <time>2025-12-26T10:52:59.501Z</time>
      </trkpt>
      <trkpt lat="38.648755" lon="-2.464620">
        <ele>987.928</ele>
        <time>2025-12-26T10:52:59.501Z</time>
      </trkpt>
      <trkpt lat="38.648065" lon="-2.465180">
        <ele>988.095</ele>
        <time>2025-12-26T10:52:59.501Z</time>
      </trkpt>
      <trkpt lat="38.647673" lon="-2.465596">
        <ele>985.452</ele>
        <time>2025-12-26T10:52:59.501Z</time>
      </trkpt>
      <trkpt lat="38.647265" lon="-2.465900">
        <ele>984.404</ele>
        <time>2025-12-26T10:52:59.501Z</time>
      </trkpt>
      <trkpt lat="38.647172" lon="-2.465984">
        <ele>983.096</ele>
        <time>2025-12-26T10:52:59.501Z</time>
      </trkpt>
      <trkpt lat="38.647116" lon="-2.466082">
        <ele>979.996</ele>
        <time>2025-12-26T10:52:59.501Z</time>
      </trkpt>
      <trkpt lat="38.647098" lon="-2.466176">
        <ele>979</ele>
        <time>2025-12-26T10:52:59.501Z</time>
      </trkpt>
      <trkpt lat="38.647163" lon="-2.466626">
        <ele>977.963</ele>
        <time>2025-12-26T10:52:59.501Z</time>
      </trkpt>
      <trkpt lat="38.647184" lon="-2.466708">
        <ele>978</ele>
        <time>2025-12-26T10:52:59.501Z</time>
      </trkpt>
      <trkpt lat="38.647236" lon="-2.466802">
        <ele>978</ele>
        <time>2025-12-26T10:52:59.501Z</time>
      </trkpt>
      <trkpt lat="38.647305" lon="-2.466860">
        <ele>978.681</ele>
        <time>2025-12-26T10:52:59.501Z</time>
      </trkpt>
      <trkpt lat="38.647637" lon="-2.467044">
        <ele>976.408</ele>
        <time>2025-12-26T10:52:59.501Z</time>
      </trkpt>
      <trkpt lat="38.647705" lon="-2.467070">
        <ele>976.038</ele>
        <time>2025-12-26T10:52:59.501Z</time>
      </trkpt>
      <trkpt lat="38.648049" lon="-2.467058">
        <ele>975</ele>
        <time>2025-12-26T10:52:59.501Z</time>
      </trkpt>
      <trkpt lat="38.648577" lon="-2.467084">
        <ele>974.029</ele>
        <time>2025-12-26T10:52:59.501Z</time>
      </trkpt>
      <trkpt lat="38.648673" lon="-2.467116">
        <ele>973.031</ele>
        <time>2025-12-26T10:52:59.501Z</time>
      </trkpt>
      <trkpt lat="38.649015" lon="-2.467340">
        <ele>971.062</ele>
        <time>2025-12-26T10:52:59.501Z</time>
      </trkpt>
      <trkpt lat="38.649127" lon="-2.467384">
        <ele>970.002</ele>
        <time>2025-12-26T10:52:59.501Z</time>
      </trkpt>
      <trkpt lat="38.649459" lon="-2.467428">
        <ele>967.539</ele>
        <time>2025-12-26T10:52:59.501Z</time>
      </trkpt>
      <trkpt lat="38.649603" lon="-2.467396">
        <ele>966.868</ele>
        <time>2025-12-26T10:52:59.501Z</time>
      </trkpt>
      <trkpt lat="38.649782" lon="-2.467304">
        <ele>965.671</ele>
        <time>2025-12-26T10:52:59.501Z</time>
      </trkpt>
      <trkpt lat="38.649867" lon="-2.467284">
        <ele>965.605</ele>
        <time>2025-12-26T10:52:59.501Z</time>
      </trkpt>
      <trkpt lat="38.649949" lon="-2.467288">
        <ele>966</ele>
        <time>2025-12-26T10:52:59.501Z</time>
      </trkpt>
      <trkpt lat="38.650484" lon="-2.467438">
        <ele>962.976</ele>
        <time>2025-12-26T10:52:59.501Z</time>
      </trkpt>
      <trkpt lat="38.650643" lon="-2.467516">
        <ele>962.539</ele>
        <time>2025-12-26T10:52:59.501Z</time>
      </trkpt>
      <trkpt lat="38.650975" lon="-2.467840">
        <ele>960.019</ele>
        <time>2025-12-26T10:52:59.501Z</time>
      </trkpt>
      <trkpt lat="38.651074" lon="-2.467998">
        <ele>959.053</ele>
        <time>2025-12-26T10:52:59.501Z</time>
      </trkpt>
      <trkpt lat="38.651502" lon="-2.468934">
        <ele>955.245</ele>
        <time>2025-12-26T10:52:59.501Z</time>
      </trkpt>
      <trkpt lat="38.651572" lon="-2.469104">
        <ele>954.415</ele>
        <time>2025-12-26T10:52:59.501Z</time>
      </trkpt>
      <trkpt lat="38.651705" lon="-2.469510">
        <ele>952.449</ele>
        <time>2025-12-26T10:52:59.501Z</time>
      </trkpt>
      <trkpt lat="38.651883" lon="-2.469836">
        <ele>951.117</ele>
        <time>2025-12-26T10:52:59.501Z</time>
      </trkpt>
      <trkpt lat="38.651936" lon="-2.469952">
        <ele>950.449</ele>
        <time>2025-12-26T10:52:59.501Z</time>
      </trkpt>
      <trkpt lat="38.652089" lon="-2.470438">
        <ele>946.984</ele>
        <time>2025-12-26T10:52:59.501Z</time>
      </trkpt>
      <trkpt lat="38.652234" lon="-2.470688">
        <ele>946.431</ele>
        <time>2025-12-26T10:52:59.501Z</time>
      </trkpt>
      <trkpt lat="38.652415" lon="-2.470900">
        <ele>944.803</ele>
        <time>2025-12-26T10:52:59.501Z</time>
      </trkpt>
      <trkpt lat="38.652554" lon="-2.471018">
        <ele>943.981</ele>
        <time>2025-12-26T10:52:59.501Z</time>
      </trkpt>
      <trkpt lat="38.653233" lon="-2.471396">
        <ele>939</ele>
        <time>2025-12-26T10:52:59.501Z</time>
      </trkpt>
      <trkpt lat="38.653537" lon="-2.471484">
        <ele>937.54</ele>
        <time>2025-12-26T10:52:59.501Z</time>
      </trkpt>
      <trkpt lat="38.653638" lon="-2.471516">
        <ele>937</ele>
        <time>2025-12-26T10:52:59.501Z</time>
      </trkpt>
      <trkpt lat="38.653684" lon="-2.471568">
        <ele>937</ele>
        <time>2025-12-26T10:52:59.501Z</time>
      </trkpt>
      <trkpt lat="38.653721" lon="-2.471732">
        <ele>936</ele>
        <time>2025-12-26T10:52:59.501Z</time>
      </trkpt>
      <trkpt lat="38.653719" lon="-2.471938">
        <ele>935</ele>
        <time>2025-12-26T10:52:59.501Z</time>
      </trkpt>
      <trkpt lat="38.653739" lon="-2.472128">
        <ele>934.648</ele>
        <time>2025-12-26T10:52:59.501Z</time>
      </trkpt>
      <trkpt lat="38.653848" lon="-2.472356">
        <ele>933.885</ele>
        <time>2025-12-26T10:52:59.501Z</time>
      </trkpt>
      <trkpt lat="38.653915" lon="-2.472470">
        <ele>933.984</ele>
        <time>2025-12-26T10:52:59.501Z</time>
      </trkpt>
      <trkpt lat="38.654041" lon="-2.472662">
        <ele>932.703</ele>
        <time>2025-12-26T10:52:59.501Z</time>
      </trkpt>
      <trkpt lat="38.654437" lon="-2.473064">
        <ele>931</ele>
        <time>2025-12-26T10:52:59.501Z</time>
      </trkpt>
      <trkpt lat="38.654558" lon="-2.473266">
        <ele>930.537</ele>
        <time>2025-12-26T10:52:59.501Z</time>
      </trkpt>
      <trkpt lat="38.655175" lon="-2.475160">
        <ele>921</ele>
        <time>2025-12-26T10:52:59.501Z</time>
      </trkpt>
      <trkpt lat="38.655248" lon="-2.475376">
        <ele>920</ele>
        <time>2025-12-26T10:52:59.501Z</time>
      </trkpt>
      <trkpt lat="38.655335" lon="-2.475580">
        <ele>919.001</ele>
        <time>2025-12-26T10:52:59.501Z</time>
      </trkpt>
      <trkpt lat="38.656018" lon="-2.476496">
        <ele>912.025</ele>
        <time>2025-12-26T10:52:59.501Z</time>
      </trkpt>
      <trkpt lat="38.656091" lon="-2.476562">
        <ele>911.103</ele>
        <time>2025-12-26T10:52:59.501Z</time>
      </trkpt>
      <trkpt lat="38.656154" lon="-2.476598">
        <ele>911</ele>
        <time>2025-12-26T10:52:59.501Z</time>
      </trkpt>
      <trkpt lat="38.656236" lon="-2.476582">
        <ele>910</ele>
        <time>2025-12-26T10:52:59.501Z</time>
      </trkpt>
      <trkpt lat="38.656349" lon="-2.476548">
        <ele>909.986</ele>
        <time>2025-12-26T10:52:59.501Z</time>
      </trkpt>
      <trkpt lat="38.656762" lon="-2.476144">
        <ele>909</ele>
        <time>2025-12-26T10:52:59.501Z</time>
      </trkpt>
      <trkpt lat="38.656927" lon="-2.476054">
        <ele>909.641</ele>
        <time>2025-12-26T10:52:59.501Z</time>
      </trkpt>
      <trkpt lat="38.657101" lon="-2.476052">
        <ele>910</ele>
        <time>2025-12-26T10:52:59.501Z</time>
      </trkpt>
      <trkpt lat="38.657266" lon="-2.476122">
        <ele>910.982</ele>
        <time>2025-12-26T10:52:59.501Z</time>
      </trkpt>
      <trkpt lat="38.657404" lon="-2.476238">
        <ele>911.96</ele>
        <time>2025-12-26T10:52:59.501Z</time>
      </trkpt>
      <trkpt lat="38.657579" lon="-2.476408">
        <ele>912.297</ele>
        <time>2025-12-26T10:52:59.501Z</time>
      </trkpt>
      <trkpt lat="38.657798" lon="-2.476666">
        <ele>911.38</ele>
        <time>2025-12-26T10:52:59.501Z</time>
      </trkpt>
      <trkpt lat="38.658417" lon="-2.477644">
        <ele>907</ele>
        <time>2025-12-26T10:52:59.501Z</time>
      </trkpt>
      <trkpt lat="38.658586" lon="-2.477922">
        <ele>906.573</ele>
        <time>2025-12-26T10:52:59.501Z</time>
      </trkpt>
      <trkpt lat="38.658783" lon="-2.478496">
        <ele>905</ele>
        <time>2025-12-26T10:52:59.501Z</time>
      </trkpt>
      <trkpt lat="38.658976" lon="-2.478892">
        <ele>904.652</ele>
        <time>2025-12-26T10:52:59.501Z</time>
      </trkpt>
      <trkpt lat="38.659174" lon="-2.479388">
        <ele>904.153</ele>
        <time>2025-12-26T10:52:59.501Z</time>
      </trkpt>
      <trkpt lat="38.659411" lon="-2.479742">
        <ele>904</ele>
        <time>2025-12-26T10:52:59.501Z</time>
      </trkpt>
      <trkpt lat="38.659774" lon="-2.480198">
        <ele>902.615</ele>
        <time>2025-12-26T10:52:59.501Z</time>
      </trkpt>
      <trkpt lat="38.660051" lon="-2.480582">
        <ele>902</ele>
        <time>2025-12-26T10:52:59.501Z</time>
      </trkpt>
      <trkpt lat="38.660211" lon="-2.481142">
        <ele>901</ele>
        <time>2025-12-26T10:52:59.501Z</time>
      </trkpt>
      <trkpt lat="38.660617" lon="-2.482344">
        <ele>897.383</ele>
        <time>2025-12-26T10:52:59.501Z</time>
      </trkpt>
      <trkpt lat="38.660838" lon="-2.482876">
        <ele>896.206</ele>
        <time>2025-12-26T10:52:59.501Z</time>
      </trkpt>
      <trkpt lat="38.660955" lon="-2.483360">
        <ele>896</ele>
        <time>2025-12-26T10:52:59.501Z</time>
      </trkpt>
      <trkpt lat="38.661036" lon="-2.483582">
        <ele>895.202</ele>
        <time>2025-12-26T10:52:59.501Z</time>
      </trkpt>
      <trkpt lat="38.661491" lon="-2.484632">
        <ele>895</ele>
        <time>2025-12-26T10:52:59.501Z</time>
      </trkpt>
      <trkpt lat="38.661599" lon="-2.484818">
        <ele>895.001</ele>
        <time>2025-12-26T10:52:59.501Z</time>
      </trkpt>
      <trkpt lat="38.661782" lon="-2.485064">
        <ele>894.033</ele>
        <time>2025-12-26T10:52:59.501Z</time>
      </trkpt>
      <trkpt lat="38.661993" lon="-2.485656">
        <ele>893.975</ele>
        <time>2025-12-26T10:52:59.501Z</time>
      </trkpt>
      <trkpt lat="38.662091" lon="-2.485822">
        <ele>894.012</ele>
        <time>2025-12-26T10:52:59.501Z</time>
      </trkpt>
      <trkpt lat="38.662502" lon="-2.486404">
        <ele>898</ele>
        <time>2025-12-26T10:52:59.501Z</time>
      </trkpt>
      <trkpt lat="38.662597" lon="-2.486594">
        <ele>899.057</ele>
        <time>2025-12-26T10:52:59.501Z</time>
      </trkpt>
      <trkpt lat="38.662984" lon="-2.487830">
        <ele>906.517</ele>
        <time>2025-12-26T10:52:59.501Z</time>
      </trkpt>
      <trkpt lat="38.662991" lon="-2.487852">
        <ele>907</ele>
        <time>2025-12-26T10:52:59.501Z</time>
      </trkpt>
      <trkpt lat="38.664458" lon="-2.487636">
        <ele>908</ele>
        <time>2025-12-26T10:52:59.501Z</time>
      </trkpt>
      <trkpt lat="38.664699" lon="-2.487608">
        <ele>908.973</ele>
        <time>2025-12-26T10:52:59.501Z</time>
      </trkpt>
      <trkpt lat="38.664758" lon="-2.487626">
        <ele>909</ele>
        <time>2025-12-26T10:52:59.501Z</time>
      </trkpt>
      <trkpt lat="38.664889" lon="-2.487648">
        <ele>909</ele>
        <time>2025-12-26T10:52:59.501Z</time>
      </trkpt>
      <trkpt lat="38.664978" lon="-2.487696">
        <ele>909</ele>
        <time>2025-12-26T10:52:59.501Z</time>
      </trkpt>
      <trkpt lat="38.665267" lon="-2.487954">
        <ele>909</ele>
        <time>2025-12-26T10:52:59.501Z</time>
      </trkpt>
      <trkpt lat="38.665369" lon="-2.488075">
        <ele>909</ele>
        <time>2025-12-26T10:52:59.501Z</time>
      </trkpt>
      <trkpt lat="38.665402" lon="-2.488114">
        <ele>909</ele>
        <time>2025-12-26T10:52:59.501Z</time>
      </trkpt>
      <trkpt lat="38.665762" lon="-2.488434">
        <ele>911</ele>
        <time>2025-12-26T10:52:59.501Z</time>
      </trkpt>
      <trkpt lat="38.666418" lon="-2.488916">
        <ele>915.922</ele>
        <time>2025-12-26T10:52:59.501Z</time>
      </trkpt>
      <trkpt lat="38.666825" lon="-2.489240">
        <ele>918.788</ele>
        <time>2025-12-26T10:52:59.501Z</time>
      </trkpt>
      <trkpt lat="38.667179" lon="-2.489588">
        <ele>921</ele>
        <time>2025-12-26T10:52:59.501Z</time>
      </trkpt>
      <trkpt lat="38.667195" lon="-2.489600">
        <ele>921.442</ele>
        <time>2025-12-26T10:52:59.501Z</time>
      </trkpt>
      <trkpt lat="38.668551" lon="-2.490952">
        <ele>929.198</ele>
        <time>2025-12-26T10:52:59.501Z</time>
      </trkpt>
      <trkpt lat="38.668766" lon="-2.491222">
        <ele>931</ele>
        <time>2025-12-26T10:52:59.501Z</time>
      </trkpt>
      <trkpt lat="38.668889" lon="-2.491418">
        <ele>932</ele>
        <time>2025-12-26T10:52:59.501Z</time>
      </trkpt>
      <trkpt lat="38.669572" lon="-2.492494">
        <ele>936</ele>
        <time>2025-12-26T10:52:59.501Z</time>
      </trkpt>
      <trkpt lat="38.669731" lon="-2.492652">
        <ele>936.548</ele>
        <time>2025-12-26T10:52:59.501Z</time>
      </trkpt>
      <trkpt lat="38.669864" lon="-2.492698">
        <ele>937.397</ele>
        <time>2025-12-26T10:52:59.501Z</time>
      </trkpt>
      <trkpt lat="38.670063" lon="-2.492676">
        <ele>939</ele>
        <time>2025-12-26T10:52:59.501Z</time>
      </trkpt>
      <trkpt lat="38.670387" lon="-2.492584">
        <ele>939.735</ele>
        <time>2025-12-26T10:52:59.501Z</time>
      </trkpt>
      <trkpt lat="38.670654" lon="-2.492408">
        <ele>937.719</ele>
        <time>2025-12-26T10:52:59.501Z</time>
      </trkpt>
      <trkpt lat="38.671182" lon="-2.492224">
        <ele>932.704</ele>
        <time>2025-12-26T10:52:59.501Z</time>
      </trkpt>
      <trkpt lat="38.672185" lon="-2.491820">
        <ele>920</ele>
        <time>2025-12-26T10:52:59.501Z</time>
      </trkpt>
      <trkpt lat="38.672324" lon="-2.491768">
        <ele>919</ele>
        <time>2025-12-26T10:52:59.501Z</time>
      </trkpt>
      <trkpt lat="38.672592" lon="-2.491704">
        <ele>917</ele>
        <time>2025-12-26T10:52:59.501Z</time>
      </trkpt>
      <trkpt lat="38.672801" lon="-2.491692">
        <ele>916</ele>
        <time>2025-12-26T10:52:59.501Z</time>
      </trkpt>
      <trkpt lat="38.673003" lon="-2.491661">
        <ele>915</ele>
        <time>2025-12-26T10:52:59.501Z</time>
      </trkpt>
      <trkpt lat="38.673033" lon="-2.491656">
        <ele>915</ele>
        <time>2025-12-26T10:52:59.501Z</time>
      </trkpt>
      <trkpt lat="38.673556" lon="-2.491712">
        <ele>912</ele>
        <time>2025-12-26T10:52:59.501Z</time>
      </trkpt>
      <trkpt lat="38.673787" lon="-2.491774">
        <ele>911</ele>
        <time>2025-12-26T10:52:59.501Z</time>
      </trkpt>
      <trkpt lat="38.674512" lon="-2.491934">
        <ele>908.391</ele>
        <time>2025-12-26T10:52:59.501Z</time>
      </trkpt>
      <trkpt lat="38.675332" lon="-2.492304">
        <ele>905.054</ele>
        <time>2025-12-26T10:52:59.501Z</time>
      </trkpt>
      <trkpt lat="38.679444" lon="-2.494028">
        <ele>896.2</ele>
        <time>2025-12-26T10:52:59.501Z</time>
      </trkpt>
      <trkpt lat="38.680048" lon="-2.494316">
        <ele>898.02</ele>
        <time>2025-12-26T10:52:59.501Z</time>
      </trkpt>
      <trkpt lat="38.680099" lon="-2.494488">
        <ele>897.242</ele>
        <time>2025-12-26T10:52:59.501Z</time>
      </trkpt>
      <trkpt lat="38.680154" lon="-2.494978">
        <ele>895</ele>
        <time>2025-12-26T10:52:59.501Z</time>
      </trkpt>
      <trkpt lat="38.680268" lon="-2.495096">
        <ele>894</ele>
        <time>2025-12-26T10:52:59.501Z</time>
      </trkpt>
      <trkpt lat="38.680423" lon="-2.495186">
        <ele>894</ele>
        <time>2025-12-26T10:52:59.501Z</time>
      </trkpt>
      <trkpt lat="38.680647" lon="-2.495244">
        <ele>893.179</ele>
        <time>2025-12-26T10:52:59.501Z</time>
      </trkpt>
      <trkpt lat="38.681209" lon="-2.495318">
        <ele>891</ele>
        <time>2025-12-26T10:52:59.501Z</time>
      </trkpt>
      <trkpt lat="38.681887" lon="-2.494394">
        <ele>891.023</ele>
        <time>2025-12-26T10:52:59.501Z</time>
      </trkpt>
      <trkpt lat="38.682209" lon="-2.493988">
        <ele>891.474</ele>
        <time>2025-12-26T10:52:59.501Z</time>
      </trkpt>
      <trkpt lat="38.682479" lon="-2.493718">
        <ele>891.785</ele>
        <time>2025-12-26T10:52:59.501Z</time>
      </trkpt>
      <trkpt lat="38.682799" lon="-2.493458">
        <ele>893</ele>
        <time>2025-12-26T10:52:59.501Z</time>
      </trkpt>
      <trkpt lat="38.683106" lon="-2.493252">
        <ele>894.667</ele>
        <time>2025-12-26T10:52:59.501Z</time>
      </trkpt>
      <trkpt lat="38.683521" lon="-2.493042">
        <ele>894</ele>
        <time>2025-12-26T10:52:59.501Z</time>
      </trkpt>
      <trkpt lat="38.683842" lon="-2.492954">
        <ele>895</ele>
        <time>2025-12-26T10:52:59.501Z</time>
      </trkpt>
      <trkpt lat="38.683981" lon="-2.492912">
        <ele>894.566</ele>
        <time>2025-12-26T10:52:59.501Z</time>
      </trkpt>
      <trkpt lat="38.684741" lon="-2.492802">
        <ele>895.657</ele>
        <time>2025-12-26T10:52:59.501Z</time>
      </trkpt>
      <trkpt lat="38.685042" lon="-2.492804">
        <ele>897</ele>
        <time>2025-12-26T10:52:59.501Z</time>
      </trkpt>
      <trkpt lat="38.685259" lon="-2.492878">
        <ele>898</ele>
        <time>2025-12-26T10:52:59.501Z</time>
      </trkpt>
      <trkpt lat="38.685327" lon="-2.492754">
        <ele>899</ele>
        <time>2025-12-26T10:52:59.501Z</time>
      </trkpt>
      <trkpt lat="38.685421" lon="-2.492462">
        <ele>901.823</ele>
        <time>2025-12-26T10:52:59.501Z</time>
      </trkpt>
      <trkpt lat="38.685509" lon="-2.492378">
        <ele>902.516</ele>
        <time>2025-12-26T10:52:59.501Z</time>
      </trkpt>
      <trkpt lat="38.685731" lon="-2.492242">
        <ele>905.475</ele>
        <time>2025-12-26T10:52:59.501Z</time>
      </trkpt>
      <trkpt lat="38.685913" lon="-2.492046">
        <ele>906.861</ele>
        <time>2025-12-26T10:52:59.501Z</time>
      </trkpt>
      <trkpt lat="38.686493" lon="-2.491536">
        <ele>913.147</ele>
        <time>2025-12-26T10:52:59.501Z</time>
      </trkpt>
      <trkpt lat="38.686582" lon="-2.491494">
        <ele>913</ele>
        <time>2025-12-26T10:52:59.501Z</time>
      </trkpt>
      <trkpt lat="38.686983" lon="-2.491426">
        <ele>913</ele>
        <time>2025-12-26T10:52:59.501Z</time>
      </trkpt>
      <trkpt lat="38.688902" lon="-2.490474">
        <ele>913.079</ele>
        <time>2025-12-26T10:52:59.501Z</time>
      </trkpt>
      <trkpt lat="38.690169" lon="-2.489868">
        <ele>916</ele>
        <time>2025-12-26T10:52:59.501Z</time>
      </trkpt>
      <trkpt lat="38.690309" lon="-2.489418">
        <ele>917.487</ele>
        <time>2025-12-26T10:52:59.501Z</time>
      </trkpt>
      <trkpt lat="38.690309" lon="-2.489188">
        <ele>918</ele>
        <time>2025-12-26T10:52:59.501Z</time>
      </trkpt>
      <trkpt lat="38.690259" lon="-2.488898">
        <ele>917.535</ele>
        <time>2025-12-26T10:52:59.501Z</time>
      </trkpt>
      <trkpt lat="38.690246" lon="-2.488662">
        <ele>918</ele>
        <time>2025-12-26T10:52:59.501Z</time>
      </trkpt>
      <trkpt lat="38.690294" lon="-2.488508">
        <ele>918</ele>
        <time>2025-12-26T10:52:59.501Z</time>
      </trkpt>
      <trkpt lat="38.690772" lon="-2.488014">
        <ele>919.162</ele>
        <time>2025-12-26T10:52:59.501Z</time>
      </trkpt>
      <trkpt lat="38.690921" lon="-2.487832">
        <ele>920</ele>
        <time>2025-12-26T10:52:59.501Z</time>
      </trkpt>
      <trkpt lat="38.691304" lon="-2.487318">
        <ele>922</ele>
        <time>2025-12-26T10:52:59.501Z</time>
      </trkpt>
      <trkpt lat="38.691434" lon="-2.487098">
        <ele>923</ele>
        <time>2025-12-26T10:52:59.501Z</time>
      </trkpt>
      <trkpt lat="38.691946" lon="-2.486022">
        <ele>927.178</ele>
        <time>2025-12-26T10:52:59.501Z</time>
      </trkpt>
      <trkpt lat="38.692074" lon="-2.485728">
        <ele>927.614</ele>
        <time>2025-12-26T10:52:59.501Z</time>
      </trkpt>
      <trkpt lat="38.692143" lon="-2.485496">
        <ele>929</ele>
        <time>2025-12-26T10:52:59.501Z</time>
      </trkpt>
      <trkpt lat="38.692181" lon="-2.485262">
        <ele>930.118</ele>
        <time>2025-12-26T10:52:59.501Z</time>
      </trkpt>
      <trkpt lat="38.692534" lon="-2.484138">
        <ele>933.909</ele>
        <time>2025-12-26T10:52:59.501Z</time>
      </trkpt>
      <trkpt lat="38.692644" lon="-2.483788">
        <ele>934</ele>
        <time>2025-12-26T10:52:59.501Z</time>
      </trkpt>
      <trkpt lat="38.692743" lon="-2.483536">
        <ele>934.956</ele>
        <time>2025-12-26T10:52:59.501Z</time>
      </trkpt>
      <trkpt lat="38.693184" lon="-2.482488">
        <ele>936</ele>
        <time>2025-12-26T10:52:59.501Z</time>
      </trkpt>
      <trkpt lat="38.693333" lon="-2.482246">
        <ele>936</ele>
        <time>2025-12-26T10:52:59.501Z</time>
      </trkpt>
      <trkpt lat="38.694138" lon="-2.481296">
        <ele>936</ele>
        <time>2025-12-26T10:52:59.501Z</time>
      </trkpt>
      <trkpt lat="38.694218" lon="-2.481136">
        <ele>935</ele>
        <time>2025-12-26T10:52:59.501Z</time>
      </trkpt>
      <trkpt lat="38.694269" lon="-2.480898">
        <ele>933.969</ele>
        <time>2025-12-26T10:52:59.501Z</time>
      </trkpt>
      <trkpt lat="38.694286" lon="-2.480672">
        <ele>932.669</ele>
        <time>2025-12-26T10:52:59.501Z</time>
      </trkpt>
      <trkpt lat="38.694286" lon="-2.480312">
        <ele>929.991</ele>
        <time>2025-12-26T10:52:59.501Z</time>
      </trkpt>
      <trkpt lat="38.694246" lon="-2.479552">
        <ele>924.129</ele>
        <time>2025-12-26T10:52:59.501Z</time>
      </trkpt>
      <trkpt lat="38.694263" lon="-2.479436">
        <ele>921.921</ele>
        <time>2025-12-26T10:52:59.501Z</time>
      </trkpt>
      <trkpt lat="38.694298" lon="-2.479336">
        <ele>921.829</ele>
        <time>2025-12-26T10:52:59.501Z</time>
      </trkpt>
      <trkpt lat="38.694351" lon="-2.479262">
        <ele>919.377</ele>
        <time>2025-12-26T10:52:59.501Z</time>
      </trkpt>
      <trkpt lat="38.694656" lon="-2.479052">
        <ele>918.79</ele>
        <time>2025-12-26T10:52:59.501Z</time>
      </trkpt>
      <trkpt lat="38.694924" lon="-2.478738">
        <ele>920.822</ele>
        <time>2025-12-26T10:52:59.501Z</time>
      </trkpt>
      <trkpt lat="38.695528" lon="-2.477936">
        <ele>925</ele>
        <time>2025-12-26T10:52:59.501Z</time>
      </trkpt>
      <trkpt lat="38.695636" lon="-2.477762">
        <ele>926</ele>
        <time>2025-12-26T10:52:59.501Z</time>
      </trkpt>
      <trkpt lat="38.695895" lon="-2.476950">
        <ele>938.405</ele>
        <time>2025-12-26T10:52:59.501Z</time>
      </trkpt>
      <trkpt lat="38.695974" lon="-2.476788">
        <ele>941.489</ele>
        <time>2025-12-26T10:52:59.501Z</time>
      </trkpt>
      <trkpt lat="38.696249" lon="-2.476408">
        <ele>946.112</ele>
        <time>2025-12-26T10:52:59.501Z</time>
      </trkpt>
      <trkpt lat="38.696359" lon="-2.476308">
        <ele>947</ele>
        <time>2025-12-26T10:52:59.501Z</time>
      </trkpt>
      <trkpt lat="38.696475" lon="-2.476280">
        <ele>947.747</ele>
        <time>2025-12-26T10:52:59.501Z</time>
      </trkpt>
      <trkpt lat="38.696575" lon="-2.476310">
        <ele>948.747</ele>
        <time>2025-12-26T10:52:59.501Z</time>
      </trkpt>
      <trkpt lat="38.696937" lon="-2.476624">
        <ele>953</ele>
        <time>2025-12-26T10:52:59.501Z</time>
      </trkpt>
      <trkpt lat="38.697141" lon="-2.476752">
        <ele>954</ele>
        <time>2025-12-26T10:52:59.501Z</time>
      </trkpt>
      <trkpt lat="38.697253" lon="-2.476786">
        <ele>954.021</ele>
        <time>2025-12-26T10:52:59.501Z</time>
      </trkpt>
      <trkpt lat="38.697754" lon="-2.476848">
        <ele>956</ele>
        <time>2025-12-26T10:52:59.501Z</time>
      </trkpt>
      <trkpt lat="38.697989" lon="-2.476956">
        <ele>956.542</ele>
        <time>2025-12-26T10:52:59.501Z</time>
      </trkpt>
      <trkpt lat="38.698014" lon="-2.476968">
        <ele>956.934</ele>
        <time>2025-12-26T10:52:59.501Z</time>
      </trkpt>
      <trkpt lat="38.698274" lon="-2.477968">
        <ele>951.527</ele>
        <time>2025-12-26T10:52:59.501Z</time>
      </trkpt>
      <trkpt lat="38.698324" lon="-2.478178">
        <ele>950</ele>
        <time>2025-12-26T10:52:59.501Z</time>
      </trkpt>
      <trkpt lat="38.698383" lon="-2.478286">
        <ele>950</ele>
        <time>2025-12-26T10:52:59.501Z</time>
      </trkpt>
      <trkpt lat="38.698603" lon="-2.478586">
        <ele>946.518</ele>
        <time>2025-12-26T10:52:59.501Z</time>
      </trkpt>
      <trkpt lat="38.698612" lon="-2.478724">
        <ele>945.168</ele>
        <time>2025-12-26T10:52:59.501Z</time>
      </trkpt>
      <trkpt lat="38.698594" lon="-2.478878">
        <ele>944.906</ele>
        <time>2025-12-26T10:52:59.501Z</time>
      </trkpt>
      <trkpt lat="38.698379" lon="-2.479628">
        <ele>939.409</ele>
        <time>2025-12-26T10:52:59.501Z</time>
      </trkpt>
      <trkpt lat="38.698325" lon="-2.479720">
        <ele>939</ele>
        <time>2025-12-26T10:52:59.501Z</time>
      </trkpt>
      <trkpt lat="38.698095" lon="-2.479990">
        <ele>936.817</ele>
        <time>2025-12-26T10:52:59.501Z</time>
      </trkpt>
      <trkpt lat="38.697867" lon="-2.480324">
        <ele>935</ele>
        <time>2025-12-26T10:52:59.501Z</time>
      </trkpt>
      <trkpt lat="38.697776" lon="-2.480492">
        <ele>933.714</ele>
        <time>2025-12-26T10:52:59.501Z</time>
      </trkpt>
      <trkpt lat="38.697728" lon="-2.480696">
        <ele>932</ele>
        <time>2025-12-26T10:52:59.501Z</time>
      </trkpt>
      <trkpt lat="38.697682" lon="-2.480794">
        <ele>931.775</ele>
        <time>2025-12-26T10:52:59.501Z</time>
      </trkpt>
      <trkpt lat="38.697675" lon="-2.480886">
        <ele>931</ele>
        <time>2025-12-26T10:52:59.501Z</time>
        <extensions>
          <visugpx:TrkExtension xmlns:visugpx="https://www.visugpx.com/editgpx/">
            <visugpx:node>2</visugpx:node>
          </visugpx:TrkExtension>
        </extensions>
      </trkpt>
      <trkpt lat="38.698108" lon="-2.480466">
        <ele>938.674</ele>
        <time>2025-12-26T10:52:59.501Z</time>
      </trkpt>
      <trkpt lat="38.698507" lon="-2.480264">
        <ele>939.841</ele>
        <time>2025-12-26T10:52:59.501Z</time>
      </trkpt>
      <trkpt lat="38.698892" lon="-2.480164">
        <ele>939.062</ele>
        <time>2025-12-26T10:52:59.501Z</time>
      </trkpt>
      <trkpt lat="38.699456" lon="-2.480082">
        <ele>937.196</ele>
        <time>2025-12-26T10:52:59.501Z</time>
      </trkpt>
      <trkpt lat="38.699907" lon="-2.480084">
        <ele>933.571</ele>
        <time>2025-12-26T10:52:59.501Z</time>
      </trkpt>
      <trkpt lat="38.700323" lon="-2.480126">
        <ele>927.782</ele>
        <time>2025-12-26T10:52:59.501Z</time>
      </trkpt>
      <trkpt lat="38.700741" lon="-2.480252">
        <ele>928.511</ele>
        <time>2025-12-26T10:52:59.501Z</time>
      </trkpt>
      <trkpt lat="38.701038" lon="-2.480376">
        <ele>929.281</ele>
        <time>2025-12-26T10:52:59.501Z</time>
      </trkpt>
      <trkpt lat="38.701469" lon="-2.480628">
        <ele>931</ele>
        <time>2025-12-26T10:52:59.501Z</time>
      </trkpt>
      <trkpt lat="38.701738" lon="-2.480826">
        <ele>929.865</ele>
        <time>2025-12-26T10:52:59.501Z</time>
      </trkpt>
      <trkpt lat="38.702003" lon="-2.481096">
        <ele>930.034</ele>
        <time>2025-12-26T10:52:59.501Z</time>
      </trkpt>
      <trkpt lat="38.702383" lon="-2.481556">
        <ele>930.4</ele>
        <time>2025-12-26T10:52:59.501Z</time>
      </trkpt>
      <trkpt lat="38.702543" lon="-2.481786">
        <ele>929.939</ele>
        <time>2025-12-26T10:52:59.501Z</time>
      </trkpt>
      <trkpt lat="38.702791" lon="-2.482222">
        <ele>931.522</ele>
        <time>2025-12-26T10:52:59.501Z</time>
      </trkpt>
      <trkpt lat="38.703078" lon="-2.482906">
        <ele>932.712</ele>
        <time>2025-12-26T10:52:59.501Z</time>
      </trkpt>
      <trkpt lat="38.703289" lon="-2.483808">
        <ele>934.951</ele>
        <time>2025-12-26T10:52:59.501Z</time>
      </trkpt>
      <trkpt lat="38.703338" lon="-2.484156">
        <ele>934.889</ele>
        <time>2025-12-26T10:52:59.501Z</time>
      </trkpt>
      <trkpt lat="38.703353" lon="-2.484696">
        <ele>935.675</ele>
        <time>2025-12-26T10:52:59.501Z</time>
      </trkpt>
      <trkpt lat="38.703314" lon="-2.485208">
        <ele>936.839</ele>
        <time>2025-12-26T10:52:59.501Z</time>
      </trkpt>
      <trkpt lat="38.703262" lon="-2.485614">
        <ele>935.255</ele>
        <time>2025-12-26T10:52:59.501Z</time>
      </trkpt>
      <trkpt lat="38.702611" lon="-2.491162">
        <ele>945</ele>
        <time>2025-12-26T10:52:59.501Z</time>
      </trkpt>
      <trkpt lat="38.702491" lon="-2.491752">
        <ele>945</ele>
        <time>2025-12-26T10:52:59.501Z</time>
      </trkpt>
      <trkpt lat="38.702421" lon="-2.492002">
        <ele>945.435</ele>
        <time>2025-12-26T10:52:59.501Z</time>
      </trkpt>
      <trkpt lat="38.702285" lon="-2.492420">
        <ele>946</ele>
        <time>2025-12-26T10:52:59.501Z</time>
      </trkpt>
      <trkpt lat="38.701944" lon="-2.493218">
        <ele>946.083</ele>
        <time>2025-12-26T10:52:59.501Z</time>
      </trkpt>
      <trkpt lat="38.701379" lon="-2.494508">
        <ele>948.316</ele>
        <time>2025-12-26T10:52:59.501Z</time>
      </trkpt>
      <trkpt lat="38.700996" lon="-2.495372">
        <ele>947.074</ele>
        <time>2025-12-26T10:52:59.501Z</time>
      </trkpt>
      <trkpt lat="38.700825" lon="-2.496080">
        <ele>949.148</ele>
        <time>2025-12-26T10:52:59.501Z</time>
      </trkpt>
      <trkpt lat="38.700794" lon="-2.496258">
        <ele>950.348</ele>
        <time>2025-12-26T10:52:59.501Z</time>
      </trkpt>
      <trkpt lat="38.700728" lon="-2.496966">
        <ele>933.477</ele>
        <time>2025-12-26T10:52:59.501Z</time>
      </trkpt>
      <trkpt lat="38.700722" lon="-2.497514">
        <ele>929.954</ele>
        <time>2025-12-26T10:52:59.501Z</time>
      </trkpt>
      <trkpt lat="38.700765" lon="-2.497940">
        <ele>943.73</ele>
        <time>2025-12-26T10:52:59.501Z</time>
      </trkpt>
      <trkpt lat="38.700838" lon="-2.498356">
        <ele>954</ele>
        <time>2025-12-26T10:52:59.501Z</time>
      </trkpt>
      <trkpt lat="38.700926" lon="-2.498712">
        <ele>958.065</ele>
        <time>2025-12-26T10:52:59.501Z</time>
      </trkpt>
      <trkpt lat="38.700991" lon="-2.498902">
        <ele>967.915</ele>
        <time>2025-12-26T10:52:59.501Z</time>
      </trkpt>
      <trkpt lat="38.701366" lon="-2.499772">
        <ele>996.504</ele>
        <time>2025-12-26T10:52:59.501Z</time>
      </trkpt>
      <trkpt lat="38.701512" lon="-2.500054">
        <ele>1001</ele>
        <time>2025-12-26T10:52:59.501Z</time>
      </trkpt>
      <trkpt lat="38.701916" lon="-2.500622">
        <ele>1006.994</ele>
        <time>2025-12-26T10:52:59.501Z</time>
      </trkpt>
      <trkpt lat="38.702094" lon="-2.500828">
        <ele>1001.706</ele>
        <time>2025-12-26T10:52:59.501Z</time>
      </trkpt>
      <trkpt lat="38.702317" lon="-2.501024">
        <ele>993.172</ele>
        <time>2025-12-26T10:52:59.501Z</time>
      </trkpt>
      <trkpt lat="38.702908" lon="-2.501426">
        <ele>960.719</ele>
        <time>2025-12-26T10:52:59.501Z</time>
      </trkpt>
      <trkpt lat="38.703135" lon="-2.501530">
        <ele>960.214</ele>
        <time>2025-12-26T10:52:59.501Z</time>
      </trkpt>
      <trkpt lat="38.703562" lon="-2.501684">
        <ele>960.972</ele>
        <time>2025-12-26T10:52:59.501Z</time>
      </trkpt>
      <trkpt lat="38.704068" lon="-2.501776">
        <ele>962.087</ele>
        <time>2025-12-26T10:52:59.501Z</time>
      </trkpt>
      <trkpt lat="38.704274" lon="-2.501788">
        <ele>962.894</ele>
        <time>2025-12-26T10:52:59.501Z</time>
      </trkpt>
      <trkpt lat="38.704726" lon="-2.501762">
        <ele>984.351</ele>
        <time>2025-12-26T10:52:59.501Z</time>
      </trkpt>
      <trkpt lat="38.705077" lon="-2.501714">
        <ele>984.356</ele>
        <time>2025-12-26T10:52:59.501Z</time>
      </trkpt>
      <trkpt lat="38.705171" lon="-2.501682">
        <ele>982.141</ele>
        <time>2025-12-26T10:52:59.501Z</time>
      </trkpt>
      <trkpt lat="38.705507" lon="-2.501524">
        <ele>968.841</ele>
        <time>2025-12-26T10:52:59.501Z</time>
      </trkpt>
      <trkpt lat="38.705941" lon="-2.501292">
        <ele>965.538</ele>
        <time>2025-12-26T10:52:59.501Z</time>
      </trkpt>
      <trkpt lat="38.709149" lon="-2.498928">
        <ele>973.655</ele>
        <time>2025-12-26T10:52:59.501Z</time>
      </trkpt>
      <trkpt lat="38.709498" lon="-2.498626">
        <ele>972.778</ele>
        <time>2025-12-26T10:52:59.501Z</time>
      </trkpt>
      <trkpt lat="38.709693" lon="-2.498406">
        <ele>974.294</ele>
        <time>2025-12-26T10:52:59.501Z</time>
      </trkpt>
      <trkpt lat="38.709934" lon="-2.498088">
        <ele>973.382</ele>
        <time>2025-12-26T10:52:59.501Z</time>
      </trkpt>
      <trkpt lat="38.710051" lon="-2.497902">
        <ele>973.422</ele>
        <time>2025-12-26T10:52:59.501Z</time>
      </trkpt>
      <trkpt lat="38.710993" lon="-2.496206">
        <ele>975.51</ele>
        <time>2025-12-26T10:52:59.501Z</time>
      </trkpt>
      <trkpt lat="38.711518" lon="-2.495306">
        <ele>976.738</ele>
        <time>2025-12-26T10:52:59.501Z</time>
      </trkpt>
      <trkpt lat="38.711715" lon="-2.494970">
        <ele>976.69</ele>
        <time>2025-12-26T10:52:59.501Z</time>
      </trkpt>
      <trkpt lat="38.711867" lon="-2.494784">
        <ele>975.844</ele>
        <time>2025-12-26T10:52:59.501Z</time>
      </trkpt>
      <trkpt lat="38.712303" lon="-2.494316">
        <ele>979</ele>
        <time>2025-12-26T10:52:59.501Z</time>
      </trkpt>
      <trkpt lat="38.712605" lon="-2.494070">
        <ele>984.592</ele>
        <time>2025-12-26T10:52:59.501Z</time>
      </trkpt>
      <trkpt lat="38.715518" lon="-2.492286">
        <ele>1004.252</ele>
        <time>2025-12-26T10:52:59.501Z</time>
      </trkpt>
      <trkpt lat="38.716385" lon="-2.491710">
        <ele>989.023</ele>
        <time>2025-12-26T10:52:59.501Z</time>
      </trkpt>
      <trkpt lat="38.717006" lon="-2.491302">
        <ele>987.756</ele>
        <time>2025-12-26T10:52:59.501Z</time>
      </trkpt>
      <trkpt lat="38.717295" lon="-2.491060">
        <ele>988</ele>
        <time>2025-12-26T10:52:59.501Z</time>
      </trkpt>
      <trkpt lat="38.717518" lon="-2.490866">
        <ele>988.231</ele>
        <time>2025-12-26T10:52:59.501Z</time>
      </trkpt>
      <trkpt lat="38.717939" lon="-2.490418">
        <ele>989</ele>
        <time>2025-12-26T10:52:59.501Z</time>
      </trkpt>
      <trkpt lat="38.718475" lon="-2.489680">
        <ele>991.981</ele>
        <time>2025-12-26T10:52:59.501Z</time>
      </trkpt>
      <trkpt lat="38.718844" lon="-2.489048">
        <ele>992.892</ele>
        <time>2025-12-26T10:52:59.501Z</time>
      </trkpt>
      <trkpt lat="38.719188" lon="-2.488256">
        <ele>997.493</ele>
        <time>2025-12-26T10:52:59.501Z</time>
      </trkpt>
      <trkpt lat="38.722012" lon="-2.480654">
        <ele>1006.409</ele>
        <time>2025-12-26T10:52:59.501Z</time>
      </trkpt>
      <trkpt lat="38.722107" lon="-2.480464">
        <ele>1004.379</ele>
        <time>2025-12-26T10:52:59.501Z</time>
      </trkpt>
      <trkpt lat="38.722477" lon="-2.479924">
        <ele>1005</ele>
        <time>2025-12-26T10:52:59.501Z</time>
      </trkpt>
      <trkpt lat="38.722768" lon="-2.479596">
        <ele>1005.836</ele>
        <time>2025-12-26T10:52:59.501Z</time>
      </trkpt>
      <trkpt lat="38.722952" lon="-2.479434">
        <ele>1006</ele>
        <time>2025-12-26T10:52:59.501Z</time>
      </trkpt>
      <trkpt lat="38.723198" lon="-2.479266">
        <ele>1006</ele>
        <time>2025-12-26T10:52:59.501Z</time>
      </trkpt>
      <trkpt lat="38.723636" lon="-2.478992">
        <ele>1006.806</ele>
        <time>2025-12-26T10:52:59.501Z</time>
      </trkpt>
      <trkpt lat="38.725446" lon="-2.478082">
        <ele>1010.474</ele>
        <time>2025-12-26T10:52:59.501Z</time>
      </trkpt>
      <trkpt lat="38.726543" lon="-2.477536">
        <ele>1013.005</ele>
        <time>2025-12-26T10:52:59.501Z</time>
      </trkpt>
      <trkpt lat="38.726925" lon="-2.477300">
        <ele>1014.964</ele>
        <time>2025-12-26T10:52:59.501Z</time>
      </trkpt>
      <trkpt lat="38.727001" lon="-2.477242">
        <ele>1015.334</ele>
        <time>2025-12-26T10:52:59.501Z</time>
      </trkpt>
      <trkpt lat="38.727468" lon="-2.476866">
        <ele>1024.016</ele>
        <time>2025-12-26T10:52:59.501Z</time>
      </trkpt>
      <trkpt lat="38.727601" lon="-2.476682">
        <ele>1018.351</ele>
        <time>2025-12-26T10:52:59.501Z</time>
      </trkpt>
      <trkpt lat="38.727944" lon="-2.476238">
        <ele>1016.587</ele>
        <time>2025-12-26T10:52:59.501Z</time>
      </trkpt>
      <trkpt lat="38.728085" lon="-2.475990">
        <ele>1015.922</ele>
        <time>2025-12-26T10:52:59.501Z</time>
      </trkpt>
      <trkpt lat="38.728438" lon="-2.475236">
        <ele>1015.95</ele>
        <time>2025-12-26T10:52:59.501Z</time>
      </trkpt>
      <trkpt lat="38.730642" lon="-2.470024">
        <ele>1025</ele>
        <time>2025-12-26T10:52:59.501Z</time>
      </trkpt>
      <trkpt lat="38.731002" lon="-2.469244">
        <ele>1029.023</ele>
        <time>2025-12-26T10:52:59.501Z</time>
      </trkpt>
      <trkpt lat="38.731317" lon="-2.468734">
        <ele>1030.298</ele>
        <time>2025-12-26T10:52:59.501Z</time>
      </trkpt>
      <trkpt lat="38.731534" lon="-2.468448">
        <ele>1029.043</ele>
        <time>2025-12-26T10:52:59.501Z</time>
      </trkpt>
      <trkpt lat="38.731801" lon="-2.468152">
        <ele>1031.198</ele>
        <time>2025-12-26T10:52:59.501Z</time>
      </trkpt>
      <trkpt lat="38.732128" lon="-2.467876">
        <ele>1032.419</ele>
        <time>2025-12-26T10:52:59.501Z</time>
      </trkpt>
      <trkpt lat="38.732357" lon="-2.467144">
        <ele>1036.062</ele>
        <time>2025-12-26T10:52:59.501Z</time>
      </trkpt>
      <trkpt lat="38.732401" lon="-2.467022">
        <ele>1036.218</ele>
        <time>2025-12-26T10:52:59.501Z</time>
      </trkpt>
      <trkpt lat="38.732521" lon="-2.466872">
        <ele>1036.846</ele>
        <time>2025-12-26T10:52:59.501Z</time>
      </trkpt>
      <trkpt lat="38.732849" lon="-2.466608">
        <ele>1037</ele>
        <time>2025-12-26T10:52:59.501Z</time>
      </trkpt>
      <trkpt lat="38.732949" lon="-2.466598">
        <ele>1037</ele>
        <time>2025-12-26T10:52:59.501Z</time>
      </trkpt>
      <trkpt lat="38.733274" lon="-2.466608">
        <ele>1038.446</ele>
        <time>2025-12-26T10:52:59.501Z</time>
      </trkpt>
      <trkpt lat="38.733411" lon="-2.466642">
        <ele>1038.843</ele>
        <time>2025-12-26T10:52:59.501Z</time>
      </trkpt>
      <trkpt lat="38.733692" lon="-2.466814">
        <ele>1039.258</ele>
        <time>2025-12-26T10:52:59.501Z</time>
      </trkpt>
      <trkpt lat="38.734022" lon="-2.466954">
        <ele>1040.524</ele>
        <time>2025-12-26T10:52:59.501Z</time>
      </trkpt>
      <trkpt lat="38.734483" lon="-2.467056">
        <ele>1044.739</ele>
        <time>2025-12-26T10:52:59.501Z</time>
      </trkpt>
      <trkpt lat="38.734642" lon="-2.467084">
        <ele>1045.488</ele>
        <time>2025-12-26T10:52:59.501Z</time>
      </trkpt>
      <trkpt lat="38.734863" lon="-2.467086">
        <ele>1047.318</ele>
        <time>2025-12-26T10:52:59.501Z</time>
      </trkpt>
      <trkpt lat="38.734977" lon="-2.467074">
        <ele>1048</ele>
        <time>2025-12-26T10:52:59.501Z</time>
      </trkpt>
      <trkpt lat="38.735316" lon="-2.466942">
        <ele>1049</ele>
        <time>2025-12-26T10:52:59.501Z</time>
      </trkpt>
      <trkpt lat="38.735423" lon="-2.466896">
        <ele>1049</ele>
        <time>2025-12-26T10:52:59.501Z</time>
      </trkpt>
      <trkpt lat="38.735964" lon="-2.466548">
        <ele>1049</ele>
        <time>2025-12-26T10:52:59.501Z</time>
      </trkpt>
      <trkpt lat="38.736261" lon="-2.466452">
        <ele>1049</ele>
        <time>2025-12-26T10:52:59.501Z</time>
      </trkpt>
      <trkpt lat="38.737399" lon="-2.467058">
        <ele>1046.457</ele>
        <time>2025-12-26T10:52:59.501Z</time>
      </trkpt>
      <trkpt lat="38.737648" lon="-2.467206">
        <ele>1046</ele>
        <time>2025-12-26T10:52:59.501Z</time>
      </trkpt>
      <trkpt lat="38.737708" lon="-2.467266">
        <ele>1046</ele>
        <time>2025-12-26T10:52:59.501Z</time>
      </trkpt>
      <trkpt lat="38.737794" lon="-2.467418">
        <ele>1045.413</ele>
        <time>2025-12-26T10:52:59.501Z</time>
      </trkpt>
      <trkpt lat="38.737822" lon="-2.467544">
        <ele>1045</ele>
        <time>2025-12-26T10:52:59.501Z</time>
      </trkpt>
      <trkpt lat="38.737823" lon="-2.467626">
        <ele>1045</ele>
        <time>2025-12-26T10:52:59.501Z</time>
      </trkpt>
      <trkpt lat="38.737797" lon="-2.467954">
        <ele>1045</ele>
        <time>2025-12-26T10:52:59.501Z</time>
      </trkpt>
      <trkpt lat="38.737847" lon="-2.468044">
        <ele>1045</ele>
        <time>2025-12-26T10:52:59.501Z</time>
      </trkpt>
      <trkpt lat="38.737951" lon="-2.468092">
        <ele>1044.998</ele>
        <time>2025-12-26T10:52:59.501Z</time>
      </trkpt>
      <trkpt lat="38.742338" lon="-2.468916">
        <ele>1040.341</ele>
        <time>2025-12-26T10:52:59.501Z</time>
      </trkpt>
      <trkpt lat="38.743013" lon="-2.469006">
        <ele>1042</ele>
        <time>2025-12-26T10:52:59.501Z</time>
      </trkpt>
      <trkpt lat="38.743433" lon="-2.469176">
        <ele>1042</ele>
        <time>2025-12-26T10:52:59.501Z</time>
      </trkpt>
      <trkpt lat="38.744044" lon="-2.469478">
        <ele>1042</ele>
        <time>2025-12-26T10:52:59.501Z</time>
      </trkpt>
      <trkpt lat="38.744397" lon="-2.469374">
        <ele>1042.059</ele>
        <time>2025-12-26T10:52:59.501Z</time>
      </trkpt>
      <trkpt lat="38.744514" lon="-2.469398">
        <ele>1042</ele>
        <time>2025-12-26T10:52:59.501Z</time>
      </trkpt>
      <trkpt lat="38.744678" lon="-2.469486">
        <ele>1042</ele>
        <time>2025-12-26T10:52:59.501Z</time>
      </trkpt>
      <trkpt lat="38.745029" lon="-2.469818">
        <ele>1042</ele>
        <time>2025-12-26T10:52:59.501Z</time>
      </trkpt>
      <trkpt lat="38.745381" lon="-2.470182">
        <ele>1042</ele>
        <time>2025-12-26T10:52:59.501Z</time>
      </trkpt>
      <trkpt lat="38.745811" lon="-2.470602">
        <ele>1040.203</ele>
        <time>2025-12-26T10:52:59.501Z</time>
      </trkpt>
      <trkpt lat="38.746939" lon="-2.471618">
        <ele>1039.002</ele>
        <time>2025-12-26T10:52:59.501Z</time>
      </trkpt>
      <trkpt lat="38.747271" lon="-2.471862">
        <ele>1039.024</ele>
        <time>2025-12-26T10:52:59.501Z</time>
      </trkpt>
      <trkpt lat="38.747584" lon="-2.472038">
        <ele>1038.356</ele>
        <time>2025-12-26T10:52:59.501Z</time>
      </trkpt>
      <trkpt lat="38.748006" lon="-2.472222">
        <ele>1038.042</ele>
        <time>2025-12-26T10:52:59.501Z</time>
      </trkpt>
      <trkpt lat="38.748306" lon="-2.472302">
        <ele>1037.146</ele>
        <time>2025-12-26T10:52:59.501Z</time>
      </trkpt>
      <trkpt lat="38.748756" lon="-2.472362">
        <ele>1037</ele>
        <time>2025-12-26T10:52:59.501Z</time>
      </trkpt>
      <trkpt lat="38.749239" lon="-2.472368">
        <ele>1036</ele>
        <time>2025-12-26T10:52:59.501Z</time>
      </trkpt>
      <trkpt lat="38.749618" lon="-2.472296">
        <ele>1035</ele>
        <time>2025-12-26T10:52:59.501Z</time>
      </trkpt>
      <trkpt lat="38.749783" lon="-2.472236">
        <ele>1034.032</ele>
        <time>2025-12-26T10:52:59.501Z</time>
      </trkpt>
      <trkpt lat="38.750174" lon="-2.472088">
        <ele>1034</ele>
        <time>2025-12-26T10:52:59.501Z</time>
      </trkpt>
      <trkpt lat="38.754592" lon="-2.469594">
        <ele>1026.036</ele>
        <time>2025-12-26T10:52:59.501Z</time>
      </trkpt>
      <trkpt lat="38.755444" lon="-2.469098">
        <ele>1021.594</ele>
        <time>2025-12-26T10:52:59.501Z</time>
      </trkpt>
      <trkpt lat="38.757844" lon="-2.467758">
        <ele>1021.911</ele>
        <time>2025-12-26T10:52:59.501Z</time>
      </trkpt>
      <trkpt lat="38.758196" lon="-2.467532">
        <ele>1021.072</ele>
        <time>2025-12-26T10:52:59.501Z</time>
      </trkpt>
      <trkpt lat="38.758687" lon="-2.467154">
        <ele>1019.456</ele>
        <time>2025-12-26T10:52:59.501Z</time>
      </trkpt>
      <trkpt lat="38.759154" lon="-2.466758">
        <ele>1018</ele>
        <time>2025-12-26T10:52:59.501Z</time>
      </trkpt>
      <trkpt lat="38.759552" lon="-2.466334">
        <ele>1015</ele>
        <time>2025-12-26T10:52:59.501Z</time>
      </trkpt>
      <trkpt lat="38.759862" lon="-2.465964">
        <ele>1014</ele>
        <time>2025-12-26T10:52:59.501Z</time>
      </trkpt>
      <trkpt lat="38.761011" lon="-2.464452">
        <ele>1011.376</ele>
        <time>2025-12-26T10:52:59.501Z</time>
      </trkpt>
      <trkpt lat="38.761484" lon="-2.463848">
        <ele>1011</ele>
        <time>2025-12-26T10:52:59.501Z</time>
      </trkpt>
      <trkpt lat="38.762351" lon="-2.462672">
        <ele>1009.208</ele>
        <time>2025-12-26T10:52:59.501Z</time>
      </trkpt>
      <trkpt lat="38.763345" lon="-2.461400">
        <ele>1005.982</ele>
        <time>2025-12-26T10:52:59.501Z</time>
      </trkpt>
      <trkpt lat="38.764193" lon="-2.460286">
        <ele>1006.92</ele>
        <time>2025-12-26T10:52:59.501Z</time>
      </trkpt>
      <trkpt lat="38.764521" lon="-2.459812">
        <ele>1006.4</ele>
        <time>2025-12-26T10:52:59.501Z</time>
      </trkpt>
      <trkpt lat="38.764827" lon="-2.459314">
        <ele>1005.146</ele>
        <time>2025-12-26T10:52:59.501Z</time>
      </trkpt>
      <trkpt lat="38.765015" lon="-2.458970">
        <ele>1004.326</ele>
        <time>2025-12-26T10:52:59.501Z</time>
      </trkpt>
      <trkpt lat="38.765775" lon="-2.457260">
        <ele>1002.649</ele>
        <time>2025-12-26T10:52:59.501Z</time>
      </trkpt>
      <trkpt lat="38.767704" lon="-2.452738">
        <ele>998.08</ele>
        <time>2025-12-26T10:52:59.501Z</time>
      </trkpt>
      <trkpt lat="38.768941" lon="-2.449892">
        <ele>997</ele>
        <time>2025-12-26T10:52:59.501Z</time>
      </trkpt>
      <trkpt lat="38.769551" lon="-2.448712">
        <ele>996.627</ele>
        <time>2025-12-26T10:52:59.501Z</time>
      </trkpt>
      <trkpt lat="38.770632" lon="-2.446834">
        <ele>996.651</ele>
        <time>2025-12-26T10:52:59.501Z</time>
      </trkpt>
      <trkpt lat="38.772499" lon="-2.443438">
        <ele>996.336</ele>
        <time>2025-12-26T10:52:59.501Z</time>
      </trkpt>
      <trkpt lat="38.774067" lon="-2.440654">
        <ele>992.001</ele>
        <time>2025-12-26T10:52:59.501Z</time>
      </trkpt>
      <trkpt lat="38.774283" lon="-2.440246">
        <ele>991.874</ele>
        <time>2025-12-26T10:52:59.501Z</time>
      </trkpt>
      <trkpt lat="38.774577" lon="-2.439594">
        <ele>991.133</ele>
        <time>2025-12-26T10:52:59.501Z</time>
      </trkpt>
      <trkpt lat="38.774701" lon="-2.439212">
        <ele>990</ele>
        <time>2025-12-26T10:52:59.501Z</time>
      </trkpt>
      <trkpt lat="38.774784" lon="-2.438928">
        <ele>989.829</ele>
        <time>2025-12-26T10:52:59.501Z</time>
      </trkpt>
      <trkpt lat="38.774883" lon="-2.438456">
        <ele>989.996</ele>
        <time>2025-12-26T10:52:59.501Z</time>
      </trkpt>
      <trkpt lat="38.774959" lon="-2.438028">
        <ele>988.734</ele>
        <time>2025-12-26T10:52:59.501Z</time>
      </trkpt>
      <trkpt lat="38.775007" lon="-2.437254">
        <ele>987.549</ele>
        <time>2025-12-26T10:52:59.501Z</time>
      </trkpt>
      <trkpt lat="38.774994" lon="-2.436628">
        <ele>986</ele>
        <time>2025-12-26T10:52:59.501Z</time>
      </trkpt>
      <trkpt lat="38.774948" lon="-2.436136">
        <ele>985</ele>
        <time>2025-12-26T10:52:59.501Z</time>
      </trkpt>
      <trkpt lat="38.774864" lon="-2.435678">
        <ele>985</ele>
        <time>2025-12-26T10:52:59.501Z</time>
      </trkpt>
      <trkpt lat="38.774726" lon="-2.435102">
        <ele>984.613</ele>
        <time>2025-12-26T10:52:59.501Z</time>
      </trkpt>
      <trkpt lat="38.774533" lon="-2.434546">
        <ele>984.043</ele>
        <time>2025-12-26T10:52:59.501Z</time>
      </trkpt>
      <trkpt lat="38.774167" lon="-2.433764">
        <ele>983.047</ele>
        <time>2025-12-26T10:52:59.501Z</time>
      </trkpt>
      <trkpt lat="38.772091" lon="-2.430462">
        <ele>977.745</ele>
        <time>2025-12-26T10:52:59.501Z</time>
      </trkpt>
      <trkpt lat="38.771814" lon="-2.429968">
        <ele>976.805</ele>
        <time>2025-12-26T10:52:59.501Z</time>
      </trkpt>
      <trkpt lat="38.771659" lon="-2.429628">
        <ele>976.306</ele>
        <time>2025-12-26T10:52:59.501Z</time>
      </trkpt>
      <trkpt lat="38.771497" lon="-2.429214">
        <ele>975.672</ele>
        <time>2025-12-26T10:52:59.501Z</time>
      </trkpt>
      <trkpt lat="38.771298" lon="-2.428556">
        <ele>975.367</ele>
        <time>2025-12-26T10:52:59.501Z</time>
      </trkpt>
      <trkpt lat="38.771175" lon="-2.427940">
        <ele>975.01</ele>
        <time>2025-12-26T10:52:59.501Z</time>
      </trkpt>
      <trkpt lat="38.771138" lon="-2.427516">
        <ele>973.543</ele>
        <time>2025-12-26T10:52:59.501Z</time>
      </trkpt>
      <trkpt lat="38.771104" lon="-2.426948">
        <ele>974.848</ele>
        <time>2025-12-26T10:52:59.501Z</time>
      </trkpt>
      <trkpt lat="38.771047" lon="-2.422475">
        <ele>967</ele>
        <time>2025-12-26T10:52:59.501Z</time>
      </trkpt>
      <trkpt lat="38.771002" lon="-2.418894">
        <ele>964.083</ele>
        <time>2025-12-26T10:52:59.501Z</time>
      </trkpt>
      <trkpt lat="38.770968" lon="-2.415986">
        <ele>959.653</ele>
        <time>2025-12-26T10:52:59.501Z</time>
      </trkpt>
      <trkpt lat="38.770996" lon="-2.415302">
        <ele>958.428</ele>
        <time>2025-12-26T10:52:59.501Z</time>
      </trkpt>
      <trkpt lat="38.771069" lon="-2.414418">
        <ele>957.012</ele>
        <time>2025-12-26T10:52:59.501Z</time>
      </trkpt>
      <trkpt lat="38.772516" lon="-2.403032">
        <ele>943.774</ele>
        <time>2025-12-26T10:52:59.501Z</time>
      </trkpt>
      <trkpt lat="38.772593" lon="-2.402506">
        <ele>944</ele>
        <time>2025-12-26T10:52:59.501Z</time>
      </trkpt>
      <trkpt lat="38.772734" lon="-2.401828">
        <ele>942.945</ele>
        <time>2025-12-26T10:52:59.501Z</time>
      </trkpt>
      <trkpt lat="38.772914" lon="-2.401188">
        <ele>942.566</ele>
        <time>2025-12-26T10:52:59.501Z</time>
      </trkpt>
      <trkpt lat="38.773989" lon="-2.397878">
        <ele>941.347</ele>
        <time>2025-12-26T10:52:59.501Z</time>
      </trkpt>
      <trkpt lat="38.774111" lon="-2.397392">
        <ele>940.792</ele>
        <time>2025-12-26T10:52:59.501Z</time>
      </trkpt>
      <trkpt lat="38.774215" lon="-2.396820">
        <ele>939.504</ele>
        <time>2025-12-26T10:52:59.501Z</time>
      </trkpt>
      <trkpt lat="38.774257" lon="-2.396344">
        <ele>938.06</ele>
        <time>2025-12-26T10:52:59.501Z</time>
      </trkpt>
      <trkpt lat="38.774324" lon="-2.394598">
        <ele>936.849</ele>
        <time>2025-12-26T10:52:59.501Z</time>
      </trkpt>
      <trkpt lat="38.774354" lon="-2.394158">
        <ele>936.465</ele>
        <time>2025-12-26T10:52:59.501Z</time>
      </trkpt>
      <trkpt lat="38.774434" lon="-2.393588">
        <ele>935.114</ele>
        <time>2025-12-26T10:52:59.501Z</time>
      </trkpt>
      <trkpt lat="38.774499" lon="-2.393298">
        <ele>934.163</ele>
        <time>2025-12-26T10:52:59.501Z</time>
      </trkpt>
      <trkpt lat="38.774671" lon="-2.392722">
        <ele>933.2</ele>
        <time>2025-12-26T10:52:59.501Z</time>
      </trkpt>
      <trkpt lat="38.774821" lon="-2.392372">
        <ele>932.489</ele>
        <time>2025-12-26T10:52:59.501Z</time>
      </trkpt>
      <trkpt lat="38.775118" lon="-2.391806">
        <ele>933</ele>
        <time>2025-12-26T10:52:59.501Z</time>
      </trkpt>
      <trkpt lat="38.775529" lon="-2.391258">
        <ele>931.309</ele>
        <time>2025-12-26T10:52:59.501Z</time>
      </trkpt>
      <trkpt lat="38.775736" lon="-2.391032">
        <ele>929.974</ele>
        <time>2025-12-26T10:52:59.501Z</time>
      </trkpt>
      <trkpt lat="38.776087" lon="-2.390734">
        <ele>931</ele>
        <time>2025-12-26T10:52:59.501Z</time>
      </trkpt>
      <trkpt lat="38.776608" lon="-2.390416">
        <ele>929.897</ele>
        <time>2025-12-26T10:52:59.501Z</time>
      </trkpt>
      <trkpt lat="38.778713" lon="-2.389316">
        <ele>931.882</ele>
        <time>2025-12-26T10:52:59.501Z</time>
      </trkpt>
      <trkpt lat="38.779429" lon="-2.388928">
        <ele>928.367</ele>
        <time>2025-12-26T10:52:59.501Z</time>
      </trkpt>
      <trkpt lat="38.779582" lon="-2.388834">
        <ele>927.293</ele>
        <time>2025-12-26T10:52:59.501Z</time>
      </trkpt>
      <trkpt lat="38.779789" lon="-2.388708">
        <ele>926.091</ele>
        <time>2025-12-26T10:52:59.501Z</time>
      </trkpt>
      <trkpt lat="38.780076" lon="-2.388482">
        <ele>925.942</ele>
        <time>2025-12-26T10:52:59.501Z</time>
      </trkpt>
      <trkpt lat="38.780495" lon="-2.388100">
        <ele>925</ele>
        <time>2025-12-26T10:52:59.501Z</time>
      </trkpt>
      <trkpt lat="38.781061" lon="-2.387422">
        <ele>925.183</ele>
        <time>2025-12-26T10:52:59.501Z</time>
      </trkpt>
      <trkpt lat="38.781276" lon="-2.387112">
        <ele>927.737</ele>
        <time>2025-12-26T10:52:59.501Z</time>
      </trkpt>
      <trkpt lat="38.781557" lon="-2.386554">
        <ele>942.914</ele>
        <time>2025-12-26T10:52:59.501Z</time>
      </trkpt>
      <trkpt lat="38.781831" lon="-2.385832">
        <ele>937.356</ele>
        <time>2025-12-26T10:52:59.501Z</time>
      </trkpt>
      <trkpt lat="38.783002" lon="-2.382684">
        <ele>948</ele>
        <time>2025-12-26T10:52:59.501Z</time>
      </trkpt>
      <trkpt lat="38.784219" lon="-2.379748">
        <ele>919.247</ele>
        <time>2025-12-26T10:52:59.501Z</time>
      </trkpt>
      <trkpt lat="38.784433" lon="-2.379256">
        <ele>916.636</ele>
        <time>2025-12-26T10:52:59.501Z</time>
      </trkpt>
      <trkpt lat="38.784759" lon="-2.378718">
        <ele>915.004</ele>
        <time>2025-12-26T10:52:59.501Z</time>
      </trkpt>
      <trkpt lat="38.784945" lon="-2.378430">
        <ele>913.542</ele>
        <time>2025-12-26T10:52:59.501Z</time>
      </trkpt>
      <trkpt lat="38.785384" lon="-2.377958">
        <ele>911.499</ele>
        <time>2025-12-26T10:52:59.501Z</time>
      </trkpt>
      <trkpt lat="38.785588" lon="-2.377786">
        <ele>912</ele>
        <time>2025-12-26T10:52:59.501Z</time>
      </trkpt>
      <trkpt lat="38.785979" lon="-2.377538">
        <ele>911.685</ele>
        <time>2025-12-26T10:52:59.501Z</time>
      </trkpt>
      <trkpt lat="38.788262" lon="-2.376404">
        <ele>910.014</ele>
        <time>2025-12-26T10:52:59.501Z</time>
      </trkpt>
      <trkpt lat="38.788564" lon="-2.376218">
        <ele>910.066</ele>
        <time>2025-12-26T10:52:59.501Z</time>
      </trkpt>
      <trkpt lat="38.788818" lon="-2.376006">
        <ele>909.092</ele>
        <time>2025-12-26T10:52:59.501Z</time>
      </trkpt>
      <trkpt lat="38.789112" lon="-2.375704">
        <ele>912.225</ele>
        <time>2025-12-26T10:52:59.501Z</time>
      </trkpt>
      <trkpt lat="38.789348" lon="-2.375476">
        <ele>909.544</ele>
        <time>2025-12-26T10:52:59.501Z</time>
      </trkpt>
      <trkpt lat="38.790629" lon="-2.373768">
        <ele>906.196</ele>
        <time>2025-12-26T10:52:59.501Z</time>
      </trkpt>
      <trkpt lat="38.791119" lon="-2.373218">
        <ele>906.913</ele>
        <time>2025-12-26T10:52:59.501Z</time>
      </trkpt>
      <trkpt lat="38.791479" lon="-2.372908">
        <ele>907.167</ele>
        <time>2025-12-26T10:52:59.501Z</time>
      </trkpt>
      <trkpt lat="38.793161" lon="-2.371652">
        <ele>905.658</ele>
        <time>2025-12-26T10:52:59.501Z</time>
      </trkpt>
      <trkpt lat="38.793378" lon="-2.371466">
        <ele>906.721</ele>
        <time>2025-12-26T10:52:59.501Z</time>
      </trkpt>
      <trkpt lat="38.793632" lon="-2.371154">
        <ele>908.503</ele>
        <time>2025-12-26T10:52:59.501Z</time>
      </trkpt>
      <trkpt lat="38.793757" lon="-2.370964">
        <ele>908.008</ele>
        <time>2025-12-26T10:52:59.501Z</time>
      </trkpt>
      <trkpt lat="38.794202" lon="-2.370074">
        <ele>910.332</ele>
        <time>2025-12-26T10:52:59.501Z</time>
      </trkpt>
      <trkpt lat="38.794349" lon="-2.369668">
        <ele>907.936</ele>
        <time>2025-12-26T10:52:59.501Z</time>
      </trkpt>
      <trkpt lat="38.794467" lon="-2.369194">
        <ele>905.017</ele>
        <time>2025-12-26T10:52:59.501Z</time>
      </trkpt>
      <trkpt lat="38.795097" lon="-2.365744">
        <ele>904.5</ele>
        <time>2025-12-26T10:52:59.501Z</time>
      </trkpt>
      <trkpt lat="38.795894" lon="-2.361218">
        <ele>903</ele>
        <time>2025-12-26T10:52:59.501Z</time>
      </trkpt>
      <trkpt lat="38.796049" lon="-2.360488">
        <ele>905.259</ele>
        <time>2025-12-26T10:52:59.501Z</time>
      </trkpt>
      <trkpt lat="38.796189" lon="-2.359988">
        <ele>904.614</ele>
        <time>2025-12-26T10:52:59.501Z</time>
      </trkpt>
      <trkpt lat="38.796977" lon="-2.357644">
        <ele>902.525</ele>
        <time>2025-12-26T10:52:59.501Z</time>
      </trkpt>
      <trkpt lat="38.799074" lon="-2.351408">
        <ele>902</ele>
        <time>2025-12-26T10:52:59.501Z</time>
      </trkpt>
      <trkpt lat="38.799122" lon="-2.351164">
        <ele>901.94</ele>
        <time>2025-12-26T10:52:59.501Z</time>
      </trkpt>
      <trkpt lat="38.799192" lon="-2.350524">
        <ele>901</ele>
        <time>2025-12-26T10:52:59.501Z</time>
      </trkpt>
      <trkpt lat="38.799217" lon="-2.350084">
        <ele>901.396</ele>
        <time>2025-12-26T10:52:59.501Z</time>
      </trkpt>
      <trkpt lat="38.799207" lon="-2.349644">
        <ele>901</ele>
        <time>2025-12-26T10:52:59.501Z</time>
      </trkpt>
      <trkpt lat="38.799166" lon="-2.349332">
        <ele>901</ele>
        <time>2025-12-26T10:52:59.501Z</time>
      </trkpt>
      <trkpt lat="38.799058" lon="-2.347676">
        <ele>901</ele>
        <time>2025-12-26T10:52:59.501Z</time>
      </trkpt>
      <trkpt lat="38.799039" lon="-2.347028">
        <ele>901.532</ele>
        <time>2025-12-26T10:52:59.501Z</time>
      </trkpt>
      <trkpt lat="38.799008" lon="-2.346906">
        <ele>901</ele>
        <time>2025-12-26T10:52:59.501Z</time>
      </trkpt>
      <trkpt lat="38.798923" lon="-2.346646">
        <ele>901</ele>
        <time>2025-12-26T10:52:59.501Z</time>
      </trkpt>
      <trkpt lat="38.798568" lon="-2.345776">
        <ele>901.492</ele>
        <time>2025-12-26T10:52:59.501Z</time>
      </trkpt>
      <trkpt lat="38.798374" lon="-2.344738">
        <ele>901</ele>
        <time>2025-12-26T10:52:59.501Z</time>
      </trkpt>
      <trkpt lat="38.798331" lon="-2.344402">
        <ele>901</ele>
        <time>2025-12-26T10:52:59.501Z</time>
      </trkpt>
      <trkpt lat="38.798255" lon="-2.343440">
        <ele>899.256</ele>
        <time>2025-12-26T10:52:59.501Z</time>
      </trkpt>
      <trkpt lat="38.798148" lon="-2.341616">
        <ele>903.204</ele>
        <time>2025-12-26T10:52:59.501Z</time>
      </trkpt>
      <trkpt lat="38.797824" lon="-2.337068">
        <ele>894.074</ele>
        <time>2025-12-26T10:52:59.501Z</time>
      </trkpt>
      <trkpt lat="38.797832" lon="-2.336114">
        <ele>896.144</ele>
        <time>2025-12-26T10:52:59.501Z</time>
      </trkpt>
      <trkpt lat="38.797886" lon="-2.335642">
        <ele>895.401</ele>
        <time>2025-12-26T10:52:59.501Z</time>
      </trkpt>
      <trkpt lat="38.797991" lon="-2.335162">
        <ele>894.525</ele>
        <time>2025-12-26T10:52:59.501Z</time>
      </trkpt>
      <trkpt lat="38.798152" lon="-2.334624">
        <ele>895.649</ele>
        <time>2025-12-26T10:52:59.501Z</time>
      </trkpt>
      <trkpt lat="38.798622" lon="-2.333274">
        <ele>896.462</ele>
        <time>2025-12-26T10:52:59.501Z</time>
      </trkpt>
      <trkpt lat="38.799591" lon="-2.330472">
        <ele>896.142</ele>
        <time>2025-12-26T10:52:59.501Z</time>
      </trkpt>
      <trkpt lat="38.799875" lon="-2.329810">
        <ele>894</ele>
        <time>2025-12-26T10:52:59.501Z</time>
      </trkpt>
      <trkpt lat="38.800221" lon="-2.329302">
        <ele>893.484</ele>
        <time>2025-12-26T10:52:59.501Z</time>
      </trkpt>
      <trkpt lat="38.800491" lon="-2.328942">
        <ele>892.609</ele>
        <time>2025-12-26T10:52:59.501Z</time>
      </trkpt>
      <trkpt lat="38.800844" lon="-2.328638">
        <ele>891.925</ele>
        <time>2025-12-26T10:52:59.501Z</time>
      </trkpt>
      <trkpt lat="38.801217" lon="-2.328384">
        <ele>892.999</ele>
        <time>2025-12-26T10:52:59.501Z</time>
      </trkpt>
      <trkpt lat="38.801642" lon="-2.328134">
        <ele>891.124</ele>
        <time>2025-12-26T10:52:59.501Z</time>
      </trkpt>
      <trkpt lat="38.802052" lon="-2.327934">
        <ele>893</ele>
        <time>2025-12-26T10:52:59.501Z</time>
      </trkpt>
      <trkpt lat="38.802211" lon="-2.327832">
        <ele>901.343</ele>
        <time>2025-12-26T10:52:59.501Z</time>
      </trkpt>
      <trkpt lat="38.803622" lon="-2.327184">
        <ele>921.254</ele>
        <time>2025-12-26T10:52:59.501Z</time>
      </trkpt>
      <trkpt lat="38.804529" lon="-2.326688">
        <ele>919.562</ele>
        <time>2025-12-26T10:52:59.501Z</time>
      </trkpt>
      <trkpt lat="38.804795" lon="-2.326480">
        <ele>901.236</ele>
        <time>2025-12-26T10:52:59.501Z</time>
      </trkpt>
      <trkpt lat="38.805207" lon="-2.326104">
        <ele>892.824</ele>
        <time>2025-12-26T10:52:59.501Z</time>
      </trkpt>
      <trkpt lat="38.806264" lon="-2.324798">
        <ele>898.207</ele>
        <time>2025-12-26T10:52:59.501Z</time>
      </trkpt>
      <trkpt lat="38.806796" lon="-2.324192">
        <ele>934.963</ele>
        <time>2025-12-26T10:52:59.501Z</time>
      </trkpt>
      <trkpt lat="38.808377" lon="-2.322134">
        <ele>955.116</ele>
        <time>2025-12-26T10:52:59.501Z</time>
      </trkpt>
      <trkpt lat="38.809191" lon="-2.320842">
        <ele>888.19</ele>
        <time>2025-12-26T10:52:59.501Z</time>
      </trkpt>
      <trkpt lat="38.809312" lon="-2.320584">
        <ele>886.923</ele>
        <time>2025-12-26T10:52:59.501Z</time>
      </trkpt>
      <trkpt lat="38.809547" lon="-2.320004">
        <ele>885.87</ele>
        <time>2025-12-26T10:52:59.501Z</time>
      </trkpt>
      <trkpt lat="38.809792" lon="-2.319214">
        <ele>885.792</ele>
        <time>2025-12-26T10:52:59.501Z</time>
      </trkpt>
      <trkpt lat="38.809924" lon="-2.318178">
        <ele>885.344</ele>
        <time>2025-12-26T10:52:59.501Z</time>
      </trkpt>
      <trkpt lat="38.809921" lon="-2.318062">
        <ele>886</ele>
        <time>2025-12-26T10:52:59.501Z</time>
      </trkpt>
      <trkpt lat="38.809917" lon="-2.317304">
        <ele>885.499</ele>
        <time>2025-12-26T10:52:59.501Z</time>
      </trkpt>
      <trkpt lat="38.809481" lon="-2.313402">
        <ele>884</ele>
        <time>2025-12-26T10:52:59.501Z</time>
      </trkpt>
      <trkpt lat="38.809148" lon="-2.310486">
        <ele>882</ele>
        <time>2025-12-26T10:52:59.501Z</time>
      </trkpt>
      <trkpt lat="38.809113" lon="-2.309856">
        <ele>882</ele>
        <time>2025-12-26T10:52:59.501Z</time>
      </trkpt>
      <trkpt lat="38.809192" lon="-2.308574">
        <ele>879.322</ele>
        <time>2025-12-26T10:52:59.501Z</time>
      </trkpt>
      <trkpt lat="38.809433" lon="-2.306156">
        <ele>889.759</ele>
        <time>2025-12-26T10:52:59.501Z</time>
      </trkpt>
      <trkpt lat="38.809449" lon="-2.305418">
        <ele>912.697</ele>
        <time>2025-12-26T10:52:59.501Z</time>
      </trkpt>
      <trkpt lat="38.809426" lon="-2.304852">
        <ele>878.336</ele>
        <time>2025-12-26T10:52:59.501Z</time>
      </trkpt>
      <trkpt lat="38.809271" lon="-2.303482">
        <ele>875.079</ele>
        <time>2025-12-26T10:52:59.501Z</time>
      </trkpt>
      <trkpt lat="38.809148" lon="-2.302586">
        <ele>874.435</ele>
        <time>2025-12-26T10:52:59.501Z</time>
      </trkpt>
      <trkpt lat="38.809133" lon="-2.302146">
        <ele>874</ele>
        <time>2025-12-26T10:52:59.501Z</time>
      </trkpt>
      <trkpt lat="38.809139" lon="-2.301558">
        <ele>873.592</ele>
        <time>2025-12-26T10:52:59.501Z</time>
      </trkpt>
      <trkpt lat="38.809181" lon="-2.301112">
        <ele>873.202</ele>
        <time>2025-12-26T10:52:59.501Z</time>
      </trkpt>
      <trkpt lat="38.809264" lon="-2.300718">
        <ele>872.353</ele>
        <time>2025-12-26T10:52:59.501Z</time>
      </trkpt>
      <trkpt lat="38.809367" lon="-2.300324">
        <ele>872.723</ele>
        <time>2025-12-26T10:52:59.501Z</time>
      </trkpt>
      <trkpt lat="38.809496" lon="-2.299902">
        <ele>872.786</ele>
        <time>2025-12-26T10:52:59.501Z</time>
      </trkpt>
      <trkpt lat="38.810455" lon="-2.297210">
        <ele>871.024</ele>
        <time>2025-12-26T10:52:59.501Z</time>
      </trkpt>
      <trkpt lat="38.810648" lon="-2.296526">
        <ele>871.518</ele>
        <time>2025-12-26T10:52:59.501Z</time>
      </trkpt>
      <trkpt lat="38.811434" lon="-2.292758">
        <ele>879.007</ele>
        <time>2025-12-26T10:52:59.501Z</time>
      </trkpt>
      <trkpt lat="38.811538" lon="-2.291576">
        <ele>900.631</ele>
        <time>2025-12-26T10:52:59.501Z</time>
      </trkpt>
      <trkpt lat="38.811611" lon="-2.289822">
        <ele>869.669</ele>
        <time>2025-12-26T10:52:59.501Z</time>
      </trkpt>
      <trkpt lat="38.811678" lon="-2.289276">
        <ele>866.038</ele>
        <time>2025-12-26T10:52:59.501Z</time>
      </trkpt>
      <trkpt lat="38.811754" lon="-2.288878">
        <ele>864.5</ele>
        <time>2025-12-26T10:52:59.501Z</time>
      </trkpt>
      <trkpt lat="38.811926" lon="-2.288242">
        <ele>863.743</ele>
        <time>2025-12-26T10:52:59.501Z</time>
      </trkpt>
      <trkpt lat="38.812087" lon="-2.287834">
        <ele>863.604</ele>
        <time>2025-12-26T10:52:59.501Z</time>
      </trkpt>
      <trkpt lat="38.812281" lon="-2.287472">
        <ele>865.149</ele>
        <time>2025-12-26T10:52:59.501Z</time>
      </trkpt>
      <trkpt lat="38.812547" lon="-2.287034">
        <ele>867.999</ele>
        <time>2025-12-26T10:52:59.501Z</time>
      </trkpt>
      <trkpt lat="38.812898" lon="-2.286556">
        <ele>897.777</ele>
        <time>2025-12-26T10:52:59.501Z</time>
      </trkpt>
      <trkpt lat="38.813608" lon="-2.285696">
        <ele>891.847</ele>
        <time>2025-12-26T10:52:59.501Z</time>
      </trkpt>
      <trkpt lat="38.814025" lon="-2.285130">
        <ele>867.245</ele>
        <time>2025-12-26T10:52:59.501Z</time>
      </trkpt>
      <trkpt lat="38.814403" lon="-2.284356">
        <ele>893.993</ele>
        <time>2025-12-26T10:52:59.501Z</time>
      </trkpt>
      <trkpt lat="38.814645" lon="-2.283830">
        <ele>889.095</ele>
        <time>2025-12-26T10:52:59.501Z</time>
      </trkpt>
      <trkpt lat="38.814982" lon="-2.282914">
        <ele>891.684</ele>
        <time>2025-12-26T10:52:59.501Z</time>
      </trkpt>
      <trkpt lat="38.815033" lon="-2.282676">
        <ele>895.822</ele>
        <time>2025-12-26T10:52:59.501Z</time>
      </trkpt>
      <trkpt lat="38.815124" lon="-2.282318">
        <ele>884.92</ele>
        <time>2025-12-26T10:52:59.501Z</time>
      </trkpt>
      <trkpt lat="38.815162" lon="-2.281904">
        <ele>863.079</ele>
        <time>2025-12-26T10:52:59.501Z</time>
      </trkpt>
      <trkpt lat="38.815154" lon="-2.281378">
        <ele>859.467</ele>
        <time>2025-12-26T10:52:59.501Z</time>
      </trkpt>
      <trkpt lat="38.814986" lon="-2.279272">
        <ele>856</ele>
        <time>2025-12-26T10:52:59.501Z</time>
      </trkpt>
      <trkpt lat="38.814971" lon="-2.278852">
        <ele>858.326</ele>
        <time>2025-12-26T10:52:59.501Z</time>
      </trkpt>
      <trkpt lat="38.814992" lon="-2.278554">
        <ele>855.702</ele>
        <time>2025-12-26T10:52:59.501Z</time>
      </trkpt>
      <trkpt lat="38.815133" lon="-2.277816">
        <ele>897.795</ele>
        <time>2025-12-26T10:52:59.501Z</time>
      </trkpt>
      <trkpt lat="38.815292" lon="-2.277324">
        <ele>906.135</ele>
        <time>2025-12-26T10:52:59.501Z</time>
      </trkpt>
      <trkpt lat="38.815665" lon="-2.276420">
        <ele>902.692</ele>
        <time>2025-12-26T10:52:59.501Z</time>
      </trkpt>
      <trkpt lat="38.815997" lon="-2.275764">
        <ele>887.556</ele>
        <time>2025-12-26T10:52:59.501Z</time>
      </trkpt>
      <trkpt lat="38.816228" lon="-2.275436">
        <ele>873.119</ele>
        <time>2025-12-26T10:52:59.501Z</time>
      </trkpt>
      <trkpt lat="38.816473" lon="-2.275196">
        <ele>861.541</ele>
        <time>2025-12-26T10:52:59.501Z</time>
      </trkpt>
      <trkpt lat="38.817206" lon="-2.274692">
        <ele>847.271</ele>
        <time>2025-12-26T10:52:59.501Z</time>
      </trkpt>
      <trkpt lat="38.820777" lon="-2.272664">
        <ele>847.56</ele>
        <time>2025-12-26T10:52:59.501Z</time>
      </trkpt>
      <trkpt lat="38.821984" lon="-2.271718">
        <ele>846</ele>
        <time>2025-12-26T10:52:59.501Z</time>
      </trkpt>
      <trkpt lat="38.824133" lon="-2.269696">
        <ele>845.297</ele>
        <time>2025-12-26T10:52:59.501Z</time>
      </trkpt>
      <trkpt lat="38.824398" lon="-2.269386">
        <ele>867.338</ele>
        <time>2025-12-26T10:52:59.501Z</time>
      </trkpt>
      <trkpt lat="38.824641" lon="-2.268972">
        <ele>880.542</ele>
        <time>2025-12-26T10:52:59.501Z</time>
      </trkpt>
      <trkpt lat="38.824884" lon="-2.268508">
        <ele>898.167</ele>
        <time>2025-12-26T10:52:59.501Z</time>
      </trkpt>
      <trkpt lat="38.825065" lon="-2.268000">
        <ele>892.984</ele>
        <time>2025-12-26T10:52:59.501Z</time>
      </trkpt>
      <trkpt lat="38.825207" lon="-2.267414">
        <ele>875.541</ele>
        <time>2025-12-26T10:52:59.501Z</time>
      </trkpt>
      <trkpt lat="38.825246" lon="-2.266902">
        <ele>861.1</ele>
        <time>2025-12-26T10:52:59.501Z</time>
      </trkpt>
      <trkpt lat="38.825243" lon="-2.266516">
        <ele>844.514</ele>
        <time>2025-12-26T10:52:59.501Z</time>
      </trkpt>
      <trkpt lat="38.825131" lon="-2.264922">
        <ele>839</ele>
        <time>2025-12-26T10:52:59.501Z</time>
      </trkpt>
      <trkpt lat="38.825074" lon="-2.264298">
        <ele>837.386</ele>
        <time>2025-12-26T10:52:59.501Z</time>
      </trkpt>
      <trkpt lat="38.824835" lon="-2.261670">
        <ele>837.366</ele>
        <time>2025-12-26T10:52:59.501Z</time>
      </trkpt>
      <trkpt lat="38.824808" lon="-2.261066">
        <ele>836.089</ele>
        <time>2025-12-26T10:52:59.501Z</time>
      </trkpt>
      <trkpt lat="38.824805" lon="-2.260400">
        <ele>837.465</ele>
        <time>2025-12-26T10:52:59.501Z</time>
      </trkpt>
      <trkpt lat="38.824893" lon="-2.259726">
        <ele>839.544</ele>
        <time>2025-12-26T10:52:59.501Z</time>
      </trkpt>
      <trkpt lat="38.825012" lon="-2.259124">
        <ele>840.1</ele>
        <time>2025-12-26T10:52:59.501Z</time>
      </trkpt>
      <trkpt lat="38.825189" lon="-2.258438">
        <ele>837</ele>
        <time>2025-12-26T10:52:59.501Z</time>
      </trkpt>
      <trkpt lat="38.826532" lon="-2.253924">
        <ele>834.326</ele>
        <time>2025-12-26T10:52:59.501Z</time>
      </trkpt>
      <trkpt lat="38.826725" lon="-2.253180">
        <ele>834.993</ele>
        <time>2025-12-26T10:52:59.501Z</time>
      </trkpt>
      <trkpt lat="38.826806" lon="-2.252652">
        <ele>835.842</ele>
        <time>2025-12-26T10:52:59.501Z</time>
      </trkpt>
      <trkpt lat="38.826859" lon="-2.252168">
        <ele>842.786</ele>
        <time>2025-12-26T10:52:59.501Z</time>
      </trkpt>
      <trkpt lat="38.826892" lon="-2.251104">
        <ele>837.477</ele>
        <time>2025-12-26T10:52:59.501Z</time>
      </trkpt>
      <trkpt lat="38.827092" lon="-2.247534">
        <ele>833.081</ele>
        <time>2025-12-26T10:52:59.501Z</time>
      </trkpt>
      <trkpt lat="38.827155" lon="-2.246970">
        <ele>833.028</ele>
        <time>2025-12-26T10:52:59.501Z</time>
      </trkpt>
      <trkpt lat="38.827292" lon="-2.246214">
        <ele>833.364</ele>
        <time>2025-12-26T10:52:59.501Z</time>
      </trkpt>
      <trkpt lat="38.827518" lon="-2.245416">
        <ele>833.325</ele>
        <time>2025-12-26T10:52:59.501Z</time>
      </trkpt>
      <trkpt lat="38.827818" lon="-2.244766">
        <ele>830</ele>
        <time>2025-12-26T10:52:59.501Z</time>
      </trkpt>
      <trkpt lat="38.828108" lon="-2.244206">
        <ele>829.232</ele>
        <time>2025-12-26T10:52:59.501Z</time>
      </trkpt>
      <trkpt lat="38.828764" lon="-2.243218">
        <ele>830.185</ele>
        <time>2025-12-26T10:52:59.501Z</time>
      </trkpt>
      <trkpt lat="38.829033" lon="-2.242906">
        <ele>831.424</ele>
        <time>2025-12-26T10:52:59.501Z</time>
      </trkpt>
      <trkpt lat="38.830012" lon="-2.242114">
        <ele>828.547</ele>
        <time>2025-12-26T10:52:59.501Z</time>
      </trkpt>
      <trkpt lat="38.834619" lon="-2.239118">
        <ele>822</ele>
        <time>2025-12-26T10:52:59.501Z</time>
      </trkpt>
      <trkpt lat="38.835201" lon="-2.238502">
        <ele>822</ele>
        <time>2025-12-26T10:52:59.501Z</time>
      </trkpt>
      <trkpt lat="38.835358" lon="-2.238296">
        <ele>821.552</ele>
        <time>2025-12-26T10:52:59.501Z</time>
      </trkpt>
      <trkpt lat="38.835804" lon="-2.237888">
        <ele>821.693</ele>
        <time>2025-12-26T10:52:59.501Z</time>
      </trkpt>
      <trkpt lat="38.836057" lon="-2.237534">
        <ele>821</ele>
        <time>2025-12-26T10:52:59.501Z</time>
      </trkpt>
      <trkpt lat="38.836539" lon="-2.236868">
        <ele>821</ele>
        <time>2025-12-26T10:52:59.501Z</time>
      </trkpt>
      <trkpt lat="38.836995" lon="-2.236180">
        <ele>821</ele>
        <time>2025-12-26T10:52:59.501Z</time>
      </trkpt>
      <trkpt lat="38.837391" lon="-2.235502">
        <ele>821.556</ele>
        <time>2025-12-26T10:52:59.501Z</time>
      </trkpt>
      <trkpt lat="38.837498" lon="-2.235176">
        <ele>822</ele>
        <time>2025-12-26T10:52:59.501Z</time>
      </trkpt>
      <trkpt lat="38.837555" lon="-2.234980">
        <ele>822.502</ele>
        <time>2025-12-26T10:52:59.501Z</time>
      </trkpt>
      <trkpt lat="38.838364" lon="-2.233758">
        <ele>822.088</ele>
        <time>2025-12-26T10:52:59.501Z</time>
      </trkpt>
      <trkpt lat="38.839153" lon="-2.232656">
        <ele>820.973</ele>
        <time>2025-12-26T10:52:59.501Z</time>
      </trkpt>
      <trkpt lat="38.840017" lon="-2.231664">
        <ele>818.568</ele>
        <time>2025-12-26T10:52:59.501Z</time>
      </trkpt>
      <trkpt lat="38.845267" lon="-2.226654">
        <ele>814.031</ele>
        <time>2025-12-26T10:52:59.501Z</time>
      </trkpt>
      <trkpt lat="38.845391" lon="-2.226782">
        <ele>814</ele>
        <time>2025-12-26T10:52:59.501Z</time>
      </trkpt>
      <trkpt lat="38.845611" lon="-2.226782">
        <ele>813.722</ele>
        <time>2025-12-26T10:52:59.501Z</time>
      </trkpt>
      <trkpt lat="38.845948" lon="-2.226686">
        <ele>814.528</ele>
        <time>2025-12-26T10:52:59.501Z</time>
      </trkpt>
      <trkpt lat="38.846431" lon="-2.226112">
        <ele>816.523</ele>
        <time>2025-12-26T10:52:59.501Z</time>
      </trkpt>
      <trkpt lat="38.846493" lon="-2.225976">
        <ele>816.999</ele>
        <time>2025-12-26T10:52:59.501Z</time>
      </trkpt>
      <trkpt lat="38.846513" lon="-2.225836">
        <ele>817.941</ele>
        <time>2025-12-26T10:52:59.501Z</time>
      </trkpt>
      <trkpt lat="38.846396" lon="-2.225532">
        <ele>818</ele>
        <time>2025-12-26T10:52:59.501Z</time>
      </trkpt>
      <trkpt lat="38.846397" lon="-2.225384">
        <ele>816.921</ele>
        <time>2025-12-26T10:52:59.501Z</time>
      </trkpt>
      <trkpt lat="38.846455" lon="-2.225160">
        <ele>815.907</ele>
        <time>2025-12-26T10:52:59.501Z</time>
      </trkpt>
      <trkpt lat="38.846505" lon="-2.225074">
        <ele>814.862</ele>
        <time>2025-12-26T10:52:59.501Z</time>
      </trkpt>
      <trkpt lat="38.846533" lon="-2.225026">
        <ele>814.994</ele>
        <time>2025-12-26T10:52:59.501Z</time>
      </trkpt>
      <trkpt lat="38.846573" lon="-2.224991">
        <ele>814.824</ele>
        <time>2025-12-26T10:52:59.501Z</time>
      </trkpt>
      <trkpt lat="38.846725" lon="-2.224860">
        <ele>815</ele>
        <time>2025-12-26T10:52:59.501Z</time>
      </trkpt>
      <trkpt lat="38.846908" lon="-2.225216">
        <ele>813.884</ele>
        <time>2025-12-26T10:52:59.501Z</time>
      </trkpt>
      <trkpt lat="38.847184" lon="-2.225048">
        <ele>812.019</ele>
        <time>2025-12-26T10:52:59.501Z</time>
      </trkpt>
      <trkpt lat="38.847832" lon="-2.224764">
        <ele>812.245</ele>
        <time>2025-12-26T10:52:59.501Z</time>
      </trkpt>
      <trkpt lat="38.851456" lon="-2.223622">
        <ele>808.802</ele>
        <time>2025-12-26T10:52:59.501Z</time>
      </trkpt>
      <trkpt lat="38.851974" lon="-2.223338">
        <ele>808.589</ele>
        <time>2025-12-26T10:52:59.501Z</time>
      </trkpt>
      <trkpt lat="38.852206" lon="-2.223132">
        <ele>808.95</ele>
        <time>2025-12-26T10:52:59.501Z</time>
      </trkpt>
      <trkpt lat="38.852514" lon="-2.222858">
        <ele>808.445</ele>
        <time>2025-12-26T10:52:59.501Z</time>
      </trkpt>
      <trkpt lat="38.852955" lon="-2.222300">
        <ele>810.751</ele>
        <time>2025-12-26T10:52:59.501Z</time>
      </trkpt>
      <trkpt lat="38.853253" lon="-2.221786">
        <ele>829.97</ele>
        <time>2025-12-26T10:52:59.501Z</time>
      </trkpt>
      <trkpt lat="38.853491" lon="-2.221202">
        <ele>815.711</ele>
        <time>2025-12-26T10:52:59.501Z</time>
      </trkpt>
      <trkpt lat="38.853605" lon="-2.220990">
        <ele>809.718</ele>
        <time>2025-12-26T10:52:59.501Z</time>
      </trkpt>
      <trkpt lat="38.853781" lon="-2.220842">
        <ele>809.716</ele>
        <time>2025-12-26T10:52:59.501Z</time>
      </trkpt>
      <trkpt lat="38.854358" lon="-2.220876">
        <ele>801.635</ele>
        <time>2025-12-26T10:52:59.501Z</time>
      </trkpt>
      <trkpt lat="38.856304" lon="-2.220918">
        <ele>803.417</ele>
        <time>2025-12-26T10:52:59.501Z</time>
      </trkpt>
      <trkpt lat="38.856361" lon="-2.220862">
        <ele>802.678</ele>
        <time>2025-12-26T10:52:59.501Z</time>
      </trkpt>
      <trkpt lat="38.856509" lon="-2.220318">
        <ele>803</ele>
        <time>2025-12-26T10:52:59.501Z</time>
      </trkpt>
      <trkpt lat="38.856652" lon="-2.219594">
        <ele>802.955</ele>
        <time>2025-12-26T10:52:59.501Z</time>
      </trkpt>
      <trkpt lat="38.856693" lon="-2.219296">
        <ele>803.923</ele>
        <time>2025-12-26T10:52:59.501Z</time>
      </trkpt>
      <trkpt lat="38.856706" lon="-2.218722">
        <ele>806.042</ele>
        <time>2025-12-26T10:52:59.501Z</time>
      </trkpt>
      <trkpt lat="38.856777" lon="-2.218414">
        <ele>807.793</ele>
        <time>2025-12-26T10:52:59.501Z</time>
      </trkpt>
      <trkpt lat="38.856823" lon="-2.218006">
        <ele>811.911</ele>
        <time>2025-12-26T10:52:59.501Z</time>
      </trkpt>
      <trkpt lat="38.856891" lon="-2.217812">
        <ele>815.181</ele>
        <time>2025-12-26T10:52:59.501Z</time>
      </trkpt>
      <trkpt lat="38.856957" lon="-2.217464">
        <ele>817</ele>
        <time>2025-12-26T10:52:59.501Z</time>
      </trkpt>
      <trkpt lat="38.857069" lon="-2.217098">
        <ele>818</ele>
        <time>2025-12-26T10:52:59.501Z</time>
      </trkpt>
      <trkpt lat="38.857302" lon="-2.216644">
        <ele>823</ele>
        <time>2025-12-26T10:52:59.501Z</time>
      </trkpt>
      <trkpt lat="38.857795" lon="-2.216220">
        <ele>818.639</ele>
        <time>2025-12-26T10:52:59.501Z</time>
      </trkpt>
      <trkpt lat="38.858567" lon="-2.215354">
        <ele>813.469</ele>
        <time>2025-12-26T10:52:59.501Z</time>
      </trkpt>
      <trkpt lat="38.858685" lon="-2.215100">
        <ele>810.258</ele>
        <time>2025-12-26T10:52:59.501Z</time>
      </trkpt>
      <trkpt lat="38.858944" lon="-2.214838">
        <ele>813.382</ele>
        <time>2025-12-26T10:52:59.501Z</time>
      </trkpt>
      <trkpt lat="38.859221" lon="-2.214162">
        <ele>809.622</ele>
        <time>2025-12-26T10:52:59.501Z</time>
      </trkpt>
      <trkpt lat="38.859976" lon="-2.212952">
        <ele>803.984</ele>
        <time>2025-12-26T10:52:59.501Z</time>
      </trkpt>
      <trkpt lat="38.860408" lon="-2.212166">
        <ele>802.007</ele>
        <time>2025-12-26T10:52:59.501Z</time>
      </trkpt>
      <trkpt lat="38.860485" lon="-2.211890">
        <ele>800.143</ele>
        <time>2025-12-26T10:52:59.501Z</time>
      </trkpt>
      <trkpt lat="38.860682" lon="-2.211104">
        <ele>800.171</ele>
        <time>2025-12-26T10:52:59.501Z</time>
      </trkpt>
      <trkpt lat="38.860729" lon="-2.210858">
        <ele>800.408</ele>
        <time>2025-12-26T10:52:59.501Z</time>
      </trkpt>
      <trkpt lat="38.860751" lon="-2.210502">
        <ele>799.837</ele>
        <time>2025-12-26T10:52:59.501Z</time>
      </trkpt>
      <trkpt lat="38.860719" lon="-2.210108">
        <ele>801.957</ele>
        <time>2025-12-26T10:52:59.501Z</time>
      </trkpt>
      <trkpt lat="38.860672" lon="-2.209904">
        <ele>799.781</ele>
        <time>2025-12-26T10:52:59.501Z</time>
      </trkpt>
      <trkpt lat="38.860573" lon="-2.209576">
        <ele>797.429</ele>
        <time>2025-12-26T10:52:59.501Z</time>
      </trkpt>
      <trkpt lat="38.860097" lon="-2.208414">
        <ele>799.094</ele>
        <time>2025-12-26T10:52:59.501Z</time>
      </trkpt>
      <trkpt lat="38.859968" lon="-2.208066">
        <ele>800.045</ele>
        <time>2025-12-26T10:52:59.501Z</time>
      </trkpt>
      <trkpt lat="38.859825" lon="-2.207180">
        <ele>801</ele>
        <time>2025-12-26T10:52:59.501Z</time>
      </trkpt>
      <trkpt lat="38.859791" lon="-2.206912">
        <ele>800.765</ele>
        <time>2025-12-26T10:52:59.501Z</time>
      </trkpt>
      <trkpt lat="38.859791" lon="-2.206762">
        <ele>800.824</ele>
        <time>2025-12-26T10:52:59.501Z</time>
      </trkpt>
      <trkpt lat="38.859847" lon="-2.206564">
        <ele>799.811</ele>
        <time>2025-12-26T10:52:59.501Z</time>
      </trkpt>
      <trkpt lat="38.859935" lon="-2.206420">
        <ele>799.046</ele>
        <time>2025-12-26T10:52:59.501Z</time>
      </trkpt>
      <trkpt lat="38.860115" lon="-2.206290">
        <ele>799.01</ele>
        <time>2025-12-26T10:52:59.501Z</time>
      </trkpt>
      <trkpt lat="38.860768" lon="-2.205676">
        <ele>794.268</ele>
        <time>2025-12-26T10:52:59.501Z</time>
      </trkpt>
      <trkpt lat="38.860933" lon="-2.205616">
        <ele>793.524</ele>
        <time>2025-12-26T10:52:59.501Z</time>
      </trkpt>
      <trkpt lat="38.861191" lon="-2.205462">
        <ele>792.991</ele>
        <time>2025-12-26T10:52:59.501Z</time>
      </trkpt>
      <trkpt lat="38.861664" lon="-2.205358">
        <ele>791.046</ele>
        <time>2025-12-26T10:52:59.501Z</time>
      </trkpt>
      <trkpt lat="38.862276" lon="-2.205502">
        <ele>791.003</ele>
        <time>2025-12-26T10:52:59.501Z</time>
      </trkpt>
      <trkpt lat="38.862604" lon="-2.205548">
        <ele>791</ele>
        <time>2025-12-26T10:52:59.501Z</time>
      </trkpt>
      <trkpt lat="38.862812" lon="-2.205534">
        <ele>791.326</ele>
        <time>2025-12-26T10:52:59.501Z</time>
      </trkpt>
      <trkpt lat="38.863126" lon="-2.205472">
        <ele>790.992</ele>
        <time>2025-12-26T10:52:59.501Z</time>
      </trkpt>
      <trkpt lat="38.863859" lon="-2.205218">
        <ele>790.054</ele>
        <time>2025-12-26T10:52:59.501Z</time>
      </trkpt>
      <trkpt lat="38.864259" lon="-2.205098">
        <ele>789.247</ele>
        <time>2025-12-26T10:52:59.501Z</time>
      </trkpt>
      <trkpt lat="38.864312" lon="-2.205044">
        <ele>789.08</ele>
        <time>2025-12-26T10:52:59.501Z</time>
      </trkpt>
      <trkpt lat="38.864286" lon="-2.204732">
        <ele>789.938</ele>
        <time>2025-12-26T10:52:59.501Z</time>
      </trkpt>
      <trkpt lat="38.864298" lon="-2.203706">
        <ele>789.882</ele>
        <time>2025-12-26T10:52:59.501Z</time>
      </trkpt>
      <trkpt lat="38.864421" lon="-2.203582">
        <ele>789.709</ele>
        <time>2025-12-26T10:52:59.501Z</time>
      </trkpt>
      <trkpt lat="38.864485" lon="-2.202540">
        <ele>790.726</ele>
        <time>2025-12-26T10:52:59.501Z</time>
      </trkpt>
      <trkpt lat="38.864544" lon="-2.202478">
        <ele>791</ele>
        <time>2025-12-26T10:52:59.501Z</time>
      </trkpt>
      <trkpt lat="38.865802" lon="-2.202164">
        <ele>793.816</ele>
        <time>2025-12-26T10:52:59.501Z</time>
      </trkpt>
      <trkpt lat="38.867293" lon="-2.201696">
        <ele>791</ele>
        <time>2025-12-26T10:52:59.501Z</time>
      </trkpt>
      <trkpt lat="38.869068" lon="-2.201096">
        <ele>790.947</ele>
        <time>2025-12-26T10:52:59.501Z</time>
      </trkpt>
      <trkpt lat="38.870567" lon="-2.200644">
        <ele>794.572</ele>
        <time>2025-12-26T10:52:59.501Z</time>
      </trkpt>
      <trkpt lat="38.874804" lon="-2.199168">
        <ele>787.63</ele>
        <time>2025-12-26T10:52:59.501Z</time>
      </trkpt>
      <trkpt lat="38.875341" lon="-2.198892">
        <ele>787.039</ele>
        <time>2025-12-26T10:52:59.501Z</time>
      </trkpt>
      <trkpt lat="38.875848" lon="-2.198566">
        <ele>788.607</ele>
        <time>2025-12-26T10:52:59.501Z</time>
      </trkpt>
      <trkpt lat="38.876167" lon="-2.198214">
        <ele>789.453</ele>
        <time>2025-12-26T10:52:59.501Z</time>
      </trkpt>
      <trkpt lat="38.876488" lon="-2.197806">
        <ele>788.869</ele>
        <time>2025-12-26T10:52:59.501Z</time>
      </trkpt>
      <trkpt lat="38.876759" lon="-2.197378">
        <ele>788.21</ele>
        <time>2025-12-26T10:52:59.501Z</time>
      </trkpt>
      <trkpt lat="38.877009" lon="-2.196838">
        <ele>788.566</ele>
        <time>2025-12-26T10:52:59.501Z</time>
      </trkpt>
      <trkpt lat="38.877295" lon="-2.196040">
        <ele>788.43</ele>
        <time>2025-12-26T10:52:59.501Z</time>
      </trkpt>
      <trkpt lat="38.877682" lon="-2.194614">
        <ele>784.942</ele>
        <time>2025-12-26T10:52:59.501Z</time>
      </trkpt>
      <trkpt lat="38.878085" lon="-2.193420">
        <ele>785.384</ele>
        <time>2025-12-26T10:52:59.501Z</time>
      </trkpt>
      <trkpt lat="38.878281" lon="-2.192992">
        <ele>783.235</ele>
        <time>2025-12-26T10:52:59.501Z</time>
      </trkpt>
      <trkpt lat="38.878471" lon="-2.192652">
        <ele>785.628</ele>
        <time>2025-12-26T10:52:59.501Z</time>
      </trkpt>
      <trkpt lat="38.878936" lon="-2.191952">
        <ele>786</ele>
        <time>2025-12-26T10:52:59.501Z</time>
      </trkpt>
      <trkpt lat="38.879426" lon="-2.191242">
        <ele>786</ele>
        <time>2025-12-26T10:52:59.501Z</time>
      </trkpt>
      <trkpt lat="38.879807" lon="-2.190574">
        <ele>788.688</ele>
        <time>2025-12-26T10:52:59.501Z</time>
      </trkpt>
      <trkpt lat="38.880146" lon="-2.189832">
        <ele>785.714</ele>
        <time>2025-12-26T10:52:59.501Z</time>
      </trkpt>
      <trkpt lat="38.880288" lon="-2.189306">
        <ele>785.76</ele>
        <time>2025-12-26T10:52:59.501Z</time>
      </trkpt>
      <trkpt lat="38.880381" lon="-2.188732">
        <ele>787.777</ele>
        <time>2025-12-26T10:52:59.501Z</time>
      </trkpt>
      <trkpt lat="38.880723" lon="-2.186086">
        <ele>784.988</ele>
        <time>2025-12-26T10:52:59.501Z</time>
      </trkpt>
      <trkpt lat="38.880854" lon="-2.185518">
        <ele>783.999</ele>
        <time>2025-12-26T10:52:59.501Z</time>
      </trkpt>
      <trkpt lat="38.882353" lon="-2.180816">
        <ele>781.043</ele>
        <time>2025-12-26T10:52:59.501Z</time>
      </trkpt>
      <trkpt lat="38.882554" lon="-2.180168">
        <ele>780.849</ele>
        <time>2025-12-26T10:52:59.501Z</time>
      </trkpt>
      <trkpt lat="38.882643" lon="-2.179576">
        <ele>782.162</ele>
        <time>2025-12-26T10:52:59.501Z</time>
      </trkpt>
      <trkpt lat="38.882662" lon="-2.179104">
        <ele>782.031</ele>
        <time>2025-12-26T10:52:59.501Z</time>
      </trkpt>
      <trkpt lat="38.882672" lon="-2.178594">
        <ele>781</ele>
        <time>2025-12-26T10:52:59.501Z</time>
      </trkpt>
      <trkpt lat="38.882451" lon="-2.176462">
        <ele>782.35</ele>
        <time>2025-12-26T10:52:59.501Z</time>
      </trkpt>
      <trkpt lat="38.881987" lon="-2.172304">
        <ele>778.942</ele>
        <time>2025-12-26T10:52:59.501Z</time>
      </trkpt>
      <trkpt lat="38.881828" lon="-2.170696">
        <ele>777.314</ele>
        <time>2025-12-26T10:52:59.501Z</time>
      </trkpt>
      <trkpt lat="38.881803" lon="-2.169896">
        <ele>776.869</ele>
        <time>2025-12-26T10:52:59.501Z</time>
      </trkpt>
      <trkpt lat="38.881791" lon="-2.166452">
        <ele>777.017</ele>
        <time>2025-12-26T10:52:59.501Z</time>
      </trkpt>
      <trkpt lat="38.881795" lon="-2.166170">
        <ele>775.954</ele>
        <time>2025-12-26T10:52:59.501Z</time>
      </trkpt>
      <trkpt lat="38.881789" lon="-2.165948">
        <ele>775.911</ele>
        <time>2025-12-26T10:52:59.501Z</time>
      </trkpt>
      <trkpt lat="38.881345" lon="-2.164040">
        <ele>774</ele>
        <time>2025-12-26T10:52:59.501Z</time>
      </trkpt>
      <trkpt lat="38.881093" lon="-2.163056">
        <ele>773</ele>
        <time>2025-12-26T10:52:59.501Z</time>
      </trkpt>
      <trkpt lat="38.881016" lon="-2.162732">
        <ele>773</ele>
        <time>2025-12-26T10:52:59.501Z</time>
      </trkpt>
      <trkpt lat="38.880992" lon="-2.162644">
        <ele>773</ele>
        <time>2025-12-26T10:52:59.501Z</time>
      </trkpt>
      <trkpt lat="38.880997" lon="-2.162234">
        <ele>772.281</ele>
        <time>2025-12-26T10:52:59.501Z</time>
      </trkpt>
      <trkpt lat="38.880942" lon="-2.162174">
        <ele>772.844</ele>
        <time>2025-12-26T10:52:59.501Z</time>
      </trkpt>
      <trkpt lat="38.880871" lon="-2.161942">
        <ele>773</ele>
        <time>2025-12-26T10:52:59.501Z</time>
      </trkpt>
      <trkpt lat="38.880783" lon="-2.161726">
        <ele>773</ele>
        <time>2025-12-26T10:52:59.501Z</time>
      </trkpt>
      <trkpt lat="38.880664" lon="-2.161318">
        <ele>775</ele>
        <time>2025-12-26T10:52:59.501Z</time>
      </trkpt>
      <trkpt lat="38.880606" lon="-2.161012">
        <ele>773.841</ele>
        <time>2025-12-26T10:52:59.501Z</time>
      </trkpt>
      <trkpt lat="38.880592" lon="-2.160644">
        <ele>771</ele>
        <time>2025-12-26T10:52:59.501Z</time>
      </trkpt>
      <trkpt lat="38.880565" lon="-2.160380">
        <ele>770.046</ele>
        <time>2025-12-26T10:52:59.501Z</time>
      </trkpt>
      <trkpt lat="38.880462" lon="-2.160034">
        <ele>770</ele>
        <time>2025-12-26T10:52:59.501Z</time>
      </trkpt>
      <trkpt lat="38.880404" lon="-2.159758">
        <ele>768.986</ele>
        <time>2025-12-26T10:52:59.501Z</time>
      </trkpt>
      <trkpt lat="38.879982" lon="-2.158864">
        <ele>768.791</ele>
        <time>2025-12-26T10:52:59.501Z</time>
      </trkpt>
      <trkpt lat="38.879327" lon="-2.157384">
        <ele>767</ele>
        <time>2025-12-26T10:52:59.501Z</time>
      </trkpt>
      <trkpt lat="38.879167" lon="-2.157094">
        <ele>766.682</ele>
        <time>2025-12-26T10:52:59.501Z</time>
      </trkpt>
      <trkpt lat="38.878913" lon="-2.156536">
        <ele>765.051</ele>
        <time>2025-12-26T10:52:59.501Z</time>
      </trkpt>
      <trkpt lat="38.878709" lon="-2.156408">
        <ele>768</ele>
        <time>2025-12-26T10:52:59.501Z</time>
      </trkpt>
      <trkpt lat="38.878662" lon="-2.156284">
        <ele>768</ele>
        <time>2025-12-26T10:52:59.501Z</time>
      </trkpt>
      <trkpt lat="38.878575" lon="-2.156110">
        <ele>768</ele>
        <time>2025-12-26T10:52:59.501Z</time>
      </trkpt>
      <trkpt lat="38.878456" lon="-2.155742">
        <ele>768</ele>
        <time>2025-12-26T10:52:59.501Z</time>
      </trkpt>
      <trkpt lat="38.878457" lon="-2.155584">
        <ele>768</ele>
        <time>2025-12-26T10:52:59.501Z</time>
      </trkpt>
      <trkpt lat="38.878502" lon="-2.155394">
        <ele>768</ele>
        <time>2025-12-26T10:52:59.501Z</time>
      </trkpt>
      <trkpt lat="38.878382" lon="-2.155064">
        <ele>768</ele>
        <time>2025-12-26T10:52:59.501Z</time>
      </trkpt>
      <trkpt lat="38.878249" lon="-2.154758">
        <ele>768</ele>
        <time>2025-12-26T10:52:59.501Z</time>
      </trkpt>
      <trkpt lat="38.878093" lon="-2.154276">
        <ele>768.064</ele>
        <time>2025-12-26T10:52:59.501Z</time>
      </trkpt>
      <trkpt lat="38.877913" lon="-2.153856">
        <ele>768</ele>
        <time>2025-12-26T10:52:59.501Z</time>
      </trkpt>
      <trkpt lat="38.877861" lon="-2.153702">
        <ele>767.669</ele>
        <time>2025-12-26T10:52:59.501Z</time>
      </trkpt>
      <trkpt lat="38.877836" lon="-2.153552">
        <ele>767</ele>
        <time>2025-12-26T10:52:59.501Z</time>
      </trkpt>
      <trkpt lat="38.877843" lon="-2.153376">
        <ele>766.198</ele>
        <time>2025-12-26T10:52:59.501Z</time>
      </trkpt>
      <trkpt lat="38.877926" lon="-2.153192">
        <ele>766</ele>
        <time>2025-12-26T10:52:59.501Z</time>
      </trkpt>
      <trkpt lat="38.878023" lon="-2.153076">
        <ele>765</ele>
        <time>2025-12-26T10:52:59.501Z</time>
      </trkpt>
      <trkpt lat="38.878142" lon="-2.153024">
        <ele>765</ele>
        <time>2025-12-26T10:52:59.501Z</time>
      </trkpt>
      <trkpt lat="38.878300" lon="-2.153007">
        <ele>764</ele>
        <time>2025-12-26T10:52:59.501Z</time>
      </trkpt>
      <trkpt lat="38.878332" lon="-2.153004">
        <ele>764</ele>
        <time>2025-12-26T10:52:59.501Z</time>
      </trkpt>
      <trkpt lat="38.878303" lon="-2.152406">
        <ele>764</ele>
        <time>2025-12-26T10:52:59.501Z</time>
      </trkpt>
      <trkpt lat="38.878239" lon="-2.150778">
        <ele>763</ele>
        <time>2025-12-26T10:52:59.501Z</time>
      </trkpt>
      <trkpt lat="38.878229" lon="-2.150168">
        <ele>763</ele>
        <time>2025-12-26T10:52:59.501Z</time>
      </trkpt>
      <trkpt lat="38.878183" lon="-2.149976">
        <ele>763</ele>
        <time>2025-12-26T10:52:59.501Z</time>
      </trkpt>
      <trkpt lat="38.878174" lon="-2.149818">
        <ele>763</ele>
        <time>2025-12-26T10:52:59.501Z</time>
      </trkpt>
      <trkpt lat="38.878199" lon="-2.149628">
        <ele>762.404</ele>
        <time>2025-12-26T10:52:59.501Z</time>
      </trkpt>
      <trkpt lat="38.878239" lon="-2.149408">
        <ele>762</ele>
        <time>2025-12-26T10:52:59.501Z</time>
      </trkpt>
      <trkpt lat="38.878452" lon="-2.148694">
        <ele>762</ele>
        <time>2025-12-26T10:52:59.501Z</time>
      </trkpt>
      <trkpt lat="38.878445" lon="-2.148620">
        <ele>762</ele>
        <time>2025-12-26T10:52:59.501Z</time>
      </trkpt>
      <trkpt lat="38.878407" lon="-2.148564">
        <ele>762</ele>
        <time>2025-12-26T10:52:59.501Z</time>
      </trkpt>
      <trkpt lat="38.878325" lon="-2.148540">
        <ele>762</ele>
        <time>2025-12-26T10:52:59.501Z</time>
      </trkpt>
      <trkpt lat="38.878276" lon="-2.148572">
        <ele>762</ele>
        <time>2025-12-26T10:52:59.501Z</time>
      </trkpt>
      <trkpt lat="38.878161" lon="-2.148782">
        <ele>761.919</ele>
        <time>2025-12-26T10:52:59.501Z</time>
      </trkpt>
      <trkpt lat="38.878195" lon="-2.148510">
        <ele>761.75</ele>
        <time>2025-12-26T10:52:59.501Z</time>
      </trkpt>
      <trkpt lat="38.878194" lon="-2.148508">
        <ele>761.75</ele>
        <time>2025-12-26T10:52:59.501Z</time>
      </trkpt>
      <trkpt lat="38.878059" lon="-2.148088">
        <ele>761.055</ele>
        <time>2025-12-26T10:52:59.501Z</time>
      </trkpt>
      <trkpt lat="38.877923" lon="-2.147856">
        <ele>762</ele>
        <time>2025-12-26T10:52:59.501Z</time>
      </trkpt>
      <trkpt lat="38.877747" lon="-2.147604">
        <ele>761.14</ele>
        <time>2025-12-26T10:52:59.501Z</time>
      </trkpt>
      <trkpt lat="38.877762" lon="-2.147374">
        <ele>761.728</ele>
        <time>2025-12-26T10:52:59.501Z</time>
      </trkpt>
      <trkpt lat="38.877759" lon="-2.147238">
        <ele>761.825</ele>
        <time>2025-12-26T10:52:59.501Z</time>
      </trkpt>
      <trkpt lat="38.877691" lon="-2.147162">
        <ele>762</ele>
        <time>2025-12-26T10:52:59.501Z</time>
      </trkpt>
      <trkpt lat="38.876599" lon="-2.146448">
        <ele>762.88</ele>
        <time>2025-12-26T10:52:59.501Z</time>
      </trkpt>
      <trkpt lat="38.876242" lon="-2.146244">
        <ele>763.287</ele>
        <time>2025-12-26T10:52:59.501Z</time>
      </trkpt>
      <trkpt lat="38.875908" lon="-2.146016">
        <ele>763.293</ele>
        <time>2025-12-26T10:52:59.501Z</time>
      </trkpt>
      <trkpt lat="38.875825" lon="-2.145930">
        <ele>763</ele>
        <time>2025-12-26T10:52:59.501Z</time>
      </trkpt>
      <trkpt lat="38.875709" lon="-2.145328">
        <ele>764</ele>
        <time>2025-12-26T10:52:59.501Z</time>
      </trkpt>
      <trkpt lat="38.875336" lon="-2.142602">
        <ele>764.098</ele>
        <time>2025-12-26T10:52:59.501Z</time>
      </trkpt>
      <trkpt lat="38.875186" lon="-2.141402">
        <ele>764.727</ele>
        <time>2025-12-26T10:52:59.501Z</time>
      </trkpt>
      <trkpt lat="38.875051" lon="-2.140362">
        <ele>764</ele>
        <time>2025-12-26T10:52:59.501Z</time>
      </trkpt>
      <trkpt lat="38.874782" lon="-2.138694">
        <ele>765.109</ele>
        <time>2025-12-26T10:52:59.501Z</time>
      </trkpt>
      <trkpt lat="38.874901" lon="-2.138342">
        <ele>768.215</ele>
        <time>2025-12-26T10:52:59.501Z</time>
      </trkpt>
      <trkpt lat="38.874995" lon="-2.137690">
        <ele>769</ele>
        <time>2025-12-26T10:52:59.501Z</time>
      </trkpt>
      <trkpt lat="38.875117" lon="-2.137104">
        <ele>768</ele>
        <time>2025-12-26T10:52:59.501Z</time>
      </trkpt>
      <trkpt lat="38.875155" lon="-2.137040">
        <ele>768</ele>
        <time>2025-12-26T10:52:59.501Z</time>
      </trkpt>
      <trkpt lat="38.876117" lon="-2.133884">
        <ele>767</ele>
        <time>2025-12-26T10:52:59.501Z</time>
      </trkpt>
      <trkpt lat="38.877036" lon="-2.130942">
        <ele>765</ele>
        <time>2025-12-26T10:52:59.501Z</time>
      </trkpt>
      <trkpt lat="38.878588" lon="-2.125936">
        <ele>763</ele>
        <time>2025-12-26T10:52:59.501Z</time>
      </trkpt>
      <trkpt lat="38.878773" lon="-2.125836">
        <ele>762.863</ele>
        <time>2025-12-26T10:52:59.501Z</time>
      </trkpt>
      <trkpt lat="38.885328" lon="-2.122006">
        <ele>755.197</ele>
        <time>2025-12-26T10:52:59.501Z</time>
      </trkpt>
      <trkpt lat="38.885553" lon="-2.122196">
        <ele>755</ele>
        <time>2025-12-26T10:52:59.501Z</time>
      </trkpt>
      <trkpt lat="38.886776" lon="-2.122842">
        <ele>754.943</ele>
        <time>2025-12-26T10:52:59.501Z</time>
      </trkpt>
      <trkpt lat="38.886891" lon="-2.122452">
        <ele>754</ele>
        <time>2025-12-26T10:52:59.501Z</time>
      </trkpt>
      <trkpt lat="38.888288" lon="-2.120956">
        <ele>752.453</ele>
        <time>2025-12-26T10:52:59.501Z</time>
      </trkpt>
      <trkpt lat="38.890105" lon="-2.118970">
        <ele>750</ele>
        <time>2025-12-26T10:52:59.501Z</time>
      </trkpt>
      <trkpt lat="38.890438" lon="-2.118296">
        <ele>749.194</ele>
        <time>2025-12-26T10:52:59.501Z</time>
      </trkpt>
      <trkpt lat="38.890189" lon="-2.117678">
        <ele>749</ele>
        <time>2025-12-26T10:52:59.501Z</time>
      </trkpt>
      <trkpt lat="38.885379" lon="-2.112528">
        <ele>751</ele>
        <time>2025-12-26T10:52:59.501Z</time>
      </trkpt>
      <trkpt lat="38.883919" lon="-2.110968">
        <ele>751.879</ele>
        <time>2025-12-26T10:52:59.501Z</time>
      </trkpt>
      <trkpt lat="38.883446" lon="-2.110452">
        <ele>752</ele>
        <time>2025-12-26T10:52:59.501Z</time>
      </trkpt>
      <trkpt lat="38.886653" lon="-2.100126">
        <ele>744</ele>
        <time>2025-12-26T10:52:59.501Z</time>
      </trkpt>
      <trkpt lat="38.888742" lon="-2.093394">
        <ele>739</ele>
        <time>2025-12-26T10:52:59.501Z</time>
      </trkpt>
      <trkpt lat="38.896401" lon="-2.069022">
        <ele>723.336</ele>
        <time>2025-12-26T10:52:59.501Z</time>
      </trkpt>
      <trkpt lat="38.899011" lon="-2.060652">
        <ele>718</ele>
        <time>2025-12-26T10:52:59.501Z</time>
      </trkpt>
      <trkpt lat="38.904635" lon="-2.042750">
        <ele>708.939</ele>
        <time>2025-12-26T10:52:59.501Z</time>
      </trkpt>
      <trkpt lat="38.909864" lon="-2.026018">
        <ele>702.643</ele>
        <time>2025-12-26T10:52:59.501Z</time>
      </trkpt>
      <trkpt lat="38.910658" lon="-2.023426">
        <ele>701.105</ele>
        <time>2025-12-26T10:52:59.501Z</time>
      </trkpt>
      <trkpt lat="38.911496" lon="-2.020692">
        <ele>700.543</ele>
        <time>2025-12-26T10:52:59.501Z</time>
      </trkpt>
      <trkpt lat="38.912797" lon="-2.016644">
        <ele>699</ele>
        <time>2025-12-26T10:52:59.501Z</time>
      </trkpt>
      <trkpt lat="38.913226" lon="-2.015522">
        <ele>698.111</ele>
        <time>2025-12-26T10:52:59.501Z</time>
      </trkpt>
      <trkpt lat="38.913626" lon="-2.014772">
        <ele>698</ele>
        <time>2025-12-26T10:52:59.501Z</time>
      </trkpt>
      <trkpt lat="38.914794" lon="-2.013098">
        <ele>697.597</ele>
        <time>2025-12-26T10:52:59.501Z</time>
      </trkpt>
      <trkpt lat="38.916182" lon="-2.011424">
        <ele>697.347</ele>
        <time>2025-12-26T10:52:59.501Z</time>
      </trkpt>
      <trkpt lat="38.916319" lon="-2.011358">
        <ele>697</ele>
        <time>2025-12-26T10:52:59.501Z</time>
      </trkpt>
      <trkpt lat="38.919383" lon="-2.007756">
        <ele>696</ele>
        <time>2025-12-26T10:52:59.501Z</time>
      </trkpt>
      <trkpt lat="38.919482" lon="-2.007554">
        <ele>696.84</ele>
        <time>2025-12-26T10:52:59.501Z</time>
      </trkpt>
      <trkpt lat="38.919561" lon="-2.007302">
        <ele>697</ele>
        <time>2025-12-26T10:52:59.501Z</time>
      </trkpt>
      <trkpt lat="38.930216" lon="-1.994327">
        <ele>692.318</ele>
        <time>2025-12-26T10:52:59.501Z</time>
      </trkpt>
      <trkpt lat="38.930544" lon="-1.993928">
        <ele>692.997</ele>
        <time>2025-12-26T10:52:59.501Z</time>
      </trkpt>
      <trkpt lat="38.931275" lon="-1.993050">
        <ele>691.783</ele>
        <time>2025-12-26T10:52:59.501Z</time>
      </trkpt>
      <trkpt lat="38.934294" lon="-1.989358">
        <ele>691</ele>
        <time>2025-12-26T10:52:59.501Z</time>
      </trkpt>
      <trkpt lat="38.940786" lon="-1.981452">
        <ele>689</ele>
        <time>2025-12-26T10:52:59.501Z</time>
      </trkpt>
      <trkpt lat="38.941606" lon="-1.980482">
        <ele>688.229</ele>
        <time>2025-12-26T10:52:59.501Z</time>
      </trkpt>
      <trkpt lat="38.942214" lon="-1.979938">
        <ele>688.728</ele>
        <time>2025-12-26T10:52:59.501Z</time>
      </trkpt>
      <trkpt lat="38.942746" lon="-1.979552">
        <ele>689</ele>
        <time>2025-12-26T10:52:59.501Z</time>
      </trkpt>
      <trkpt lat="38.943268" lon="-1.979226">
        <ele>688</ele>
        <time>2025-12-26T10:52:59.501Z</time>
      </trkpt>
      <trkpt lat="38.944224" lon="-1.978808">
        <ele>688.167</ele>
        <time>2025-12-26T10:52:59.501Z</time>
      </trkpt>
      <trkpt lat="38.945035" lon="-1.978580">
        <ele>688.42</ele>
        <time>2025-12-26T10:52:59.501Z</time>
      </trkpt>
      <trkpt lat="38.945603" lon="-1.978496">
        <ele>688.049</ele>
        <time>2025-12-26T10:52:59.501Z</time>
      </trkpt>
      <trkpt lat="38.946202" lon="-1.978474">
        <ele>688.805</ele>
        <time>2025-12-26T10:52:59.501Z</time>
      </trkpt>
      <trkpt lat="38.950011" lon="-1.978822">
        <ele>689</ele>
        <time>2025-12-26T10:52:59.501Z</time>
      </trkpt>
      <trkpt lat="38.953241" lon="-1.979082">
        <ele>688</ele>
        <time>2025-12-26T10:52:59.501Z</time>
      </trkpt>
      <trkpt lat="38.954023" lon="-1.979126">
        <ele>688</ele>
        <time>2025-12-26T10:52:59.501Z</time>
      </trkpt>
      <trkpt lat="38.954583" lon="-1.979106">
        <ele>688</ele>
        <time>2025-12-26T10:52:59.501Z</time>
      </trkpt>
      <trkpt lat="38.955151" lon="-1.978992">
        <ele>688</ele>
        <time>2025-12-26T10:52:59.501Z</time>
      </trkpt>
      <trkpt lat="38.956388" lon="-1.978656">
        <ele>688</ele>
        <time>2025-12-26T10:52:59.501Z</time>
      </trkpt>
      <trkpt lat="38.957375" lon="-1.978210">
        <ele>688.71</ele>
        <time>2025-12-26T10:52:59.501Z</time>
      </trkpt>
      <trkpt lat="38.958173" lon="-1.977706">
        <ele>689.054</ele>
        <time>2025-12-26T10:52:59.501Z</time>
      </trkpt>
      <trkpt lat="38.958737" lon="-1.977324">
        <ele>687.878</ele>
        <time>2025-12-26T10:52:59.501Z</time>
      </trkpt>
      <trkpt lat="38.959093" lon="-1.977006">
        <ele>687.638</ele>
        <time>2025-12-26T10:52:59.501Z</time>
      </trkpt>
      <trkpt lat="38.959365" lon="-1.976760">
        <ele>688</ele>
        <time>2025-12-26T10:52:59.501Z</time>
      </trkpt>
      <trkpt lat="38.959669" lon="-1.976448">
        <ele>687.464</ele>
        <time>2025-12-26T10:52:59.501Z</time>
      </trkpt>
      <trkpt lat="38.960644" lon="-1.975298">
        <ele>687</ele>
        <time>2025-12-26T10:52:59.501Z</time>
      </trkpt>
      <trkpt lat="38.962922" lon="-1.972474">
        <ele>687</ele>
        <time>2025-12-26T10:52:59.501Z</time>
      </trkpt>
      <trkpt lat="38.967744" lon="-1.966618">
        <ele>686</ele>
        <time>2025-12-26T10:52:59.501Z</time>
      </trkpt>
      <trkpt lat="38.969333" lon="-1.964606">
        <ele>686</ele>
        <time>2025-12-26T10:52:59.501Z</time>
      </trkpt>
      <trkpt lat="38.973743" lon="-1.959196">
        <ele>684</ele>
        <time>2025-12-26T10:52:59.501Z</time>
      </trkpt>
      <trkpt lat="38.976789" lon="-1.955508">
        <ele>683.85</ele>
        <time>2025-12-26T10:52:59.501Z</time>
      </trkpt>
      <trkpt lat="38.978043" lon="-1.953926">
        <ele>682.695</ele>
        <time>2025-12-26T10:52:59.501Z</time>
      </trkpt>
      <trkpt lat="38.979038" lon="-1.952706">
        <ele>682.862</ele>
        <time>2025-12-26T10:52:59.501Z</time>
      </trkpt>
      <trkpt lat="38.979661" lon="-1.951942">
        <ele>682</ele>
        <time>2025-12-26T10:52:59.501Z</time>
      </trkpt>
      <trkpt lat="38.986261" lon="-1.943852">
        <ele>680.038</ele>
        <time>2025-12-26T10:52:59.501Z</time>
      </trkpt>
      <trkpt lat="38.987369" lon="-1.942448">
        <ele>681.046</ele>
        <time>2025-12-26T10:52:59.501Z</time>
      </trkpt>
      <trkpt lat="38.988117" lon="-1.941334">
        <ele>680.871</ele>
        <time>2025-12-26T10:52:59.501Z</time>
      </trkpt>
      <trkpt lat="38.988677" lon="-1.940134">
        <ele>679.819</ele>
        <time>2025-12-26T10:52:59.501Z</time>
      </trkpt>
      <trkpt lat="38.990788" lon="-1.934316">
        <ele>679</ele>
        <time>2025-12-26T10:52:59.501Z</time>
      </trkpt>
      <trkpt lat="38.990214" lon="-1.933493">
        <ele>678.551</ele>
        <time>2025-12-26T10:52:59.501Z</time>
      </trkpt>
      <trkpt lat="38.990204" lon="-1.933478">
        <ele>678.551</ele>
        <time>2025-12-26T10:52:59.501Z</time>
      </trkpt>
      <trkpt lat="38.984996" lon="-1.925372">
        <ele>678</ele>
        <time>2025-12-26T10:52:59.501Z</time>
      </trkpt>
      <trkpt lat="38.984197" lon="-1.924134">
        <ele>678</ele>
        <time>2025-12-26T10:52:59.501Z</time>
      </trkpt>
      <trkpt lat="38.983931" lon="-1.923702">
        <ele>677.758</ele>
        <time>2025-12-26T10:52:59.501Z</time>
      </trkpt>
      <trkpt lat="38.983829" lon="-1.923188">
        <ele>677.671</ele>
        <time>2025-12-26T10:52:59.501Z</time>
      </trkpt>
      <trkpt lat="38.983753" lon="-1.922696">
        <ele>678.942</ele>
        <time>2025-12-26T10:52:59.501Z</time>
      </trkpt>
      <trkpt lat="38.983773" lon="-1.922446">
        <ele>678.722</ele>
        <time>2025-12-26T10:52:59.501Z</time>
      </trkpt>
      <trkpt lat="38.983861" lon="-1.921962">
        <ele>678</ele>
        <time>2025-12-26T10:52:59.501Z</time>
      </trkpt>
      <trkpt lat="38.983962" lon="-1.921564">
        <ele>678.032</ele>
        <time>2025-12-26T10:52:59.501Z</time>
      </trkpt>
      <trkpt lat="38.983879" lon="-1.921498">
        <ele>678</ele>
        <time>2025-12-26T10:52:59.501Z</time>
      </trkpt>
      <trkpt lat="38.985349" lon="-1.918318">
        <ele>678</ele>
        <time>2025-12-26T10:52:59.501Z</time>
      </trkpt>
      <trkpt lat="38.987355" lon="-1.914010">
        <ele>678</ele>
        <time>2025-12-26T10:52:59.501Z</time>
      </trkpt>
      <trkpt lat="38.987583" lon="-1.913486">
        <ele>677</ele>
        <time>2025-12-26T10:52:59.501Z</time>
      </trkpt>
      <trkpt lat="38.988909" lon="-1.911928">
        <ele>677.57</ele>
        <time>2025-12-26T10:52:59.501Z</time>
      </trkpt>
      <trkpt lat="38.989025" lon="-1.912060">
        <ele>677.607</ele>
        <time>2025-12-26T10:52:59.501Z</time>
      </trkpt>
      <trkpt lat="38.989766" lon="-1.910652">
        <ele>677.353</ele>
        <time>2025-12-26T10:52:59.501Z</time>
      </trkpt>
      <trkpt lat="38.990743" lon="-1.908576">
        <ele>676.893</ele>
        <time>2025-12-26T10:52:59.501Z</time>
      </trkpt>
      <trkpt lat="38.992014" lon="-1.905948">
        <ele>676.878</ele>
        <time>2025-12-26T10:52:59.501Z</time>
      </trkpt>
      <trkpt lat="38.993078" lon="-1.903116">
        <ele>676.005</ele>
        <time>2025-12-26T10:52:59.501Z</time>
      </trkpt>
      <trkpt lat="38.993833" lon="-1.900376">
        <ele>676.138</ele>
        <time>2025-12-26T10:52:59.501Z</time>
      </trkpt>
      <trkpt lat="38.994367" lon="-1.898274">
        <ele>676.499</ele>
        <time>2025-12-26T10:52:59.501Z</time>
      </trkpt>
      <trkpt lat="38.995359" lon="-1.894358">
        <ele>675.574</ele>
        <time>2025-12-26T10:52:59.501Z</time>
      </trkpt>
      <trkpt lat="38.995637" lon="-1.893564">
        <ele>676.671</ele>
        <time>2025-12-26T10:52:59.501Z</time>
      </trkpt>
      <trkpt lat="38.996449" lon="-1.892578">
        <ele>675.985</ele>
        <time>2025-12-26T10:52:59.501Z</time>
      </trkpt>
      <trkpt lat="38.996788" lon="-1.891576">
        <ele>677</ele>
        <time>2025-12-26T10:52:59.501Z</time>
      </trkpt>
      <trkpt lat="38.996605" lon="-1.891460">
        <ele>677</ele>
        <time>2025-12-26T10:52:59.501Z</time>
      </trkpt>
      <trkpt lat="38.996614" lon="-1.891028">
        <ele>676</ele>
        <time>2025-12-26T10:52:59.501Z</time>
      </trkpt>
      <trkpt lat="38.996735" lon="-1.890400">
        <ele>676.243</ele>
        <time>2025-12-26T10:52:59.501Z</time>
      </trkpt>
      <trkpt lat="38.996887" lon="-1.889954">
        <ele>676.452</ele>
        <time>2025-12-26T10:52:59.501Z</time>
      </trkpt>
      <trkpt lat="38.996936" lon="-1.889532">
        <ele>676</ele>
        <time>2025-12-26T10:52:59.501Z</time>
      </trkpt>
      <trkpt lat="38.997159" lon="-1.889448">
        <ele>675.871</ele>
        <time>2025-12-26T10:52:59.501Z</time>
      </trkpt>
      <trkpt lat="39.000482" lon="-1.877584">
        <ele>675.991</ele>
        <time>2025-12-26T10:52:59.501Z</time>
      </trkpt>
      <trkpt lat="39.000472" lon="-1.877496">
        <ele>676</ele>
        <time>2025-12-26T10:52:59.501Z</time>
      </trkpt>
      <trkpt lat="39.000472" lon="-1.877494">
        <ele>676</ele>
        <time>2025-12-26T10:52:59.501Z</time>
      </trkpt>
      <trkpt lat="39.000411" lon="-1.877372">
        <ele>675.942</ele>
        <time>2025-12-26T10:52:59.501Z</time>
      </trkpt>
      <trkpt lat="39.000386" lon="-1.877212">
        <ele>676.107</ele>
        <time>2025-12-26T10:52:59.501Z</time>
      </trkpt>
      <trkpt lat="39.000389" lon="-1.877108">
        <ele>676.461</ele>
        <time>2025-12-26T10:52:59.501Z</time>
      </trkpt>
      <trkpt lat="39.000434" lon="-1.876908">
        <ele>676</ele>
        <time>2025-12-26T10:52:59.501Z</time>
      </trkpt>
      <trkpt lat="39.000492" lon="-1.876814">
        <ele>675.887</ele>
        <time>2025-12-26T10:52:59.501Z</time>
      </trkpt>
      <trkpt lat="39.000562" lon="-1.876754">
        <ele>676</ele>
        <time>2025-12-26T10:52:59.501Z</time>
      </trkpt>
      <trkpt lat="39.000689" lon="-1.876688">
        <ele>676</ele>
        <time>2025-12-26T10:52:59.501Z</time>
      </trkpt>
      <trkpt lat="39.000906" lon="-1.875832">
        <ele>676</ele>
        <time>2025-12-26T10:52:59.501Z</time>
      </trkpt>
      <trkpt lat="39.000917" lon="-1.875754">
        <ele>676</ele>
        <time>2025-12-26T10:52:59.501Z</time>
      </trkpt>
      <trkpt lat="39.000865" lon="-1.875650">
        <ele>676.322</ele>
        <time>2025-12-26T10:52:59.501Z</time>
      </trkpt>
      <trkpt lat="39.000993" lon="-1.875526">
        <ele>676</ele>
        <time>2025-12-26T10:52:59.501Z</time>
      </trkpt>
      <trkpt lat="39.002545" lon="-1.869180">
        <ele>676</ele>
        <time>2025-12-26T10:52:59.501Z</time>
      </trkpt>
      <trkpt lat="39.002704" lon="-1.868512">
        <ele>675.81</ele>
        <time>2025-12-26T10:52:59.501Z</time>
      </trkpt>
      <trkpt lat="39.002705" lon="-1.868510">
        <ele>675.81</ele>
        <time>2025-12-26T10:52:59.501Z</time>
      </trkpt>
      <trkpt lat="39.002795" lon="-1.868580">
        <ele>676</ele>
        <time>2025-12-26T10:52:59.501Z</time>
      </trkpt>
      <trkpt lat="39.003199" lon="-1.866918">
        <ele>676</ele>
        <time>2025-12-26T10:52:59.501Z</time>
      </trkpt>
      <trkpt lat="39.003262" lon="-1.866484">
        <ele>676</ele>
        <time>2025-12-26T10:52:59.501Z</time>
      </trkpt>
      <trkpt lat="39.003254" lon="-1.866447">
        <ele>676</ele>
        <time>2025-12-26T10:52:59.501Z</time>
      </trkpt>
      <trkpt lat="39.003205" lon="-1.866210">
        <ele>676</ele>
        <time>2025-12-26T10:52:59.501Z</time>
      </trkpt>
      <trkpt lat="39.003124" lon="-1.866138">
        <ele>676</ele>
        <time>2025-12-26T10:52:59.501Z</time>
      </trkpt>
      <trkpt lat="39.003016" lon="-1.865952">
        <ele>676</ele>
        <time>2025-12-26T10:52:59.501Z</time>
      </trkpt>
      <trkpt lat="39.002965" lon="-1.865770">
        <ele>676</ele>
        <time>2025-12-26T10:52:59.501Z</time>
      </trkpt>
      <trkpt lat="39.003158" lon="-1.865426">
        <ele>676</ele>
        <time>2025-12-26T10:52:59.501Z</time>
      </trkpt>
      <trkpt lat="39.003182" lon="-1.865264">
        <ele>676</ele>
        <time>2025-12-26T10:52:59.501Z</time>
      </trkpt>
      <trkpt lat="39.003182" lon="-1.865194">
        <ele>676</ele>
        <time>2025-12-26T10:52:59.501Z</time>
      </trkpt>
      <trkpt lat="39.003146" lon="-1.865082">
        <ele>676</ele>
        <time>2025-12-26T10:52:59.501Z</time>
      </trkpt>
      <trkpt lat="39.001961" lon="-1.863702">
        <ele>676</ele>
        <time>2025-12-26T10:52:59.501Z</time>
      </trkpt>
      <trkpt lat="39.000202" lon="-1.861564">
        <ele>676</ele>
        <time>2025-12-26T10:52:59.501Z</time>
      </trkpt>
      <trkpt lat="39.000053" lon="-1.861386">
        <ele>676</ele>
        <time>2025-12-26T10:52:59.501Z</time>
      </trkpt>
      <trkpt lat="38.999973" lon="-1.861336">
        <ele>676</ele>
        <time>2025-12-26T10:52:59.501Z</time>
      </trkpt>
      <trkpt lat="38.999731" lon="-1.861242">
        <ele>676</ele>
        <time>2025-12-26T10:52:59.501Z</time>
      </trkpt>
      <trkpt lat="38.999731" lon="-1.861242">
        <ele>676</ele>
        <time>2025-12-26T10:52:59.501Z</time>
      </trkpt>
      <trkpt lat="38.999743" lon="-1.861096">
        <ele>676</ele>
        <time>2025-12-26T10:52:59.501Z</time>
      </trkpt>
      <trkpt lat="38.999776" lon="-1.861042">
        <ele>676</ele>
        <time>2025-12-26T10:52:59.501Z</time>
      </trkpt>
      <trkpt lat="38.999808" lon="-1.860986">
        <ele>676</ele>
        <time>2025-12-26T10:52:59.501Z</time>
      </trkpt>
      <trkpt lat="38.999887" lon="-1.860914">
        <ele>676</ele>
        <time>2025-12-26T10:52:59.501Z</time>
      </trkpt>
      <trkpt lat="38.999869" lon="-1.860828">
        <ele>676</ele>
        <time>2025-12-26T10:52:59.501Z</time>
      </trkpt>
      <trkpt lat="38.999897" lon="-1.860674">
        <ele>676</ele>
        <time>2025-12-26T10:52:59.501Z</time>
      </trkpt>
      <trkpt lat="38.999955" lon="-1.860600">
        <ele>676</ele>
        <time>2025-12-26T10:52:59.501Z</time>
      </trkpt>
      <trkpt lat="38.999944" lon="-1.860458">
        <ele>676</ele>
        <time>2025-12-26T10:52:59.501Z</time>
      </trkpt>
      <trkpt lat="38.999951" lon="-1.860362">
        <ele>676</ele>
        <time>2025-12-26T10:52:59.501Z</time>
      </trkpt>
      <trkpt lat="39.000054" lon="-1.860358">
        <ele>676.009</ele>
        <time>2025-12-26T10:52:59.501Z</time>
      </trkpt>
      <trkpt lat="39.000036" lon="-1.859552">
        <ele>676</ele>
        <time>2025-12-26T10:52:59.501Z</time>
      </trkpt>
      <trkpt lat="38.999734" lon="-1.855448">
        <ele>676</ele>
        <time>2025-12-26T10:52:59.501Z</time>
      </trkpt>
      <trkpt lat="38.999576" lon="-1.854032">
        <ele>676</ele>
        <time>2025-12-26T10:52:59.501Z</time>
      </trkpt>
      <trkpt lat="38.999529" lon="-1.854028">
        <ele>676.387</ele>
        <time>2025-12-26T10:52:59.501Z</time>
      </trkpt>
      <trkpt lat="38.999469" lon="-1.854098">
        <ele>676</ele>
        <time>2025-12-26T10:52:59.501Z</time>
      </trkpt>
      <trkpt lat="38.999392" lon="-1.854104">
        <ele>676.333</ele>
        <time>2025-12-26T10:52:59.501Z</time>
      </trkpt>
      <trkpt lat="38.998539" lon="-1.853278">
        <ele>677</ele>
        <time>2025-12-26T10:52:59.501Z</time>
      </trkpt>
      <trkpt lat="38.998202" lon="-1.852994">
        <ele>677</ele>
        <time>2025-12-26T10:52:59.501Z</time>
      </trkpt>
      <trkpt lat="38.997718" lon="-1.852666">
        <ele>677.154</ele>
        <time>2025-12-26T10:52:59.501Z</time>
      </trkpt>
      <trkpt lat="38.997413" lon="-1.852496">
        <ele>677</ele>
        <time>2025-12-26T10:52:59.501Z</time>
      </trkpt>
      <trkpt lat="38.997317" lon="-1.852394">
        <ele>677</ele>
        <time>2025-12-26T10:52:59.501Z</time>
      </trkpt>
      <trkpt lat="38.997264" lon="-1.852288">
        <ele>677</ele>
        <time>2025-12-26T10:52:59.501Z</time>
      </trkpt>
      <trkpt lat="38.997218" lon="-1.852166">
        <ele>677</ele>
        <time>2025-12-26T10:52:59.501Z</time>
      </trkpt>
      <trkpt lat="38.997063" lon="-1.852020">
        <ele>677</ele>
        <time>2025-12-26T10:52:59.501Z</time>
      </trkpt>
      <trkpt lat="38.997220" lon="-1.851901">
        <ele>677</ele>
        <time>2025-12-26T10:52:59.501Z</time>
      </trkpt>
      <trkpt lat="38.997827" lon="-1.850793">
        <ele>677</ele>
        <time>2025-12-26T10:52:59.501Z</time>
      </trkpt>
      <trkpt lat="38.998288" lon="-1.850004">
        <ele>677</ele>
        <time>2025-12-26T10:52:59.501Z</time>
      </trkpt>
      <trkpt lat="38.998620" lon="-1.849409">
        <ele>677</ele>
        <time>2025-12-26T10:52:59.501Z</time>
      </trkpt>
      <trkpt lat="38.999084" lon="-1.848636">
        <ele>677</ele>
        <time>2025-12-26T10:52:59.501Z</time>
        <extensions>
          <visugpx:TrkExtension xmlns:visugpx="https://www.visugpx.com/editgpx/">
            <visugpx:node>3</visugpx:node>
          </visugpx:TrkExtension>
        </extensions>
      </trkpt>
    </trkseg>
  </trk>
</gpx>